date,decision_year,strategy,mvo,cdi,equity_sleeve,IBOVESPA,BOVA11
2015-01-05,2015,99.304614,98.822538,100.043455,98.015356,97.948961,98.011006
2015-01-06,2015,99.089874,98.905421,100.086929,97.321077,98.946652,98.561158
2015-01-07,2015,99.683076,100.528579,100.130422,98.935168,101.96034,101.883206
2015-01-08,2015,100.111512,99.715933,100.173933,100.078462,102.949786,102.644943
2015-01-09,2015,99.463218,98.348553,100.217464,98.145352,100.676121,100.571309
2015-01-12,2015,98.548872,100.430495,100.261013,95.452057,99.233179,99.090147
2015-01-13,2015,98.288643,98.98349,100.304582,94.627633,99.031168,98.688111
2015-01-14,2015,98.571613,97.689551,100.348169,95.355169,98.214875,98.349558
2015-01-15,2015,98.648924,98.040755,100.391775,95.495074,98.998186,99.449855
2015-01-16,2015,99.759303,100.035423,100.435401,98.58657,101.04098,100.719425
2015-01-19,2015,98.497885,98.637017,100.479045,94.901462,98.445745,97.98985
2015-01-20,2015,98.813657,98.623516,100.522708,95.722581,98.691046,98.434198
2015-01-21,2015,99.43847,99.26261,100.56639,97.426636,101.467678,101.163781
2015-01-22,2015,99.876381,99.247431,100.611948,98.593205,101.919113,101.819722
2015-01-23,2015,99.315671,99.421368,100.65749,96.906599,100.542134,100.08464
2015-01-26,2015,99.006243,99.718698,100.703052,95.937902,100.133987,99.851884
2015-01-27,2015,99.155953,99.31683,100.748636,96.280989,100.162846,100.16928
2015-01-28,2015,99.232466,99.645715,100.79424,96.414905,98.315881,98.03217
2015-01-29,2015,100.01302,100.22279,100.839864,98.560329,98.453991,98.137966
2015-01-30,2015,99.392392,100.211816,100.885509,96.702335,96.693602,96.50868
2015-02-02,2015,100.148002,100.737382,100.931175,98.776413,98.225181,97.90521
2015-02-03,2015,100.493288,102.325576,100.976898,99.678032,100.931728,100.804065
2015-02-04,2015,100.938693,100.706543,101.022641,100.865663,101.626402,101.079141
2015-02-05,2015,100.689553,100.638352,101.068406,100.068844,101.488292,101.311898
2015-02-06,2015,100.385109,100.880363,101.114191,99.113976,100.577177,100.08464
2015-02-09,2015,100.51172,102.25234,101.159996,99.390655,101.795432,101.39653
2015-02-10,2015,100.237995,102.119495,101.205823,98.523477,99.995877,99.788408
2015-02-11,2015,99.820473,101.517879,101.25167,97.245412,99.439314,99.344059
2015-02-12,2015,100.682062,103.008729,101.297538,99.621912,102.104634,101.840886
2015-02-13,2015,101.140481,102.866418,101.343427,100.846458,104.378298,104.506985
2015-02-18,2015,101.824061,105.012437,101.389337,102.714283,105.705805,105.607282
2015-02-19,2015,101.790421,106.076719,101.435267,102.532868,105.734664,105.374526
2015-02-20,2015,101.810947,106.170608,101.481218,102.506175,105.619228,105.459166
2015-02-23,2015,102.108562,106.54808,101.52719,103.271129,105.707866,105.374526
2015-02-24,2015,102.302614,106.14341,101.573183,103.740148,106.930244,106.665259
2015-02-25,2015,102.506979,106.902343,101.619197,104.238595,106.800379,106.559463
2015-02-26,2015,103.102034,107.491538,101.665231,105.853258,106.697312,106.453667
2015-02-27,2015,103.192006,105.966888,101.711287,106.02479,106.330392,105.818875
2015-03-02,2015,102.491188,105.444782,101.757363,103.936882,105.171916,104.930178
2015-03-03,2015,102.412666,105.873467,101.80346,103.626924,105.755277,105.43801
2015-03-04,2015,101.887785,105.106052,101.849578,102.041617,104.031992,103.82988
2015-03-05,2015,102.069779,104.836232,101.897552,102.472504,103.819673,103.575968
2015-03-06,2015,101.904322,104.324377,101.945549,101.910632,103.028117,102.729583
2015-03-09,2015,100.943243,104.005346,101.993568,99.075515,101.37904,101.036821
2015-03-10,2015,100.979146,102.665882,102.04161,99.088873,99.548565,99.344059
2015-03-11,2015,101.68734,103.781184,102.089675,101.023022,100.81217,100.550153
2015-03-12,2015,101.804816,103.8628,102.137762,101.269363,100.758575,100.402036
2015-03-13,2015,101.345433,102.860004,102.185872,99.867492,100.173153,99.894204
2015-03-16,2015,101.413229,102.304245,102.234005,99.971808,100.692612,100.25392
2015-03-17,2015,102.159268,102.325932,102.28216,102.013915,103.654766,103.512484
2015-03-18,2015,103.262078,103.837741,102.330338,105.075328,106.212896,106.009311
2015-03-19,2015,102.727476,105.079122,102.378539,103.458379,105.033806,104.845537
2015-03-20,2015,103.400977,104.871955,102.426762,105.293109,107.121949,106.474823
2015-03-23,2015,103.713052,103.536454,102.475044,106.095086,107.00033,106.70758
2015-03-24,2015,103.570361,103.84444,102.523349,105.597689,106.171669,105.882359
2015-03-25,2015,103.761047,105.58341,102.571676,106.052754,106.897263,106.411347
2015-03-26,2015,102.933357,105.08007,102.620026,103.598133,104.262863,103.91452
2015-03-27,2015,102.870922,105.759008,102.668399,103.329911,103.26311,102.962339
2015-03-30,2015,103.444449,107.420943,102.716759,104.878747,105.629535,105.416846
2015-03-31,2015,103.421928,107.868837,102.765142,104.724548,105.43783,104.739741
2015-04-01,2015,104.760429,107.327938,102.813547,108.458943,107.853727,107.49048
2015-04-02,2015,105.270143,110.333039,102.861976,109.82533,109.504865,108.97165
2015-04-06,2015,105.896117,111.06994,102.910427,111.523847,110.770531,110.241219
2015-04-07,2015,105.683969,111.062172,102.958901,110.827685,110.75404,110.45282
2015-04-08,2015,105.485699,111.76204,103.007397,110.171134,110.613869,110.49514
2015-04-09,2015,105.515394,111.260187,103.055917,110.165871,110.90658,110.600936
2015-04-10,2015,105.99498,111.337316,103.104459,111.445965,111.753793,111.405001
2015-04-13,2015,104.461254,111.578154,103.153025,106.973699,111.807388,111.320361
2015-04-14,2015,103.857385,114.268204,103.201613,105.158123,111.275561,111.151081
2015-04-15,2015,104.334258,113.314415,103.250224,106.43034,113.207042,112.67457
2015-04-16,2015,104.495868,113.153445,103.298858,106.801762,112.702012,112.209058
2015-04-17,2015,104.29564,112.224652,103.347515,106.139318,111.219904,110.981808
2015-04-20,2015,104.030319,112.61975,103.396195,105.290856,110.820003,110.53746
2015-04-22,2015,104.369643,112.459983,103.444897,106.169902,112.584515,112.209058
2015-04-23,2015,105.139061,112.77135,103.493623,108.277749,114.786032,114.346176
2015-04-24,2015,105.539542,113.566529,103.542372,109.331449,116.659796,116.33517
2015-04-27,2015,105.051847,113.107248,103.591179,107.847392,114.47683,114.176896
2015-04-28,2015,105.489819,111.708523,103.640046,109.007986,115.047823,114.684728
2015-04-29,2015,105.760513,113.921591,103.688937,109.690603,114.043948,113.584431
2015-04-30,2015,105.630837,117.213775,103.739637,109.22594,115.907404,115.573425
2015-05-04,2015,106.20597,118.323875,103.790363,110.774974,118.226418,118.133736
2015-05-05,2015,106.859551,118.55936,103.841186,112.547962,119.665237,119.382142
2015-05-06,2015,107.18892,119.65148,103.892034,113.394584,117.70902,117.287351
2015-05-07,2015,107.119881,120.496289,103.942907,113.102852,117.333856,117.054595
2015-05-08,2015,106.293337,122.491431,103.993804,110.646775,117.803842,117.435468
2015-05-11,2015,106.400719,123.491778,104.044727,110.859008,117.902787,117.477788
2015-05-12,2015,106.055435,121.345392,104.095675,109.777866,117.067942,116.758363
2015-05-13,2015,105.368427,121.546926,104.146647,107.720323,116.202177,115.890822
2015-05-14,2015,105.921747,122.655581,104.197645,109.206527,116.78966,116.525607
2015-05-15,2015,106.381495,125.330885,104.248667,110.425337,118.009977,117.625904
2015-05-18,2015,105.751258,125.440741,104.299714,108.529856,115.855871,115.298357
2015-05-19,2015,105.596482,123.706808,104.350787,107.992792,114.402622,114.11342
2015-05-20,2015,105.280475,124.062237,104.401884,106.995019,113.169937,112.865006
2015-05-21,2015,104.791164,125.398089,104.453007,105.502047,113.604881,113.309355
2015-05-22,2015,104.372297,124.182788,104.504154,104.210294,112.089792,111.997465
2015-05-25,2015,104.831399,126.22555,104.555327,105.426981,112.568024,112.145582
2015-05-26,2015,104.20108,123.89171,104.606525,103.530987,110.549967,110.53746
2015-05-27,2015,104.781667,123.447338,104.657747,105.09468,111.799142,111.405001
2015-05-28,2015,104.505056,122.73739,104.708995,104.209187,111.263193,110.854848
2015-05-29,2015,103.547837,120.663595,104.760268,101.379056,108.756596,108.654254
2015-06-01,2015,104.121477,121.910962,104.811566,102.92276,109.315221,108.88701
2015-06-02,2015,104.484871,122.547133,104.862889,103.865714,111.799142,111.341517
2015-06-03,2015,103.890517,122.899722,104.914237,102.0722,110.329403,110.114267
2015-06-05,2015,103.605915,123.642671,104.967484,101.160163,109.195663,108.696574
2015-06-08,2015,103.380601,123.457144,105.020758,100.41747,108.859664,108.442661
2015-06-09,2015,103.209865,123.030119,105.074059,99.830664,108.872032,108.654254
2015-06-10,2015,104.136015,122.548455,105.127388,102.37777,111.057058,110.770208
2015-06-11,2015,103.46078,122.756884,105.180743,100.34944,110.671586,110.198907
2015-06-12,2015,103.139334,123.709107,105.234125,99.331884,109.968668,109.458319
2015-06-15,2015,103.043488,124.775885,105.287535,98.958848,109.535785,109.246726
2015-06-16,2015,103.195745,125.348275,105.340971,99.29463,110.698384,110.4105
2015-06-17,2015,103.113969,125.286066,105.394435,98.961694,109.764594,109.267882
2015-06-18,2015,104.026732,126.062387,105.447926,101.470247,111.805327,111.320361
2015-06-19,2015,103.498568,125.752277,105.501444,99.861817,110.795267,110.49514
2015-06-22,2015,104.030675,128.20986,105.554989,101.282682,111.032322,110.664412
2015-06-23,2015,103.815918,128.775098,105.608561,100.569598,110.842678,110.579772
2015-06-24,2015,102.883108,128.239471,105.662161,97.804885,110.989034,110.558616
2015-06-25,2015,102.284419,128.420512,105.715788,95.994753,109.614116,109.310202
2015-06-26,2015,103.009379,129.964865,105.769442,97.966423,111.347708,110.833692
2015-06-29,2015,102.740248,126.356749,105.823123,97.097784,109.280178,108.992806
2015-06-30,2015,103.247082,130.221397,105.876831,98.446137,109.418288,108.88701
2015-07-01,2015,103.215877,131.745187,105.930567,98.257185,108.752474,108.421505
2015-07-02,2015,103.783026,134.263679,105.98433,99.777765,109.469822,109.01397
2015-07-03,2015,103.428138,135.679481,106.03812,98.663905,108.259812,107.680917
2015-07-06,2015,103.171675,135.12728,106.091938,97.831206,107.497114,107.173092
2015-07-07,2015,102.914261,138.361184,106.145782,96.995739,107.899077,107.342364
2015-07-08,2015,102.570278,134.755597,106.199655,95.912882,106.7406,106.263231
2015-07-10,2015,103.344161,133.505452,106.307481,97.923729,108.408229,107.913673
2015-07-13,2015,103.22756,134.325575,106.361435,97.49038,109.496619,108.97165
2015-07-14,2015,103.551375,134.931508,106.415417,98.315316,109.743981,109.394843
2015-07-15,2015,103.424183,136.349979,106.469426,97.851609,109.049307,108.675418
2015-07-16,2015,103.404501,136.10967,106.523462,97.695021,109.395613,109.01397
2015-07-17,2015,102.934929,134.402243,106.577526,96.252982,107.894954,107.40584
2015-07-20,2015,102.944506,134.2419,106.631617,96.179888,106.365435,106.030475
2015-07-21,2015,102.550768,137.203991,106.685736,94.954418,106.105706,105.649602
2015-07-22,2015,102.334862,137.300907,106.739882,94.236984,104.955475,104.443509
2015-07-23,2015,101.166415,133.223696,106.794056,90.797957,102.669443,102.073642
2015-07-24,2015,100.553959,133.731402,106.848257,88.947423,101.513028,101.100297
2015-07-27,2015,100.5835,132.052661,106.902486,88.931116,100.461741,100.190436
2015-07-28,2015,101.020169,131.59559,106.956742,90.077981,102.246867,101.946682
2015-07-29,2015,101.241258,133.069065,107.011026,90.60885,103.572312,103.13162
2015-07-30,2015,101.024131,133.051236,107.067165,89.884228,102.854964,102.475671
2015-07-31,2015,101.569715,136.141216,107.123333,91.338728,104.850346,104.464665
2015-08-03,2015,101.510208,134.135389,107.179531,91.06434,103.351748,103.025815
2015-08-04,2015,101.265998,134.322726,107.235759,90.262175,103.18684,102.814223
2015-08-05,2015,101.254682,134.580809,107.292016,90.125365,103.658889,103.216252
2015-08-06,2015,100.460748,133.079225,107.348302,87.752452,103.089957,102.708427
2015-08-07,2015,99.923267,131.974597,107.404618,86.112205,100.133987,99.555652
2015-08-10,2015,100.39544,134.554571,107.460964,87.356627,101.733592,101.311898
2015-08-11,2015,100.333342,133.526879,107.517339,87.074508,101.154354,101.883206
2015-08-12,2015,100.462423,130.489867,107.573744,87.33856,99.744393,99.322895
2015-08-13,2015,100.215962,131.077457,107.630178,86.529579,98.965204,98.413034
2015-08-14,2015,99.925236,129.707916,107.686642,85.594072,97.930409,97.545493
2015-08-17,2015,100.424559,129.75745,107.743135,86.915792,97.330557,97.058825
2015-08-18,2015,100.657026,129.943162,107.799658,87.475012,97.812912,97.418541
2015-08-19,2015,100.01893,126.405847,107.856211,85.546855,96.033971,95.535343
2015-08-20,2015,100.158323,124.665166,107.912794,85.84004,96.159713,95.577655
2015-08-21,2015,99.750985,123.35017,107.969406,84.571079,94.244723,93.736777
2015-08-24,2015,98.768774,120.967005,108.026048,81.659571,91.391821,90.774446
2015-08-25,2015,98.876968,118.29343,108.082719,81.86345,91.822642,91.112998
2015-08-26,2015,99.487637,126.056661,108.13942,83.502916,94.900231,94.498522
2015-08-27,2015,100.22447,125.577247,108.196151,85.502794,98.357108,97.968686
2015-08-28,2015,99.602201,127.331457,108.252912,83.619471,97.200693,96.910709
2015-08-31,2015,98.835559,126.523037,108.309703,81.323596,96.112302,95.937371
2015-09-01,2015,98.359294,124.358681,108.366523,79.857316,93.743816,93.461701
2015-09-02,2015,98.654474,124.453022,108.423373,80.595107,95.778364,95.408383
2015-09-03,2015,99.263308,127.328753,108.480253,82.228999,97.637698,96.953029
2015-09-04,2015,98.548663,125.558133,108.537163,80.081468,95.84845,95.429539
2015-09-08,2015,98.182786,125.533723,108.594103,78.930358,96.392645,95.937371
2015-09-09,2015,98.365516,124.738974,108.651072,79.346646,96.176204,96.699116
2015-09-10,2015,97.975596,126.355527,108.708072,78.126732,95.860818,95.493023
2015-09-11,2015,98.114808,126.345325,108.765101,78.418568,95.648499,94.964034
2015-09-14,2015,98.66339,128.299978,108.82216,79.879977,97.464545,97.545493
2015-09-15,2015,98.887961,130.736073,108.87925,80.415586,97.633575,97.122309
2015-09-16,2015,99.649399,133.155943,108.936369,82.485046,100.084515,99.640292
2015-09-17,2015,99.748863,132.24717,108.993518,82.663093,100.080392,99.703768
2015-09-18,2015,98.839588,129.29324,109.050697,79.958976,97.427441,96.889553
2015-09-21,2015,98.819984,127.252884,109.107906,79.79672,96.038094,95.662295
2015-09-22,2015,98.802147,127.987642,109.165145,79.639455,95.368156,95.090987
2015-09-23,2015,98.506974,126.964943,109.222414,78.689745,93.461412,92.869236
2015-09-24,2015,98.389553,126.956531,109.279713,78.247846,93.362467,93.101992
2015-09-25,2015,98.253312,125.270798,109.337043,77.752115,92.412187,92.80576
2015-09-28,2015,97.756758,124.637977,109.394402,76.226866,90.610571,90.457049
2015-09-29,2015,98.203881,124.324612,109.451791,77.39778,90.971306,90.880242
2015-09-30,2015,98.749715,125.554886,109.509211,78.850669,92.882173,91.895899
2015-10-01,2015,98.863874,126.830528,109.56666,79.070147,93.405755,93.165468
2015-10-02,2015,100.047175,129.757979,109.62414,82.344257,96.95127,96.191284
2015-10-05,2015,100.337595,128.93698,109.68165,83.067226,98.11593,97.608977
2015-10-06,2015,100.701751,129.010288,109.73919,84.000811,98.398334,97.735929
2015-10-07,2015,101.114529,131.792689,109.79676,85.073261,100.828661,100.507833
2015-10-08,2015,101.186394,132.032164,109.854361,85.171616,101.226501,100.698269
2015-10-09,2015,101.4053,130.54275,109.911992,85.690034,101.702672,101.121461
2015-10-13,2015,100.492008,129.127746,109.969653,82.973544,97.631514,97.185785
2015-10-14,2015,100.076971,127.075416,110.027344,81.680583,96.285455,95.852731
2015-10-15,2015,100.322138,128.102786,110.085065,82.273863,97.215122,96.889553
2015-10-16,2015,100.322571,129.162811,110.142817,82.167848,97.369723,97.016505
2015-10-19,2015,100.712584,129.046865,110.200599,83.174861,97.804667,97.333901
2015-10-20,2015,100.677157,130.647719,110.258411,82.966274,97.041969,96.38172
2015-10-21,2015,100.689797,130.77712,110.316254,82.894967,96.93684,96.402884
2015-10-22,2015,101.279854,134.358922,110.374166,84.473294,98.474604,97.968686
2015-10-23,2015,100.875388,133.055351,110.432108,83.210069,98.113869,97.249261
2015-10-26,2015,100.822906,131.62941,110.49008,82.952458,97.314067,96.868389
2015-10-27,2015,100.821773,131.774279,110.548083,82.841502,96.971883,96.38172
2015-10-28,2015,100.421073,131.779815,110.606116,81.58887,96.349357,97.460861
2015-10-29,2015,99.939733,126.351581,110.66418,80.105779,94.055079,93.482865
2015-10-30,2015,100.002918,125.373376,110.722274,80.178417,94.551863,93.948377
2015-11-03,2015,101.485353,127.966849,110.780399,84.306002,99.055904,98.666955
2015-11-04,2015,101.548798,128.073044,110.838554,84.379268,98.346801,97.714773
2015-11-05,2015,102.052402,129.667756,110.89674,85.710079,99.041474,98.286082
2015-11-06,2015,101.297102,128.542533,110.954956,83.443962,96.716276,96.3394
2015-11-09,2015,100.817294,126.335621,111.013203,81.96491,95.223862,94.710114
2015-11-10,2015,100.994295,124.679814,111.071481,82.362398,95.190881,95.069831
2015-11-11,2015,101.538804,126.90554,111.129789,83.80985,97.017233,96.868389
2015-11-12,2015,101.445512,126.406601,111.188128,83.434958,96.644129,95.916215
2015-11-13,2015,101.085055,127.913981,111.246497,82.296681,95.887615,95.683459
2015-11-16,2015,101.267101,128.755678,111.304897,82.708355,96.567859,96.148964
2015-11-17,2015,101.509679,130.58646,111.363328,83.292923,97.394459,97.101145
2015-11-18,2015,101.472429,129.737069,111.421789,83.077921,97.781992,97.503181
2015-11-19,2015,102.081951,130.315257,111.480281,84.710785,99.231118,98.815071
2015-11-23,2015,102.171886,130.609399,111.597357,84.750316,99.253793,98.307238
2015-11-24,2015,102.192976,131.391146,111.655941,84.701772,99.530013,99.005507
2015-11-25,2015,101.293792,131.104357,111.714556,82.023819,96.609086,96.085488
2015-11-26,2015,101.74357,131.124408,111.773202,83.199988,97.184202,96.59332
2015-11-27,2015,100.958173,126.978603,111.831878,80.847025,94.560109,94.350406
2015-11-30,2015,100.21793,125.599612,111.890585,78.623016,93.007916,92.467208
2015-12-01,2015,99.963974,127.267893,111.949323,77.788343,92.857437,92.107491
2015-12-02,2015,99.992171,125.837906,112.008092,77.759763,92.58534,91.959375
2015-12-03,2015,101.028179,126.495917,112.066892,80.610587,95.632009,95.154471
2015-12-04,2015,100.700484,124.679687,112.125723,79.565059,93.5047,93.313585
2015-12-07,2015,100.692663,126.735388,112.184584,79.4334,93.220234,92.996196
2015-12-08,2015,100.387889,124.696343,112.243477,78.453245,91.612385,91.091834
2015-12-09,2015,101.777726,127.968025,112.3024,82.314777,95.044525,94.477366
2015-12-10,2015,101.389877,125.923403,112.361354,81.097153,94.061263,93.779097
2015-12-11,2015,101.281927,125.577571,112.42034,80.679178,93.302688,92.932712
2015-12-14,2015,100.585352,123.763011,112.479356,78.579362,92.239034,91.895899
2015-12-15,2015,100.868912,121.669692,112.538403,79.279876,92.496702,92.044015
2015-12-16,2015,101.187705,121.048235,112.597481,80.080997,92.793536,92.551848
2015-12-17,2015,101.467619,123.405413,112.65659,80.770976,93.298565,92.551848
2015-12-18,2015,100.287104,118.4348,112.71573,77.288246,90.515749,90.097341
2015-12-21,2015,100.122744,117.927966,112.774902,76.708757,89.050132,88.764287
2015-12-22,2015,99.794054,118.135166,112.834104,75.659694,89.606695,89.356752
2015-12-23,2015,100.143406,119.962563,112.893337,76.547839,90.730129,90.457049
2015-12-28,2015,100.173915,120.523162,113.011897,76.414823,90.212731,89.928061
2015-12-29,2015,100.110694,119.558446,113.071224,76.124015,89.985983,89.758781
2015-12-30,2015,99.936064,118.87122,113.130582,75.514835,89.359334,89.14516
2016-01-05,2016,98.907962,121.427909,113.189971,73.315297,89.948829,89.318683
2016-01-06,2016,98.202565,121.890311,113.249391,71.718723,88.578996,87.843774
2016-01-07,2016,97.207137,121.261769,113.308843,69.495948,86.293114,85.609725
2016-01-08,2016,96.740114,121.59385,113.368325,68.413932,86.117113,85.327755
2016-01-11,2016,96.420633,121.566374,113.427839,67.650414,84.713353,83.982989
2016-01-12,2016,96.926649,122.167986,113.487384,68.66906,83.788821,83.245534
2016-01-13,2016,95.884623,121.815511,113.54696,66.345527,82.580145,81.879073
2016-01-14,2016,95.936143,121.928713,113.606568,66.382864,83.759135,83.006945
2016-01-15,2016,94.987101,121.793083,113.666207,64.260002,81.784964,81.293447
2016-01-18,2016,94.906459,120.772696,113.725877,64.01193,80.444817,79.710091
2016-01-19,2016,94.873967,121.198382,113.785579,63.867773,80.699276,79.926986
2016-01-20,2016,93.792281,120.033177,113.845312,61.458422,79.825636,79.167846
2016-01-21,2016,93.412177,121.03261,113.905036,60.563761,79.978311,79.384741
2016-01-22,2016,93.88978,122.578749,113.964792,61.520806,80.644143,79.948681
2016-01-26,2016,93.383871,122.223764,114.084397,60.280306,79.511804,79.059398
2016-01-27,2016,94.698166,123.249859,114.144247,63.043607,81.37571,81.293447
2016-01-28,2016,95.366771,124.115895,114.204128,64.412858,81.914313,81.119933
2016-01-29,2016,97.561986,127.201803,114.264041,69.077941,85.680294,85.002405
2016-02-01,2016,99.554943,128.09587,114.323985,73.30632,86.028053,85.240994
2016-02-02,2016,96.974619,127.522684,114.38396,67.661189,81.842217,81.380208
2016-02-03,2016,97.466571,128.876055,114.443967,68.648899,83.947858,83.288915
2016-02-04,2016,98.201195,129.442327,114.504006,70.160488,86.562415,85.935068
2016-02-05,2016,98.532978,128.871456,114.564076,70.802324,86.074704,85.349441
2016-02-10,2016,98.832096,129.623199,114.624177,71.3736,85.618799,84.937338
2016-02-11,2016,97.375091,128.507802,114.68431,68.153459,83.373206,82.855117
2016-02-12,2016,98.114299,128.165714,114.744475,69.674786,84.412244,84.004675
2016-02-15,2016,98.036508,128.334123,114.804671,69.432218,85.016582,84.698748
2016-02-16,2016,99.905664,129.633133,114.864899,73.392966,86.829596,86.195351
2016-02-17,2016,99.816451,130.133157,114.925158,73.12566,88.277887,87.409976
2016-02-18,2016,99.980355,130.898874,114.985449,73.404781,87.953453,87.193081
2016-02-19,2016,99.721009,131.824959,115.045771,72.770088,88.091284,87.301529
2016-02-22,2016,100.937129,132.337288,115.106125,75.320808,91.679144,91.010486
2016-02-23,2016,99.790601,131.655482,115.166511,72.770659,90.165118,89.600653
2016-02-24,2016,99.764802,131.607006,115.226929,72.640064,89.240587,88.66799
2016-02-25,2016,100.526344,131.52203,115.287378,74.209256,88.822851,88.060669
2016-02-26,2016,99.422177,131.804443,115.347859,71.750443,88.197309,87.301529
2016-02-29,2016,100.6668,133.122144,115.408372,74.362504,90.74401,89.904309
2016-03-01,2016,102.344456,133.621571,115.468916,77.909421,93.560014,92.723984
2016-03-02,2016,103.123515,134.233783,115.529492,79.516277,95.194907,94.35072
2016-03-03,2016,105.82008,134.524706,115.5901,85.262885,100.072021,99.122483
2016-03-04,2016,107.091927,134.535279,115.65074,87.933563,104.083978,99.122483
2016-03-07,2016,106.412321,134.682943,115.711411,86.391118,104.425376,103.612275
2016-03-08,2016,107.472461,135.482067,115.772115,88.604655,104.120026,103.460447
2016-03-09,2016,108.011257,135.433661,115.83285,89.692595,103.193374,102.484403
2016-03-10,2016,109.189825,136.99182,115.893617,92.161733,105.114533,105.412526
2016-03-11,2016,110.335671,136.68159,115.954416,94.560184,105.258726,105.108869
2016-03-14,2016,109.486059,135.595482,116.015247,92.650508,103.621712,102.224128
2016-03-15,2016,107.212751,134.37973,116.076109,87.667109,99.938431,99.252616
2016-03-16,2016,107.908676,134.767265,116.137004,89.094086,101.280697,100.423868
2016-03-17,2016,111.168053,137.122715,116.197931,96.055381,107.962344,107.47306
2016-03-18,2016,110.787938,138.654001,116.258889,95.159166,107.752416,106.71392
2016-03-21,2016,112.589907,140.387894,116.31988,98.973914,108.509429,107.820097
2016-03-22,2016,112.1761,140.407842,116.380903,98.004881,108.16591,107.516441
2016-03-23,2016,111.45901,141.041736,116.441957,96.381035,105.366871,104.544938
2016-03-24,2016,111.707825,140.340026,116.503044,96.842487,105.296895,104.935355
2016-03-28,2016,112.859875,141.683688,116.564162,99.253936,107.801187,107.364613
2016-03-29,2016,113.488417,140.833933,116.625313,100.535121,108.473381,107.689963
2016-03-30,2016,113.803413,141.267834,116.686496,101.139336,108.672706,107.75503
2016-03-31,2016,112.412564,140.525667,116.747711,98.060681,106.140848,105.499287
2016-04-01,2016,113.782158,140.905181,116.808958,100.941638,107.215933,106.540397
2016-04-04,2016,111.628745,139.026217,116.870237,96.21657,103.43723,102.657926
2016-04-05,2016,111.454654,137.988468,116.931548,95.764712,104.018243,102.722992
2016-04-06,2016,110.577694,137.668587,116.992892,93.795357,101.986819,101.55174
2016-04-07,2016,110.296085,140.120872,117.054267,93.111293,102.871061,102.050605
2016-04-08,2016,112.053638,141.743349,117.115675,96.829634,106.645523,102.050605
2016-04-11,2016,113.008772,140.92887,117.177115,98.815553,106.374101,105.412526
2016-04-12,2016,114.558482,141.625812,117.238588,102.085093,110.269431,109.642042
2016-04-13,2016,115.197924,141.124991,117.300092,103.389368,112.703747,111.724263
2016-04-14,2016,114.646028,141.120489,117.361629,102.121572,111.136709,110.401191
2016-04-15,2016,115.226048,143.669453,117.423198,103.297481,112.869145,112.158061
2016-04-18,2016,114.35669,142.507426,117.484799,101.344217,112.160903,111.051884
2016-04-19,2016,114.939693,144.066841,117.546433,102.526488,113.891218,113.307627
2016-04-20,2016,114.463281,142.599158,117.608099,101.421494,113.7237,112.67862
2016-04-22,2016,112.908052,142.101266,117.669797,97.987354,112.19059,111.268779
2016-04-25,2016,112.374306,141.9326,117.731528,96.7585,109.972563,109.208244
2016-04-26,2016,112.748343,142.267728,117.793291,97.489462,112.561675,111.745958
2016-04-27,2016,113.651487,144.551243,117.855087,99.362696,115.51975,114.67408
2016-04-28,2016,113.842917,144.717828,117.916915,99.69934,115.16775,114.67408
2016-04-29,2016,112.846781,144.794092,117.978775,97.472049,114.317436,113.112419
2016-05-02,2016,112.473489,144.644155,118.040668,96.589406,113.577387,112.63524
2016-05-03,2016,111.394647,143.480261,118.102593,94.183478,110.816516,110.184288
2016-05-04,2016,112.513733,143.643942,118.164551,96.52272,111.437818,110.661466
2016-05-05,2016,111.319346,143.033085,118.226542,93.867255,109.567551,109.164872
2016-05-06,2016,111.721097,143.577488,118.288564,94.657729,109.667213,109.121491
2016-05-09,2016,111.80299,144.36312,118.35062,94.757604,108.123501,107.407993
2016-05-10,2016,113.934447,145.425225,118.412708,99.28234,112.536229,111.876099
2016-05-11,2016,114.169796,145.964299,118.474828,99.713438,111.88524,111.116951
2016-05-12,2016,115.421082,148.135872,118.536981,102.337851,112.896711,111.594129
2016-05-13,2016,114.493558,147.96144,118.599167,100.258288,109.849575,108.926282
2016-05-16,2016,114.231055,148.551064,118.661385,99.61443,109.847454,108.687693
2016-05-17,2016,112.666696,147.319053,118.723636,96.159892,107.803307,107.104337
2016-05-18,2016,113.061634,146.061699,118.78592,96.935333,107.215933,107.104337
2016-05-19,2016,112.512085,144.544566,118.848236,95.671636,106.306245,106.063227
2016-05-20,2016,112.56101,146.399205,118.910585,95.69997,105.436847,104.718452
2016-05-23,2016,111.558302,147.309601,118.972967,93.457845,104.603497,103.503827
2016-05-24,2016,111.902004,146.999263,119.035381,94.122509,104.635304,103.785789
2016-05-25,2016,111.555139,146.355422,119.097828,93.296233,104.927931,103.959312
2016-05-27,2016,111.757079,146.292488,119.160308,93.654758,104.011881,103.243543
2016-05-30,2016,111.675269,146.987083,119.222821,93.400642,103.827399,103.048335
2016-05-31,2016,111.91531,148.352487,119.285366,93.841343,102.784121,101.985538
2016-06-01,2016,112.092346,150.396023,119.347945,94.14598,103.931303,102.983268
2016-06-02,2016,111.967214,150.731828,119.410556,93.79821,105.784606,104.978736
2016-06-03,2016,112.710415,151.991128,119.4732,95.325086,107.336801,106.497017
2016-06-06,2016,112.737682,152.122499,119.535877,95.306257,106.94027,105.954771
2016-06-07,2016,112.37616,151.692039,119.598586,94.448012,107.059017,106.171674
2016-06-08,2016,113.997343,152.483303,119.661329,97.870282,109.47849,108.991349
2016-06-09,2016,114.122323,152.70442,119.724104,98.062288,108.394923,107.71165
2016-06-10,2016,112.577361,151.752939,119.786913,94.648936,104.798581,103.980998
2016-06-13,2016,112.63896,152.360559,119.849754,94.704023,105.305377,104.328035
2016-06-14,2016,112.115989,150.336341,119.912629,93.497015,103.157326,102.159052
2016-06-15,2016,112.304528,151.351887,119.975536,93.826078,103.723495,102.809754
2016-06-16,2016,112.592932,152.189212,120.038476,94.370703,104.777376,104.11114
2016-06-17,2016,112.544603,151.474036,120.10145,94.188299,105.036075,104.15452
2016-06-20,2016,113.414308,153.367009,120.164456,95.987841,106.72186,105.586048
2016-06-21,2016,114.73058,154.196127,120.227496,98.751454,107.801187,107.039262
2016-06-22,2016,115.109736,153.119553,120.290568,99.491844,106.355017,105.347459
2016-06-23,2016,116.758363,153.027651,120.353674,102.972916,109.332177,108.687693
2016-06-24,2016,115.406092,151.830182,120.416813,99.975163,106.246872,105.347459
2016-06-27,2016,114.646902,152.728264,120.479984,98.257801,104.425376,103.785789
2016-06-28,2016,116.879425,153.610408,120.543189,102.99935,106.039064,105.520981
2016-06-29,2016,118.236945,155.204152,120.606428,105.851769,108.148946,107.386299
2016-06-30,2016,119.182672,156.573278,120.669699,107.815111,109.262201,108.232209
2016-07-01,2016,119.716685,155.953189,120.733003,108.889542,110.759263,109.989079
2016-07-04,2016,120.017046,156.126522,120.796341,109.459487,111.471746,110.639772
2016-07-05,2016,120.350686,156.663487,120.859712,110.101242,109.930153,108.991349
2016-07-06,2016,119.577698,155.811426,120.923116,108.353803,110.057382,109.3167
2016-07-07,2016,119.984572,155.108937,120.986554,109.153582,110.296997,109.3167
2016-07-08,2016,121.121533,156.447809,121.050025,111.52954,112.684663,111.811024
2016-07-11,2016,122.609639,157.577246,121.113529,114.66356,114.421339,113.437761
2016-07-12,2016,122.741911,158.392776,121.177066,114.870363,115.049003,114.001701
2016-07-13,2016,123.38577,158.479216,121.240637,116.181616,115.774208,114.760841
2016-07-14,2016,124.333579,158.198088,121.304241,118.149039,117.646596,116.27913
2016-07-15,2016,123.981437,157.526658,121.367878,117.309894,117.852283,117.016585
2016-07-18,2016,125.516884,158.518089,121.431549,120.545915,119.773442,119.033739
2016-07-19,2016,126.866583,159.505602,121.495253,123.380872,120.227226,119.402462
2016-07-20,2016,127.987373,158.858568,121.558991,125.721587,119.972768,119.228947
2016-07-21,2016,128.366663,159.080883,121.622762,126.461401,120.106358,119.142186
2016-07-22,2016,128.77759,159.852062,121.686566,127.269475,120.871853,119.402462
2016-07-25,2016,128.851221,160.539454,121.750404,127.349304,120.59831,119.510909
2016-07-26,2016,128.795433,159.531464,121.814276,127.149682,120.407467,119.510909
2016-07-27,2016,128.377162,158.947149,121.878181,126.167438,120.555901,119.402462
2016-07-28,2016,127.665994,161.212496,121.942119,124.552803,120.161491,119.294014
2016-07-29,2016,129.023356,163.149766,122.006091,127.403972,121.520721,120.768923
2016-08-01,2016,129.179613,162.503008,122.070097,127.66198,120.350214,119.380775
2016-08-02,2016,128.856739,161.374355,122.134136,126.885525,119.090646,117.992628
2016-08-03,2016,129.186407,161.80598,122.198209,127.517834,121.030889,119.923021
2016-08-04,2016,130.249651,162.210944,122.262315,129.733852,122.12718,121.072579
2016-08-05,2016,129.981358,162.601209,122.326456,129.075111,122.269252,121.072579
2016-08-08,2016,129.540691,161.745458,122.390629,128.044182,122.21412,121.181026
2016-08-09,2016,128.796488,160.441865,122.454837,126.357892,122.328626,121.311168
2016-08-10,2016,129.41289,159.029383,122.519078,127.609035,120.697973,119.575984
2016-08-11,2016,129.937833,159.44652,122.583352,128.662683,123.624242,122.525801
2016-08-12,2016,130.383664,158.667361,122.647661,129.545487,123.620001,122.569173
2016-08-15,2016,131.143169,158.028568,122.712003,131.105457,125.418172,124.152538
2016-08-16,2016,131.667938,156.36301,122.776379,132.158603,124.801111,124.152538
2016-08-17,2016,131.203798,157.975346,122.840789,131.076702,125.795618,124.673089
2016-08-18,2016,130.651853,157.742772,122.905232,129.805195,125.460581,124.369433
2016-08-19,2016,131.079075,158.316205,122.969709,130.647616,125.318509,124.391119
2016-08-22,2016,129.311608,156.68197,123.034221,126.751779,122.52371,121.571444
2016-08-23,2016,128.319031,155.953816,123.098766,124.528843,123.030506,121.462996
2016-08-24,2016,127.891455,155.055318,123.163344,123.525674,122.39012,121.246101
2016-08-25,2016,128.140091,156.883601,123.227957,123.98237,122.398602,121.593138
2016-08-26,2016,127.649982,156.086192,123.292604,122.844112,122.385879,121.376235
2016-08-29,2016,128.952392,156.740703,123.357284,125.575766,124.281592,123.306628
2016-08-30,2016,129.004083,156.489685,123.421999,125.60714,124.207375,123.393389
2016-08-31,2016,128.608052,156.332473,123.486747,124.671866,122.778168,121.311168
2016-09-01,2016,129.655244,156.774597,123.55153,126.85239,123.488531,122.005242
2016-09-02,2016,131.822815,158.678292,123.616346,131.451712,126.414799,125.258715
2016-09-05,2016,131.599357,159.084952,123.681196,130.888887,126.308775,125.106887
2016-09-06,2016,132.868107,160.563268,123.746081,133.547618,127.502608,126.061236
2016-09-08,2016,132.612833,160.350767,123.810999,132.916018,127.721018,126.429967
2016-09-09,2016,129.579425,158.436951,123.875952,126.286532,122.988096,121.593138
2016-09-12,2016,130.57148,160.150969,123.940938,128.347767,124.2307,123.002972
2016-09-13,2016,129.084595,158.987223,124.005959,125.057058,120.488045,119.662737
2016-09-14,2016,128.773046,159.747461,124.071014,124.303795,120.992721,119.684432
2016-09-15,2016,130.022823,161.255599,124.136102,126.92131,122.795132,121.549758
2016-09-16,2016,129.522564,161.525378,124.201226,125.760549,121.037251,120.16161
2016-09-19,2016,130.032474,163.250093,124.266383,126.780644,121.609782,120.400191
2016-09-20,2016,131.214908,165.387457,124.331574,129.252642,122.428289,121.246101
2016-09-21,2016,131.647345,166.334146,124.3968,130.105395,123.823567,122.872838
2016-09-22,2016,132.437083,165.11153,124.462059,131.7295,125.095858,123.979015
2016-09-23,2016,131.699052,165.602613,124.527354,130.055187,124.466074,124.217604
2016-09-26,2016,130.518965,164.011719,124.592682,127.426459,123.102603,122.026928
2016-09-27,2016,130.922904,164.20296,124.658044,128.217514,123.798121,122.872838
2016-09-28,2016,131.463827,164.522131,124.723441,129.304271,125.863473,124.933364
2016-09-29,2016,130.425676,163.830421,124.788872,126.981844,123.732386,122.460726
2016-09-30,2016,129.708636,163.359334,124.854338,125.35264,123.766314,122.677629
2016-10-03,2016,131.17797,164.082253,124.919838,128.443658,126.086124,124.824917
2016-10-04,2016,130.989381,164.655007,124.985372,127.955265,125.827425,124.651403
2016-10-05,2016,132.326732,166.125091,125.050941,130.761254,127.767668,126.213064
2016-10-06,2016,132.41475,165.458124,125.116543,130.869954,128.594657,127.687972
2016-10-07,2016,133.030555,165.768169,125.182181,132.118077,129.580683,128.447121
2016-10-10,2016,132.890107,165.506075,125.247853,131.733448,130.766033,129.596679
2016-10-11,2016,132.551345,165.168103,125.313559,130.920627,129.3962,128.013323
2016-10-13,2016,133.995554,167.396507,125.3793,133.957102,129.601887,128.598949
2016-10-14,2016,135.514803,167.773729,125.445075,137.155542,130.975961,129.92203
2016-10-17,2016,136.675712,169.227629,125.510885,139.580303,132.945891,131.830728
2016-10-18,2016,137.259413,168.919083,125.576729,140.758859,135.248737,134.151538
2016-10-19,2016,136.973882,167.676749,125.642608,140.060747,134.663484,132.980294
2016-10-20,2016,136.769516,168.482221,125.707428,139.539176,135.367484,133.978024
2016-10-21,2016,136.962208,168.815798,125.772282,139.874794,135.940015,133.479159
2016-10-24,2016,137.655001,169.729112,125.837169,141.290059,135.838232,134.758859
2016-10-25,2016,137.960136,169.543255,125.90209,141.868351,135.426858,134.194919
2016-10-26,2016,137.82175,168.881953,125.967044,141.489064,135.342039,134.455203
2016-10-27,2016,138.822121,168.664303,126.032031,143.568248,136.241124,134.715478
2016-10-28,2016,139.630359,169.951647,126.097053,145.232589,136.364112,135.105895
2016-10-31,2016,140.320463,171.255532,126.162107,146.641842,137.672451,136.428976
2016-11-01,2016,137.826662,169.500385,126.227196,141.177171,134.281796,133.067047
2016-11-03,2016,136.024263,166.742877,126.292317,137.205158,130.939913,130.052163
2016-11-04,2016,135.409082,166.913914,126.357473,135.796246,130.617599,129.054434
2016-11-07,2016,137.774873,168.530425,126.422662,140.823052,135.821268,134.910687
2016-11-08,2016,137.789917,167.779772,126.487885,140.774678,136.04604,134.910687
2016-11-09,2016,135.185919,167.313464,126.553141,135.07189,134.137604,132.763391
2016-11-10,2016,130.931054,164.364141,126.618431,125.804925,129.775767,128.468807
2016-11-11,2016,128.944821,162.120356,126.683755,121.435775,125.49875,124.564641
2016-11-14,2016,129.934613,162.860878,126.749112,123.491663,126.501739,125.952788
2016-11-16,2016,131.020557,163.731253,126.814503,125.755097,128.838513,127.861495
2016-11-17,2016,129.23354,162.292205,126.879928,121.815918,126.741354,125.04182
2016-11-18,2016,128.447688,163.582434,126.945387,120.03816,127.148487,125.866027
2016-11-21,2016,130.000958,164.78414,127.010879,123.3104,129.497984,128.186837
2016-11-22,2016,130.84025,164.602618,127.076405,125.041159,131.372492,130.247372
2016-11-23,2016,130.776427,163.410313,127.141965,124.822096,131.440347,130.420895
2016-11-24,2016,130.367046,163.285633,127.207559,123.856951,130.189262,128.794158
2016-11-25,2016,129.409325,163.023101,127.273187,121.707928,130.5349,129.271328
2016-11-28,2016,130.827137,164.030317,127.338848,124.687513,133.283048,131.982556
2016-11-29,2016,129.34972,162.725787,127.404544,121.416407,129.321983,128.382046
2016-11-30,2016,129.546167,163.351453,127.470273,121.759045,131.270709,130.138925
2016-12-01,2016,126.038511,160.419097,127.534923,114.106058,126.183666,125.367162
2016-12-02,2016,126.788112,159.95772,127.599607,115.644222,127.899138,126.625176
2016-12-05,2016,126.877244,159.087393,127.664323,115.75643,126.872824,125.367162
2016-12-06,2016,127.636482,160.655863,127.729071,117.315319,129.536152,128.208532
2016-12-07,2016,128.149184,161.484759,127.793853,118.341908,130.22743,129.07612
2016-12-08,2016,127.877218,160.96254,127.858668,117.674401,128.664633,129.705126
2016-12-09,2016,128.027636,159.948405,127.923515,117.918758,128.291428,127.03728
2016-12-12,2016,126.248841,158.785315,127.988395,113.998006,125.488148,124.174224
2016-12-13,2016,126.62959,158.170489,128.053308,114.739553,125.704437,125.345476
2016-12-14,2016,125.49835,157.130189,128.118254,112.216756,123.437639,122.15707
2016-12-15,2016,125.331613,156.683174,128.183233,111.776228,123.827808,122.764382
2016-12-16,2016,125.169446,157.174823,128.248245,111.345526,123.812965,122.373965
2016-12-19,2016,125.414044,157.166724,128.31329,111.792969,121.102986,119.727812
2016-12-20,2016,125.464544,156.732967,128.378368,111.821322,122.103854,120.833989
2016-12-21,2016,125.282351,158.321513,128.443479,111.347261,122.239565,120.812303
2016-12-22,2016,124.681047,158.330152,128.508623,109.968322,121.408336,121.419616
2016-12-23,2016,126.11772,157.672845,128.5738,112.989227,122.854506,122.243831
2016-12-26,2016,125.972566,158.74668,128.63901,112.59501,124.302797,123.545217
2016-12-27,2016,126.844338,159.243563,128.704253,114.39624,124.466074,123.219875
2016-12-28,2016,127.779767,160.394986,128.76953,116.334863,126.7668,125.453924
2016-12-29,2016,127.810843,161.099367,128.834839,116.320995,127.710415,126.32152
2017-01-03,2017,129.231865,160.567845,128.900181,120.01798,132.479008,130.968431
2017-01-04,2017,128.888809,161.96781,128.965557,119.016313,131.996791,130.968431
2017-01-05,2017,128.968586,165.476454,129.030966,119.114084,133.029807,131.626011
2017-01-06,2017,128.482756,166.500127,129.096408,117.741052,132.159673,131.187622
2017-01-09,2017,129.117146,166.91164,129.161883,119.280866,132.234684,130.946515
2017-01-10,2017,129.195874,167.976686,129.227391,119.375741,133.160541,132.064401
2017-01-11,2017,130.243815,169.000695,129.292933,121.990797,133.833502,132.546631
2017-01-12,2017,132.910783,174.383651,129.355108,128.821444,137.06543,135.900297
2017-01-13,2017,132.431902,173.144707,129.417314,127.471908,136.418187,135.198876
2017-01-16,2017,132.777522,175.14695,129.479549,128.26627,136.801817,135.681106
2017-01-17,2017,134.019201,179.588107,129.541815,131.390594,137.922705,136.514037
2017-01-18,2017,133.290371,174.033189,129.60411,129.390968,137.485494,135.681106
2017-01-19,2017,133.392633,175.513671,129.666436,129.552376,137.059,136.119487
2017-01-20,2017,134.091985,179.016385,129.728791,131.26634,138.280617,137.149702
2017-01-23,2017,135.349862,180.818294,129.791176,134.432587,140.912452,139.845787
2017-01-24,2017,135.880998,181.495024,129.853591,135.709041,141.107482,140.086902
2017-01-26,2017,136.489069,183.509952,129.978512,137.080742,141.859741,140.722559
2017-01-27,2017,136.018782,181.387138,130.041017,135.753051,141.52326,140.306101
2017-01-30,2017,134.922732,177.9241,130.103553,132.798142,137.811259,136.470197
2017-01-31,2017,136.629346,181.985022,130.166118,137.130932,138.602095,136.755152
2017-02-01,2017,136.029373,180.530556,130.228714,135.46587,138.955721,137.456572
2017-02-02,2017,136.840659,179.239798,130.29134,137.470443,138.402779,137.325061
2017-02-03,2017,137.034323,179.359026,130.353995,137.868967,139.208617,138.289512
2017-02-06,2017,135.558817,178.636245,130.416681,133.927109,137.149014,135.922212
2017-02-07,2017,135.689188,180.085755,130.479397,134.160953,137.590511,135.922212
2017-02-08,2017,136.256657,184.16853,130.542144,135.531329,138.953578,137.807282
2017-02-09,2017,136.683898,187.137958,130.60492,136.537021,139.232192,137.719611
2017-02-10,2017,137.992153,192.687874,130.667727,139.833556,141.71829,140.262261
2017-02-13,2017,139.018569,194.054747,130.730563,142.397176,143.524997,141.774697
2017-02-14,2017,138.749036,192.751353,130.79343,141.5909,142.978485,142.585721
2017-02-15,2017,141.126043,195.278809,130.856328,147.666351,145.685331,144.339263
2017-02-16,2017,142.700502,194.502958,130.919255,151.654892,145.338134,143.791278
2017-02-17,2017,143.436793,193.338859,130.982213,153.4639,145.196684,143.396728
2017-02-20,2017,143.829726,193.38177,131.045201,154.380026,146.879086,145.435233
2017-02-21,2017,144.430676,191.917121,131.108219,155.837007,147.991401,146.618883
2017-02-22,2017,143.179998,190.620708,131.171268,152.479158,147.001248,145.720196
2017-02-23,2017,143.148071,191.861363,131.230875,152.296192,144.581589,143.177538
2017-02-24,2017,143.457299,193.702043,131.290509,153.000285,142.869182,141.380147
2017-03-01,2017,144.14162,195.804284,131.35017,154.679683,143.570004,142.103492
2017-03-02,2017,143.365517,193.143643,131.409858,152.561506,141.139629,139.188207
2017-03-03,2017,144.404029,191.222814,131.469573,155.161813,143.134937,141.599338
2017-03-06,2017,144.423694,192.296584,131.529316,155.112774,142.181219,140.722559
2017-03-07,2017,145.090207,191.442249,131.589085,156.745684,140.897449,139.889627
2017-03-08,2017,143.174255,184.618887,131.648882,151.663384,138.702825,137.281221
2017-03-09,2017,140.157271,171.211744,131.708706,143.718029,138.417781,136.711312
2017-03-10,2017,141.000497,170.669218,131.768557,145.810309,138.610668,137.105862
2017-03-13,2017,142.569234,175.824731,131.828435,149.789085,140.451666,139.122452
2017-03-14,2017,141.649586,173.373339,131.888341,147.297282,138.662104,137.544252
2017-03-15,2017,142.727419,174.955402,131.948273,149.999472,141.954041,140.525292
2017-03-16,2017,143.53856,174.799537,132.008233,152.008138,140.98532,139.012848
2017-03-17,2017,142.540602,170.339573,132.06822,149.31257,137.614086,136.360602
2017-03-20,2017,138.98438,166.381395,132.128235,139.964719,139.058594,137.675771
2017-03-21,2017,137.378902,165.220653,132.188277,135.689331,134.977965,133.664517
2017-03-22,2017,137.785894,168.107114,132.248346,136.646907,136.137429,134.519372
2017-03-23,2017,137.917971,168.981451,132.308442,136.889581,136.158861,134.892006
2017-03-24,2017,138.956889,167.426642,132.368565,139.49026,136.851111,135.637266
2017-03-27,2017,139.817129,165.943435,132.428716,141.626278,137.824118,136.514037
2017-03-28,2017,139.310333,164.045605,132.488895,140.207554,138.535656,136.996267
2017-03-29,2017,139.709341,162.832492,132.5491,141.144142,140.438807,139.144367
2017-03-30,2017,139.521183,162.394468,132.609333,140.553881,139.877292,138.421031
2017-03-31,2017,140.256743,165.064509,132.669594,142.365511,139.272913,137.610007
2017-04-03,2017,140.146696,165.307731,132.729881,141.978268,139.759417,138.267596
2017-04-04,2017,139.564511,165.413093,132.790196,140.363282,140.955315,139.670437
2017-04-05,2017,138.929552,165.099129,132.850539,138.611024,138.824987,137.127786
2017-04-06,2017,138.774683,161.329856,132.910909,138.107092,137.641947,135.900297
2017-04-07,2017,139.472279,163.664601,132.971306,139.819775,138.434927,136.492122
2017-04-10,2017,138.794712,163.885296,133.031731,137.956583,138.557088,137.083946
2017-04-11,2017,139.865649,166.905363,133.092183,140.639972,137.935564,136.820908
2017-04-12,2017,138.416304,162.651554,133.152663,136.769839,136.932552,135.198876
2017-04-13,2017,137.103756,161.462567,133.208435,133.263312,134.647914,133.269967
2017-04-17,2017,138.836011,165.003928,133.264231,137.674127,137.881984,136.448282
2017-04-18,2017,138.894423,164.31516,133.32005,137.73242,137.504783,135.790701
2017-04-19,2017,138.701537,163.621646,133.375893,137.137227,135.893106,134.146746
2017-04-20,2017,139.040935,163.332052,133.431758,137.926088,136.651794,134.826242
2017-04-24,2017,139.354914,164.56997,133.487648,138.648812,137.997716,136.535961
2017-04-25,2017,139.452271,168.831953,133.54356,138.808217,139.624396,138.092237
2017-04-26,2017,138.014045,167.52526,133.599496,134.974617,139.011444,137.653847
2017-04-27,2017,137.754287,169.126317,133.655456,134.205339,138.614954,136.908587
2017-04-28,2017,139.194179,180.053541,133.711439,137.855612,140.170909,138.508703
2017-05-02,2017,139.984803,182.383736,133.767445,139.817558,142.997773,141.511658
2017-05-03,2017,140.462779,182.100893,133.823475,140.966485,141.651851,140.196498
2017-05-04,2017,138.787893,179.975596,133.879528,136.517304,139.013587,137.346977
2017-05-05,2017,138.80299,184.628658,133.935605,136.462533,140.828867,139.538917
2017-05-08,2017,138.267708,182.760712,133.991705,134.976574,140.434521,139.012848
2017-05-09,2017,139.163859,186.731098,134.047829,137.212725,142.046198,140.656803
2017-05-10,2017,139.74191,187.598905,134.103976,138.621683,144.343695,142.914499
2017-05-11,2017,139.922588,191.479603,134.160147,138.997312,144.746614,143.243293
2017-05-12,2017,140.870606,191.481096,134.216341,141.368214,146.212555,144.536547
2017-05-15,2017,140.416321,190.200153,134.272559,140.092675,146.752638,145.259874
2017-05-16,2017,140.631562,188.919539,134.328801,140.558063,147.202708,145.654424
2017-05-17,2017,139.485023,188.049251,134.385066,137.482383,144.750901,143.199462
2017-05-18,2017,131.288231,171.707455,134.441354,116.073936,132.013936,130.793072
2017-05-19,2017,134.001677,176.67994,134.497666,123.035269,134.247138,132.853501
2017-05-22,2017,132.091148,169.54486,134.554002,117.972872,132.176818,130.486201
2017-05-23,2017,133.293533,176.680031,134.610361,121.004925,134.296431,133.138456
2017-05-24,2017,135.1199,178.951405,134.666744,125.659476,135.571628,134.080982
2017-05-25,2017,134.56305,178.048863,134.723151,124.116923,135.507332,134.344021
2017-05-26,2017,135.331104,180.438614,134.779581,126.019467,137.346187,135.790701
2017-05-29,2017,135.441158,180.034238,134.836035,126.210981,136.651794,135.330396
2017-05-30,2017,135.962335,179.22679,134.892512,127.471495,137.082575,135.681106
2017-05-31,2017,135.238921,178.761965,134.949013,125.495669,134.401447,132.743906
2017-06-01,2017,134.307147,177.627872,135.000744,122.986041,133.497022,132.086317
2017-06-02,2017,134.357132,178.473966,135.052496,123.029243,133.97281,132.283592
2017-06-05,2017,134.812864,176.872701,135.104267,124.127472,133.842075,132.502791
2017-06-06,2017,135.570266,179.965535,135.156057,126.0101,134.924385,133.598761
2017-06-07,2017,135.775015,179.853531,135.207868,126.455633,135.387314,134.124822
2017-06-08,2017,134.958127,178.587114,135.259699,124.244578,134.497891,133.072692
2017-06-09,2017,135.414686,178.539297,135.311549,125.344823,133.329853,131.998646
2017-06-12,2017,134.464107,177.167675,135.36342,122.786064,132.234684,130.74924
2017-06-13,2017,134.547064,176.684888,135.41531,122.914772,132.511156,131.121866
2017-06-14,2017,134.974697,177.363302,135.46722,123.9397,132.712615,131.275301
2017-06-15,2017,134.974697,177.363302,135.46722,123.9397,,131.275301
2017-06-16,2017,135.044666,179.746679,135.51915,124.034568,132.076088,130.661561
2017-06-19,2017,134.573122,180.345348,135.5711,122.721306,132.907645,131.713691
2017-06-20,2017,133.64248,177.330962,135.62307,120.214225,130.232947,128.754575
2017-06-21,2017,132.969092,173.921115,135.675059,118.376045,130.224374,128.842246
2017-06-22,2017,134.421374,173.992609,135.727069,122.065196,131.3174,130.091652
2017-06-23,2017,133.804467,172.427518,135.779099,120.373815,130.92091,129.543667
2017-06-26,2017,134.467548,173.967903,135.831148,122.010745,133.28056,132.086317
2017-06-27,2017,134.126952,172.921387,135.883218,121.037787,132.181105,130.968431
2017-06-28,2017,134.620236,172.286759,135.935307,122.23313,132.916218,131.406821
2017-06-29,2017,134.196637,170.429338,135.987417,121.044273,133.389863,131.735607
2017-06-30,2017,134.64722,173.167803,136.039546,122.128512,134.80651,133.554921
2017-07-03,2017,135.282062,172.959167,136.091695,123.691846,135.620921,133.905631
2017-07-04,2017,135.069625,170.984272,136.143865,123.051974,135.518048,134.037151
2017-07-05,2017,135.924836,175.863845,136.196054,125.188264,135.350879,133.817952
2017-07-06,2017,136.885622,180.893509,136.248264,127.599047,133.884939,132.437027
2017-07-07,2017,136.458424,178.969773,136.300493,126.40063,133.567747,132.612386
2017-07-10,2017,137.398132,180.368363,136.352742,128.756538,135.074408,133.576837
2017-07-11,2017,137.488777,179.721458,136.405012,128.904599,136.803961,135.242716
2017-07-12,2017,138.395521,184.280081,136.457301,131.174722,138.955721,137.434656
2017-07-13,2017,138.402977,186.77269,136.509611,131.1064,139.688691,138.530627
2017-07-14,2017,138.782645,185.059358,136.561941,132.005902,140.241634,138.837497
2017-07-17,2017,138.733535,185.039317,136.61429,131.790424,139.76156,138.223756
2017-07-18,2017,139.020404,185.520728,136.66666,132.448557,140.031601,138.355267
2017-07-19,2017,138.679355,184.337346,136.71905,131.473886,139.692978,138.289512
2017-07-20,2017,138.920256,185.044779,136.77146,132.012419,139.174326,137.544252
2017-07-21,2017,139.035213,187.056731,136.82389,132.22343,138.629957,137.062022
2017-07-24,2017,139.036111,186.020179,136.87634,132.137819,139.521523,137.938802
2017-07-25,2017,138.833114,187.601509,136.92881,131.521987,140.738853,139.144367
2017-07-26,2017,137.780456,185.652721,136.9813,128.696754,139.330779,137.675771
2017-07-27,2017,137.756397,184.585019,137.02885,128.554464,139.900867,138.201832
2017-07-28,2017,137.604242,184.992898,137.076417,128.079056,140.372368,138.947092
2017-07-31,2017,137.977715,186.154046,137.124001,128.970412,141.278937,139.670437
2017-08-01,2017,138.080249,184.830725,137.1716,129.157216,142.556277,140.788331
2017-08-02,2017,138.489863,186.08216,137.219217,130.14249,143.885053,142.300758
2017-08-03,2017,139.102269,187.929641,137.26685,131.655058,143.115649,141.270544
2017-08-04,2017,139.861998,188.208413,137.314499,133.550681,143.374974,141.840453
2017-08-07,2017,141.14728,191.26778,137.362165,136.812866,145.608176,143.857034
2017-08-08,2017,140.448391,190.963673,137.409848,134.915598,145.520305,143.922806
2017-08-09,2017,139.351035,186.095431,137.457547,131.982169,145.031658,143.440577
2017-08-10,2017,138.048345,184.344636,137.505262,128.514785,143.576434,141.884301
2017-08-11,2017,138.48414,185.020742,137.552995,129.567946,144.362984,142.695308
2017-08-14,2017,139.127636,187.135387,137.600743,131.161161,146.347576,144.711889
2017-08-15,2017,138.567184,183.797508,137.648509,129.62373,146.497599,144.843417
2017-08-16,2017,138.850913,185.618159,137.696291,130.281389,147.009821,145.588669
2017-08-17,2017,138.209542,182.968645,137.744089,128.533492,145.687474,144.229676
2017-08-18,2017,138.143935,183.49575,137.791904,128.282718,147.269146,145.698272
2017-08-21,2017,138.015054,180.935581,137.839736,127.867388,147.097691,145.654424
2017-08-22,2017,141.290423,195.848473,137.887584,136.304081,150.046718,148.569709
2017-08-23,2017,140.546312,194.339849,137.935449,134.288915,151.047586,149.49032
2017-08-24,2017,141.432039,197.007934,137.983331,136.511778,152.451374,150.89316
2017-08-25,2017,140.894723,196.557352,138.031229,135.034285,152.324926,150.476703
2017-08-28,2017,140.766499,195.78874,138.079144,134.620524,152.202765,150.630138
2017-08-29,2017,140.950997,196.15749,138.127075,135.019904,152.873582,151.200047
2017-08-30,2017,141.318152,197.628914,138.175023,135.894217,151.922007,150.213664
2017-08-31,2017,141.140044,200.231468,138.222988,135.350659,151.812704,149.950642
2017-09-01,2017,142.129473,197.806772,138.270969,137.843012,154.144493,152.361773
2017-09-04,2017,143.390002,198.838972,138.318967,141.040277,154.585989,153.0851
2017-09-05,2017,143.918848,200.691354,138.366982,142.334923,154.63314,152.909758
2017-09-06,2017,144.100795,200.293956,138.415013,142.727503,157.335699,155.518155
2017-09-07,2017,144.100795,200.293956,138.415013,142.727503,,155.518155
2017-09-08,2017,144.153695,202.04812,138.458004,142.792973,156.622018,154.992094
2017-09-11,2017,145.23978,204.20398,138.501007,145.545006,159.279571,157.666264
2017-09-12,2017,145.909078,205.240224,138.544024,147.213247,159.751072,158.03889
2017-09-13,2017,145.516735,202.435376,138.587055,146.12089,160.284726,158.411516
2017-09-14,2017,145.52767,202.984383,138.630098,146.077151,160.003968,157.753944
2017-09-15,2017,146.654311,200.516094,138.673155,148.93455,162.361475,160.31851
2017-09-18,2017,147.051824,202.200872,138.716226,149.895983,162.860837,161.10761
2017-09-19,2017,146.039302,199.361181,138.75931,147.190886,162.826546,160.998006
2017-09-20,2017,146.490234,203.261193,138.802407,148.291179,162.890842,161.01993
2017-09-21,2017,145.994642,202.651095,138.845518,146.930208,162.033567,160.165075
2017-09-22,2017,145.602824,201.94147,138.888642,145.839057,161.574925,159.61709
2017-09-25,2017,144.100842,196.636116,138.931779,141.861133,159.545326,157.600509
2017-09-26,2017,143.97785,198.154271,138.97493,141.468964,159.279571,157.490905
2017-09-27,2017,142.397213,196.407667,139.018094,137.286468,158.160827,156.373011
2017-09-28,2017,143.012083,195.830529,139.061272,138.812912,157.667893,155.803118
2017-09-29,2017,144.138395,198.289777,139.104463,141.669233,159.225991,156.899088
2017-10-02,2017,145.123819,198.993433,139.147667,144.159182,159.367441,157.425149
2017-10-03,2017,146.663181,201.474746,139.190885,148.089509,164.517521,162.554298
2017-10-04,2017,146.560764,200.632515,139.234117,147.750705,164.148893,162.247411
2017-10-05,2017,146.803261,200.495353,139.277361,148.308758,164.206759,162.291259
2017-10-06,2017,145.998946,198.991419,139.320619,146.14477,163.000145,161.129534
2017-10-09,2017,146.244883,198.685691,139.363891,146.711723,162.297179,160.471945
2017-10-10,2017,146.88041,199.284524,139.407176,148.291701,164.804709,162.729641
2017-10-11,2017,147.03555,198.269319,139.450475,148.622508,164.296773,162.488526
2017-10-12,2017,147.03555,198.269319,139.450475,148.622508,,162.488526
2017-10-13,2017,147.122177,202.452617,139.493786,148.775142,165.004025,163.189946
2017-10-16,2017,146.564347,200.249315,139.537112,147.251973,164.793993,162.948832
2017-10-17,2017,145.867157,199.41373,139.580451,145.366405,163.31305,161.567915
2017-10-18,2017,146.901933,201.271962,139.623803,147.984435,164.148893,162.400846
2017-10-19,2017,147.114974,199.993456,139.667169,148.465691,163.488791,161.743274
2017-10-20,2017,148.523511,205.672948,139.710548,152.055565,163.720256,161.3268
2017-10-23,2017,148.436713,207.801561,139.753941,151.757104,161.624218,161.3268
2017-10-24,2017,148.704598,206.772302,139.797347,152.380903,163.632385,161.89671
2017-10-25,2017,148.806486,208.284637,139.840766,152.573037,164.320348,162.225504
2017-10-26,2017,149.143797,206.229929,139.880336,153.383798,162.659378,160.121243
2017-10-27,2017,149.052978,203.569107,139.919916,153.081274,162.830833,160.822664
2017-10-30,2017,148.544803,201.482973,139.959508,151.693483,160.310444,158.586875
2017-10-31,2017,148.132144,201.335967,139.999111,150.554045,159.255996,157.315546
2017-11-01,2017,147.121598,198.228969,140.038725,147.859906,158.218693,156.219576
2017-11-02,2017,147.121598,198.228969,140.038725,147.859906,,156.219576
2017-11-03,2017,146.486567,197.159533,140.078351,146.142197,158.413723,156.285348
2017-11-06,2017,146.731252,198.696915,140.117987,146.711988,159.262425,157.359394
2017-11-07,2017,146.538085,196.959366,140.157635,146.143218,155.198941,153.370063
2017-11-08,2017,147.173903,198.934105,140.197294,147.730033,159.373871,157.666264
2017-11-09,2017,146.471715,194.43807,140.236964,145.837621,156.304826,154.531789
2017-11-10,2017,146.258979,193.637316,140.276646,145.21791,154.665287,153.370063
2017-11-13,2017,146.331083,195.065899,140.316338,145.338846,155.327532,154.487957
2017-11-14,2017,145.418594,191.298438,140.356042,142.899532,151.795559,150.060229
2017-11-15,2017,145.418594,191.298438,140.356042,142.899532,,150.060229
2017-11-16,2017,145.813372,194.028593,140.395757,143.859478,155.40683,153.808445
2017-11-17,2017,146.393515,196.401548,140.435484,145.30141,157.389279,155.430492
2017-11-20,2017,146.426322,196.401548,140.475221,145.320085,,155.430492
2017-11-21,2017,147.056167,199.477054,140.51497,146.891218,159.87109,157.819699
2017-11-22,2017,147.38172,198.409553,140.55473,147.671083,159.708208,157.600509
2017-11-23,2017,148.338077,200.261401,140.594502,150.091205,159.639626,157.666264
2017-11-24,2017,147.811359,196.933398,140.634284,148.654878,158.932374,157.008675
2017-11-27,2017,147.752757,196.597339,140.674078,148.43577,158.722342,156.920996
2017-11-28,2017,147.835223,196.168708,140.713883,148.583463,158.89594,157.512829
2017-11-29,2017,146.993159,191.113246,140.7537,146.327087,155.80975,153.983804
2017-11-30,2017,145.452616,184.900141,140.793527,142.254444,154.247366,152.120658
2017-12-01,2017,145.60001,183.886079,140.833366,142.570911,154.87532,152.712474
2017-12-04,2017,145.979597,184.652787,140.873217,143.491128,156.645593,154.597544
2017-12-05,2017,145.539135,181.954234,140.913078,142.27896,155.479699,153.435819
2017-12-06,2017,145.714332,180.831526,140.952951,142.667666,157.02708,159.967808
2017-12-07,2017,145.45761,181.229657,140.990224,141.937616,155.353251,153.435819
2017-12-08,2017,145.686764,185.421062,141.027508,142.470967,155.878332,153.698858
2017-12-11,2017,145.862424,186.546107,141.064801,142.865203,156.024068,154.400278
2017-12-12,2017,146.070324,188.572788,141.102104,143.343258,158.197261,156.504538
2017-12-13,2017,145.482914,186.263413,141.139417,141.753254,156.268392,154.26875
2017-12-14,2017,144.968703,186.337738,141.17674,140.353572,155.228946,153.435819
2017-12-15,2017,145.809149,190.500642,141.214073,142.476379,155.612576,153.326215
2017-12-18,2017,145.628143,189.034725,141.251416,141.943098,156.699173,154.904415
2017-12-19,2017,145.013348,187.397966,141.288768,140.281819,155.766886,153.808445
2017-12-20,2017,145.380702,189.33398,141.326131,141.174398,157.239256,155.408568
2017-12-21,2017,146.196511,192.899313,141.363503,143.233077,161.024125,159.003349
2017-12-22,2017,146.505244,194.764275,141.400885,143.973194,161.139858,159.354051
2017-12-25,2017,146.505244,194.764275,141.400885,143.973194,,159.354051
2017-12-26,2017,146.860043,195.278571,141.438277,144.833078,162.213595,160.559625
2017-12-27,2017,147.329255,198.556648,141.475679,145.990452,163.038722,161.436404
2017-12-28,2017,147.961015,204.295362,141.513091,147.570484,163.743831,161.80903
2017-12-29,2017,147.994416,204.30635,141.550513,147.594589,163.743831,161.80903
2018-01-03,2018,147.649727,203.796488,141.587945,146.813258,163.962462,162.239956
2018-01-04,2018,148.36941,206.823204,141.625386,148.791438,165.333108,163.748156
2018-01-05,2018,148.248607,206.08731,141.662838,148.374696,166.224448,164.696177
2018-01-08,2018,148.507288,205.929325,141.700299,149.039244,166.871931,165.385642
2018-01-09,2018,148.020255,203.981206,141.73777,147.578921,165.789289,164.092897
2018-01-10,2018,148.16566,204.2138,141.775251,147.920662,164.395518,162.886321
2018-01-11,2018,148.744156,207.153679,141.812742,149.496443,166.8425,165.170188
2018-01-12,2018,148.317924,205.731524,141.850243,148.20931,166.808864,165.191722
2018-01-15,2018,148.807815,208.397755,141.887754,149.532578,167.656058,166.053557
2018-01-16,2018,148.714457,209.335153,141.925275,149.193905,167.824235,166.032007
2018-01-17,2018,148.875797,212.473475,141.962806,149.580954,170.676945,168.940704
2018-01-18,2018,148.794585,211.395804,142.000346,149.276853,170.201843,168.272773
2018-01-19,2018,148.613259,210.06247,142.037897,148.687465,170.742113,168.962238
2018-01-22,2018,149.29982,208.561869,142.075457,150.571034,171.698622,169.867158
2018-01-23,2018,148.581871,203.584564,142.113028,148.452539,169.602711,167.863414
2018-01-24,2018,151.451471,214.305396,142.150608,156.556474,175.913569,174.154786
2018-01-25,2018,151.477017,214.305396,142.188198,156.556474,,174.154786
2018-01-26,2018,153.45483,219.582796,142.225799,162.119291,179.804773,178.076123
2018-01-29,2018,153.439947,220.588918,142.263409,162.004052,178.053626,176.201632
2018-01-30,2018,153.184962,219.010348,142.301029,161.204643,177.599547,175.835357
2018-01-31,2018,153.914768,223.089988,142.338659,163.211302,178.505603,176.675642
2018-02-01,2018,154.274842,225.317053,142.376299,164.164419,179.729094,177.860668
2018-02-02,2018,153.54276,221.881443,142.413949,162.005498,176.672469,175.038156
2018-02-05,2018,152.438278,216.864156,142.451609,158.785435,172.089635,170.642809
2018-02-06,2018,153.109686,218.83709,142.489279,160.625616,176.363443,174.844252
2018-02-07,2018,152.448113,216.129052,142.526959,158.667547,173.994244,172.280295
2018-02-08,2018,151.49303,212.715648,142.563325,155.875693,171.400107,169.565518
2018-02-09,2018,150.552392,209.483769,142.5997,153.124977,170.067302,168.423593
2018-02-14,2018,152.121734,216.818802,142.636084,157.526241,175.625565,173.659226
2018-02-15,2018,152.93558,220.094215,142.672478,159.774761,177.198024,175.382897
2018-02-16,2018,153.414432,220.621581,142.70888,161.06872,177.689943,175.727621
2018-02-19,2018,154.810122,224.158586,142.745293,164.975124,178.253337,176.374002
2018-02-20,2018,156.025752,225.560776,142.781714,168.368439,180.378679,178.700954
2018-02-21,2018,155.487468,222.10587,142.818145,166.764095,180.900029,178.916408
2018-02-22,2018,156.089651,224.883934,142.854585,168.409405,182.232835,180.446159
2018-02-23,2018,157.645428,230.717217,142.891034,172.77189,183.508881,181.609635
2018-02-26,2018,159.120145,236.302737,142.927493,176.903386,184.265679,182.536105
2018-02-27,2018,158.192374,233.224479,142.963961,174.189154,182.756287,181.178709
2018-02-28,2018,157.688444,231.412995,143.000438,172.682608,179.699663,177.752933
2018-03-01,2018,158.461751,231.065067,143.036925,174.815435,179.483134,177.796017
2018-03-02,2018,158.431497,230.82223,143.073421,174.658555,180.288284,178.722488
2018-03-05,2018,157.954051,229.858843,143.109926,173.227418,180.839065,178.614768
2018-03-06,2018,157.827937,229.177095,143.14644,172.797358,180.061244,178.162308
2018-03-07,2018,158.354666,228.996824,143.182964,174.227506,179.705969,177.968388
2018-03-08,2018,158.244831,231.014562,143.219497,173.843794,178.656963,176.977282
2018-03-09,2018,159.097791,239.011657,143.25604,176.203479,181.570636,179.692059
2018-03-12,2018,160.435406,241.44263,143.292591,179.94413,182.682709,180.877069
2018-03-13,2018,160.726705,239.359519,143.329152,180.703367,181.597965,179.907514
2018-03-14,2018,159.976364,237.611406,143.365723,178.494509,180.897927,179.131863
2018-03-15,2018,160.307608,237.57807,143.402303,179.367529,178.537136,176.826462
2018-03-16,2018,160.944155,238.614692,143.438892,181.110469,178.448843,176.697193
2018-03-19,2018,159.722683,234.334519,143.47549,177.559106,176.403385,174.714966
2018-03-20,2018,160.053293,234.494109,143.512098,178.430266,176.931042,175.382897
2018-03-21,2018,160.888139,238.711964,143.548715,180.738191,178.640145,176.869547
2018-03-22,2018,161.170101,241.096944,143.584004,181.473285,178.200781,176.223182
2018-03-23,2018,161.884866,238.86689,143.619301,183.441603,177.378814,175.770722
2018-03-26,2018,163.266091,245.232149,143.654607,187.30893,178.873491,177.171203
2018-03-27,2018,162.076519,241.344407,143.689921,183.85095,176.182653,174.477977
2018-03-28,2018,162.436264,242.17123,143.725245,184.807613,176.321399,174.564146
2018-03-29,2018,162.781557,247.150563,143.760577,185.723083,179.457908,177.602113
2018-04-02,2018,161.874141,244.862822,143.795917,183.069034,177.986355,176.352452
2018-04-03,2018,161.500318,244.1797,143.831267,181.935403,177.89596,176.136997
2018-04-04,2018,161.340398,244.294737,143.866625,181.411254,177.343077,175.382897
2018-04-05,2018,162.066145,246.117843,143.901992,183.41073,179.129962,177.472843
2018-04-06,2018,161.873018,247.057035,143.937367,182.791927,178.310097,176.546373
2018-04-09,2018,161.206725,244.453473,143.972751,180.824856,175.129442,173.2714
2018-04-10,2018,160.642644,247.148162,144.008144,179.149014,177.658409,175.727621
2018-04-11,2018,161.262641,247.808171,144.043545,180.847094,179.205641,177.645197
2018-04-12,2018,162.486968,250.660463,144.078956,184.267152,179.621881,177.602113
2018-04-13,2018,161.454582,249.122164,144.114375,181.256859,177.288419,175.167442
2018-04-16,2018,160.494779,245.301089,144.149802,178.45337,174.193955,172.323396
2018-04-17,2018,161.011285,247.556459,144.185239,179.856495,176.767069,174.758066
2018-04-18,2018,161.658492,250.399159,144.220684,181.632023,180.319817,178.183842
2018-04-19,2018,160.959905,249.495964,144.256137,179.572798,180.420723,178.614768
2018-04-20,2018,161.799379,249.350296,144.2916,181.896144,179.844716,178.270028
2018-04-23,2018,162.168148,250.765991,144.327071,182.878237,179.954031,178.183842
2018-04-24,2018,162.505044,251.896399,144.362551,183.769492,179.674436,177.709848
2018-04-25,2018,162.433345,253.229232,144.39804,183.49647,178.780993,176.848013
2018-04-26,2018,163.486031,255.842567,144.433537,186.427278,181.595863,179.929064
2018-04-27,2018,163.839953,252.576705,144.469043,187.366997,181.7262,179.842879
2018-04-30,2018,164.187301,254.97917,144.504558,188.287967,181.032469,179.218048
2018-05-02,2018,161.819416,247.965991,144.540081,181.47207,177.736191,176.050812
2018-05-03,2018,159.561575,241.31739,144.575614,174.969719,175.089499,173.42222
2018-05-04,2018,159.263783,241.780245,144.611155,174.052359,174.732122,172.926676
2018-05-07,2018,159.10682,236.951059,144.646705,173.536263,173.882826,171.978655
2018-05-08,2018,161.713855,246.023733,144.682263,180.895956,174.391563,172.840491
2018-05-09,2018,162.310367,248.262921,144.71783,182.526797,177.143366,175.275161
2018-05-10,2018,162.331263,248.265985,144.753406,182.517449,180.498505,178.550134
2018-05-11,2018,161.139468,245.314651,144.788991,179.05261,179.150984,177.300473
2018-05-14,2018,160.046424,242.893394,144.824584,175.869142,179.17621,177.515927
2018-05-15,2018,159.061205,242.197805,144.860187,172.992893,178.961784,177.128102
2018-05-16,2018,161.104482,250.068548,144.895798,178.746097,181.919604,179.735143
2018-05-17,2018,158.848017,241.684646,144.931417,172.247495,175.79164,174.047051
2018-05-18,2018,157.758955,238.710454,144.967046,169.075305,174.656443,172.81894
2018-05-21,2018,158.608843,241.604282,145.002683,171.427984,171.992933,170.642809
2018-05-22,2018,160.621884,251.01665,145.038329,177.094966,173.935382,172.36648
2018-05-23,2018,159.547439,246.588695,145.073984,173.964374,170.000031,168.595963
2018-05-24,2018,160.198756,246.980401,145.109647,175.751191,168.433878,166.872292
2018-05-25,2018,159.856141,242.946088,145.14532,174.705859,165.860764,166.872292
2018-05-28,2018,156.121412,230.978585,145.181001,163.994938,158.414709,156.616498
2018-05-29,2018,157.067481,232.183796,145.216691,166.621578,159.919897,158.146249
2018-05-30,2018,158.068412,237.181529,145.252389,169.404527,161.35361,159.589814
2018-06-01,2018,160.270113,248.510053,145.288097,175.608962,162.375287,160.77484
2018-06-04,2018,163.049496,258.222236,145.323813,183.459438,165.225894,163.424966
2018-06-05,2018,160.608218,249.363517,145.359538,176.434024,161.118161,159.654449
2018-06-06,2018,158.124141,241.744674,145.395272,169.286638,160.014497,158.297069
2018-06-07,2018,155.081735,230.098242,145.431014,160.548321,155.250872,153.772452
2018-06-08,2018,155.30954,229.79481,145.466765,161.128205,153.339956,151.682506
2018-06-11,2018,154.206374,225.770775,145.502526,157.915569,152.00715,150.51903
2018-06-12,2018,154.974126,228.162855,145.538294,160.033957,152.944739,151.4024
2018-06-13,2018,154.892604,230.043127,145.574072,159.732384,151.616138,150.282025
2018-06-14,2018,155.870016,232.265575,145.609859,162.448146,150.142483,148.23518
2018-06-15,2018,155.177258,229.356674,145.645654,160.404871,148.748713,146.748513
2018-06-18,2018,154.880953,227.988216,145.681458,159.49124,146.766322,145.477302
2018-06-19,2018,157.371171,236.608668,145.717271,166.517577,150.085723,148.256714
2018-06-20,2018,157.41336,235.136799,145.753092,166.568423,151.61824,149.76493
2018-06-21,2018,156.392511,229.706507,145.788923,163.590209,147.312898,145.778959
2018-06-22,2018,156.680438,232.591474,145.824762,164.341235,148.502753,146.899333
2018-06-25,2018,157.126609,233.330628,145.86061,165.543148,149.158645,147.804253
2018-06-26,2018,157.237685,238.30344,145.896467,165.790214,150.108848,148.666089
2018-06-27,2018,156.494217,233.206244,145.932333,163.602306,148.435482,146.511508
2018-06-28,2018,157.332632,236.283536,145.968208,165.921838,150.86985,149.527925
2018-06-29,2018,158.971435,241.390857,146.004091,170.521995,152.963659,151.57477
2018-07-02,2018,158.392785,237.184233,146.039983,168.803675,153.12553,151.467051
2018-07-03,2018,158.923414,237.330638,146.075884,170.246141,154.866166,153.190706
2018-07-04,2018,159.136574,238.533604,146.111794,170.783988,157.12605,155.366837
2018-07-05,2018,158.126474,235.158389,146.147713,167.836229,156.726629,154.849743
2018-07-06,2018,158.256295,236.171927,146.18364,168.136572,157.687342,156.099387
2018-07-10,2018,156.886929,234.65367,146.255522,164.095474,157.376214,155.883932
2018-07-11,2018,156.520522,228.949853,146.291476,162.981802,156.402887,154.612737
2018-07-12,2018,158.36641,238.583724,146.327438,168.17188,159.465818,157.844609
2018-07-13,2018,159.632634,243.79589,146.36341,171.710231,161.017255,159.460545
2018-07-16,2018,160.384303,245.778941,146.399391,173.782382,161.141286,159.331259
2018-07-17,2018,161.722566,251.790487,146.43538,177.525969,164.246261,162.390776
2018-07-18,2018,160.838952,248.773173,146.471378,174.93847,162.63386,160.861026
2018-07-19,2018,160.808997,248.217542,146.507385,174.783389,162.894535,160.839475
2018-07-20,2018,162.172925,252.210191,146.543401,178.600055,165.173339,163.317247
2018-07-23,2018,161.951515,249.423717,146.579426,177.899405,163.964564,162.13222
2018-07-24,2018,163.065,256.648475,146.615459,181.002418,166.401034,164.825447
2018-07-25,2018,163.962213,256.796743,146.651502,183.489165,168.635691,166.699938
2018-07-26,2018,163.363375,254.391664,146.687553,181.713009,166.926588,165.084002
2018-07-27,2018,162.294903,252.489997,146.723613,178.598652,167.895711,166.182827
2018-07-30,2018,162.423134,252.611848,146.759683,178.894191,168.75762,166.807657
2018-07-31,2018,161.633328,249.973986,146.79576,176.573837,166.537678,164.717711
2018-08-01,2018,162.276914,251.730092,146.831847,178.337806,166.71006,164.739261
2018-08-02,2018,163.111174,252.834656,146.867943,180.645068,167.414303,165.795002
2018-08-03,2018,164.311344,257.383796,146.904048,183.994947,171.19409,169.47935
2018-08-06,2018,164.155626,259.318252,146.940161,183.48131,170.386839,168.574413
2018-08-07,2018,165.483562,262.705105,146.976283,187.195214,168.906877,166.958477
2018-08-08,2018,164.033552,255.632785,147.012414,182.993553,166.394727,164.437621
2018-08-09,2018,164.642745,257.286807,147.048554,184.659422,165.587476,163.661971
2018-08-10,2018,162.454189,249.811658,147.084703,178.353296,160.849077,159.008085
2018-08-13,2018,163.565932,251.570064,147.120861,181.451105,162.913455,161.35657
2018-08-14,2018,164.422805,256.385951,147.157028,183.822667,165.238508,163.532701
2018-08-15,2018,163.818315,250.952977,147.193204,182.030166,162.034728,160.279279
2018-08-16,2018,163.093691,248.413899,147.229388,179.895335,161.490254,159.740634
2018-08-17,2018,162.258209,246.592503,147.265581,177.444606,159.829502,158.038513
2018-08-20,2018,162.997841,251.430589,147.301784,179.482029,160.458065,158.749529
2018-08-21,2018,160.930891,242.309407,147.337995,173.522291,158.044719,156.228673
2018-08-22,2018,161.374426,246.764366,147.374215,174.715972,161.664738,159.762185
2018-08-23,2018,160.223905,240.790143,147.410444,171.367495,158.999126,157.349048
2018-08-24,2018,160.632571,243.388353,147.446682,172.461784,160.319319,158.749529
2018-08-27,2018,161.201262,248.308994,147.482929,174.012035,163.825817,161.80903
2018-08-28,2018,160.129713,246.823132,147.519185,170.888532,162.865104,161.141115
2018-08-29,2018,161.4788,248.728861,147.555449,174.662429,164.790735,163.058691
2018-08-30,2018,159.503982,240.923351,147.591723,168.965092,160.617833,158.878799
2018-08-31,2018,160.297441,243.061717,147.628005,171.155736,161.193841,159.69755
2018-09-03,2018,159.55022,240.267998,147.664297,168.956308,160.174266,158.318619
2018-09-04,2018,156.904372,228.674851,147.700597,161.346873,157.060881,155.280652
2018-09-05,2018,157.976837,232.70973,147.736906,164.33247,157.859724,156.034752
2018-09-06,2018,158.964581,237.943179,147.773224,167.076644,160.64306,159.654449
2018-09-10,2018,158.752823,235.569333,147.809551,166.40291,160.685104,159.438994
2018-09-11,2018,157.322418,231.006565,147.845887,162.256717,156.945259,155.409922
2018-09-12,2018,157.901258,231.907388,147.882232,163.835697,157.929097,156.357943
2018-09-13,2018,156.860104,226.209401,147.918586,160.798612,157.008326,155.172917
2018-09-14,2018,157.162675,229.003157,147.954949,161.590349,158.568171,156.875038
2018-09-17,2018,158.581903,235.453687,147.991321,165.563901,161.427187,159.589814
2018-09-18,2018,159.988685,242.758082,148.027702,169.501971,164.633069,162.347675
2018-09-19,2018,158.775557,237.669835,148.064091,165.974789,164.328247,162.175305
2018-09-20,2018,158.372081,236.521845,148.10049,164.754629,164.21683,162.304591
2018-09-21,2018,160.450895,244.999934,148.136897,170.607551,167.008575,164.825447
2018-09-24,2018,159.293416,239.304036,148.173314,167.238884,163.939337,162.024485
2018-09-25,2018,159.381375,242.160066,148.209739,167.41898,165.29737,163.489601
2018-09-26,2018,159.384984,240.944944,148.246174,167.358711,165.352027,163.424966
2018-09-27,2018,160.667333,244.442172,148.282617,170.942097,168.177408,166.053557
2018-09-28,2018,160.257794,243.706528,148.319069,169.70456,166.794149,165.062452
2018-10-01,2018,160.064503,242.47508,148.355586,169.083079,165.284757,163.317247
2018-10-02,2018,163.174562,253.808824,148.392111,177.874226,171.566183,169.737889
2018-10-03,2018,166.476292,265.296416,148.428645,187.21151,175.057966,172.991311
2018-10-04,2018,166.217575,262.675068,148.465188,186.403551,174.385256,172.107925
2018-10-05,2018,167.288984,265.475133,148.50174,189.385668,173.058757,171.181454
2018-10-08,2018,171.06292,276.428472,148.538301,200.068413,180.9673,180.209154
2018-10-09,2018,171.661223,275.767467,148.574871,201.702416,180.975709,178.830223
2018-10-10,2018,169.379277,266.446437,148.61145,195.129351,175.911466,173.939332
2018-10-11,2018,170.3815,269.344858,148.648039,197.914258,174.317986,172.689671
2018-10-15,2018,170.418611,268.968642,148.684636,197.949135,175.240859,173.357585
2018-10-16,2018,173.448452,281.26831,148.721242,206.51155,180.197888,177.968388
2018-10-17,2018,174.168174,284.310626,148.757857,208.491441,180.29459,178.226943
2018-10-18,2018,173.432411,279.583329,148.794481,206.324021,176.264639,178.226943
2018-10-19,2018,174.937604,286.202001,148.831114,210.542014,177.048766,174.995072
2018-10-22,2018,175.527195,289.443449,148.867757,212.151055,179.94352,178.011488
2018-10-23,2018,175.527181,289.281529,148.904408,212.080041,179.319161,177.300473
2018-10-24,2018,174.859807,284.281345,148.941068,210.10742,174.618603,172.689671
2018-10-25,2018,175.974946,288.795786,148.977737,213.213916,176.762865,174.585696
2018-10-26,2018,176.834863,290.700005,149.014416,215.593157,180.202093,178.205393
2018-10-29,2018,175.931386,287.089598,149.051103,212.947726,176.159528,174.111686
2018-10-30,2018,177.807528,295.877174,149.0878,218.22259,182.653278,180.467709
2018-10-31,2018,178.012034,299.537273,149.124505,218.734237,183.784271,181.157175
2018-11-01,2018,178.540393,301.634132,149.161219,220.168658,185.875978,183.67803
2018-11-05,2018,179.64191,303.169082,149.197943,223.236236,188.354492,185.509421
2018-11-06,2018,176.764972,291.771339,149.234675,214.96749,186.401532,183.742665
2018-11-07,2018,175.186708,284.745622,149.271417,210.399198,184.393914,182.255999
2018-11-08,2018,174.095832,279.43313,149.308168,207.219666,179.991871,177.968388
2018-11-09,2018,174.147774,277.62976,149.344927,207.296486,180.036017,177.796017
2018-11-12,2018,175.860212,286.046871,149.381696,212.104748,179.79216,177.429742
2018-11-13,2018,176.060492,285.438521,149.418474,212.604211,178.507705,175.899992
2018-11-14,2018,176.014584,286.477435,149.455261,212.402164,180.733954,178.076123
2018-11-16,2018,177.777559,292.356981,149.492057,217.354376,186.077791,183.785766
2018-11-19,2018,177.297759,291.741347,149.528861,215.915952,184.787029,181.631185
2018-11-21,2018,177.058935,290.133291,149.602499,215.092848,183.458428,181.588084
2018-11-22,2018,178.644945,292.655745,149.639331,219.540739,183.895689,181.631185
2018-11-23,2018,178.990798,291.945912,149.676172,220.454878,181.274224,178.894858
2018-11-26,2018,177.81869,287.065417,149.713022,217.043688,179.838409,177.408192
2018-11-27,2018,180.919007,298.592147,149.749881,225.80643,184.766007,182.040544
2018-11-28,2018,182.639485,301.971013,149.78675,230.637407,187.625023,185.293966
2018-11-29,2018,182.976994,301.095138,149.823627,231.527701,188.589941,186.112701
2018-11-30,2018,181.650467,295.890338,149.860514,227.676436,188.156884,186.091167
2018-12-03,2018,181.081792,292.314126,149.89741,225.984593,188.821185,186.349706
2018-12-04,2018,180.997276,290.669997,149.934314,225.672307,186.306932,183.634946
2018-12-05,2018,180.626756,291.716821,149.971228,224.545058,187.181455,185.358601
2018-12-06,2018,181.484874,294.428671,150.008151,226.918701,186.773625,184.302861
2018-12-07,2018,180.702247,292.178353,150.045083,224.617149,185.236904,182.988565
2018-12-10,2018,179.38449,286.920477,150.082024,220.790764,180.612025,178.528583
2018-12-11,2018,180.561379,292.1178,150.118974,224.07267,181.673645,179.907514
2018-12-12,2018,182.412814,296.51227,150.155934,229.276624,182.84458,180.769349
2018-12-13,2018,182.856697,298.736772,150.192902,230.469847,184.654589,181.588084
2018-12-14,2018,183.488253,301.041884,150.22988,232.197811,183.838929,181.437264
2018-12-17,2018,182.229927,298.507029,150.266866,228.540686,181.631601,179.347318
2018-12-18,2018,184.173408,304.844861,150.303862,234.006848,182.073066,179.907514
2018-12-19,2018,183.664762,304.664986,150.340867,232.485841,180.105391,177.752933
2018-12-20,2018,184.312135,306.918295,150.377881,234.258806,179.253992,177.580562
2018-12-21,2018,185.046444,313.334937,150.414904,236.279471,180.153742,177.623663
2018-12-26,2018,184.177112,308.648222,150.488977,233.658936,178.974398,176.977282
2018-12-27,2018,183.757913,306.589255,150.526027,232.392714,179.655516,178.076123
2018-12-28,2018,186.308574,316.742666,150.563087,239.588866,184.757598,182.27755
2019-01-03,2019,185.922464,311.511154,150.600156,238.342761,185.878178,182.484916
2019-01-04,2019,186.05596,309.712379,150.637233,238.723679,186.440497,183.521762
2019-01-07,2019,186.138621,309.946151,150.67432,238.917793,186.152232,183.480295
2019-01-08,2019,186.541099,311.163864,150.711416,240.286962,186.828234,184.206084
2019-01-09,2019,187.05007,310.702774,150.748521,242.047381,190.037721,187.295881
2019-01-10,2019,187.4433,308.908815,150.785636,243.382513,190.429517,187.503247
2019-01-11,2019,186.910106,305.564832,150.822759,241.313731,190.129072,187.420298
2019-01-14,2019,187.390226,307.838008,150.859892,242.968062,191.785581,189.141466
2019-01-15,2019,186.927738,309.675341,150.897033,241.159014,190.937026,187.897254
2019-01-16,2019,187.395969,316.519473,150.934184,242.769613,191.621148,189.01705
2019-01-17,2019,187.222235,318.326308,150.971344,242.021458,193.565922,190.717477
2019-01-18,2019,187.144965,323.363528,151.008513,241.627706,195.080329,192.044638
2019-01-21,2019,186.277032,323.230663,151.045692,238.328854,194.903716,192.106847
2019-01-22,2019,185.21725,322.755692,151.082879,234.325078,193.062474,189.535473
2019-01-23,2019,187.695174,324.723919,151.120076,243.319605,196.016175,193.060743
2019-01-24,2019,187.888678,328.903347,151.157282,243.920628,198.287785,195.279593
2019-01-28,2019,186.707596,328.205273,151.231721,239.361081,193.754716,190.945584
2019-01-29,2019,188.537849,326.046204,151.268954,245.97581,194.150573,191.173692
2019-01-30,2019,189.122567,323.959391,151.306196,248.014136,196.905331,193.93169
2019-01-31,2019,188.801606,321.984257,151.343448,246.724766,197.713285,194.927069
2019-02-01,2019,188.308776,324.99612,151.380709,244.803881,198.661312,195.6736
2019-02-04,2019,188.390978,325.306123,151.417978,244.995769,200.139178,197.06297
2019-02-05,2019,188.806114,323.339239,151.455258,246.410902,199.574828,196.58603
2019-02-06,2019,186.157791,318.119161,151.492546,236.570173,192.114447,189.265883
2019-02-07,2019,186.359724,317.446116,151.529843,237.201896,191.647539,188.705993
2019-02-08,2019,187.954514,327.952185,151.56715,242.951264,193.549682,190.157571
2019-02-11,2019,186.807401,325.826172,151.604466,238.626234,191.661749,188.685251
2019-02-12,2019,188.571989,335.176586,151.641791,244.999424,195.224461,191.71284
2019-02-13,2019,187.853291,330.530462,151.679125,242.248435,194.56267,192.023897
2019-02-14,2019,190.26445,337.150248,151.716468,250.997214,198.973937,195.632117
2019-02-15,2019,189.659029,333.76765,151.753821,248.662378,197.98125,195.010019
2019-02-18,2019,190.51683,337.268178,151.791183,251.703718,195.918734,192.81191
2019-02-19,2019,190.451012,338.544245,151.828554,251.351445,198.251244,194.470855
2019-02-20,2019,189.87852,335.869408,151.865934,249.137515,195.989785,193.205901
2019-02-21,2019,191.799775,340.476379,151.903323,256.086142,196.775409,194.056122
2019-02-22,2019,195.255874,340.684271,151.940722,268.674106,198.712063,195.839499
2019-02-25,2019,196.338314,340.381922,151.97813,272.540684,197.40066,194.450113
2019-02-26,2019,197.192786,341.919642,152.015547,275.569632,198.137562,195.175918
2019-02-27,2019,195.526651,334.700711,152.052973,269.337271,197.536672,194.595271
2019-02-28,2019,195.74246,330.871696,152.090408,270.019573,194.038921,190.468628
2019-03-01,2019,197.49712,333.754419,152.127853,276.355931,192.049486,188.871892
2019-03-06,2019,198.825705,325.406954,152.165307,281.126763,191.263862,188.208311
2019-03-07,2019,197.921733,321.678861,152.20277,277.694656,191.513556,188.809684
2019-03-08,2019,197.782593,335.316336,152.240242,277.072685,193.594343,190.468628
2019-03-11,2019,200.426304,337.597116,152.277724,286.675505,198.998298,196.067606
2019-03-12,2019,199.673472,335.931307,152.315215,283.798639,198.59432,195.756549
2019-03-13,2019,202.2269,334.28854,152.352715,293.069686,200.778639,197.643601
2019-03-14,2019,201.753018,334.134717,152.390224,291.217686,200.171658,196.897071
2019-03-15,2019,202.641602,333.177582,152.427742,294.371668,201.251637,198.099816
2019-03-18,2019,204.463362,339.516352,152.46527,300.954319,202.991378,199.862451
2019-03-19,2019,203.184933,342.192093,152.502807,296.146152,202.167183,199.19887
2019-03-20,2019,203.223713,340.886751,152.540353,296.177681,199.026718,195.652859
2019-03-21,2019,202.271099,338.574238,152.577909,292.56658,196.363311,192.874119
2019-03-22,2019,199.218241,336.057455,152.615473,281.238679,190.285385,187.150724
2019-03-25,2019,199.525033,340.829522,152.653047,282.254862,190.137192,187.35809
2019-03-26,2019,201.752392,342.759051,152.690631,290.32761,193.476601,190.59306
2019-03-27,2019,197.949098,333.664237,152.728223,276.242358,186.56636,182.692282
2019-03-28,2019,200.184834,334.577158,152.765825,284.345833,191.613028,188.74746
2019-03-29,2019,201.958048,341.688198,152.803436,290.749871,193.695845,190.385678
2019-04-01,2019,202.98099,341.880103,152.841056,294.397213,194.993037,191.505474
2019-04-02,2019,202.006763,336.962294,152.878685,290.706481,193.639004,190.427161
2019-04-03,2019,202.982523,341.77671,152.916324,294.180412,191.820092,189.037791
2019-04-04,2019,203.058584,339.321273,152.953972,294.348615,195.518817,192.583803
2019-04-05,2019,203.406287,347.622972,152.991629,295.514867,197.132695,194.01464
2019-04-08,2019,203.49414,353.571748,153.029296,295.726346,197.662534,194.470855
2019-04-09,2019,202.193587,348.961413,153.066972,290.836481,195.476186,192.231263
2019-04-10,2019,201.841812,348.24657,153.104657,289.432612,194.788004,191.79579
2019-04-11,2019,200.392438,349.5768,153.142351,283.995891,192.356021,189.49399
2019-04-12,2019,200.934018,349.943209,153.180055,285.874352,188.539554,185.616196
2019-04-15,2019,200.728422,348.441998,153.217768,285.007497,188.961802,186.238294
2019-04-16,2019,199.651995,347.074171,153.25549,280.940983,191.499346,188.705993
2019-04-17,2019,198.546475,344.814068,153.293221,276.767546,189.371869,186.632301
2019-04-18,2019,199.435605,343.841027,153.330962,279.92288,191.996705,189.037791
2019-04-22,2019,198.799576,348.819128,153.368712,277.474405,192.017005,189.120725
2019-04-23,2019,200.246159,358.573624,153.406472,282.677887,194.727103,191.546957
2019-04-24,2019,199.248023,357.04927,153.44424,278.898894,192.944731,189.950205
2019-04-25,2019,199.674387,360.966942,153.482018,280.353808,196.003995,192.646011
2019-04-26,2019,200.437126,354.366618,153.519806,283.044613,195.362504,192.086105
2019-04-29,2019,199.953471,354.759603,153.557602,281.155858,195.265062,192.272746
2019-04-30,2019,202.074618,356.200878,153.595408,288.837704,195.600018,192.604528
2019-05-02,2019,201.077242,363.15666,153.633223,285.061366,193.925239,191.111483
2019-05-03,2019,204.202259,372.722888,153.671048,296.431603,194.899656,192.023897
2019-05-06,2019,204.283446,369.897981,153.708882,296.618094,192.87165,189.970946
2019-05-07,2019,203.235369,370.045216,153.746725,292.655385,191.613028,188.664526
2019-05-08,2019,204.010759,370.55948,153.784577,295.392482,194.065311,191.007792
2019-05-09,2019,203.418337,369.736762,153.822439,293.103899,192.463613,189.473265
2019-05-10,2019,203.819547,372.760026,153.86031,294.466116,191.347093,188.291261
2019-05-13,2019,200.97167,360.262479,153.89819,283.890429,186.209073,183.127756
2019-05-14,2019,201.820142,362.862074,153.93608,286.895932,186.950036,184.060927
2019-05-15,2019,200.517189,356.273023,153.973979,281.996589,185.99795,182.215342
2019-05-16,2019,200.376099,351.591723,154.011888,281.366162,182.751923,179.498794
2019-05-17,2019,200.77619,357.261825,154.049805,282.724134,182.688992,179.872059
2019-05-20,2019,202.54106,373.068055,154.087732,289.096576,186.653651,184.206084
2019-05-21,2019,206.436548,376.715999,154.125669,303.297365,191.807912,189.099999
2019-05-22,2019,207.650828,376.156066,154.163614,307.646766,191.556187,188.623043
2019-05-23,2019,207.309321,373.825126,154.20157,306.279824,190.640641,187.523989
2019-05-24,2019,206.779248,363.474338,154.239534,304.220024,190.068171,187.150724
2019-05-27,2019,209.083866,362.292686,154.277508,312.575485,192.577295,189.742839
2019-05-28,2019,209.695525,372.886233,154.315491,314.710609,195.681219,192.54232
2019-05-29,2019,208.286699,378.089831,154.353483,309.421987,196.034446,192.977794
2019-05-30,2019,209.346507,385.122343,154.391485,313.203656,197.841177,194.84412
2019-05-31,2019,208.936288,379.992728,154.429496,311.58409,196.974352,194.076848
2019-06-03,2019,208.101184,375.56113,154.467517,308.403369,196.954052,193.848756
2019-06-04,2019,209.389353,380.562024,154.505547,313.024003,197.684865,194.512337
2019-06-05,2019,207.314492,370.202481,154.543586,305.28808,194.881385,192.106847
2019-06-06,2019,208.498763,366.562932,154.581635,309.526918,197.329608,194.28423
2019-06-07,2019,209.677592,377.250465,154.619693,313.745731,198.58011,195.383284
2019-06-10,2019,211.262713,376.241676,154.65776,319.457324,197.861478,194.616012
2019-06-11,2019,213.691888,373.713371,154.695837,328.270131,200.892321,197.871709
2019-06-12,2019,210.65212,369.096696,154.733923,316.988787,199.595128,196.295714
2019-06-13,2019,210.462999,368.81225,154.772018,316.181332,200.514734,197.291077
2019-06-14,2019,209.189966,361.750472,154.810123,311.391314,199.024688,195.984657
2019-06-17,2019,208.427054,368.606159,154.848238,308.475567,198.178163,195.445492
2019-06-18,2019,210.150651,372.393859,154.886361,314.695785,201.793657,198.597498
2019-06-19,2019,209.910172,372.139915,154.924494,313.699516,203.618659,200.380874
2019-06-21,2019,210.586588,376.147784,154.962637,316.072101,207.090019,203.678053
2019-06-24,2019,210.920079,379.369028,155.000788,317.184676,207.189491,203.864678
2019-06-25,2019,209.108951,372.085352,155.03895,310.417408,203.192351,199.820984
2019-06-26,2019,209.426597,375.243192,155.07712,311.471707,204.402252,200.837089
2019-06-27,2019,210.350762,376.429701,155.1153,314.754467,204.473304,201.293304
2019-06-28,2019,211.383535,376.780507,155.15349,318.436248,204.966602,201.376254
2019-07-01,2019,211.876352,382.688651,155.191688,320.134081,205.723805,202.081301
2019-07-02,2019,210.461914,370.759517,155.229897,314.824203,204.231729,200.67119
2019-07-03,2019,212.401034,371.635556,155.268114,321.836025,207.15092,207.369223
2019-07-04,2019,213.07069,372.412678,155.306341,324.18352,210.384767,207.369223
2019-07-05,2019,213.919185,375.153435,155.344578,327.188084,211.304373,207.929113
2019-07-08,2019,215.161181,372.795815,155.382823,331.63843,212.199619,208.530485
2019-07-10,2019,216.609341,389.761583,155.459343,336.733162,214.812275,211.433658
2019-07-11,2019,215.478396,374.157987,155.497617,332.464707,213.450121,209.878388
2019-07-12,2019,214.803778,368.158339,155.535901,329.87287,210.932877,207.472914
2019-07-15,2019,214.750345,363.48415,155.574194,329.563379,210.723783,207.452172
2019-07-16,2019,215.423132,364.198748,155.612496,331.92216,210.666942,207.161857
2019-07-17,2019,215.961946,363.472015,155.650808,333.78866,210.831375,207.389964
2019-07-18,2019,217.011339,360.335669,155.689129,337.531118,212.579236,208.820801
2019-07-19,2019,215.897871,352.800529,155.72746,333.326708,210.011241,206.539743
2019-07-22,2019,216.686899,363.756647,155.7658,336.112473,211.020168,207.369223
2019-07-23,2019,216.076328,369.530402,155.80415,333.755763,210.52281,207.576589
2019-07-24,2019,215.291408,368.985513,155.842509,330.758432,211.367304,208.177961
2019-07-25,2019,214.717557,368.866945,155.880877,328.536586,208.393302,204.880798
2019-07-26,2019,215.674497,370.384148,155.919255,331.939183,208.726228,205.606588
2019-07-29,2019,216.9618,371.40023,155.957642,336.555579,210.074172,206.456793
2019-07-30,2019,216.286863,370.310993,155.996039,333.962239,208.957652,205.544379
2019-07-31,2019,216.017535,372.397219,156.034445,332.859167,206.681982,203.180371
2019-08-01,2019,216.738771,368.480568,156.069945,335.40424,207.319413,204.113527
2019-08-02,2019,216.432616,368.861227,156.105452,334.174425,208.431873,204.839316
2019-08-05,2019,213.501334,366.554998,156.140968,323.299278,203.202501,200.049092
2019-08-06,2019,216.461265,385.813034,156.176491,334.069749,207.396555,204.134268
2019-08-07,2019,216.065421,387.406938,156.212023,332.510324,208.651117,205.399222
2019-08-08,2019,217.37672,385.99988,156.247563,337.223302,211.357154,208.115753
2019-08-09,2019,217.254012,393.838221,156.283111,336.667393,211.11558,207.866904
2019-08-12,2019,215.627169,388.1139,156.318667,330.58493,206.891076,203.553637
2019-08-13,2019,217.598736,398.702043,156.354231,337.723808,209.700645,206.373844
2019-08-14,2019,215.109195,395.216553,156.389803,328.471554,203.527307,200.422357
2019-08-15,2019,213.293627,390.410664,156.425383,321.695599,201.089234,197.788759
2019-08-16,2019,215.245765,401.218066,156.460971,328.763021,202.609731,199.385511
2019-08-19,2019,214.995196,399.067861,156.496568,327.737177,201.925609,198.597498
2019-08-20,2019,214.693981,396.393572,156.532172,326.525227,201.42419,198.120557
2019-08-21,2019,214.771947,403.391204,156.567785,326.706447,205.443661,202.2472
2019-08-22,2019,212.192115,395.105631,156.603406,317.122294,203.025888,199.800243
2019-08-23,2019,210.510805,388.876269,156.639035,310.83949,198.267485,194.968536
2019-08-26,2019,209.884832,382.725031,156.674672,308.434211,195.756331,192.127588
2019-08-27,2019,210.42581,390.423844,156.710317,310.316546,197.473741,194.20128
2019-08-28,2019,210.795921,384.710781,156.74597,311.571052,199.337314,196.129815
2019-08-29,2019,215.160493,401.729803,156.781631,327.502085,204.067296,200.85783
2019-08-30,2019,215.919095,412.997797,156.8173,330.183946,205.307648,202.4131
2019-09-02,2019,215.476167,405.544139,156.852978,328.451093,204.27436,200.650464
2019-09-03,2019,214.196798,399.229911,156.888664,323.644944,202.355976,198.867088
2019-09-04,2019,215.584883,402.365935,156.924357,328.639597,205.441631,201.915418
2019-09-05,2019,215.373542,398.80904,156.960059,327.757577,207.556928,204.134268
2019-09-06,2019,214.747335,392.672425,156.995769,325.351218,208.961712,205.565105
2019-09-09,2019,214.932412,394.211439,157.031487,325.925677,209.461101,205.979853
2019-09-10,2019,213.743868,391.5157,157.067213,321.45312,209.158626,205.689537
2019-09-11,2019,215.200182,400.78599,157.102948,326.69834,209.99906,206.8508
2019-09-12,2019,215.430004,398.813762,157.13869,327.43713,211.876843,208.115753
2019-09-13,2019,213.571489,390.560813,157.174441,320.502875,210.110712,206.498276
2019-09-16,2019,213.258517,400.945493,157.2102,319.247272,210.474089,206.954491
2019-09-17,2019,215.034577,416.183123,157.245967,325.667215,212.376232,208.945233
2019-09-18,2019,215.846501,412.723168,157.281742,328.544682,212.203679,208.675643
2019-09-19,2019,216.855575,415.777997,157.314569,332.155232,211.811882,208.281652
2019-09-20,2019,217.271156,414.464943,157.347404,333.585136,212.782239,208.945233
2019-09-23,2019,216.888203,414.113653,157.380246,332.081026,212.418863,208.9867
2019-09-24,2019,215.620281,411.324404,157.413094,327.325321,210.871976,207.369223
2019-09-25,2019,215.629916,409.960268,157.445949,327.263627,212.100147,208.302378
2019-09-26,2019,215.407428,412.971556,157.478811,326.349042,213.801317,210.334603
2019-09-27,2019,215.335358,416.548464,157.51168,325.987102,213.312078,209.940597
2019-09-30,2019,215.248165,418.460157,157.544556,325.569579,212.636077,209.463656
2019-10-01,2019,215.396337,416.944223,157.577439,326.016821,211.231292,207.493639
2019-10-02,2019,213.250271,409.619635,157.610329,318.034495,205.096524,201.459203
2019-10-03,2019,214.070463,402.995768,157.643225,320.950846,206.081092,202.641207
2019-10-04,2019,215.629536,410.983661,157.676128,326.581994,208.182179,204.652691
2019-10-07,2019,213.803938,400.347208,157.709038,319.777082,204.166768,200.733414
2019-10-08,2019,212.368853,402.043016,157.741955,314.406976,202.964987,199.385511
2019-10-09,2019,214.444964,408.133446,157.774879,321.937776,205.539072,202.184992
2019-10-10,2019,215.070239,405.441092,157.80781,324.137861,206.692132,203.387738
2019-10-11,2019,217.449988,413.195177,157.840748,332.784254,210.782654,207.307015
2019-10-14,2019,218.814564,419.563192,157.873692,337.700656,211.736771,208.095012
2019-10-15,2019,219.149739,418.727435,157.906644,338.834782,212.118418,208.571968
2019-10-16,2019,219.256992,418.067972,157.939602,339.131455,214.012441,210.272395
2019-10-17,2019,220.034219,424.642243,157.972567,341.889744,213.186216,209.546606
2019-10-18,2019,219.365309,422.196619,158.005539,339.334578,212.603596,208.924492
2019-10-21,2019,220.55246,433.45815,158.038518,343.598975,215.228432,211.516607
2019-10-22,2019,221.667025,437.59853,158.071504,347.596657,217.98725,214.087981
2019-10-23,2019,221.368542,436.42268,158.104497,346.402462,218.318146,214.41978
2019-10-24,2019,219.597595,434.258613,158.137496,339.798082,217.185386,213.590299
2019-10-25,2019,217.645893,429.235808,158.170503,332.529549,217.95274,214.357571
2019-10-28,2019,218.611412,429.669884,158.203516,335.979519,219.623459,215.560301
2019-10-29,2019,216.786414,420.928,158.236536,329.176482,218.342507,214.627146
2019-10-30,2019,218.76376,423.837414,158.269563,336.344092,220.072097,216.265364
2019-10-31,2019,218.819132,428.575778,158.299611,336.458746,217.660415,214.067256
2019-11-01,2019,221.144685,435.869331,158.329664,344.914538,219.641729,216.223882
2019-11-04,2019,219.934828,435.3885,158.359723,340.380417,220.463894,216.970412
2019-11-05,2019,219.435411,433.624302,158.389787,338.456601,220.159388,217.053362
2019-11-06,2019,220.316471,430.255828,158.419858,341.604945,219.925934,216.389781
2019-11-07,2019,219.469579,417.080672,158.449934,338.404394,222.453329,218.380523
2019-11-08,2019,218.241855,406.921236,158.480015,333.80456,218.490699,214.41978
2019-11-11,2019,219.046694,418.997447,158.510103,336.672802,219.6803,216.161673
2019-11-12,2019,216.915987,416.428612,158.540196,328.755174,216.777349,212.449762
2019-11-13,2019,214.648185,414.363253,158.570295,320.333809,215.009188,212.283879
2019-11-14,2019,216.637518,423.693795,158.600399,327.554102,216.314501,212.657144
2019-11-18,2019,216.69659,415.716115,158.63051,327.682163,215.888194,211.516607
2019-11-19,2019,216.809775,419.078595,158.660626,328.009027,214.408298,211.433658
2019-11-21,2019,218.518703,424.80691,158.720875,334.109962,218.222734,214.627146
2019-11-22,2019,219.101612,427.393986,158.751008,336.162652,220.648627,216.908204
2019-11-25,2019,218.58423,424.548126,158.781147,334.172605,220.104577,216.182415
2019-11-26,2019,217.825074,418.985359,158.811292,331.294211,217.333579,214.502729
2019-11-27,2019,219.688284,423.76955,158.841442,338.050963,218.651072,215.000411
2019-11-28,2019,219.826778,429.287428,158.871598,338.470702,219.832553,216.451989
2019-11-29,2019,219.208802,425.401876,158.90176,336.110982,219.716841,216.389781
2019-12-02,2019,220.434497,425.565315,158.931927,340.52531,221.39771,217.343677
2019-12-03,2019,219.047031,423.774954,158.9621,335.33828,221.184556,217.737684
2019-12-04,2019,219.531859,420.881716,158.992279,337.030461,223.914954,220.018742
2019-12-05,2019,220.275455,425.67228,159.022464,339.673397,224.566596,220.723806
2019-12-06,2019,221.281575,425.797652,159.052654,343.280886,225.589734,221.739911
2019-12-09,2019,221.499176,425.381153,159.082851,343.991163,225.287258,221.408112
2019-12-10,2019,222.346828,426.14046,159.113053,347.016377,224.668097,221.014121
2019-12-11,2019,223.846549,428.839189,159.14326,352.437418,225.260868,221.366645
2019-12-12,2019,225.37782,434.500574,159.170456,357.98328,227.769992,223.647704
2019-12-13,2019,226.207549,430.913964,159.197657,360.951506,228.510955,224.6016
2019-12-16,2019,226.285982,433.892477,159.224862,361.159287,227.152861,223.378129
2019-12-17,2019,225.210516,435.509538,159.252072,357.127371,228.614487,224.808982
2019-12-18,2019,225.966516,444.465397,159.279287,359.824662,232.063517,228.437943
2019-12-19,2019,225.951076,445.778621,159.306506,359.687492,233.720026,229.806572
2019-12-20,2019,226.251454,450.975734,159.33373,360.710694,233.699726,229.848039
2019-12-23,2019,228.342688,453.588456,159.360958,368.31389,235.206012,231.569207
2019-12-26,2019,229.0224,461.56732,159.415429,370.650331,237.92626,233.933215
2019-12-27,2019,227.567386,457.12189,159.442672,365.223773,236.568166,232.606053
2019-12-30,2019,226.958347,452.33498,159.469919,362.905506,235.411046,230.656793
2020-01-03,2020,226.312202,456.962165,159.497171,360.486669,233.691717,229.768419
2020-01-06,2020,225.514747,452.66645,159.524427,356.728254,232.045847,227.32535
2020-01-07,2020,227.264354,454.082317,159.551688,364.606223,231.617008,226.618684
2020-01-08,2020,228.159065,447.758503,159.578954,368.578531,230.79308,226.033156
2020-01-09,2020,228.787208,450.555796,159.606225,371.332985,230.197469,225.447644
2020-01-10,2020,228.500802,452.939366,159.6335,369.909252,229.315966,224.680393
2020-01-13,2020,229.537692,462.228771,159.66078,374.531055,232.933307,228.314698
2020-01-14,2020,231.113505,460.960402,159.688064,381.614939,233.542815,228.799266
2020-01-15,2020,232.368647,461.474633,159.715353,387.2338,231.124636,226.497545
2020-01-16,2020,232.74076,457.031367,159.742647,388.818467,231.700393,226.840781
2020-01-17,2020,233.655152,458.59162,159.769945,392.880549,235.222436,230.374127
2020-01-20,2020,234.18486,460.534903,159.797248,395.185164,235.984817,231.000044
2020-01-21,2020,233.427434,447.036709,159.824556,391.609404,232.339682,227.446504
2020-01-22,2020,232.783157,467.904734,159.851868,388.550555,235.049709,230.374127
2020-01-23,2020,233.604005,460.572684,159.879186,392.185199,237.307072,232.615278
2020-01-24,2020,232.759693,455.356708,159.906507,388.21244,235.019928,230.172224
2020-01-27,2020,229.315111,440.303806,159.933834,372.360172,227.288905,222.681533
2020-01-28,2020,232.340585,438.393132,159.961165,386.066719,231.253685,226.739838
2020-01-29,2020,230.459133,429.842234,159.988501,377.355667,229.081693,223.872768
2020-01-30,2020,229.662221,417.841076,160.015841,373.599376,229.3656,224.498686
2020-01-31,2020,229.257377,404.030456,160.043186,371.634252,225.857455,219.875049
2020-02-03,2020,230.786869,409.384051,160.070536,378.506242,227.580754,222.944005
2020-02-04,2020,231.401627,406.27703,160.09789,381.199191,229.423176,224.53906
2020-02-05,2020,232.747181,408.160366,160.12525,387.230808,230.358284,225.669726
2020-02-06,2020,231.385029,403.04564,160.151089,380.89853,228.694546,224.014102
2020-02-07,2020,229.55984,394.271939,160.176933,372.45082,225.875323,220.783617
2020-02-10,2020,227.926713,389.563456,160.20278,364.880542,223.492882,219.652952
2020-02-11,2020,230.766846,403.10056,160.228632,377.746605,229.053897,224.720783
2020-02-12,2020,231.389038,411.160399,160.254488,380.479848,231.640832,227.042683
2020-02-13,2020,232.237828,410.317295,160.280349,384.248304,229.63164,223.913158
2020-02-14,2020,232.580694,407.566768,160.306213,385.705399,227.088383,222.257534
2020-02-17,2020,234.19837,407.560424,160.332082,392.98652,228.930805,223.711256
2020-02-18,2020,235.679717,407.622863,160.357954,399.644796,228.271662,224.397727
2020-02-19,2020,236.867361,407.591811,160.383831,404.961254,231.331115,226.295643
2020-02-20,2020,235.623521,399.473163,160.409712,399.169314,227.495384,222.499811
2020-02-21,2020,235.83464,397.879588,160.435598,400.024428,225.698625,220.98552
2020-02-26,2020,228.286142,371.209491,160.461487,365.429244,209.88914,205.741667
2020-02-27,2020,225.201363,358.684565,160.487381,351.226811,204.461143,200.29021
2020-02-28,2020,225.335527,364.644074,160.513279,351.730293,206.819761,203.11689
2020-03-02,2020,227.989016,371.891122,160.539181,363.743449,211.689869,207.942429
2020-03-03,2020,225.688796,369.09343,160.565087,353.125268,209.529788,205.438805
2020-03-04,2020,227.845719,366.131999,160.590997,362.869795,212.879104,208.164526
2020-03-05,2020,222.423934,335.799796,160.616912,337.990522,202.970132,199.462406
2020-03-06,2020,220.580875,323.320579,160.642831,329.460857,194.560113,190.598757
2020-03-09,2020,209.085111,273.721165,160.668754,276.832207,170.874672,166.975809
2020-03-10,2020,214.458056,296.689996,160.694681,301.269256,183.07873,178.948804
2020-03-11,2020,208.991674,280.213615,160.720612,276.186166,169.095782,165.683615
2020-03-12,2020,197.429602,221.235833,160.746548,223.254531,144.103969,141.535724
2020-03-13,2020,205.136333,260.561549,160.772487,258.353569,164.14626,160.494646
2020-03-16,2020,195.531333,226.244157,160.798431,214.3629,141.294674,138.103338
2020-03-17,2020,198.244318,220.765833,160.824379,226.647671,148.142208,143.352876
2020-03-18,2020,192.12955,181.822559,160.850331,198.602305,132.811196,131.258744
2020-03-19,2020,192.804392,188.231564,160.873216,201.588643,135.66417,131.238549
2020-03-20,2020,193.286084,195.912267,160.896103,203.692554,133.15665,130.77416
2020-03-23,2020,192.29866,182.618988,160.918994,199.084705,126.209847,123.444997
2020-03-24,2020,195.832114,199.133263,160.941888,215.130747,138.437729,136.084283
2020-03-25,2020,199.125406,229.016946,160.964785,230.079579,148.815248,144.826793
2020-03-26,2020,200.881436,244.569241,160.987685,238.005322,154.282951,150.560901
2020-03-27,2020,199.00494,225.519577,161.010589,229.335641,145.783591,141.778016
2020-03-30,2020,200.270036,223.664758,161.033496,235.018496,148.187871,145.311362
2020-03-31,2020,199.295011,216.597525,161.056406,230.467209,144.971575,140.021433
2020-04-01,2020,198.088338,205.539716,161.07932,224.857611,140.895615,137.659143
2020-04-02,2020,196.682713,202.308363,161.102236,218.339079,143.448798,140.586766
2020-04-03,2020,195.752387,185.852181,161.125156,213.991961,138.058524,135.074756
2020-04-06,2020,198.606889,201.292485,161.14808,226.936046,147.062168,144.503737
2020-04-07,2020,198.521682,213.099835,161.171006,226.449878,151.598734,148.420708
2020-04-08,2020,199.748318,228.588657,161.193936,231.956928,156.099563,152.903012
2020-04-09,2020,199.911396,229.723128,161.216869,232.60504,154.227361,151.166623
2020-04-13,2020,201.43417,234.127857,161.239805,239.464986,156.518476,153.367385
2020-04-14,2020,201.999554,245.230749,161.262745,241.951029,158.666644,155.164343
2020-04-15,2020,202.120395,244.937623,161.285688,242.406133,156.508549,153.549108
2020-04-16,2020,201.492329,246.450536,161.308634,239.4398,154.485459,151.287762
2020-04-17,2020,201.859291,247.963708,161.331583,241.019298,156.824222,153.448149
2020-04-20,2020,202.756229,252.510242,161.354536,245.020009,156.790471,152.761678
2020-04-22,2020,204.771914,256.055688,161.377492,254.131768,160.193392,156.880536
2020-04-23,2020,204.393582,251.905921,161.400451,252.306301,158.180229,154.760538
2020-04-24,2020,201.67233,233.349906,161.423414,239.777054,149.559761,146.199751
2020-04-27,2020,204.97053,240.698289,161.446379,254.748018,155.333211,152.014623
2020-04-28,2020,208.505581,245.937258,161.469348,270.801037,161.434247,158.091981
2020-04-29,2020,209.377643,265.278053,161.492321,274.688017,165.125046,161.887798
2020-04-30,2020,210.199855,258.255184,161.515296,278.347242,159.83404,155.891204
2020-05-04,2020,207.543499,250.782317,161.538275,266.114402,156.59789,153.650052
2020-05-05,2020,207.496966,249.110178,161.561257,265.804688,157.779184,154.538441
2020-05-06,2020,207.16499,244.512197,161.584242,264.190893,156.97114,153.851954
2020-05-07,2020,207.766453,238.908856,161.602574,266.861237,155.094967,152.23672
2020-05-08,2020,207.229239,235.630022,161.620908,264.329456,159.351596,156.335398
2020-05-11,2020,208.350395,226.056042,161.639244,269.374034,156.973125,153.730816
2020-05-12,2020,208.642497,220.762239,161.657582,270.631018,154.604581,151.429095
2020-05-13,2020,208.942015,214.405218,161.675922,271.921872,154.406044,151.731956
2020-05-14,2020,209.30443,220.125446,161.694264,273.500069,156.865915,153.952913
2020-05-15,2020,207.695396,218.472298,161.712608,266.071571,153.97919,150.540706
2020-05-18,2020,207.860657,227.27868,161.730954,266.749039,161.199974,157.546828
2020-05-19,2020,208.16581,229.246908,161.749303,268.065603,160.302587,156.779593
2020-05-20,2020,207.917088,233.189173,161.767653,266.851746,161.448145,158.394827
2020-05-21,2020,207.279107,241.539169,161.786006,263.859531,164.839153,161.463799
2020-05-22,2020,207.219768,237.989595,161.80436,263.510864,163.143649,161.40323
2020-05-25,2020,208.038749,251.011128,161.822717,267.174848,170.072583,166.773907
2020-05-26,2020,208.371764,252.610232,161.841076,268.618657,169.687422,166.471045
2020-05-27,2020,210.740985,261.883043,161.859437,279.364984,174.605179,170.973544
2020-05-28,2020,210.387807,261.832884,161.8778,277.673862,172.625767,168.89392
2020-05-29,2020,210.439757,260.395933,161.896165,277.833585,173.527124,169.903448
2020-06-01,2020,211.273292,271.811475,161.914532,281.564015,175.943317,172.285933
2020-06-02,2020,212.266655,287.698813,161.932901,286.024621,180.75982,177.23261
2020-06-03,2020,213.384277,309.106152,161.951272,291.052898,184.6432,180.442915
2020-06-04,2020,214.56557,323.253995,161.969646,296.372055,186.285099,182.340816
2020-06-05,2020,214.623376,327.372098,161.988021,296.558489,187.889276,183.834927
2020-06-08,2020,218.051402,344.002517,162.006399,312.14196,193.861263,189.690173
2020-06-09,2020,216.709703,341.729675,162.024778,305.934651,192.078403,187.671119
2020-06-10,2020,215.089201,336.295064,162.04316,298.453602,187.986559,184.077204
2020-06-12,2020,214.77228,327.156341,162.061544,296.928034,184.232228,180.200623
2020-06-15,2020,214.468266,322.082663,162.07993,295.461426,183.400359,179.837192
2020-06-16,2020,215.373311,320.098744,162.098318,299.518465,185.693459,181.714914
2020-06-17,2020,216.160807,324.945336,162.116708,303.038465,189.695961,185.652064
2020-06-18,2020,217.036187,326.657336,162.130394,306.979849,190.843504,187.025022
2020-06-19,2020,216.958316,332.951276,162.144081,306.566249,191.730963,187.045217
2020-06-22,2020,215.956722,337.123299,162.157769,301.932555,189.277049,185.248259
2020-06-23,2020,215.844419,349.877344,162.171458,301.361635,190.545699,186.277982
2020-06-24,2020,215.856891,345.590648,162.185149,301.360754,187.373081,183.269579
2020-06-25,2020,215.990881,343.720195,162.19884,301.915032,190.561582,186.540453
2020-06-26,2020,214.247414,331.117997,162.212533,293.892028,186.295026,182.159108
2020-06-29,2020,215.039386,336.270609,162.226227,297.452326,190.06921,186.358746
2020-06-30,2020,214.595681,334.459875,162.239922,295.367352,188.721146,184.985788
2020-07-01,2020,214.753982,340.981724,162.253619,296.032676,190.998363,187.125981
2020-07-02,2020,214.172496,336.978797,162.267316,293.318233,191.061894,186.76255
2020-07-03,2020,215.038131,348.568132,162.281015,297.215044,192.11414,188.155703
2020-07-06,2020,216.206917,353.983473,162.294714,302.496813,196.426359,192.436089
2020-07-07,2020,218.145881,348.101607,162.308415,311.297183,194.091566,189.993035
2020-07-08,2020,217.901157,351.158295,162.322117,310.121235,198.080171,194.031144
2020-07-09,2020,216.752259,347.345948,162.335821,304.814514,196.869096,192.638007
2020-07-10,2020,217.628796,347.786335,162.349525,308.761107,198.600337,194.515713
2020-07-13,2020,216.385012,350.891818,162.363231,303.020879,195.949871,191.911146
2020-07-14,2020,216.162721,349.72662,162.376937,301.947401,199.410367,195.040671
2020-07-15,2020,218.032101,354.304986,162.390645,310.429841,202.092599,197.92792
2020-07-16,2020,217.902133,350.870443,162.404354,309.778137,199.634714,195.484866
2020-07-17,2020,220.780996,358.064018,162.418064,322.872454,204.270548,200.148877
2020-07-20,2020,222.256091,364.275931,162.431776,329.553565,207.324044,202.914987
2020-07-21,2020,222.544718,360.071643,162.445488,330.814224,207.093741,202.490988
2020-07-22,2020,223.163337,357.620141,162.459202,333.582461,207.054034,202.672695
2020-07-23,2020,222.0019,350.906981,162.472917,328.218406,203.089254,198.674976
2020-07-24,2020,221.254831,353.065314,162.486633,324.747409,203.265952,199.058585
2020-07-27,2020,221.986665,349.100312,162.50035,328.032865,207.425298,202.834223
2020-07-28,2020,222.233557,350.37686,162.514068,329.102827,206.694682,202.006419
2020-07-29,2020,221.113023,353.904514,162.527787,323.925616,209.664793,204.893667
2020-07-30,2020,221.431719,357.617234,162.541508,325.323612,208.481514,204.550416
2020-07-31,2020,220.47927,349.670548,162.55523,320.914297,204.318197,200.471933
2020-08-03,2020,220.832985,352.144679,162.568953,322.47227,204.155397,200.29021
2020-08-04,2020,219.511025,346.738605,162.582677,316.374813,200.951013,197.059726
2020-08-05,2020,219.561508,355.124697,162.596402,316.547441,204.099806,199.86621
2020-08-06,2020,220.33233,361.092726,162.608546,320.017663,206.728434,202.248695
2020-08-07,2020,219.636741,361.024325,162.620692,316.788492,204.048187,199.54317
2020-08-10,2020,220.649659,353.60492,162.632838,321.364736,205.374413,200.976697
2020-08-11,2020,220.856004,354.549159,162.644985,322.256101,202.852995,198.271155
2020-08-12,2020,222.137293,345.325186,162.657133,328.058404,202.741815,198.533642
2020-08-13,2020,221.069037,345.459936,162.669282,323.126666,199.45206,194.858964
2020-08-14,2020,222.501834,341.604037,162.681431,329.621138,201.223008,196.797254
2020-08-17,2020,223.042335,327.919605,162.693582,332.039097,197.732731,193.486006
2020-08-18,2020,224.479511,340.263078,162.705734,338.553565,202.63659,198.372114
2020-08-19,2020,226.092834,336.403252,162.717886,345.872769,200.232309,195.848296
2020-08-20,2020,226.749835,338.059942,162.730039,348.822955,201.451325,197.201059
2020-08-21,2020,227.034162,345.278494,162.742194,350.07055,201.55655,197.059726
2020-08-24,2020,228.338487,347.61968,162.754349,355.978068,203.099181,198.876878
2020-08-25,2020,228.474801,347.97569,162.766505,356.549451,202.741815,198.574017
2020-08-26,2020,228.283776,343.301509,162.778662,355.625363,199.781631,195.10124
2020-08-27,2020,228.218067,344.839545,162.79082,355.273785,199.775675,195.585824
2020-08-28,2020,228.713956,351.857035,162.802979,357.487895,202.791449,198.473073
2020-08-31,2020,227.641307,347.40012,162.815139,352.536046,197.284038,193.223519
2020-09-01,2020,227.31888,351.908805,162.827299,351.011623,202.841083,198.574017
2020-09-02,2020,228.358014,356.315495,162.839461,355.707571,202.330844,198.170212
2020-09-03,2020,227.041527,352.42766,162.851623,349.641716,199.968256,195.767532
2020-09-04,2020,226.987222,357.916606,162.863787,349.342214,201.002632,196.696295
2020-09-08,2020,226.420386,356.903711,162.875951,346.701183,198.636074,195.444491
2020-09-09,2020,226.710704,359.429311,162.888116,347.976102,201.101901,196.857823
2020-09-10,2020,226.96355,349.767746,162.900282,349.079827,196.223851,191.890951
2020-09-11,2020,225.33139,338.290469,162.912449,341.571785,195.286758,190.760285
2020-09-14,2020,227.374959,352.054274,162.924617,350.856525,199.082781,194.858964
2020-09-15,2020,228.592121,349.128354,162.936786,356.365774,199.128445,194.758005
2020-09-16,2020,228.375382,350.631075,162.948956,355.324158,197.893546,193.647534
2020-09-17,2020,227.923826,346.860474,162.961127,353.209759,198.731371,194.576297
2020-09-18,2020,226.748566,340.347183,162.973298,347.789073,195.141826,191.083326
2020-09-21,2020,225.74715,333.508737,162.985471,343.1626,192.562833,188.579703
2020-09-22,2020,225.390638,332.986961,162.997644,341.482406,193.164399,189.124841
2020-09-23,2020,223.542972,324.784972,163.009818,332.989779,190.06921,186.096259
2020-09-24,2020,224.29123,332.383102,163.021993,336.356784,192.604525,188.3778
2020-09-25,2020,224.2576,333.595268,163.03417,336.151682,192.578716,188.781605
2020-09-28,2020,221.632709,331.035199,163.046347,324.108249,187.946852,184.137773
2020-09-29,2020,220.705393,324.02324,163.058525,319.82028,185.790742,181.553386
2020-09-30,2020,221.215138,329.779995,163.070703,322.097609,187.821774,183.834927
2020-10-01,2020,222.038145,331.974924,163.082883,325.806092,189.560956,185.571316
2020-10-02,2020,220.667757,329.539212,163.095064,319.493915,186.656363,181.937011
2020-10-05,2020,221.300004,333.367945,163.107245,322.330887,190.772031,187.045217
2020-10-06,2020,220.588834,331.4056,163.119428,319.030379,189.830966,185.813592
2020-10-07,2020,220.179019,328.440222,163.131611,317.106623,189.654269,185.652064
2020-10-08,2020,220.998842,336.619035,163.143796,320.800538,194.40724,190.33627
2020-10-09,2020,219.900149,337.931227,163.155981,315.729596,193.539634,189.084466
2020-10-13,2020,221.412273,340.304366,163.168167,322.586326,195.564709,191.406382
2020-10-14,2020,222.973234,343.250708,163.180354,329.666161,197.21455,193.001422
2020-10-15,2020,223.417752,340.309538,163.192542,331.645458,196.658647,192.496658
2020-10-16,2020,223.248804,334.19193,163.204731,330.822095,195.179548,190.881424
2020-10-19,2020,222.966297,334.480424,163.21692,329.479927,195.872441,191.810187
2020-10-20,2020,223.468584,342.053467,163.229111,331.723138,199.608904,195.182004
2020-10-21,2020,223.287881,345.079917,163.241303,330.846056,199.632728,195.14163
2020-10-22,2020,223.559113,346.290262,163.253495,332.033667,202.344741,197.988489
2020-10-23,2020,222.415892,340.702158,163.265689,326.759262,201.038369,196.736685
2020-10-26,2020,222.675288,337.85747,163.277883,327.892791,200.555924,196.312685
2020-10-27,2020,221.577058,337.076057,163.290078,322.823921,197.75457,193.183145
2020-10-28,2020,218.942853,318.55908,163.302274,310.737853,189.342566,184.864634
2020-10-29,2020,218.698443,323.975883,163.314471,309.569703,191.750817,187.368273
2020-10-30,2020,217.113751,313.473409,163.326669,302.278391,186.529299,183.047497
2020-11-03,2020,217.666894,310.962542,163.338868,304.753899,189.775376,186.277982
2020-11-04,2020,219.480475,328.001115,163.351068,312.987794,194.190835,190.114188
2020-11-05,2020,222.128956,336.18339,163.363269,325.035973,200.07348,195.747337
2020-11-06,2020,222.528189,346.630905,163.37547,326.808326,200.123114,196.231921
2020-11-09,2020,224.438949,346.933598,163.387673,335.486178,206.30555,200.895933
2020-11-10,2020,225.451886,341.727018,163.399876,340.062266,209.16051,203.924514
2020-11-11,2020,225.745518,344.709688,163.412081,341.352163,207.534493,203.702417
2020-11-12,2020,224.613623,339.747384,163.424286,336.12945,202.854981,199.280683
2020-11-13,2020,225.367514,354.69227,163.436492,339.52206,207.494786,203.581279
2020-11-16,2020,226.629233,355.973008,163.448699,345.234708,211.302722,206.973291
2020-11-17,2020,227.236775,352.540345,163.460907,347.958706,212.889031,208.164526
2020-11-18,2020,228.182492,353.713597,163.473116,352.22767,211.407946,205.782041
2020-11-19,2020,227.776586,353.461423,163.485326,350.321665,211.475449,207.417486
2020-11-23,2020,228.804229,354.881237,163.509748,354.913294,213.186836,208.527956
2020-11-24,2020,229.699089,361.591218,163.521961,358.949902,217.965617,213.454455
2020-11-25,2020,229.88742,370.365994,163.534174,359.75869,218.65454,213.676552
2020-11-26,2020,230.768454,366.499617,163.546388,363.732123,218.841164,214.060162
2020-11-27,2020,231.068646,365.277173,163.558604,365.051945,219.532072,214.908176
2020-11-30,2020,230.160526,358.031946,163.57082,360.851512,216.182756,212.000733
2020-12-01,2020,230.128182,360.475066,163.583037,360.652117,221.040952,216.139801
2020-12-02,2020,230.991782,367.818585,163.595255,364.545887,221.991943,217.553133
2020-12-03,2020,231.331686,370.279028,163.607474,366.047117,224.185775,218.360758
2020-12-04,2020,231.02012,372.371967,163.619694,364.572064,225.700611,220.945145
2020-12-07,2020,231.874473,369.932758,163.631915,368.423581,225.587445,220.702853
2020-12-08,2020,231.279808,372.968043,163.644136,365.655163,225.480235,220.96534
2020-12-09,2020,230.682354,368.80941,163.656359,362.874004,223.794658,219.612562
2020-12-10,2020,231.00739,369.157026,163.668582,364.307289,228.301443,223.509338
2020-12-11,2020,232.056912,367.24482,163.680807,369.050429,228.9586,223.691061
2020-12-14,2020,231.465898,370.314583,163.693032,366.29868,228.267692,222.499811
2020-12-15,2020,231.515472,371.853693,163.705258,366.473491,230.592558,225.649546
2020-12-16,2020,232.700958,373.976442,163.717485,371.837779,234.168206,228.859836
2020-12-17,2020,232.245073,376.774131,163.729713,369.703361,234.585133,230.152029
2020-12-18,2020,232.154173,373.46886,163.741942,369.236393,233.636127,229.162697
2020-12-21,2020,230.266052,374.235782,163.754172,360.558711,230.33446,224.983255
2020-12-22,2020,231.4293,375.421641,163.766403,365.82139,230.993602,226.638879
2020-12-23,2020,231.94951,377.483519,163.778635,368.146306,233.989522,228.435836
2020-12-28,2020,232.32759,379.211024,163.803101,369.770187,236.360052,231.585556
2020-12-29,2020,232.817665,380.354936,163.815335,371.957419,237.201848,232.13071
2020-12-30,2020,232.764231,373.890245,163.827571,371.661591,236.866321,231.484613
2021-01-05,2021,232.372396,379.142588,163.839807,370.083107,238.194921,232.702004
2021-01-06,2021,233.815104,387.968641,163.852044,376.613306,239.449598,234.446916
2021-01-07,2021,232.58894,390.149394,163.864283,370.96788,243.655165,240.168596
2021-01-08,2021,233.548667,394.652383,163.876522,375.294673,249.890592,244.287393
2021-01-11,2021,232.806607,391.246389,163.888762,371.857763,245.355373,240.675838
2021-01-12,2021,234.596932,396.920222,163.901002,379.973807,247.734865,242.359867
2021-01-13,2021,236.265289,398.225914,163.913244,387.533414,243.822988,238.119337
2021-01-14,2021,236.463202,398.380396,163.925487,388.384733,246.701953,240.797571
2021-01-15,2021,235.244558,390.791021,163.93773,382.773591,240.750227,234.913569
2021-01-18,2021,234.991954,398.282951,163.949975,381.569602,242.228669,236.455587
2021-01-19,2021,236.454027,398.201153,163.96222,388.188113,241.091867,235.359944
2021-01-20,2021,234.942513,395.465263,163.974467,381.240859,239.163899,233.817926
2021-01-21,2021,233.792533,393.177131,163.986714,375.942953,236.636563,230.916505
2021-01-22,2021,233.744228,395.874116,163.998962,375.670981,234.09724,229.638263
2021-01-26,2021,232.48753,393.853404,164.023461,369.8346,232.682731,227.406404
2021-01-27,2021,231.574927,390.436766,164.035712,365.619608,231.519957,226.4122
2021-01-28,2021,232.311792,390.357702,164.047964,368.929632,238.376729,232.33679
2021-01-29,2021,232.32649,385.0071,164.060217,368.945065,231.769693,224.322369
2021-02-01,2021,233.388997,388.177103,164.07247,373.740685,234.482833,229.394781
2021-02-02,2021,234.856053,389.485399,164.084725,380.381887,236.219003,230.997666
2021-02-03,2021,235.104931,391.783169,164.09698,381.465655,239.197863,233.83822
2021-02-04,2021,235.223353,388.308996,164.109237,381.954271,238.270841,232.559977
2021-02-05,2021,235.781253,389.678203,164.121494,384.447816,239.597442,234.994729
2021-02-08,2021,235.302106,391.227511,164.133752,382.210262,238.780303,233.696193
2021-02-09,2021,236.452399,392.293548,164.146012,387.406346,238.606487,233.148379
2021-02-10,2021,235.558705,391.352554,164.158272,383.277582,236.610591,231.139693
2021-02-11,2021,236.705812,392.325948,164.170533,388.459128,238.218895,233.128085
2021-02-12,2021,238.152551,395.216893,164.182794,395.007611,237.981146,233.432433
2021-02-17,2021,243.081291,401.962758,164.195057,417.441281,240.528461,235.07589
2021-02-18,2021,240.114774,397.663864,164.207321,403.856109,238.029095,232.539683
2021-02-19,2021,239.569771,399.18899,164.219586,401.318086,237.245921,230.936799
2021-02-22,2021,237.061788,398.03969,164.231851,389.824776,225.098725,219.635465
2021-02-23,2021,238.162307,399.594645,164.244118,394.793756,230.211336,224.728171
2021-02-24,2021,238.41315,403.007111,164.256385,395.886441,231.092407,226.148441
2021-02-25,2021,235.74051,392.29831,164.268653,383.641942,224.275593,219.310823
2021-02-26,2021,233.548212,386.850893,164.280923,373.588796,219.83827,214.23841
2021-03-01,2021,233.617062,388.38922,164.293193,373.851204,220.437638,214.94856
2021-03-02,2021,234.213468,388.228162,164.305464,376.520357,222.845101,218.113741
2021-03-03,2021,235.376934,390.569045,164.317736,381.776483,222.13385,217.4239
2021-03-04,2021,236.914634,389.326578,164.330009,388.739897,225.142679,220.284733
2021-03-05,2021,238.509787,391.96395,164.342282,395.965406,230.161389,225.073092
2021-03-08,2021,237.775404,385.803878,164.354557,392.563375,220.991055,213.751463
2021-03-09,2021,240.911069,393.62954,164.366833,406.816826,222.427541,217.484767
2021-03-10,2021,238.698333,390.440221,164.379109,396.670412,225.314498,220.406466
2021-03-11,2021,239.206879,392.037956,164.391387,398.938718,229.725848,224.099182
2021-03-12,2021,240.461174,395.229128,164.403665,404.609188,228.079583,222.884561
2021-03-15,2021,244.406698,401.729607,164.415945,422.557271,229.460128,224.240605
2021-03-16,2021,244.744773,403.56396,164.428225,424.047859,227.79788,222.60656
2021-03-17,2021,245.609979,404.869391,164.440506,427.94326,232.852552,227.546992
2021-03-18,2021,246.61339,405.668192,164.457573,432.449001,229.428162,224.197819
2021-03-19,2021,244.631593,398.492356,164.474642,423.33596,232.199241,226.899457
2021-03-22,2021,243.672979,394.497399,164.491713,418.890757,229.715858,224.476904
2021-03-23,2021,245.68441,395.712957,164.508786,427.99515,226.285474,221.127065
2021-03-24,2021,243.949684,391.821342,164.52586,420.009242,223.891997,218.787637
2021-03-25,2021,244.900682,392.948548,164.542936,424.275831,227.260446,222.075201
2021-03-26,2021,244.250667,395.675345,164.560014,421.238458,229.320275,224.092959
2021-03-29,2021,244.469238,394.235481,164.577094,422.163638,230.594932,225.337471
2021-03-30,2021,245.076745,397.840181,164.594175,424.863172,233.453918,228.131802
2021-03-31,2021,246.05539,398.955891,164.611259,429.255858,233.022373,227.704251
2021-04-01,2021,245.354989,396.515349,164.628344,425.988586,230.263281,225.015693
2021-04-05,2021,246.143362,401.775796,164.64543,429.513221,234.788511,229.443698
2021-04-06,2021,246.154864,402.805353,164.662519,429.493699,234.750551,229.401964
2021-04-07,2021,245.495109,400.707789,164.679609,426.411838,235.000288,229.642551
2021-04-08,2021,247.241327,404.712671,164.696701,434.306221,236.376837,230.794772
2021-04-09,2021,248.463018,407.533492,164.713795,439.807661,235.092191,229.293343
2021-04-12,2021,247.893693,406.906693,164.730891,437.138326,237.373786,232.113603
2021-04-13,2021,246.598055,406.660261,164.747988,431.155479,238.342765,232.661416
2021-04-14,2021,247.971384,408.904795,164.765087,437.348685,240.336663,234.548355
2021-04-15,2021,249.250507,412.323452,164.782188,443.112101,241.147808,235.76573
2021-04-16,2021,248.620367,409.748674,164.799291,440.165294,241.972938,236.293266
2021-04-19,2021,248.953841,408.158676,164.816396,441.614569,241.613317,236.049784
2021-04-20,2021,251.764689,407.545674,164.833502,454.365824,239.871154,234.304889
2021-04-22,2021,254.260977,412.99544,164.85061,465.682022,238.490609,233.229524
2021-04-23,2021,254.203185,416.503406,164.86772,465.346284,240.806168,235.299077
2021-04-26,2021,253.181693,416.919807,164.884831,460.614057,240.936031,235.258489
2021-04-27,2021,251.446753,414.998943,164.901945,452.627012,238.524573,232.884604
2021-04-28,2021,250.008309,413.685119,164.91906,445.992602,241.851067,236.171533
2021-04-29,2021,253.988853,416.650012,164.936177,464.080067,239.879145,233.980247
2021-04-30,2021,253.501654,415.234275,164.953296,461.785299,237.537613,232.113603
2021-05-03,2021,253.08844,414.250158,164.970416,459.82805,238.16695,232.68171
2021-05-04,2021,252.926023,412.126525,164.987538,459.014949,235.176103,229.820862
2021-05-05,2021,253.398553,414.199336,165.004663,461.098526,238.876202,233.635326
2021-05-06,2021,254.114538,415.922607,165.026557,464.272669,239.589451,234.203434
2021-05-07,2021,254.711701,414.33888,165.048454,466.904718,243.818992,238.322231
2021-05-10,2021,253.39073,408.085796,165.070355,460.786069,243.561264,237.672963
2021-05-11,2021,253.930013,407.3739,165.092258,463.154043,245.669042,239.681634
2021-05-12,2021,249.241827,400.321021,165.114164,441.673843,239.167895,233.878792
2021-05-13,2021,248.732186,399.714678,165.136073,439.256513,241.157797,235.441104
2021-05-14,2021,249.840876,400.251081,165.157985,444.222133,243.505323,237.875856
2021-05-17,2021,249.869708,401.933049,165.1799,444.261339,245.617097,240.046848
2021-05-18,2021,250.035533,404.586683,165.201817,444.925501,245.701008,239.803382
2021-05-19,2021,252.729303,403.695908,165.223738,457.122355,245.013733,239.438168
2021-05-20,2021,252.234687,402.487668,165.245662,454.773507,245.143596,239.235274
2021-05-21,2021,251.006103,401.542718,165.267588,449.076225,244.925826,239.438168
2021-05-24,2021,252.607006,406.360481,165.289517,456.28729,247.802793,241.974374
2021-05-25,2021,251.96942,405.238286,165.31145,453.286165,245.716992,240.229463
2021-05-26,2021,252.59598,405.493218,165.333385,456.052167,247.716884,241.933786
2021-05-27,2021,252.128086,405.364176,165.355323,453.825168,248.472087,242.643921
2021-05-28,2021,252.562285,409.35874,165.377264,455.713579,250.857573,244.936661
2021-05-31,2021,253.121143,410.085946,165.399208,458.170686,252.166194,246.01201
2021-06-01,2021,252.231984,408.904077,165.421155,454.021799,256.263874,250.232261
2021-06-02,2021,252.645128,405.814409,165.443104,455.814122,258.929065,252.951067
2021-06-04,2021,252.478636,406.772822,165.465057,454.96208,259.977959,253.722083
2021-06-07,2021,252.163887,405.439547,165.487013,453.433665,261.27659,255.142353
2021-06-08,2021,250.864201,403.383553,165.508971,447.411873,259.300673,253.032227
2021-06-09,2021,251.77197,405.922751,165.530932,451.460668,259.54042,253.377148
2021-06-10,2021,252.082035,404.124441,165.552897,452.782671,259.878064,253.620629
2021-06-11,2021,252.562684,406.915699,165.574864,454.882882,258.609402,252.565574
2021-06-14,2021,252.110883,404.337075,165.596834,452.729165,260.141787,253.924977
2021-06-15,2021,252.42157,403.845895,165.618807,454.053971,259.908033,253.985843
2021-06-16,2021,250.689064,398.939682,165.640783,446.057541,258.245785,252.038039
2021-06-17,2021,249.257608,394.944018,165.667512,439.414504,255.844316,249.745298
2021-06-18,2021,251.453628,401.662699,165.694246,449.3203,256.539584,250.110513
2021-06-21,2021,251.430109,401.38217,165.720984,449.100353,258.257772,252.058333
2021-06-22,2021,251.484956,401.068048,165.747727,449.237899,257.262821,251.22645
2021-06-23,2021,250.735004,400.826282,165.774473,445.703866,256.585535,250.658342
2021-06-24,2021,251.463482,403.005142,165.801224,448.914541,258.755248,252.667013
2021-06-25,2021,250.465537,398.857389,165.82798,444.249105,254.244003,248.548216
2021-06-28,2021,251.795252,401.076734,165.854739,450.202636,254.589639,248.446762
2021-06-29,2021,251.277819,404.628046,165.881503,447.729303,254.385854,248.162708
2021-06-30,2021,251.415398,403.376203,165.908272,448.244171,253.336959,247.148226
2021-07-01,2021,252.231449,405.144849,165.935044,451.854271,251.067352,244.956955
2021-07-02,2021,253.61597,412.036478,165.961821,458.057758,254.975233,249.116324
2021-07-05,2021,256.673162,418.737858,165.988603,471.892096,253.572711,247.472867
2021-07-06,2021,255.868599,416.777386,166.015388,468.108757,249.926554,244.084499
2021-07-07,2021,256.548656,421.920483,166.042178,471.098366,253.770502,248.101842
2021-07-08,2021,256.915188,419.310261,166.068972,472.657627,250.591853,244.814928
2021-07-12,2021,257.162803,423.111582,166.122574,473.561438,254.919292,249.116324
2021-07-13,2021,257.312216,424.326142,166.149381,474.130132,256.066083,250.211967
2021-07-14,2021,258.274573,423.343536,166.176192,478.407525,256.543579,250.516315
2021-07-15,2021,257.298532,423.453728,166.203008,473.841765,254.667557,249.156912
2021-07-16,2021,256.446921,418.357956,166.229828,469.843643,251.654733,245.809117
2021-07-19,2021,255.315335,415.976997,166.256653,464.568237,248.528028,242.948269
2021-07-20,2021,257.577163,418.900083,166.283482,474.773854,250.53791,244.69318
2021-07-21,2021,257.233209,419.377635,166.310315,473.091659,251.592798,245.74825
2021-07-22,2021,257.059771,418.393899,166.337152,472.187346,252.028339,246.377224
2021-07-23,2021,257.562516,419.060878,166.363994,474.367826,249.842643,243.881591
2021-07-26,2021,256.840269,417.763874,166.39084,470.959766,251.74264,245.910556
2021-07-27,2021,255.19589,415.157035,166.417691,463.344842,248.961571,242.988856
2021-07-28,2021,254.98725,418.465539,166.444546,462.279868,252.306046,246.417797
2021-07-29,2021,256.745768,422.289023,166.471405,470.189217,251.085333,244.956955
2021-07-30,2021,254.526784,418.397751,166.498268,459.952841,243.345491,237.612096
2021-08-02,2021,256.076358,422.952734,166.525136,466.908933,244.773986,238.606285
2021-08-03,2021,256.47209,423.176034,166.552008,468.601078,246.893751,240.899025
2021-08-04,2021,254.379559,420.460595,166.578885,458.941538,243.345491,237.307748
2021-08-05,2021,253.290705,417.866316,166.612084,453.834222,243.009845,237.246882
2021-08-06,2021,253.886745,419.316374,166.64529,456.413508,245.361366,239.904821
2021-08-09,2021,257.021338,422.428618,166.678502,470.573859,245.778926,239.701928
2021-08-10,2021,256.588506,422.173057,166.711721,468.459287,244.146647,238.545418
2021-08-11,2021,255.117999,418.6994,166.744947,461.610722,243.854954,237.916444
2021-08-12,2021,253.999271,416.205471,166.778179,456.36698,241.147808,235.096184
2021-08-13,2021,252.459522,412.77842,166.811418,449.202471,242.13277,236.496159
2021-08-16,2021,250.013038,405.650479,166.844664,437.901337,238.109011,232.580256
2021-08-17,2021,248.517959,402.870751,166.877916,430.940563,235.559698,229.983183
2021-08-18,2021,249.498808,401.676769,166.911174,435.275152,233.040354,227.365816
2021-08-19,2021,251.472817,403.844071,166.94444,444.140602,234.083255,228.968701
2021-08-20,2021,252.410342,405.436197,166.977712,448.277488,235.857385,230.591879
2021-08-23,2021,253.125253,404.820467,167.010991,451.398765,234.696608,229.374503
2021-08-24,2021,254.218542,407.288837,167.044276,456.246208,240.16884,234.609221
2021-08-25,2021,254.911217,408.555956,167.077568,459.265986,241.381562,235.643998
2021-08-26,2021,253.316886,406.070284,167.110866,451.85222,237.197971,231.444041
2021-08-27,2021,253.863882,407.997684,167.144172,454.207345,241.101856,235.725158
2021-08-30,2021,252.732871,405.361333,167.177483,448.90723,239.227832,233.4933
2021-08-31,2021,250.241066,398.316888,167.210802,437.399025,237.311851,231.464334
2021-09-01,2021,251.878187,398.35818,167.244127,444.727306,238.540556,232.925192
2021-09-02,2021,249.426249,394.500543,167.277459,433.400929,233.108282,227.548431
2021-09-03,2021,249.460308,394.682856,167.310797,433.415846,233.619743,227.426683
2021-09-06,2021,251.28207,396.069606,167.344142,441.586394,235.489772,230.246959
2021-09-08,2021,249.143708,393.353888,167.377494,431.690489,226.587156,221.319509
2021-09-09,2021,251.053017,399.938573,167.410852,440.260376,230.479054,226.249895
2021-09-10,2021,252.453364,399.755296,167.444217,446.508305,228.331318,222.942672
2021-09-13,2021,250.520195,400.127329,167.477589,437.548425,232.562857,227.487565
2021-09-14,2021,252.374603,404.015989,167.510967,445.867764,232.117327,226.635388
2021-09-15,2021,253.828589,409.022163,167.544352,452.360319,229.883681,224.56585
2021-09-16,2021,253.567531,405.416983,167.577744,451.028667,227.348354,222.049938
2021-09-17,2021,251.169119,399.005864,167.611142,439.946196,222.643313,217.383312
2021-09-20,2021,248.575259,394.526075,167.644547,427.972044,217.458778,212.57466
2021-09-21,2021,250.099694,397.04244,167.677958,434.785879,220.267817,214.603625
2021-09-22,2021,252.658979,403.347342,167.711377,446.320762,224.327538,219.107929
2021-09-23,2021,254.84356,406.10466,167.751102,456.119632,227.887785,222.374564
2021-09-24,2021,255.101289,404.463716,167.790838,457.128004,226.32743,221.218055
2021-09-27,2021,256.840636,402.090568,167.830582,464.895606,226.926798,220.934001
2021-09-28,2021,255.656893,397.289603,167.870336,459.327778,220.016083,214.725373
2021-09-29,2021,258.390021,397.738504,167.9101,471.629015,221.980013,216.754338
2021-09-30,2021,258.593074,398.304048,167.949872,472.387789,221.724282,216.064482
2021-10-01,2021,259.878964,401.132829,167.989655,478.086523,225.562237,220.122412
2021-10-04,2021,258.288619,395.054943,168.029446,470.663586,220.553516,215.435508
2021-10-05,2021,257.75756,390.200688,168.069248,468.073159,220.683379,215.313775
2021-10-06,2021,258.008398,391.8425,168.109058,469.049776,220.887165,215.821016
2021-10-07,2021,258.735407,394.159308,168.148878,472.198686,220.937112,215.922455
2021-10-08,2021,259.668833,396.626866,168.188708,476.289246,225.428378,219.919519
2021-10-11,2021,261.741928,399.379836,168.228546,485.579036,224.123753,218.620982
2021-10-13,2021,263.602059,402.781306,168.268395,493.897226,226.673066,221.644136
2021-10-14,2021,266.799706,406.135251,168.308252,508.317241,226.131636,221.096322
2021-10-15,2021,265.687471,404.795858,168.34812,503.075161,229.054555,223.632528
2021-10-18,2021,266.16913,407.321537,168.387996,505.104524,228.615019,223.084699
2021-10-19,2021,265.172452,405.40318,168.427882,500.389549,221.112927,216.693472
2021-10-20,2021,264.166017,405.961442,168.467778,495.630023,221.338689,216.551445
2021-10-21,2021,262.855027,402.656645,168.507683,489.481047,215.243114,210.302229
2021-10-22,2021,260.360523,397.439601,168.547597,477.932746,212.368144,207.623995
2021-10-25,2021,261.423365,400.807893,168.587521,482.613313,217.20105,212.1283
2021-10-26,2021,259.242778,396.231293,168.627454,472.497046,212.615883,207.461674
2021-10-27,2021,260.961482,395.630827,168.667397,480.169637,212.502003,207.766022
2021-10-28,2021,259.991156,392.154889,168.716743,475.535029,211.187389,204.134173
2021-10-29,2021,260.220745,385.75469,168.766102,476.37447,206.784031,202.247235
2021-11-01,2021,258.905485,386.633614,168.815477,470.166122,210.879713,205.980523
2021-11-03,2021,261.903426,390.710972,168.864865,483.634904,211.011574,206.954433
2021-11-04,2021,262.935284,390.249545,168.914268,488.134185,206.606218,202.186368
2021-11-05,2021,265.282823,395.795926,168.963686,498.635657,209.427244,204.53996
2021-11-08,2021,266.986227,396.757007,169.013118,506.198464,209.341335,204.580548
2021-11-09,2021,267.88204,396.242584,169.062564,510.076914,210.847747,205.716763
2021-11-10,2021,267.153018,396.18791,169.112025,506.542671,211.712835,206.995006
2021-11-11,2021,266.829928,395.981277,169.161501,504.86026,215.223135,210.099335
2021-11-12,2021,265.432822,390.509262,169.210991,498.278036,212.400111,207.218193
2021-11-16,2021,262.579408,385.85611,169.260495,485.051949,208.79591,203.626932
2021-11-17,2021,260.093667,383.573054,169.310014,473.503154,205.673201,201.374779
2021-11-18,2021,260.673201,381.990617,169.359547,475.938348,204.832088,200.157403
2021-11-19,2021,261.056382,384.99993,169.409095,477.477702,205.853012,201.415352
2021-11-22,2021,258.27759,381.454117,169.458657,464.591801,204.028935,199.32552
2021-11-23,2021,260.469537,383.233035,169.508234,474.382778,207.107689,202.896503
2021-11-24,2021,260.488465,384.295072,169.557825,474.26019,208.807897,204.235627
2021-11-25,2021,261.713699,389.337504,169.607431,479.640819,211.399166,206.934139
2021-11-26,2021,258.750435,383.851195,169.657052,465.913099,204.23272,199.629868
2021-11-29,2021,259.368104,384.264537,169.706687,468.521837,205.411477,200.887832
2021-11-30,2021,257.850375,382.234215,169.756336,461.388648,203.615371,199.548708
2021-12-01,2021,255.456333,384.236399,169.806,450.257585,201.337771,196.992207
2021-12-02,2021,257.073897,387.026655,169.855678,457.427745,208.711998,203.768959
2021-12-03,2021,254.263566,384.984748,169.905371,444.397414,209.918726,205.574736
2021-12-06,2021,256.212055,390.382565,169.955079,453.077163,213.492959,208.983398
2021-12-07,2021,256.764312,393.547207,170.004801,455.38712,214.889487,210.261641
2021-12-08,2021,261.542698,400.381079,170.054537,476.976974,215.964354,211.41815
2021-12-09,2021,259.914674,401.143836,170.11363,469.300827,212.358155,207.238487
2021-12-10,2021,259.307671,398.348621,170.172742,466.282577,215.289065,210.46455
2021-12-13,2021,259.605768,399.069358,170.231876,467.393384,214.539855,209.997881
2021-12-14,2021,260.540034,394.957794,170.29103,471.40636,213.295167,208.374703
2021-12-15,2021,261.832117,398.880168,170.350204,477.051645,214.513883,209.389185
2021-12-16,2021,260.580494,399.283887,170.409399,471.092237,216.196109,211.844246
2021-12-17,2021,261.903835,397.702563,170.468615,476.87995,214.176238,209.186292
2021-12-20,2021,260.639292,393.964855,170.527851,470.861426,209.818832,204.925468
2021-12-21,2021,260.789094,394.843292,170.587107,471.295176,210.777821,205.77763
2021-12-22,2021,258.113542,394.249499,170.646385,458.839339,210.26636,205.797924
2021-12-23,2021,259.442303,393.361567,170.705683,464.651426,209.561103,204.62112
2021-12-27,2021,259.372324,393.958825,170.82434,463.832254,210.839755,206.142844
2021-12-28,2021,259.891027,393.63552,170.8837,465.948533,209.50716,205.047201
2021-12-29,2021,261.442919,395.748685,170.94308,472.778219,207.994754,203.403744
2021-12-30,2021,260.068135,395.871462,171.002482,466.25607,209.423249,204.519681
2022-01-04,2022,259.128944,390.761333,171.061904,461.920557,208.601049,203.782893
2022-01-05,2022,254.640397,373.515015,171.121346,438.627645,203.546936,198.727716
2022-01-06,2022,254.227828,370.247396,171.180809,436.21322,204.66537,200.262688
2022-01-07,2022,255.838423,373.871204,171.240293,444.162049,206.998968,202.00232
2022-01-10,2022,256.285232,372.336044,171.299797,446.149447,205.439206,201.449737
2022-01-11,2022,259.492146,378.782693,171.359322,462.274971,209.135076,204.867604
2022-01-12,2022,261.586831,388.881797,171.418867,472.703161,212.978056,208.572014
2022-01-13,2022,259.978167,385.868253,171.478434,464.161395,212.663685,207.835226
2022-01-14,2022,260.044177,381.358665,171.538021,464.197791,215.48093,210.946096
2022-01-17,2022,259.457757,378.754055,171.597629,460.892104,215.005343,209.943252
2022-01-18,2022,258.785212,371.982878,171.657257,457.145154,214.66276,210.495835
2022-01-19,2022,259.471058,373.800411,171.716906,460.356251,217.667418,212.9518
2022-01-20,2022,259.242207,375.17374,171.776576,458.881848,219.861967,214.691432
2022-01-21,2022,256.759067,368.153226,171.836267,445.860078,219.539535,214.282097
2022-01-24,2022,257.170544,373.404593,171.895978,447.665445,217.141452,213.013196
2022-01-25,2022,257.543349,376.620639,171.95571,449.272618,221.359258,217.618113
2022-01-26,2022,257.545405,372.906061,172.015463,448.98058,224.841517,219.787535
2022-01-27,2022,257.761629,372.375648,172.075237,449.785479,226.336793,221.4453
2022-01-28,2022,257.318135,376.194183,172.135031,447.210966,224.650074,220.176399
2022-01-31,2022,257.344089,379.889303,172.194846,447.041027,226.483902,220.995054
2022-02-01,2022,260.197269,391.606054,172.254682,461.353026,228.013437,223.389607
2022-02-02,2022,258.270326,385.193148,172.314539,451.17945,226.026453,220.40153
2022-02-03,2022,256.221659,372.649001,172.383755,440.334975,225.089386,220.565248
2022-02-04,2022,258.103359,380.322802,172.452998,449.623075,226.195729,221.076906
2022-02-07,2022,259.604973,383.856667,172.522269,456.964102,225.693945,220.462926
2022-02-08,2022,258.366794,384.253708,172.591567,450.270809,226.173562,221.506712
2022-02-09,2022,257.942592,383.583089,172.660894,447.74685,226.631012,221.506712
2022-02-10,2022,259.626667,390.013499,172.730248,456.02208,228.440658,223.287269
2022-02-11,2022,256.054939,380.543529,172.799631,437.375108,228.869895,223.71706
2022-02-14,2022,256.05175,382.997675,172.869041,437.007303,229.343466,224.14685
2022-02-15,2022,256.408333,380.128915,172.938479,438.482232,231.062429,226.357213
2022-02-16,2022,256.021589,378.278825,173.007945,436.149438,232.112346,226.705137
2022-02-17,2022,254.378987,376.849278,173.077439,427.383562,228.781226,223.287269
2022-02-18,2022,253.255885,371.623716,173.14696,421.278602,227.249677,222.079765
2022-02-21,2022,252.008379,363.971186,173.21651,414.536261,225.147827,219.910328
2022-02-22,2022,253.123655,370.038301,173.286088,419.896773,227.499561,223.082609
2022-02-23,2022,251.317859,366.343482,173.355693,410.294393,225.718128,220.176399
2022-02-24,2022,251.89412,373.94372,173.425327,412.893601,224.879806,219.97174
2022-02-25,2022,253.148908,372.891757,173.494988,418.968323,228.003361,222.87795
2022-03-02,2022,260.806427,394.347368,173.564678,457.839934,232.09824,227.380528
2022-03-03,2022,262.06994,394.633825,173.634395,463.959062,232.082118,227.216794
2022-03-04,2022,264.254193,395.353983,173.704141,474.794402,230.687602,225.947894
2022-03-07,2022,262.5387,389.740645,173.773914,465.653735,224.881821,219.214481
2022-03-08,2022,261.985879,389.636445,173.843715,462.468538,224.095895,219.582875
2022-03-09,2022,263.381694,394.721434,173.913545,469.264795,229.53088,224.678978
2022-03-10,2022,264.016303,397.692301,173.983403,472.161746,229.053278,223.901264
2022-03-11,2022,261.35625,386.858293,174.053288,458.182144,225.123645,220.421985
2022-03-14,2022,258.098348,381.320658,174.123202,441.140006,221.526519,217.024588
2022-03-15,2022,256.585856,377.157535,174.193144,433.038326,219.573794,214.691432
2022-03-16,2022,258.417757,383.288489,174.263114,442.067661,223.912512,219.275877
2022-03-17,2022,260.571137,393.490945,174.339335,452.712069,227.870358,222.734686
2022-03-18,2022,262.599487,401.306497,174.415589,462.715859,232.374322,226.623285
2022-03-21,2022,262.500761,400.735577,174.491877,461.823852,234.075148,229.099705
2022-03-22,2022,264.393482,403.370326,174.568198,471.132567,236.326122,231.473787
2022-03-23,2022,263.714084,401.809367,174.644552,467.265818,236.698933,231.064467
2022-03-24,2022,265.89949,406.585736,174.72094,478.073432,239.915187,234.830258
2022-03-25,2022,264.619261,402.772453,174.797361,471.128675,239.971612,234.850729
2022-03-28,2022,265.951405,402.718127,174.873816,477.56524,239.2804,234.359542
2022-03-29,2022,267.126913,409.806963,174.950304,483.199292,241.851791,236.897358
2022-03-30,2022,267.775546,411.725406,175.026825,486.134336,242.347529,237.204356
2022-03-31,2022,266.275547,407.081056,175.10338,478.063168,241.821563,236.590361
2022-04-01,2022,267.29533,408.226303,175.179969,482.899029,244.987437,239.864965
2022-04-04,2022,268.714901,411.182412,175.256591,489.782582,244.40303,239.046325
2022-04-05,2022,272.192545,417.569931,175.333246,507.208136,239.576634,234.359542
2022-04-06,2022,268.747508,411.352042,175.409935,489.173117,238.25265,233.0497
2022-04-07,2022,267.070675,405.998044,175.486658,480.19529,239.530284,234.646069
2022-04-08,2022,267.785607,405.67689,175.563414,483.468754,238.442078,233.274831
2022-04-11,2022,268.717543,405.613351,175.640203,487.853619,235.683274,230.389076
2022-04-12,2022,268.062408,400.236681,175.717027,484.108775,234.059026,228.751766
2022-04-13,2022,265.565959,394.525358,175.793884,470.93191,235.338676,230.286738
2022-04-14,2022,264.363159,390.137465,175.870774,464.381397,234.129558,228.506181
2022-04-18,2022,265.803823,392.305137,175.947698,471.371461,233.132036,228.117316
2022-04-19,2022,268.07738,401.156701,176.024656,482.62773,231.862462,227.012134
2022-04-20,2022,266.202031,399.968694,176.101647,472.631671,230.425627,225.231577
2022-04-22,2022,262.50261,387.765834,176.178672,453.291907,223.843995,218.477693
2022-04-25,2022,263.610711,394.970824,176.255731,458.577786,223.052023,218.498164
2022-04-26,2022,261.487106,392.330577,176.332824,447.309565,218.070457,213.422516
2022-04-27,2022,263.961156,401.21511,176.40995,459.591975,220.35972,215.960332
2022-04-28,2022,265.292385,404.246037,176.48711,466.020281,221.508382,216.656194
2022-04-29,2022,263.517718,398.682547,176.564304,456.538929,217.391336,211.621488
2022-05-02,2022,262.984485,397.326336,176.641531,453.416467,214.898538,210.229779
2022-05-03,2022,265.087708,403.040703,176.718792,463.798687,214.674851,210.229779
2022-05-04,2022,267.849852,410.679939,176.796087,477.555956,218.334448,213.627176
2022-05-05,2022,264.903687,396.666825,176.879675,462.041407,212.208251,207.732889
2022-05-06,2022,264.747339,390.652378,176.963302,460.817073,211.867682,207.180306
2022-05-09,2022,261.595394,376.914201,177.046968,444.248048,208.069037,204.008024
2022-05-10,2022,261.256463,379.955184,177.130674,442.08806,207.786909,203.107502
2022-05-11,2022,262.463061,384.841865,177.21442,447.844618,210.380467,205.972786
2022-05-12,2022,262.75067,386.249319,177.298205,448.893589,212.982086,208.83807
2022-05-13,2022,265.781419,399.614291,177.38203,463.993686,215.472869,211.396357
2022-05-16,2022,264.784172,405.89818,177.465894,458.460773,218.110761,213.668117
2022-05-17,2022,265.319656,404.800005,177.549798,460.778843,219.23121,214.691432
2022-05-18,2022,262.470028,396.474637,177.633742,445.756983,214.108581,209.185994
2022-05-19,2022,264.381078,404.195574,177.717726,455.120786,215.6361,210.966567
2022-05-20,2022,265.843139,410.18812,177.801749,462.18451,218.624636,214.200245
2022-05-23,2022,267.122105,408.668703,177.885812,468.310151,222.368871,218.498164
2022-05-24,2022,267.164151,410.692916,177.969914,468.099656,222.842442,218.252563
2022-05-25,2022,267.390205,412.369428,178.054057,468.831512,222.840427,218.293504
2022-05-26,2022,266.630154,407.396927,178.138239,464.511996,225.480335,221.076906
2022-05-27,2022,266.95113,405.500549,178.222461,465.72967,225.585125,220.83132
2022-05-30,2022,266.595891,407.895681,178.306723,463.483336,223.751296,218.825616
2022-05-31,2022,266.519299,413.935916,178.391024,462.664126,224.394144,219.357744
2022-06-01,2022,268.327528,420.670101,178.475366,471.499432,224.41228,219.951269
2022-06-02,2022,270.479561,427.167972,178.559747,482.095618,226.493978,221.916031
2022-06-03,2022,269.062308,420.0663,178.644168,474.408466,223.89236,219.97174
2022-06-06,2022,268.569885,415.748373,178.72863,471.458416,222.04644,217.802302
2022-06-07,2022,267.181506,409.651604,178.813131,463.918766,221.812677,217.249719
2022-06-08,2022,266.016883,406.547236,178.897672,457.52507,218.382813,214.077437
2022-06-09,2022,263.88188,401.638204,178.982253,446.160542,215.815452,212.194541
2022-06-10,2022,263.628497,400.801956,179.066874,444.43413,212.56494,208.387809
2022-06-13,2022,260.638387,388.508466,179.151535,428.68904,206.755129,202.861916
2022-06-14,2022,258.799697,379.178683,179.236236,418.841724,205.676999,201.306473
2022-06-15,2022,260.116072,383.515185,179.320977,425.155558,207.176305,203.394029
2022-06-17,2022,257.217061,379.09348,179.408911,409.860537,201.166989,196.906217
2022-06-20,2022,257.597858,372.054122,179.496887,411.365628,201.223415,197.069951
2022-06-21,2022,258.467466,374.701571,179.584907,415.374357,200.884861,197.295082
2022-06-22,2022,256.985956,369.035026,179.67297,407.339617,200.556384,196.537823
2022-06-23,2022,256.344894,367.29859,179.761076,403.609734,197.650471,193.733951
2022-06-24,2022,258.399807,372.044321,179.849226,413.689354,198.843467,195.391716
2022-06-27,2022,261.178232,381.793139,179.937419,427.474841,203.059259,199.239373
2022-06-28,2022,259.635529,379.802049,180.025654,419.125777,202.71063,198.625394
2022-06-29,2022,258.528356,370.860465,180.113934,413.007431,200.757904,196.476427
2022-06-30,2022,257.850415,361.667351,180.202256,409.08754,198.581492,194.429797
2022-07-01,2022,259.67452,367.864805,180.290622,417.983787,199.411753,195.719168
2022-07-04,2022,259.067932,363.317698,180.379031,414.428955,198.71651,194.839117
2022-07-05,2022,257.586242,357.385804,180.467484,406.391321,198.083738,194.020478
2022-07-06,2022,258.750267,359.803361,180.555979,411.90575,198.938182,195.289378
2022-07-07,2022,260.732369,366.674205,180.644519,421.610439,202.990742,199.30077
2022-07-08,2022,259.812265,363.452852,180.733101,416.448786,202.10204,198.277455
2022-07-11,2022,259.209817,358.189678,180.821727,412.914061,197.916477,194.020478
2022-07-12,2022,260.301687,359.227537,180.910397,418.058008,198.035374,194.225137
2022-07-13,2022,259.398206,354.478517,180.99911,412.980845,197.249447,193.426953
2022-07-14,2022,257.616162,347.638745,181.087866,403.403157,193.702701,189.415561
2022-07-15,2022,259.076462,345.74282,181.176666,410.433667,194.569236,190.889121
2022-07-18,2022,259.457667,347.429526,181.26551,411.936454,195.304782,191.093797
2022-07-19,2022,261.117899,357.66049,181.354397,419.990651,197.982979,193.815802
2022-07-20,2022,262.133363,364.967168,181.443328,424.741895,198.067617,194.327459
2022-07-21,2022,262.394322,365.995843,181.532302,425.628077,199.570953,195.146114
2022-07-22,2022,262.506316,366.159058,181.62132,425.750992,199.353312,195.289378
2022-07-25,2022,262.908147,367.590151,181.710382,427.358332,202.063751,198.011399
2022-07-26,2022,262.622063,362.977634,181.799487,425.441706,201.060184,196.783424
2022-07-27,2022,263.828311,371.731659,181.888636,431.16911,204.417501,200.221762
2022-07-28,2022,264.192681,369.093245,181.977829,432.583896,206.753114,202.820975
2022-07-29,2022,264.247477,371.339816,182.067066,432.412714,207.897745,203.23031
2022-08-01,2022,261.81416,363.766864,182.156346,419.496323,206.003461,201.715793
2022-08-02,2022,264.36669,367.691795,182.24567,432.118965,208.294739,203.701026
2022-08-03,2022,264.183603,370.946102,182.335038,430.728598,209.127015,205.072264
2022-08-04,2022,265.025442,372.331196,182.427642,434.571873,213.393186,209.738592
2022-08-05,2022,264.767405,372.893276,182.520293,432.780958,214.562,210.270705
2022-08-08,2022,266.210429,377.170681,182.612992,439.703238,218.451329,214.486772
2022-08-09,2022,266.624869,377.174364,182.705737,441.35651,218.953113,214.998429
2022-08-10,2022,267.639704,385.326242,182.79853,446.084977,222.1472,218.088829
2022-08-11,2022,267.52061,385.847283,182.891369,445.004826,221.103328,216.69712
2022-08-12,2022,269.369561,402.588718,182.984256,454.005452,227.241616,222.345822
2022-08-15,2022,269.505854,408.249635,183.07719,454.232999,227.781689,223.021213
2022-08-16,2022,265.336481,401.343633,183.170172,432.405181,228.748983,224.638052
2022-08-17,2022,264.310732,400.554465,183.2632,426.679867,229.143962,225.108768
2022-08-18,2022,264.218574,400.827061,183.356276,425.736495,229.355557,225.006446
2022-08-19,2022,263.592539,395.146089,183.449399,422.058179,224.686347,220.074062
2022-08-22,2022,262.822801,393.795024,183.542569,417.643525,222.681227,218.436767
2022-08-23,2022,265.842917,400.65384,183.635787,432.641591,227.42903,223.287269
2022-08-24,2022,263.130442,399.940389,183.729052,418.275082,227.511653,223.451003
2022-08-25,2022,264.718609,404.863508,183.822364,425.937723,228.789287,224.310584
2022-08-26,2022,263.034038,402.677725,183.915724,416.836013,226.30455,221.772768
2022-08-29,2022,262.985184,406.344569,184.009131,416.11278,226.352915,221.854635
2022-08-30,2022,262.412677,402.170101,184.102585,412.706974,222.540163,217.761376
2022-08-31,2022,263.359,412.006785,184.196087,417.080907,220.710365,216.594798
2022-09-01,2022,263.789699,419.944397,184.289637,418.813395,222.487768,218.150225
2022-09-02,2022,264.590135,420.9732,184.383234,422.439561,223.412743,219.17354
2022-09-05,2022,263.956402,417.537389,184.476878,418.719168,226.111091,221.956957
2022-09-06,2022,263.401623,411.524173,184.570571,415.402969,221.196027,216.840383
2022-09-08,2022,265.221942,413.204915,184.66431,424.252614,221.502337,217.311115
2022-09-09,2022,266.164619,416.66464,184.758098,428.606424,226.306565,221.854635
2022-09-12,2022,265.720008,413.42747,184.851932,425.853819,228.537388,223.983131
2022-09-13,2022,264.10741,399.936898,184.945815,417.118134,223.271679,218.948425
2022-09-14,2022,263.724833,400.141501,185.039745,414.682806,222.773926,218.477693
2022-09-15,2022,263.591885,404.712022,185.133723,413.525924,221.578914,217.167852
2022-09-16,2022,262.894079,403.383925,185.227749,409.475399,220.220672,216.124066
2022-09-19,2022,265.545909,406.086244,185.321823,422.582647,225.347332,221.486241
2022-09-20,2022,264.785858,398.841958,185.415944,418.212794,226.743863,222.775612
2022-09-21,2022,264.25498,395.979256,185.510113,415.016612,225.573034,221.363448
2022-09-22,2022,265.182706,396.37635,185.60433,419.291663,229.873463,225.395295
2022-09-23,2022,264.456787,393.983842,185.698594,415.095925,225.12969,220.708512
2022-09-26,2022,262.854685,382.033721,185.792907,406.411824,219.886149,215.162148
2022-09-27,2022,262.561371,382.563205,185.887268,404.431554,218.398934,214.241171
2022-09-28,2022,263.071934,382.750761,185.981676,406.568781,218.550074,214.527698
2022-09-29,2022,262.517766,380.067751,186.076132,403.251839,216.964114,212.440143
2022-09-30,2022,264.242843,383.472919,186.170637,411.609748,221.746175,217.884169
2022-10-03,2022,266.310461,398.835869,186.265189,421.722031,234.032828,230.041153
2022-10-04,2022,266.651236,392.53731,186.359789,422.988573,234.226287,229.938815
2022-10-05,2022,266.770846,392.893175,186.454438,423.121987,236.176998,231.924048
2022-10-06,2022,266.964386,392.110321,186.549134,423.633854,236.908514,232.231046
2022-10-07,2022,266.947353,391.870555,186.643879,423.066845,234.518491,230.818866
2022-10-10,2022,267.673328,396.173453,186.738672,426.30554,233.643896,229.386232
2022-10-11,2022,268.397562,397.981243,186.833512,429.535076,231.398967,226.950738
2022-10-13,2022,268.85711,400.806506,186.928401,431.408558,230.336958,225.661367
2022-10-14,2022,267.600901,396.38086,187.023339,424.493081,225.8471,221.486241
2022-10-17,2022,268.019022,401.223979,187.118324,426.153865,228.974685,224.924579
2022-10-18,2022,269.617128,409.477045,187.213358,433.858703,233.244887,229.099705
2022-10-19,2022,269.04587,410.574658,187.30844,430.451051,234.314956,229.938815
2022-10-20,2022,270.059611,411.427727,187.40357,435.162081,236.122587,231.064467
2022-10-21,2022,272.34956,422.3796,187.498748,446.410049,241.680499,238.289067
2022-10-24,2022,272.08475,417.846565,187.593975,444.571396,233.78899,229.509025
2022-10-25,2022,270.950204,410.071405,187.68925,438.27741,230.993912,226.111628
2022-10-26,2022,269.931293,403.605322,187.784574,432.5755,227.241616,222.632348
2022-10-27,2022,271.42998,410.63296,187.879946,439.769368,231.02414,225.129239
2022-10-28,2022,270.14256,409.71595,187.975367,432.691573,230.81859,231.269127
2022-10-31,2022,270.362459,412.392796,188.070835,433.334547,233.837354,229.529495
2022-11-01,2022,272.885505,425.833456,188.166353,445.774798,235.63491,230.880263
2022-11-03,2022,274.064055,434.328419,188.261919,451.327828,235.568408,231.473787
2022-11-04,2022,275.9464,433.909681,188.357533,460.485699,238.105541,233.315757
2022-11-07,2022,274.043263,424.579337,188.453196,450.252754,232.436793,227.626129
2022-11-08,2022,274.976401,425.228475,188.548908,454.547962,234.085224,229.836493
2022-11-09,2022,275.242752,424.466226,188.644668,455.427407,228.886017,224.617582
2022-11-10,2022,272.983381,405.141503,188.740477,443.36897,221.218194,217.147381
2022-11-11,2022,276.841759,410.207211,188.836334,462.647539,226.211851,222.161632
2022-11-14,2022,277.587905,415.494791,188.932241,465.983922,228.041649,223.573796
2022-11-16,2022,276.708779,403.370066,189.028196,460.994841,222.161306,217.024588
2022-11-17,2022,275.429755,390.93633,189.124199,453.9571,221.0731,216.308271
2022-11-18,2022,275.147404,391.041511,189.220252,452.024419,219.414593,214.589094
2022-11-21,2022,277.093576,397.339704,189.316353,461.506767,221.163784,217.106455
2022-11-22,2022,277.672694,393.370533,189.412503,463.986339,219.730979,215.039355
2022-11-23,2022,277.641643,393.138709,189.508702,463.340165,219.017599,215.387278
2022-11-24,2022,278.598894,399.92376,189.604949,467.75617,225.361438,221.4453
2022-11-25,2022,278.605574,394.522149,189.701246,467.302772,219.610067,215.039355
2022-11-28,2022,278.710501,388.998795,189.797591,467.352382,219.217104,215.203089
2022-11-29,2022,283.035093,401.662456,189.893986,489.016347,223.505442,219.582875
2022-11-30,2022,283.820148,402.477345,189.990429,492.549316,226.681392,222.223029
2022-12-01,2022,282.368236,396.593049,190.086921,484.623505,223.537685,219.112143
2022-12-02,2022,283.400863,402.2119,190.183463,489.424127,225.548851,220.933642
2022-12-05,2022,281.543803,395.715775,190.280053,479.422508,220.464511,216.185463
2022-12-06,2022,283.526301,399.549232,190.376693,489.088209,220.730516,218.457223
2022-12-07,2022,283.357152,396.286483,190.473381,487.732165,220.383903,216.103596
2022-12-08,2022,281.981296,386.876464,190.570119,480.194699,216.119747,211.969411
2022-12-09,2022,282.482955,385.92606,190.666905,482.274276,217.014494,212.644802
2022-12-12,2022,281.300891,377.197234,190.763741,475.728981,212.127643,208.346884
2022-12-13,2022,280.495927,373.421102,190.860626,471.115078,209.362793,205.27694
2022-12-14,2022,281.034736,373.075818,190.957561,473.384199,209.183441,206.095579
2022-12-15,2022,280.000861,380.803092,191.054544,467.597235,209.052453,205.686259
2022-12-16,2022,279.043951,368.321275,191.151577,462.20426,207.212578,203.43497
2022-12-19,2022,279.525995,374.077209,191.248659,464.181864,210.648488,207.466832
2022-12-20,2022,281.17581,381.044747,191.34579,472.140952,215.583705,211.928485
2022-12-21,2022,280.445794,377.026752,191.442971,467.909464,216.25678,212.583406
2022-12-22,2022,279.973665,378.997466,191.540201,464.998707,216.264841,212.706199
2022-12-23,2022,278.666572,384.410461,191.637481,457.810727,221.063024,216.942721
2022-12-26,2022,279.005799,385.825125,191.73481,459.055525,219.128435,215.203089
2022-12-27,2022,280.322781,383.907836,191.832188,465.308472,218.340493,214.691432
2022-12-28,2022,280.462061,387.248741,191.929616,465.528569,222.149215,218.580031
2022-12-29,2022,279.729418,383.396015,192.027093,461.282121,221.734084,216.840383
2023-01-03,2023,277.824321,369.368326,192.12462,452.493613,217.127478,212.297798
2023-01-04,2023,277.143395,369.702895,192.222196,448.850115,219.562101,215.340271
2023-01-05,2023,277.745957,372.208144,192.319822,451.253566,224.114511,220.305433
2023-01-06,2023,278.430157,379.705163,192.417497,454.041437,226.861799,222.904229
2023-01-09,2023,278.535046,381.17602,192.515222,454.099655,227.676814,222.5873
2023-01-10,2023,280.872428,386.273419,192.612997,464.676071,231.189091,226.453795
2023-01-11,2023,281.273855,392.994266,192.710821,466.130991,232.962947,230.510436
2023-01-12,2023,281.605808,395.096201,192.808695,467.258359,233.200573,228.735662
2023-01-13,2023,281.273744,392.622986,192.906619,465.256977,231.197429,226.812973
2023-01-16,2023,280.669347,388.567048,193.004592,461.972275,227.647632,222.840846
2023-01-17,2023,281.218662,393.491408,193.102615,464.123085,232.287589,227.763759
2023-01-18,2023,282.416527,396.429775,193.200688,469.329321,234.399124,228.88356
2023-01-19,2023,284.683099,401.71385,193.298811,479.570564,235.553902,230.531569
2023-01-20,2023,286.386764,404.132662,193.396984,487.159436,234.084374,229.13709
2023-01-23,2023,287.182499,407.290851,193.495206,490.470366,232.850387,227.975039
2023-01-24,2023,289.380917,410.955685,193.593478,500.38983,235.59976,231.207676
2023-01-25,2023,289.812369,421.563531,193.691801,501.983991,238.032298,233.785339
2023-01-26,2023,291.671821,421.873098,193.790173,510.305965,237.853036,233.29938
2023-01-27,2023,290.764447,420.583643,193.888595,505.591785,234.503346,229.031457
2023-01-30,2023,291.07073,423.145482,193.987067,506.595536,233.223501,229.665299
2023-01-31,2023,292.986605,424.497287,194.085589,515.182685,236.650316,232.073931
2023-02-01,2023,291.985983,414.397952,194.184162,510.028495,234.088543,229.031457
2023-02-02,2023,291.239048,409.411094,194.282784,506.069327,229.152596,224.594504
2023-02-03,2023,289.619806,407.614188,194.381456,498.000053,226.140584,221.573148
2023-02-06,2023,288.606349,409.677814,194.480179,492.784715,226.069713,222.37602
2023-02-07,2023,288.144305,411.434291,194.578951,490.167147,224.952455,219.946255
2023-02-08,2023,289.514126,415.109724,194.677774,496.180215,229.042121,224.679004
2023-02-09,2023,288.293877,401.694677,194.776647,489.989905,224.666887,220.664628
2023-02-10,2023,289.411138,410.359822,194.87557,494.812579,225.431875,221.319602
2023-02-13,2023,290.358099,411.865363,194.974543,498.83266,226.882644,222.840846
2023-02-14,2023,288.134108,409.605552,195.073567,487.912535,224.408417,220.643495
2023-02-15,2023,290.452021,415.145687,195.172641,498.391429,228.124968,224.066295
2023-02-16,2023,287.519159,413.176614,195.271765,484.130997,229.090063,225.017065
2023-02-17,2023,287.448204,410.472885,195.37094,483.354256,227.835231,223.030994
2023-02-22,2023,285.095101,406.256969,195.470165,471.824919,223.351607,218.889837
2023-02-23,2023,285.428825,407.820716,195.56944,472.954383,224.535568,220.051903
2023-02-24,2023,283.553525,399.006156,195.668766,463.675767,220.685612,216.312174
2023-02-27,2023,283.135041,398.080174,195.768142,461.260744,220.347933,216.122026
2023-02-28,2023,282.543275,391.137346,195.867569,458.029066,218.724157,213.713394
2023-03-01,2023,282.30448,386.787943,195.967046,456.460199,217.58397,213.819026
2023-03-02,2023,283.612827,394.496853,196.066574,462.180479,215.376551,211.156864
2023-03-03,2023,283.487131,393.226306,196.166152,461.144027,216.502147,212.171017
2023-03-06,2023,284.353184,398.245915,196.265781,464.779982,218.240567,214.389501
2023-03-07,2023,282.911909,394.346952,196.365461,457.544708,217.256713,213.185185
2023-03-08,2023,285.280268,397.893322,196.465191,468.25835,222.075932,218.086965
2023-03-09,2023,285.123006,394.269672,196.564972,467.072272,219.013894,214.579649
2023-03-10,2023,283.64912,388.866025,196.664803,459.682671,215.985206,211.727323
2023-03-13,2023,282.791431,381.134435,196.764685,455.196068,214.949241,210.818803
2023-03-14,2023,281.771691,380.64347,196.864618,449.945729,214.555283,210.396242
2023-03-15,2023,282.051382,371.341333,196.964602,450.817452,214.019582,209.994798
2023-03-16,2023,281.467612,370.961016,197.064636,447.62074,215.603754,211.283629
2023-03-17,2023,282.235148,365.502074,197.164721,450.790499,212.575067,208.579201
2023-03-20,2023,282.964582,360.718254,197.264857,453.780514,210.367648,206.424099
2023-03-21,2023,279.756241,360.085353,197.365044,438.217419,210.523981,206.910059
2023-03-22,2023,279.597674,361.129325,197.465282,437.023149,208.904373,205.008503
2023-03-23,2023,275.688642,355.855865,197.56557,418.158288,204.12059,199.832061
2023-03-24,2023,280.140514,364.917556,197.66591,438.685712,206.002837,202.536488
2023-03-27,2023,281.581907,366.402167,197.766301,445.028994,207.755849,203.973218
2023-03-28,2023,283.542061,371.702922,197.866742,453.816196,210.913771,207.121339
2023-03-29,2023,281.314039,366.918506,197.967235,442.870527,212.181109,208.220023
2023-03-30,2023,283.049021,366.938898,198.067778,450.596375,216.183228,212.276665
2023-03-31,2023,280.735892,361.321967,198.168373,439.249264,212.366624,208.093242
2023-04-03,2023,279.08292,358.140518,198.269019,431.012267,211.582875,207.691814
2023-04-04,2023,280.053006,366.960433,198.369716,435.133616,212.339526,208.135508
2023-04-05,2023,278.393978,362.873912,198.470464,426.867627,210.482292,206.276202
2023-04-06,2023,279.091725,371.485129,198.571263,429.70539,210.15712,206.191686
2023-04-10,2023,279.744828,374.400037,198.672113,432.332579,212.293668,208.452436
2023-04-11,2023,282.941319,382.849662,198.773015,446.942752,221.396405,217.431991
2023-04-12,2023,282.557284,385.506272,198.873968,444.682996,222.805485,218.361628
2023-04-13,2023,282.695797,382.802907,198.974972,444.885007,221.905008,217.47424
2023-04-14,2023,281.850846,382.785333,199.076027,440.453182,221.531894,217.706654
2023-04-17,2023,281.226219,379.503328,199.177134,437.059187,220.983687,217.009414
2023-04-18,2023,279.418306,376.203622,199.278292,428.089898,221.290099,216.988281
2023-04-19,2023,275.787296,369.192833,199.379501,410.530831,216.600115,212.297798
2023-04-20,2023,276.768905,370.647187,199.480762,414.703953,217.54645,213.396466
2023-04-24,2023,275.203614,368.390247,199.582075,406.877093,216.670986,212.593594
2023-04-25,2023,273.365676,365.827723,199.683438,397.765422,215.1556,211.114599
2023-04-26,2023,273.306468,365.542364,199.784854,397.034028,213.262932,209.191926
2023-04-27,2023,273.782153,363.709993,199.88632,398.822567,214.536523,210.290594
2023-04-28,2023,275.510362,366.588546,199.987839,406.512155,217.681938,213.185185
2023-05-02,2023,272.349172,360.163072,200.089408,391.165042,212.460423,208.093242
2023-05-03,2023,271.746684,355.403187,200.19103,387.873062,212.189446,208.325655
2023-05-04,2023,272.152013,351.845123,200.292703,389.329194,212.975279,209.065145
2023-05-05,2023,276.055637,360.043395,200.394427,407.267357,219.174395,215.319154
2023-05-08,2023,275.353152,360.162763,200.496204,403.503549,221.037882,216.544587
2023-05-09,2023,276.045323,364.498841,200.598032,406.310452,223.272399,219.312414
2023-05-10,2023,277.149746,364.841267,200.699911,411.059451,223.968601,219.671592
2023-05-11,2023,278.438971,366.130945,200.801843,416.678919,225.652826,221.4675
2023-05-12,2023,279.714836,366.210156,200.903826,422.235205,226.086389,221.953459
2023-05-15,2023,281.393071,353.305557,201.005861,429.687037,227.264096,222.840846
2023-05-16,2023,280.623201,354.491098,201.107948,425.604355,225.523591,221.066056
2023-05-17,2023,283.662679,357.960202,201.210087,439.469238,228.162488,223.98178
2023-05-18,2023,287.147117,355.899222,201.312277,455.430325,229.513203,225.545274
2023-05-19,2023,287.114901,356.138067,201.41452,454.82242,230.84099,226.411545
2023-05-22,2023,287.374436,356.485024,201.516814,455.588867,229.732069,225.122714
2023-05-23,2023,285.297102,354.625931,201.619161,445.344894,229.140089,224.8903
2023-05-24,2023,283.068327,355.386102,201.721559,434.387173,226.78676,222.41827
2023-05-25,2023,285.724251,360.53411,201.824009,446.443546,229.400644,225.122714
2023-05-26,2023,288.920813,365.612881,201.926512,461.04691,231.176584,227.151034
2023-05-29,2023,288.894233,366.217846,202.029066,460.464165,229.982202,225.587524
2023-05-30,2023,286.756021,360.520184,202.131673,449.932204,227.134861,222.650683
2023-05-31,2023,287.005743,356.240212,202.234331,450.650794,225.817496,221.509749
2023-06-01,2023,288.876619,355.771445,202.337042,459.007241,230.465791,226.496044
2023-06-02,2023,290.383565,361.414263,202.439805,465.648796,234.620074,230.341406
2023-06-05,2023,291.199716,364.350491,202.54262,469.035425,234.907727,230.594952
2023-06-06,2023,293.046792,365.876307,202.645487,477.279036,238.897339,234.672726
2023-06-07,2023,294.034432,366.233364,202.748407,481.473174,240.727475,236.172838
2023-06-09,2023,294.885247,368.759325,202.851379,485.022425,243.918748,239.194195
2023-06-12,2023,295.785766,365.468872,202.954403,488.805623,244.579515,240.102715
2023-06-13,2023,292.677319,362.435847,203.05748,473.70029,243.343444,238.623736
2023-06-14,2023,295.581691,366.848135,203.160608,486.924204,248.191844,243.208587
2023-06-15,2023,296.510636,367.980934,203.26379,490.840629,248.508679,243.821311
2023-06-16,2023,296.296321,367.007498,203.367023,489.370338,247.543585,242.764893
2023-06-19,2023,298.066557,367.841044,203.470309,497.250051,249.836465,245.363673
2023-06-20,2023,298.935439,367.415028,203.573648,500.88279,249.344538,244.708699
2023-06-21,2023,299.133516,370.841536,203.677039,501.354789,251.007919,245.659469
2023-06-22,2023,298.456802,369.021496,203.780482,497.704962,247.910445,243.525516
2023-06-23,2023,299.574732,371.424557,203.883978,502.510388,248.000076,243.631148
2023-06-26,2023,297.926961,363.97737,203.987527,494.284943,246.470099,241.750725
2023-06-27,2023,297.826333,362.79566,204.091128,493.348653,244.969305,240.377378
2023-06-28,2023,297.62851,365.797229,204.194782,491.954191,243.214209,238.813884
2023-06-29,2023,300.205615,371.558202,204.298488,503.633602,246.761921,242.786026
2023-06-30,2023,301.783302,374.694233,204.402247,510.604008,246.144927,241.222516
2023-07-03,2023,302.636313,380.986527,204.506059,514.159855,249.450844,244.962245
2023-07-04,2023,304.426884,382.764157,204.609924,522.132795,248.206436,243.48325
2023-07-05,2023,305.44786,383.883131,204.713841,526.479546,249.192374,244.750949
2023-07-06,2023,303.213031,378.669255,204.817811,515.486289,244.767114,240.102715
2023-07-07,2023,303.613823,382.259605,204.921834,516.910562,247.835406,243.377618
2023-07-10,2023,301.512369,379.451245,205.02591,506.545233,245.842684,241.074618
2023-07-11,2023,301.242378,379.089544,205.130038,504.808633,244.33772,240.440777
2023-07-12,2023,301.276725,378.21529,205.23422,504.505687,245.267379,240.504159
2023-07-13,2023,302.668384,382.035474,205.338454,510.597497,248.59831,244.201623
2023-07-14,2023,301.280333,377.039651,205.442741,503.592433,245.361179,240.778822
2023-07-17,2023,302.320118,378.581957,205.547082,508.025916,246.420073,242.363449
2023-07-18,2023,302.997479,378.250402,205.651475,510.751593,245.632156,240.757689
2023-07-19,2023,302.960515,379.101225,205.755921,510.111483,245.029753,240.335128
2023-07-20,2023,302.634562,382.472995,205.86042,508.109561,246.136589,241.581694
2023-07-21,2023,303.932638,389.264758,205.964973,513.759039,250.584778,245.934148
2023-07-24,2023,304.779109,393.974335,206.069578,517.280532,252.92977,248.406162
2023-07-25,2023,305.564588,392.424911,206.174237,520.514426,254.318005,249.272433
2023-07-26,2023,304.803119,394.121354,206.278949,516.459621,255.468614,250.878177
2023-07-27,2023,303.985881,388.738538,206.383714,512.141816,250.111611,245.173525
2023-07-28,2023,304.500301,392.780619,206.488532,514.097901,250.522245,246.187678
2023-07-31,2023,306.980516,392.817455,206.593403,525.315617,254.182517,249.209034
2023-08-01,2023,308.017764,394.789916,206.698328,529.734539,252.733833,248.300514
2023-08-02,2023,309.05839,395.654957,206.803306,534.169137,251.922987,247.222979
2023-08-03,2023,310.054404,398.865819,206.904716,538.40946,251.353936,246.589122
2023-08-04,2023,309.952623,400.153814,207.006176,537.477286,249.106912,244.370653
2023-08-07,2023,309.508322,404.264183,207.107685,534.931102,248.840104,244.265005
2023-08-08,2023,310.302642,403.42595,207.209245,538.220481,248.235618,243.546632
2023-08-09,2023,311.163458,405.560369,207.310854,541.822931,246.816116,242.342316
2023-08-10,2023,310.825869,406.224507,207.412513,539.778856,246.693134,241.940888
2023-08-11,2023,309.33507,405.671179,207.514222,532.301195,246.09907,241.391547
2023-08-14,2023,308.381659,407.915769,207.615981,527.355221,243.483101,239.405475
2023-08-15,2023,308.354524,403.356621,207.717789,526.77319,242.151146,237.41942
2023-08-16,2023,308.817806,402.270287,207.819648,528.50154,240.944257,236.363002
2023-08-17,2023,306.263047,390.512782,207.921556,516.010124,239.67275,235.285451
2023-08-18,2023,309.083726,395.092318,208.023515,528.844938,240.562805,236.003808
2023-08-21,2023,309.451245,394.118076,208.125523,530.121432,238.520056,234.081135
2023-08-22,2023,312.280002,398.32681,208.227582,542.993858,242.119879,237.503935
2023-08-23,2023,314.301092,404.44474,208.32969,552.060724,246.24498,241.497195
2023-08-24,2023,314.701116,404.976263,208.431849,553.489697,243.933339,239.384359
2023-08-25,2023,312.69909,402.577403,208.534058,543.60115,241.454944,236.954594
2023-08-28,2023,313.007483,404.538493,208.636317,544.597955,244.131361,239.806919
2023-08-29,2023,314.503879,407.972553,208.738626,551.191827,246.805694,242.173302
2023-08-30,2023,312.81336,404.754287,208.840985,542.770279,244.994318,240.652057
2023-08-31,2023,309.656946,400.221605,208.943394,527.441926,241.256922,237.292639
2023-09-01,2023,313.002298,407.885703,209.045854,542.746506,245.740546,240.968986
2023-09-04,2023,313.257108,409.565713,209.148364,543.489735,245.498752,241.159133
2023-09-05,2023,312.499116,408.444487,209.250924,539.460907,244.569093,240.060465
2023-09-06,2023,311.245672,403.403892,209.353534,533.097525,241.76344,237.165874
2023-09-08,2023,311.209211,403.886349,209.456195,532.467751,240.362699,235.919308
2023-09-11,2023,312.509842,410.470517,209.558906,538.13748,243.635265,239.76467
2023-09-12,2023,314.962156,416.530512,209.661667,549.233155,245.896879,241.328164
2023-09-13,2023,314.476864,415.20916,209.764479,546.488033,246.330442,241.83524
2023-09-14,2023,316.367386,414.698151,209.867341,554.936364,248.865118,244.222739
2023-09-15,2023,315.669211,413.650848,209.970254,551.187793,247.543585,242.807143
2023-09-18,2023,315.120957,413.020153,210.073217,548.145348,246.563899,242.236684
2023-09-19,2023,314.59396,411.265797,210.176231,545.202835,245.642578,241.074618
2023-09-20,2023,315.771061,415.17895,210.279295,550.288977,247.412265,243.039556
2023-09-21,2023,313.650434,406.39441,210.378713,539.85409,242.09695,237.905363
2023-09-22,2023,312.896213,404.798794,210.478178,535.856836,241.813467,237.926496
2023-09-25,2023,312.014808,404.886262,210.57769,531.260148,241.638374,237.841981
2023-09-26,2023,309.822101,400.621726,210.677249,520.485026,238.028129,233.785339
2023-09-27,2023,309.846987,400.856234,210.776855,520.157919,238.307444,233.890971
2023-09-28,2023,312.565833,405.171869,210.876508,532.523228,241.233993,237.017976
2023-09-29,2023,313.731374,404.023889,210.976208,537.569906,242.972414,239.06743
2023-10-02,2023,312.071135,403.692275,211.075956,529.302677,239.829083,235.560114
2023-10-03,2023,310.042046,399.824118,211.17575,519.297397,236.414775,232.031681
2023-10-04,2023,311.171432,398.254237,211.275592,524.173103,236.806649,232.792303
2023-10-05,2023,310.629747,394.787452,211.375481,521.175322,236.133376,231.883783
2023-10-06,2023,310.617756,395.891288,211.475417,520.672993,237.980187,233.806472
2023-10-09,2023,312.138452,401.577178,211.575401,527.391732,240.035442,236.088323
2023-10-10,2023,314.236551,404.353273,211.675431,536.830698,243.330937,239.025164
2023-10-11,2023,313.1591,402.995507,211.775509,531.307806,243.98545,239.806919
2023-10-13,2023,310.692748,398.510829,211.875635,519.240879,241.281935,236.76443
2023-10-16,2023,310.60254,401.615847,211.975807,518.368975,242.907796,238.623736
2023-10-17,2023,309.10973,398.392115,212.076027,510.888483,241.602939,237.356021
2023-10-18,2023,306.257818,398.799282,212.176295,497.004347,237.750899,233.193748
2023-10-19,2023,305.865854,398.289671,212.27661,494.710083,237.63417,233.679691
2023-10-20,2023,305.694245,394.720191,212.376972,493.45381,235.864483,231.355574
2023-10-23,2023,307.871344,394.947719,212.477382,503.263296,235.093242,231.038645
2023-10-24,2023,309.230978,396.585301,212.577839,509.221072,237.129737,232.919068
2023-10-25,2023,306.050629,391.950624,212.678344,493.788449,235.187041,231.038645
2023-10-26,2023,307.934109,396.378162,212.778896,502.213907,239.24544,235.369966
2023-10-27,2023,306.10208,389.388717,212.879495,493.133485,236.168811,232.095064
2023-10-30,2023,304.774906,381.513344,212.980143,486.431483,234.565879,230.214641
2023-10-31,2023,306.774927,385.847989,213.080838,495.405391,235.841554,231.60912
2023-11-01,2023,306.126397,388.732138,213.18158,491.900402,239.820745,235.708012
2023-11-03,2023,309.271628,395.15176,213.278605,506.286352,246.297091,242.447965
2023-11-06,2023,308.012771,394.518037,213.375675,499.922189,246.978702,242.57473
2023-11-07,2023,311.82717,398.470945,213.472789,517.460538,248.606647,244.39177
2023-11-08,2023,311.76594,396.124618,213.569946,516.738613,248.254378,244.074842
2023-11-09,2023,311.570685,390.28822,213.667149,515.385031,248.073032,243.356485
2023-11-10,2023,315.114847,394.503677,213.764395,531.649567,251.458157,247.222979
2023-11-13,2023,314.676881,394.124446,213.861685,529.152054,250.916204,246.821535
2023-11-14,2023,317.928083,402.279842,213.95902,544.035904,257.069462,252.71635
2023-11-16,2023,318.42273,404.549424,214.0564,545.932017,259.67084,255.568676
2023-11-17,2023,317.122008,403.165158,214.153823,539.369024,260.683876,256.096885
2023-11-20,2023,318.160001,407.371778,214.251291,543.824721,262.8371,258.294237
2023-11-21,2023,317.054996,406.527541,214.348803,538.183453,261.819894,257.258952
2023-11-22,2023,316.763005,405.659557,214.44636,536.372517,262.712034,258.082956
2023-11-23,2023,317.598496,406.576404,214.543961,539.873532,263.839714,259.519686
2023-11-24,2023,314.852089,401.99444,214.641606,526.498183,261.684406,257.047671
2023-11-27,2023,315.671654,399.444878,214.739296,529.923763,261.978312,257.639263
2023-11-28,2023,318.234099,402.851864,214.83703,541.560749,263.760505,259.287273
2023-11-29,2023,318.224629,399.81901,214.934809,541.079921,262.849606,258.336487
2023-11-30,2023,320.280857,402.572152,215.032632,550.331461,265.413464,261.08318
2023-12-01,2023,321.050463,400.805778,215.1305,553.520864,267.022649,262.245247
2023-12-04,2023,317.657653,394.681496,215.228412,537.09879,264.312881,259.794349
2023-12-05,2023,318.779527,394.187335,215.326369,541.947513,264.521325,259.899997
2023-12-06,2023,318.226284,392.71732,215.424371,538.903699,261.853245,257.174436
2023-12-07,2023,318.636051,397.704672,215.522417,540.39692,262.659923,258.378752
2023-12-08,2023,320.897611,401.087854,215.620508,550.61469,264.919452,260.533838
2023-12-11,2023,321.716326,400.449773,215.718643,554.034277,264.548423,260.111277
2023-12-12,2023,322.308126,401.532885,215.816823,556.384551,263.479106,259.033726
2023-12-13,2023,325.563145,406.264015,215.915048,571.28242,269.861653,266.470919
2023-12-14,2023,328.391938,414.133913,216.009487,584.189007,272.731923,268.076663
2023-12-15,2023,327.183924,410.113565,216.103967,578.075939,271.387461,266.808965
2023-12-18,2023,327.423484,414.417832,216.198489,578.78295,273.236357,268.900668
2023-12-19,2023,327.884619,423.018859,216.293052,580.533732,274.83512,270.548694
2023-12-20,2023,327.594831,419.08561,216.387656,578.746346,272.652714,267.949898
2023-12-21,2023,328.568737,419.839065,216.482302,582.912683,275.525069,271.182551
2023-12-22,2023,328.755145,422.044709,216.576989,583.368531,276.715282,272.429117
2023-12-26,2023,329.120439,424.390074,216.671718,584.66702,278.341143,273.929213
2023-12-27,2023,329.536848,423.544283,216.766488,586.20615,279.718956,275.640637
2023-12-28,2023,330.036531,425.508589,216.861299,588.137441,279.700196,275.492723
2024-01-03,2024,329.725191,426.702245,216.956152,586.765533,279.988966,275.984851
2024-01-04,2024,327.709327,414.978206,217.051046,576.023742,276.599606,272.475919
2024-01-05,2024,328.354909,420.608926,217.145982,578.832585,278.279531,274.401547
2024-01-08,2024,330.593844,427.541802,217.24096,589.753832,279.131087,275.08623
2024-01-09,2024,330.349474,424.002328,217.335979,588.031035,277.065432,272.989415
2024-01-10,2024,330.374265,422.780434,217.431039,587.678472,275.788099,271.598699
2024-01-11,2024,329.318116,414.819793,217.526142,581.822056,275.383399,271.320542
2024-01-12,2024,329.977913,413.580045,217.621285,584.702232,276.097947,272.21918
2024-01-15,2024,329.371533,413.429567,217.716471,581.13541,277.22141,273.481526
2024-01-16,2024,329.770237,413.115506,217.811698,582.685799,272.527315,268.496293
2024-01-17,2024,331.260855,416.95142,217.906966,589.7955,270.904301,266.442295
2024-01-18,2024,330.194447,408.536777,218.002277,583.8858,268.358065,264.366897
2024-01-19,2024,332.019018,413.75983,218.097629,592.695415,269.032565,264.965978
2024-01-22,2024,331.355613,411.729968,218.193022,588.837199,266.853088,262.526854
2024-01-23,2024,332.292992,422.140913,218.288458,593.129221,270.354162,266.485096
2024-01-24,2024,331.61173,426.096303,218.383935,589.179667,269.411971,265.244134
2024-01-25,2024,331.900151,435.427695,218.479454,590.167077,270.156028,266.292525
2024-01-26,2024,332.380211,435.330746,218.575015,592.130014,271.838061,267.619072
2024-01-29,2024,332.294959,431.304954,218.670617,591.214434,270.860037,266.913006
2024-01-30,2024,330.350738,423.657245,218.766262,580.833635,268.539337,264.388297
2024-01-31,2024,331.128701,433.142454,218.861948,584.312723,269.277071,265.201333
2024-02-01,2024,331.364377,436.706645,218.953776,585.050171,270.813665,266.934406
2024-02-02,2024,329.469467,434.434978,219.045642,574.939467,268.075618,263.853401
2024-02-05,2024,329.063327,431.063018,219.137547,572.408697,268.941929,265.008778
2024-02-06,2024,330.60985,435.423263,219.229491,579.819788,274.892279,271.470312
2024-02-07,2024,331.828521,444.847773,219.321473,585.561411,273.189168,269.694471
2024-02-08,2024,330.818524,446.986289,219.413494,579.955502,270.257203,266.399511
2024-02-09,2024,329.083042,447.259463,219.505553,570.655561,269.854611,265.586459
2024-02-14,2024,327.58992,443.027284,219.597651,562.589412,267.729937,263.660847
2024-02-15,2024,328.179087,442.832799,219.689787,565.125119,269.386677,265.436688
2024-02-16,2024,329.117162,450.796787,219.781963,569.437106,271.330079,267.191146
2024-02-19,2024,330.134483,453.172167,219.874177,574.152381,271.9835,267.747442
2024-02-20,2024,332.837427,456.998652,219.966429,587.449871,273.838374,269.994011
2024-02-21,2024,333.163234,461.301911,220.05872,588.643892,274.08288,269.972611
2024-02-22,2024,333.973508,458.597278,220.151051,592.304393,274.523412,270.229367
2024-02-23,2024,332.660282,450.489396,220.243419,585.152826,272.790792,268.753049
2024-02-26,2024,333.690358,459.764702,220.335827,589.932073,273.191276,269.095374
2024-02-27,2024,334.017724,471.356672,220.428273,591.133248,277.575523,273.52431
2024-02-28,2024,332.012394,465.51903,220.520758,580.457224,274.34214,270.143781
2024-02-29,2024,334.102674,473.326377,220.613282,590.633946,271.949775,267.982798
2024-03-01,2024,332.323527,469.143955,220.705845,581.109152,272.287025,267.961397
2024-03-04,2024,332.059381,468.970711,220.798446,579.297842,270.518571,266.37811
2024-03-05,2024,332.771361,472.048107,220.891087,582.456315,270.006373,266.164155
2024-03-06,2024,333.980684,474.151798,220.983766,588.146833,271.67576,267.768843
2024-03-07,2024,333.583125,478.362415,221.076484,585.655658,270.516463,266.741835
2024-03-08,2024,334.160227,468.018207,221.169241,588.126807,267.841651,263.725032
2024-03-11,2024,332.424548,461.789571,221.262037,578.822153,265.845554,261.713818
2024-03-12,2024,334.427055,464.886061,221.354872,588.550411,269.100014,264.901793
2024-03-13,2024,335.861199,472.255088,221.447746,595.384631,269.812455,266.09997
2024-03-14,2024,335.716347,474.906936,221.540659,594.179143,269.146386,264.923193
2024-03-15,2024,333.539619,465.463372,221.633611,582.628092,267.148182,262.890595
2024-03-18,2024,329.040114,464.582987,221.726601,559.250337,267.595037,263.275721
2024-03-19,2024,328.479812,473.157463,221.819631,555.928985,268.807029,265.201333
2024-03-20,2024,330.273925,480.222228,221.9127,564.595015,272.171095,268.410708
2024-03-21,2024,327.450381,478.670164,222.001838,549.769885,270.13495,266.09997
2024-03-22,2024,326.683061,470.675359,222.091012,545.413914,267.748908,263.618046
2024-03-25,2024,325.597669,465.674185,222.180221,539.438282,267.546558,263.575261
2024-03-26,2024,325.907762,461.935162,222.269467,540.567635,267.403227,263.682231
2024-03-27,2024,328.296307,477.559334,222.358748,552.279317,269.148494,265.415304
2024-03-28,2024,328.213772,481.810641,222.448065,551.409227,270.023236,266.014385
2024-04-01,2024,327.444082,478.757327,222.537418,547.040285,267.670919,263.789217
2024-04-02,2024,328.183921,482.388615,222.626807,550.35698,268.849185,264.752022
2024-04-03,2024,327.000966,481.637709,222.716231,543.883524,268.362281,264.324112
2024-04-04,2024,326.69498,482.016791,222.805692,541.875002,268.59414,264.623653
2024-04-05,2024,327.005239,480.512483,222.895189,543.003934,267.259895,262.95478
2024-04-08,2024,328.322507,488.515828,222.984721,549.259903,271.606202,267.726042
2024-04-09,2024,329.047592,493.550105,223.07429,552.500575,273.783571,269.39493
2024-04-10,2024,326.357339,485.276261,223.163894,538.351749,269.91363,265.629259
2024-04-11,2024,326.896254,487.273054,223.253535,540.644166,268.52669,264.709238
2024-04-12,2024,323.587184,463.501844,223.343211,523.34425,265.470364,261.285908
2024-04-15,2024,319.619871,452.73582,223.432924,502.692683,264.180384,260.066346
2024-04-16,2024,319.636965,455.947085,223.522672,502.327685,262.188502,258.568628
2024-04-17,2024,321.028088,455.587504,223.612457,508.958427,261.728999,257.905363
2024-04-18,2024,320.668828,452.445694,223.702277,506.676845,261.781695,257.776993
2024-04-19,2024,321.282835,457.330033,223.792134,509.350508,263.737743,260.002145
2024-04-22,2024,321.880154,456.985749,223.882027,511.939016,264.68415,260.601242
2024-04-23,2024,320.940318,454.771618,223.971956,506.700871,263.788331,259.766806
2024-04-24,2024,321.031692,450.769951,224.061921,506.712981,262.930452,258.825384
2024-04-25,2024,320.699636,449.208218,224.151922,504.569001,262.73021,258.697014
2024-04-26,2024,323.597141,460.812594,224.241959,518.868262,266.692894,262.80501
2024-04-29,2024,324.43817,463.91716,224.332033,522.696722,268.433946,264.816207
2024-04-30,2024,322.120139,441.646862,224.422143,510.440535,265.423992,261.842188
2024-05-02,2024,324.630187,447.486273,224.512289,522.766497,267.94915,263.917586
2024-05-03,2024,327.593876,468.038335,224.602471,537.402012,270.872684,267.340916
2024-05-06,2024,326.601364,452.268577,224.692689,531.894203,270.782048,266.827421
2024-05-07,2024,327.075159,459.329396,224.782944,533.851964,272.350259,268.303738
2024-05-08,2024,328.229804,460.592664,224.873234,539.276116,272.921476,269.052589
2024-05-09,2024,325.992604,451.230957,224.961542,527.44056,270.196076,266.420895
2024-05-10,2024,325.66667,436.465965,225.049884,525.336104,268.956683,265.329719
2024-05-13,2024,326.566125,439.582896,225.138262,529.470587,270.126518,266.50648
2024-05-14,2024,326.100782,441.386887,225.226673,526.655977,270.88533,267.041376
2024-05-15,2024,327.138639,442.907604,225.31512,531.494786,269.858826,265.80043
2024-05-16,2024,327.609179,443.130536,225.403601,533.444908,270.398426,266.485096
2024-05-17,2024,326.269554,435.670783,225.492117,526.178336,270.118087,266.09997
2024-05-20,2024,327.610001,442.183829,225.580668,532.557271,269.274963,265.565075
2024-05-21,2024,327.410771,443.826123,225.669253,531.096708,268.560415,264.666437
2024-05-22,2024,324.788139,437.202102,225.757874,517.297135,264.846452,261.178922
2024-05-23,2024,325.087101,435.438714,225.846529,518.372787,262.905158,259.103524
2024-05-24,2024,324.781756,433.052017,225.935219,516.371413,262.013554,258.119318
2024-05-27,2024,325.777466,440.11771,226.023944,520.994226,262.414038,258.611429
2024-05-28,2024,325.195784,431.724852,226.112703,517.585524,260.904845,257.135111
2024-05-29,2024,325.105935,425.660162,226.201498,516.680828,258.643164,254.867158
2024-05-31,2024,323.092734,421.123523,226.290327,505.983138,257.359507,253.882952
2024-06-03,2024,323.839582,418.193831,226.379191,509.338165,257.220392,253.412241
2024-06-04,2024,323.205231,408.983491,226.46809,505.660592,256.735595,252.813161
2024-06-05,2024,324.783579,413.974347,226.557024,513.248873,255.90301,252.256864
2024-06-06,2024,326.899087,420.891152,226.645993,523.571951,259.047864,255.466239
2024-06-07,2024,325.218029,410.854634,226.734997,514.564503,254.554011,250.609376
2024-06-10,2024,323.873683,406.671906,226.824036,507.271261,254.539256,251.080087
2024-06-11,2024,324.357286,413.699578,226.91311,509.284911,256.383591,252.470819
2024-06-12,2024,323.292672,409.563655,227.002218,503.41558,252.80242,249.175859
2024-06-13,2024,323.415462,404.680983,227.091362,503.591784,252.026745,248.576779
2024-06-14,2024,322.809149,404.669246,227.180541,500.055554,252.22488,248.662364
2024-06-17,2024,322.598871,395.887743,227.269755,498.535578,251.120387,247.635357
2024-06-18,2024,323.084405,400.681791,227.359004,500.558179,252.15743,248.448409
2024-06-19,2024,323.765297,402.043685,227.448288,503.575271,253.487458,249.817741
2024-06-20,2024,324.007169,409.956018,227.537606,504.356903,253.877403,250.587992
2024-06-21,2024,324.873129,409.971929,227.626961,508.315923,255.763894,252.513604
2024-06-24,2024,327.971946,422.405793,227.71635,523.643435,258.495617,254.781573
2024-06-25,2024,329.291357,417.646569,227.805774,529.910865,257.850627,254.396448
2024-06-26,2024,329.70778,415.945032,227.895233,531.580523,258.504049,254.909943
2024-06-27,2024,330.490258,429.17959,227.984728,535.113786,262.01777,258.461659
2024-06-28,2024,329.920188,418.107144,228.074257,531.760325,261.172537,257.563022
2024-07-01,2024,330.419915,413.298592,228.163822,533.853597,262.881972,259.06074
2024-07-02,2024,330.380901,412.762039,228.253422,533.203668,263.027411,259.595635
2024-07-03,2024,333.396913,420.192864,228.343057,548.108342,264.871746,261.328693
2024-07-04,2024,335.782447,431.975963,228.432727,559.802734,265.929867,262.3557
2024-07-05,2024,335.287369,429.70952,228.522433,556.830209,266.146971,262.526854
2024-07-08,2024,333.657269,428.382942,228.612174,548.078506,266.739266,263.040366
2024-07-09,2024,334.360266,428.16322,228.70195,551.205668,267.91964,264.324112
2024-07-10,2024,335.055533,428.572735,228.791761,554.293297,268.1515,264.238527
2024-07-11,2024,335.898886,439.967672,228.881607,558.134735,270.419504,266.52788
2024-07-12,2024,335.22073,435.736064,228.971489,554.229176,271.690514,267.875812
2024-07-15,2024,336.614143,440.919615,229.061406,560.870904,272.584226,268.988404
2024-07-16,2024,338.045635,441.039876,229.151359,567.70634,272.139478,268.239554
2024-07-17,2024,338.459282,449.047711,229.241346,569.359199,272.856134,269.202359
2024-07-18,2024,336.500237,433.615473,229.33137,558.931236,269.06629,265.351103
2024-07-19,2024,336.115421,433.367377,229.421428,556.518338,268.990408,265.308319
2024-07-22,2024,338.143488,436.718629,229.511522,566.390544,269.504714,265.864615
2024-07-23,2024,336.386863,425.548956,229.601651,556.992678,266.827794,263.06175
2024-07-24,2024,336.335091,422.564944,229.691816,556.27495,266.47579,262.869195
2024-07-25,2024,335.982953,416.569116,229.782015,554.027719,265.487226,261.906389
2024-07-26,2024,337.188922,421.661819,229.872251,559.713468,268.72904,265.265534
2024-07-29,2024,336.872722,416.612728,229.962522,557.648862,267.595037,264.152942
2024-07-30,2024,337.99064,418.540839,230.052828,562.88594,265.877171,262.548254
2024-07-31,2024,341.010745,419.895855,230.14317,577.80789,269.06629,265.393904
2024-08-01,2024,339.85082,418.439581,230.233547,571.446893,268.524582,264.752022
2024-08-02,2024,339.958196,436.66619,230.32396,571.538223,265.276445,261.842188
2024-08-05,2024,338.150483,437.924954,230.414408,561.878634,264.045484,260.537041
2024-08-06,2024,338.50312,448.436239,230.504892,563.218362,266.146971,262.612439
2024-08-07,2024,342.179284,455.545138,230.595411,581.47977,268.775412,265.393904
2024-08-08,2024,342.379407,448.373672,230.685966,582.042609,271.193071,268.089783
2024-08-09,2024,346.72492,448.841479,230.776556,603.711667,275.311734,272.005208
2024-08-12,2024,346.639227,457.329824,230.867182,602.818907,276.367747,273.117801
2024-08-13,2024,349.431462,451.873567,230.957844,616.579042,279.069961,275.535524
2024-08-14,2024,348.785882,446.531727,231.048541,612.835239,281.009147,277.461136
2024-08-15,2024,349.191733,448.820533,231.139274,614.444654,282.769169,279.194225
2024-08-16,2024,347.092131,443.501711,231.230042,603.297285,282.347607,278.766283
2024-08-19,2024,349.007387,453.707508,231.320846,612.591533,286.194362,282.382184
2024-08-20,2024,349.938599,456.379781,231.411686,616.875303,286.845675,283.366406
2024-08-21,2024,350.747022,456.913393,231.502561,620.53371,287.64032,284.008288
2024-08-22,2024,348.720291,445.049843,231.593472,609.756649,284.919136,281.504979
2024-08-23,2024,352.227287,461.248659,231.684419,627.154573,285.836034,282.382184
2024-08-26,2024,351.2413,464.219235,231.775401,621.67614,288.53614,285.013894
2024-08-27,2024,352.80933,467.508369,231.866419,629.201395,288.297957,284.585952
2024-08-28,2024,351.950819,468.781505,231.957473,624.371646,289.495194,285.891099
2024-08-29,2024,350.366118,465.088459,232.048563,615.844298,286.748716,282.78871
2024-08-30,2024,351.703232,476.386017,232.139689,622.193296,286.670727,283.708747
2024-09-02,2024,352.443721,481.330012,232.23085,625.504372,284.514436,280.499373
2024-09-03,2024,352.281787,484.970963,232.322047,624.22055,283.190731,279.493766
2024-09-04,2024,355.291166,490.851501,232.41328,639.083402,286.896263,283.238036
2024-09-05,2024,356.485021,496.774814,232.504548,644.702269,287.720417,284.329212
2024-09-06,2024,356.658846,493.515194,232.595853,645.127437,283.652342,280.199832
2024-09-09,2024,355.469592,486.95926,232.687193,638.612257,284.00013,280.37097
2024-09-10,2024,357.307005,483.583551,232.77857,647.507279,283.121173,279.493766
2024-09-11,2024,357.750383,487.47896,232.869982,649.304342,283.873662,280.734728
2024-09-12,2024,357.750419,484.356465,232.96143,648.843935,282.5078,278.809084
2024-09-13,2024,360.922198,501.788247,233.052914,664.532386,284.305763,280.734728
2024-09-16,2024,363.108028,510.12036,233.144434,675.200667,284.803206,281.098453
2024-09-17,2024,362.047216,508.042766,233.23599,669.338365,284.470172,280.991468
2024-09-18,2024,360.643375,502.612352,233.327581,661.729346,281.915505,278.252804
2024-09-19,2024,360.205185,500.042749,233.421304,659.026237,280.598123,276.79787
2024-09-20,2024,357.159962,491.094525,233.515065,643.049132,276.260248,273.075
2024-09-23,2024,354.803771,489.999244,233.608863,630.580077,275.212666,271.727068
2024-09-24,2024,355.832304,489.879003,233.702699,635.344266,278.55987,275.321552
2024-09-25,2024,355.585492,492.899701,233.796573,633.614808,277.358418,273.695481
2024-09-26,2024,355.653288,497.725736,233.890484,633.486991,280.359941,276.712301
2024-09-27,2024,354.716228,498.198785,233.984434,628.24273,279.769754,276.091804
2024-09-30,2024,354.254616,497.060543,234.07842,625.419034,277.843215,274.786657
2024-10-01,2024,356.748595,503.393551,234.172445,637.643649,279.274418,275.706694
2024-10-02,2024,359.685934,516.650842,234.266507,652.125453,281.424385,277.824894
2024-10-03,2024,357.090347,501.941745,234.360608,638.435982,277.53969,273.930836
2024-10-04,2024,356.168007,503.415092,234.454746,633.265713,277.792627,274.294562
2024-10-07,2024,355.732014,501.281836,234.548921,630.57151,278.268992,274.829457
2024-10-08,2024,355.917663,503.716517,234.643135,631.042227,277.20244,273.716881
2024-10-09,2024,353.364836,496.032037,234.737386,617.569704,273.935333,270.336336
2024-10-10,2024,353.906202,507.31959,234.831676,619.851189,274.759487,271.299158
2024-10-11,2024,353.988921,507.92234,234.926003,619.79726,273.998567,270.593092
2024-10-14,2024,354.85236,522.072862,235.020368,623.718206,276.13378,272.79686
2024-10-15,2024,355.392894,525.885513,235.114771,625.994879,276.213877,272.582905
2024-10-16,2024,356.786052,536.63231,235.209212,632.61253,277.704099,274.016438
2024-10-17,2024,357.165648,538.403872,235.303691,634.069399,275.686924,272.390334
2024-10-18,2024,356.601384,536.990431,235.398207,630.72038,275.067227,271.727068
2024-10-21,2024,356.876148,536.079462,235.492762,631.643109,274.778457,271.192172
2024-10-22,2024,356.472344,531.926745,235.587355,629.110694,273.42735,270.657277
2024-10-23,2024,356.19856,521.994912,235.681986,627.240094,272.398739,269.180959
2024-10-24,2024,358.540865,522.988955,235.776654,638.689209,274.156653,270.871232
2024-10-25,2024,358.271328,530.408542,235.871361,636.839844,273.789894,270.336336
2024-10-28,2024,359.335737,528.656248,235.966106,641.782127,276.572204,273.52431
2024-10-29,2024,359.971072,528.821728,236.060889,644.539569,275.554132,272.261964
2024-10-30,2024,361.361918,533.791562,236.15571,651.143531,275.362321,272.21918
2024-10-31,2024,360.350017,534.439267,236.250569,645.513627,273.410488,270.143781
2024-11-01,2024,358.264622,525.5624,236.345466,634.4178,270.054853,266.592065
2024-11-04,2024,360.766866,547.648496,236.440401,646.679911,275.100952,272.048009
2024-11-05,2024,359.68089,542.784866,236.535375,640.672277,275.408693,272.048009
2024-11-06,2024,358.534395,537.067414,236.630386,634.356317,274.734193,270.229367
2024-11-07,2024,356.321116,532.17758,236.729669,622.587273,273.345146,269.715855
2024-11-08,2024,355.316418,535.609121,236.828994,616.971553,269.44148,266.37811
2024-11-11,2024,354.922671,545.465534,236.92836,614.4663,269.534224,266.05717
2024-11-12,2024,353.814801,551.90454,237.027768,608.324858,269.163249,265.736229
2024-11-13,2024,352.940033,545.595279,237.127218,603.370055,269.23913,266.014385
2024-11-14,2024,351.731647,537.609052,237.226709,596.71641,269.361383,265.885999
2024-11-18,2024,351.095228,543.277562,237.326243,592.974743,269.310796,266.185556
2024-11-19,2024,351.460798,545.763613,237.425818,594.334534,270.215047,267.191146
2024-11-21,2024,350.159712,542.699187,237.525434,587.208272,267.527587,264.452482
2024-11-22,2024,352.374925,548.671968,237.625093,597.985161,272.173203,269.63027
2024-11-25,2024,353.362538,553.151844,237.724793,602.51147,271.9835,268.881419
2024-11-26,2024,355.342529,555.006527,237.824535,612.0903,273.85102,270.978217
2024-11-27,2024,350.416999,542.247039,237.924319,586.50921,269.102122,265.522274
2024-11-28,2024,344.704738,505.241375,238.024145,556.922243,262.654328,259.53145
2024-11-29,2024,346.827331,508.583716,238.124013,567.226503,264.884392,261.713818
2024-12-02,2024,345.496752,504.536918,238.223923,559.9486,263.973818,260.772396
2024-12-03,2024,346.651084,503.39789,238.323874,565.322504,265.877171,262.484069
2024-12-04,2024,347.370504,513.169298,238.423868,568.481819,265.767565,262.63384
2024-12-05,2024,349.039107,513.894022,238.523904,576.473726,269.500499,266.399511
2024-12-06,2024,347.46345,492.379623,238.623981,567.947157,265.470364,262.013359
2024-12-09,2024,347.78524,501.218633,238.7241,569.081296,268.134637,264.794823
2024-12-10,2024,349.217745,513.232991,238.824262,575.870467,270.280389,266.977191
2024-12-11,2024,350.783523,519.580627,238.924465,583.337992,273.157551,270.892632
2024-12-12,2024,346.880131,498.296326,239.033207,562.916038,265.672714,262.569655
2024-12-13,2024,345.062964,489.720668,239.141998,553.115926,262.658544,260.237501
2024-12-16,2024,343.451253,483.278415,239.250839,544.361651,260.441127,257.220697
2024-12-17,2024,344.528066,486.120383,239.359729,549.295836,262.839816,260.173316
2024-12-18,2024,340.25976,461.421043,239.468669,527.014915,254.56455,252.898729
2024-12-19,2024,342.024113,462.323606,239.577658,535.449242,255.441399,252.428035
2024-12-20,2024,342.065572,458.544261,239.686697,535.11114,257.367938,254.717388
2024-12-23,2024,339.807866,444.570521,239.795786,523.066508,254.554011,251.828938
2024-12-26,2024,338.944761,439.933948,240.014112,517.572342,255.20954,252.385234
2024-12-27,2024,337.853884,438.529143,240.12335,511.467914,253.504321,250.887532
2024-12-30,2024,337.140265,438.041757,240.232637,507.284054,253.53383,250.908916
2025-01-03,2025,335.35637,431.460765,240.341974,499.378446,250.173781,247.373475
2025-01-06,2025,338.397121,428.872659,240.451361,512.021814,253.31644,250.844638
2025-01-07,2025,338.62705,434.486378,240.560798,512.581122,255.724616,253.158746
2025-01-08,2025,337.941041,429.798835,240.670284,509.202572,252.478538,249.987559
2025-01-09,2025,339.03972,430.856494,240.77982,513.49629,252.807789,250.308966
2025-01-10,2025,338.234174,430.067228,240.889406,509.603452,250.8555,248.466251
2025-01-13,2025,339.190872,427.822402,240.999042,513.286399,251.174198,248.594808
2025-01-14,2025,341.257873,430.104851,241.108728,521.742392,251.790488,249.537596
2025-01-15,2025,345.514307,435.881403,241.218464,539.610676,258.863053,256.201361
2025-01-16,2025,343.378122,435.149172,241.32825,529.996571,255.874467,253.544431
2025-01-17,2025,344.580495,436.616783,241.438086,534.7349,258.229878,255.515701
2025-01-20,2025,345.993508,442.008449,241.547971,540.378588,258.637221,256.715602
2025-01-21,2025,347.061251,441.797279,241.657907,544.537742,260.315134,257.765532
2025-01-22,2025,348.419977,438.298332,241.767893,549.947655,259.542661,256.951299
2025-01-23,2025,347.761112,440.356813,241.877929,546.683642,258.510586,255.665689
2025-01-24,2025,348.743671,438.192349,241.988014,550.475998,258.434605,255.944233
2025-01-27,2025,352.656468,434.577193,242.09815,566.865401,263.531664,261.129553
2025-01-28,2025,351.23024,434.504435,242.208337,560.301865,261.830533,259.329686
2025-01-29,2025,351.882405,433.5671,242.318573,562.673252,260.513529,257.486972
2025-01-30,2025,355.674847,437.261236,242.437399,578.511163,267.86047,265.586335
2025-01-31,2025,354.924029,435.872749,242.556283,574.817141,266.218436,263.550786
2025-02-03,2025,356.09295,433.393855,242.675225,579.375946,265.87019,262.779417
2025-02-04,2025,355.545495,423.028184,242.794226,576.555735,264.13318,261.215263
2025-02-05,2025,354.438596,455.867067,242.913285,571.33022,264.949976,262.200898
2025-02-06,2025,357.213383,450.04514,243.032402,582.792034,266.408389,263.893624
2025-02-07,2025,354.674012,440.341061,243.151578,571.407789,263.018792,260.293906
2025-02-10,2025,356.572007,438.718799,243.270812,579.099776,265.030178,262.586583
2025-02-11,2025,356.484782,435.313268,243.390105,578.25697,267.035232,264.51499
2025-02-12,2025,354.139343,429.018188,243.509456,567.705761,262.514362,259.80108
2025-02-13,2025,353.218108,428.98813,243.628866,563.277048,263.506337,260.722437
2025-02-14,2025,356.269113,431.717591,243.748334,575.924964,270.616892,267.557621
2025-02-17,2025,357.253305,429.933496,243.867861,579.687317,271.988771,268.371837
2025-02-18,2025,358.444973,429.150021,243.987446,584.34139,271.277505,268.478978
2025-02-19,2025,355.868764,429.42521,244.107091,572.79694,268.696261,265.714907
2025-02-20,2025,356.73389,429.021473,244.226793,576.046735,269.312551,266.700542
2025-02-21,2025,358.278609,422.62094,244.346555,582.2179,268.314245,265.564919
2025-02-24,2025,355.065761,424.177883,244.466375,567.935815,264.669268,262.45801
2025-02-25,2025,354.089139,428.335539,244.586254,563.267151,265.891296,263.186533
2025-02-26,2025,352.50806,431.897649,244.706192,555.999661,263.335379,261.022412
2025-02-27,2025,353.827657,457.582407,244.826188,561.202096,263.398697,260.872425
2025-02-28,2025,350.404796,456.592585,244.946244,546.016232,259.17753,257.14415
2025-03-05,2025,351.069729,482.02733,245.066358,548.403772,259.700955,257.229859
2025-03-06,2025,353.163791,477.406473,245.186531,556.93498,260.357346,257.979797
2025-03-07,2025,355.395767,477.42455,245.306763,566.058851,263.896794,261.300956
2025-03-10,2025,354.958677,478.055544,245.427054,563.708043,262.807733,259.908221
2025-03-11,2025,354.498075,472.753747,245.547404,561.255927,260.671823,258.301204
2025-03-12,2025,356.608462,474.996378,245.667814,569.856389,261.425301,258.708304
2025-03-13,2025,357.193334,476.398172,245.788282,571.898358,265.167366,262.500873
2025-03-14,2025,360.409914,478.28142,245.908809,585.253936,272.174503,269.443182
2025-03-17,2025,360.581113,488.298918,246.029395,585.517034,276.136068,273.749992
2025-03-18,2025,363.088901,497.119101,246.150041,595.825019,277.488952,274.82132
2025-03-19,2025,367.230877,502.209459,246.270745,613.158224,279.669184,277.692549
2025-03-20,2025,365.705064,485.91665,246.400114,606.091344,278.502032,276.085532
2025-03-21,2025,365.265782,489.193581,246.52955,603.695249,279.325159,276.364059
2025-03-24,2025,364.385239,474.762652,246.659055,599.401886,277.163922,274.671349
2025-03-25,2025,365.687435,470.217561,246.788627,604.49196,278.740527,276.492615
2025-03-26,2025,367.58879,468.273253,246.918268,612.157579,279.694511,276.921179
2025-03-27,2025,369.609954,467.50566,247.047976,620.337998,281.022068,278.078217
2025-03-28,2025,369.121824,458.930433,247.177753,617.730569,278.390171,275.742694
2025-03-31,2025,368.297382,456.962806,247.307598,613.677052,274.924593,272.764357
2025-04-01,2025,370.225547,459.241791,247.437511,621.456863,276.79668,274.349926
2025-04-02,2025,371.042539,454.902702,247.567493,624.459414,276.887435,276.19264
2025-04-03,2025,373.076396,449.374036,247.697542,632.693062,276.784017,274.478515
2025-04-04,2025,369.293729,435.722533,247.82766,615.920917,268.5844,265.972019
2025-04-07,2025,368.314894,435.957819,247.957847,611.202316,265.063947,262.972267
2025-04-08,2025,369.847612,437.365211,248.088101,617.280739,261.568821,259.351117
2025-04-09,2025,372.176547,451.44932,248.218424,626.78187,269.724115,266.871961
2025-04-10,2025,369.971869,445.710608,248.348816,616.792503,266.682765,264.429297
2025-04-11,2025,371.232977,446.463398,248.479276,621.702457,269.483509,267.236214
2025-04-14,2025,373.886969,454.073306,248.609805,632.600218,273.223462,270.857365
2025-04-15,2025,374.843365,461.816428,248.740402,636.19966,272.782351,270.407386
2025-04-16,2025,372.91885,454.430189,248.871068,627.413655,270.823729,268.436115
2025-04-17,2025,375.018377,459.381614,249.001802,635.926937,273.637137,271.114477
2025-04-22,2025,377.139588,454.529026,249.132605,644.533173,275.355152,272.828635
2025-04-23,2025,378.3442,461.712526,249.263477,649.198631,279.052894,276.578341
2025-04-24,2025,381.695868,464.262726,249.394418,663.094122,284.042313,281.506533
2025-04-25,2025,382.040104,471.777736,249.525427,664.060243,284.377896,281.74223
2025-04-28,2025,383.774503,472.237041,249.656505,671.002475,284.962527,282.085036
2025-04-29,2025,381.923322,472.059751,249.787653,662.529847,285.125042,282.535015
2025-04-30,2025,385.400571,475.061352,249.918868,676.964134,285.070167,282.042206
2025-05-02,2025,385.810114,478.297436,250.050153,678.209936,285.211576,282.5136
2025-05-05,2025,387.448998,472.637796,250.181507,684.740461,281.743888,279.278118
2025-05-06,2025,385.213698,470.130598,250.31293,674.615405,281.796652,279.363844
2025-05-07,2025,385.194486,473.473981,250.444422,674.017152,281.547603,278.999591
2025-05-08,2025,385.949276,481.830573,250.580328,676.729058,287.528997,285.063373
2025-05-09,2025,385.16099,469.852427,250.716308,672.806919,288.11996,285.491937
2025-05-12,2025,384.655788,475.017114,250.852362,670.101479,288.2276,285.813327
2025-05-13,2025,387.277031,480.049947,250.988489,680.836497,293.293,290.5701
2025-05-14,2025,389.235238,478.689192,251.124691,688.720797,292.153285,289.927287
2025-05-15,2025,390.829841,485.585903,251.260966,695.041657,294.076026,291.555751
2025-05-16,2025,390.773398,488.488302,251.397315,694.264299,293.765771,291.641445
2025-05-19,2025,391.829931,492.224312,251.533739,698.271389,294.713423,292.305673
2025-05-20,2025,392.849894,489.187961,251.670236,702.120968,295.713839,293.205599
2025-05-21,2025,389.222764,484.541785,251.806807,685.992175,291.009349,288.384548
2025-05-22,2025,387.686513,485.857869,251.943453,678.851887,289.726114,287.22751
2025-05-23,2025,392.034674,487.033461,252.080172,697.008687,290.889045,288.127435
2025-05-26,2025,393.079401,486.731373,252.216966,700.963568,291.547547,289.284473
2025-05-27,2025,395.213217,490.202527,252.353834,709.600209,294.512917,292.391399
2025-05-28,2025,392.931383,485.723006,252.490777,699.253453,293.134706,290.784382
2025-05-29,2025,392.645122,483.385136,252.627793,697.485477,292.38756,290.034428
2025-05-30,2025,391.728127,479.216383,252.764884,693.005654,289.20691,287.098954
2025-06-02,2025,391.903234,479.458185,252.90205,693.220537,288.70037,286.263306
2025-06-03,2025,394.449724,476.176098,253.039289,703.629826,290.302303,287.977431
2025-06-04,2025,393.233448,486.374527,253.176604,697.862497,289.154146,286.713253
2025-06-05,2025,391.944337,483.52167,253.313993,691.781762,287.537439,285.513352
2025-06-06,2025,390.576393,477.192239,253.451456,685.361824,287.254621,285.106236
2025-06-09,2025,391.493716,489.108573,253.588994,688.766071,286.404056,284.399144
2025-06-10,2025,392.747938,485.451563,253.726606,693.618372,287.959556,285.727634
2025-06-11,2025,390.656044,485.647437,253.864294,684.085257,289.420079,287.056091
2025-06-12,2025,390.757422,492.098925,254.002056,683.980836,290.838391,288.534552
2025-06-13,2025,388.817321,484.778205,254.139893,675.099704,289.599479,287.098954
2025-06-16,2025,391.736994,495.727084,254.277804,687.11069,293.911401,291.555751
2025-06-17,2025,392.252675,495.569438,254.41579,688.786499,293.033398,290.07729
2025-06-18,2025,392.461994,507.419413,254.553852,689.14495,292.773796,290.162984
2025-06-20,2025,391.429005,503.900317,254.69419,684.153727,289.394752,286.906087
2025-06-23,2025,389.928163,510.964653,254.834605,677.150875,288.202273,285.984746
2025-06-24,2025,391.488664,506.947464,254.975098,683.308591,289.498171,287.270373
2025-06-25,2025,391.350115,501.970515,255.115668,682.161698,286.547575,284.013476
2025-06-26,2025,393.340359,506.687192,255.256316,690.166293,289.390531,287.034676
2025-06-27,2025,393.451438,507.421801,255.397042,690.091955,288.867107,286.67039
2025-06-30,2025,396.53494,518.420979,255.537845,702.795911,293.065057,291.084357
2025-07-01,2025,398.364123,530.066504,255.678725,710.107185,294.529802,292.519955
2025-07-02,2025,394.742336,524.973959,255.819683,693.984155,293.478731,291.212913
2025-07-03,2025,397.836443,536.230049,255.960719,706.732789,297.440296,295.519707
2025-07-04,2025,399.344782,540.85967,256.101833,712.663822,298.601117,295.969686
2025-07-07,2025,397.479575,542.843324,256.243025,704.091506,294.405277,292.369951
2025-07-08,2025,397.814985,543.141131,256.384294,704.979447,294.010598,291.727138
2025-07-09,2025,397.009884,531.6541,256.525641,700.963966,290.165115,287.356066
2025-07-10,2025,396.17513,525.792818,256.667066,696.820701,288.607505,286.284721
2025-07-11,2025,395.165699,517.138477,256.808569,691.926187,287.43402,286.049024
2025-07-14,2025,394.336587,510.704013,256.950151,687.806568,285.559822,283.027824
2025-07-15,2025,395.628527,513.184719,257.09181,692.805149,285.456404,283.627775
2025-07-16,2025,394.668962,501.437143,257.233547,688.124092,286.007266,283.692053
2025-07-17,2025,395.75189,500.397045,257.375362,692.223508,286.121238,283.842057
2025-07-18,2025,395.154147,488.732246,257.517256,689.09733,281.513834,279.192425
2025-07-21,2025,395.607995,492.599593,257.659228,690.491688,283.170642,281.120832
2025-07-22,2025,391.911849,493.906592,257.801278,674.044707,282.894156,281.013691
2025-07-23,2025,394.055493,496.179953,257.943406,682.702965,285.705453,283.670638
2025-07-24,2025,392.748171,483.861877,258.085613,676.525044,282.412943,280.220907
2025-07-25,2025,393.372787,485.015686,258.227898,678.652311,281.813537,279.513815
2025-07-28,2025,389.242175,484.061313,258.370262,660.336307,278.869273,276.942594
2025-07-29,2025,392.00438,493.266653,258.512704,671.652564,280.129291,277.478267
2025-07-30,2025,394.591428,523.407905,258.655225,682.215504,282.797069,280.542297
2025-07-31,2025,394.861823,530.768797,258.797824,682.818728,280.857443,278.292499
2025-08-01,2025,396.643641,526.390272,258.940502,689.919326,279.519333,277.628271
2025-08-04,2025,396.973322,527.038684,259.083258,690.776806,280.646384,278.549611
2025-08-05,2025,399.544513,522.104411,259.226093,701.270341,281.026289,278.89245
2025-08-06,2025,404.944752,521.071379,259.369007,723.925786,283.953668,281.74223
2025-08-07,2025,406.879492,523.464658,259.512,731.682571,288.153729,286.091887
2025-08-08,2025,407.011117,526.091508,259.655072,731.687361,286.855721,284.784845
2025-08-11,2025,405.212408,523.234504,259.798222,723.393241,286.243651,283.906335
2025-08-12,2025,406.967492,526.583148,259.941451,730.376747,291.078998,289.47734
2025-08-13,2025,404.873556,524.192744,260.08476,720.812809,288.489312,286.391862
2025-08-14,2025,405.526979,529.511373,260.228147,723.059597,287.790709,285.749049
2025-08-15,2025,405.51491,523.938057,260.371614,722.445094,287.75905,286.17758
2025-08-18,2025,408.141192,528.12788,260.515159,733.172683,289.829533,287.82746
2025-08-19,2025,405.695667,522.739793,260.658784,722.096007,283.729947,281.056554
2025-08-20,2025,405.53299,519.365837,260.802487,720.833101,284.225934,282.406459
2025-08-21,2025,405.550364,521.28953,260.94627,720.343933,283.896683,282.042206
2025-08-22,2025,409.430623,525.126964,261.090133,736.461191,291.192969,289.584448
2025-08-25,2025,410.06764,518.662494,261.234074,738.635273,291.313273,289.498755
2025-08-26,2025,410.613717,521.60858,261.378095,740.418094,290.777185,289.134502
2025-08-27,2025,412.948744,519.211317,261.522196,749.891389,293.805872,291.834279
2025-08-28,2025,414.895298,522.823719,261.666375,757.694302,297.695677,296.355354
2025-08-29,2025,415.365102,527.48705,261.810635,759.148286,298.482925,296.762471
2025-09-01,2025,414.488985,525.70473,261.954974,754.815776,297.856081,296.312492
2025-09-02,2025,414.217967,528.904543,262.099392,753.084299,296.18872,294.341221
2025-09-03,2025,413.459772,527.057034,262.24389,749.258117,295.194636,293.269877
2025-09-04,2025,415.141815,535.99904,262.388468,755.922326,297.577484,295.712541
2025-09-05,2025,417.111163,544.000144,262.533125,763.821364,301.053615,299.22655
2025-09-08,2025,415.353441,535.72533,262.677862,755.697227,299.26384,297.405284
2025-09-09,2025,411.453641,542.177814,262.822679,738.363874,298.896599,296.976753
2025-09-10,2025,411.607898,541.201862,262.967576,738.458805,300.439435,298.176653
2025-09-11,2025,414.024641,540.120569,263.112552,748.279961,302.132123,299.890811
2025-09-12,2025,414.204569,532.778232,263.257609,748.484623,300.27692,298.283795
2025-09-15,2025,413.615295,531.216976,263.402746,745.382139,302.967914,300.940708
2025-09-16,2025,414.298154,537.831262,263.547962,747.748298,304.054865,302.354891
2025-09-17,2025,416.521425,535.520882,263.693259,756.736458,307.288278,305.54751
2025-09-18,2025,417.089848,535.402165,263.838636,758.610024,307.089884,305.397506
2025-09-19,2025,416.149131,521.731982,263.984092,753.99541,307.860247,305.954593
2025-09-22,2025,415.704386,529.21546,264.12963,751.512688,306.264645,304.240468
2025-09-23,2025,416.913413,527.438529,264.275247,756.139304,309.042173,307.111664
2025-09-24,2025,415.984196,529.289253,264.420944,751.573182,309.183582,307.304498
2025-09-25,2025,414.132612,528.397379,264.566722,743.041447,306.68043,304.861834
2025-09-26,2025,415.481354,531.727088,264.712581,748.267757,306.978023,305.204672
2025-09-29,2025,417.87665,525.597226,264.858519,757.992939,308.856442,307.368776
2025-09-30,2025,419.537123,530.465044,265.004538,764.558766,308.645384,306.91883
2025-10-01,2025,420.695871,530.051497,265.150638,768.967337,307.125763,305.376091
2025-10-02,2025,417.424878,513.372397,265.296818,754.331909,303.818479,302.097779
2025-10-03,2025,419.501808,517.192904,265.443079,762.68716,304.348236,302.590588
2025-10-06,2025,417.642702,521.727732,265.58942,754.120875,303.09666,301.412103
2025-10-07,2025,412.832987,518.268333,265.735843,732.869459,298.343626,296.65533
2025-10-08,2025,412.706252,521.028084,265.882345,731.75009,300.008876,298.262347
2025-10-09,2025,411.588525,519.515383,266.028929,726.370079,299.086551,297.298143
2025-10-10,2025,410.578954,519.127082,266.175593,721.454722,296.916872,295.28401
2025-10-13,2025,410.8748,525.370328,266.322339,722.151103,299.244845,297.298143
2025-10-14,2025,411.322481,539.552186,266.469165,723.49991,299.033787,297.276728
2025-10-15,2025,413.622032,532.432472,266.616072,732.809683,300.977634,298.883745
2025-10-16,2025,413.157843,532.886351,266.76306,730.237682,300.124958,298.176653
2025-10-17,2025,415.616424,533.004111,266.910129,740.230498,302.655548,300.833567
2025-10-20,2025,418.741174,536.519578,267.057279,753.08689,304.998295,302.697729
2025-10-21,2025,419.399257,551.417046,267.204511,755.338636,304.103408,303.083398
2025-10-22,2025,421.299683,548.215534,267.351823,762.93096,305.766548,304.004771
2025-10-23,2025,422.549514,553.127491,267.499217,767.726029,307.556323,305.718896
2025-10-24,2025,424.894054,554.420774,267.646692,777.226986,308.508196,
2025-10-27,2025,425.671218,556.087592,267.794248,779.989394,310.190331,308.547262
2025-10-28,2025,426.176742,566.562597,267.941886,781.58369,311.161199,309.232938
2025-10-29,2025,426.784153,561.956788,268.089605,783.615683,313.702341,311.332765
2025-10-30,2025,429.128505,562.051824,268.237406,793.114555,314.012597,312.189827
2025-10-31,2025,430.526116,559.215803,268.385287,798.543017,315.61664,313.711151
2025-11-03,2025,429.810367,559.830102,268.533251,794.885722,317.545714,315.768114
2025-11-04,2025,431.051714,560.363979,268.681296,799.64176,318.07336,316.110953
2025-11-05,2025,432.024573,561.381551,268.829423,803.243236,323.539771,322.21763
2025-11-06,2025,434.387775,561.432201,268.977631,812.821545,323.634747,321.61768
2025-11-07,2025,436.056484,561.294971,269.125921,819.413873,325.16492,323.117556
2025-11-10,2025,437.416314,561.990674,269.274293,824.677994,327.682846,326.224449
2025-11-11,2025,437.034631,563.411844,269.422747,822.454943,332.94242,331.688313
2025-11-12,2025,439.319522,563.355684,269.571282,831.695306,332.697592,330.916944
2025-11-13,2025,440.605472,563.272825,269.719899,836.64085,331.703507,330.188437
2025-11-14,2025,442.389343,561.873825,269.868599,843.726663,332.921314,330.702662
2025-11-17,2025,440.743801,562.946416,270.01738,836.068931,331.346819,329.524176
2025-11-18,2025,440.566362,563.052086,270.166243,834.722328,330.352734,328.967089
2025-11-19,2025,439.563358,562.405743,270.315189,829.826258,327.944558,325.688777
2025-11-21,2025,439.667182,562.431154,270.464216,829.688173,326.654992,325.581636
2025-11-24,2025,441.803099,563.235759,270.613326,838.285838,327.727168,326.438731
2025-11-25,2025,445.443176,563.718167,270.762517,853.349642,329.061057,327.767188
2025-11-26,2025,449.483133,564.496231,270.911792,870.132225,334.64355,333.702446
2025-11-27,2025,449.265744,564.84465,271.061148,868.611942,334.088466,332.802521
2025-11-28,2025,449.682828,565.220087,271.210587,869.818968,335.734721,333.938143
2025-12-01,2025,448.327992,564.870383,271.360108,863.408093,334.761742,333.188189
2025-12-02,2025,450.425435,565.326737,271.509711,871.838423,339.9981,338.480634
2025-12-03,2025,450.175637,565.622076,271.659397,870.177515,341.397417,339.401975
2025-12-04,2025,453.967056,566.34739,271.809166,885.889684,347.098102,345.594346
2025-12-05,2025,442.742866,565.568522,271.959017,837.048666,332.140398,330.359824
2025-12-08,2025,443.560675,565.971803,272.108951,839.976489,333.866855,332.652517
2025-12-09,2025,441.279899,566.133476,272.258967,829.583011,333.432075,331.152641
2025-12-10,2025,443.091045,566.295314,272.409066,836.780589,335.741053,334.259534
2025-12-11,2025,444.724603,566.403586,272.559248,843.214383,335.98166,334.66665
2025-12-12,2025,449.243208,567.156745,272.709513,862.050815,339.31005,337.473568
2025-12-15,2025,450.459645,567.748887,272.85986,866.690732,342.931811,341.480386
2025-12-16,2025,443.763111,567.400974,273.01029,837.312065,334.692093,332.459683
2025-12-17,2025,438.823866,567.644217,273.160804,815.487746,332.051753,330.724109
2025-12-18,2025,439.576926,567.941352,273.3114,818.134609,333.309661,331.816869
2025-12-19,2025,440.788529,568.534148,273.462079,822.752446,334.470482,332.759658
2025-12-22,2025,437.117773,568.724155,273.612842,806.380453,333.771879,332.266848
2025-12-23,2025,442.264358,569.718352,273.763687,827.914323,338.655769,337.323564
2025-12-26,2025,441.543854,570.889297,274.065628,823.632746,339.586536,338.159244
2025-12-29,2025,440.616983,571.076163,274.216723,819.055543,338.727529,337.280734
2025-12-30,2025,443.380028,571.70821,274.367901,830.341151,340.067749,338.544912
