Date,PETR4.SA,VALE3.SA,ITUB4.SA,BBDC4.SA,WEGE3.SA,RENT3.SA,ABEV3.SA,BBAS3.SA,TITULO_CDI
2023-01-02,12.579054832458496,64.79863739013672,16.607189178466797,10.64642333984375,34.76215744018555,44.441131591796875,11.857392311096191,13.217381477355957,100.050788
2023-01-03,12.260737419128418,64.68266296386719,16.261348724365234,10.118070602416992,33.895381927490234,43.34852981567383,11.840679168701172,12.970999717712402,100.10160179420944
2023-01-04,12.650403022766113,64.79863739013672,16.308815002441406,10.146978378295898,34.123470306396484,43.860145568847656,11.907527923583984,13.13790512084961,100.15244139572867
2023-01-05,13.105925559997559,65.8858642578125,16.81740951538086,10.58784008026123,34.19646072387695,44.22434616088867,11.940953254699707,13.737970352172852,100.20330681766474
2023-01-06,13.029091835021973,66.92959594726562,17.10899543762207,10.884150505065918,34.69828414916992,45.06548309326172,11.966022491455078,13.928717613220215,100.25419807313129
2023-01-09,13.100439071655273,67.00208282470703,17.23105812072754,11.021283149719238,34.59791946411133,45.013450622558594,12.03287124633789,13.79360580444336,100.30511517524867
2023-01-10,13.221181869506836,67.82837677001953,17.563335418701172,11.352069854736328,34.26033020019531,46.46157455444336,12.149858474731445,14.028069496154785,100.35605813714388
2023-01-11,13.325456619262695,67.58917999267578,17.86849021911621,11.577606201171875,35.21834182739258,47.710269927978516,11.940953254699707,14.226768493652344,100.40702697195056
2023-01-12,13.517544746398926,67.94434356689453,17.617599487304688,11.306961059570312,35.1362419128418,47.28535461425781,11.782186508178711,14.135368347167969,100.45802169280908
2023-01-13,13.48461627960205,68.00233459472656,17.529434204101562,11.269370079040527,35.55592727661133,46.574310302734375,11.59835147857666,14.167159080505371,100.50904231286644
2023-01-16,13.193741798400879,66.86437225341797,17.33955955505371,10.923548698425293,34.388065338134766,46.60898971557617,11.030132293701172,14.151263236999512,100.5600888452763
2023-01-17,14.006003379821777,66.77738189697266,17.698963165283203,10.99872875213623,34.953758239746094,48.20454406738281,11.58163833618164,14.981820106506348,100.61116130319903
2023-01-18,13.759025573730469,67.6544189453125,18.01767921447754,11.16412353515625,34.66179656982422,50.25099182128906,11.514788627624512,15.19641399383545,100.6622596998017
2023-01-19,14.209065437316895,67.94434356689453,18.01767921447754,11.186678886413574,34.588802337646484,49.34916687011719,11.397801399230957,15.542146682739258,100.71338404825802
2023-01-20,14.472500801086426,68.12554931640625,17.698963165283203,11.028797149658203,34.05961227416992,47.866355895996094,11.30588436126709,15.923646926879883,100.76453436174846
2023-01-23,14.703003883361816,68.3502426147461,17.15646743774414,10.562689781188965,34.096107482910156,48.846221923828125,11.213968276977539,15.80443000793457,100.81571065346012
2023-01-24,14.598727226257324,69.07506561279297,17.31243324279785,10.675454139709473,33.950111389160156,50.493804931640625,11.372735023498535,15.724946022033691,100.86691293658679
2023-01-25,14.785332679748535,69.7273941040039,17.373462677001953,10.600276947021484,35.32783508300781,51.32624816894531,11.45629596710205,16.154136657714844,100.91814122432903
2023-01-26,14.406641960144043,71.03206634521484,17.271751403808594,10.63034725189209,34.86251449584961,51.4129638671875,11.481364250183105,16.146190643310547,100.96939552989403
2023-01-27,14.060883522033691,69.08955383300781,16.905563354492188,10.314594268798828,34.588802337646484,51.02275085449219,11.406158447265625,15.967363357543945,101.02067586649576
2023-01-30,14.132229804992676,68.84310913085938,16.91234588623047,10.36722183227539,34.07785415649414,50.72792434692383,11.30588436126709,16.21771812438965,101.07198224735485
2023-01-31,14.307852745056152,68.5024642944336,17.17681121826172,10.540133476257324,34.8898811340332,51.343597412109375,11.414514541625977,16.174007415771484,101.12331468569865
2023-02-01,14.110274314880371,67.74138641357422,16.95127296447754,10.337149620056152,35.0267448425293,50.75394058227539,11.013419151306152,15.979283332824707,101.17467319476121
2023-02-02,13.45717716217041,64.61017608642578,17.107358932495117,10.4944429397583,34.7073974609375,52.158714294433594,10.954926490783691,15.677262306213379,101.22605778778338
2023-02-03,13.605360984802246,64.47246551513672,17.046287536621094,10.26107120513916,34.588802337646484,50.2336540222168,10.846295356750488,15.577913284301758,101.27746847801265
2023-02-06,14.148694038391113,63.66791915893555,17.053068161010742,10.223427772521973,34.27857971191406,50.12958908081055,10.879720687866211,15.665338516235352,101.32890527870326
2023-02-07,14.060883522033691,64.08831787109375,16.65948486328125,10.163201332092285,34.36981964111328,49.678680419921875,10.829584121704102,15.450749397277832,101.38036820311622
2023-02-08,14.296875,64.30577087402344,18.03702735900879,10.660069465637207,34.360694885253906,50.77128601074219,11.02177619934082,15.816353797912598,101.43185726451922
2023-02-09,14.23101806640625,64.06657409667969,17.589155197143555,10.389053344726562,34.65266418457031,49.141048431396484,10.879720687866211,15.73289966583252,101.48337247618673
2023-02-10,14.664590835571289,62.914119720458984,17.507722854614258,9.538352012634277,35.21834182739258,49.26245880126953,10.746023178100586,16.042863845825195,101.53491385139995
2023-02-13,14.708495140075684,62.84888458251953,18.125242233276367,9.877128601074219,35.200096130371094,49.080352783203125,10.971637725830078,16.13426971435547,101.5864814034468
2023-02-14,14.65361213684082,63.13154983520508,17.901308059692383,9.967467308044434,34.99937057495117,48.09180450439453,10.863007545471191,16.511791229248047,101.63807514562197
2023-02-15,14.675561904907227,64.50870513916016,18.16596221923828,10.358936309814453,35.473819732666016,49.097694396972656,11.05519962310791,16.662809371948242,101.68969509122694
2023-02-16,14.735937118530273,64.64642333984375,18.301681518554688,10.554672241210938,35.3825798034668,50.37239456176758,10.929858207702637,16.849578857421875,101.74134125356989
2023-02-17,14.510916709899902,63.805633544921875,18.24060821533203,10.4944429397583,36.148990631103516,50.025535583496094,11.030132293701172,17.0164852142334,101.79301364596576
2023-02-22,14.137718200683594,63.31999969482422,17.901308059692383,10.389053344726562,35.23714065551758,48.16117858886719,11.038488388061523,16.595247268676758,101.84471228173628
2023-02-23,14.571290016174316,63.022830963134766,17.96916389465332,10.343884468078613,36.00795364379883,47.97908020019531,11.07191276550293,16.73036003112793,101.89643717420994
2023-02-24,14.214552879333496,61.638423919677734,17.41950798034668,10.012636184692383,35.65925598144531,47.692928314208984,11.130404472351074,16.408864974975586,101.94818833672197
2023-02-27,14.351762771606445,61.638423919677734,17.1955623626709,9.91476821899414,35.60419845581055,47.53683853149414,11.197254180908203,16.185922622680664,101.99996578261444
2023-02-28,13.852327346801758,61.84138107299805,17.25664710998535,9.84701156616211,35.934547424316406,48.117820739746094,11.188899040222168,16.33590316772461,102.05176952523611
2023-03-01,13.885259628295898,64.65367126464844,16.97663116455078,9.771730422973633,36.136417388916016,46.236122131347656,11.25574779510498,15.80893611907959,102.10359957794259
2023-03-02,13.523033142089844,64.50870513916016,16.419795989990234,9.642763137817383,35.934547424316406,46.08003234863281,10.971637725830078,15.172523498535156,102.15545595409623
2023-03-03,14.104791641235352,64.72616577148438,16.440162658691406,9.695539474487305,35.64089584350586,45.915279388427734,10.954926490783691,15.34277629852295,102.2073386670662
2023-03-06,14.24748420715332,62.44298553466797,16.81365966796875,10.019726753234863,36.182308197021484,46.25346374511719,11.280817031860352,15.691383361816406,102.25924773022842
2023-03-07,13.775493621826172,61.848636627197266,16.861190795898438,10.253446578979492,36.329124450683594,46.31416702270508,11.222323417663574,16.05215072631836,102.31118315696565
2023-03-08,13.951118469238281,62.41399002075195,17.071704864501953,10.570097923278809,36.85216522216797,48.56006622314453,11.381091117858887,16.214292526245117,102.36314496066743
2023-03-09,13.8907470703125,61.59493637084961,16.745750427246094,10.532402992248535,36.576881408691406,48.5253791809082,11.364378929138184,15.861634254455566,102.41513315473006
2023-03-10,13.709634780883789,61.39199447631836,16.345108032226562,10.230828285217285,36.28324508666992,47.6148796081543,11.28917407989502,15.56166934967041,102.46714775255667
2023-03-13,13.276060104370117,61.64568328857422,16.148178100585938,10.117738723754883,36.51264572143555,47.467464447021484,11.372735023498535,15.464385032653809,102.51918876755725
2023-03-14,13.040069580078125,62.2069091796875,16.093847274780273,10.057427406311035,36.94392776489258,45.53373336791992,11.656843185424805,15.346570014953613,102.57125621314853
2023-03-15,12.809563636779785,60.33283615112305,16.0531063079834,10.20067024230957,36.76958465576172,45.87191390991211,11.715336799621582,15.362929344177246,102.62335010275407
2023-03-16,12.765655517578125,60.555057525634766,16.317943572998047,10.487164497375488,36.98063659667969,48.37796401977539,11.915884017944336,15.52658748626709,102.67547044980425
2023-03-17,12.902863502502441,61.28097915649414,15.849384307861328,10.049887657165527,36.5860595703125,46.600318908691406,11.882460594177246,15.260649681091309,102.72761726773629
2023-03-20,12.58454418182373,61.78468322753906,15.890130996704102,9.876482963562012,36.47876739501953,46.01066207885742,11.798898696899414,15.174732208251953,102.77979056999422
2023-03-21,12.842491149902344,61.26616668701172,16.216079711914062,9.906638145446777,36.71767044067383,45.15218734741211,11.656843185424805,15.354751586914062,102.8319903700289
2023-03-22,12.804075241088867,60.50320816040039,16.121009826660156,9.816168785095215,36.31338119506836,45.09149169921875,11.656843185424805,15.39157485961914,102.88421668129803
2023-03-23,12.513198852539062,58.94767379760742,15.720356941223145,9.476901054382324,36.653350830078125,43.40922927856445,11.514788627624512,15.22382640838623,102.93646951726613
2023-03-24,12.507709503173828,58.273597717285156,15.948394775390625,9.582450866699219,37.22304916381836,44.4758186340332,11.606708526611328,15.379300117492676,102.98874889140457
2023-03-27,12.721748352050781,58.17731475830078,16.22313117980957,9.755855560302734,37.84786605834961,44.978759765625,11.640131950378418,15.387479782104492,103.04105481719155
2023-03-28,12.94676685333252,58.7921142578125,16.298673629760742,9.74077320098877,38.01327133178711,46.34885025024414,12.19163703918457,15.493857383728027,103.0933873081121
2023-03-29,13.116905212402344,59.636558532714844,16.456653594970703,9.793550491333008,38.344058990478516,46.43030548095703,12.375473976135254,15.673871994018555,103.14574637765814
2023-03-30,13.155323028564453,60.60690689086914,16.909969329833984,10.087581634521484,38.46350860595703,48.09102249145508,12.383830070495605,15.960267066955566,103.19813203932844
2023-03-31,12.869935035705566,59.47358322143555,16.99239158630371,9.929256439208984,37.259796142578125,46.675045013427734,11.974376678466797,16.001178741455078,103.25054430662857
2023-04-03,13.440710067749023,59.4884033203125,16.51651382446289,9.680460929870605,36.3776969909668,45.538753509521484,11.974376678466797,15.812973976135254,103.30298319307103
2023-04-04,13.31997013092041,57.806941986083984,16.846435546875,9.898624420166016,36.414459228515625,46.491477966308594,12.057939529418945,16.07482147216797,103.35544871217512
2023-04-05,13.363874435424805,56.95508575439453,16.832685470581055,9.981680870056152,35.6058464050293,46.159339904785156,12.03287124633789,16.017547607421875,103.40794087746707
2023-04-06,13.171786308288574,56.851383209228516,16.777700424194336,9.838220596313477,35.47722244262695,45.66112518310547,12.057939529418945,15.96435546875,103.46045970247992
2023-04-10,13.451689720153809,57.94767761230469,16.95639991760254,9.951476097106934,35.275062561035156,45.47757339477539,12.0830078125,15.972539901733398,103.51300520075361
2023-04-11,14.08283519744873,61.00691223144531,17.506271362304688,10.472457885742188,35.91826629638672,49.646854400634766,12.350404739379883,16.340761184692383,103.56557738583498
2023-04-12,14.187112808227539,59.70322036743164,17.623111724853516,10.41960620880127,36.51552200317383,50.25870132446289,12.33369255065918,17.478145599365234,103.61817627127769
2023-04-13,14.285900115966797,58.89581298828125,17.623111724853516,10.42715835571289,36.1755485534668,50.652034759521484,12.19163703918457,17.469966888427734,103.67080187064235
2023-04-14,14.434083938598633,58.37730026245117,17.87742805480957,10.412055969238281,35.61503982543945,50.19752502441406,12.241774559020996,17.768632888793945,103.7234541974964
2023-04-17,14.659101486206055,57.680999755859375,17.843055725097656,10.366753578186035,36.27663040161133,50.590850830078125,12.325337409973145,17.809551239013672,103.77613326541422
2023-04-18,15.032301902770996,58.17731475830078,17.829315185546875,10.298798561096191,36.083656311035156,49.70804214477539,12.225062370300293,17.842281341552734,103.82883908797706
2023-04-19,14.549337387084961,56.481021881103516,17.54750633239746,10.11003589630127,35.936641693115234,47.94243621826172,12.183281898498535,17.63361930847168,103.88157167877307
2023-04-20,14.648126602172852,55.30324935913086,17.595623016357422,10.200640678405762,36.9841423034668,49.402122497558594,12.199993133544922,17.801366806030273,103.9343310513973
2023-04-24,14.928027153015137,53.30326461791992,17.43752670288086,10.117586135864258,37.076026916503906,49.3846435546875,11.982732772827148,17.76453971862793,103.98711721945166
2023-04-25,14.867653846740723,51.85142517089844,17.595623016357422,10.344099998474121,37.250606536865234,49.12242126464844,11.940953254699707,17.600889205932617,104.03993019654507
2023-04-26,14.681053161621094,52.051429748535156,17.416913986206055,10.19308853149414,36.855506896972656,49.472049713134766,11.874104499816895,17.457691192626953,104.09276999629328
2023-04-27,14.32431697845459,53.155128479003906,17.726213455200195,10.389402389526367,37.076026916503906,50.381080627441406,11.83232307434082,17.478145599365234,104.14563663231901
2023-04-28,14.652079582214355,53.62919235229492,17.815567016601562,10.457354545593262,37.78354263305664,50.70447540283203,11.83232307434082,17.535429000854492,104.19853011825184
2023-05-02,14.058578491210938,51.510684967041016,17.126157760620117,10.306347846984863,37.50788879394531,48.97383117675781,11.915884017944336,17.11811637878418,104.2514504677283
2023-05-03,14.009119987487793,51.11069107055664,17.098636627197266,10.396282196044922,36.66254425048828,49.515750885009766,12.183281898498535,17.064926147460938,104.30439769439187
2023-05-04,14.231682777404785,49.52552032470703,17.236202239990234,10.638230323791504,36.111228942871094,50.34611511230469,12.225062370300293,17.257219314575195,104.35737181189289
2023-05-05,14.837550163269043,51.14031982421875,17.875844955444336,11.167492866516113,36.0377082824707,51.00165557861328,12.108076095581055,17.694992065429688,104.41037283388872
2023-05-08,15.152851104736328,51.82920837402344,18.12346076965332,11.583345413208008,36.01934814453125,50.85306930541992,12.124789237976074,17.625436782836914,104.46340077404359
2023-05-09,15.202306747436523,52.36252975463867,18.233509063720703,11.469930648803711,36.62578582763672,51.50862121582031,12.116433143615723,17.572250366210938,104.51645564602872
2023-05-10,15.165214538574219,51.37735366821289,18.50174903869629,11.492612838745117,36.15717315673828,52.487571716308594,12.03287124633789,17.801366806030273,104.56953746352222
2023-05-11,15.7216215133667,50.37736892700195,18.680572509765625,11.643834114074707,36.129608154296875,54.05214309692383,12.116433143615723,18.165491104125977,104.6226462402092
2023-05-12,16.22857093811035,50.42921447753906,18.508625030517578,11.696761131286621,35.752872467041016,53.78118133544922,12.074651718139648,18.09593963623047,104.6757819897817
2023-05-15,15.863814353942871,51.15513610839844,18.577404022216797,11.878222465515137,36.42363739013672,53.545188903808594,12.216707229614258,18.181856155395508,104.72894472593866
2023-05-16,16.259483337402344,50.103294372558594,18.5155029296875,11.885782241821289,36.47876739501953,53.43156051635742,12.199993133544922,17.658170700073242,104.78213446238607
2023-05-17,15.863814353942871,51.76253890991211,18.701204299926758,11.832853317260742,36.258243560791016,54.4105110168457,12.166570663452148,17.686809539794922,104.83535121283683
2023-05-18,15.956549644470215,51.83662033081055,18.63242530822754,11.870660781860352,36.111228942871094,55.013614654541016,12.15821361541748,17.674537658691406,104.88859499101079
2023-05-19,15.931821823120117,51.26625061035156,18.481107711791992,12.157975196838379,36.87388229370117,55.337013244628906,12.183281898498535,18.01820182800293,104.94186581063482
2023-05-22,15.839086532592773,50.44403076171875,18.130334854125977,12.037001609802246,37.0852165222168,55.337013244628906,12.216707229614258,17.780908584594727,104.99516368544273
2023-05-23,16.22857093811035,49.30330276489258,18.2747745513916,12.135290145874023,36.95657730102539,55.066062927246094,12.19163703918457,18.198223114013672,105.04848862917528
2023-05-24,16.475862503051758,48.184791564941406,18.171607971191406,11.764806747436523,36.58903121948242,54.78635787963867,12.250131607055664,18.251407623291016,105.10184065558028
2023-05-25,16.352216720581055,48.036643981933594,18.74247932434082,12.18821907043457,35.87232208251953,55.88767623901367,12.316981315612793,18.271867752075195,105.15521977841244
2023-05-26,16.5685977935791,49.132930755615234,18.59804344177246,12.18821907043457,36.3041877746582,56.149898529052734,12.33369255065918,18.165491104125977,105.20862601143351
2023-05-29,16.500595092773438,48.7625617980957,18.5155029296875,12.203341484069824,35.72529983520508,56.141151428222656,12.33369255065918,18.13276481628418,105.2620593684122
2023-05-30,16.315120697021484,47.61442565917969,18.254138946533203,11.870660781860352,35.229122161865234,55.24961853027344,12.099720001220703,18.28823471069336,105.31551986312422
2023-05-31,16.148204803466797,47.26628494262695,18.109703063964844,11.727002143859863,34.558353424072266,54.226959228515625,12.041227340698242,18.255502700805664,105.3690075093523
2023-06-01,16.667510986328125,48.266273498535156,18.37650489807129,11.931148529052734,34.17243194580078,57.277442932128906,11.89917278289795,18.304595947265625,105.42252232088616
2023-06-02,16.80352783203125,50.32551193237305,18.644927978515625,11.945487976074219,34.61347579956055,57.819358825683594,12.0830078125,18.6282958984375,105.47606431152249
2023-06-05,16.98280906677246,49.91070556640625,18.68622398376465,12.36184024810791,34.57672882080078,58.11654281616211,12.041227340698242,18.74488067626953,105.52963349506503
2023-06-06,17.341386795043945,50.073665618896484,18.81698989868164,12.558661460876465,35.1004753112793,59.26157760620117,12.383830070495605,18.96138572692871,105.58322988532451
2023-06-07,17.848339080810547,50.866249084472656,18.872047424316406,12.551087379455566,35.054534912109375,59.043052673339844,12.408899307250977,18.95306396484375,105.63685349611866
2023-06-09,18.720043182373047,50.636619567871094,19.13359260559082,12.763055801391602,34.73292922973633,59.59370422363281,12.651227951049805,19.877397537231445,105.69050434127227
2023-06-12,19.047706604003906,49.71811294555664,18.92711067199707,12.657065391540527,34.6870002746582,58.76335906982422,12.667939186096191,20.597713470458984,105.74418243461712
2023-06-13,19.01053810119629,50.24403381347656,19.140470504760742,12.672210693359375,34.31943130493164,57.53091812133789,12.759856224060059,20.383331298828125,105.79788778999202
2023-06-14,19.827348709106445,51.125511169433594,19.40201187133789,12.755484580993652,34.7972526550293,58.63225173950195,12.809993743896484,20.48394203186035,105.85162042124281
2023-06-15,19.359657287597656,51.5255012512207,19.65666961669922,12.793331146240234,34.769691467285156,58.24765396118164,12.69300651550293,20.903181076049805,105.90538034222234
2023-06-16,19.524335861206055,51.60698318481445,19.718610763549805,12.831181526184082,34.77887725830078,56.88410949707031,12.592733383178711,20.748065948486328,105.95916756679055
2023-06-19,20.038137435913086,51.4069938659668,19.98702621459961,13.058282852172852,34.61347579956055,59.10423278808594,12.626157760620117,21.133764266967773,106.01298210881438
2023-06-20,20.13694190979004,50.081077575683594,19.977519989013672,13.088563919067383,33.951900482177734,58.623497009277344,12.651227951049805,21.12957191467285,106.0668239821678
2023-06-21,20.980100631713867,49.57737350463867,20.172008514404297,13.058282852172852,33.492469787597656,58.894466400146484,12.76821231842041,21.796159744262695,106.12069320073188
2023-06-22,20.71661376953125,49.31070327758789,19.977519989013672,12.71762752532959,33.446537017822266,59.305267333984375,12.993829727172852,21.38111686706543,106.17458977839466
2023-06-23,19.86686897277832,48.81441879272461,19.915000915527344,12.558661460876465,33.63029861450195,58.99934005737305,12.943692207336426,21.38949966430664,106.22851372905131
2023-06-26,20.314794540405273,48.918121337890625,19.8872127532959,12.498098373413086,33.49989318847656,58.99934005737305,12.818349838256836,21.43980598449707,106.28246506660402
2023-06-27,20.15670394897461,49.50330352783203,19.664934158325195,12.54142951965332,33.5919189453125,58.18646240234375,12.851774215698242,21.04572105407715,106.33644380496203
2023-06-28,20.34773063659668,47.940345764160156,19.553796768188477,12.334577560424805,33.665550231933594,57.99417495727539,12.7180757522583,20.78998374938965,106.3904499580417
2023-06-29,20.439952850341797,48.5255241394043,19.78996467590332,12.388203620910645,33.90482711791992,59.69860076904297,12.7180757522583,20.98283576965332,106.4444835397664
2023-06-30,19.45187759399414,47.56998062133789,19.741342544555664,12.602720260620117,34.742332458496094,59.873409271240234,12.876843452453613,20.71033477783203,106.49854456406658
2023-07-03,19.814170837402344,49.058860778808594,20.128936767578125,12.763604164123535,34.68710708618164,60.73301315307617,12.876843452453613,21.125381469726562,106.55263304487978
2023-07-04,19.86028289794922,48.81441879272461,20.00383186340332,12.686094284057617,34.22694778442383,60.574867248535156,12.651227951049805,20.99122428894043,106.60674899615061
2023-07-05,19.833932876586914,48.38478469848633,20.177602767944336,12.709101676940918,34.51224136352539,61.39190673828125,12.709720611572266,20.85287857055664,106.66089243183079
2023-07-06,19.530921936035156,48.036643981933594,19.878719329833984,12.40230655670166,33.950843811035156,60.838417053222656,12.392186164855957,20.546833038330078,106.71506336587906
2023-07-07,19.432117462158203,48.48849105834961,20.254051208496094,12.486675262451172,34.05208206176758,61.62031936645508,12.408899307250977,20.945106506347656,106.76926181226132
2023-07-10,19.465049743652344,47.74775314331055,20.121986389160156,12.49434757232666,33.398651123046875,61.26012420654297,12.542597770690918,20.55940818786621,106.82348778495052
2023-07-11,19.201562881469727,49.318111419677734,19.76750373840332,12.502013206481934,33.08573913574219,61.03170394897461,12.225062370300293,20.265939712524414,106.87774129792675
2023-07-12,19.214740753173828,49.666259765625,19.64934539794922,12.386966705322266,33.186973571777344,61.67304229736328,12.275197982788086,19.938936233520508,106.93202236517713
2023-07-13,19.51774787902832,50.82181167602539,19.864816665649414,12.693761825561523,33.186973571777344,61.602752685546875,12.33369255065918,20.127592086791992,106.98633100069597
2023-07-14,19.13569450378418,50.82181167602539,19.65629768371582,12.601727485656738,33.13175964355469,60.161949157714844,12.316981315612793,19.99343490600586,107.0406672184846
2023-07-17,19.096174240112305,50.25885009765625,20.038576126098633,12.7321138381958,32.48752975463867,60.95262908935547,12.383830070495605,20.169519424438477,107.09503103255152
2023-07-18,18.99077606201172,49.94032669067383,19.64934539794922,12.709101676940918,33.076541900634766,60.82964324951172,12.258487701416016,20.236597061157227,107.14942245691232
2023-07-19,19.16863250732422,49.8069953918457,19.440832138061523,12.663081169128418,34.88957977294922,61.022918701171875,12.225062370300293,19.884435653686523,107.20384150558975
2023-07-20,19.188390731811523,49.91810989379883,19.802257537841797,12.67075252532959,35.119667053222656,61.47975540161133,12.467391014099121,20.102436065673828,107.2582881926136
2023-07-21,19.55068588256836,50.2218132019043,20.1567440032959,13.084931373596191,35.7914924621582,61.78723907470703,12.78492546081543,20.341405868530273,107.31276253202087
2023-07-24,19.959087371826172,51.740318298339844,19.83701515197754,12.7321138381958,38.37363052368164,61.101985931396484,12.634514808654785,19.943126678466797,107.36726453785563
2023-07-25,20.420188903808594,53.340301513671875,19.878719329833984,12.686094284057617,37.41290283203125,59.88083267211914,12.559308052062988,19.83831787109375,107.42179422416913
2023-07-26,20.420188903808594,53.155128479003906,19.989927291870117,12.816486358642578,37.394439697265625,59.78418731689453,12.51752758026123,20.006017684936523,107.47635160501969
2023-07-27,19.359657287597656,52.162532806396484,19.545087814331055,12.5250244140625,37.27434539794922,58.11497497558594,12.28355598449707,19.59515953063965,107.53093669447284
2023-07-28,19.603382110595703,50.095882415771484,19.83701515197754,12.663081169128418,37.24663162231445,58.63330841064453,12.500815391540527,19.82154655456543,107.58554950660124
2023-07-31,20.49264907836914,51.229217529296875,19.906522750854492,12.7781343460083,36.877113342285156,59.054996490478516,12.417254447937012,20.203052520751953,107.64019005548467
2023-08-01,20.15670394897461,50.518104553222656,19.967487335205078,12.74744987487793,36.821693420410156,59.300994873046875,12.51752758026123,19.85508918762207,107.69485835521004
2023-08-02,20.110593795776367,49.695884704589844,19.904884338378906,12.800389289855957,36.97873306274414,59.432769775390625,12.576022148132324,19.943126678466797,107.74955441987149
2023-08-03,20.367490768432617,50.00699996948242,19.751876831054688,12.708247184753418,37.34825134277344,58.61574172973633,12.225062370300293,19.976669311523438,107.80239156887237
2023-08-04,19.761474609375,50.04404067993164,19.39022445678711,11.8635892868042,37.736228942871094,58.879302978515625,12.291912078857422,19.87186050415039,107.855254627626
2023-08-07,19.886627197265625,50.295894622802734,19.23720932006836,11.77912425994873,37.81013870239258,58.32582473754883,12.26684284210205,19.83831787109375,107.90814360883776
2023-08-08,19.90639305114746,49.96996307373047,19.19548988342285,11.832874298095703,37.56071090698242,58.308250427246094,12.116433143615723,19.69997215270996,107.96105852521922
2023-08-09,20.064481735229492,49.51811218261719,19.125934600830078,11.771443367004395,37.671566009521484,58.176475524902344,12.016158103942871,19.59096908569336,108.01399938948823
2023-08-10,20.176462173461914,48.93292999267578,19.188528060913086,11.871269226074219,37.172733306884766,58.46638870239258,12.007801055908203,19.691585540771484,108.06696621436886
2023-08-11,20.130353927612305,48.5255241394043,19.22330665588379,11.802162170410156,36.76626968383789,58.519100189208984,11.999445915222168,19.905397415161133,108.11995901259141
2023-08-14,20.18305015563965,47.23475646972656,18.94510841369629,11.740731239318848,36.31361770629883,56.46332931518555,11.974376678466797,19.708354949951172,108.17297779689244
2023-08-15,20.327972412109375,46.7692756652832,18.840784072875977,11.771443367004395,36.35056686401367,57.09587097167969,11.865747451782227,19.60354232788086,108.2260225800147
2023-08-16,20.77589988708496,46.58613586425781,18.826881408691406,11.710015296936035,34.74320602416992,56.305198669433594,11.84903621673584,19.771240234375,108.27909337470727
2023-08-17,20.710023880004883,47.24238586425781,18.60432243347168,11.587156295776367,34.09654998779297,55.127960205078125,11.882460594177246,19.955705642700195,108.33219019372544
2023-08-18,20.762723922729492,46.715858459472656,18.7503719329834,11.663942337036133,33.4961051940918,55.32124328613281,11.999445915222168,20.035364151000977,108.38531304983074
2023-08-21,20.61780548095703,46.77690505981445,18.673871994018555,11.579474449157715,33.29286575317383,54.90833282470703,11.957666397094727,19.964092254638672,108.43846195579098
2023-08-22,20.931888580322266,47.7536506652832,18.965974807739258,11.656265258789062,33.690101623535156,56.84109878540039,12.049582481384277,20.461328506469727,108.49163692438026
2023-08-23,22.046524047851562,48.104671478271484,19.202442169189453,11.817516326904297,33.6716194152832,58.33461380004883,12.074651718139648,20.550899505615234,108.54483796837889
2023-08-24,22.012332916259766,47.46368408203125,18.97989273071289,11.533407211303711,33.23744201660156,57.570281982421875,11.857392311096191,20.282176971435547,108.59806510057344
2023-08-25,21.861892700195312,47.364479064941406,18.68083381652832,11.3875093460083,33.588478088378906,55.356380462646484,11.690266609191895,20.017719268798828,108.6513183337568
2023-08-28,22.108070373535156,48.04362487792969,19.313720703125,11.756089210510254,33.82866668701172,55.224609375,11.874104499816895,20.593555450439453,108.70459768072813
2023-08-29,22.15593719482422,49.57741928100586,19.619731903076172,11.894306182861328,33.70856857299805,55.909854888916016,11.915884017944336,20.708724975585938,108.75790315429283
2023-08-30,22.306373596191406,49.585052490234375,19.24416732788086,11.64090633392334,33.533058166503906,55.7605094909668,11.84903621673584,20.410139083862305,108.81123476726262
2023-08-31,21.841373443603516,49.66136169433594,19.077251434326172,11.479654312133789,33.14506530761719,55.567222595214844,11.564926147460938,20.09023094177246,108.86459253245546
2023-09-01,22.313215255737305,52.56869888305664,19.242645263671875,11.510370254516602,33.20973587036133,55.988922119140625,11.589994430541992,20.226728439331055,108.9179764626956
2023-09-04,22.08071517944336,52.95787048339844,19.06865882873535,11.455737113952637,33.37601089477539,55.65508270263672,11.58163833618164,20.162744522094727,108.97138657081362
2023-09-05,22.819244384765625,52.72894287109375,18.783323287963867,11.209707260131836,33.172786712646484,54.6535530090332,11.70698070526123,20.09023094177246,109.02482286964637
2023-09-06,22.921817779541016,51.881919860839844,18.602378845214844,11.055941581726074,32.840213775634766,53.2303352355957,11.68191146850586,19.953731536865234,109.07828537203696
2023-09-08,22.83976173400879,50.905181884765625,18.630216598510742,11.055941581726074,32.701663970947266,53.01948928833008,11.447938919067383,19.894023895263672,109.13177409083485
2023-09-11,22.819244384765625,51.63773727416992,19.103458404541016,11.263526916503906,32.59080505371094,53.8013801574707,11.589994430541992,20.209665298461914,109.18528903889579
2023-09-12,22.92865562438965,51.59958267211914,19.214805603027344,11.401917457580566,32.932594299316406,54.61841583251953,11.45629596710205,20.318859100341797,109.23883022908181
2023-09-13,22.586742401123047,51.401180267333984,19.312238693237305,11.448050498962402,34.11503601074219,55.286094665527344,11.397801399230957,20.30167579650879,109.29239767426124
2023-09-14,23.161155700683594,53.507293701171875,19.23568344116211,11.494178771972656,33.3298225402832,54.3109245300293,11.30588436126709,20.35752296447754,109.34599138730879
2023-09-15,23.174833297729492,53.064701080322266,19.193923950195312,11.47111701965332,33.34829330444336,52.97555160522461,11.213968276977539,20.426250457763672,109.39961138110539
2023-09-18,23.338956832885742,52.438968658447266,19.145214080810547,11.47111701965332,33.061927795410156,52.67685317993164,11.188899040222168,20.34033966064453,109.45325766853836
2023-09-19,23.393657684326172,52.538169860839844,19.08849334716797,11.340409278869629,33.23744201660156,52.62413787841797,11.222323417663574,20.310266494750977,109.50693026250129
2023-09-20,23.4483642578125,52.88919448852539,19.41179656982422,11.386545181274414,33.061927795410156,52.49236297607422,11.25574779510498,20.490694046020508,109.56062917589414
2023-09-21,23.085935592651367,51.50801467895508,18.96901512145996,10.963679313659668,32.31367111206055,51.40298080444336,11.063556671142578,20.02245330810547,109.6124283457622
2023-09-22,23.270572662353516,51.88955307006836,18.919824600219727,10.879106521606445,31.953401565551758,51.08671188354492,10.963281631469727,20.05681800842285,109.66425200575978
2023-09-25,23.421010971069336,50.82123565673828,18.976043701171875,10.848353385925293,33.433841705322266,50.840721130371094,11.046843528747559,19.940834045410156,109.71610016746556
2023-09-26,22.880786895751953,50.02763366699219,18.69491958618164,10.733024597167969,33.387569427490234,50.37509536743164,10.896432876586914,19.657320022583008,109.7679728424637
2023-09-27,23.60564613342285,50.13446807861328,18.659774780273438,10.70227336883545,33.33203887939453,49.71619415283203,10.837940216064453,19.829145431518555,109.81987004234388
2023-09-28,23.557775497436523,50.89754104614258,19.151750564575195,10.955988883972168,33.6744270324707,50.60621643066406,10.846295356750488,20.46491813659668,109.8717917787012
2023-09-29,23.68770408630371,51.56905746459961,19.123638153076172,10.99443244934082,33.56338882446289,51.882015228271484,10.954926490783691,20.26731300354004,109.92373806313623
2023-10-02,23.33211326599121,51.118839263916016,18.9461727142334,10.840662956237793,33.45233917236328,50.05692672729492,10.938213348388672,20.21146583557129,109.97570890725508
2023-10-03,23.22953987121582,50.80597686767578,18.707061767578125,10.708972930908203,32.54546356201172,48.81658172607422,10.904788970947266,19.95372200012207,110.02770432266932
2023-10-04,22.306373596191406,50.26419448852539,19.136049270629883,11.070813179016113,32.53622055053711,49.206398010253906,11.038488388061523,20.104074478149414,110.07972432099604
2023-10-05,22.38159942626953,50.287086486816406,19.438457489013672,11.11700439453125,32.369651794433594,49.17096710205078,10.77109146118164,20.16421127319336,110.13176891385777
2023-10-06,22.91497802734375,51.01963806152344,19.621309280395508,11.14009952545166,32.20309066772461,48.338157653808594,11.02177619934082,20.98470115661621,110.18383811288253
2023-10-09,23.899688720703125,50.65335464477539,19.4525203704834,11.040018081665039,32.24935531616211,48.462188720703125,11.0050630569458,20.873010635375977,110.23593192970391
2023-10-10,24.07748794555664,50.958595275878906,19.43142318725586,11.163200378417969,32.665767669677734,49.67595672607422,11.07191276550293,20.838642120361328,110.28805037596095
2023-10-11,24.01593780517578,51.401180267333984,19.677568435668945,11.324871063232422,32.54546356201172,49.25069808959961,11.105337142944336,21.036252975463867,110.34019346329818
2023-10-13,24.80917739868164,50.81360626220703,19.47362518310547,11.155500411987305,31.962488174438477,47.65596389770508,10.846295356750488,20.971813201904297,110.39236120336568
2023-10-16,25.082706451416016,51.35540008544922,19.50175666809082,11.270979881286621,32.06427764892578,47.26614761352539,10.87136459350586,21.397090911865234,110.44455360781902
2023-10-17,25.759689331054688,51.77509307861328,19.21341323852539,11.155500411987305,31.721887588500977,46.94719696044922,10.69588565826416,21.20378303527832,110.49677068831924
2023-10-18,26.340944290161133,49.87501907348633,18.81254768371582,11.05541706085205,31.731143951416016,45.24614334106445,10.470268249511719,21.10068130493164,110.54901245653296
2023-10-19,26.217853546142578,49.157718658447266,19.030555725097656,11.109306335449219,31.407262802124023,45.24614334106445,10.461913108825684,21.26392364501953,110.60127892413227
2023-10-20,25.882780075073242,47.829959869384766,18.960222244262695,10.901440620422363,31.286964416503906,45.18413162231445,10.436844825744629,21.195192337036133,110.6535701027948
2023-10-23,24.1732177734375,47.7383918762207,18.9813289642334,10.916839599609375,31.37025260925293,45.822021484375,10.428488731384277,21.165122985839844,110.70588600420368
2023-10-24,24.535648345947266,48.8296012878418,18.9813289642334,10.916839599609375,32.39741516113281,46.610530853271484,10.461913108825684,21.06631851196289,110.7582266400476
2023-10-25,24.665573120117188,48.7838134765625,19.016494750976562,10.886041641235352,29.1215877532959,45.50307083129883,10.395061492919922,21.070613861083984,110.81059202202073
2023-10-26,24.41255760192871,49.82923889160156,19.487688064575195,11.163200378417969,30.222782135009766,46.282718658447266,10.553831100463867,21.5087833404541,110.8629821618228
2023-10-27,24.234764099121094,51.56142044067383,19.1993408203125,11.04771614074707,29.269643783569336,44.68798828125,10.269721031188965,20.963220596313477,110.91539707115908
2023-10-30,23.988588333129883,52.02690505981445,19.04462432861328,10.924534797668457,29.88964080810547,44.57281494140625,10.32821273803711,20.817169189453125,110.96783676174033
2023-10-31,23.756086349487305,52.65262985229492,18.861772537231445,10.77055835723877,30.546661376953125,45.06895446777344,10.746023178100586,20.769914627075195,111.02030124528291
2023-11-01,24.01593780517578,53.6599006652832,19.127540588378906,10.870646476745605,30.611440658569336,45.99921798706055,10.854652404785156,20.791391372680664,111.07279053350865
2023-11-03,24.303146362304688,54.33141326904297,19.655345916748047,11.386340141296387,31.027856826782227,48.55964279174805,11.105337142944336,21.521669387817383,111.12334309266416
2023-11-06,24.282630920410156,54.56034469604492,19.83831024169922,11.378631591796875,30.731740951538086,47.85087966918945,11.28917407989502,21.67201805114746,111.17391865980592
2023-11-07,23.879173278808594,53.47676086425781,20.394268035888672,11.679288864135742,30.333829879760742,49.029205322265625,11.339309692382812,21.9168758392334,111.22451724540556
2023-11-08,23.366302490234375,53.51491165161133,20.48575210571289,11.74095630645752,30.028453826904297,49.17096710205078,11.314242362976074,22.19610023498535,111.27513885993947
2023-11-09,23.85181999206543,53.77436447143555,20.577234268188477,11.764082908630371,29.991436004638672,48.94947052001953,11.205610275268555,21.268218994140625,111.3257835138888
2023-11-10,23.74241065979004,54.5984992980957,20.82354164123535,11.594484329223633,30.694717407226562,50.21639633178711,11.155473709106445,21.581809997558594,111.37645121773947
2023-11-13,24.40571403503418,54.484031677246094,20.68279266357422,11.363210678100586,30.27830696105957,48.993770599365234,11.222323417663574,21.50018882751465,111.4271419819822
2023-11-14,24.74079704284668,56.17044448852539,20.9924373626709,11.602193832397461,30.963077545166016,52.27183151245117,11.447938919067383,21.603290557861328,111.47785581711247
2023-11-16,24.309988021850586,56.54436111450195,21.33023452758789,12.003067016601562,30.981590270996094,53.955169677734375,11.422870635986328,21.598987579345703,111.52859273363052
2023-11-17,25.103221893310547,56.65117645263672,21.42875099182129,11.895140647888184,30.778003692626953,53.86656951904297,11.364378929138184,21.762229919433594,111.57935274204137
2023-11-20,25.12373924255371,58.03998947143555,21.63987922668457,11.92597770690918,30.981590270996094,53.93744659423828,11.364378929138184,21.87821388244629,111.63013585285483
2023-11-21,24.863882064819336,59.444068908691406,21.60468292236328,11.879722595214844,31.148160934448242,53.193233489990234,11.23067855834961,22.032861709594727,111.68094207658554
2023-11-22,24.98557472229004,58.87900161743164,21.7383975982666,12.126412391662598,31.555322647094727,53.33498764038086,11.339309692382812,21.843849182128906,111.73177142375286
2023-11-23,24.992679595947266,58.509281158447266,21.71025276184082,12.450194358825684,31.518306732177734,53.795692443847656,11.32259750366211,21.9168758392334,111.78262390488094
2023-11-24,25.063745498657227,58.01370620727539,21.590614318847656,12.457903861999512,31.20368194580078,52.9806022644043,11.188899040222168,21.89109992980957,111.83349953049877
2023-11-27,24.921619415283203,57.667598724365234,21.534311294555664,12.380809783935547,31.59234046936035,52.27183151245117,11.347665786743164,22.294904708862305,111.88439831114007
2023-11-28,25.29825210571289,57.79344940185547,21.745439529418945,12.496447563171387,31.80518341064453,52.32499313354492,11.406158447265625,22.617084503173828,111.93532025734343
2023-11-29,25.03531837463379,57.77771759033203,21.893217086791992,12.434775352478027,31.58308982849121,52.475608825683594,11.113693237304688,22.651447296142578,111.98626537965215
2023-11-30,25.51854705810547,58.09238052368164,22.231008529663086,12.542703628540039,31.63860321044922,53.193233489990234,11.439582824707031,23.3129940032959,112.03723368861438
2023-12-01,25.347991943359375,59.170047760009766,22.180068969726562,12.581247329711914,32.184574127197266,53.81341552734375,11.765473365783691,23.360244750976562,112.08822519478308
2023-12-04,24.80792236328125,57.84065246582031,22.208234786987305,12.487817764282227,32.166072845458984,53.73367691040039,11.748763084411621,23.270034790039062,112.13923990871596
2023-12-05,24.694217681884766,57.30574417114258,22.39130973815918,12.603585243225098,32.665767669677734,53.86656951904297,11.89917278289795,23.270034790039062,112.19027784097561
2023-12-06,23.805938720703125,56.92817306518555,22.194150924682617,12.472380638122559,32.749053955078125,54.10578155517578,11.690266609191895,22.771730422973633,112.24133900212938
2023-12-07,23.749088287353516,57.10908889770508,22.440587997436523,12.503252029418945,32.72129440307617,54.47787094116211,11.765473365783691,23.141162872314453,112.2924234027494
2023-12-08,24.50946044921875,57.26641845703125,22.724470138549805,12.703920364379883,32.06427764892578,54.11463928222656,11.957666397094727,23.39031410217285,112.3435310534127
2023-12-11,24.417076110839844,57.31361770629883,22.56833267211914,12.603585243225098,32.267852783203125,54.158935546875,11.966022491455078,23.386018753051758,112.39466196470104
2023-12-12,24.218101501464844,57.41587448120117,22.45478057861328,12.54184341430664,32.41592788696289,53.618492126464844,11.890816688537598,22.69535255432129,112.44581614720104
2023-12-13,24.566307067871094,57.423736572265625,23.136091232299805,13.089826583862305,33.369056701660156,55.74481201171875,12.28355598449707,22.902851104736328,112.49699361150411
2023-12-14,25.09927749633789,57.7383918762207,23.32770538330078,13.31364917755127,33.591156005859375,57.862266540527344,12.116433143615723,23.05415153503418,112.54619867153986
2023-12-15,25.156126022338867,58.100242614746094,23.228351593017578,13.444857597351074,33.34129333496094,56.737091064453125,12.091364860534668,23.607486724853516,112.5954252533768
2023-12-18,25.468799591064453,58.375553131103516,23.341903686523438,13.545190811157227,33.41727828979492,57.029457092285156,12.15821361541748,23.62477684020996,112.64467336642838
2023-12-19,25.760154724121094,58.78460693359375,23.356096267700195,13.545190811157227,33.76961898803711,57.011741638183594,12.28355598449707,23.71123695373535,112.69394302011213
2023-12-20,25.852537155151367,58.59581756591797,23.114805221557617,13.321367263793945,33.52853775024414,56.001739501953125,12.081493377685547,23.4345703125,112.74323422384971
2023-12-21,25.85964584350586,60.54664993286133,23.270936965942383,13.329084396362305,33.74180603027344,57.17122268676758,12.046321868896484,23.46915054321289,112.79254698706688
2023-12-22,26.108366012573242,60.09040451049805,23.639970779418945,13.52823543548584,33.85306930541992,57.162349700927734,12.055115699768066,23.533994674682617,112.84188131919358
2023-12-26,26.52763557434082,60.30279541015625,23.881269454956055,13.568422317504883,34.047794342041016,56.87883377075195,12.107872009277344,23.750139236450195,112.89123722966379
2023-12-27,26.5489501953125,60.88489532470703,24.044504165649414,13.6488037109375,34.1590576171875,56.74451446533203,12.169424057006836,23.715559005737305,112.94061472791567
2023-12-28,26.463680267333984,60.727561950683594,24.10837173461914,13.737227439880371,34.22396469116211,56.74451446533203,12.072699546813965,23.94467544555664,112.99001382339154
2024-01-02,26.847412109375,60.60957717895508,23.80137825012207,13.463930130004883,33.90870666503906,54.65673828125,12.055115699768066,23.672327041625977,113.03943452553776
2024-01-03,27.685949325561523,60.29492950439453,23.538654327392578,13.479172706604004,34.1683235168457,54.33555221557617,11.958393096923828,23.69394874572754,113.08887684380488
2024-01-04,27.451444625854492,59.48469924926758,23.3824405670166,13.294088363647461,33.713993072509766,53.202449798583984,12.002355575561523,23.443218231201172,113.13834078764762
2024-01-05,27.515403747558594,58.7216682434082,23.929187774658203,13.58378791809082,33.35237503051758,53.97867202758789,11.958393096923828,23.724205017089844,113.18782636652473
2024-01-08,27.3093204498291,58.42275619506836,23.673564910888672,13.479172706604004,33.43582534790039,56.030757904052734,12.055115699768066,23.927383422851562,113.23733358989921
2024-01-09,27.074811935424805,57.68333435058594,23.65936279296875,13.117043495178223,32.6105842590332,55.50434112548828,11.975977897644043,23.568578720092773,113.2868624672381
2024-01-10,26.82609748840332,56.81803894042969,23.638063430786133,12.891721725463867,32.74967575073242,56.209190368652344,12.099080085754395,23.529672622680664,113.33641300801264
2024-01-11,27.053491592407227,57.11696243286133,23.68067169189453,12.827342987060547,32.28606033325195,54.43369674682617,11.923221588134766,23.68962287902832,113.38598522169822
2024-01-12,27.12455177307129,56.39325714111328,23.709075927734375,12.722726821899414,32.14696502685547,54.424774169921875,11.949600219726562,23.827953338623047,113.43557911777435
2024-01-15,27.415918350219727,56.283138275146484,23.75166893005371,12.771011352539062,31.822450637817383,54.58536911010742,11.949600219726562,24.294832229614258,113.4851947057247
2024-01-16,27.074811935424805,55.55157470703125,23.41794204711914,12.65834903717041,31.164119720458984,53.782379150390625,11.738569259643555,24.1564998626709,113.53483199503704
2024-01-17,26.91847801208496,54.55255126953125,23.432144165039062,12.682493209838867,30.969396591186523,54.37123489379883,11.808913230895996,24.204050064086914,113.58449099520335
2024-01-18,26.8118839263916,54.27722930908203,23.332731246948242,12.610066413879395,30.728317260742188,52.9615478515625,11.729775428771973,23.923057556152344,113.63417171571977
2024-01-19,26.669755935668945,53.569271087646484,23.38953971862793,12.585925102233887,31.043575286865234,53.61286544799805,11.738569259643555,24.173789978027344,113.68387416608653
2024-01-22,26.790565490722656,53.33328628540039,23.0060977935791,12.441075325012207,30.950855255126953,52.381614685058594,11.74736213684082,24.01384162902832,113.73359835580803
2024-01-23,27.12455177307129,54.43455505371094,23.11260986328125,12.37669563293457,31.312469482421875,52.83664321899414,11.756155014038086,24.44181251525879,113.78334429439289
2024-01-24,26.91847801208496,54.98520278930664,23.0060977935791,12.328410148620605,31.0343017578125,52.310237884521484,11.677020072937012,24.489364624023438,113.83311199135385
2024-01-25,27.91335105895996,53.632198333740234,22.95639991760254,12.360601425170898,30.830310821533203,52.06934356689453,11.60667610168457,24.459104537963867,113.88290145620775
2024-01-26,28.396575927734375,54.67055130004883,23.297225952148438,12.489358901977539,30.756132125854492,50.177860260009766,11.60667610168457,24.62769317626953,113.9327126984757
2024-01-29,28.83005142211914,54.41095733642578,23.1765193939209,12.37669563293457,30.830310821533203,49.4730110168457,11.650640487670898,24.43316650390625,113.98254572768289
2024-01-30,28.65239715576172,54.10417556762695,23.027406692504883,12.288178443908691,30.589235305786133,48.61648941040039,11.465987205505371,24.307798385620117,114.03240055335873
2024-01-31,28.965072631835938,53.30181121826172,23.275928497314453,12.352555274963379,29.986536026000977,48.28636932373047,11.501160621643066,24.402904510498047,114.08227718503676
2024-02-01,29.54068946838379,53.057960510253906,23.22452735900879,12.328410148620605,30.255428314208984,48.60755920410156,11.492366790771484,24.960561752319336,114.13014268607529
2024-02-02,29.156944274902344,51.980281829833984,23.26004981994629,12.343673706054688,30.21834373474121,47.7867317199707,11.492366790771484,24.95191764831543,114.17802827004209
2024-02-05,29.28485679626465,51.53190612792969,23.70052719116211,12.5934476852417,30.839582443237305,47.94733810424805,11.509952545166016,25.219938278198242,114.22593394536335
2024-02-06,29.554895401000977,52.44438934326172,24.71647071838379,13.375000953674316,30.82103729248047,47.0105094909668,11.63305377960205,25.76462173461914,114.27385972046882
2024-02-07,29.98837661743164,52.54664993286133,24.53885841369629,11.247892379760742,31.18265724182129,47.75104522705078,11.430815696716309,25.695453643798828,114.32180560379174
2024-02-08,29.746767044067383,52.082542419433594,24.055755615234375,10.925601959228516,31.340288162231445,46.974822998046875,11.386852264404297,25.306396484375,114.36977160376894
2024-02-09,29.348814010620117,51.85442352294922,24.36124038696289,10.84503173828125,30.94157600402832,46.84099197387695,11.386852264404297,24.887067794799805,114.41775772884073
2024-02-14,29.12851905822754,51.69710159301758,24.36124038696289,10.772516250610352,31.089929580688477,46.3948860168457,11.3604736328125,25.224258422851562,114.46576398745103
2024-02-15,30.059438705444336,51.53190612792969,24.5672664642334,10.8208589553833,30.793222427368164,46.5108757019043,11.298922538757324,25.22858428955078,114.51379038804725
2024-02-16,30.336584091186523,53.49060821533203,24.53885841369629,10.861144065856934,30.969396591186523,46.26997756958008,11.219786643981934,25.016759872436523,114.56183693908038
2024-02-19,30.485815048217773,53.08942413330078,24.808828353881836,10.998117446899414,31.05284309387207,46.894527435302734,11.263751029968262,25.47066307067871,114.60990364900492
2024-02-20,30.166038513183594,51.92522048950195,25.34876251220703,11.255949020385742,31.776081085205078,48.214996337890625,11.298922538757324,25.634933471679688,114.65799052627894
2024-02-21,30.208667755126953,52.31853485107422,25.206674575805664,11.215662956237793,33.96433639526367,48.134700775146484,11.342886924743652,25.695453643798828,114.70609757936406
2024-02-22,29.981266021728516,52.87703323364258,25.063690185546875,11.280120849609375,32.88875961303711,47.74211120605469,11.395645141601562,25.116186141967773,114.75422481672544
2024-02-23,29.775188446044922,53.00289535522461,25.137060165405273,11.135087966918945,33.36164855957031,47.45661544799805,11.334094047546387,24.804935455322266,114.80237224683178
2024-02-26,30.336584091186523,51.720699310302734,25.210439682006836,11.118976593017578,34.19184112548828,46.475181579589844,11.465987205505371,25.042695999145508,114.85053987815539
2024-02-27,30.2939453125,53.081565856933594,25.518598556518555,11.296236038208008,34.55647277832031,48.62541580200195,11.703396797180176,25.34530258178711,114.89872771917207
2024-02-28,28.730571746826172,52.49945831298828,25.533275604248047,11.247892379760742,34.509727478027344,48.05440139770508,11.826498031616211,25.397174835205078,114.94693577836121
2024-02-29,28.524490356445312,52.69611358642578,24.902280807495117,11.078689575195312,34.304039001464844,47.2870979309082,11.06151294708252,25.012441635131836,114.99516406420574
2024-03-01,28.55291748046875,52.609588623046875,25.010663986206055,11.118976593017578,34.865028381347656,46.84099197387695,10.938410758972168,25.038373947143555,115.04341258519216
2024-03-04,28.481857299804688,52.49159240722656,24.819805145263672,11.013233184814453,34.72477722167969,45.654354095458984,10.973584175109863,24.93462562561035,115.09168134981051
2024-03-05,28.396575927734375,51.79936218261719,24.797775268554688,11.06971263885498,34.99592590332031,45.34208297729492,11.210992813110352,25.107542037963867,115.13997036655445
2024-03-06,29.021928787231445,52.50732421875,25.06939697265625,11.150392532348633,34.715423583984375,45.79711151123047,11.158234596252441,25.479310989379883,115.18827964392115
2024-03-07,28.7021484375,52.32639694213867,24.805118560791016,11.10198974609375,34.50038528442383,47.43877029418945,11.123064994812012,25.237232208251953,115.23660919041137
2024-03-08,26.079940795898438,51.92522048950195,25.032686233520508,11.166532516479492,34.519081115722656,47.42092514038086,11.290129661560059,24.99082374572754,115.28495901452939
2024-03-11,25.333784103393555,50.31263732910156,25.157485961914062,11.2310791015625,34.74347686767578,46.66255569458008,11.254958152770996,24.740093231201172,115.33332912478313
2024-03-12,26.165210723876953,49.9991569519043,25.2602596282959,11.368239402770996,35.164215087890625,47.82242202758789,11.290129661560059,25.079727172851562,115.38171952968403
2024-03-13,25.852537155151367,50.319664001464844,25.509855270385742,11.489264488220215,35.54755401611328,48.62541580200195,11.210992813110352,24.80106544494629,115.43013023774711
2024-03-14,25.738840103149414,49.67864990234375,25.49517250061035,11.561878204345703,35.33250427246094,48.10792922973633,11.254958152770996,24.692211151123047,115.47856125749097
2024-03-15,25.80989646911621,49.111595153808594,25.355684280395508,11.384380340576172,35.52885055541992,47.10865020751953,11.105478286743164,24.944751739501953,115.52701259743779
2024-03-18,25.824111938476562,50.0484619140625,25.458463668823242,11.456992149353027,35.52885055541992,46.867759704589844,11.105478286743164,24.39613151550293,115.5754842661133
2024-03-19,25.632246017456055,50.45936965942383,25.49517250061035,11.392444610595703,36.23942184448242,47.510154724121094,11.02634048461914,24.309053421020508,115.62397627204683
2024-03-20,26.079940795898438,50.79631423950195,25.546560287475586,11.537673950195312,36.30488204956055,48.80385208129883,11.02634048461914,24.570297241210938,115.6724886237713
2024-03-21,25.369314193725586,50.673038482666016,25.282283782958984,11.40858268737793,36.8658561706543,48.02763366699219,11.087892532348633,24.226322174072266,115.7189519490017
2024-03-22,25.618032455444336,50.08955383300781,24.928762435913086,11.263352394104004,37.155704498291016,47.15326690673828,10.912033081054688,24.126178741455078,115.76543393762057
2024-03-25,26.008872985839844,49.98271942138672,24.928762435913086,11.247214317321777,36.55434799194336,46.84099197387695,10.75376033782959,24.22197151184082,115.81193459712465
2024-03-26,25.767263412475586,49.34992218017578,25.42407989501953,11.40858268737793,36.310909271240234,48.116851806640625,10.912033081054688,24.35259246826172,115.85845393501361
2024-03-27,25.973342895507812,49.80192184448242,25.56454086303711,11.586085319519043,36.09554672241211,48.10792922973633,10.94720458984375,24.37000846862793,115.90499195879022
2024-03-28,26.5489501953125,49.990936279296875,25.608898162841797,11.505398750305176,35.76783752441406,48.786014556884766,10.982377052307129,24.653024673461914,115.95154867596023
2024-04-01,26.75503158569336,50.31144332885742,24.73436164855957,11.400511741638184,35.57120895385742,46.974822998046875,10.841691017150879,24.417903900146484,115.99812409403239
2024-04-02,27.444339752197266,50.90314483642578,24.763940811157227,11.464289665222168,35.739742279052734,47.130069732666016,10.788931846618652,24.45709228515625,116.04471822051848
2024-04-03,27.302209854125977,50.17173385620117,24.57902717590332,11.690506935119629,35.477569580078125,46.59981155395508,10.94720458984375,24.552881240844727,116.09133106293328
2024-04-04,26.98953628540039,49.61289978027344,24.253572463989258,11.76322078704834,35.67420196533203,48.00184631347656,10.964791297912598,24.718339920043945,116.13796262879464
2024-04-05,27.074811935424805,49.07050323486328,24.209197998046875,11.730902671813965,35.57120895385742,47.79513931274414,10.75376033782959,24.822837829589844,116.18461292562337
2024-04-08,27.451444625854492,51.7496223449707,24.571630477905273,11.81169605255127,35.76783752441406,48.442237854003906,10.701004028320312,25.21035385131836,116.23128196094332
2024-04-09,27.522510528564453,51.40445327758789,24.83051300048828,11.884404182434082,36.32963180541992,49.71845245361328,10.868067741394043,25.4237060546875,116.2779697422814
2024-04-10,28.133642196655273,50.62372970581055,24.30534553527832,11.633950233459473,35.955101013183594,48.16361999511719,10.639451026916504,25.079727172851562,116.32467627716747
2024-04-11,27.927562713623047,50.83740234375,24.26097297668457,11.625875473022461,35.8052978515625,47.88501739501953,10.727381706237793,25.140687942504883,116.37140157313448
2024-04-12,27.67173957824707,50.64838409423828,24.009489059448242,11.480449676513672,35.56184768676758,46.59981155395508,10.657037734985352,24.814128875732422,116.41814563771837
2024-04-15,27.93467140197754,50.944236755371094,23.602672576904297,11.310789108276367,35.24348449707031,45.45840835571289,10.613073348999023,24.583358764648438,116.46490847845811
2024-04-16,28.06258773803711,50.492244720458984,23.425148010253906,11.229995727539062,36.301544189453125,45.00005340576172,10.498764038085938,24.304698944091797,116.51169010289576
2024-04-17,28.26866340637207,51.04286193847656,23.43994903564453,11.173441886901855,35.786563873291016,44.93714141845703,10.472387313842773,24.356945037841797,116.55849051857628
2024-04-18,28.318408966064453,51.231876373291016,23.469532012939453,11.124968528747559,36.142356872558594,45.75499725341797,10.516351699829102,24.322113037109375,116.60530973304776
2024-04-19,28.801626205444336,52.070125579833984,23.336387634277344,11.019940376281738,36.09554672241211,45.1797981262207,10.50755786895752,24.13052749633789,116.65214775386133
2024-04-22,29.490934371948242,52.04547119140625,23.321596145629883,10.971465110778809,35.83338165283203,44.523719787597656,10.50755786895752,23.85186767578125,116.6990045885711
2024-04-23,29.4340877532959,51.593467712402344,23.66925048828125,11.044178009033203,35.57120895385742,45.15283966064453,10.428421020507812,24.034738540649414,116.74588024473422
2024-04-24,29.299074172973633,52.2344856262207,23.56568717956543,11.044178009033203,35.795928955078125,44.5057487487793,10.586694717407227,23.947660446166992,116.79277472991092
2024-04-25,30.002592086791992,51.13325500488281,23.432546615600586,11.036096572875977,36.20791244506836,43.804725646972656,10.569108009338379,23.843154907226562,116.83968805166442
2024-04-26,30.426313400268555,51.13325500488281,23.824567794799805,11.213839530944824,36.7228889465332,45.386512756347656,10.56031608581543,23.843154907226562,116.88662021756102
2024-04-29,30.79157066345215,52.5139045715332,23.6396484375,11.35926342010498,36.853981018066406,45.43144607543945,10.639451026916504,23.991195678710938,116.93357123517
2024-04-30,30.696605682373047,52.01259994506836,23.195852279663086,11.310789108276367,37.03187942504883,44.06536102294922,10.683416366577148,23.87799072265625,116.98054111206375
2024-05-02,30.81348991394043,52.530338287353516,23.534547805786133,11.181523323059082,36.376441955566406,43.59800720214844,10.841691017150879,24.13052749633789,117.02752985581763
2024-05-03,30.421512603759766,52.58787155151367,23.830589294433594,11.148305892944336,36.301544189453125,44.829288482666016,10.876861572265625,24.57465171813965,117.07453747401011
2024-05-06,30.627424240112305,52.744014739990234,23.97859764099121,11.140213966369629,36.17045974731445,43.93054962158203,10.94720458984375,24.7139835357666,117.12156397422267
2024-05-07,31.001115798950195,53.07273483276367,24.474454879760742,11.140213966369629,36.423274993896484,44.6046028137207,11.079100608825684,24.63561248779297,117.16860936403984
2024-05-08,31.473947525024414,52.58787155151367,24.629867553710938,11.164485931396484,36.601165771484375,45.098915100097656,10.701004028320312,24.7139835357666,117.21567365104917
2024-05-09,31.778995513916016,53.01521301269531,23.889795303344727,10.881329536437988,36.423274993896484,44.532711029052734,10.595487594604492,23.634159088134766,117.26170424609192
2024-05-10,31.710371017456055,52.834407806396484,24.163625717163086,10.816606521606445,36.488807678222656,42.24091339111328,10.586694717407227,24.052154541015625,117.30775291734936
2024-05-13,31.74086570739746,53.146697998046875,24.45965003967285,10.865148544311523,36.591796875,41.61178970336914,10.604280471801758,24.235031127929688,117.35381967192001
2024-05-14,31.16888999938965,53.11381912231445,24.726076126098633,10.857060432434082,37.08805847167969,42.24091339111328,10.69221019744873,24.391780853271484,117.39990451690517
2024-05-15,29.285181045532227,52.95769119262695,24.659475326538086,10.751884460449219,37.09742736816406,43.03180694580078,10.824104309082031,24.078283309936523,117.44600745940895
2024-05-16,28.431034088134766,53.34394073486328,24.585466384887695,10.808514595031738,37.078704833984375,43.70586013793945,10.88565444946289,24.104406356811523,117.49212850653825
2024-05-17,27.981075286865234,54.38764190673828,24.592866897583008,10.865148544311523,37.11615753173828,43.4991569519043,10.88565444946289,24.11311149597168,117.53826766540276
2024-05-20,28.026836395263672,54.36298751831055,24.518861770629883,10.784247398376465,37.312782287597656,43.067745208740234,10.639451026916504,24.313405990600586,117.58442494311497
2024-05-21,27.973453521728516,54.20683670043945,24.393047332763672,10.840877532958984,37.2285041809082,41.89938735961914,10.569108009338379,24.295988082885742,117.63060034679012
2024-05-22,28.35477066040039,53.77949523925781,24.015602111816406,10.59817123413086,36.77907180786133,41.162418365478516,10.525144577026367,23.947660446166992,117.67679388354628
2024-05-23,28.072593688964844,53.458988189697266,23.800983428955078,10.420186996459961,36.544986724853516,41.072540283203125,10.516351699829102,23.459999084472656,117.72300556050435
2024-05-24,27.92007064819336,53.48365020751953,23.571563720703125,10.492999076843262,35.898921966552734,40.802921295166016,10.437214851379395,23.58191680908203,117.76923538478795
2024-05-27,28.22512435913086,53.66444778442383,23.490148544311523,10.460639953613281,35.90827941894531,40.389503479003906,10.3844575881958,23.86928367614746,117.81548336352354
2024-05-28,28.827600479125977,52.50568771362305,23.364334106445312,10.452549934387207,35.795928955078125,40.04798126220703,10.191012382507324,23.790908813476562,117.86174950384039
2024-05-29,28.789474487304688,51.97150802612305,23.201513290405273,10.34737491607666,35.327762603759766,39.544677734375,10.129462242126465,23.790908813476562,117.90803381287054
2024-05-31,29.582612991333008,51.93863296508789,22.964691162109375,10.25029468536377,35.15921401977539,38.403282165527344,10.164634704589844,23.61674690246582,117.95433629774885
2024-06-03,29.422462463378906,50.84562301635742,23.288768768310547,10.315013885498047,34.962589263916016,38.331382751464844,10.155840873718262,23.642871856689453,118.00065696561298
2024-06-04,29.094528198242188,50.327880859375,23.370223999023438,10.411385536193848,35.39330291748047,38.502140045166016,10.278942108154297,23.712533950805664,118.04699582360337
2024-06-05,29.132659912109375,49.61289978027344,23.32579231262207,10.354667663574219,35.14985656738281,38.663917541503906,10.173426628112793,23.764787673950195,118.09335287886329
2024-06-06,29.269935607910156,50.30322265625,23.621994018554688,10.573430061340332,35.402671813964844,39.275062561035156,10.39324951171875,24.078283309936523,118.13972813853881
2024-06-07,28.17173194885254,49.645774841308594,23.288768768310547,10.49240493774414,35.44011688232422,38.42125701904297,10.164634704589844,23.668994903564453,118.18612160977881
2024-06-10,28.598812103271484,50.18817138671875,23.10364532470703,10.41948413848877,35.402671813964844,37.621376037597656,10.076704978942871,23.695117950439453,118.23253329973498
2024-06-11,28.720834732055664,50.11420440673828,23.362823486328125,10.476202011108398,35.39330291748047,37.34275817871094,10.023945808410645,23.95636558532715,118.27896321556177
2024-06-12,28.09588623046875,49.42388153076172,23.32579231262207,10.281749725341797,35.646114349365234,36.866432189941406,9.909639358520508,23.502910614013672,118.32541136441652
2024-06-13,27.813514709472656,49.990936279296875,23.081432342529297,10.289850234985352,35.973819732666016,36.111480712890625,9.751365661621094,23.662309646606445,118.37187775345932
2024-06-14,27.201711654663086,49.81835174560547,23.059215545654297,10.395179748535156,36.301544189453125,36.327186584472656,9.883258819580078,23.603628158569336,118.41836238985309
2024-06-17,27.303682327270508,49.621116638183594,23.621994018554688,10.508613586425781,36.301544189453125,35.41046905517578,9.883258819580078,23.603628158569336,118.46486528076356
2024-06-18,28.15863800048828,49.851226806640625,23.607196807861328,10.345137596130371,36.38581848144531,35.18578338623047,9.89205265045166,23.273447036743164,118.5113864333593
2024-06-19,28.18216896057129,50.00736999511719,23.792312622070312,10.39527416229248,37.275325775146484,35.88302230834961,9.848087310791016,23.4429988861084,118.55792585481166
2024-06-20,28.629255294799805,50.45936965942383,23.6294002532959,10.370209693908691,38.183570861816406,35.54222106933594,9.918431282043457,23.55008316040039,118.60448355229485
2024-06-21,28.77828025817871,49.990936279296875,23.79435157775879,10.361852645874023,38.46446990966797,37.398712158203125,9.918431282043457,23.746410369873047,118.65105953298583
2024-06-24,29.06850242614746,50.0484619140625,24.137680053710938,10.39527416229248,38.26783752441406,37.82919692993164,9.953603744506836,23.924884796142578,118.69765380406443
2024-06-25,29.044963836669922,49.843013763427734,24.212318420410156,10.311715126037598,38.92326736450195,37.8740348815918,10.00636100769043,23.99627685546875,118.74426637271327
2024-06-26,29.09202766418457,50.45936965942383,24.167539596557617,10.336785316467285,39.27907943725586,38.02650451660156,10.067911148071289,23.83565330505371,118.79089724611782
2024-06-27,29.578330993652344,50.59086608886719,24.212318420410156,10.37856388092041,39.04499053955078,38.87681198120117,10.076704978942871,23.826723098754883,118.83754643146635
2024-06-28,29.845020294189453,51.13325500488281,24.189926147460938,10.345137596130371,39.5037956237793,38.10562515258789,10.03273868560791,23.83565330505371,118.88421393594999
2024-07-01,30.29994773864746,51.889320373535156,24.076154708862305,10.253217697143555,39.356353759765625,37.896949768066406,10.067911148071289,23.523317337036133,118.93089976676264
2024-07-02,30.205820083618164,51.71674346923828,24.389806747436523,10.235597610473633,39.41261291503906,37.833438873291016,10.076704978942871,23.603628158569336,118.97760393110104
2024-07-03,29.6802978515625,52.744014739990234,24.539159774780273,10.269075393676758,39.48763656616211,38.24171829223633,10.00636100769043,23.83565330505371,119.02432643616476
2024-07-04,29.27243423461914,52.48103713989258,24.57650375366211,10.310919761657715,39.28133773803711,39.55726623535156,10.067911148071289,23.960580825805664,119.07106728915625
2024-07-05,29.429309844970703,52.26736068725586,24.591434478759766,10.428089141845703,39.56264877319336,39.684288024902344,9.953603744506836,23.853496551513672,119.11782649728069
2024-07-08,30.15091896057129,51.856449127197266,24.54662322998047,10.428089141845703,41.7006721496582,39.59355926513672,9.89205265045166,23.460847854614258,119.16460406774615
2024-07-09,30.14307403564453,51.790714263916016,24.7183837890625,10.428089141845703,41.77568435668945,40.30123519897461,9.89205265045166,23.38053321838379,119.21140000776356
2024-07-10,29.860702514648438,51.092166900634766,24.979759216308594,10.60384464263916,41.30681610107422,41.05427169799805,10.023945808410645,23.746410369873047,119.2582143245466
2024-07-11,30.06464195251465,50.96067428588867,25.12911033630371,10.60384464263916,42.160152435302734,42.27909851074219,10.13825511932373,23.630401611328125,119.30504702531184
2024-07-12,29.9234561920166,51.708526611328125,24.98722267150879,10.5787353515625,43.02286148071289,42.36983108520508,10.234977722167969,23.942733764648438,119.35189811727867
2024-07-15,30.19798469543457,51.76605224609375,25.084312438964844,10.55362606048584,43.613624572753906,42.133934020996094,10.234977722167969,24.049821853637695,119.39876760766933
2024-07-16,30.11954116821289,51.22365951538086,25.233667373657227,10.587103843688965,43.773040771484375,41.60771560668945,10.287734031677246,24.130138397216797,119.44565550370885
2024-07-17,30.276416778564453,50.747005462646484,25.50996971130371,10.71264362335205,44.1200065612793,40.945404052734375,10.39324951171875,24.37108039855957,119.49256181262515
2024-07-18,30.221511840820312,50.27035140991211,25.390485763549805,10.511780738830566,44.44820785522461,39.43932342529297,10.26135540008545,24.263994216918945,119.53948654164897
2024-07-19,30.34700584411621,50.2292594909668,25.58464813232422,10.45319652557373,44.34505844116211,39.384883880615234,10.31411361694336,24.192604064941406,119.58642969801386
2024-07-22,29.743051528930664,50.17173385620117,25.56971549987793,10.570366859436035,44.23252487182617,38.96753692626953,10.3844575881958,24.21937370300293,119.63339128895625
2024-07-23,29.358713150024414,49.49784851074219,25.532371520996094,10.49504280090332,44.1200065612793,39.35767364501953,10.358078002929688,24.07659339904785,119.68037132171541
2024-07-24,29.59402084350586,49.80192184448242,25.495040893554688,10.503412246704102,43.744911193847656,39.28508758544922,10.366870880126953,23.978429794311523,119.72736980353342
2024-07-25,29.554805755615234,49.77726364135742,25.383018493652344,10.336029052734375,43.088497161865234,39.067344665527344,10.419629096984863,23.99627685546875,119.77438674165526
2024-07-26,29.52342987060547,50.51689529418945,25.56971549987793,10.419718742370605,43.99810028076172,39.85667037963867,10.44600772857666,24.201526641845703,119.82142214332869
2024-07-29,28.92730712890625,50.60729217529297,25.756410598754883,10.461565017700195,43.58549499511719,38.64999008178711,10.39324951171875,24.237224578857422,119.86847601580438
2024-07-30,28.746910095214844,49.48963165283203,25.659324645996094,10.377872467041016,43.004112243652344,38.14191818237305,10.234977722167969,24.049821853637695,119.91554836633576
2024-07-31,29.34302520751953,50.64838409423828,25.300870895385742,10.40298080444336,47.505191802978516,39.76594924926758,10.182219505310059,23.692869186401367,119.9626392021792
2024-08-01,28.895936965942383,49.514278411865234,24.932998657226562,10.536890029907227,49.5494270324707,39.70243453979492,10.322906494140625,23.532238006591797,120.0097485305939
2024-08-02,28.025297164916992,48.82395553588867,24.61920166015625,10.603058815002441,46.717506408691406,40.90004348754883,10.437214851379395,23.344837188720703,120.05687635884186
2024-08-05,28.00176429748535,48.57164764404297,24.61920166015625,11.407716751098633,45.990421295166016,39.86574172973633,10.419629096984863,23.38053321838379,120.10402269418796
2024-08-06,28.48806381225586,48.81867980957031,25.164634704589844,11.78490161895752,46.09395980834961,40.41011047363281,10.56031608581543,23.782106399536133,120.15118754389995
2024-08-07,28.4488525390625,48.7249755859375,25.231870651245117,11.810049057006836,45.48213195800781,44.04829025268555,10.999963760375977,23.469768524169922,120.19837091524843
2024-08-08,28.903778076171875,48.42683029174805,25.142208099365234,11.944154739379883,46.77166748046875,43.9757080078125,10.868067741394043,23.371606826782227,120.24557281550683
2024-08-09,28.637096405029297,48.60572052001953,25.82213592529297,12.237523078918457,46.78108596801758,44.320472717285156,10.94720458984375,23.692869186401367,120.29279325195145
2024-08-12,29.28812026977539,48.35868835449219,25.8594913482666,12.321337699890137,47.60939407348633,44.65616226196289,10.894447326660156,24.201526641845703,120.3400322318615
2024-08-13,29.107709884643555,48.145729064941406,26.591720581054688,12.472212791442871,48.12710189819336,43.640010833740234,11.052720069885254,24.51386260986328,120.38728976251893
2024-08-14,29.617551803588867,47.7027702331543,27.249225616455078,12.581177711486816,48.51301956176758,36.29107666015625,11.043928146362305,24.924362182617188,120.43456585120866
2024-08-15,30.072479248046875,47.89869689941406,27.682586669921875,12.706907272338867,49.604888916015625,35.56525421142578,11.457195281982422,25.120685577392578,120.48186050521844
2024-08-16,30.19798469543457,47.77092361450195,27.45096206665039,12.547651290893555,50.12258529663086,38.64999008178711,11.439608573913574,25.3170108795166,120.52917373183882
2024-08-19,30.15091896057129,48.53757095336914,27.615337371826172,13.109233856201172,48.74833679199219,40.14699172973633,11.439608573913574,25.995223999023438,120.57650553836329
2024-08-20,30.03326416015625,48.7249755859375,27.81708335876465,13.159528732299805,49.990806579589844,38.98568344116211,11.378059387207031,26.111234664916992,120.62385593208819
2024-08-21,29.852859497070312,49.6619987487793,27.70499610900879,13.10085678100586,50.29201889038086,39.64800262451172,11.378059387207031,25.995223999023438,120.67122492031272
2024-08-22,29.944181442260742,49.730140686035156,27.45096206665039,13.00865364074707,51.01679229736328,38.05118942260742,11.430815696716309,25.4097900390625,120.71861251033893
2024-08-23,29.758644104003906,48.895347595214844,27.24176025390625,13.125996589660645,50.64970397949219,38.377811431884766,11.501160621643066,25.600292205810547,120.76601870947172
2024-08-26,31.920557022094727,49.44903564453125,27.301525115966797,13.084088325500488,50.90384292602539,38.35966491699219,11.501160621643066,25.70008087158203,120.81344352501893
2024-08-27,31.49301528930664,50.93974685668945,27.3314208984375,12.924835205078125,50.82853317260742,38.922176361083984,11.457195281982422,25.4097900390625,120.86088696429118
2024-08-28,31.944759368896484,50.57345962524414,27.921676635742188,13.134380340576172,50.82853317260742,38.55927276611328,11.386852264404297,25.56400489807129,120.90834903460205
2024-08-29,31.72695541381836,50.513832092285156,27.615337371826172,13.10085678100586,50.39555358886719,37.878807067871094,11.30771541595459,25.672866821289062,120.95582974326793
2024-08-30,31.759220123291016,50.75234603881836,27.421077728271484,13.109233856201172,50.969730377197266,37.53404235839844,11.30771541595459,25.509578704833984,121.00332909760809
2024-09-02,31.460742950439453,50.03680419921875,27.20253562927246,13.075708389282227,49.275447845458984,37.4251708984375,11.316507339477539,25.781728744506836,121.05084710494471
2024-09-03,31.08160400390625,48.17128372192383,27.643579483032227,13.217486381530762,49.699012756347656,36.92616271972656,11.254958152770996,26.017593383789062,121.09838377260283
2024-09-04,31.08967399597168,48.54608917236328,27.837936401367188,13.318187713623047,50.25436782836914,38.042118072509766,11.422022819519043,26.298812866210938,121.14593910791032
2024-09-05,30.896066665649414,48.895347595214844,28.017343521118164,13.435675621032715,50.81912612915039,38.55019760131836,11.404438018798828,26.534679412841797,121.193513118198
2024-09-06,30.291048049926758,48.282020568847656,27.621150970458984,13.175525665283203,49.77431869506836,38.1237678527832,11.422022819519043,26.099233627319336,121.2411058107995
2024-09-09,30.621793746948242,48.282020568847656,27.8902587890625,13.217486381530762,49.36957550048828,37.69734573364258,11.527539253234863,26.42581558227539,121.28871719305138
2024-09-10,30.113584518432617,47.7027702331543,27.8902587890625,13.259444236755371,49.783729553222656,38.10562515258789,11.641847610473633,26.035737991333008,121.3363472722931
2024-09-11,30.081315994262695,49.05718994140625,27.942594528198242,13.10838794708252,50.3578987121582,38.4322509765625,11.465987205505371,26.044803619384766,121.38399605586692
2024-09-12,29.742507934570312,49.500144958496094,27.6361026763916,13.049641609191895,50.17906188964844,38.33244705200195,11.351679801940918,25.77690315246582,121.43166355111805
2024-09-13,29.605369567871094,49.83236312866211,27.66600799560547,13.049641609191895,50.470855712890625,40.10163879394531,11.19340705871582,25.950393676757812,121.47934976539456
2024-09-16,30.01677894592285,49.83236312866211,27.658531188964844,12.948936462402344,49.88727569580078,39.72965621948242,11.30771541595459,26.087356567382812,121.52705470604744
2024-09-17,29.87964630126953,49.59384536743164,27.591259002685547,12.865019798278809,50.188480377197266,40.18329620361328,11.395645141601562,25.922998428344727,121.57477838043049
2024-09-18,29.161691665649414,49.01460266113281,27.43427276611328,12.78948974609375,50.45203399658203,40.664146423339844,11.413229942321777,25.795166015625,121.62252079590048
2024-09-19,29.258493423461914,49.60236740112305,27.359514236450195,12.61325740814209,50.13199996948242,40.201438903808594,11.386852264404297,25.484708786010742,121.67137413005378
2024-09-20,29.250425338745117,48.85274887084961,27.06050682067871,12.378278732299805,49.435462951660156,39.01290512084961,11.219786643981934,25.110336303710938,121.72024708761433
2024-09-23,29.548904418945312,49.006080627441406,26.902339935302734,12.059379577636719,51.1297492980957,38.74979019165039,11.210992813110352,25.019027709960938,121.76913967646448
2024-09-24,29.669906616210938,51.39973831176758,26.894811630249023,12.042598724365234,52.13690185546875,39.085487365722656,11.219786643981934,25.000762939453125,121.8180519044897
2024-09-25,29.887706756591797,51.629737854003906,27.23373031616211,12.118123054504395,52.409873962402344,37.99675369262695,11.149443626403809,24.927715301513672,121.8669837795787
2024-09-26,29.242361068725586,54.730411529541016,27.580177307128906,12.428630828857422,52.758140563964844,38.28944396972656,11.290129661560059,25.092073440551758,121.91593530962328
2024-09-27,29.129425048828125,54.4833869934082,27.68561553955078,12.537727355957031,52.73931121826172,37.89555358886719,11.3604736328125,24.882062911987305,121.96490650251846
2024-09-30,29.048757553100586,54.10005569458008,27.196075439453125,12.336316108703613,51.259727478027344,37.556636810302734,11.501160621643066,24.818143844604492,122.01389736616237
2024-10-01,29.823177337646484,54.3641242980957,26.749723434448242,12.495542526245117,52.66397476196289,37.648231506347656,11.958393096923828,24.726835250854492,122.0629079084564
2024-10-02,30.23458480834961,54.662269592285156,26.915496826171875,12.946048736572266,52.16447448730469,38.2802848815918,12.063909530639648,24.790748596191406,122.11193813730506
2024-10-03,30.60565948486328,53.61450958251953,26.252408981323242,12.809771537780762,51.4576416015625,37.098628997802734,11.782533645629883,24.562475204467773,122.16098806061603
2024-10-04,30.524988174438477,53.22266387939453,26.305150985717773,12.826809883117676,51.3634033203125,38.38105010986328,11.677020072937012,24.52595329284668,122.21005768630022
2024-10-07,30.952539443969727,53.69117736816406,26.478458404541016,12.946048736572266,50.32670974731445,37.94135284423828,11.58029556274414,24.644655227661133,122.25914702227165
2024-10-08,30.33138656616211,52.064170837402344,26.636695861816406,12.963082313537598,51.1843376159668,39.26042556762695,11.501160621643066,24.635522842407227,122.30825607644755
2024-10-09,30.02484893798828,51.92787551879883,26.14691734313965,12.707569122314453,50.89216995239258,37.99631881713867,11.501160621643066,24.133317947387695,122.35738485674834
2024-10-10,30.371721267700195,52.17490768432617,26.290077209472656,12.775705337524414,51.06181716918945,37.66655349731445,11.527539253234863,23.92330551147461,122.4065333710976
2024-10-11,30.347524642944336,52.924530029296875,26.09416961669922,12.605362892150879,51.05238723754883,38.087921142578125,11.325301170349121,24.042007446289062,122.4557016274221
2024-10-14,30.420116424560547,52.75415802001953,26.259939193725586,12.792742729187012,51.87232208251953,38.89401626586914,11.3604736328125,24.215496063232422,122.5048896336518
2024-10-15,30.170055389404297,52.10675811767578,26.56134796142578,12.903463363647461,53.27656555175781,39.04057693481445,11.325301170349121,24.16983985900879,122.55409739771986
2024-10-16,30.01677894592285,53.10341262817383,26.403108596801758,12.860879898071289,53.898582458496094,39.526065826416016,11.378059387207031,24.434642791748047,122.60332492756257
2024-10-17,29.790908813476562,51.75750732421875,26.455856323242188,12.946048736572266,52.98440933227539,39.068058013916016,11.30771541595459,24.398115158081055,122.65257223111945
2024-10-18,29.710243225097656,51.57862091064453,26.58395004272461,13.04825496673584,52.04196548461914,38.70164489746094,11.325301170349121,24.370723724365234,122.70183931633325
2024-10-21,29.242361068725586,51.3912239074707,26.44831657409668,13.014185905456543,51.87232208251953,38.948974609375,11.281336784362793,24.306806564331055,122.75112619114982
2024-10-22,29.129425048828125,51.45936584472656,26.4935302734375,12.929014205932617,52.72994613647461,38.97645568847656,11.272543907165527,24.014612197875977,122.8004328635183
2024-10-23,28.76641845703125,50.556419372558594,26.6593074798584,12.877914428710938,52.96556091308594,38.81157302856445,11.210992813110352,24.042007446289062,122.84975934139091
2024-10-24,28.960023880004883,50.85456466674805,26.900426864624023,12.903463363647461,53.03152847290039,39.8466682434082,11.281336784362793,24.069400787353516,122.89910563272315
2024-10-25,29.161691665649414,52.58378601074219,26.59902000427246,12.716084480285645,52.27757263183594,38.59172439575195,11.210992813110352,24.078529357910156,122.9484717454737
2024-10-28,29.11328887939453,53.56340026855469,26.923036575317383,12.946048736572266,53.02210235595703,38.820735931396484,11.334094047546387,24.032875061035156,122.99785768760441
2024-10-29,29.048757553100586,53.375999450683594,26.636695861816406,12.758670806884766,53.66297149658203,38.61005401611328,11.413229942321777,23.89590835571289,123.04726346708034
2024-10-30,28.9196834564209,53.214149475097656,26.56134796142578,12.801259994506836,50.89216995239258,39.04973602294922,11.369266510009766,24.078529357910156,123.09668909186979
2024-10-31,28.968090057373047,52.864898681640625,26.388042449951172,12.239129066467285,50.99584197998047,38.490962982177734,11.114272117614746,24.042007446289062,123.14613456994421
2024-11-01,28.572811126708984,52.83934020996094,26.24302864074707,12.017681121826172,51.55188751220703,37.336788177490234,11.02634048461914,23.82286262512207,123.19559990927826
2024-11-04,28.637346267700195,53.38451385498047,26.597354888916016,12.033836364746094,52.956138610839844,38.83905792236328,11.140649795532227,23.959827423095703,123.24508511784981
2024-11-05,28.548612594604492,52.91600799560547,27.396488189697266,11.880319595336914,52.78649139404297,38.774932861328125,11.149443626403809,23.96895980834961,123.29459020363996
2024-11-06,28.556678771972656,52.31972122192383,27.268325805664062,11.77798080444336,52.86189270019531,39.068058013916016,10.991169929504395,24.014612197875977,123.34411517463295
2024-11-07,28.645414352416992,54.14264678955078,26.868762969970703,11.650050163269043,52.56031036376953,38.51844787597656,11.035134315490723,23.91417121887207,123.39586666503676
2024-11-08,29.185894012451172,51.64677047729492,26.446584701538086,11.522122383117676,51.91944122314453,37.46503829956055,10.841691017150879,23.731550216674805,123.44763986881343
2024-11-11,29.242361068725586,49.960140228271484,26.47673797607422,11.479477882385254,52.29642105102539,38.994773864746094,10.999963760375977,23.749814987182617,123.49943479507317
2024-11-12,29.790908813476562,48.82719802856445,26.160099029541016,11.419776916503906,52.23044967651367,41.642059326171875,11.06151294708252,23.695026397705078,123.55125145293013
2024-11-13,29.750572204589844,48.69090270996094,26.024402618408203,11.496535301208496,51.55188751220703,41.38557815551758,11.19340705871582,23.695026397705078,123.60308985150223
2024-11-14,30.06517791748047,48.41831588745117,25.94900894165039,11.539176940917969,51.22202682495117,40.97336959838867,11.114272117614746,23.165428161621094,123.65494999991122
2024-11-18,30.81540298461914,49.02311706542969,25.858539581298828,11.70122241973877,50.89216995239258,39.709266662597656,10.920825958251953,23.47588348388672,123.70683190728269
2024-11-19,30.49272346496582,49.133853912353516,26.09225082397461,11.786510467529297,51.01469039916992,40.20391845703125,10.929619789123535,23.603715896606445,123.75873558274604
2024-11-21,30.58146095275879,49.08274459838867,25.639915466308594,11.743864059448242,50.63771057128906,39.8833122253418,10.894447326660156,23.06498908996582,123.81066103543449
2024-11-22,31.79955291748047,49.559776306152344,25.715303421020508,11.769452095031738,50.90159606933594,40.487884521484375,11.149443626403809,23.375442504882812,123.86260827448514
2024-11-25,31.605953216552734,49.55125427246094,25.707761764526367,11.59887981414795,49.148643493652344,39.8741455078125,11.02634048461914,23.512407302856445,123.91457730903888
2024-11-26,31.565616607666016,48.920902252197266,26.197799682617188,11.67563533782959,49.74238586425781,40.37796401977539,11.087892532348633,23.88770866394043,123.96656814824043
2024-11-27,31.452686309814453,49.517181396484375,25.556983947753906,11.360078811645508,49.11094284057617,38.06044006347656,11.035134315490723,23.468952178955078,124.0185808012384
2024-11-28,31.130006790161133,49.006080627441406,24.637235641479492,10.882476806640625,49.86491012573242,35.724605560302734,10.903239250183105,22.780330657958984,124.07061527718517
2024-11-29,31.380077362060547,50.07088088989258,24.576921463012695,10.7716064453125,50.83562469482422,34.423858642578125,11.19340705871582,23.050195693969727,124.12267158523701
2024-12-02,31.581754684448242,50.19013214111328,24.228174209594727,10.541332244873047,50.75080871582031,33.54448699951172,11.650640487670898,22.864084243774414,124.17474973455404
2024-12-03,31.864093780517578,49.80680847167969,24.49972915649414,10.506263732910156,51.4576416015625,34.00249481201172,12.178216934204102,23.14325523376465,124.22684973430019
2024-12-04,31.662416458129883,48.835716247558594,24.65057945251465,10.62584400177002,51.834625244140625,33.21471405029297,12.248559951782227,23.42242431640625,124.2789715936432
2024-12-05,31.977027893066406,49.23607635498047,25.1785945892334,10.7710542678833,51.768646240234375,33.892574310302734,12.679412841796875,23.71090316772461,124.33111532175477
2024-12-06,31.484947204589844,48.39276123046875,24.66567039489746,10.523345947265625,52.400089263916016,31.89565658569336,12.503555297851562,23.012971878051758,124.3832809278103
2024-12-09,32.29969787597656,50.965301513671875,24.78635597229004,10.4550142288208,52.54145812988281,30.64071273803711,12.49476146697998,22.95713996887207,124.43546842098918
2024-12-10,32.42070007324219,50.9141960144043,25.12183952331543,10.660012245178223,53.606422424316406,31.538406372070312,12.54751968383789,23.10603141784668,124.48767781047458
2024-12-11,32.74337387084961,50.12198257446289,25.365516662597656,10.847930908203125,55.18031311035156,32.45442581176758,12.134252548217773,23.599233627319336,124.53990910545355
2024-12-12,32.15771484375,48.73874282836914,24.733484268188477,10.472097396850586,54.473472595214844,30.91551971435547,11.518746376037598,23.286705017089844,124.59659095428471
2024-12-13,31.9564151763916,48.00822448730469,24.41364860534668,10.335429191589355,54.34152603149414,29.523178100585938,11.501160621643066,22.968095779418945,124.65329860072572
2024-12-16,31.82221031188965,47.98244094848633,24.147125244140625,10.164593696594238,53.823184967041016,28.130830764770508,11.290129661560059,22.640113830566406,124.71003205651785
2024-12-17,32.12416458129883,48.22308349609375,24.276575088500977,10.241471290588379,54.567718505859375,28.56136131286621,11.518746376037598,22.883752822875977,124.76679133340774
2024-12-18,31.293806076049805,47.105812072753906,23.5836181640625,9.814387321472168,53.76664733886719,27.776865005493164,11.219786643981934,22.246532440185547,124.8235764431473
2024-12-19,31.167984008789062,46.211997985839844,23.713064193725586,9.82292652130127,53.210601806640625,30.20838165283203,11.237371444702148,22.38709831237793,124.88038739749388
2024-12-20,30.90797233581543,46.9425163269043,23.987207412719727,10.045013427734375,52.343544006347656,31.257091522216797,11.346476554870605,22.565143585205078,124.9372242082101
2024-12-23,30.916362762451172,47.14018630981445,23.5226993560791,9.86563777923584,51.19187927246094,30.51464080810547,11.337199211120605,22.415210723876953,124.99408688706397
2024-12-26,31.148773193359375,47.2776985168457,23.67499351501465,9.942514419555664,51.588279724121094,30.189821243286133,11.262978553771973,22.677597045898438,125.05097544582888
2024-12-27,31.05298614501953,47.045654296875,23.43893051147461,9.86563777923584,50.663352966308594,30.1619815826416,11.198034286499023,22.593257904052734,125.10788989628354
2024-12-30,31.514511108398438,46.88235855102539,23.400854110717773,9.87417984008789,49.80448913574219,29.883563995361328,10.891875267028809,22.64948272705078,125.16483025021203
2025-01-02,32.01958084106445,46.62452697753906,23.292388916015625,9.991150856018066,49.75730514526367,29.883563995361328,10.761988639831543,22.415210723876953,125.22179651940381
2025-01-03,31.679964065551758,45.756492614746094,22.720943450927734,9.832208633422852,49.51191329956055,29.957805633544922,10.511493682861328,22.246532440185547,125.2787887156537
2025-01-06,31.53192901611328,45.17207717895508,23.7419376373291,10.025339126586914,49.5213508605957,29.976367950439453,10.474384307861328,22.45269203186035,125.33580685076184
2025-01-07,32.202449798583984,44.733760833740234,24.000993728637695,10.165799140930176,50.51234436035156,29.69795036315918,10.706323623657227,22.724449157714844,125.39285093653383
2025-01-08,31.94120979309082,44.30404281616211,23.612403869628906,10.007781028747559,50.219764709472656,28.52859115600586,10.594992637634277,22.640113830566406,125.44992098478056
2025-01-09,32.080535888671875,44.029022216796875,23.673364639282227,9.937554359436035,51.23906707763672,28.1016845703125,10.576436042785645,22.743192672729492,125.50701700731837
2025-01-10,32.16761779785156,44.27825927734375,23.345726013183594,9.81464958190918,50.351898193359375,26.79311752319336,10.353775024414062,22.686967849731445,125.5641390159689
2025-01-13,32.280818939208984,44.2696647644043,23.513355255126953,9.849764823913574,50.25751876831055,26.69103240966797,10.427994728088379,22.686967849731445,125.62128702255923
2025-01-14,32.0631217956543,44.56187438964844,23.52859878540039,10.034119606018066,49.955501556396484,27.11794090270996,10.400163650512695,23.09929084777832,125.67846103892182
2025-01-15,32.47240447998047,45.206451416015625,24.549589157104492,10.385269165039062,51.11637878417969,28.74204444885254,10.567160606384277,23.680280685424805,125.73566107689447
2025-01-16,32.263404846191406,45.2666130065918,24.4733943939209,10.297483444213867,50.65391159057617,28.06456184387207,10.27955436706543,23.783361434936523,125.7928871483204
2025-01-17,32.3940315246582,46.83079147338867,24.648643493652344,10.174576759338379,51.12581253051758,28.25017547607422,10.28883171081543,23.755250930786133,125.8501392650482
2025-01-20,32.47240447998047,46.658905029296875,24.884843826293945,10.209692001342773,52.03186798095703,28.380102157592773,10.251723289489746,23.830215454101562,125.9074174389319
2025-01-21,32.481109619140625,46.426856994628906,24.938175201416016,10.218472480773926,52.50376510620117,28.361541748046875,10.437273025512695,24.045747756958008,125.96472168183088
2025-01-22,32.29823684692383,45.258018493652344,24.84674072265625,10.078011512756348,53.268245697021484,28.333698272705078,10.22389030456543,24.48617935180664,126.02205200560994
2025-01-23,32.07183074951172,44.96581268310547,24.793407440185547,9.999005317687988,54.032737731933594,27.869667053222656,10.251723289489746,25.0390625,126.07940842213925
2025-01-24,31.906375885009766,45.57600784301758,24.732454299926758,9.919995307922363,54.61788558959961,28.138805389404297,10.084725379943848,24.945354461669922,126.13679094329441
2025-01-27,32.37661361694336,46.37528610229492,25.326763153076172,10.165799140930176,50.314144134521484,29.42881202697754,10.316665649414062,25.966785430908203,126.19419958095644
2025-01-28,32.33306884765625,45.249427795410156,25.372480392456055,10.209692001342773,51.050315856933594,29.113271713256836,10.307387351989746,25.79810905456543,126.25163434701172
2025-01-29,32.13278579711914,45.37834167480469,25.311527252197266,10.104349136352539,51.37119674682617,28.008880615234375,10.177501678466797,25.713769912719727,126.30909525335208
2025-01-30,32.55947494506836,47.29488754272461,25.928693771362305,10.657411575317383,53.051170349121094,29.38240623474121,10.307387351989746,25.901185989379883,126.37103344439147
2025-01-31,32.82072067260742,46.55577087402344,25.761066436767578,10.613515853881836,51.94692611694336,28.649242401123047,10.298110008239746,25.938671112060547,126.4330020080616
2025-02-03,32.6552734375,46.59014892578125,25.52294921875,10.59595775604248,50.87099075317383,29.21535873413086,10.233166694641113,25.873077392578125,126.4950009592563
2025-02-04,32.33306884765625,46.426856994628906,25.61443328857422,10.57744312286377,51.022003173828125,29.38240623474121,10.112558364868164,26.02301025390625,126.5570303128767
2025-02-05,32.097957611083984,46.67609405517578,26.003219604492188,10.823637008666992,51.40895462036133,29.317445755004883,10.038337707519531,26.079233169555664,126.61909008383122
2025-02-06,32.03699493408203,47.38083267211914,26.048959732055664,10.973106384277344,51.4655876159668,29.595863342285156,10.075448036193848,26.379104614257812,126.68118028703566
2025-02-07,31.854127883911133,47.12300109863281,25.858375549316406,10.542272567749023,50.90873718261719,27.786142349243164,10.066171646118164,26.032381057739258,126.74330093741301
2025-02-10,32.07183074951172,47.61288070678711,26.14044189453125,10.551066398620605,51.16356658935547,28.055278778076172,10.177501678466797,26.06986427307129,126.8054520498937
2025-02-11,32.07183074951172,47.4066162109375,26.414886474609375,10.797253608703613,50.125389099121094,28.797731399536133,10.168224334716797,26.294767379760742,126.86763363941542
2025-02-12,31.59288215637207,47.088623046875,25.683040618896484,10.304875373840332,49.73843002319336,28.47290802001953,10.131113052368164,25.863706588745117,126.92984572092318
2025-02-13,31.62771987915039,47.14878463745117,25.820262908935547,10.44555377960205,49.5213508605957,27.600534439086914,10.18677806854248,25.723142623901367,126.99208830936936
2025-02-14,32.60301971435547,47.844932556152344,26.506362915039062,10.718123435974121,50.776607513427734,29.33600616455078,10.325943946838379,26.94135856628418,127.05436141971364
2025-02-17,32.803306579589844,47.587100982666016,26.559724807739258,10.735708236694336,49.502479553222656,30.134140014648438,10.298110008239746,27.3255672454834,127.11666506692305
2025-02-18,33.4041633605957,47.90509033203125,26.515295028686523,10.726914405822754,49.917747497558594,29.69795036315918,10.28883171081543,27.597322463989258,127.17899926597194
2025-02-19,33.47383117675781,47.862117767333984,26.26771354675293,10.53348159790039,49.275962829589844,28.259456634521484,10.177501678466797,27.0444393157959,127.24136403184201
2025-02-20,33.52607727050781,49.623966217041016,26.19583511352539,10.507104873657227,49.172142028808594,28.166648864746094,10.24244499206543,26.23853874206543,127.30375937952232
2025-02-21,33.4302864074707,49.984928131103516,26.115970611572266,10.410386085510254,49.97438049316406,27.136499404907227,10.316665649414062,26.219797134399414,127.36618532400928
2025-02-24,33.195167541503906,49.52942657470703,25.972209930419922,10.225741386413574,48.65304946899414,25.86505699157715,10.233166694641113,26.06049156188965,127.42864188030663
2025-02-25,33.0471305847168,49.04814147949219,26.23576545715332,10.348836898803711,49.455284118652344,26.301244735717773,10.28883171081543,26.454072952270508,127.49112906342548
2025-02-26,33.0471305847168,48.747337341308594,26.171878814697266,10.14660930633545,45.16098403930664,25.651601791381836,10.854763984680176,26.30413818359375,127.55364688838434
2025-02-27,31.88025665283203,48.38637161254883,26.14791488647461,10.08505916595459,46.151973724365234,25.614482879638672,11.429974555969238,26.2010555267334,127.61619537020901
2025-02-28,31.28809928894043,47.39802169799805,25.508989334106445,9.882831573486328,45.698944091796875,26.078510284423828,11.337199211120605,25.59194564819336,127.6787745239327
2025-03-05,30.147340774536133,47.77617263793945,25.890676498413086,10.08505916595459,45.25509262084961,26.078510284423828,11.856741905212402,26.02301025390625,127.74138436459602
2025-03-06,29.83385467529297,48.30043411254883,25.938629150390625,10.172544479370117,44.9036865234375,26.282684326171875,11.921687126159668,25.985525131225586,127.8040249072469
2025-03-07,30.156057357788086,49.00516891479492,26.050498962402344,10.29584789276123,45.4830322265625,27.674776077270508,12.15362548828125,26.294767379760742,127.86669616694067
2025-03-10,30.147340774536133,48.212066650390625,26.282230377197266,10.146121978759766,45.28357696533203,27.609813690185547,12.17218017578125,26.21042823791504,127.92939815874004
2025-03-11,29.69452476501465,48.61390686035156,26.050498962402344,10.08446979522705,44.25786590576172,27.860389709472656,11.930963516235352,25.976154327392578,127.99213089771516
2025-03-12,29.69452476501465,48.00667953491211,26.130407333374023,10.08446979522705,44.82770919799805,28.166648864746094,12.088682174682617,25.947782516479492,128.05489439894347
2025-03-13,29.990598678588867,48.667484283447266,26.553926467895508,10.26061725616455,44.39083480834961,29.01118278503418,12.367009162902832,26.369850158691406,128.11768867750988
2025-03-14,30.91365623474121,50.265926361083984,27.416955947875977,10.683374404907227,44.39083480834961,30.486799240112305,12.654614448547363,26.743961334228516,128.18051374850668
2025-03-17,31.48838996887207,50.98923873901367,28.240020751953125,10.841907501220703,45.25509262084961,30.969390869140625,12.70855712890625,27.300329208374023,128.24336962703353
2025-03-18,31.514511108398438,51.36429214477539,28.3918514251709,10.833097457885742,45.25509262084961,30.523921966552734,12.689826965332031,27.33869743347168,128.30625632819755
2025-03-19,31.48838996887207,51.274993896484375,28.46216583251953,10.929980278015137,45.720458984375,31.182846069335938,12.811575889587402,27.233179092407227,128.3691738671132
2025-03-20,31.558053970336914,51.1142578125,28.198461532592773,10.87713623046875,45.492530822753906,30.755939483642578,12.736654281616211,27.098886489868164,128.43660747783736
2025-03-21,32.04570770263672,51.301780700683594,28.259998321533203,11.026861190795898,45.44504165649414,31.05291748046875,12.858399391174316,27.21399688720703,128.50407651211157
2025-03-24,32.00216293334961,51.03388977050781,28.286365509033203,11.141356468200684,45.05565643310547,30.19910430908203,12.680462837219238,27.204402923583984,128.57158098854413
2025-03-25,32.25469970703125,51.20355224609375,28.514907836914062,11.326312065124512,44.71317672729492,30.848745346069336,12.736654281616211,27.309919357299805,128.63912092575322
2025-03-26,32.55947494506836,51.51609420776367,28.207256317138672,11.51126766204834,44.475337982177734,32.31508255004883,12.530618667602539,27.636064529418945,128.70669634236674
2025-03-27,32.803306579589844,51.92687225341797,28.242414474487305,11.467231750488281,44.13285446166992,32.678436279296875,12.605541229248047,27.52095603942871,128.77430725702234
2025-03-28,32.59431076049805,51.40000915527344,27.855653762817383,11.308694839477539,43.6191291809082,32.424522399902344,12.577445983886719,27.472993850708008,128.84195368836754
2025-03-31,32.359195709228516,50.632049560546875,27.60953712463379,11.158975601196289,43.07686233520508,31.587583541870117,12.643001556396484,27.04132843017578,128.90963565505956
2025-04-01,32.481109619140625,51.069610595703125,27.61626625061035,11.174607276916504,43.143455505371094,33.007564544677734,12.746018409729004,27.175626754760742,128.97735317576553
2025-04-02,32.3940315246582,50.837432861328125,27.62506103515625,11.200601577758789,42.715354919433594,34.2770881652832,12.802209854125977,27.19481086730957,129.0451062691623
2025-04-03,31.34906005859375,48.99789047241211,28.117576599121094,11.416170120239258,42.116004943847656,35.01999282836914,12.970783233642578,27.348291397094727,129.11289495393657
2025-04-04,30.086387634277344,47.042259216308594,27.38759422302246,11.290421485900879,41.592769622802734,33.94795608520508,12.83967113494873,26.83988380432129,129.18071924878484
2025-04-07,28.893383026123047,46.47968292236328,27.440366744995117,11.101797103881836,41.85913848876953,33.67524337768555,12.343316078186035,26.552108764648438,129.2485791724134
2025-04-08,27.865829467773438,43.934688568115234,27.449159622192383,10.796407699584961,41.85913848876953,33.57179641723633,12.399506568908691,26.504148483276367,129.31647474353846
2025-04-09,28.997880935668945,46.30108642578125,27.950469970703125,11.200601577758789,43.200538635253906,34.76609420776367,12.802209854125977,26.619258880615234,129.384405980886
2025-04-10,27.195310592651367,47.131561279296875,27.836132049560547,11.182638168334961,42.7248649597168,35.17046356201172,12.736654281616211,26.437002182006836,129.45237290319182
2025-04-11,27.73520851135254,47.917381286621094,27.976858139038086,11.335331916809082,42.92464828491211,36.27070999145508,12.62427043914795,26.667221069335938,129.52037552920157
2025-04-14,27.630712509155273,48.5424690246582,28.434192657470703,11.434133529663086,43.5905876159668,36.91957473754883,12.811575889587402,26.92622184753418,129.5884138776708
2025-04-15,26.99502182006836,48.05133056640625,28.7947940826416,11.443115234375,43.5905876159668,37.051231384277344,12.79284381866455,26.638442993164062,129.65648796736488
2025-04-16,26.99502182006836,46.93510818481445,28.75081443786621,11.425151824951172,43.609622955322266,36.439979553222656,13.008244514465332,26.523334503173828,129.72459781705902
2025-04-17,27.528759002685547,47.22085952758789,28.803585052490234,11.479043960571289,43.71426010131836,37.85055923461914,13.111260414123535,26.312301635742188,129.7927434455383
2025-04-22,27.591222763061523,48.06026077270508,29.366466522216797,11.434133529663086,43.99015426635742,36.81613540649414,13.12999153137207,26.64803695678711,129.8609248715977
2025-04-23,27.278902053833008,48.63176727294922,29.982112884521484,11.81137752532959,44.01869201660156,37.95399856567383,13.158086776733398,26.897443771362305,129.92914211404198
2025-04-24,27.153976440429688,49.390804290771484,30.56258773803711,12.00000286102295,46.22581100463867,39.120079040527344,13.251738548278809,26.571298599243164,129.9973951916859
2025-04-25,27.234285354614258,48.08705139160156,30.4482479095459,12.017966270446777,47.46255111694336,40.25794982910156,13.195548057556152,26.868663787841797,130.06568412335406
2025-04-28,27.127206802368164,48.256717681884766,30.77366065979004,11.991023063659668,47.87163162231445,40.49304962158203,13.392216682434082,27.19481086730957,130.1340089278809
2025-04-29,27.269981384277344,48.07811737060547,31.019922256469727,12.125751495361328,48.01433563232422,40.605892181396484,13.588885307312012,27.33869743347168,130.20236962411082
2025-04-30,26.76134490966797,47.202999114990234,31.292572021484375,12.33233642578125,42.4680061340332,40.39900207519531,13.645076751708984,27.751176834106445,130.27076623089803
2025-05-02,27.493064880371094,47.14942169189453,31.211313247680664,12.071858406066895,42.25870132446289,40.530662536621094,13.22364330291748,27.722402572631836,130.3391987671068
2025-05-05,26.46687126159668,47.29229736328125,30.65694808959961,11.962968826293945,40.46065902709961,40.49304962158203,13.167452812194824,27.933435440063477,130.40766725161114
2025-05-06,26.90411949157715,47.3280143737793,30.49855613708496,11.909003257751465,40.8602294921875,39.496238708496094,13.307929992675781,27.722402572631836,130.47617170329508
2025-05-07,27.029050827026367,47.23871612548828,30.83293342590332,11.729106903076172,39.90888595581055,39.580867767333984,13.364121437072754,28.115692138671875,130.54471214105254
2025-05-08,27.403831481933594,47.09584426879883,31.079320907592773,13.564027786254883,40.15623092651367,41.28297424316406,13.457773208618164,28.211620330810547,130.615553534543
2025-05-09,27.582300186157227,47.28336715698242,32.75999450683594,13.600006103515625,39.75667190551758,38.55584716796875,13.373486518859863,28.32672691345215,130.6864333708241
2025-05-12,28.242633819580078,48.47102737426758,32.10004806518555,13.402122497558594,40.593849182128906,39.02604293823242,13.382851600646973,27.885473251342773,130.75735167075712
2025-05-13,28.67095947265625,49.265785217285156,32.49600601196289,13.689955711364746,41.85913848876953,39.25173568725586,13.345389366149902,28.45142936706543,130.82830845521477
2025-05-14,28.474639892578125,49.02467727661133,32.715999603271484,13.67196273803711,41.92573547363281,37.342750549316406,13.32666015625,28.5473575592041,130.89930374508108
2025-05-15,28.438949584960938,49.51581954956055,33.155975341796875,13.806886672973633,42.020870208740234,38.32075119018555,13.495232582092285,28.202024459838867,130.97033756125137
2025-05-16,28.572799682617188,49.55154037475586,33.349552154541016,13.851858139038086,42.810482025146484,39.34577178955078,13.597284317016602,24.624013900756836,131.04140992463238
2025-05-19,28.537105560302734,49.4175910949707,33.74551773071289,13.977783203125,42.38237762451172,39.59027099609375,13.531140327453613,24.019683837890625,131.11252085614208
2025-05-20,28.65311050415039,49.42652130126953,33.7015266418457,14.112704277038574,42.36335372924805,39.21412658691406,13.502792358398438,24.46094512939453,131.18367037670987
2025-05-21,28.331865310668945,48.79250717163086,33.02397155761719,13.860854148864746,41.33590316772461,37.95399856567383,13.379953384399414,24.23072052001953,131.2548585072765
2025-05-22,27.957082748413086,48.42638397216797,32.795196533203125,13.896834373474121,41.545196533203125,38.1420783996582,13.323259353637695,24.02927589416504,131.3260852687941
2025-05-23,28.019548416137695,48.506752014160156,33.191162109375,14.067733764648438,41.5642204284668,38.1702880859375,13.455546379089355,23.424945831298828,131.39735068222603
2025-05-26,27.930313110351562,48.22992706298828,33.26155471801758,14.139690399169922,41.60227966308594,38.41478729248047,13.474445343017578,23.664762496948242,131.46865476854725
2025-05-27,28.13555335998535,48.07811737060547,33.52553939819336,14.427522659301758,42.420433044433594,40.10749053955078,13.417750358581543,23.568836212158203,131.53999754874394
2025-05-28,28.04631805419922,47.69413757324219,33.25276565551758,14.526461601257324,42.48703384399414,40.737545013427734,13.323259353637695,23.09880256652832,131.61137904381374
2025-05-29,27.876773834228516,47.7298583984375,32.9887809753418,14.463500022888184,41.87816619873047,40.85039138793945,13.285463333129883,22.73428726196289,131.68279927476567
2025-05-30,27.573375701904297,46.52433395385742,32.93598175048828,14.571436882019043,40.28942108154297,40.39900207519531,13.257115364074707,22.465694427490234,131.75425826262014
2025-06-02,27.733999252319336,46.93510818481445,32.705020904541016,14.607416152954102,39.813751220703125,40.72814178466797,13.143725395202637,22.33139991760254,131.8257560284089
2025-06-03,27.74242401123047,46.90830993652344,32.5993766784668,14.858609199523926,39.671051025390625,40.549468994140625,13.2382173538208,22.453245162963867,131.89729259317528
2025-06-04,26.979463577270508,47.12262725830078,32.52014923095703,14.813584327697754,41.06001281738281,41.09489059448242,13.304360389709473,21.837688446044922,131.9688679779739
2025-06-05,26.98865509033203,47.24764633178711,32.12398147583008,14.38133430480957,40.47018051147461,41.56509017944336,13.105929374694824,21.730207443237305,132.04048220387082
2025-06-06,27.273616790771484,47.310157775878906,32.203216552734375,14.372328758239746,40.498722076416016,41.188934326171875,13.304360389709473,21.212358474731445,132.11213529194356
2025-06-09,26.81399917602539,47.58698272705078,32.03594970703125,14.264265060424805,40.75558090209961,41.05727767944336,13.190971374511719,21.23189926147461,132.1838272632811
2025-06-10,27.622922897338867,47.90845489501953,31.986286163330078,14.255260467529297,40.24184799194336,41.36760711669922,13.039786338806152,21.046255111694336,132.2555581389838
2025-06-11,28.54215431213379,47.48875427246094,32.27948760986328,14.696514129638672,40.23234176635742,41.37700653076172,13.143725395202637,20.909461975097656,132.3273279401635
2025-06-12,29.185617446899414,47.17620849609375,32.52827835083008,14.84060001373291,40.203800201416016,41.80958557128906,13.039786338806152,20.929006576538086,132.39913668794352
2025-06-13,29.902618408203125,46.55112075805664,32.1373291015625,14.669500350952148,40.32747268676758,41.395816802978516,12.888599395751953,21.095108032226562,132.4709844034586
2025-06-16,29.60846519470215,48.069190979003906,32.723751068115234,14.984683990478516,40.47018051147461,42.30799102783203,12.926396369934082,21.476167678833008,132.54287110785498
2025-06-17,30.279502868652344,45.90817642211914,32.919219970703125,15.20981216430664,39.39516067504883,41.94123840332031,12.727964401245117,21.398000717163086,132.61479682229037
2025-06-18,30.251930236816406,45.75636672973633,32.723751068115234,15.092747688293457,39.823265075683594,42.20454788208008,12.746862411499023,21.3100643157959,132.68676156793398
2025-06-20,30.16919708251953,44.577632904052734,32.554935455322266,14.966673851013184,39.61397171020508,40.68111801147461,12.784659385681152,20.860610961914062,132.759913106454
2025-06-23,29.415428161621094,45.14020919799805,32.48385238647461,14.849603652954102,39.66551208496094,39.88179397583008,12.813006401062012,20.606571197509766,132.83310497414874
2025-06-24,28.836313247680664,45.131282806396484,33.0969123840332,14.894628524780273,39.5129508972168,40.91621780395508,12.765761375427246,20.94854736328125,132.90633719325206
2025-06-25,28.689231872558594,45.077701568603516,32.50162887573242,14.768559455871582,39.875282287597656,40.57768249511719,12.425592422485352,20.77267074584961,132.97960978601006
2025-06-26,28.91904067993164,46.43503189086914,32.26171875,14.903635025024414,41.06715393066406,37.62486267089844,12.586227416992188,21.10487937927246,133.05292277468118
2025-06-27,28.689231872558594,47.21192932128906,32.226173400878906,14.921647071838379,40.38063430786133,38.13267517089844,12.425592422485352,21.23189926147461,133.12627618153613
2025-06-30,28.845502853393555,47.01547622680664,32.83036804199219,15.15578556060791,40.7906379699707,38.586143493652344,12.586227416992188,21.58364486694336,133.19967002885778
2025-07-01,28.946617126464844,47.64949035644531,32.97939682006836,15.290210723876953,40.523658752441406,38.69089126586914,12.642922401428223,21.407772064208984,133.2731043389414
2025-07-02,29.461387634277344,49.38187026977539,32.71271896362305,15.013924598693848,40.45691680908203,36.46257019042969,12.898048400878906,21.48594093322754,133.3465791340945
2025-07-03,29.562503814697266,49.14970016479492,33.521644592285156,15.371837615966797,40.72389602661133,37.37675094604492,12.73741340637207,21.78883171081543,133.42009443663693
2025-07-04,29.525733947753906,49.29257583618164,33.539424896240234,15.298418045043945,41.00041198730469,37.310096740722656,12.7752103805542,21.915851593017578,133.4936502689008
2025-07-07,29.470582962036133,48.56925964355469,33.094966888427734,15.151580810546875,40.361568450927734,36.843475341796875,12.661820411682129,21.554332733154297,133.56724665323057
2025-07-08,29.893428802490234,48.73892593383789,33.014949798583984,15.188289642333984,38.72154998779297,36.45304489135742,12.642922401428223,21.495708465576172,133.64088361198296
2025-07-09,29.709579467773438,48.256717681884766,32.330482482910156,15.013924598693848,38.24480056762695,35.54838943481445,12.57677936553955,20.958316802978516,133.71456116752708
2025-07-10,29.636045455932617,49.364013671875,31.334871292114258,14.812024116516113,38.04457092285156,36.42448043823242,12.501185417175293,20.72381591796875,133.78827934224438
2025-07-11,29.99454689025879,50.006961822509766,31.077083587646484,14.729429244995117,37.90153884887695,34.91036605834961,12.59567642211914,20.655424118041992,133.86203815852855
2025-07-14,29.599273681640625,49.43545150756836,31.02374839782715,14.784493446350098,37.69176483154297,34.71990966796875,12.557881355285645,20.205968856811523,133.93583763878573
2025-07-15,29.36946678161621,48.140628814697266,31.13041877746582,14.775315284729004,37.825260162353516,35.148433685302734,12.538983345031738,20.42092514038086,134.0096778054344
2025-07-16,29.222389221191406,48.57819366455078,31.281539916992188,14.738607406616211,39.20783233642578,35.234134674072266,12.926396369934082,20.401382446289062,134.0835586809053
2025-07-17,28.928232192993164,48.4888916015625,31.752662658691406,14.711075782775879,40.132728576660156,35.57695770263672,12.71851634979248,20.264591217041016,134.1574802876417
2025-07-18,28.487003326416016,48.7210693359375,31.174861907958984,14.380698204040527,40.39970779418945,34.091407775878906,12.586227416992188,19.795595169067383,134.23144264809906
2025-07-21,28.54215431213379,50.05160903930664,31.539329528808594,14.389874458312988,40.01830291748047,34.110450744628906,12.680719375610352,19.40476417541504,134.30544578474542
2025-07-22,28.81792640686035,51.346435546875,31.112640380859375,14.343988418579102,39.39853286743164,34.091407775878906,12.661820411682129,19.43407440185547,134.37948972006103
2025-07-23,29.406234741210938,51.274993896484375,31.459321975708008,14.573417663574219,36.242454528808594,34.500885009765625,12.841354370117188,19.74673843383789,134.45357447653862
2025-07-24,29.360273361206055,50.48023986816406,31.165971755981445,14.389874458312988,34.545230865478516,34.2532958984375,12.756312370300293,19.60995101928711,134.5277000766833
2025-07-25,29.39704132080078,49.73906326293945,31.29931640625,14.27974796295166,34.488014221191406,34.453269958496094,12.727964401245117,19.77605438232422,134.6018665430126
2025-07-28,29.43381118774414,49.25685501098633,30.641504287719727,14.169618606567383,35.18878173828125,33.49147033691406,12.340551376342773,19.482929229736328,134.67607389805642
2025-07-29,29.819889068603516,48.95323944091797,30.819292068481445,14.142087936401367,35.04507064819336,33.77716064453125,12.46338939666748,19.49270248413086,134.7503221643572
2025-07-30,30.12323570251465,48.07811737060547,31.174861907958984,14.371521949768066,35.303741455078125,33.89142990112305,12.425592422485352,19.44384765625,134.8246113644696
2025-07-31,30.003734588623047,47.73878479003906,31.25486946105957,14.252214431762695,35.55282974243164,32.97725296020508,11.773603439331055,19.248432159423828,134.898941520961
2025-08-01,29.60846519470215,47.99774932861328,31.06600570678711,14.27974796295166,35.619895935058594,32.72965621948242,11.612968444824219,17.92937469482422,134.9733126564109
2025-08-04,29.562503814697266,48.38173294067383,31.395078659057617,14.389039039611816,35.51451110839844,32.720130920410156,11.726358413696289,18.290895462036133,135.0477247934115
2025-08-05,29.700389862060547,48.3192253112793,31.74193572998047,14.416601181030273,35.57199478149414,32.93915557861328,11.67911148071289,18.193187713623047,135.12217795456738
2025-08-06,29.73715591430664,48.0156135559082,32.14216232299805,14.398226737976074,36.55876922607422,33.71050262451172,11.792501449584961,18.271352767944336,135.1966721624955
2025-08-07,29.902618408203125,48.36387634277344,32.71135330200195,14.50848388671875,37.363525390625,33.94856643676758,11.849196434020996,18.476539611816406,135.27120743982545
2025-08-08,28.064157485961914,49.46223831176758,32.93369674682617,14.664687156677246,36.50128936767578,33.71050262451172,11.68856143951416,18.49608039855957,135.3457838091991
2025-08-11,28.23880958557129,49.40866470336914,33.13826370239258,14.609557151794434,35.65821838378906,32.92964172363281,11.631867408752441,18.662185668945312,135.42040129327097
2025-08-12,28.312349319458008,49.92659378051758,33.823089599609375,14.949527740478516,35.07381820678711,32.77726745605469,11.556273460388184,18.79897689819336,135.49505991470798
2025-08-13,28.100923538208008,49.996273040771484,33.502906799316406,14.820889472961426,35.08339309692383,33.13913345336914,11.452333450317383,18.838058471679688,135.56975969618955
2025-08-14,27.74242401123047,49.37697982788086,33.45843505859375,14.710628509521484,34.95884704589844,32.75822067260742,11.357842445373535,19.39499282836914,135.6445006604077
2025-08-15,27.733232498168945,49.284549713134766,33.34281921386719,14.729007720947266,34.460670471191406,32.586814880371094,11.376740455627441,20.176654815673828,135.7192828300668
2025-08-18,27.907888412475586,49.17362976074219,33.58295440673828,15.023035049438477,34.882205963134766,33.21531677246094,11.4050874710083,20.587024688720703,135.79410622788384
2025-08-19,27.613731384277344,49.21060562133789,32.60715866088867,14.50848388671875,34.1061897277832,32.186859130859375,11.4050874710083,19.34613800048828,135.86897087658832
2025-08-20,27.77919578552246,48.988765716552734,32.6251220703125,14.554429054260254,34.55646896362305,31.653587341308594,11.433435440063477,19.40476417541504,135.94387679892233
2025-08-21,27.84354019165039,49.40471267700195,32.66104507446289,14.50848388671875,34.40318298339844,31.139358520507812,11.395639419555664,19.23866081237793,136.01882401764036
2025-08-22,28.644418716430664,50.64329528808594,33.5770263671875,14.986282348632812,35.92646408081055,32.96772384643555,11.537375450134277,20.030094146728516,136.09381255550954
2025-08-25,28.813636779785156,50.76345443725586,33.406402587890625,15.023035049438477,36.14681625366211,32.96772384643555,11.452333450317383,19.590408325195312,136.16884243530953
2025-08-26,28.60681915283203,51.216373443603516,33.18189239501953,14.986282348632812,36.012691497802734,32.77726745605469,11.509028434753418,19.912841796875,136.24391367983256
2025-08-27,28.82303810119629,51.18864059448242,33.738670349121094,15.09654712677002,36.156402587890625,33.32958984375,11.480680465698242,20.157114028930664,136.3190263118834
2025-08-28,29.076862335205078,51.20712661743164,34.439125061035156,15.427325248718262,36.23303985595703,33.986656188964844,11.575172424316406,20.56748390197754,136.39418035427943
2025-08-29,29.236677169799805,51.355018615722656,34.56484603881836,15.464080810546875,36.07975387573242,34.12949752807617,11.669663429260254,20.89969253540039,136.46937582985055
2025-09-01,29.302480697631836,51.391990661621094,34.841251373291016,15.363006591796875,36.22346115112305,34.3294792175293,11.622417449951172,20.606571197509766,136.5446127614393
2025-09-02,29.45289421081543,51.19788360595703,34.2482795715332,15.187253952026367,36.09891891479492,34.281864166259766,11.490130424499512,19.951927185058594,136.61989117190083
2025-09-03,29.19906997680664,51.391990661621094,33.95180892944336,15.178054809570312,36.26177978515625,34.62468338012695,11.244452476501465,19.815135955810547,136.69521108410282
2025-09-04,29.19906997680664,51.4936637878418,34.08656311035156,15.481619834899902,35.686954498291016,35.234134674072266,11.490130424499512,19.951927185058594,136.7705725209256
2025-09-05,28.757230758666992,51.96506881713867,34.46390914916992,15.858773231506348,36.26177978515625,36.281639099121094,11.575172424316406,20.665191650390625,136.84597550526215
2025-09-08,28.870040893554688,52.0944709777832,34.30218505859375,15.775980949401855,35.868980407714844,35.624568939208984,11.471232414245605,20.46977996826172,136.92142006001797
2025-09-09,29.09566307067871,51.93733596801758,34.005706787109375,15.62879753112793,35.42828369140625,35.48172378540039,11.650765419006348,20.909461975097656,136.99690620811126
2025-09-10,29.622112274169922,52.297821044921875,34.03266525268555,15.518415451049805,35.7156982421875,35.55791091918945,11.67911148071289,21.5445613861084,137.07243397247285
2025-09-11,29.50929832458496,52.70452117919922,34.09555435180664,15.66559886932373,35.284584045410156,36.843475341796875,11.83029842376709,21.71066665649414,137.14800337604623
2025-09-12,29.31188201904297,52.68603515625,33.58343505859375,15.481619834899902,35.3995475769043,36.0626106262207,11.886993408203125,21.798603057861328,137.2236144417875
2025-09-15,29.565706253051758,53.148189544677734,34.140472412109375,15.66559886932373,34.97800827026367,36.46257019042969,11.93423843383789,21.368688583374023,137.2992671926654
2025-09-16,29.640913009643555,53.33305358886719,34.050628662109375,15.62879753112793,35.22709655761719,37.233909606933594,12.009831428527832,21.43708610534668,137.3749616516614
2025-09-17,29.819528579711914,53.42548751831055,34.5357780456543,16.171527862548828,35.16961669921875,38.18618392944336,12.085424423217773,21.368688583374023,137.4506978417696
2025-09-18,29.528100967407227,53.32381057739258,34.580711364746094,16.005950927734375,35.18878173828125,37.99573516845703,11.83029842376709,21.59341812133789,137.52647578599675
2025-09-19,29.19906997680664,53.53640365600586,35.03890609741211,16.291114807128906,34.8247184753418,37.75766372680664,11.85864543914795,21.124420166015625,137.60229550736233
2025-09-22,29.490501403808594,53.6103515625,34.5357780456543,16.318710327148438,35.55282974243164,37.262481689453125,11.67911148071289,21.01694107055664,137.6781570288985
2025-09-23,29.98874282836914,53.30532455444336,35.083831787109375,16.419898986816406,35.160037994384766,38.652801513671875,11.773603439331055,21.62272834777832,137.75406037365013
2025-09-24,30.665603637695312,53.50867462158203,34.85023498535156,16.291114807128906,35.342063903808594,38.614707946777344,11.698010444641113,21.603187561035156,137.83000556467474
2025-09-25,30.421184539794922,53.8044548034668,34.57172775268555,16.162330627441406,34.8247184753418,38.32902526855469,11.773603439331055,21.290525436401367,137.9059926250426
2025-09-26,30.31777572631836,52.769222259521484,34.74241638183594,16.245121002197266,34.79597854614258,38.662174224853516,11.773603439331055,21.603187561035156,137.98202157783672
2025-09-29,29.904136657714844,52.94483947753906,34.9400749206543,16.41069984436035,34.94995880126953,38.642879486083984,11.726358413696289,21.612960815429688,138.0580924461528
2025-09-30,29.575105667114258,53.222137451171875,35.1017951965332,16.547883987426758,35.16136932373047,38.05445861816406,11.423985481262207,21.58364486694336,138.1342052530993
2025-10-01,29.49989891052246,53.896888732910156,34.47049331665039,16.267250061035156,34.392608642578125,38.565711975097656,11.329495429992676,21.427316665649414,138.2103600217974
2025-10-02,29.21787452697754,54.25736999511719,34.092987060546875,16.004051208496094,34.719337463378906,37.40816116333008,11.27280044555664,21.261213302612305,138.28655677538103
2025-10-03,29.14266586303711,54.155696868896484,34.34465789794922,16.013416290283203,34.97878646850586,37.62038040161133,11.216105461120605,21.085338592529297,138.36279553699688
2025-10-06,28.87944221496582,55.080013275146484,33.94916915893555,15.919772148132324,34.286903381347656,36.86797332763672,11.1972074508667,20.919233322143555,138.43907632980438
2025-10-07,28.982851028442383,54.303585052490234,33.40985870361328,15.657562255859375,34.33494567871094,35.507850646972656,11.064919471740723,20.72381591796875,138.5153991769758
2025-10-08,28.813636779785156,54.71953201293945,33.472782135009766,15.91040325164795,34.113929748535156,35.469268798828125,11.225554466247559,20.63588523864746,138.59176410169607
2025-10-09,28.399995803833008,54.63634490966797,33.41884994506836,15.9946870803833,35.74755096435547,35.4113883972168,11.074369430541992,20.70427703857422,138.668171127163
2025-10-10,28.146177291870117,54.41450500488281,33.38289260864258,15.779303550720215,35.25746536254883,34.53357696533203,11.159411430358887,20.137571334838867,138.7446202765871
2025-10-13,28.418800354003906,55.227901458740234,33.517723083496094,15.844852447509766,36.36256790161133,34.861549377441406,11.206655502319336,20.401382446289062,138.8211115731918
2025-10-14,28.22138214111328,55.227901458740234,33.661537170410156,16.069604873657227,35.87247848510742,34.60110092163086,11.386189460754395,20.225509643554688,138.89764504021323
2025-10-15,27.967559814453125,56.2538948059082,33.661537170410156,16.256895065307617,35.95896530151367,35.48855972290039,11.329495429992676,19.854219436645508,138.9742207009004
2025-10-16,27.68553352355957,55.73627853393555,33.58064270019531,16.444185256958008,36.92953109741211,34.822967529296875,11.480680465698242,19.903074264526367,139.050838578515
2025-10-17,27.94875717163086,55.57914352416992,33.69749069213867,16.556562423706055,38.58237838745117,35.30527877807617,11.68856143951416,20.42092514038086,139.1274986963317
2025-10-20,27.967559814453125,56.290870666503906,34.299705505371094,16.865591049194336,37.99618911743164,35.662193298339844,11.67911148071289,20.293903350830078,139.204201077638
2025-10-21,27.741939544677734,56.19843292236328,33.97613525390625,16.64084243774414,38.12111282348633,36.02874755859375,11.546825408935547,20.069177627563477,139.28094574573413
2025-10-22,28.061567306518555,57.19669723510742,34.2547721862793,16.65957260131836,38.45745086669922,36.453182220458984,11.4050874710083,20.21573829650879,139.35773272393322
2025-10-23,28.381196975708008,57.085777282714844,34.227813720703125,16.837493896484375,39.82200622558594,36.84868240356445,11.452333450317383,20.176654815673828,139.43456203556127
2025-10-24,28.052167892456055,57.058048248291016,34.18286895751953,16.93114471435547,39.75474166870117,37.37922286987305,11.442883491516113,20.049636840820312,139.5114337039571
2025-10-27,28.202579498291016,56.99334716796875,34.47049331665039,17.071609497070312,40.04302215576172,37.92905807495117,11.480680465698242,20.372068405151367,139.58834775247243
2025-10-28,28.193180084228516,57.49247741699219,34.58734893798828,17.080974578857422,40.66764831542969,37.78436279296875,11.367291450500488,20.47954750061035,139.66530420447185
2025-10-29,28.22138214111328,58.536956787109375,35.360347747802734,17.63348388671875,40.4081916809082,38.36314010620117,11.367291450500488,20.73358917236328,139.74230308333284
2025-10-30,28.09916877746582,58.980628967285156,35.31540298461914,16.949871063232422,39.83161544799805,37.851890563964844,11.896442413330078,21.134191513061523,139.81934441244573
2025-10-31,27.967559814453125,60.32088851928711,35.45022964477539,17.006061553955078,40.45623016357422,38.0448112487793,12.009831428527832,21.398000717163086,139.89642821521375
2025-11-03,28.29659080505371,60.404075622558594,36.04161834716797,17.19335174560547,41.128910064697266,38.24738693237305,12.198813438415527,21.57387351989746,139.97355451505308
2025-11-04,28.437602996826172,59.72932815551758,35.9337043762207,17.248605728149414,41.08085632324219,39.45317077636719,12.435041427612305,21.759521484375,140.0507233353928
2025-11-05,29.00165367126465,60.75532150268555,36.086578369140625,17.614200592041016,41.811180114746094,40.099464416503906,12.453940391540527,22.09173011779785,140.12793469967482
2025-11-06,29.152069091796875,60.542720794677734,36.086578369140625,17.53920555114746,42.1955680847168,39.69432830810547,12.35944938659668,22.33599853515625,140.20518863135413
2025-11-07,30.25196647644043,59.87721252441406,36.1225471496582,17.557954788208008,43.24300765991211,39.44352340698242,12.397244453430176,22.36530876159668,140.2824851538985
2025-11-10,30.421184539794922,60.2746696472168,36.36534118652344,17.886051177978516,43.59856033325195,40.58177947998047,12.453940391540527,22.25783348083496,140.3598242907887
2025-11-11,31.210857391357422,60.11753845214844,37.06675720214844,18.270397186279297,44.232791900634766,41.720035552978516,12.841354370117188,22.9320125579834,140.43720606551847
2025-11-12,30.411779403686523,60.78304672241211,36.221466064453125,18.223527908325195,43.13730239868164,41.53675842285156,12.869701385498047,22.277372360229492,140.51463050159444
2025-11-13,30.54339599609375,60.69985580444336,36.36534118652344,18.261022567749023,43.07003402709961,40.55284118652344,12.879151344299316,21.984249114990234,140.5920976225363
2025-11-14,30.740812301635742,60.33012771606445,36.509220123291016,18.251649856567383,42.704872131347656,42.49173355102539,12.935845375061035,21.92562484741211,140.6696074518766
2025-11-17,30.9100284576416,60.28391647338867,36.23944854736328,18.111034393310547,42.25322341918945,41.64286804199219,13.001989364624023,21.984249114990234,140.7471600131609
2025-11-18,31.013439178466797,60.09904861450195,36.059600830078125,17.895429611206055,41.743919372558594,41.478878021240234,12.9830904006958,21.378459930419922,140.82475532994775
2025-11-19,30.853622436523438,60.03434753417969,35.83478546142578,17.717317581176758,41.945716857910156,41.23772048950195,12.671269416809082,21.085338592529297,140.90239342580873
2025-11-21,30.618600845336914,60.228458404541016,35.94269561767578,17.614200592041016,41.532508850097656,40.55284118652344,12.869701385498047,21.495708465576172,140.9800743243283
2025-11-24,30.59040069580078,60.16374969482422,35.80781173706055,17.62357521057129,41.50367736816406,41.4499397277832,13.011438369750977,21.339378356933594,141.05779804910406
2025-11-25,30.345975875854492,60.635154724121094,35.88874435424805,17.764188766479492,41.282657623291016,41.9708366394043,12.9830904006958,21.466398239135742,141.13556462374652
2025-11-26,30.298973083496094,61.540985107421875,36.73402786254883,18.298521041870117,42.66644287109375,43.17662048339844,12.916947364807129,21.71066665649414,141.21337407187926
2025-11-27,30.458789825439453,61.309906005859375,36.608131408691406,18.261022567749023,42.330101013183594,43.118743896484375,12.964193344116211,21.652042388916016,141.29122641713886
2025-11-28,29.88533592224121,62.29892349243164,37.444427490234375,18.42038345336914,42.52228927612305,43.649288177490234,13.096480369567871,21.95493507385254,141.3691216831749
2025-12-01,29.941740036010742,62.77956771850586,37.15444564819336,18.139162063598633,43.415977478027344,43.79397964477539,13.2382173538208,21.74974822998047,141.44705989365008
2025-12-02,30.148557662963867,63.29719161987305,37.982093811035156,18.33521842956543,43.829193115234375,45.867923736572266,13.228767395019531,22.114330291748047,141.52504107224004
2025-12-03,30.37417984008789,65.33992767333984,37.982093811035156,17.828508377075195,43.29105758666992,45.549598693847656,13.370505332946777,21.9825439453125,141.6030652426336
2025-12-04,30.571598052978516,66.47683715820312,38.91770935058594,18.081867218017578,44.167606353759766,47.84540557861328,13.181522369384766,22.36562156677246,141.68113242853252
2025-12-05,29.490501403808594,64.90550231933594,37.11846160888672,17.002771377563477,45.33246994018555,44.305233001708984,12.860252380371094,20.784212112426758,141.7592426536517
2025-12-08,29.763124465942383,64.46182250976562,37.29837417602539,17.124752044677734,46.37113571166992,44.39204788208008,12.869701385498047,21.216398239135742,141.8373959417191
2025-12-09,29.951139450073242,64.49879455566406,37.21741485595703,16.899551391601562,46.26435852050781,43.40813064575195,12.888599395751953,21.10835075378418,141.91559231647574
2025-12-10,30.026348114013672,65.68191528320312,37.51032638549805,17.199819564819336,47.05064010620117,44.36311340332031,12.85080337524414,21.216398239135742,141.99383180167575
2025-12-11,29.528100967407227,66.55078125,37.481788635253906,17.39687728881836,47.1282958984375,45.09622573852539,13.02088737487793,21.186931610107422,142.07211442108633
2025-12-12,29.697317123413086,66.73731231689453,37.81465530395508,17.50947380065918,48.06989288330078,45.8100471496582,13.26656436920166,21.31462287902832,142.15044019848784
2025-12-15,29.80072784423828,67.1458511352539,38.38530731201172,17.753442764282227,48.22520446777344,46.07049560546875,13.493343353271484,21.619115829467773,142.22880915767368
2025-12-16,28.898242950439453,67.39875793457031,37.39619064331055,17.265504837036133,48.47758865356445,43.69751739501953,13.379953384399414,21.324443817138672,142.3072213224504
2025-12-17,29.21787452697754,68.25473022460938,37.06331253051758,17.124752044677734,48.3416862487793,42.067298889160156,13.247666358947754,21.167285919189453,142.3856767166377
2025-12-18,29.04865837097168,68.42981719970703,37.2535285949707,17.199819564819336,48.53583526611328,42.28740692138672,13.153175354003906,21.206575393676758,142.46417536406838
2025-12-19,29.152069091796875,68.91617584228516,37.59592056274414,17.359342575073242,48.264034271240234,42.7364387512207,13.243124961853027,21.059240341186523,142.54271728858834
2025-12-22,29.236677169799805,70.92967224121094,37.672000885009766,17.11536979675293,47.44621276855469,42.3947868347168,13.083568572998047,20.921724319458008,142.6213025140567
2025-12-23,29.393901824951172,70.91022491455078,38.290199279785156,17.27488899230957,48.06343078613281,43.82974624633789,13.432597160339355,21.36373519897461,142.69993106434575
2025-12-26,29.490880966186523,71.12422180175781,38.30256271362305,17.265504837036133,48.53132247924805,43.819984436035156,13.681903839111328,21.461957931518555,142.77860296334083
2025-12-29,29.80120849609375,70.1515121459961,38.18501281738281,17.349956512451172,48.49150085449219,43.9078369140625,13.831486701965332,21.334266662597656,142.85731823494058
2025-12-30,29.88848876953125,69.99588012695312,38.42991638183594,17.43203353881836,48.292396545410156,42.53144454956055,13.821514129638672,21.53071403503418,142.9360769030567
2026-01-02,29.78181266784668,70.40441131591797,38.369327545166016,17.46078109741211,48.033565521240234,42.404544830322266,13.612096786499023,21.29497718811035,143.01487899161413
2026-01-05,29.287227630615234,71.12422180175781,38.92795944213867,18.198448181152344,47.86432647705078,42.6973991394043,13.671931266784668,21.491424560546875,143.093724524551
2026-01-06,28.744152069091797,73.79915618896484,39.16317367553711,18.303974151611328,47.953922271728516,43.26356887817383,13.661958694458008,21.727163314819336,143.17261352581866
2026-01-07,28.928409576416016,74.23686981201172,38.53593826293945,18.0737361907959,47.48603057861328,42.91215133666992,13.661958694458008,21.31462287902832,143.25154601938158
2026-01-08,29.287227630615234,73.51707458496094,39.1337776184082,17.766754150390625,45.50495910644531,42.53144454956055,13.60212516784668,21.432491302490234,143.33052202921752
2026-01-09,29.38420295715332,72.68054962158203,39.055362701416016,17.78594207763672,45.89320755004883,42.18002700805664,13.86140251159668,21.47178077697754,143.40954157931748
2026-01-12,29.442392349243164,72.69999694824219,38.702545166015625,17.65163230895996,46.5402946472168,41.877418518066406,13.86140251159668,21.481605529785156,143.48860469368557
2026-01-13,30.198816299438477,73.29335021972656,38.38893127441406,17.45017433166504,46.19186782836914,40.87196731567383,13.87137508392334,20.823503494262695,143.5677113963393
2026-01-14,31.02312660217285,76.76590728759766,38.81035232543945,17.766754150390625,46.79912567138672,40.920772552490234,14.16057014465332,21.118173599243164,143.6468617113092
2026-01-15,30.829172134399414,76.69781494140625,39.14356994628906,18.131296157836914,46.23168182373047,40.979347229003906,14.001014709472656,21.07888412475586,143.72605566263928
2026-01-16,31.07161521911621,76.72699737548828,38.820152282714844,18.14089012145996,46.112220764160156,39.7298583984375,14.060848236083984,20.990482330322266,143.80529327438666
2026-01-19,31.197683334350586,76.42546081542969,38.761348724365234,18.131296157836914,46.01266860961914,39.83723449707031,14.050875663757324,20.931547164916992,143.88457457062177
2026-01-20,31.31406021118164,77.89424896240234,39.12397384643555,18.390316009521484,46.22172927856445,39.75914001464844,14.030930519104004,21.1574649810791,143.9638995754283
2026-01-21,32.41960525512695,80.2481918334961,40.83907699584961,18.95631980895996,47.37652587890625,41.60409164428711,14.270265579223633,22.00218963623047,144.04326831290325
2026-01-22,32.56507110595703,80.71509552001953,42.22096252441406,19.474355697631836,49.00917053222656,42.83405685424805,14.549487113952637,23.03354263305664,144.12268080715685
2026-01-23,33.9809455871582,82.69940948486328,42.701194763183594,19.944425582885742,49.646297454833984,43.683319091796875,14.858626365661621,23.848804473876953,144.20213708231265
2026-01-26,34.2912712097168,80.8026351928711,43.26962661743164,20.030763626098633,51.37849044799805,44.600914001464844,15.008210182189941,23.966672897338867,144.2816371625075
2026-01-27,35.03799819946289,82.58268737792969,44.416297912597656,20.558395385742188,52.46360397338867,46.56300354003906,14.828709602355957,24.251522064208984,144.36118107189156
2026-01-28,36.21142578125,84.59618377685547,45.41595458984375,20.83660316467285,51.33867263793945,47.81249237060547,14.908487319946289,24.948911666870117,144.44076883462833
2026-01-29,36.560546875,85.02417755126953,45.2297477722168,20.567989349365234,51.836429595947266,46.98275375366211,14.719015121459961,25.047136306762695,144.52040047489456
2026-01-30,36.61872863769531,82.01851654052734,44.59270477294922,20.443275451660156,51.48800277709961,47.23655319213867,14.808765411376953,24.772109985351562,144.6000760168804
2026-02-02,36.11444854736328,82.50486755371094,44.98310089111328,20.702295303344727,51.71696853637695,48.388427734375,15.018182754516602,24.85068702697754,144.67979548478925
2026-02-03,36.444175720214844,86.56105041503906,45.23802185058594,20.816499710083008,53.757774353027344,49.442684173583984,15.33729362487793,25.233762741088867,144.759558902838
2026-02-04,36.385986328125,86.98904418945312,43.74773406982422,20.144380569458008,51.16943359375,48.86674880981445,15.257515907287598,24.654239654541016,144.83936629525672
2026-02-05,35.8817024230957,84.09037780761719,44.63014221191406,20.307607650756836,51.97580337524414,48.87651062011719,15.437015533447266,24.005962371826172,144.919217686289
2026-02-06,35.54228210449219,83.29275512695312,45.83609390258789,19.78911781311035,51.61741256713867,49.784339904785156,15.377182960510254,23.89791488647461,144.99911310019164
2026-02-09,36.19203186035156,84.9269027709961,47.365604400634766,20.077167510986328,53.50889205932617,49.37435531616211,15.34726619720459,24.379213333129883,145.0790525612349
2026-02-10,36.22112274169922,84.67400360107422,47.47344970703125,20.086769104003906,52.16495132446289,49.2864990234375,15.61651611328125,24.359567642211914,145.15903609370244
2026-02-11,36.92906188964844,87.63101959228516,48.404876708984375,20.68207550048828,53.349613189697266,49.872196197509766,15.726211547851562,24.467613220214844,145.23906372189128
2026-02-12,35.98837661743164,86.79450225830078,47.296974182128906,20.384422302246094,53.787635803222656,50.37003707885742,16.47412872314453,25.567724227905273,145.3191354701118
2026-02-13,35.775028228759766,84.65454864501953,46.83615493774414,20.134780883789062,53.55867004394531,50.21385192871094,16.30459976196289,24.978378295898438,145.39925136268786
2026-02-18,36.06595993041992,81.62943267822266,47.05185317993164,20.077167510986328,53.150508880615234,50.07719039916992,16.0852108001709,25.361454010009766,145.47941142395663
2026-02-19,36.66722106933594,81.18199157714844,47.60091018676758,20.480440139770508,51.13957214355469,51.18025588989258,16.12510108947754,25.990087509155273,145.55961567826878
2026-02-20,36.822383880615234,84.4405517578125,48.267608642578125,20.893314361572266,51.75679016113281,51.57072448730469,15.985489845275879,26.51067543029785,145.63986414998837
2026-02-23,37.423648834228516,85.00472259521484,46.52241134643555,20.384422302246094,51.736881256103516,50.07719039916992,16.145044326782227,26.353515625,145.72015686349292
2026-02-24,38.374027252197266,85.33544158935547,47.22833251953125,20.547651290893555,51.17938995361328,50.80931091308594,16.53396224975586,26.85912322998047,145.80049384317334
2026-02-25,38.374027252197266,87.5143051147461,46.85576248168945,20.326810836791992,50.05445861816406,49.579345703125,16.334516525268555,27.314697265625,145.88087511343403
2026-02-26,38.412818908691406,86.7750473022461,46.738101959228516,20.144380569458008,49.15849685668945,49.24745178222656,16.36443328857422,27.01758575439453,145.9613006986928
2026-02-27,38.14128112792969,86.05524444580078,45.86551284790039,20.307607650756836,49.4770622253418,49.5500602722168,16.224822998046875,26.690759658813477,146.041770623381
2026-03-02,39.88687515258789,85.75370788574219,45.03982162475586,20.384422302246094,48.47159194946289,50.49694061279297,15.865821838378906,26.690759658813477,146.1222849119434
2026-03-03,39.712318420410156,82.17415618896484,43.52934646606445,19.41276741027832,47.187381744384766,47.734397888183594,15.526765823364258,25.588708877563477,146.20284358883825
2026-03-04,39.275917053222656,81.79479217529297,44.14726638793945,19.691465377807617,47.127647399902344,49.15959548950195,15.556683540344238,25.75751304626465,146.28344667853722
2026-03-05,39.460174560546875,79.07122039794922,42.676021575927734,19.057188034057617,46.50047302246094,45.78207015991211,15.247543334960938,24.824125289916992,146.36409420552556
2026-03-06,40.885746002197266,76.7075424194336,42.10713577270508,18.788101196289062,46.4108772277832,44.73757553100586,15.18770980834961,24.575883865356445,146.44478619430203
2026-03-09,41.85552215576172,77.09662628173828,42.332725524902344,18.788101196289062,46.37105941772461,44.659481048583984,15.367210388183594,24.52623748779297,146.52552266937883
2026-03-10,41.63247299194336,78.36114501953125,42.96045684814453,19.249391555786133,46.97832107543945,46.11396789550781,15.407098770141602,24.9631404876709,146.60630365528172
2026-03-11,43.445953369140625,77.67052459716797,43.04873275756836,19.16290283203125,46.66971206665039,45.73326110839844,15.387155532836914,25.161733627319336,146.68712917654992
2026-03-12,43.63991165161133,77.0771713256836,41.87173080444336,18.634334564208984,45.614463806152344,44.09330368041992,14.908487319946289,24.059541702270508,146.76799925773625
2026-03-13,43.319881439208984,76.16283416748047,41.587303161621094,18.249921798706055,46.002716064453125,42.58025360107422,14.958349227905273,23.58292007446289,146.84891392340705
2026-03-16,44.47391891479492,76.6880874633789,42.17579650878906,18.259532928466797,45.7637939453125,43.72236633300781,15.05807113647461,23.73186492919922,146.92987319814216
2026-03-17,44.97819900512695,76.80481719970703,41.891353607177734,18.115381240844727,45.99276351928711,43.55641555786133,14.978293418884277,23.503482818603516,147.01087710653505
2026-03-18,45.5794563293457,75.02476501464844,41.4695930480957,17.903953552246094,45.95294189453125,43.05857467651367,14.699070930480957,23.245311737060547,147.09192567319266
2026-03-19,45.36610794067383,74.53840637207031,41.76384735107422,17.913564682006836,46.381011962890625,43.361183166503906,14.728987693786621,23.344608306884766,147.1717465775785
2026-03-20,44.28965377807617,73.4878921508789,41.09025955200195,17.615644454956055,45.75383758544922,42.18002700805664,14.429821014404297,23.10629653930664,147.25161079757626
2026-03-23,44.63877868652344,75.37493896484375,42.3066520690918,18.259532928466797,47.140743255615234,45.91873550415039,14.619293212890625,23.791440963745117,147.3315183566917
2026-03-24,45.84130096435547,75.9682846069336,42.06930923461914,18.201871871948242,47.34028244018555,45.33303451538086,14.659181594848633,23.483623504638672,147.41146927844312
2026-03-25,46.06434631347656,77.37871551513672,42.623111724853516,18.528621673583984,48.0685920715332,46.455623626708984,14.968321800231934,23.69214630126953,147.4914635863618
2026-03-26,46.56863021850586,76.75618743896484,41.4759407043457,18.0865478515625,47.410118103027344,45.157325744628906,14.78882122039795,22.89777374267578,147.57150130399157
2026-03-27,47.91661834716797,76.8437271118164,40.99136734008789,17.798242568969727,47.30037307739258,44.07378387451172,14.719015121459961,22.500587463378906,147.6515824548892
2026-03-30,48.168758392333984,77.330078125,41.139705657958984,17.750186920166016,48.936580657958984,44.46103286743164,14.798792839050293,22.242416381835938,147.73170706262417
2026-03-31,47.19898223876953,80.22874450683594,42.99890899658203,18.422908782958984,50.89204788208008,46.396697998046875,15.20765495300293,22.83819580078125,147.81187515077877
2026-04-01,45.93827438354492,80.73454284667969,43.3631706237793,18.672775268554688,50.89204788208008,47.15713882446289,15.31734848022461,23.463762283325195,147.89208674294812
2026-04-02,46.6947021484375,81.26953887939453,42.83880615234375,18.39278793334961,50.193668365478516,47.078128814697266,15.237570762634277,23.225452423095703,147.97234186274005
2026-04-06,47.46082305908203,80.82208251953125,43.026790618896484,18.594802856445312,50.50294876098633,46.554710388183594,15.407098770141602,23.26517105102539,148.05264053377527
2026-04-07,47.043819427490234,81.40571594238281,42.99710464477539,18.767553329467773,50.53288269042969,46.56459045410156,15.437015533447266,23.275100708007812,148.13298277968732
2026-04-08,45.20124816894531,83.25384521484375,44.500919342041016,19.7054443359375,52.647979736328125,48.74715042114258,15.815960884094238,24.317712783813477,148.21336862412258
2026-04-09,46.4522590637207,82.37841796875,45.26271438598633,19.822681427001953,52.378604888916016,49.41870880126953,16.015405654907227,24.54609489440918,148.29379809074015
2026-04-10,47.54810333251953,83.25384521484375,45.57931137084961,19.969226837158203,52.75772476196289,48.39161682128906,16.075239181518555,24.5560245513916,148.37427120321206
2026-04-13,48.27543258666992,84.97554016113281,45.34186553955078,20.115768432617188,51.91967010498047,48.2039794921875,15.885766983032227,24.575883865356445,148.4547879852232
2026-04-14,46.432865142822266,85.88988494873047,46.03440856933594,20.301395416259766,51.779991149902344,50.356910705566406,15.845877647399902,25.201452255249023,148.53534846047128
2026-04-15,45.47278594970703,86.02606201171875,46.538978576660156,20.320932388305664,49.84447479248047,51.29511260986328,15.786044120788574,24.22834587097168,148.61595265266683
2026-04-16,47.1117057800293,85.05335998535156,46.479618072509766,20.369781494140625,48.2880859375,50.14951705932617,15.387155532836914,24.10919189453125,148.69660058553333
2026-04-17,44.823036193847656,87.30030822753906,46.30152893066406,20.770339965820312,48.537506103515625,50.50504684448242,15.287432670593262,24.22834587097168,148.77729228280708
2026-04-20,45.59885787963867,86.30815124511719,45.87611389160156,20.545637130737305,48.36790084838867,51.334617614746094,15.267488479614258,24.10919189453125,148.8580277682373
2026-04-22,46.22920608520508,84.83936309814453,44.55038833618164,19.939916610717773,47.08087921142578,49.87299346923828,14.958349227905273,23.235382080078125,148.938807065586
2026-04-23,46.97968673706055,83.62348175048828,43.70943832397461,19.51004981994629,48.16836166381836,48.77677536010742,14.699070930480957,22.83819580078125,149.0196301986282
2026-04-24,46.37977981567383,83.52621459960938,43.89741134643555,19.461204528808594,47.68947219848633,48.67802047729492,14.459736824035645,22.540307998657227,149.1004971911518
2026-04-27,46.5863037109375,83.16630554199219,43.52146530151367,19.275577545166016,48.07856750488281,47.720062255859375,14.499626159667969,22.351642608642578,149.18140806695754
2026-04-28,46.73382568359375,82.08660888671875,43.63029098510742,19.1192626953125,47.1806526184082,46.72260284423828,14.539515495300293,22.381433486938477,149.26236284985916
2026-04-29,48.150001525878906,77.27171325683594,42.41339111328125,18.669858932495117,43.99802780151367,44.63880157470703,14.29020881652832,21.557270050048828,149.34336156368326
2026-04-30,48.26801681518555,78.96421813964844,42.729984283447266,18.875019073486328,44.75627136230469,45.33998489379883,14.469709396362305,22.053752899169922,149.42311091875828
2026-05-04,48.52371597290039,76.51300811767578,41.966068267822266,18.47446632385254,44.25742721557617,44.421531677246094,14.399903297424316,21.755863189697266,149.5029028599889
2026-05-05,47.85496520996094,76.25037384033203,42.02545166015625,18.766815185546875,43.43932342529297,45.330108642578125,16.60376739501953,21.76579475402832,149.58273741011615
2026-05-06,46.48796081542969,79.01286315917969,41.35240936279297,18.845050811767578,44.836082458496094,47.058380126953125,16.902935028076172,21.914737701416016,149.66261459189315
2026-05-07,45.4553337097168,77.884521484375,40.37254333496094,18.111589431762695,44.207542419433594,45.77452087402344,16.36443328857422,21.537412643432617,149.7425344280852
2026-05-08,44.9144287109375,78.59459686279297,40.837730407714844,18.18004608154297,45.41474533081055,49.26069259643555,16.274682998657227,21.646636962890625,149.8224969414698
2026-05-11,45.66185760498047,81.17225646972656,39.9172477722168,17.691072463989258,44.05788803100586,46.43620300292969,16.204877853393555,21.38846778869629,149.90250215483655
2026-05-12,44.92426681518555,80.97772216796875,39.46195983886719,17.56393814086914,43.289669036865234,45.50787353515625,16.0852108001709,21.170015335083008,149.98255009098725
2026-05-13,43.8326301574707,81.99906158447266,39.22441482543945,17.260774612426758,43.20985412597656,42.59450149536133,15.865821838378906,20.613954544067383,150.06264077273585
2026-05-14,44.255516052246094,80.60809326171875,39.98653793334961,17.446584701538086,43.6189079284668,43.39444351196289,15.726211547851562,20.613954544067383,150.14277422290846
2026-05-15,44.71773910522461,81.22090148925781,39.293701171875,17.29989242553711,43.030269622802734,42.44636154174805,15.646432876586914,20.55437660217285,150.2229504643435
2026-05-18,45.67169189453125,79.59648132324219,39.214515686035156,17.270551681518555,42.242095947265625,42.43648910522461,15.76609992980957,20.27634620666504,150.30316951989147
2026-05-19,45.327484130859375,78.80858612060547,38.38311004638672,17.006505966186523,41.72330093383789,41.567413330078125,15.76609992980957,20.087682723999023,150.3834314124151
2026-05-20,43.86213302612305,79.7618408203125,39.263999938964844,17.466144561767578,42.481544494628906,43.91786575317383,16.17496109008789,20.55437660217285,150.46373616478934
2026-05-21,44.20634460449219,80.37464141845703,39.70940017700195,17.505260467529297,42.37179946899414,43.493202209472656,16.354461669921875,20.673532485961914,150.54408379990133
2026-05-22,43.744117736816406,80.83181762695312,39.02646255493164,17.23143768310547,42.631195068359375,42.811767578125,16.055294036865234,20.792688369750977,150.6244743406505
2026-05-25,42.68198776245117,81.30844116210938,39.90735626220703,17.671512603759766,43.20985412597656,44.342525482177734,16.354461669921875,21.497692108154297,150.7049078099484
2026-05-26,42.72132110595703,80.8026351928711,39.65001678466797,17.446584701538086,43.33955383300781,43.15742492675781,16.543933868408203,20.96149253845215,150.78538423071893
2026-05-27,42.11157989501953,81.17225646972656,39.90735626220703,17.603055953979492,43.34953308105469,42.28834915161133,16.563879013061523,20.92177391052246,150.86590362589814
2026-05-28,41.80670928955078,81.66834259033203,39.59062576293945,17.505260467529297,43.6189079284668,42.28834915161133,16.244768142700195,20.465009689331055,150.94646601843436
2026-05-29,41.30514907836914,80.55945587158203,39.630218505859375,17.309673309326172,43.99802780151367,41.49828338623047,16.274682998657227,20.157190322875977,151.02707143128822
2026-06-01,41.66902542114258,79.47002410888672,38.974876403808594,17.11408233642578,42.900569915771484,40.826725006103516,16.38437843322754,19.938737869262695,151.10771988743252
2026-06-02,41.56999969482422,82.6799545288086,39.17292022705078,17.37738037109375,41.90288162231445,41.31064224243164,16.40432357788086,19.889999389648438,151.18841140985242
2026-06-03,41.25,79.55757141113281,38.34114074707031,17.00535774230957,41.68339157104492,39.937896728515625,16.02537727355957,19.530000686645508,151.26914602154528
2026-06-05,40.88999938964844,76.55191040039062,38.4500617980957,17.103256225585938,42.361820220947266,40.07616424560547,16.12510108947754,19.170000076293945,151.34992374552078
2026-06-08,41.220001220703125,75.9391098022461,38.143096923828125,16.838926315307617,43.898258209228516,39.67124938964844,16.035350799560547,19.100000381469727,151.4307446048009
2026-06-09,41.16999816894531,76.35736846923828,38.83625030517578,17.064096450805664,43.22980880737305,40.34280776977539,16.164987564086914,19.110000610351562,151.51160862241989
2026-06-10,41.650001525878906,75.5792007446289,38.974876403808594,16.89766502380371,42.2919807434082,38.6342887878418,16.23479461669922,19.0,151.59251582142426
2026-06-11,41.7599983215332,76.64918518066406,40.103721618652344,17.308847427368164,42.252071380615234,40.29343032836914,16.593793869018555,19.40999984741211,151.6734662248729
2026-06-12,41.18000030517578,77.00907897949219,40.20273971557617,17.426326751708984,42.511474609375,40.194671630859375,16.563879013061523,19.459999084472656,151.75445985583698
2026-06-15,39.060001373291016,78.94477081298828,40.004703521728516,17.27947998046875,42.68107986450195,40.145294189453125,16.523988723754883,19.389999389648438,151.8354967374
2026-06-16,38.540000915527344,79.21712493896484,40.0542106628418,17.289268493652344,42.73096466064453,40.45144271850586,16.394350051879883,19.399999618530273,151.9165768926578
2026-06-17,38.56999969482422,77.60243225097656,40.400787353515625,17.181577682495117,43.6987190246582,40.036659240722656,16.145044326782227,19.40999984741211,151.99770034471845
2026-06-18,38.849998474121094,77.75807189941406,40.09381866455078,17.103256225585938,45.70407485961914,39.59224319458008,16.17496109008789,19.530000686645508,152.07754625668656
2026-06-19,38.79999923706055,78.54595947265625,39.83591842651367,17.103256225585938,45.05557632446289,39.62187194824219,16.00543212890625,19.420000076293945,152.15743411251063
2026-06-22,39.16999816894531,78.70159149169922,40.905006408691406,17.308847427368164,45.25,40.31317901611328,16.12510108947754,19.579999923706055,152.23736393422428
2026-06-23,39.33000183105469,77.21334838867188,41.01490783691406,17.465492248535156,45.709999084472656,41.261260986328125,16.3700008392334,19.860000610351562,152.31733574387258
2026-06-24,38.290000915527344,75.60839080810547,40.93497848510742,17.27947998046875,46.61000061035156,41.24150848388672,16.3799991607666,19.729999542236328,152.3973495635122
2026-06-25,38.45000076293945,76.51300811767578,41.66435623168945,17.25010871887207,46.5,41.82418441772461,16.389999389648438,20.049999237060547,152.47740541521142
2026-06-26,38.060001373291016,76.01692199707031,42.203895568847656,17.543811798095703,46.900001525878906,42.56487274169922,16.729999542236328,20.34000015258789,152.5575033210501
2026-06-29,38.13999938964844,75.99746704101562,42.373748779296875,17.788562774658203,46.790000915527344,42.25,16.59000015258789,20.260000228881836,152.63764330311966
2026-06-30,37.79999923706055,75.75428771972656,42.14394760131836,17.72003173828125,46.90999984741211,41.540000915527344,16.290000915527344,19.90999984741211,152.71782538352323
