decision_year,strategy,ticker,weight
2015,momentum_candidate,ABCB4,0.005080937870747412
2015,momentum_candidate,ABEV3,0.00423348124432336
2015,momentum_candidate,ADHM3,1.027982148271361e-06
2015,momentum_candidate,AFLT3,0.0009533993357546453
2015,momentum_candidate,AGRO3,0.002665807480482268
2015,momentum_candidate,ALOS3,0.0025486918263060705
2015,momentum_candidate,ALPA3,0.00033077694521401526
2015,momentum_candidate,ALPA4,0.0003599715284271905
2015,momentum_candidate,AMAR3,0.0010371556518440688
2015,momentum_candidate,AMER3,0.003442370455928649
2015,momentum_candidate,ANIM3,0.006580229086352317
2015,momentum_candidate,AZEV3,0.004195435236056746
2015,momentum_candidate,AZEV4,0.0031353094227789015
2015,momentum_candidate,AZZA3,0.0020910860179619724
2015,momentum_candidate,B3SA3,0.002386018899169892
2015,momentum_candidate,BALM4,0.005269434247767674
2015,momentum_candidate,BAUH4,0.0031721032572917087
2015,momentum_candidate,BBAS3,0.0022642340174193836
2015,momentum_candidate,BBDC3,0.004283988645656222
2015,momentum_candidate,BBDC4,0.0053290051670673065
2015,momentum_candidate,BBSE3,0.007663283194798881
2015,momentum_candidate,BEEF3,0.002438557713210599
2015,momentum_candidate,BEES3,0.0018781012445584183
2015,momentum_candidate,BEES4,0.002102914599083255
2015,momentum_candidate,BGIP3,0.0013308069520036525
2015,momentum_candidate,BGIP4,0.0007979175844183649
2015,momentum_candidate,BHIA3,0.0004601659911401579
2015,momentum_candidate,BIED3,0.0032325256606615875
2015,momentum_candidate,BIOM3,0.0012946724798943998
2015,momentum_candidate,BMEB3,0.00012525137276862152
2015,momentum_candidate,BMEB4,0.00015664240774268504
2015,momentum_candidate,BMIN3,0.008899795859502988
2015,momentum_candidate,BMIN4,0.0009944151429531207
2015,momentum_candidate,BMKS3,0.0021554922341785092
2015,momentum_candidate,BNBR3,0.0024620047638952538
2015,momentum_candidate,BOBR4,1.8170595221954736e-05
2015,momentum_candidate,BPHA3,1.8198962771191673e-05
2015,momentum_candidate,BRAP3,0.0008749039601539938
2015,momentum_candidate,BRAP4,0.0006440982485462864
2015,momentum_candidate,BRKM3,0.0007868482375657672
2015,momentum_candidate,BRKM6,0.015800567853643827
2015,momentum_candidate,BRPR3,0.00023476252187582986
2015,momentum_candidate,BRSR3,0.0032557926148013617
2015,momentum_candidate,BRSR5,0.0019851229006523233
2015,momentum_candidate,BRSR6,0.003876469558482515
2015,momentum_candidate,BSLI3,0.006416065277166217
2015,momentum_candidate,BSLI4,0.002432955263309952
2015,momentum_candidate,CAMB3,1.4320615620395522e-16
2015,momentum_candidate,CBEE3,0.0007708349801795413
2015,momentum_candidate,CEDO3,0.0009234232033853625
2015,momentum_candidate,CEDO4,0.0012481076614701435
2015,momentum_candidate,CEEB3,0.003004249860957853
2015,momentum_candidate,CEED3,0.00012528428277336462
2015,momentum_candidate,CEGR3,0.012639674930458972
2015,momentum_candidate,CGAS3,0.003376992761683747
2015,momentum_candidate,CGAS5,0.003364466717095066
2015,momentum_candidate,CGRA3,0.006169577347068269
2015,momentum_candidate,CGRA4,0.004965751313615696
2015,momentum_candidate,CLSC3,0.0033853616824327656
2015,momentum_candidate,CLSC4,0.003530164713098016
2015,momentum_candidate,CMIG3,0.0013306248840512438
2015,momentum_candidate,CMIG4,0.0039609431546267174
2015,momentum_candidate,COCE3,0.003483357556212751
2015,momentum_candidate,COGN3,0.0067972647874586225
2015,momentum_candidate,CPFE3,0.0034685599630012616
2015,momentum_candidate,CPLE3,0.005212323388751261
2015,momentum_candidate,CRPG5,1.856693034145699e-05
2015,momentum_candidate,CRPG6,3.669810570780933e-05
2015,momentum_candidate,CSAN3,0.0013771529590706493
2015,momentum_candidate,CSMG3,0.0007841767577496624
2015,momentum_candidate,CSNA3,3.1800306620556196e-05
2015,momentum_candidate,CSUD3,0.001749172397868822
2015,momentum_candidate,CTAX3,0.0008161838167734771
2015,momentum_candidate,CTKA4,2.89183816549676e-05
2015,momentum_candidate,CTSA3,0.0004329887538846325
2015,momentum_candidate,CTSA4,0.00026794732477334856
2015,momentum_candidate,CVCB3,0.004208086168691126
2015,momentum_candidate,CYRE3,0.0013609417589149526
2015,momentum_candidate,DASA3,0.0014283084642029546
2015,momentum_candidate,DEXP3,0.0006820861659834473
2015,momentum_candidate,DIRR3,0.0008950388701407407
2015,momentum_candidate,DOHL4,0.0021708934050626134
2015,momentum_candidate,DTCY3,0.0010239414986357588
2015,momentum_candidate,DXCO3,0.0006817209167327137
2015,momentum_candidate,EALT3,0.0027619330898892565
2015,momentum_candidate,EALT4,0.0012192610170473214
2015,momentum_candidate,ECOR3,0.0014076924796288023
2015,momentum_candidate,ECPR3,0.007510083651035462
2015,momentum_candidate,ECPR4,0.011903468649621447
2015,momentum_candidate,EGIE3,0.0033274969826999384
2015,momentum_candidate,EKTR3,0.0272689159835146
2015,momentum_candidate,EKTR4,0.0014195773318616683
2015,momentum_candidate,EMAE4,0.0006935240882773291
2015,momentum_candidate,ENEV3,3.9825265391695996e-08
2015,momentum_candidate,ENGI3,0.0005858070761799783
2015,momentum_candidate,ENGI4,0.0026840711082034645
2015,momentum_candidate,ENMT3,0.006160288988933828
2015,momentum_candidate,ENMT4,0.0030442533209547006
2015,momentum_candidate,EPAR3,0.00018756487749531844
2015,momentum_candidate,EQMA3B,0.00493918275950027
2015,momentum_candidate,EQPA3,0.003042247032876956
2015,momentum_candidate,EQPA5,0.0077259099648637935
2015,momentum_candidate,EQPA6,1.4320615620395522e-16
2015,momentum_candidate,EQPA7,0.002106259951047864
2015,momentum_candidate,EQTL3,0.0078083861074702806
2015,momentum_candidate,ESTR4,0.002079260703301189
2015,momentum_candidate,ETER3,0.0018487310203456897
2015,momentum_candidate,EUCA3,0.04007233834399009
2015,momentum_candidate,EUCA4,0.0001261339415382088
2015,momentum_candidate,EVEN3,0.000656394253044368
2015,momentum_candidate,EZTC3,0.0017632357192797438
2015,momentum_candidate,FESA3,0.028569439252062814
2015,momentum_candidate,FESA4,0.0008618685934912426
2015,momentum_candidate,FHER3,0.0007316958910523994
2015,momentum_candidate,FICT3,3.222092552233089e-05
2015,momentum_candidate,FLRY3,0.0028730514167572504
2015,momentum_candidate,FRAS3,0.0003369909501998172
2015,momentum_candidate,FRIO3,2.3433795723252247e-05
2015,momentum_candidate,GEPA3,0.0024795225886055654
2015,momentum_candidate,GEPA4,0.004239418200423508
2015,momentum_candidate,GFSA3,0.00040343292182869065
2015,momentum_candidate,GGBR3,0.00023923512591450316
2015,momentum_candidate,GGBR4,0.00023434367188186582
2015,momentum_candidate,GOAU3,8.114672344030214e-05
2015,momentum_candidate,GOAU4,0.00011198572717020215
2015,momentum_candidate,GRND3,0.0021048606703132386
2015,momentum_candidate,GSHP3,0.001058821897217013
2015,momentum_candidate,HBOR3,0.0004169827382612131
2015,momentum_candidate,HOOT4,0.00011674662801825046
2015,momentum_candidate,HYPE3,0.0033201501220488437
2015,momentum_candidate,IGTI3,0.004645683670392005
2015,momentum_candidate,INEP3,2.1587689868042264e-06
2015,momentum_candidate,INEP4,5.129976402672903e-07
2015,momentum_candidate,ISAE3,0.007125650627092468
2015,momentum_candidate,ISAE4,0.008002647519416881
2015,momentum_candidate,ITSA3,0.002367793095007297
2015,momentum_candidate,ITSA4,0.005212730569876138
2015,momentum_candidate,ITUB3,0.00550998570625953
2015,momentum_candidate,ITUB4,0.005583474496387643
2015,momentum_candidate,JFEN3,0.000651941930790454
2015,momentum_candidate,JHSF3,0.0003231535988339889
2015,momentum_candidate,JOPA3,0.0012467658511503134
2015,momentum_candidate,KEPL3,0.006150322849362163
2015,momentum_candidate,KLBN3,0.007158516020271067
2015,momentum_candidate,KLBN4,0.0064046284891584445
2015,momentum_candidate,LEVE3,0.0016904346265558035
2015,momentum_candidate,LIGT3,0.0014502462225998505
2015,momentum_candidate,LOGN3,4.444965210661633e-05
2015,momentum_candidate,LPSB3,7.169365785678321e-05
2015,momentum_candidate,LREN3,0.006743619728969194
2015,momentum_candidate,LUPA3,7.486419274105512e-07
2015,momentum_candidate,LUXM4,0.0010795576101148981
2015,momentum_candidate,MDIA3,0.0029066901632629075
2015,momentum_candidate,MEAL3,0.0005480686126687448
2015,momentum_candidate,MGEL4,0.0008201750161769093
2015,momentum_candidate,MGLU3,0.003378983227774522
2015,momentum_candidate,MILS3,1.207021936467947e-05
2015,momentum_candidate,MNDL3,0.0006265960691869768
2015,momentum_candidate,MNPR3,0.00033490519885238425
2015,momentum_candidate,MRSA3B,0.00017563578526852799
2015,momentum_candidate,MRVE3,0.0015144450543284973
2015,momentum_candidate,MULT3,0.0033240249286887536
2015,momentum_candidate,MWET4,5.154234028079454e-06
2015,momentum_candidate,MYPK3,0.00018525129394526837
2015,momentum_candidate,NATU3,0.0013778978817998884
2015,momentum_candidate,NEXP3,0.0002577609388447701
2015,momentum_candidate,NORD3,0.0014056412060877075
2015,momentum_candidate,NUTR3,0.004267141706856802
2015,momentum_candidate,OIBR3,1.2318025483102518e-06
2015,momentum_candidate,OIBR4,4.5153312570207075e-07
2015,momentum_candidate,OSXB3,7.884213605409993e-05
2015,momentum_candidate,PCAR3,0.02531040276892976
2015,momentum_candidate,PDGR3,6.063946897453622e-05
2015,momentum_candidate,PDTC3,0.004010275967670093
2015,momentum_candidate,PEAB3,0.009526707966635737
2015,momentum_candidate,PEAB4,0.008256927485422389
2015,momentum_candidate,PETR3,0.00028832139918811265
2015,momentum_candidate,PETR4,0.0002922537166129889
2015,momentum_candidate,PFRM3,9.474549318731472e-05
2015,momentum_candidate,PINE3,0.046029953985731835
2015,momentum_candidate,PINE4,0.0010184818702411182
2015,momentum_candidate,PLAS3,0.0002405843630802215
2015,momentum_candidate,PNVL3,0.0034815199779644535
2015,momentum_candidate,POMO3,0.000832917222500203
2015,momentum_candidate,POMO4,0.0004860165142286449
2015,momentum_candidate,POSI3,0.0006116755481851889
2015,momentum_candidate,PRIO3,6.36678391859401e-05
2015,momentum_candidate,PSSA3,0.005211820142678627
2015,momentum_candidate,PTBL3,0.0035111498167539755
2015,momentum_candidate,QUAL3,0.006986567881752507
2015,momentum_candidate,RADL3,0.007332155562996054
2015,momentum_candidate,RANI3,0.006621051780799073
2015,momentum_candidate,RAPT3,0.00012456397677947464
2015,momentum_candidate,RAPT4,0.0002922683616330628
2015,momentum_candidate,RCSL3,8.334037996245802e-05
2015,momentum_candidate,RCSL4,8.579498488417262e-06
2015,momentum_candidate,REDE3,0.0001779176866712828
2015,momentum_candidate,RENT3,0.004823541103965991
2015,momentum_candidate,RNEW3,0.02316450643063124
2015,momentum_candidate,ROMI3,0.00010505113272326278
2015,momentum_candidate,RPAD3,0.0005087532375086125
2015,momentum_candidate,RPAD5,0.0009649184195119354
2015,momentum_candidate,RPAD6,0.0003584440816389338
2015,momentum_candidate,RPMG3,0.0015539269200045053
2015,momentum_candidate,RSID3,8.159138119830104e-06
2015,momentum_candidate,RSUL4,0.000912430274169086
2015,momentum_candidate,SANB3,0.0014605057527966431
2015,momentum_candidate,SANB4,0.0007489097457643389
2015,momentum_candidate,SAPR3,0.020975668334263443
2015,momentum_candidate,SAPR4,0.0022675240978437135
2015,momentum_candidate,SBSP3,0.000581534210779873
2015,momentum_candidate,SCAR3,0.0028360439016929047
2015,momentum_candidate,SEER3,0.005969596853217721
2015,momentum_candidate,SHOW3,0.00019235050041899017
2015,momentum_candidate,SHUL4,0.00025177893276154316
2015,momentum_candidate,SLCE3,0.000715818398015738
2015,momentum_candidate,SLED3,0.00019319041259968612
2015,momentum_candidate,SLED4,6.454763777756756e-06
2015,momentum_candidate,SMTO3,0.0063265482988508065
2015,momentum_candidate,SNSY3,5.967845508436204e-06
2015,momentum_candidate,SNSY5,0.0006758511739884701
2015,momentum_candidate,SOND5,0.0020713101346861644
2015,momentum_candidate,SUZB3,0.19669990623813033
2015,momentum_candidate,SYNE3,0.0006937114102066567
2015,momentum_candidate,TAEE3,0.02858025769690997
2015,momentum_candidate,TASA3,5.384961453055405e-06
2015,momentum_candidate,TASA4,2.0558668525786393e-07
2015,momentum_candidate,TCSA3,0.00014008646650094281
2015,momentum_candidate,TECN3,0.0001597925772200616
2015,momentum_candidate,TEKA3,0.0011694487931293762
2015,momentum_candidate,TEKA4,0.0001518613246721797
2015,momentum_candidate,TELB3,3.554927625799001e-05
2015,momentum_candidate,TELB4,3.804180482064787e-05
2015,momentum_candidate,TEND3,1.4320615620395522e-16
2015,momentum_candidate,TGMA3,0.0022160881893198347
2015,momentum_candidate,TOTS3,0.0033773960881989915
2015,momentum_candidate,TPIS3,0.0009742376618385282
2015,momentum_candidate,TRIS3,0.0007610414299956254
2015,momentum_candidate,TXRX4,0.0011736513106267612
2015,momentum_candidate,UCAS3,5.773578540564086e-05
2015,momentum_candidate,UGPA3,0.0030070998041239728
2015,momentum_candidate,UNIP3,0.0013496732885736405
2015,momentum_candidate,UNIP5,0.0036574734884092094
2015,momentum_candidate,UNIP6,0.002584932514404511
2015,momentum_candidate,USIM3,0.0018016134271437666
2015,momentum_candidate,USIM5,1.684141139407675e-05
2015,momentum_candidate,USIM6,0.0003304485682830754
2015,momentum_candidate,VALE3,0.0006381347092091445
2015,momentum_candidate,VIVR3,1.0671922255681422e-05
2015,momentum_candidate,VIVT3,0.004817824245421283
2015,momentum_candidate,VLID3,0.0072950827014710016
2015,momentum_candidate,VSTE3,0.004585766055104865
2015,momentum_candidate,VULC3,4.344167241817368e-05
2015,momentum_candidate,WEGE3,0.00964940908543604
2015,momentum_candidate,WHRL3,0.0062748253831006705
2015,momentum_candidate,WHRL4,0.003766509025758264
2015,momentum_candidate,YDUQ3,0.004588922192378365
2015,mvo_same_universe,ABCB4,7.34018769624376e-12
2015,mvo_same_universe,ABEV3,6.518145332595344e-12
2015,mvo_same_universe,ADHM3,2.3489087648396035e-11
2015,mvo_same_universe,AFLT3,5.722818445784012e-12
2015,mvo_same_universe,AGRO3,8.384453419892857e-12
2015,mvo_same_universe,ALOS3,5.854396296393165e-12
2015,mvo_same_universe,ALPA3,3.9468538865008984e-12
2015,mvo_same_universe,ALPA4,3.3704431375165486e-12
2015,mvo_same_universe,AMAR3,4.417669984841501e-12
2015,mvo_same_universe,AMER3,0.01730504785586823
2015,mvo_same_universe,ANIM3,0.07604460573852587
2015,mvo_same_universe,AZEV3,8.2761785107095e-12
2015,mvo_same_universe,AZEV4,0.0027484253173580635
2015,mvo_same_universe,AZZA3,6.005409340208772e-12
2015,mvo_same_universe,B3SA3,5.490441921758579e-12
2015,mvo_same_universe,BALM4,2.5028160726498826e-11
2015,mvo_same_universe,BAUH4,8.688228770685635e-12
2015,mvo_same_universe,BBAS3,5.382715030791709e-12
2015,mvo_same_universe,BBDC3,6.732105942650331e-12
2015,mvo_same_universe,BBDC4,8.85495464123264e-12
2015,mvo_same_universe,BBSE3,1.3798573124445713e-11
2015,mvo_same_universe,BEEF3,5.035306869744938e-12
2015,mvo_same_universe,BEES3,5.714754664205037e-12
2015,mvo_same_universe,BEES4,8.743860388855778e-12
2015,mvo_same_universe,BGIP3,4.671666133104152e-12
2015,mvo_same_universe,BGIP4,5.090383909292282e-12
2015,mvo_same_universe,BHIA3,3.069776729359833e-11
2015,mvo_same_universe,BIED3,1.5406685356768563e-11
2015,mvo_same_universe,BIOM3,5.463793738369237e-12
2015,mvo_same_universe,BMEB3,3.657926956664005e-12
2015,mvo_same_universe,BMEB4,3.557651086464776e-12
2015,mvo_same_universe,BMIN3,7.293314675678616e-12
2015,mvo_same_universe,BMIN4,6.818335906574917e-12
2015,mvo_same_universe,BMKS3,5.880970559836195e-12
2015,mvo_same_universe,BNBR3,6.694635611706027e-12
2015,mvo_same_universe,BOBR4,2.7798337876314208e-12
2015,mvo_same_universe,BPHA3,2.772532537743945e-12
2015,mvo_same_universe,BRAP3,4.330587456818163e-12
2015,mvo_same_universe,BRAP4,4.04213428391425e-12
2015,mvo_same_universe,BRKM3,4.33290223311362e-12
2015,mvo_same_universe,BRKM6,8.26247817840276e-12
2015,mvo_same_universe,BRPR3,3.602793864111196e-12
2015,mvo_same_universe,BRSR3,7.746810623171443e-12
2015,mvo_same_universe,BRSR5,5.910557316190169e-12
2015,mvo_same_universe,BRSR6,8.468383377092718e-12
2015,mvo_same_universe,BSLI3,6.449234548961063e-12
2015,mvo_same_universe,BSLI4,5.4136255140281565e-12
2015,mvo_same_universe,CAMB3,7.131076883674173e-12
2015,mvo_same_universe,CBEE3,6.5490226341857775e-12
2015,mvo_same_universe,CEDO3,4.501569559965957e-12
2015,mvo_same_universe,CEDO4,6.8404546605237745e-12
2015,mvo_same_universe,CEEB3,5.342129343492794e-12
2015,mvo_same_universe,CEED3,3.847693206233451e-12
2015,mvo_same_universe,CEGR3,3.579571210601525e-11
2015,mvo_same_universe,CGAS3,6.1151500046567504e-12
2015,mvo_same_universe,CGAS5,5.121829522129696e-12
2015,mvo_same_universe,CGRA3,1.227134589662718e-11
2015,mvo_same_universe,CGRA4,7.403628798306738e-12
2015,mvo_same_universe,CLSC3,1.7136906636408005e-11
2015,mvo_same_universe,CLSC4,6.377276766297738e-12
2015,mvo_same_universe,CMIG3,6.354253456070246e-12
2015,mvo_same_universe,CMIG4,1.1101638348322547e-11
2015,mvo_same_universe,COCE3,2.801471741055795e-11
2015,mvo_same_universe,COGN3,0.05151635707658239
2015,mvo_same_universe,CPFE3,6.173484990608402e-12
2015,mvo_same_universe,CPLE3,8.3168139462752e-12
2015,mvo_same_universe,CRPG5,3.145535011109295e-12
2015,mvo_same_universe,CRPG6,3.759493519104025e-12
2015,mvo_same_universe,CSAN3,4.494652014285653e-12
2015,mvo_same_universe,CSMG3,4.483649321672028e-12
2015,mvo_same_universe,CSNA3,2.8135425432604716e-12
2015,mvo_same_universe,CSUD3,1.339426897469368e-11
2015,mvo_same_universe,CTAX3,8.959930661207064e-12
2015,mvo_same_universe,CTKA4,5.093239062473818e-12
2015,mvo_same_universe,CTSA3,4.669942611134957e-12
2015,mvo_same_universe,CTSA4,5.644814025101336e-12
2015,mvo_same_universe,CVCB3,7.509719666960002e-12
2015,mvo_same_universe,CYRE3,4.2939821162106634e-12
2015,mvo_same_universe,DASA3,5.366137904159614e-12
2015,mvo_same_universe,DEXP3,5.355680273292228e-12
2015,mvo_same_universe,DIRR3,3.974834527648573e-12
2015,mvo_same_universe,DOHL4,8.30880278241481e-12
2015,mvo_same_universe,DTCY3,0.03821916746425389
2015,mvo_same_universe,DXCO3,3.9747707818857896e-12
2015,mvo_same_universe,EALT3,5.8005268278623615e-12
2015,mvo_same_universe,EALT4,4.619650343599923e-12
2015,mvo_same_universe,ECOR3,4.5640829580351304e-12
2015,mvo_same_universe,ECPR3,0.1936732021226157
2015,mvo_same_universe,ECPR4,9.95127860439489e-12
2015,mvo_same_universe,EGIE3,6.186264524284159e-12
2015,mvo_same_universe,EKTR3,8.3652689106513e-12
2015,mvo_same_universe,EKTR4,6.0461040273939675e-12
2015,mvo_same_universe,EMAE4,4.78017174140658e-12
2015,mvo_same_universe,ENEV3,1.868203339116669e-12
2015,mvo_same_universe,ENGI3,7.946687967271552e-12
2015,mvo_same_universe,ENGI4,5.1513697574184876e-11
2015,mvo_same_universe,ENMT3,0.087150968040696
2015,mvo_same_universe,ENMT4,1.1188561823688001e-10
2015,mvo_same_universe,EPAR3,4.645425620666606e-12
2015,mvo_same_universe,EQMA3B,1.0459066880858176e-11
2015,mvo_same_universe,EQPA3,2.269546031683375e-11
2015,mvo_same_universe,EQPA5,0.05871944338648444
2015,mvo_same_universe,EQPA6,7.131076883674173e-12
2015,mvo_same_universe,EQPA7,0.014758439314119586
2015,mvo_same_universe,EQTL3,9.344978244751886e-12
2015,mvo_same_universe,ESTR4,2.921406447875049e-10
2015,mvo_same_universe,ETER3,5.098305881057326e-12
2015,mvo_same_universe,EUCA3,7.539513994402165e-12
2015,mvo_same_universe,EUCA4,3.1329997917272366e-12
2015,mvo_same_universe,EVEN3,3.8314500804525176e-12
2015,mvo_same_universe,EZTC3,5.022509415690615e-12
2015,mvo_same_universe,FESA3,6.776817296172674e-12
2015,mvo_same_universe,FESA4,4.1612737817386215e-12
2015,mvo_same_universe,FHER3,4.571311136188355e-12
2015,mvo_same_universe,FICT3,0.022072878074804257
2015,mvo_same_universe,FLRY3,5.9335185063505865e-12
2015,mvo_same_universe,FRAS3,4.6368674363664495e-12
2015,mvo_same_universe,FRIO3,3.071258076182061e-12
2015,mvo_same_universe,GEPA3,5.6041600474263506e-12
2015,mvo_same_universe,GEPA4,1.1752509829915332e-11
2015,mvo_same_universe,GFSA3,3.801356307144077e-12
2015,mvo_same_universe,GGBR3,3.2635675614963724e-12
2015,mvo_same_universe,GGBR4,3.225246028186862e-12
2015,mvo_same_universe,GOAU3,2.996192175825706e-12
2015,mvo_same_universe,GOAU4,3.0662805703682996e-12
2015,mvo_same_universe,GRND3,5.233386566787517e-12
2015,mvo_same_universe,GSHP3,5.6167207660649545e-12
2015,mvo_same_universe,HBOR3,3.744329508991554e-12
2015,mvo_same_universe,HOOT4,3.3252873530551023e-12
2015,mvo_same_universe,HYPE3,5.2802908171992635e-12
2015,mvo_same_universe,IGTI3,5.838145873641497e-12
2015,mvo_same_universe,INEP3,2.6607294872904513e-12
2015,mvo_same_universe,INEP4,2.3090827833705998e-12
2015,mvo_same_universe,ISAE3,1.1105215834520894e-11
2015,mvo_same_universe,ISAE4,0.20483472281617823
2015,mvo_same_universe,ITSA3,6.3392345301753856e-12
2015,mvo_same_universe,ITSA4,7.701730314716438e-12
2015,mvo_same_universe,ITUB3,9.889265928970198e-12
2015,mvo_same_universe,ITUB4,8.529848646830239e-12
2015,mvo_same_universe,JFEN3,5.3544013695580715e-12
2015,mvo_same_universe,JHSF3,3.3873083837849936e-12
2015,mvo_same_universe,JOPA3,4.607939450070627e-12
2015,mvo_same_universe,KEPL3,3.341742184344958e-11
2015,mvo_same_universe,KLBN3,9.254873134847335e-12
2015,mvo_same_universe,KLBN4,1.0184619504054203e-11
2015,mvo_same_universe,LEVE3,4.697501163605537e-12
2015,mvo_same_universe,LIGT3,4.823399311949852e-12
2015,mvo_same_universe,LOGN3,2.779698517599213e-12
2015,mvo_same_universe,LPSB3,3.071675148422295e-12
2015,mvo_same_universe,LREN3,8.887937256113573e-12
2015,mvo_same_universe,LUPA3,1.1818636592427955e-11
2015,mvo_same_universe,LUXM4,4.916901845643192e-12
2015,mvo_same_universe,MDIA3,5.525329537448855e-12
2015,mvo_same_universe,MEAL3,4.060455708663445e-12
2015,mvo_same_universe,MGEL4,9.244403995513634e-12
2015,mvo_same_universe,MGLU3,6.562418892340138e-12
2015,mvo_same_universe,MILS3,2.309051173723313e-12
2015,mvo_same_universe,MNDL3,4.206569176133773e-12
2015,mvo_same_universe,MNPR3,0.021065355385228128
2015,mvo_same_universe,MRSA3B,3.695526220258475e-12
2015,mvo_same_universe,MRVE3,4.738504043556936e-12
2015,mvo_same_universe,MULT3,5.631201526582934e-12
2015,mvo_same_universe,MWET4,2.5646014244243463e-12
2015,mvo_same_universe,MYPK3,2.9914061483857444e-12
2015,mvo_same_universe,NATU3,4.348997706084709e-12
2015,mvo_same_universe,NEXP3,3.2458261237717817e-12
2015,mvo_same_universe,NORD3,4.520863486365985e-12
2015,mvo_same_universe,NUTR3,0.027284747667531875
2015,mvo_same_universe,OIBR3,2.091353692987867e-12
2015,mvo_same_universe,OIBR4,2.0054049878318896e-12
2015,mvo_same_universe,OSXB3,5.527603003967735e-12
2015,mvo_same_universe,PCAR3,8.587218179557434e-12
2015,mvo_same_universe,PDGR3,2.8918451893758656e-12
2015,mvo_same_universe,PDTC3,1.0133006819203467e-11
2015,mvo_same_universe,PEAB3,7.864681506667105e-12
2015,mvo_same_universe,PEAB4,8.318520153007823e-12
2015,mvo_same_universe,PETR3,3.42795199420656e-12
2015,mvo_same_universe,PETR4,3.507616514422027e-12
2015,mvo_same_universe,PFRM3,3.1887249789675555e-12
2015,mvo_same_universe,PINE3,7.878070382259836e-12
2015,mvo_same_universe,PINE4,5.05141245947429e-12
2015,mvo_same_universe,PLAS3,3.738709073395973e-12
2015,mvo_same_universe,PNVL3,1.1790907639622502e-11
2015,mvo_same_universe,POMO3,4.285242050592625e-12
2015,mvo_same_universe,POMO4,3.843394040138234e-12
2015,mvo_same_universe,POSI3,4.1633228510299825e-12
2015,mvo_same_universe,PRIO3,3.431677057854196e-12
2015,mvo_same_universe,PSSA3,8.782987365696232e-12
2015,mvo_same_universe,PTBL3,7.257194194435242e-12
2015,mvo_same_universe,QUAL3,1.1004458569494087e-11
2015,mvo_same_universe,RADL3,0.10981452501742352
2015,mvo_same_universe,RANI3,9.514141326641462e-12
2015,mvo_same_universe,RAPT3,3.392537423518558e-12
2015,mvo_same_universe,RAPT4,3.2551745657060943e-12
2015,mvo_same_universe,RCSL3,5.0327343951246534e-12
2015,mvo_same_universe,RCSL4,0.017620803273416478
2015,mvo_same_universe,REDE3,4.455883256843296e-12
2015,mvo_same_universe,RENT3,6.493604267759168e-12
2015,mvo_same_universe,RNEW3,7.99120020959526e-12
2015,mvo_same_universe,ROMI3,3.2215431912009267e-12
2015,mvo_same_universe,RPAD3,4.5197076993990365e-12
2015,mvo_same_universe,RPAD5,5.378550959824247e-12
2015,mvo_same_universe,RPAD6,4.160901027041761e-12
2015,mvo_same_universe,RPMG3,9.659210745723774e-12
2015,mvo_same_universe,RSID3,2.32030798366128e-12
2015,mvo_same_universe,RSUL4,4.533195568499522e-12
2015,mvo_same_universe,SANB3,1.3243755349644408e-11
2015,mvo_same_universe,SANB4,8.073760590197382e-12
2015,mvo_same_universe,SAPR3,7.632739753020153e-12
2015,mvo_same_universe,SAPR4,6.487150621268016e-12
2015,mvo_same_universe,SBSP3,3.8465085756016195e-12
2015,mvo_same_universe,SCAR3,5.590217684740483e-12
2015,mvo_same_universe,SEER3,1.0992465030761493e-11
2015,mvo_same_universe,SHOW3,3.2776307902445018e-12
2015,mvo_same_universe,SHUL4,3.4331877958548144e-12
2015,mvo_same_universe,SLCE3,4.229171068808079e-12
2015,mvo_same_universe,SLED3,4.162945800442476e-12
2015,mvo_same_universe,SLED4,2.174541159151486e-12
2015,mvo_same_universe,SMTO3,1.21113874613288e-11
2015,mvo_same_universe,SNSY3,3.0726766525076658e-12
2015,mvo_same_universe,SNSY5,6.781856144817493e-12
2015,mvo_same_universe,SOND5,1.2944616563335199e-11
2015,mvo_same_universe,SUZB3,7.187438049251142e-12
2015,mvo_same_universe,SYNE3,3.925361241687433e-12
2015,mvo_same_universe,TAEE3,7.94750871523282e-12
2015,mvo_same_universe,TASA3,2.627120513242891e-12
2015,mvo_same_universe,TASA4,2.0317918147787748e-12
2015,mvo_same_universe,TCSA3,2.8046926202856846e-12
2015,mvo_same_universe,TECN3,3.1917142819703012e-12
2015,mvo_same_universe,TEKA3,0.007795145597664279
2015,mvo_same_universe,TEKA4,5.509359731033509e-12
2015,mvo_same_universe,TELB3,3.313951429524792e-12
2015,mvo_same_universe,TELB4,2.9592463206172694e-12
2015,mvo_same_universe,TEND3,7.131076883674173e-12
2015,mvo_same_universe,TGMA3,5.564052946076015e-12
2015,mvo_same_universe,TOTS3,7.020162506696994e-12
2015,mvo_same_universe,TPIS3,5.259767368772415e-12
2015,mvo_same_universe,TRIS3,5.552730448152152e-12
2015,mvo_same_universe,TXRX4,0.049376162595654256
2015,mvo_same_universe,UCAS3,2.81877448409541e-12
2015,mvo_same_universe,UGPA3,5.209279147330175e-12
2015,mvo_same_universe,UNIP3,8.114220981379044e-12
2015,mvo_same_universe,UNIP5,1.801069967966264e-11
2015,mvo_same_universe,UNIP6,6.159261490684144e-12
2015,mvo_same_universe,USIM3,7.520330438259175e-12
2015,mvo_same_universe,USIM5,2.523951434300726e-12
2015,mvo_same_universe,USIM6,4.261268240825564e-12
2015,mvo_same_universe,VALE3,3.983535692649337e-12
2015,mvo_same_universe,VIVR3,3.769458799132929e-12
2015,mvo_same_universe,VIVT3,7.996677664496361e-12
2015,mvo_same_universe,VLID3,1.5905972502399904e-11
2015,mvo_same_universe,VSTE3,1.2043276308818962e-09
2015,mvo_same_universe,VULC3,3.4424078540557954e-12
2015,mvo_same_universe,WEGE3,1.6800707429720135e-11
2015,mvo_same_universe,WHRL3,1.7932746862373075e-11
2015,mvo_same_universe,WHRL4,1.5244523595315186e-11
2015,mvo_same_universe,YDUQ3,7.1652069310259705e-12
2016,momentum_candidate,ABCB4,0.0012430355234176501
2016,momentum_candidate,ABEV3,0.00878367207753223
2016,momentum_candidate,ADHM3,0.0001306419465988197
2016,momentum_candidate,AFLT3,0.004351241454397091
2016,momentum_candidate,AGRO3,0.010194012052838545
2016,momentum_candidate,ALOS3,0.0033101652232086784
2016,momentum_candidate,ALPA3,0.004713843541269459
2016,momentum_candidate,ALPA4,0.003957721784766486
2016,momentum_candidate,AMAR3,0.00010050509585944126
2016,momentum_candidate,AMER3,0.0004802385965307313
2016,momentum_candidate,ANIM3,6.383625802662268e-05
2016,momentum_candidate,AZEV3,0.0005121539151427591
2016,momentum_candidate,AZEV4,0.0014984677240077386
2016,momentum_candidate,AZZA3,0.002178396327279853
2016,momentum_candidate,B3SA3,0.005645506431486329
2016,momentum_candidate,BALM4,0.001941951676867298
2016,momentum_candidate,BAUH4,0.0006840581758843144
2016,momentum_candidate,BBAS3,0.0006853940053627302
2016,momentum_candidate,BBDC3,0.0015749022570421597
2016,momentum_candidate,BBDC4,0.0010748517864866394
2016,momentum_candidate,BBSE3,0.0017007749735414455
2016,momentum_candidate,BEEF3,0.00564936708146679
2016,momentum_candidate,BEES3,0.004454227921806852
2016,momentum_candidate,BEES4,0.002818861427773392
2016,momentum_candidate,BGIP3,0.0005771054568963929
2016,momentum_candidate,BGIP4,0.00013926996017052176
2016,momentum_candidate,BHIA3,1.5955395550358857e-05
2016,momentum_candidate,BIED3,0.0007299247233469381
2016,momentum_candidate,BIOM3,0.001598745145117396
2016,momentum_candidate,BMEB3,0.0022582904228406605
2016,momentum_candidate,BMEB4,0.0030713696361834484
2016,momentum_candidate,BMIN3,0.005687162172579386
2016,momentum_candidate,BMIN4,0.00038627549385388286
2016,momentum_candidate,BMKS3,0.0025532780991494577
2016,momentum_candidate,BNBR3,0.004464600565490841
2016,momentum_candidate,BOBR4,0.00033716798566900164
2016,momentum_candidate,BPHA3,1.836868678816456e-07
2016,momentum_candidate,BRAP3,0.00018119079903257686
2016,momentum_candidate,BRAP4,0.00013390738263084943
2016,momentum_candidate,BRKM3,0.0047072376524069735
2016,momentum_candidate,BRKM6,0.004010342316298919
2016,momentum_candidate,BRPR3,0.003617091297593634
2016,momentum_candidate,BRSR3,0.0006990255179315637
2016,momentum_candidate,BRSR5,0.00044087719404206004
2016,momentum_candidate,BRSR6,0.00017815655449547802
2016,momentum_candidate,BSLI3,0.05521567628977101
2016,momentum_candidate,BSLI4,0.0035605536294879723
2016,momentum_candidate,CAMB3,1.6333095188673503e-16
2016,momentum_candidate,CBEE3,0.0009312001037212205
2016,momentum_candidate,CEDO3,0.0026909091653197444
2016,momentum_candidate,CEDO4,0.0009093756765685558
2016,momentum_candidate,CEEB3,0.024218928612577812
2016,momentum_candidate,CEED3,0.00024158429957081302
2016,momentum_candidate,CEGR3,0.004239770216144286
2016,momentum_candidate,CGAS3,0.0029190698314843773
2016,momentum_candidate,CGAS5,0.0032415103440982815
2016,momentum_candidate,CGRA3,0.0007438728588221144
2016,momentum_candidate,CGRA4,0.0005406956958064916
2016,momentum_candidate,CLSC3,0.0015013922757791038
2016,momentum_candidate,CLSC4,0.0008923112117719112
2016,momentum_candidate,CMIG3,0.00022045838442884887
2016,momentum_candidate,CMIG4,0.00026848323521353346
2016,momentum_candidate,COCE3,0.0005432915442743442
2016,momentum_candidate,COGN3,0.00036826900975988247
2016,momentum_candidate,CPFE3,0.0021654956240373725
2016,momentum_candidate,CPLE3,0.000884459502654926
2016,momentum_candidate,CRPG5,8.308287739022294e-05
2016,momentum_candidate,CRPG6,7.400127433145161e-05
2016,momentum_candidate,CSAN3,0.0024782854196005533
2016,momentum_candidate,CSMG3,0.0006045847600263218
2016,momentum_candidate,CSNA3,0.0008073734452321393
2016,momentum_candidate,CSUD3,0.00391856667891132
2016,momentum_candidate,CTAX3,3.31044190858924e-08
2016,momentum_candidate,CTKA4,0.0008376090096918321
2016,momentum_candidate,CTSA3,0.0005309988269252355
2016,momentum_candidate,CTSA4,0.0003333285305860395
2016,momentum_candidate,CVCB3,0.002781637509401652
2016,momentum_candidate,CYRE3,0.00098074563659735
2016,momentum_candidate,DASA3,0.0025753885807959726
2016,momentum_candidate,DEXP3,5.097387320027371e-06
2016,momentum_candidate,DIRR3,0.00012788354511566118
2016,momentum_candidate,DOHL4,0.005106135474521577
2016,momentum_candidate,DTCY3,0.0009314567986600208
2016,momentum_candidate,DXCO3,0.0014531019789227994
2016,momentum_candidate,EALT3,0.036442692704037036
2016,momentum_candidate,EALT4,0.001054344144013381
2016,momentum_candidate,ECOR3,0.0003077927637174703
2016,momentum_candidate,ECPR3,0.0022474170859415575
2016,momentum_candidate,ECPR4,1.6333095188673503e-16
2016,momentum_candidate,EGIE3,0.004777159994243263
2016,momentum_candidate,EKTR3,0.01695336836471716
2016,momentum_candidate,EKTR4,0.004072344864271019
2016,momentum_candidate,EMAE4,0.0027141122940989018
2016,momentum_candidate,ENEV3,0.00023370967582855403
2016,momentum_candidate,ENGI3,0.004811780301198232
2016,momentum_candidate,ENGI4,0.0033073965521778943
2016,momentum_candidate,ENMT3,0.003751043838165994
2016,momentum_candidate,ENMT4,0.010182728919147512
2016,momentum_candidate,EPAR3,0.0030974118918520696
2016,momentum_candidate,EQMA3B,0.004347163657389176
2016,momentum_candidate,EQPA3,0.004042852656995461
2016,momentum_candidate,EQPA5,0.008019765083380937
2016,momentum_candidate,EQPA6,0.006398560128914352
2016,momentum_candidate,EQPA7,0.005478488777577524
2016,momentum_candidate,EQTL3,0.007395307395581537
2016,momentum_candidate,ESTR4,0.0027035503924961878
2016,momentum_candidate,ETER3,0.0013542275959988006
2016,momentum_candidate,EUCA3,0.005631134705772476
2016,momentum_candidate,EUCA4,0.0014105016206492663
2016,momentum_candidate,EVEN3,0.0018720324166605498
2016,momentum_candidate,EZTC3,0.0006799948107882106
2016,momentum_candidate,FESA3,0.00024350763899044252
2016,momentum_candidate,FESA4,0.0024401442814769012
2016,momentum_candidate,FHER3,9.798279172204537e-06
2016,momentum_candidate,FICT3,0.0011116165259522966
2016,momentum_candidate,FLRY3,0.00414592434040832
2016,momentum_candidate,FRAS3,0.002979734391081329
2016,momentum_candidate,FRIO3,0.0003227986683692422
2016,momentum_candidate,GEPA3,0.05259196818642481
2016,momentum_candidate,GEPA4,0.001140699687489494
2016,momentum_candidate,GFSA3,0.0039151710997089
2016,momentum_candidate,GGBR3,0.00013177273624537968
2016,momentum_candidate,GGBR4,0.00024316366316400593
2016,momentum_candidate,GOAU3,3.1446990466988414e-06
2016,momentum_candidate,GOAU4,1.5782289769581148e-06
2016,momentum_candidate,GRND3,0.005489984218215596
2016,momentum_candidate,GSHP3,7.890612284410282e-05
2016,momentum_candidate,HBOR3,7.212647365036888e-05
2016,momentum_candidate,HOOT4,0.0010598551111755845
2016,momentum_candidate,HYPE3,0.00601002202869067
2016,momentum_candidate,IGTI3,0.0006093010076449834
2016,momentum_candidate,INEP3,0.0017200690265803576
2016,momentum_candidate,INEP4,0.0022369490283871145
2016,momentum_candidate,ISAE3,0.002872900224387667
2016,momentum_candidate,ISAE4,0.006104308898486327
2016,momentum_candidate,ITSA3,0.0023518969421843605
2016,momentum_candidate,ITSA4,0.002501253825767898
2016,momentum_candidate,ITUB3,0.0032465970072133137
2016,momentum_candidate,ITUB4,0.0026891132118086946
2016,momentum_candidate,JFEN3,0.001187764737737421
2016,momentum_candidate,JHSF3,0.00035211322329404003
2016,momentum_candidate,JOPA3,0.0005994525129967337
2016,momentum_candidate,KEPL3,6.362197980440438e-05
2016,momentum_candidate,KLBN3,1.6333095188673503e-16
2016,momentum_candidate,KLBN4,0.006784160524363657
2016,momentum_candidate,LEVE3,0.007884696419290032
2016,momentum_candidate,LIGT3,0.0004548459875755961
2016,momentum_candidate,LOGN3,3.3132785834505114e-05
2016,momentum_candidate,LPSB3,4.9017056162134596e-05
2016,momentum_candidate,LREN3,0.0054313468102186
2016,momentum_candidate,LUPA3,4.130877703390529e-07
2016,momentum_candidate,LUXM4,0.002700451371821923
2016,momentum_candidate,MDIA3,0.0014183096924542606
2016,momentum_candidate,MEAL3,5.495377544293261e-05
2016,momentum_candidate,MGEL4,0.002954678445263855
2016,momentum_candidate,MGLU3,2.109933811270537e-05
2016,momentum_candidate,MILS3,2.016712389047686e-05
2016,momentum_candidate,MNDL3,0.001071473160389717
2016,momentum_candidate,MNPR3,0.0003249094105709655
2016,momentum_candidate,MRSA3B,0.03318682383075663
2016,momentum_candidate,MRVE3,0.005104293237780974
2016,momentum_candidate,MULT3,0.002040110999207312
2016,momentum_candidate,MWET4,1.3044443206518885e-05
2016,momentum_candidate,MYPK3,0.0036683424063013105
2016,momentum_candidate,NATU3,0.0012568631021908363
2016,momentum_candidate,NEXP3,0.00026500945442843555
2016,momentum_candidate,NORD3,0.005260966426941045
2016,momentum_candidate,NUTR3,4.0334423597473425e-06
2016,momentum_candidate,OFSA3,0.005687579387091393
2016,momentum_candidate,OIBR3,5.542450488007103e-06
2016,momentum_candidate,OIBR4,3.712725936326472e-06
2016,momentum_candidate,OSXB3,5.005605351498078e-05
2016,momentum_candidate,PCAR3,0.0024717822024641583
2016,momentum_candidate,PDGR3,3.5664522445192754e-07
2016,momentum_candidate,PDTC3,0.0008026885940500688
2016,momentum_candidate,PEAB3,0.010193092180542861
2016,momentum_candidate,PEAB4,0.008060211801572589
2016,momentum_candidate,PETR3,0.0015354499674208632
2016,momentum_candidate,PETR4,0.0005630091220231745
2016,momentum_candidate,PFRM3,0.00036575498275383787
2016,momentum_candidate,PINE3,0.05648849146069718
2016,momentum_candidate,PINE4,0.0012030774197372516
2016,momentum_candidate,PLAS3,1.5542679983692298e-06
2016,momentum_candidate,PNVL3,0.0066436959387120575
2016,momentum_candidate,POMO3,0.00019006206186187327
2016,momentum_candidate,POMO4,0.0002705271876777971
2016,momentum_candidate,POSI3,0.0013229520720995465
2016,momentum_candidate,PRIO3,0.00010954488360411581
2016,momentum_candidate,PSSA3,0.004077379464259151
2016,momentum_candidate,PTBL3,0.00018113570779916446
2016,momentum_candidate,QUAL3,0.00045951404240921856
2016,momentum_candidate,RADL3,0.007025785893767385
2016,momentum_candidate,RANI3,0.005554942660712295
2016,momentum_candidate,RAPT3,0.00012567446505406775
2016,momentum_candidate,RAPT4,0.00025651966032986216
2016,momentum_candidate,RCSL3,0.00043385586258500134
2016,momentum_candidate,RCSL4,0.0002791649812903826
2016,momentum_candidate,REDE3,0.001594842918336202
2016,momentum_candidate,RENT3,0.0012506558816139464
2016,momentum_candidate,RNEW3,0.026669086762440154
2016,momentum_candidate,ROMI3,0.00028708862918208313
2016,momentum_candidate,RPAD3,0.00907916469911689
2016,momentum_candidate,RPAD5,0.0038659697132224806
2016,momentum_candidate,RPAD6,0.005444787739295943
2016,momentum_candidate,RPMG3,0.0006708856281507513
2016,momentum_candidate,RSID3,1.1781595828680624e-05
2016,momentum_candidate,RSUL4,0.004210806525865894
2016,momentum_candidate,SANB3,0.004140473720390416
2016,momentum_candidate,SANB4,0.004369746829190694
2016,momentum_candidate,SAPR3,0.00023420493010415798
2016,momentum_candidate,SAPR4,0.0005762705989111638
2016,momentum_candidate,SBSP3,0.003939295572293727
2016,momentum_candidate,SCAR3,0.0018712043030779228
2016,momentum_candidate,SEER3,1.6861081366670342e-05
2016,momentum_candidate,SHOW3,0.0030956258036291227
2016,momentum_candidate,SHUL4,0.0011935042739560596
2016,momentum_candidate,SLCE3,0.005374510874941581
2016,momentum_candidate,SLED3,9.929747256596773e-05
2016,momentum_candidate,SLED4,0.0013137978576322502
2016,momentum_candidate,SMTO3,0.006266439244808046
2016,momentum_candidate,SNSY3,0.002982173308760622
2016,momentum_candidate,SNSY5,3.8243118310239745e-05
2016,momentum_candidate,SOND5,0.0015776885733413675
2016,momentum_candidate,SUZB3,0.14531164119606615
2016,momentum_candidate,SYNE3,0.001385264629707174
2016,momentum_candidate,TAEE3,0.036485388688391726
2016,momentum_candidate,TASA3,6.404576097583648e-05
2016,momentum_candidate,TASA4,3.716200719870032e-05
2016,momentum_candidate,TCSA3,0.0011609955578961119
2016,momentum_candidate,TECN3,0.0002294543779362435
2016,momentum_candidate,TEKA3,5.639958070584567e-06
2016,momentum_candidate,TEKA4,0.0001034235241340473
2016,momentum_candidate,TELB3,0.0009452593701108463
2016,momentum_candidate,TELB4,0.00013970139927375704
2016,momentum_candidate,TEND3,1.6333095188673503e-16
2016,momentum_candidate,TGMA3,4.2426353391771375e-05
2016,momentum_candidate,TOTS3,0.002329479619803051
2016,momentum_candidate,TPIS3,0.000879445049206206
2016,momentum_candidate,TRIS3,0.0013892130161957399
2016,momentum_candidate,TXRX4,0.0007825500125296436
2016,momentum_candidate,UCAS3,0.000984637188567507
2016,momentum_candidate,UGPA3,0.008117546183109735
2016,momentum_candidate,UNIP3,0.004849614397509817
2016,momentum_candidate,UNIP5,0.003576483252878979
2016,momentum_candidate,UNIP6,0.0038569854774153614
2016,momentum_candidate,USIM3,2.591476131645265e-05
2016,momentum_candidate,USIM5,2.9421714357435647e-05
2016,momentum_candidate,USIM6,5.0113903664202115e-05
2016,momentum_candidate,VALE3,0.0005111480411653011
2016,momentum_candidate,VIVR3,3.206237688288204e-06
2016,momentum_candidate,VIVT3,0.002902913303506098
2016,momentum_candidate,VLID3,0.004765417384076862
2016,momentum_candidate,VSTE3,1.9326255363276295e-05
2016,momentum_candidate,VULC3,0.0029850123234805917
2016,momentum_candidate,WEGE3,0.0043361126878407805
2016,momentum_candidate,WHRL3,0.0008835998872356632
2016,momentum_candidate,WHRL4,0.0007108723942759126
2016,momentum_candidate,YDUQ3,0.0002841762438391702
2016,mvo_same_universe,ABCB4,1.4473413777353239e-12
2016,mvo_same_universe,ABEV3,4.115315536924695e-12
2016,mvo_same_universe,ADHM3,2.1586872447541466e-12
2016,mvo_same_universe,AFLT3,2.553177334846834e-12
2016,mvo_same_universe,AGRO3,0.016325546409158443
2016,mvo_same_universe,ALOS3,2.584064323441387e-12
2016,mvo_same_universe,ALPA3,0.03581312634111507
2016,mvo_same_universe,ALPA4,2.600229498623562e-12
2016,mvo_same_universe,AMAR3,7.989657772651912e-13
2016,mvo_same_universe,AMER3,1.3695536774761674e-12
2016,mvo_same_universe,ANIM3,8.129839291323971e-13
2016,mvo_same_universe,AZEV3,1.196518385077169e-12
2016,mvo_same_universe,AZEV4,1.6277969252545814e-12
2016,mvo_same_universe,AZZA3,2.0089868360389338e-12
2016,mvo_same_universe,B3SA3,3.856242357801449e-12
2016,mvo_same_universe,BALM4,1.480176631543122e-12
2016,mvo_same_universe,BAUH4,1.473197805358791e-12
2016,mvo_same_universe,BBAS3,1.1969165598404148e-12
2016,mvo_same_universe,BBDC3,1.4936045798591667e-12
2016,mvo_same_universe,BBDC4,1.2906034689012118e-12
2016,mvo_same_universe,BBSE3,1.4653486847614543e-12
2016,mvo_same_universe,BEEF3,1.0952562762100208e-11
2016,mvo_same_universe,BEES3,2.8155677211521684e-12
2016,mvo_same_universe,BEES4,2.1391065952643666e-12
2016,mvo_same_universe,BGIP3,1.2076450498007298e-12
2016,mvo_same_universe,BGIP4,1.0414465773420888e-12
2016,mvo_same_universe,BHIA3,7.483784240345531e-13
2016,mvo_same_universe,BIED3,1.5631758865775065e-12
2016,mvo_same_universe,BIOM3,2.3217772102454484e-12
2016,mvo_same_universe,BMEB3,0.018120393232209007
2016,mvo_same_universe,BMEB4,2.39242386203253e-12
2016,mvo_same_universe,BMIN3,5.04535749859095e-12
2016,mvo_same_universe,BMIN4,1.8159474625915506e-12
2016,mvo_same_universe,BMKS3,2.0872095610011153e-12
2016,mvo_same_universe,BNBR3,0.015205872244572167
2016,mvo_same_universe,BOBR4,1.393925302406538e-12
2016,mvo_same_universe,BPHA3,3.1691929329101303e-13
2016,mvo_same_universe,BRAP3,8.332276930170472e-13
2016,mvo_same_universe,BRAP4,8.826340346488836e-13
2016,mvo_same_universe,BRKM3,0.022470356440317054
2016,mvo_same_universe,BRKM6,0.09490660160853531
2016,mvo_same_universe,BRPR3,2.7593228918836623e-12
2016,mvo_same_universe,BRSR3,3.507875179295706e-12
2016,mvo_same_universe,BRSR5,1.1344023866415265e-12
2016,mvo_same_universe,BRSR6,9.98337390061025e-13
2016,mvo_same_universe,BSLI3,2.5665517885686507e-12
2016,mvo_same_universe,BSLI4,1.7993071978589263e-12
2016,mvo_same_universe,CAMB3,2.3547607892653064e-12
2016,mvo_same_universe,CBEE3,3.1674860424661533e-12
2016,mvo_same_universe,CEDO3,1.613667843748065e-12
2016,mvo_same_universe,CEDO4,8.765296365795296e-12
2016,mvo_same_universe,CEEB3,2.6757972107692255e-12
2016,mvo_same_universe,CEED3,2.6368657081855307e-12
2016,mvo_same_universe,CEGR3,3.2870478602077414e-12
2016,mvo_same_universe,CGAS3,1.8695875458305874e-12
2016,mvo_same_universe,CGAS5,2.0243751015322736e-12
2016,mvo_same_universe,CGRA3,1.3496518344415533e-12
2016,mvo_same_universe,CGRA4,9.350705810987945e-13
2016,mvo_same_universe,CLSC3,1.6435103734319323e-12
2016,mvo_same_universe,CLSC4,2.134984444421022e-12
2016,mvo_same_universe,CMIG3,9.319291398114471e-13
2016,mvo_same_universe,CMIG4,9.579709502052728e-13
2016,mvo_same_universe,COCE3,1.7356979136178073e-12
2016,mvo_same_universe,COGN3,1.1077882064293894e-12
2016,mvo_same_universe,CPFE3,1.886203229270754e-12
2016,mvo_same_universe,CPLE3,1.239713654343822e-12
2016,mvo_same_universe,CRPG5,1.0820942018345829e-12
2016,mvo_same_universe,CRPG6,8.596959325798444e-13
2016,mvo_same_universe,CSAN3,1.7956619387066054e-12
2016,mvo_same_universe,CSMG3,1.5319236884370697e-12
2016,mvo_same_universe,CSNA3,1.728442359905613e-12
2016,mvo_same_universe,CSUD3,3.0412959318557505e-12
2016,mvo_same_universe,CTAX3,3.006891563469541e-13
2016,mvo_same_universe,CTKA4,1.4631512948666748e-11
2016,mvo_same_universe,CTSA3,2.6504443336469885e-12
2016,mvo_same_universe,CTSA4,1.237265104975061e-12
2016,mvo_same_universe,CVCB3,1.9400037779345153e-12
2016,mvo_same_universe,CYRE3,1.3709198447476678e-12
2016,mvo_same_universe,DASA3,2.500886972665923e-12
2016,mvo_same_universe,DEXP3,5.711078314738046e-13
2016,mvo_same_universe,DIRR3,8.861894395973343e-13
2016,mvo_same_universe,DOHL4,3.665143296721025e-12
2016,mvo_same_universe,DTCY3,0.01257114454511096
2016,mvo_same_universe,DXCO3,1.5086270210620677e-12
2016,mvo_same_universe,EALT3,2.755660040489262e-12
2016,mvo_same_universe,EALT4,1.9945543402532908e-12
2016,mvo_same_universe,ECOR3,1.1233775511480281e-12
2016,mvo_same_universe,ECPR3,1.6053504777368198e-12
2016,mvo_same_universe,ECPR4,2.3547607892653064e-12
2016,mvo_same_universe,EGIE3,2.445031391019017e-12
2016,mvo_same_universe,EKTR3,3.5261216063306592e-12
2016,mvo_same_universe,EKTR4,0.15116047113563014
2016,mvo_same_universe,EMAE4,6.446511747909234e-12
2016,mvo_same_universe,ENEV3,1.6224601720837827e-12
2016,mvo_same_universe,ENGI3,0.0301162106219087
2016,mvo_same_universe,ENGI4,2.517555994536653e-10
2016,mvo_same_universe,ENMT3,4.572227118610755e-12
2016,mvo_same_universe,ENMT4,4.593902881541072e-12
2016,mvo_same_universe,EPAR3,4.069594226847813e-12
2016,mvo_same_universe,EQMA3B,3.624315209359816e-12
2016,mvo_same_universe,EQPA3,0.03866458675838618
2016,mvo_same_universe,EQPA5,6.729270418369008e-12
2016,mvo_same_universe,EQPA6,7.29637297240602e-12
2016,mvo_same_universe,EQPA7,0.1646999152306469
2016,mvo_same_universe,EQTL3,4.539588030804263e-12
2016,mvo_same_universe,ESTR4,5.304188719234757e-11
2016,mvo_same_universe,ETER3,1.4502953951898084e-12
2016,mvo_same_universe,EUCA3,6.692249792545244e-12
2016,mvo_same_universe,EUCA4,2.649008630525534e-12
2016,mvo_same_universe,EVEN3,2.725546930674857e-12
2016,mvo_same_universe,EZTC3,1.1260653422811528e-12
2016,mvo_same_universe,FESA3,1.1741040399461836e-12
2016,mvo_same_universe,FESA4,2.2596230748150146e-12
2016,mvo_same_universe,FHER3,5.850416925772761e-13
2016,mvo_same_universe,FICT3,0.07789146004623894
2016,mvo_same_universe,FLRY3,2.4376502323094456e-12
2016,mvo_same_universe,FRAS3,2.9301984956692354e-12
2016,mvo_same_universe,FRIO3,1.7952129534831486e-12
2016,mvo_same_universe,GEPA3,2.6274086068552763e-12
2016,mvo_same_universe,GEPA4,1.2992156231698596e-12
2016,mvo_same_universe,GFSA3,5.868325938630456e-12
2016,mvo_same_universe,GGBR3,8.876709646957301e-13
2016,mvo_same_universe,GGBR4,9.739364350173668e-13
2016,mvo_same_universe,GOAU3,5.204236390224281e-13
2016,mvo_same_universe,GOAU4,4.777297425366906e-13
2016,mvo_same_universe,GRND3,3.107962264756108e-12
2016,mvo_same_universe,GSHP3,9.2595715166206e-13
2016,mvo_same_universe,HBOR3,7.279175168073953e-13
2016,mvo_same_universe,HOOT4,1.8003973488149793e-12
2016,mvo_same_universe,HYPE3,6.281354293306838e-12
2016,mvo_same_universe,IGTI3,1.0910019779338546e-12
2016,mvo_same_universe,INEP3,4.533277496534633e-12
2016,mvo_same_universe,INEP4,1.4005803157145316e-11
2016,mvo_same_universe,ISAE3,2.1723198501664035e-12
2016,mvo_same_universe,ISAE4,5.391154628350525e-12
2016,mvo_same_universe,ITSA3,2.063649688142493e-12
2016,mvo_same_universe,ITSA4,1.7081773844925363e-12
2016,mvo_same_universe,ITUB3,1.7696248872755052e-12
2016,mvo_same_universe,ITUB4,1.7495645755593109e-12
2016,mvo_same_universe,JFEN3,1.2952071986676953e-12
2016,mvo_same_universe,JHSF3,1.1873472989211423e-12
2016,mvo_same_universe,JOPA3,2.4954111075411706e-12
2016,mvo_same_universe,KEPL3,7.46479706683928e-13
2016,mvo_same_universe,KLBN3,2.3547607892653064e-12
2016,mvo_same_universe,KLBN4,1.209085660888425e-11
2016,mvo_same_universe,LEVE3,4.322728844875589e-12
2016,mvo_same_universe,LIGT3,1.1818478821212349e-12
2016,mvo_same_universe,LOGN3,8.381821369506504e-13
2016,mvo_same_universe,LPSB3,7.521950093050874e-13
2016,mvo_same_universe,LREN3,3.413961401718401e-12
2016,mvo_same_universe,LUPA3,5.152897248867486e-13
2016,mvo_same_universe,LUXM4,1.2412543064759292e-11
2016,mvo_same_universe,MDIA3,1.4097648100059404e-12
2016,mvo_same_universe,MEAL3,7.700194321458174e-13
2016,mvo_same_universe,MGEL4,0.09204730664923222
2016,mvo_same_universe,MGLU3,7.624258827813879e-13
2016,mvo_same_universe,MILS3,6.563748062043102e-13
2016,mvo_same_universe,MNDL3,3.1168810605674025e-12
2016,mvo_same_universe,MNPR3,0.0341163161515956
2016,mvo_same_universe,MRSA3B,2.664669599896035e-12
2016,mvo_same_universe,MRVE3,2.671336853602462e-12
2016,mvo_same_universe,MULT3,1.7127017029848899e-12
2016,mvo_same_universe,MWET4,6.639948934077716e-13
2016,mvo_same_universe,MYPK3,2.750843449840451e-12
2016,mvo_same_universe,NATU3,1.490796628922208e-12
2016,mvo_same_universe,NEXP3,1.0972840364470032e-12
2016,mvo_same_universe,NORD3,3.0471283599493494e-12
2016,mvo_same_universe,NUTR3,5.544213668146063e-13
2016,mvo_same_universe,OFSA3,3.3347657844983368e-12
2016,mvo_same_universe,OIBR3,6.169008018176451e-13
2016,mvo_same_universe,OIBR4,5.797836528838236e-13
2016,mvo_same_universe,OSXB3,1.879642081595826e-12
2016,mvo_same_universe,PCAR3,1.7730225800219762e-12
2016,mvo_same_universe,PDGR3,3.2267881147865516e-13
2016,mvo_same_universe,PDTC3,2.1786699735818126e-12
2016,mvo_same_universe,PEAB3,2.355623954732994e-12
2016,mvo_same_universe,PEAB4,2.6136972047743395e-12
2016,mvo_same_universe,PETR3,2.236652797815497e-12
2016,mvo_same_universe,PETR4,1.2014046366867114e-12
2016,mvo_same_universe,PFRM3,1.0345315093142594e-12
2016,mvo_same_universe,PINE3,2.637553364818123e-12
2016,mvo_same_universe,PINE4,1.3462289839477103e-12
2016,mvo_same_universe,PLAS3,6.140330825686141e-13
2016,mvo_same_universe,PNVL3,1.0402399179854134e-11
2016,mvo_same_universe,POMO3,9.962251072255067e-13
2016,mvo_same_universe,POMO4,1.1912943985698784e-12
2016,mvo_same_universe,POSI3,2.0708466501932326e-12
2016,mvo_same_universe,PRIO3,1.1904129930949997e-12
2016,mvo_same_universe,PSSA3,2.666672181289039e-12
2016,mvo_same_universe,PTBL3,1.0173410752481463e-12
2016,mvo_same_universe,QUAL3,1.076897726074462e-12
2016,mvo_same_universe,RADL3,5.503958285458667e-09
2016,mvo_same_universe,RANI3,2.072008970076508e-12
2016,mvo_same_universe,RAPT3,1.156764294917272e-12
2016,mvo_same_universe,RAPT4,9.96062450403689e-13
2016,mvo_same_universe,RCSL3,0.013100487035591737
2016,mvo_same_universe,RCSL4,0.03546939243799269
2016,mvo_same_universe,REDE3,0.05442449146551711
2016,mvo_same_universe,RENT3,1.5711094778068608e-12
2016,mvo_same_universe,RNEW3,2.5873412138520797e-12
2016,mvo_same_universe,ROMI3,1.1790737347628873e-12
2016,mvo_same_universe,RPAD3,2.9888444062420904e-12
2016,mvo_same_universe,RPAD5,3.9095429251876355e-12
2016,mvo_same_universe,RPAD6,2.050751146842581e-12
2016,mvo_same_universe,RPMG3,1.6143501186426975e-12
2016,mvo_same_universe,RSID3,8.302864080770562e-13
2016,mvo_same_universe,RSUL4,1.231075194514326e-11
2016,mvo_same_universe,SANB3,8.11538330221657e-12
2016,mvo_same_universe,SANB4,4.14467368144789e-12
2016,mvo_same_universe,SAPR3,1.1632215330514057e-12
2016,mvo_same_universe,SAPR4,1.0654748208664152e-12
2016,mvo_same_universe,SBSP3,3.4403138005837145e-12
2016,mvo_same_universe,SCAR3,1.6569965726951757e-12
2016,mvo_same_universe,SEER3,6.629520030294377e-13
2016,mvo_same_universe,SHOW3,5.277964505063172e-12
2016,mvo_same_universe,SHUL4,1.7238383292293655e-12
2016,mvo_same_universe,SLCE3,4.6747421637556945e-12
2016,mvo_same_universe,SLED3,9.136930501561678e-13
2016,mvo_same_universe,SLED4,1.8975588634549622e-12
2016,mvo_same_universe,SMTO3,7.739361729566526e-12
2016,mvo_same_universe,SNSY3,0.026027199301996515
2016,mvo_same_universe,SNSY5,1.5570944936169973e-12
2016,mvo_same_universe,SOND5,1.4494626845960773e-12
2016,mvo_same_universe,SUZB3,2.4202390716718954e-12
2016,mvo_same_universe,SYNE3,1.4043392573748485e-12
2016,mvo_same_universe,TAEE3,2.660646361731616e-12
2016,mvo_same_universe,TASA3,1.0634619274025797e-12
2016,mvo_same_universe,TASA4,6.768107903077938e-13
2016,mvo_same_universe,TCSA3,1.478146654306286e-12
2016,mvo_same_universe,TECN3,1.011985475682865e-12
2016,mvo_same_universe,TEKA3,7.690919595612439e-13
2016,mvo_same_universe,TEKA4,3.774422794077092e-12
2016,mvo_same_universe,TELB3,0.026157067320833918
2016,mvo_same_universe,TELB4,1.0003327795873922e-12
2016,mvo_same_universe,TEND3,2.3547607892653064e-12
2016,mvo_same_universe,TGMA3,6.761856772138068e-13
2016,mvo_same_universe,TOTS3,2.052335004238534e-12
2016,mvo_same_universe,TPIS3,2.453572538672988e-12
2016,mvo_same_universe,TRIS3,2.8558973156924277e-12
2016,mvo_same_universe,TXRX4,3.3653503169767877e-12
2016,mvo_same_universe,UCAS3,1.7154643807030223e-12
2016,mvo_same_universe,UGPA3,3.4378829223360373e-12
2016,mvo_same_universe,UNIP3,5.41558436829256e-11
2016,mvo_same_universe,UNIP5,3.667942353937562e-12
2016,mvo_same_universe,UNIP6,2.448575949380269e-12
2016,mvo_same_universe,USIM3,9.166267265793996e-13
2016,mvo_same_universe,USIM5,7.048310173211566e-13
2016,mvo_same_universe,USIM6,1.114858581800718e-12
2016,mvo_same_universe,VALE3,1.3977328988084843e-12
2016,mvo_same_universe,VIVR3,0.010122730742120323
2016,mvo_same_universe,VIVT3,2.4417272850474123e-12
2016,mvo_same_universe,VLID3,2.8062470538752652e-12
2016,mvo_same_universe,VSTE3,6.011201662742575e-13
2016,mvo_same_universe,VULC3,0.030589317855143003
2016,mvo_same_universe,WEGE3,2.3405064244351084e-12
2016,mvo_same_universe,WHRL3,1.5543803030647723e-12
2016,mvo_same_universe,WHRL4,1.2836011323715706e-12
2016,mvo_same_universe,YDUQ3,1.1459144044867087e-12
2017,momentum_candidate,ABCB4,0.009898848188265596
2017,momentum_candidate,ABEV3,0.0012314126750010916
2017,momentum_candidate,ADHM3,0.0013617647935740256
2017,momentum_candidate,AFLT3,0.0040112221764146755
2017,momentum_candidate,AGRO3,0.0020893852284979246
2017,momentum_candidate,ALOS3,0.0018476104087499614
2017,momentum_candidate,ALPA3,0.001293585715005443
2017,momentum_candidate,ALPA4,0.006608949500561749
2017,momentum_candidate,AMAR3,0.0023684599035920136
2017,momentum_candidate,AMER3,3.563335625307769e-05
2017,momentum_candidate,ANIM3,0.0017080771223787622
2017,momentum_candidate,AZEV3,0.008333550151924163
2017,momentum_candidate,AZEV4,8.972833160945865e-05
2017,momentum_candidate,AZZA3,0.002928565171697622
2017,momentum_candidate,B3SA3,0.007000029358450196
2017,momentum_candidate,BALM4,0.0006258980237238258
2017,momentum_candidate,BAUH4,0.0023659098053063704
2017,momentum_candidate,BBAS3,0.006849662070870553
2017,momentum_candidate,BBDC3,0.007534487093583768
2017,momentum_candidate,BBDC4,0.00755128611888802
2017,momentum_candidate,BBSE3,0.0026202586344359095
2017,momentum_candidate,BEEF3,0.0010284687919399369
2017,momentum_candidate,BEES3,0.007221506678663823
2017,momentum_candidate,BEES4,0.004388588387582535
2017,momentum_candidate,BGIP3,0.005979833957381648
2017,momentum_candidate,BGIP4,0.003667123438952405
2017,momentum_candidate,BHIA3,0.005009856871099769
2017,momentum_candidate,BIED3,0.0010795708896167353
2017,momentum_candidate,BIOM3,0.0012270778745563221
2017,momentum_candidate,BMEB3,0.00018683167170629287
2017,momentum_candidate,BMEB4,0.0020605687005863503
2017,momentum_candidate,BMIN3,1.4325650469019982e-05
2017,momentum_candidate,BMIN4,0.0045471760637152345
2017,momentum_candidate,BMKS3,0.002347081045250045
2017,momentum_candidate,BNBR3,0.0009131616798367228
2017,momentum_candidate,BOBR4,0.0016249826624481806
2017,momentum_candidate,BPHA3,0.00011485977917913044
2017,momentum_candidate,BRAP3,0.007588014918244985
2017,momentum_candidate,BRAP4,0.00720151245079575
2017,momentum_candidate,BRKM3,0.008824710831409895
2017,momentum_candidate,BRKM6,0.007828801886270984
2017,momentum_candidate,BRPR3,0.0004713325254030849
2017,momentum_candidate,BRSR3,0.002054671071898855
2017,momentum_candidate,BRSR5,0.002605904742159539
2017,momentum_candidate,BRSR6,0.007994884656111166
2017,momentum_candidate,BSLI3,0.01651275357477285
2017,momentum_candidate,BSLI4,0.004223716318746504
2017,momentum_candidate,CAMB3,8.208110539954969e-08
2017,momentum_candidate,CBEE3,0.0007799071168998362
2017,momentum_candidate,CEDO3,0.0002439304393198545
2017,momentum_candidate,CEDO4,7.250341820652402e-07
2017,momentum_candidate,CEEB3,0.00361973295509247
2017,momentum_candidate,CEED3,0.002982287359744713
2017,momentum_candidate,CEGR3,0.004188836045441198
2017,momentum_candidate,CGAS3,0.007590894281741373
2017,momentum_candidate,CGAS5,0.007896314065470797
2017,momentum_candidate,CGRA3,0.005516962918787037
2017,momentum_candidate,CGRA4,0.009521013755491541
2017,momentum_candidate,CLSC3,0.0006314797951957491
2017,momentum_candidate,CLSC4,0.009630252508754182
2017,momentum_candidate,CMIG3,0.002647322318249204
2017,momentum_candidate,CMIG4,0.003126283994814068
2017,momentum_candidate,COCE3,0.004152456620803607
2017,momentum_candidate,COGN3,0.00409156200478212
2017,momentum_candidate,CPFE3,0.011357496309497417
2017,momentum_candidate,CPLE3,0.0025901558204737118
2017,momentum_candidate,CRPG5,0.0044077110912383605
2017,momentum_candidate,CRPG6,0.004058356479101957
2017,momentum_candidate,CSAN3,0.008428138158698278
2017,momentum_candidate,CSMG3,0.010996480923816068
2017,momentum_candidate,CSNA3,0.005438478330581239
2017,momentum_candidate,CSUD3,0.007598302095033325
2017,momentum_candidate,CTAX3,5.405366789448443e-05
2017,momentum_candidate,CTKA4,3.615185566157248e-05
2017,momentum_candidate,CTSA3,4.718295310888313e-05
2017,momentum_candidate,CTSA4,0.00109925559108835
2017,momentum_candidate,CVCB3,0.009833052602665503
2017,momentum_candidate,CYRE3,0.004892013322060948
2017,momentum_candidate,DASA3,0.007106879534253486
2017,momentum_candidate,DEXP3,0.00416851097104208
2017,momentum_candidate,DIRR3,0.003587614427745733
2017,momentum_candidate,DOHL4,0.0007875218595347475
2017,momentum_candidate,DTCY3,0.0001658200474717263
2017,momentum_candidate,DXCO3,0.0019864089450454163
2017,momentum_candidate,EALT3,0.02872691259389138
2017,momentum_candidate,EALT4,0.00027369126758920254
2017,momentum_candidate,ECOR3,0.006470865264374286
2017,momentum_candidate,ECPR3,0.005842724547051363
2017,momentum_candidate,ECPR4,0.0002924830020610539
2017,momentum_candidate,EGIE3,0.0031958140972019877
2017,momentum_candidate,EKTR3,0.0009296752729550601
2017,momentum_candidate,EKTR4,0.001998377314628925
2017,momentum_candidate,EMAE4,0.007066404155600174
2017,momentum_candidate,ENEV3,0.00015421354706117806
2017,momentum_candidate,ENGI3,0.001456579288724375
2017,momentum_candidate,ENGI4,0.003049313737626271
2017,momentum_candidate,ENMT3,0.0030205474617249605
2017,momentum_candidate,ENMT4,0.004733476691287007
2017,momentum_candidate,EPAR3,7.000626644360202e-05
2017,momentum_candidate,EQMA3B,0.005458312681436314
2017,momentum_candidate,EQPA3,0.0023456005632395403
2017,momentum_candidate,EQPA5,0.0043108966968445584
2017,momentum_candidate,EQPA6,0.008127428033838818
2017,momentum_candidate,EQPA7,0.003953954170666736
2017,momentum_candidate,EQTL3,0.01123805756646663
2017,momentum_candidate,ESTR4,0.002858905229409337
2017,momentum_candidate,ETER3,5.3770115138174814e-05
2017,momentum_candidate,EUCA3,2.003472384788099e-06
2017,momentum_candidate,EUCA4,0.0004929503497056954
2017,momentum_candidate,EVEN3,0.0004699767936660578
2017,momentum_candidate,EZTC3,0.004674282388255498
2017,momentum_candidate,FESA3,0.002127434714839601
2017,momentum_candidate,FESA4,0.002957239586850431
2017,momentum_candidate,FHER3,0.0036488220604431842
2017,momentum_candidate,FICT3,0.00010052820071711056
2017,momentum_candidate,FLRY3,0.014559976554099949
2017,momentum_candidate,FRAS3,0.0017222406853058265
2017,momentum_candidate,FRIO3,0.0013166444058910793
2017,momentum_candidate,GEPA3,0.0003501078861821489
2017,momentum_candidate,GEPA4,0.0009245110302781571
2017,momentum_candidate,GFSA3,0.00011277590514563434
2017,momentum_candidate,GGBR3,0.006567094735114419
2017,momentum_candidate,GGBR4,0.006286093046980786
2017,momentum_candidate,GOAU3,0.006463867135916691
2017,momentum_candidate,GOAU4,0.005928336414145916
2017,momentum_candidate,GRND3,0.002452028262200136
2017,momentum_candidate,GSHP3,0.003467103134661126
2017,momentum_candidate,HBOR3,0.0003416547240206519
2017,momentum_candidate,HOOT4,0.0010234333059023872
2017,momentum_candidate,HYPE3,0.004167564940289444
2017,momentum_candidate,IGTI3,1.4164264029117798e-05
2017,momentum_candidate,INEP3,0.00024378798924617725
2017,momentum_candidate,INEP4,0.00027091744744166957
2017,momentum_candidate,ISAE3,0.00826053631944098
2017,momentum_candidate,ISAE4,0.009229567912347815
2017,momentum_candidate,ITSA3,0.004827651931637228
2017,momentum_candidate,ITSA4,0.005650543612540943
2017,momentum_candidate,ITUB3,0.006137365611443067
2017,momentum_candidate,ITUB4,0.006336616112466956
2017,momentum_candidate,JFEN3,6.972604588188086e-05
2017,momentum_candidate,JHSF3,0.0012379498964794784
2017,momentum_candidate,JOPA3,0.00977167347391837
2017,momentum_candidate,KEPL3,0.002163157189782658
2017,momentum_candidate,KLBN3,0.002463463152710773
2017,momentum_candidate,KLBN4,0.00022553662244012218
2017,momentum_candidate,LEVE3,0.00041964367820422393
2017,momentum_candidate,LIGT3,0.006652876014285163
2017,momentum_candidate,LOGN3,2.0529225386430756e-06
2017,momentum_candidate,LPSB3,0.005344436540697158
2017,momentum_candidate,LREN3,0.005483464480757036
2017,momentum_candidate,LUPA3,0.0015942865247641344
2017,momentum_candidate,LUXM4,0.010151744434207017
2017,momentum_candidate,MDIA3,0.010626918521051831
2017,momentum_candidate,MEAL3,0.0029187021764558087
2017,momentum_candidate,MGEL4,0.000944675195454065
2017,momentum_candidate,MGLU3,0.006016962656291366
2017,momentum_candidate,MILS3,0.0034229335863574413
2017,momentum_candidate,MNDL3,0.0046260530359671
2017,momentum_candidate,MNPR3,2.5515009969830292e-05
2017,momentum_candidate,MRSA3B,3.416283719151562e-05
2017,momentum_candidate,MRVE3,0.004895538422958438
2017,momentum_candidate,MULT3,0.007801963400209056
2017,momentum_candidate,MWET4,0.0009071233451672997
2017,momentum_candidate,MYPK3,0.0006402424753895378
2017,momentum_candidate,NATU3,0.0006688632364435409
2017,momentum_candidate,NEXP3,0.0003330771707235646
2017,momentum_candidate,NORD3,0.0049398985400724345
2017,momentum_candidate,NUTR3,5.415047409009986e-06
2017,momentum_candidate,OFSA3,0.00038255331353381463
2017,momentum_candidate,OIBR3,0.00039879416063475366
2017,momentum_candidate,OIBR4,0.0009101774325652901
2017,momentum_candidate,OSXB3,0.00046412831389183257
2017,momentum_candidate,PCAR3,0.00041191047927009153
2017,momentum_candidate,PDGR3,2.135244026826528e-05
2017,momentum_candidate,PDTC3,3.106423297160465e-07
2017,momentum_candidate,PEAB3,0.006081979098376235
2017,momentum_candidate,PEAB4,0.0035517910245206757
2017,momentum_candidate,PETR3,0.0060071340432635454
2017,momentum_candidate,PETR4,0.006402522459188665
2017,momentum_candidate,PFRM3,0.006438845369534578
2017,momentum_candidate,PINE3,0.024790269089812314
2017,momentum_candidate,PINE4,0.0032071997540964715
2017,momentum_candidate,PLAS3,0.0034165592731146438
2017,momentum_candidate,PNVL3,0.010626176399496787
2017,momentum_candidate,POMO3,0.003247615809854631
2017,momentum_candidate,POMO4,0.005301561670335708
2017,momentum_candidate,POSI3,0.0038073383755559635
2017,momentum_candidate,PRIO3,0.0031275250353597697
2017,momentum_candidate,PSSA3,0.000592349814841979
2017,momentum_candidate,PTBL3,0.0011866264501254385
2017,momentum_candidate,QUAL3,0.005613317078449811
2017,momentum_candidate,RADL3,0.011698014282972234
2017,momentum_candidate,RAIL3,0.00048545618716464933
2017,momentum_candidate,RANI3,0.00018767946846335104
2017,momentum_candidate,RAPT3,0.002143206884317315
2017,momentum_candidate,RAPT4,0.0031120726685960284
2017,momentum_candidate,RCSL3,0.00010973603327570002
2017,momentum_candidate,RCSL4,8.727923793942143e-06
2017,momentum_candidate,REDE3,0.005688258123560831
2017,momentum_candidate,RENT3,0.004238015623856277
2017,momentum_candidate,RNEW3,1.9538829692697638e-05
2017,momentum_candidate,ROMI3,0.0033410488416474662
2017,momentum_candidate,RPAD3,0.0018731762654317272
2017,momentum_candidate,RPAD5,0.004467639173236793
2017,momentum_candidate,RPAD6,0.006361119765437324
2017,momentum_candidate,RPMG3,0.005373183318912859
2017,momentum_candidate,RSID3,8.635083950030046e-05
2017,momentum_candidate,RSUL4,3.145807418643182e-16
2017,momentum_candidate,SANB3,0.008926585086518068
2017,momentum_candidate,SANB4,0.004822576765991635
2017,momentum_candidate,SAPR3,0.003267384883563193
2017,momentum_candidate,SAPR4,0.011031665543523984
2017,momentum_candidate,SBSP3,0.006944927343063257
2017,momentum_candidate,SCAR3,0.002822099706760363
2017,momentum_candidate,SEER3,0.007462546599482898
2017,momentum_candidate,SHOW3,0.007123474205178574
2017,momentum_candidate,SHUL4,0.001885178406917765
2017,momentum_candidate,SLCE3,0.0006208887455032325
2017,momentum_candidate,SLED3,0.004564576923382803
2017,momentum_candidate,SLED4,6.57766965607512e-05
2017,momentum_candidate,SMTO3,0.004744025133408446
2017,momentum_candidate,SNSY3,1.576381590765998e-05
2017,momentum_candidate,SNSY5,0.0007500670516664543
2017,momentum_candidate,SOND5,0.0006265576077686904
2017,momentum_candidate,SUZB3,0.03353182434164381
2017,momentum_candidate,SYNE3,0.002064908639347174
2017,momentum_candidate,TAEE3,0.014932449438288833
2017,momentum_candidate,TASA3,0.00016422778894686218
2017,momentum_candidate,TASA4,0.004411483796114845
2017,momentum_candidate,TCSA3,0.0008830861470298482
2017,momentum_candidate,TECN3,0.0011966725810140645
2017,momentum_candidate,TEKA3,2.6859478166242156e-08
2017,momentum_candidate,TEKA4,1.2055856017550603e-05
2017,momentum_candidate,TELB3,0.0003475615251748214
2017,momentum_candidate,TELB4,0.0015900101319287591
2017,momentum_candidate,TEND3,3.145807418643182e-16
2017,momentum_candidate,TGMA3,0.006232712750534307
2017,momentum_candidate,TOTS3,0.0001547786146911518
2017,momentum_candidate,TPIS3,6.591017079372476e-05
2017,momentum_candidate,TRIS3,0.0012007659466273207
2017,momentum_candidate,TXRX4,0.0011986178607488733
2017,momentum_candidate,UCAS3,0.0047037248759427405
2017,momentum_candidate,UGPA3,0.0030532962380595695
2017,momentum_candidate,UNIP3,0.00463826110205435
2017,momentum_candidate,UNIP5,0.0052141376627859466
2017,momentum_candidate,UNIP6,0.012466187972533382
2017,momentum_candidate,USIM3,0.004015213078077123
2017,momentum_candidate,USIM5,0.004971533407689318
2017,momentum_candidate,USIM6,0.002598850630560028
2017,momentum_candidate,VALE3,0.005664085712306234
2017,momentum_candidate,VIVR3,2.5371634368376278e-05
2017,momentum_candidate,VIVT3,0.0024977649241002616
2017,momentum_candidate,VLID3,3.990917442519301e-05
2017,momentum_candidate,VSTE3,0.0035414932450694913
2017,momentum_candidate,VULC3,0.0010955746668912748
2017,momentum_candidate,WEGE3,0.0014783186080323234
2017,momentum_candidate,WHRL3,0.0011142361633921806
2017,momentum_candidate,WHRL4,0.0027951484951434535
2017,momentum_candidate,WIZC3,0.007079711346630603
2017,momentum_candidate,YDUQ3,0.0026895769779784165
2017,mvo_same_universe,ABCB4,1.4425826463595948e-11
2017,mvo_same_universe,ABEV3,3.320497130624977e-12
2017,mvo_same_universe,ADHM3,0.013343643343967142
2017,mvo_same_universe,AFLT3,7.988043329173498e-12
2017,mvo_same_universe,AGRO3,4.0603661476205275e-12
2017,mvo_same_universe,ALOS3,3.931270736048616e-12
2017,mvo_same_universe,ALPA3,3.846320979893831e-12
2017,mvo_same_universe,ALPA4,5.268794400090799e-12
2017,mvo_same_universe,AMAR3,3.690560323207856e-12
2017,mvo_same_universe,AMER3,2.595291214728919e-12
2017,mvo_same_universe,ANIM3,4.229660710550119e-12
2017,mvo_same_universe,AZEV3,1.0614145637619263e-11
2017,mvo_same_universe,AZEV4,3.4913741171966635e-12
2017,mvo_same_universe,AZZA3,4.330493727556928e-12
2017,mvo_same_universe,B3SA3,4.77274291912605e-12
2017,mvo_same_universe,BALM4,3.9454353884251865e-12
2017,mvo_same_universe,BAUH4,4.513626148007095e-12
2017,mvo_same_universe,BBAS3,5.247755239138113e-12
2017,mvo_same_universe,BBDC3,4.5632024058193565e-12
2017,mvo_same_universe,BBDC4,5.006987036878854e-12
2017,mvo_same_universe,BBSE3,4.007686346695071e-12
2017,mvo_same_universe,BEEF3,3.459123127112573e-12
2017,mvo_same_universe,BEES3,6.8788692215519094e-12
2017,mvo_same_universe,BEES4,7.909982966586495e-12
2017,mvo_same_universe,BGIP3,5.0220004978364385e-12
2017,mvo_same_universe,BGIP4,5.466645827567773e-12
2017,mvo_same_universe,BHIA3,0.03718360766567905
2017,mvo_same_universe,BIED3,3.921015579912659e-12
2017,mvo_same_universe,BIOM3,4.9612070394457315e-12
2017,mvo_same_universe,BMEB3,3.164639851932762e-12
2017,mvo_same_universe,BMEB4,4.264940520080216e-12
2017,mvo_same_universe,BMIN3,2.3548657038349826e-12
2017,mvo_same_universe,BMIN4,0.04642048719505977
2017,mvo_same_universe,BMKS3,7.603540666255345e-12
2017,mvo_same_universe,BNBR3,3.639473586115619e-12
2017,mvo_same_universe,BOBR4,7.1371529427014125e-12
2017,mvo_same_universe,BPHA3,5.016343589835402e-12
2017,mvo_same_universe,BRAP3,3.4823175824558676e-11
2017,mvo_same_universe,BRAP4,4.263745752116427e-11
2017,mvo_same_universe,BRKM3,2.9329782381010674e-11
2017,mvo_same_universe,BRKM6,0.1716696704878725
2017,mvo_same_universe,BRPR3,3.1983937480038858e-12
2017,mvo_same_universe,BRSR3,5.368087198131312e-12
2017,mvo_same_universe,BRSR5,0.034630237417813965
2017,mvo_same_universe,BRSR6,6.282814588061686e-12
2017,mvo_same_universe,BSLI3,3.875779116145309e-12
2017,mvo_same_universe,BSLI4,4.536738659957164e-12
2017,mvo_same_universe,CAMB3,1.8908425909366514e-12
2017,mvo_same_universe,CBEE3,4.97531151225351e-12
2017,mvo_same_universe,CEDO3,3.174386598081869e-12
2017,mvo_same_universe,CEDO4,2.6193733156752522e-12
2017,mvo_same_universe,CEEB3,3.5661406510475002e-12
2017,mvo_same_universe,CEED3,9.560251823688629e-12
2017,mvo_same_universe,CEGR3,4.388216123221714e-12
2017,mvo_same_universe,CGAS3,6.252552494247252e-12
2017,mvo_same_universe,CGAS5,5.627544971847457e-12
2017,mvo_same_universe,CGRA3,1.1806080080811248e-11
2017,mvo_same_universe,CGRA4,2.0859791757974545e-11
2017,mvo_same_universe,CLSC3,3.0904558477235955e-12
2017,mvo_same_universe,CLSC4,5.7468267021274364e-12
2017,mvo_same_universe,CMIG3,3.648675902945409e-12
2017,mvo_same_universe,CMIG4,3.6927016256973015e-12
2017,mvo_same_universe,COCE3,4.451987784827033e-12
2017,mvo_same_universe,COGN3,4.244351972725055e-12
2017,mvo_same_universe,CPFE3,6.9221560764716216e-12
2017,mvo_same_universe,CPLE3,3.5975577814388597e-12
2017,mvo_same_universe,CRPG5,0.013978593231320412
2017,mvo_same_universe,CRPG6,0.009163627446942595
2017,mvo_same_universe,CSAN3,5.317144797298669e-12
2017,mvo_same_universe,CSMG3,3.20658668554122e-11
2017,mvo_same_universe,CSNA3,1.0073902076912616e-11
2017,mvo_same_universe,CSUD3,1.0712193310193716e-11
2017,mvo_same_universe,CTAX3,3.767380498570114e-12
2017,mvo_same_universe,CTKA4,3.231037363815017e-12
2017,mvo_same_universe,CTSA3,3.0833950351831304e-12
2017,mvo_same_universe,CTSA4,3.663776821073854e-12
2017,mvo_same_universe,CVCB3,8.42721930895942e-12
2017,mvo_same_universe,CYRE3,4.444746849128453e-12
2017,mvo_same_universe,DASA3,4.9704358528621326e-09
2017,mvo_same_universe,DEXP3,0.057015761958026344
2017,mvo_same_universe,DIRR3,3.7650046129272825e-12
2017,mvo_same_universe,DOHL4,3.547685223503966e-12
2017,mvo_same_universe,DTCY3,3.948967121573291e-12
2017,mvo_same_universe,DXCO3,3.5819112882344317e-12
2017,mvo_same_universe,EALT3,3.770317302132402e-12
2017,mvo_same_universe,EALT4,3.4806360684533596e-12
2017,mvo_same_universe,ECOR3,4.6595368741821825e-12
2017,mvo_same_universe,ECPR3,3.603058333381546e-12
2017,mvo_same_universe,ECPR4,3.098955932313507e-12
2017,mvo_same_universe,EGIE3,3.498401614879487e-12
2017,mvo_same_universe,EKTR3,3.49069552933132e-12
2017,mvo_same_universe,EKTR4,4.9066097542761006e-12
2017,mvo_same_universe,EMAE4,4.698537859666112e-10
2017,mvo_same_universe,ENEV3,4.61191160545969e-12
2017,mvo_same_universe,ENGI3,1.3904837678468402e-09
2017,mvo_same_universe,ENGI4,6.052278937981058e-12
2017,mvo_same_universe,ENMT3,0.015785793783996905
2017,mvo_same_universe,ENMT4,4.130896752620849e-12
2017,mvo_same_universe,EPAR3,3.032888413503077e-12
2017,mvo_same_universe,EQMA3B,4.901781347015618e-12
2017,mvo_same_universe,EQPA3,7.35407632602712e-12
2017,mvo_same_universe,EQPA5,7.81926513180174e-11
2017,mvo_same_universe,EQPA6,4.009186690879313e-12
2017,mvo_same_universe,EQPA7,5.634804804023841e-12
2017,mvo_same_universe,EQTL3,5.42110136872213e-12
2017,mvo_same_universe,ESTR4,8.073151630937065e-12
2017,mvo_same_universe,ETER3,2.5833772286484326e-12
2017,mvo_same_universe,EUCA3,2.3931695599653503e-12
2017,mvo_same_universe,EUCA4,4.004341436912788e-12
2017,mvo_same_universe,EVEN3,2.9794988122928523e-12
2017,mvo_same_universe,EZTC3,4.234594653983375e-12
2017,mvo_same_universe,FESA3,8.371246573823981e-12
2017,mvo_same_universe,FESA4,4.3705803862350134e-12
2017,mvo_same_universe,FHER3,6.098274915952822e-12
2017,mvo_same_universe,FICT3,3.5166195088448772e-12
2017,mvo_same_universe,FLRY3,6.706650267567307e-11
2017,mvo_same_universe,FRAS3,4.1544448539536674e-12
2017,mvo_same_universe,FRIO3,4.1972299911611966e-12
2017,mvo_same_universe,GEPA3,3.1424866536175665e-12
2017,mvo_same_universe,GEPA4,3.790119667134391e-12
2017,mvo_same_universe,GFSA3,2.696685509301583e-12
2017,mvo_same_universe,GGBR3,9.239028247378831e-12
2017,mvo_same_universe,GGBR4,9.871712242408285e-12
2017,mvo_same_universe,GOAU3,2.6596640391606472e-11
2017,mvo_same_universe,GOAU4,3.0676084614260386e-11
2017,mvo_same_universe,GRND3,3.954464938988684e-12
2017,mvo_same_universe,GSHP3,7.875563813107384e-12
2017,mvo_same_universe,HBOR3,3.3044756173136455e-12
2017,mvo_same_universe,HOOT4,4.14906070838305e-12
2017,mvo_same_universe,HYPE3,3.96957625312112e-12
2017,mvo_same_universe,IGTI3,2.4436190630858308e-12
2017,mvo_same_universe,INEP3,3.742556974462774e-12
2017,mvo_same_universe,INEP4,4.345652739250872e-12
2017,mvo_same_universe,ISAE3,5.614310386465953e-12
2017,mvo_same_universe,ISAE4,5.516414224979862e-12
2017,mvo_same_universe,ITSA3,4.083132187936806e-12
2017,mvo_same_universe,ITSA4,4.090891579986495e-12
2017,mvo_same_universe,ITUB3,4.24705572467297e-12
2017,mvo_same_universe,ITUB4,4.22202064183804e-12
2017,mvo_same_universe,JFEN3,3.2386279876156203e-12
2017,mvo_same_universe,JHSF3,3.5543068804884086e-12
2017,mvo_same_universe,JOPA3,1.3087915693901733e-11
2017,mvo_same_universe,KEPL3,4.416573266894389e-12
2017,mvo_same_universe,KLBN3,0.034496957508423104
2017,mvo_same_universe,KLBN4,3.000071203193436e-12
2017,mvo_same_universe,LEVE3,2.9867473161536948e-12
2017,mvo_same_universe,LIGT3,6.025386678539547e-12
2017,mvo_same_universe,LOGN3,2.37768402251125e-12
2017,mvo_same_universe,LPSB3,6.289404014976449e-12
2017,mvo_same_universe,LREN3,4.602553203849002e-12
2017,mvo_same_universe,LUPA3,0.019340268994633
2017,mvo_same_universe,LUXM4,3.897259809528309e-12
2017,mvo_same_universe,MDIA3,8.31767434526881e-12
2017,mvo_same_universe,MEAL3,4.8464443410908365e-12
2017,mvo_same_universe,MGEL4,0.032784824783378935
2017,mvo_same_universe,MGLU3,0.21660909489202415
2017,mvo_same_universe,MILS3,4.058582391961837e-12
2017,mvo_same_universe,MNDL3,1.1081672779364776e-10
2017,mvo_same_universe,MNPR3,0.02055017845801895
2017,mvo_same_universe,MRSA3B,2.631190742002507e-12
2017,mvo_same_universe,MRVE3,4.3553528062635804e-12
2017,mvo_same_universe,MULT3,4.617077225683373e-12
2017,mvo_same_universe,MWET4,1.2959255991702249e-11
2017,mvo_same_universe,MYPK3,3.1691141952636377e-12
2017,mvo_same_universe,NATU3,3.2099817507217198e-12
2017,mvo_same_universe,NEXP3,3.338977923812463e-12
2017,mvo_same_universe,NORD3,5.290071421146193e-12
2017,mvo_same_universe,NUTR3,2.6990647111039808e-12
2017,mvo_same_universe,OFSA3,2.9392587505856065e-12
2017,mvo_same_universe,OIBR3,5.957833196713658e-12
2017,mvo_same_universe,OIBR4,8.20801499750317e-12
2017,mvo_same_universe,OSXB3,6.562412877746186e-12
2017,mvo_same_universe,PCAR3,3.465225029059582e-12
2017,mvo_same_universe,PDGR3,4.1602072312979e-12
2017,mvo_same_universe,PDTC3,2.363090704570419e-12
2017,mvo_same_universe,PEAB3,4.725840951447198e-12
2017,mvo_same_universe,PEAB4,6.1451476183594835e-12
2017,mvo_same_universe,PETR3,5.910509849338018e-12
2017,mvo_same_universe,PETR4,7.013934960512635e-12
2017,mvo_same_universe,PFRM3,9.3788730527089e-12
2017,mvo_same_universe,PINE3,3.825384216692447e-12
2017,mvo_same_universe,PINE4,4.470834422374118e-12
2017,mvo_same_universe,PLAS3,6.345018134236556e-09
2017,mvo_same_universe,PNVL3,1.2557327327518466e-09
2017,mvo_same_universe,POMO3,5.190764247413873e-12
2017,mvo_same_universe,POMO4,7.009176657654009e-12
2017,mvo_same_universe,POSI3,7.544990067906007e-12
2017,mvo_same_universe,PRIO3,0.009935908993150477
2017,mvo_same_universe,PSSA3,3.012311496193668e-12
2017,mvo_same_universe,PTBL3,3.386170386557883e-12
2017,mvo_same_universe,QUAL3,6.134645608941899e-12
2017,mvo_same_universe,RADL3,6.432677860623542e-12
2017,mvo_same_universe,RAIL3,3.313799761116361e-12
2017,mvo_same_universe,RANI3,3.3292967133801687e-12
2017,mvo_same_universe,RAPT3,4.435672856935016e-12
2017,mvo_same_universe,RAPT4,4.6347251895968395e-12
2017,mvo_same_universe,RCSL3,0.03035702923577869
2017,mvo_same_universe,RCSL4,2.7949418578964144e-12
2017,mvo_same_universe,REDE3,1.744975134928873e-11
2017,mvo_same_universe,RENT3,4.470105057625435e-12
2017,mvo_same_universe,RNEW3,2.5098167467541478e-12
2017,mvo_same_universe,ROMI3,4.7916480304671704e-12
2017,mvo_same_universe,RPAD3,4.892223870956878e-12
2017,mvo_same_universe,RPAD5,4.012645693133584e-12
2017,mvo_same_universe,RPAD6,6.117291129384793e-12
2017,mvo_same_universe,RPMG3,1.9319223055049407e-09
2017,mvo_same_universe,RSID3,2.827318532283288e-12
2017,mvo_same_universe,RSUL4,3.710393237522529e-12
2017,mvo_same_universe,SANB3,1.3736466716038055e-11
2017,mvo_same_universe,SANB4,5.8636903164031416e-12
2017,mvo_same_universe,SAPR3,9.917164888755326e-12
2017,mvo_same_universe,SAPR4,0.15993722945612127
2017,mvo_same_universe,SBSP3,4.8563866383405756e-12
2017,mvo_same_universe,SCAR3,4.061129565115733e-12
2017,mvo_same_universe,SEER3,1.1491207341101544e-11
2017,mvo_same_universe,SHOW3,1.1882317856753927e-11
2017,mvo_same_universe,SHUL4,3.981849626191403e-12
2017,mvo_same_universe,SLCE3,3.1644029626063095e-12
2017,mvo_same_universe,SLED3,0.012024551952870182
2017,mvo_same_universe,SLED4,2.9144718231466478e-12
2017,mvo_same_universe,SMTO3,4.9390482803559156e-12
2017,mvo_same_universe,SNSY3,2.813877331863881e-12
2017,mvo_same_universe,SNSY5,9.980707413469166e-12
2017,mvo_same_universe,SOND5,3.712700053916876e-12
2017,mvo_same_universe,SUZB3,3.748729781922985e-12
2017,mvo_same_universe,SYNE3,4.255924658377104e-12
2017,mvo_same_universe,TAEE3,4.06852353285973e-12
2017,mvo_same_universe,TASA3,3.6372018312903177e-12
2017,mvo_same_universe,TASA4,9.613481078363644e-12
2017,mvo_same_universe,TCSA3,3.426817428122875e-12
2017,mvo_same_universe,TECN3,3.887771003054053e-12
2017,mvo_same_universe,TEKA3,0.0012428834074689143
2017,mvo_same_universe,TEKA4,3.0948050057044016e-12
2017,mvo_same_universe,TELB3,3.704687127894057e-12
2017,mvo_same_universe,TELB4,0.03229079102639543
2017,mvo_same_universe,TEND3,3.710393237522529e-12
2017,mvo_same_universe,TGMA3,7.328734584783546e-12
2017,mvo_same_universe,TOTS3,3.124205609773676e-12
2017,mvo_same_universe,TPIS3,2.98071359498799e-12
2017,mvo_same_universe,TRIS3,3.924713326596044e-12
2017,mvo_same_universe,TXRX4,1.1312511483394375e-11
2017,mvo_same_universe,UCAS3,4.756074979434028e-12
2017,mvo_same_universe,UGPA3,3.971719165160059e-12
2017,mvo_same_universe,UNIP3,6.831539770808864e-12
2017,mvo_same_universe,UNIP5,6.585237479383014e-12
2017,mvo_same_universe,UNIP6,9.334488353500516e-12
2017,mvo_same_universe,USIM3,1.0343189155948693e-11
2017,mvo_same_universe,USIM5,9.551334347565367e-12
2017,mvo_same_universe,USIM6,0.031238709295260205
2017,mvo_same_universe,VALE3,8.309684304658425e-12
2017,mvo_same_universe,VIVR3,1.3149030030403567e-07
2017,mvo_same_universe,VIVT3,3.990779964558825e-12
2017,mvo_same_universe,VLID3,2.4864630977464046e-12
2017,mvo_same_universe,VSTE3,7.932289093052249e-12
2017,mvo_same_universe,VULC3,4.2263879282489305e-12
2017,mvo_same_universe,WEGE3,3.4751805187228677e-12
2017,mvo_same_universe,WHRL3,3.886482807691495e-12
2017,mvo_same_universe,WHRL4,5.925293568380022e-12
2017,mvo_same_universe,WIZC3,5.765120897137574e-12
2017,mvo_same_universe,YDUQ3,4.720342916805268e-12
2018,momentum_candidate,ABCB4,0.003647231337900221
2018,momentum_candidate,ABEV3,0.007674831648691827
2018,momentum_candidate,ADHM3,1.111536398938903e-05
2018,momentum_candidate,AFLT3,0.004293996175616322
2018,momentum_candidate,AGRO3,0.0037935163130977927
2018,momentum_candidate,ALOS3,0.008658510209964934
2018,momentum_candidate,ALPA3,0.007646154336330522
2018,momentum_candidate,ALPA4,0.009180191333032408
2018,momentum_candidate,ALUP3,0.000796412896637723
2018,momentum_candidate,ALUP4,0.0013602645325548066
2018,momentum_candidate,AMAR3,0.001177276361152402
2018,momentum_candidate,AMER3,0.0064306759125462975
2018,momentum_candidate,ANIM3,0.010042950693996
2018,momentum_candidate,AZEV3,0.00857868638776755
2018,momentum_candidate,AZEV4,0.00046110311517346
2018,momentum_candidate,AZZA3,0.009881982355102509
2018,momentum_candidate,B3SA3,0.006648316759747668
2018,momentum_candidate,BALM4,0.000973999805899202
2018,momentum_candidate,BAUH4,0.0016317020508955882
2018,momentum_candidate,BBAS3,0.0016311149734885499
2018,momentum_candidate,BBDC3,0.0035682036373741134
2018,momentum_candidate,BBDC4,0.004450445770334371
2018,momentum_candidate,BBSE3,0.0013753494249457816
2018,momentum_candidate,BEEF3,0.00035060099048760633
2018,momentum_candidate,BEES3,0.005707128752842596
2018,momentum_candidate,BEES4,0.0038203578142355253
2018,momentum_candidate,BGIP3,0.00730897922228112
2018,momentum_candidate,BGIP4,0.010248147598535274
2018,momentum_candidate,BHIA3,0.007384866099529747
2018,momentum_candidate,BIED3,0.007532394258569842
2018,momentum_candidate,BIOM3,0.0027774636492383224
2018,momentum_candidate,BMEB3,0.0014868856290347762
2018,momentum_candidate,BMEB4,0.0033179006290731624
2018,momentum_candidate,BMIN3,0.0005749597368766474
2018,momentum_candidate,BMIN4,8.906172392151209e-06
2018,momentum_candidate,BMKS3,0.00391361410578382
2018,momentum_candidate,BNBR3,0.0072030558342722996
2018,momentum_candidate,BOBR4,0.0039029519872206264
2018,momentum_candidate,BPAC3,0.0027941125173765115
2018,momentum_candidate,BPHA3,3.380304428636628e-05
2018,momentum_candidate,BRAP3,0.008129360625086197
2018,momentum_candidate,BRAP4,0.008154945559922912
2018,momentum_candidate,BRKM3,0.005496210670243977
2018,momentum_candidate,BRKM6,0.002424142259522437
2018,momentum_candidate,BRPR3,0.006330090610153783
2018,momentum_candidate,BRSR3,0.0026999187116302993
2018,momentum_candidate,BRSR5,0.002731614674351234
2018,momentum_candidate,BRSR6,0.003839188639012031
2018,momentum_candidate,BSLI3,0.012742356915815488
2018,momentum_candidate,BSLI4,0.007470917724468067
2018,momentum_candidate,CAMB3,2.9088493709414635e-16
2018,momentum_candidate,CBEE3,7.458661887573658e-05
2018,momentum_candidate,CEDO3,0.0037262713342584948
2018,momentum_candidate,CEDO4,0.0058033640492688296
2018,momentum_candidate,CEEB3,0.00238572509610021
2018,momentum_candidate,CEED3,0.0005477736503407278
2018,momentum_candidate,CEGR3,0.007142678874857479
2018,momentum_candidate,CGAS3,0.009507102362436706
2018,momentum_candidate,CGAS5,0.007792537738900565
2018,momentum_candidate,CGRA3,0.007252751594748606
2018,momentum_candidate,CGRA4,0.010022584505431762
2018,momentum_candidate,CLSC3,0.005064369025639927
2018,momentum_candidate,CLSC4,0.006139094801277829
2018,momentum_candidate,CMIG3,9.823017981409998e-05
2018,momentum_candidate,CMIG4,0.0002190757319134266
2018,momentum_candidate,COCE3,0.0031484070133629477
2018,momentum_candidate,COGN3,0.004562657861424827
2018,momentum_candidate,CPFE3,0.00016531160665505634
2018,momentum_candidate,CPLE3,0.002048389907936831
2018,momentum_candidate,CRPG5,0.004600282167504078
2018,momentum_candidate,CRPG6,0.006188549931501271
2018,momentum_candidate,CSAN3,0.0017023418773272397
2018,momentum_candidate,CSMG3,0.0028816364935241026
2018,momentum_candidate,CSNA3,4.2623712403567556e-05
2018,momentum_candidate,CSUD3,0.00605818172359825
2018,momentum_candidate,CTAX3,1.8688720870463254e-06
2018,momentum_candidate,CTKA4,0.0015463876649073303
2018,momentum_candidate,CTSA3,0.005335593849923439
2018,momentum_candidate,CTSA4,0.0035704039703402407
2018,momentum_candidate,CVCB3,0.012304245639871784
2018,momentum_candidate,CYRE3,0.002482462920913235
2018,momentum_candidate,DASA3,0.006185241355567261
2018,momentum_candidate,DEXP3,1.894933618297108e-05
2018,momentum_candidate,DIRR3,0.0016101013372879893
2018,momentum_candidate,DOHL4,0.004008432212630864
2018,momentum_candidate,DTCY3,0.000228289314695749
2018,momentum_candidate,DXCO3,0.0028798798963841268
2018,momentum_candidate,EALT3,0.004374385326120388
2018,momentum_candidate,EALT4,0.008781354579626515
2018,momentum_candidate,ECOR3,0.0059177506363628195
2018,momentum_candidate,ECPR3,0.0007527143174133963
2018,momentum_candidate,ECPR4,0.0005596580021189112
2018,momentum_candidate,EGIE3,0.0019889965601292696
2018,momentum_candidate,EKTR3,0.01102583067191983
2018,momentum_candidate,EKTR4,0.004840110000159724
2018,momentum_candidate,EMAE4,0.0013639414711110588
2018,momentum_candidate,ENEV3,0.0021764657913553188
2018,momentum_candidate,ENGI3,0.005373010962495005
2018,momentum_candidate,ENGI4,0.002778981502083694
2018,momentum_candidate,ENMT3,0.014478973820187289
2018,momentum_candidate,ENMT4,0.0066277434911585975
2018,momentum_candidate,EPAR3,3.1209849393175725e-06
2018,momentum_candidate,EQMA3B,0.0009792282180042314
2018,momentum_candidate,EQPA3,0.0002374780696292275
2018,momentum_candidate,EQPA5,0.0004097672563095029
2018,momentum_candidate,EQPA6,0.005162165797478324
2018,momentum_candidate,EQPA7,7.598397693438425e-05
2018,momentum_candidate,EQTL3,0.004350643158127575
2018,momentum_candidate,ESTR4,0.00017064924435750985
2018,momentum_candidate,ETER3,2.5145259679887725e-05
2018,momentum_candidate,EUCA3,0.005967755410309705
2018,momentum_candidate,EUCA4,0.0037261876969802857
2018,momentum_candidate,EVEN3,0.004777357134462217
2018,momentum_candidate,EZTC3,0.006228028427944438
2018,momentum_candidate,FESA3,0.004377513614565998
2018,momentum_candidate,FESA4,0.013584985815897337
2018,momentum_candidate,FHER3,0.0016275475651665373
2018,momentum_candidate,FICT3,0.0005151017770033904
2018,momentum_candidate,FLRY3,0.0097112046074572
2018,momentum_candidate,FRAS3,0.00518450203105049
2018,momentum_candidate,FRIO3,0.003932021971462455
2018,momentum_candidate,GEPA3,0.0034665529383508696
2018,momentum_candidate,GEPA4,0.002960366418420678
2018,momentum_candidate,GFSA3,0.0020317515162874876
2018,momentum_candidate,GGBR3,0.0029164604583518114
2018,momentum_candidate,GGBR4,0.0014548954622231594
2018,momentum_candidate,GOAU3,0.002133745712386316
2018,momentum_candidate,GOAU4,0.0016896363704704696
2018,momentum_candidate,GRND3,0.008801902814231884
2018,momentum_candidate,GSHP3,0.003648498987227674
2018,momentum_candidate,HBOR3,0.0007331313940433165
2018,momentum_candidate,HOOT4,9.97640675006903e-05
2018,momentum_candidate,HYPE3,0.007616829371987151
2018,momentum_candidate,IGTI3,0.003933434497526896
2018,momentum_candidate,INEP3,4.392210549484835e-05
2018,momentum_candidate,INEP4,0.0001960997802249823
2018,momentum_candidate,ISAE3,0.0013253621129646828
2018,momentum_candidate,ISAE4,0.0022566979765272087
2018,momentum_candidate,ITSA3,0.0059229811343361
2018,momentum_candidate,ITSA4,0.00629538687753826
2018,momentum_candidate,ITUB3,0.00524767226171422
2018,momentum_candidate,ITUB4,0.00444027263743535
2018,momentum_candidate,JFEN3,1.9837837585936156e-06
2018,momentum_candidate,JHSF3,0.0013611412161629894
2018,momentum_candidate,JOPA3,0.0014278369083474659
2018,momentum_candidate,KEPL3,0.0014375795882633556
2018,momentum_candidate,KLBN3,0.00012474408496301862
2018,momentum_candidate,KLBN4,0.0022529048907145494
2018,momentum_candidate,LEVE3,0.0018094081487875313
2018,momentum_candidate,LIGT3,0.00023585558535475814
2018,momentum_candidate,LOGN3,0.0023286304229876
2018,momentum_candidate,LPSB3,0.003653856268523034
2018,momentum_candidate,LREN3,0.009306420220140301
2018,momentum_candidate,LUPA3,3.211809017463639e-05
2018,momentum_candidate,LUXM4,0.0039475294610887566
2018,momentum_candidate,MDIA3,0.004819915290232467
2018,momentum_candidate,MEAL3,0.007221938037234781
2018,momentum_candidate,MGEL4,0.0004175083377529314
2018,momentum_candidate,MGLU3,0.006588234966162472
2018,momentum_candidate,MILS3,0.00027678715262327385
2018,momentum_candidate,MNDL3,0.006035629036567151
2018,momentum_candidate,MNPR3,0.00023007857473556325
2018,momentum_candidate,MRSA3B,0.005272172337836217
2018,momentum_candidate,MRVE3,0.006277868442115976
2018,momentum_candidate,MULT3,0.0031388451237285456
2018,momentum_candidate,MWET4,0.0017625569664078571
2018,momentum_candidate,MYPK3,0.008507914984998293
2018,momentum_candidate,NEXP3,2.100571117476003e-05
2018,momentum_candidate,NORD3,6.733683625580252e-08
2018,momentum_candidate,NUTR3,0.0029752965975606504
2018,momentum_candidate,OFSA3,0.00023630266882253718
2018,momentum_candidate,OIBR3,0.0024369321561394618
2018,momentum_candidate,OIBR4,0.003226149720220712
2018,momentum_candidate,OSXB3,7.622950795450349e-06
2018,momentum_candidate,PCAR3,0.0018289957750921035
2018,momentum_candidate,PDGR3,0.0030097239467385653
2018,momentum_candidate,PDTC3,0.007756883860248722
2018,momentum_candidate,PEAB3,0.005131577094699829
2018,momentum_candidate,PEAB4,0.002451121321931581
2018,momentum_candidate,PETR3,0.0005126287409830774
2018,momentum_candidate,PETR4,0.0008841558146557363
2018,momentum_candidate,PFRM3,0.00026498785127916885
2018,momentum_candidate,PINE3,2.9088493709414635e-16
2018,momentum_candidate,PINE4,0.00029967352737182815
2018,momentum_candidate,PLAS3,0.0018675024829546678
2018,momentum_candidate,PNVL3,1.8750525231572504e-05
2018,momentum_candidate,POMO3,0.005897080758594599
2018,momentum_candidate,POMO4,0.005164913241304992
2018,momentum_candidate,POSI3,0.0009323483296498172
2018,momentum_candidate,PRIO3,0.010960580278050535
2018,momentum_candidate,PSSA3,0.006709439724473159
2018,momentum_candidate,PTBL3,0.010010105595895265
2018,momentum_candidate,QUAL3,0.007865246025146136
2018,momentum_candidate,RADL3,0.00856230558386917
2018,momentum_candidate,RAIL3,0.008808973832371721
2018,momentum_candidate,RANI3,8.183513579406765e-05
2018,momentum_candidate,RAPT3,0.007765987117154588
2018,momentum_candidate,RAPT4,0.00670817866423817
2018,momentum_candidate,RCSL3,9.022334842109002e-06
2018,momentum_candidate,RCSL4,6.116299920857845e-07
2018,momentum_candidate,REDE3,0.002571351363673016
2018,momentum_candidate,RENT3,0.010932074807633732
2018,momentum_candidate,RNEW3,2.582123117536624e-07
2018,momentum_candidate,ROMI3,0.007902853022434384
2018,momentum_candidate,RPAD3,0.00013265756614086658
2018,momentum_candidate,RPAD5,0.004299329160461206
2018,momentum_candidate,RPAD6,0.0011572246795669633
2018,momentum_candidate,RPMG3,0.001124092964832214
2018,momentum_candidate,RSID3,0.0046517794535406685
2018,momentum_candidate,RSUL4,0.00452321914525237
2018,momentum_candidate,SANB3,0.00037874769871913666
2018,momentum_candidate,SANB4,0.00392753431542295
2018,momentum_candidate,SAPR3,0.0032064033541501238
2018,momentum_candidate,SAPR4,0.0016397152351535862
2018,momentum_candidate,SBSP3,0.0032606188313404343
2018,momentum_candidate,SCAR3,0.009248898280403825
2018,momentum_candidate,SEER3,0.007770579093670997
2018,momentum_candidate,SHOW3,0.002757166195564117
2018,momentum_candidate,SHUL4,0.007121488296542252
2018,momentum_candidate,SLCE3,0.011978584855980988
2018,momentum_candidate,SLED3,4.529573840511387e-06
2018,momentum_candidate,SLED4,0.0013032747673460852
2018,momentum_candidate,SMTO3,0.0009455611745362837
2018,momentum_candidate,SNSY3,2.9088493709414635e-16
2018,momentum_candidate,SNSY5,0.000779466969380379
2018,momentum_candidate,SOND5,0.00010545164408983187
2018,momentum_candidate,SUZB3,0.0011596451293075273
2018,momentum_candidate,SYNE3,0.0025361005077534156
2018,momentum_candidate,TAEE3,5.095546055762636e-05
2018,momentum_candidate,TASA3,0.0008764951824653865
2018,momentum_candidate,TASA4,0.0009700303738796268
2018,momentum_candidate,TCSA3,0.0002311313026489758
2018,momentum_candidate,TECN3,0.0004099922224625753
2018,momentum_candidate,TEKA3,0.00289211331138198
2018,momentum_candidate,TEKA4,4.453992452301774e-05
2018,momentum_candidate,TELB3,0.004209005107452252
2018,momentum_candidate,TELB4,0.0003973249058092029
2018,momentum_candidate,TEND3,0.006294426479469238
2018,momentum_candidate,TGMA3,0.01061689101158627
2018,momentum_candidate,TOTS3,0.0034407471166581025
2018,momentum_candidate,TPIS3,0.00043615509373463087
2018,momentum_candidate,TRIS3,0.006822976305462327
2018,momentum_candidate,TXRX4,0.00026538619169531993
2018,momentum_candidate,UCAS3,0.0003481324050907506
2018,momentum_candidate,UGPA3,0.0026883370481846623
2018,momentum_candidate,UNIP3,0.009075738355597386
2018,momentum_candidate,UNIP5,0.0081401127327544
2018,momentum_candidate,UNIP6,0.009594606777312754
2018,momentum_candidate,USIM3,0.003810011540497208
2018,momentum_candidate,USIM5,0.006791598843490061
2018,momentum_candidate,USIM6,0.005239410038292796
2018,momentum_candidate,VALE3,0.006512436438751398
2018,momentum_candidate,VIVR3,0.000986339494981828
2018,momentum_candidate,VIVT3,0.0035349092479002296
2018,momentum_candidate,VLID3,0.0001769862652660254
2018,momentum_candidate,VSTE3,0.0023922153052846266
2018,momentum_candidate,VULC3,0.007465289973817335
2018,momentum_candidate,WEGE3,0.009159988817152666
2018,momentum_candidate,WHRL3,0.0063714711514486514
2018,momentum_candidate,WHRL4,0.00677012651191606
2018,momentum_candidate,WIZC3,0.00018956634045320033
2018,momentum_candidate,YDUQ3,0.007553522065572928
2018,mvo_same_universe,ABCB4,1.6030932389656924e-11
2018,mvo_same_universe,ABEV3,1.794520825029563e-11
2018,mvo_same_universe,ADHM3,1.0734743827126462e-11
2018,mvo_same_universe,AFLT3,4.2418795867570766e-11
2018,mvo_same_universe,AGRO3,1.446414596337483e-11
2018,mvo_same_universe,ALOS3,2.1732136676425664e-11
2018,mvo_same_universe,ALPA3,5.963057125758473e-11
2018,mvo_same_universe,ALPA4,2.6452418280016418e-11
2018,mvo_same_universe,ALUP3,1.6042341642271567e-11
2018,mvo_same_universe,ALUP4,2.8443831612258997e-11
2018,mvo_same_universe,AMAR3,1.3371151709745582e-11
2018,mvo_same_universe,AMER3,2.34305010898278e-11
2018,mvo_same_universe,ANIM3,3.201019360893012e-11
2018,mvo_same_universe,AZEV3,1.369989881766806e-11
2018,mvo_same_universe,AZEV4,1.5381489059833133e-11
2018,mvo_same_universe,AZZA3,3.783794852191835e-11
2018,mvo_same_universe,B3SA3,1.689816433421706e-11
2018,mvo_same_universe,BALM4,1.668652396452093e-11
2018,mvo_same_universe,BAUH4,1.6128180166481704e-11
2018,mvo_same_universe,BBAS3,1.2724471978759267e-11
2018,mvo_same_universe,BBDC3,1.3792114408426619e-11
2018,mvo_same_universe,BBDC4,1.4572442582771158e-11
2018,mvo_same_universe,BBSE3,1.2335997763451995e-11
2018,mvo_same_universe,BEEF3,1.3462881657255308e-11
2018,mvo_same_universe,BEES3,1.8489921636762975e-11
2018,mvo_same_universe,BEES4,3.7707705334999474e-11
2018,mvo_same_universe,BGIP3,8.402269497325192e-09
2018,mvo_same_universe,BGIP4,3.062778927975522e-09
2018,mvo_same_universe,BHIA3,3.063600595697293e-11
2018,mvo_same_universe,BIED3,1.209678758087775e-10
2018,mvo_same_universe,BIOM3,2.6548241509682735e-11
2018,mvo_same_universe,BMEB3,2.4678168431123693e-11
2018,mvo_same_universe,BMEB4,1.5482556391906936e-11
2018,mvo_same_universe,BMIN3,2.059397227764934e-11
2018,mvo_same_universe,BMIN4,1.8323304754878983e-11
2018,mvo_same_universe,BMKS3,2.0068915744639512e-11
2018,mvo_same_universe,BNBR3,2.8992113160434103e-11
2018,mvo_same_universe,BOBR4,0.005128970224231717
2018,mvo_same_universe,BPAC3,0.02098505558860064
2018,mvo_same_universe,BPHA3,1.3367540610934234e-11
2018,mvo_same_universe,BRAP3,4.264268044617422e-11
2018,mvo_same_universe,BRAP4,4.6458983071980463e-11
2018,mvo_same_universe,BRKM3,1.9594176186230723e-11
2018,mvo_same_universe,BRKM6,1.2871943547274053e-11
2018,mvo_same_universe,BRPR3,1.6081175662770812e-11
2018,mvo_same_universe,BRSR3,0.02077279950770169
2018,mvo_same_universe,BRSR5,0.01036010829341698
2018,mvo_same_universe,BRSR6,1.523617957445384e-11
2018,mvo_same_universe,BSLI3,2.354353416391002e-11
2018,mvo_same_universe,BSLI4,2.225032565962456e-11
2018,mvo_same_universe,CAMB3,1.3737379374043494e-11
2018,mvo_same_universe,CBEE3,1.1290257182664175e-11
2018,mvo_same_universe,CEDO3,5.110182739512497e-11
2018,mvo_same_universe,CEDO4,7.775501108471994e-10
2018,mvo_same_universe,CEEB3,1.5010613715615122e-11
2018,mvo_same_universe,CEED3,1.9493547028639718e-11
2018,mvo_same_universe,CEGR3,1.5568489494410778e-11
2018,mvo_same_universe,CGAS3,2.799138316806707e-11
2018,mvo_same_universe,CGAS5,2.29654196759073e-11
2018,mvo_same_universe,CGRA3,2.8717084484478543e-11
2018,mvo_same_universe,CGRA4,3.1552061111188465e-11
2018,mvo_same_universe,CLSC3,2.2052921261845384e-11
2018,mvo_same_universe,CLSC4,3.175925217740819e-11
2018,mvo_same_universe,CMIG3,9.999619883752234e-12
2018,mvo_same_universe,CMIG4,1.1292432834469383e-11
2018,mvo_same_universe,COCE3,1.863775048997703e-11
2018,mvo_same_universe,COGN3,1.5290719750755003e-11
2018,mvo_same_universe,CPFE3,1.1164324941905311e-11
2018,mvo_same_universe,CPLE3,1.3233341626289353e-11
2018,mvo_same_universe,CRPG5,0.028714576591703758
2018,mvo_same_universe,CRPG6,2.8571159485109733e-09
2018,mvo_same_universe,CSAN3,1.2699339625558931e-11
2018,mvo_same_universe,CSMG3,1.623791548762273e-11
2018,mvo_same_universe,CSNA3,9.420850979827703e-12
2018,mvo_same_universe,CSUD3,3.391684094077047e-11
2018,mvo_same_universe,CTAX3,7.1488229564712075e-12
2018,mvo_same_universe,CTKA4,0.0008647504944059013
2018,mvo_same_universe,CTSA3,1.9955267452556828e-08
2018,mvo_same_universe,CTSA4,3.7661596440313865e-09
2018,mvo_same_universe,CVCB3,2.9779084280035586e-11
2018,mvo_same_universe,CYRE3,1.3343441375241945e-11
2018,mvo_same_universe,DASA3,2.9513204932147575e-11
2018,mvo_same_universe,DEXP3,1.561146980123732e-11
2018,mvo_same_universe,DIRR3,1.3356030794758453e-11
2018,mvo_same_universe,DOHL4,2.5395079031216527e-11
2018,mvo_same_universe,DTCY3,1.5778926077463613e-11
2018,mvo_same_universe,DXCO3,1.533363314614376e-11
2018,mvo_same_universe,EALT3,1.4502983897760729e-11
2018,mvo_same_universe,EALT4,0.1879308752976854
2018,mvo_same_universe,ECOR3,1.78867591051657e-11
2018,mvo_same_universe,ECPR3,1.4104710762465672e-11
2018,mvo_same_universe,ECPR4,1.6641429058323618e-11
2018,mvo_same_universe,EGIE3,1.326844830946256e-11
2018,mvo_same_universe,EKTR3,2.163857454380741e-11
2018,mvo_same_universe,EKTR4,1.8645734861966315e-11
2018,mvo_same_universe,EMAE4,1.5602069252123854e-11
2018,mvo_same_universe,ENEV3,1.582481977128492e-11
2018,mvo_same_universe,ENGI3,0.039216386649140594
2018,mvo_same_universe,ENGI4,1.980787023245354e-11
2018,mvo_same_universe,ENMT3,2.1265607368731257e-11
2018,mvo_same_universe,ENMT4,1.444964688355301e-11
2018,mvo_same_universe,EPAR3,8.203027058592435e-12
2018,mvo_same_universe,EQMA3B,1.794343628656126e-11
2018,mvo_same_universe,EQPA3,1.220803823183818e-11
2018,mvo_same_universe,EQPA5,1.2988743162324492e-11
2018,mvo_same_universe,EQPA6,1.476658817716934e-11
2018,mvo_same_universe,EQPA7,1.2738208227703973e-11
2018,mvo_same_universe,EQTL3,1.530236528996813e-11
2018,mvo_same_universe,ESTR4,1.2355227998960655e-11
2018,mvo_same_universe,ETER3,9.605622550277016e-12
2018,mvo_same_universe,EUCA3,5.754876050837596e-11
2018,mvo_same_universe,EUCA4,1.5220243134358706e-11
2018,mvo_same_universe,EVEN3,1.4493853587317279e-11
2018,mvo_same_universe,EZTC3,1.9611082415996567e-11
2018,mvo_same_universe,FESA3,2.7572345928095224e-11
2018,mvo_same_universe,FESA4,1.6839258755290295e-08
2018,mvo_same_universe,FHER3,1.5450295813566646e-11
2018,mvo_same_universe,FICT3,1.7477445544572388e-11
2018,mvo_same_universe,FLRY3,2.352639512536995e-11
2018,mvo_same_universe,FRAS3,1.7913550681008557e-11
2018,mvo_same_universe,FRIO3,2.005756486693716e-11
2018,mvo_same_universe,GEPA3,1.606178052830833e-11
2018,mvo_same_universe,GEPA4,1.6324581994992436e-11
2018,mvo_same_universe,GFSA3,1.3779006882814315e-11
2018,mvo_same_universe,GGBR3,1.604441772857947e-11
2018,mvo_same_universe,GGBR4,1.2279124461221182e-11
2018,mvo_same_universe,GOAU3,1.2896367742887705e-11
2018,mvo_same_universe,GOAU4,1.232701306860123e-11
2018,mvo_same_universe,GRND3,2.7092665379856673e-11
2018,mvo_same_universe,GSHP3,1.5409478224287045e-11
2018,mvo_same_universe,HBOR3,1.2307613522210161e-11
2018,mvo_same_universe,HOOT4,1.1713760864004026e-11
2018,mvo_same_universe,HYPE3,1.8486150819710496e-11
2018,mvo_same_universe,IGTI3,0.059145795800669865
2018,mvo_same_universe,INEP3,1.2507656345436105e-11
2018,mvo_same_universe,INEP4,1.4504739725151335e-11
2018,mvo_same_universe,ISAE3,1.3689698649808313e-11
2018,mvo_same_universe,ISAE4,1.3531957188449408e-11
2018,mvo_same_universe,ITSA3,1.5920992264248365e-11
2018,mvo_same_universe,ITSA4,1.5802559840799134e-11
2018,mvo_same_universe,ITUB3,1.574221871914725e-11
2018,mvo_same_universe,ITUB4,1.497406618853301e-11
2018,mvo_same_universe,JFEN3,8.67683907791461e-12
2018,mvo_same_universe,JHSF3,1.3542691468200745e-11
2018,mvo_same_universe,JOPA3,1.4091105568277578e-11
2018,mvo_same_universe,KEPL3,1.357963981288201e-11
2018,mvo_same_universe,KLBN3,1.5337846197496935e-11
2018,mvo_same_universe,KLBN4,1.5447804319077675e-11
2018,mvo_same_universe,LEVE3,1.3833514048624255e-11
2018,mvo_same_universe,LIGT3,1.1145625269226018e-11
2018,mvo_same_universe,LOGN3,1.8680285302913366e-11
2018,mvo_same_universe,LPSB3,1.5936868256526838e-11
2018,mvo_same_universe,LREN3,2.165489041341049e-11
2018,mvo_same_universe,LUPA3,9.739366442498339e-12
2018,mvo_same_universe,LUXM4,2.302254366216063e-11
2018,mvo_same_universe,MDIA3,1.8050797581238946e-11
2018,mvo_same_universe,MEAL3,3.0785852602253506e-11
2018,mvo_same_universe,MGEL4,1.9288547681860418e-11
2018,mvo_same_universe,MGLU3,0.19816841542021807
2018,mvo_same_universe,MILS3,1.1306430583875878e-11
2018,mvo_same_universe,MNDL3,1.0293206484933051e-10
2018,mvo_same_universe,MNPR3,1.2866205788801275e-11
2018,mvo_same_universe,MRSA3B,1.522033342763251e-11
2018,mvo_same_universe,MRVE3,1.602477307952793e-11
2018,mvo_same_universe,MULT3,1.3255871074658307e-11
2018,mvo_same_universe,MWET4,4.347202845627356e-11
2018,mvo_same_universe,MYPK3,2.5704129701145537e-11
2018,mvo_same_universe,NEXP3,8.85755001915886e-12
2018,mvo_same_universe,NORD3,7.379009706958473e-12
2018,mvo_same_universe,NUTR3,0.03237540008035081
2018,mvo_same_universe,OFSA3,1.112830396271977e-11
2018,mvo_same_universe,OIBR3,1.9645149839777274e-11
2018,mvo_same_universe,OIBR4,2.3503319741802435e-11
2018,mvo_same_universe,OSXB3,9.943713207551554e-12
2018,mvo_same_universe,PCAR3,0.009062330767515081
2018,mvo_same_universe,PDGR3,6.123692512128589e-11
2018,mvo_same_universe,PDTC3,2.6115916884689795e-10
2018,mvo_same_universe,PEAB3,1.7855584644506072e-11
2018,mvo_same_universe,PEAB4,1.7190258877843378e-11
2018,mvo_same_universe,PETR3,1.1558185841856683e-11
2018,mvo_same_universe,PETR4,1.1903171699783527e-11
2018,mvo_same_universe,PFRM3,1.1371058946777572e-11
2018,mvo_same_universe,PINE3,1.3737379374043494e-11
2018,mvo_same_universe,PINE4,1.1963260940199057e-11
2018,mvo_same_universe,PLAS3,1.6335424546847546e-11
2018,mvo_same_universe,PNVL3,1.0358318870319066e-11
2018,mvo_same_universe,POMO3,1.8321411924250853e-11
2018,mvo_same_universe,POMO4,1.7166395146159535e-11
2018,mvo_same_universe,POSI3,1.4176817723665417e-11
2018,mvo_same_universe,PRIO3,0.15228977860712542
2018,mvo_same_universe,PSSA3,1.8911688771318228e-11
2018,mvo_same_universe,PTBL3,4.161269616902054e-11
2018,mvo_same_universe,QUAL3,2.3001853594168857e-11
2018,mvo_same_universe,RADL3,2.2402419845638055e-11
2018,mvo_same_universe,RAIL3,3.838119510641505e-11
2018,mvo_same_universe,RANI3,1.0443764963229229e-11
2018,mvo_same_universe,RAPT3,3.113996807081733e-11
2018,mvo_same_universe,RAPT4,2.357223892419162e-11
2018,mvo_same_universe,RCSL3,1.0157074662738644e-11
2018,mvo_same_universe,RCSL4,7.08850001756144e-12
2018,mvo_same_universe,REDE3,1.873297600612319e-11
2018,mvo_same_universe,RENT3,3.6568706643113486e-11
2018,mvo_same_universe,RNEW3,6.807730720948248e-12
2018,mvo_same_universe,ROMI3,3.360294312344009e-09
2018,mvo_same_universe,RPAD3,1.3538000738512118e-11
2018,mvo_same_universe,RPAD5,1.8181720729761338e-11
2018,mvo_same_universe,RPAD6,1.4948750759313564e-11
2018,mvo_same_universe,RPMG3,1.497246549718967e-11
2018,mvo_same_universe,RSID3,5.181809591937408e-08
2018,mvo_same_universe,RSUL4,2.6134487146803944e-11
2018,mvo_same_universe,SANB3,1.1279294568345656e-11
2018,mvo_same_universe,SANB4,1.6510840337416323e-11
2018,mvo_same_universe,SAPR3,2.4086360387402947e-09
2018,mvo_same_universe,SAPR4,1.4623940563216674e-11
2018,mvo_same_universe,SBSP3,1.5643869502342606e-11
2018,mvo_same_universe,SCAR3,3.200932878863427e-11
2018,mvo_same_universe,SEER3,2.0669845592703297e-11
2018,mvo_same_universe,SHOW3,1.4699050202265117e-11
2018,mvo_same_universe,SHUL4,2.172119707827511e-11
2018,mvo_same_universe,SLCE3,3.682721679571684e-11
2018,mvo_same_universe,SLED3,9.99612754462131e-12
2018,mvo_same_universe,SLED4,1.8050122217482286e-11
2018,mvo_same_universe,SMTO3,1.2716696969085279e-11
2018,mvo_same_universe,SNSY3,1.3737379374043494e-11
2018,mvo_same_universe,SNSY5,1.9735600727420925e-11
2018,mvo_same_universe,SOND5,1.2173750857937417e-11
2018,mvo_same_universe,SUZB3,1.302881271314296e-11
2018,mvo_same_universe,SYNE3,3.1601947347627414e-11
2018,mvo_same_universe,TAEE3,1.3910293769765452e-11
2018,mvo_same_universe,TASA3,1.5262207330617837e-11
2018,mvo_same_universe,TASA4,1.651341891481731e-11
2018,mvo_same_universe,TCSA3,1.0625034387067819e-11
2018,mvo_same_universe,TECN3,1.1667097117172996e-11
2018,mvo_same_universe,TEKA3,0.016110374424323205
2018,mvo_same_universe,TEKA4,3.365126598359761e-11
2018,mvo_same_universe,TELB3,2.7114643933900876e-11
2018,mvo_same_universe,TELB4,1.7105479912401322e-11
2018,mvo_same_universe,TEND3,6.090355532340796e-11
2018,mvo_same_universe,TGMA3,8.790215376104625e-11
2018,mvo_same_universe,TOTS3,1.6395045968230477e-11
2018,mvo_same_universe,TPIS3,1.2203061125965486e-11
2018,mvo_same_universe,TRIS3,2.4499610738945722e-11
2018,mvo_same_universe,TXRX4,2.0320636286794074e-11
2018,mvo_same_universe,UCAS3,1.3749125151359082e-11
2018,mvo_same_universe,UGPA3,1.4805472132204473e-11
2018,mvo_same_universe,UNIP3,6.581380506440994e-06
2018,mvo_same_universe,UNIP5,0.044545445816439606
2018,mvo_same_universe,UNIP6,0.098230287994738
2018,mvo_same_universe,USIM3,1.5310297981924544e-11
2018,mvo_same_universe,USIM5,3.198418523572442e-11
2018,mvo_same_universe,USIM6,3.6860059095563412e-09
2018,mvo_same_universe,VALE3,2.1695726547128843e-11
2018,mvo_same_universe,VIVR3,2.450314656713625e-11
2018,mvo_same_universe,VIVT3,1.4882434539047104e-11
2018,mvo_same_universe,VLID3,1.0728860201664994e-11
2018,mvo_same_universe,VSTE3,1.99061992940023e-11
2018,mvo_same_universe,VULC3,0.07609194511951747
2018,mvo_same_universe,WEGE3,2.2852428153783186e-11
2018,mvo_same_universe,WHRL3,5.272726038645771e-11
2018,mvo_same_universe,WHRL4,4.966486240974154e-11
2018,mvo_same_universe,WIZC3,1.1037427497879853e-11
2018,mvo_same_universe,YDUQ3,2.7175493249020632e-11
2019,momentum_candidate,ABCB4,0.004717964530488578
2019,momentum_candidate,ABEV3,0.0007693622738637237
2019,momentum_candidate,ADHM3,0.0002812194841195863
2019,momentum_candidate,AFLT3,0.0032253352378276124
2019,momentum_candidate,AGRO3,0.011682143020910547
2019,momentum_candidate,ALOS3,0.003424424115940876
2019,momentum_candidate,ALPA3,0.0016994111329857392
2019,momentum_candidate,ALPA4,0.002023625095864912
2019,momentum_candidate,ALUP3,0.0014778248763016731
2019,momentum_candidate,ALUP4,0.002774732500405669
2019,momentum_candidate,AMAR3,0.00019600378386766364
2019,momentum_candidate,AMER3,0.0075148840462682595
2019,momentum_candidate,ANIM3,0.00012951809154982175
2019,momentum_candidate,AZEV3,0.0025822667766336746
2019,momentum_candidate,AZEV4,0.00026379571557303116
2019,momentum_candidate,AZZA3,0.002690952613910462
2019,momentum_candidate,B3SA3,0.005450389972788956
2019,momentum_candidate,BALM4,0.007107401047971263
2019,momentum_candidate,BAUH4,0.007586315663544926
2019,momentum_candidate,BBAS3,0.007842562325659544
2019,momentum_candidate,BBDC3,0.005223885433745416
2019,momentum_candidate,BBDC4,0.00670474933318104
2019,momentum_candidate,BBSE3,0.004024592614104569
2019,momentum_candidate,BEEF3,2.7548471557723717e-05
2019,momentum_candidate,BEES3,0.006241816666898145
2019,momentum_candidate,BEES4,0.003717649492668485
2019,momentum_candidate,BGIP3,0.005623083164814892
2019,momentum_candidate,BGIP4,0.0027071364523579937
2019,momentum_candidate,BHIA3,6.471675091034253e-05
2019,momentum_candidate,BIED3,0.006498550092335072
2019,momentum_candidate,BIOM3,0.0008599265545984478
2019,momentum_candidate,BMEB3,0.0030130518911858626
2019,momentum_candidate,BMEB4,0.008741412214233673
2019,momentum_candidate,BMIN3,1.1416892786933325e-06
2019,momentum_candidate,BMIN4,7.170421252849454e-05
2019,momentum_candidate,BMKS3,0.0008179663077052405
2019,momentum_candidate,BNBR3,0.002250570845120068
2019,momentum_candidate,BOBR4,6.400371491863408e-05
2019,momentum_candidate,BPAC3,0.0019608877790385686
2019,momentum_candidate,BPHA3,6.106208738059853e-06
2019,momentum_candidate,BRAP3,0.006619914351089817
2019,momentum_candidate,BRAP4,0.0049734202603774055
2019,momentum_candidate,BRKM3,0.003275686890216532
2019,momentum_candidate,BRKM6,0.0039117407444844154
2019,momentum_candidate,BRPR3,0.0005261510435243017
2019,momentum_candidate,BRSR3,0.0007993517876078253
2019,momentum_candidate,BRSR5,0.0018059469082463116
2019,momentum_candidate,BRSR6,0.008871108467127463
2019,momentum_candidate,BSLI3,0.007092284290102297
2019,momentum_candidate,BSLI4,0.007982660309466209
2019,momentum_candidate,CAML3,0.0014127055513011686
2019,momentum_candidate,CBEE3,8.96760572356921e-05
2019,momentum_candidate,CEDO3,0.0006302164751516336
2019,momentum_candidate,CEDO4,0.0009595537469094159
2019,momentum_candidate,CEEB3,0.008486676455068965
2019,momentum_candidate,CEED3,0.004846793409044414
2019,momentum_candidate,CEGR3,0.013830066889908179
2019,momentum_candidate,CGAS3,0.006087414885818967
2019,momentum_candidate,CGAS5,0.0036734101420595835
2019,momentum_candidate,CGRA3,0.0012631408426950139
2019,momentum_candidate,CGRA4,0.0018049432109269843
2019,momentum_candidate,CLSC3,0.007905446684656292
2019,momentum_candidate,CLSC4,0.011694299452273144
2019,momentum_candidate,CMIG3,0.010354244369339174
2019,momentum_candidate,CMIG4,0.00948886198431994
2019,momentum_candidate,COCE3,0.0007357720417561843
2019,momentum_candidate,COGN3,4.569798334968986e-05
2019,momentum_candidate,CPFE3,0.01627278582244218
2019,momentum_candidate,CPLE3,0.010829954355538242
2019,momentum_candidate,CRPG5,0.01106327224058252
2019,momentum_candidate,CRPG6,0.01206640353836487
2019,momentum_candidate,CSAN3,0.000716958689569597
2019,momentum_candidate,CSMG3,0.010595155819142442
2019,momentum_candidate,CSNA3,0.002226830058254756
2019,momentum_candidate,CSUD3,0.0003221755832543746
2019,momentum_candidate,CTAX3,4.646603324359399e-08
2019,momentum_candidate,CTKA4,0.0019509813986599153
2019,momentum_candidate,CTSA3,0.00429904016228571
2019,momentum_candidate,CTSA4,0.003946008781375435
2019,momentum_candidate,CVCB3,0.005235110168007759
2019,momentum_candidate,CYRE3,0.005418238293872403
2019,momentum_candidate,DASA3,0.0022734903516245355
2019,momentum_candidate,DEXP3,7.168045554010734e-05
2019,momentum_candidate,DIRR3,0.00981717415990599
2019,momentum_candidate,DOHL4,0.009380189418591376
2019,momentum_candidate,DTCY3,0.00013043215298632477
2019,momentum_candidate,DXCO3,0.006873124670737936
2019,momentum_candidate,EALT3,0.004439949072386356
2019,momentum_candidate,EALT4,0.0060929884875184194
2019,momentum_candidate,ECOR3,0.0006950533673551181
2019,momentum_candidate,ECPR3,0.005470867290692843
2019,momentum_candidate,ECPR4,0.009916062461119141
2019,momentum_candidate,EGIE3,0.012412162360113412
2019,momentum_candidate,EKTR3,0.0019147474301810618
2019,momentum_candidate,EKTR4,0.001024721837609582
2019,momentum_candidate,EMAE4,0.009172020300034412
2019,momentum_candidate,ENEV3,0.00618543358219178
2019,momentum_candidate,ENGI3,0.00047118396714850074
2019,momentum_candidate,ENGI4,0.00847902506538618
2019,momentum_candidate,ENMT3,0.003408900283089061
2019,momentum_candidate,ENMT4,0.011552267592545988
2019,momentum_candidate,EPAR3,0.0005747383718564512
2019,momentum_candidate,EQMA3B,0.00644280787599347
2019,momentum_candidate,EQPA3,0.0021993581154782227
2019,momentum_candidate,EQPA5,0.0012089606852370514
2019,momentum_candidate,EQPA6,0.002390201141723211
2019,momentum_candidate,EQPA7,0.002085473050210701
2019,momentum_candidate,EQTL3,0.006069670676393634
2019,momentum_candidate,ESTR4,0.003498133477365315
2019,momentum_candidate,ETER3,2.5205135261628815e-05
2019,momentum_candidate,EUCA3,0.005641448158398247
2019,momentum_candidate,EUCA4,0.0012403116561243855
2019,momentum_candidate,EVEN3,0.0021343838162099413
2019,momentum_candidate,EZTC3,0.003971150121898853
2019,momentum_candidate,FESA3,0.00487600217638838
2019,momentum_candidate,FESA4,0.003097142159921014
2019,momentum_candidate,FHER3,0.003844112591373655
2019,momentum_candidate,FICT3,0.0002645097959082532
2019,momentum_candidate,FLRY3,0.0003382898982473081
2019,momentum_candidate,FRAS3,0.0011801601863828356
2019,momentum_candidate,FRIO3,0.0065768418687137935
2019,momentum_candidate,GEPA3,0.0016495545957433393
2019,momentum_candidate,GEPA4,0.0019478267982967333
2019,momentum_candidate,GFSA3,0.0009042229166304913
2019,momentum_candidate,GGBR3,0.004121716554588039
2019,momentum_candidate,GGBR4,0.0038809680028010825
2019,momentum_candidate,GOAU3,0.007788393736747686
2019,momentum_candidate,GOAU4,0.004399745330137289
2019,momentum_candidate,GRND3,0.0013721411364777632
2019,momentum_candidate,GSHP3,0.0015662672211819479
2019,momentum_candidate,HBOR3,0.00033555930523812354
2019,momentum_candidate,HOOT4,0.00024944772061528367
2019,momentum_candidate,HYPE3,0.0012812130387838258
2019,momentum_candidate,IGTI3,0.0009665128246577249
2019,momentum_candidate,INEP3,0.0036400220437657295
2019,momentum_candidate,INEP4,0.003778411986159883
2019,momentum_candidate,IRBR3,0.01594305749100165
2019,momentum_candidate,ISAE3,0.007274328119114509
2019,momentum_candidate,ISAE4,0.008746931668899862
2019,momentum_candidate,ITSA3,0.009991237261173356
2019,momentum_candidate,ITSA4,0.007165720875666678
2019,momentum_candidate,ITUB3,0.00792083659419722
2019,momentum_candidate,ITUB4,0.007830494231983419
2019,momentum_candidate,JFEN3,1.5915357415454545e-05
2019,momentum_candidate,JHSF3,0.0023745161530137667
2019,momentum_candidate,JOPA3,0.0012353369973084642
2019,momentum_candidate,KEPL3,0.0006342173902667388
2019,momentum_candidate,KLBN3,0.0006474197019946365
2019,momentum_candidate,KLBN4,0.002286162545414884
2019,momentum_candidate,LEVE3,0.004068656661890239
2019,momentum_candidate,LIGT3,0.0018631034111696242
2019,momentum_candidate,LOGN3,0.005804273314010512
2019,momentum_candidate,LPSB3,0.0033772498947028237
2019,momentum_candidate,LREN3,0.005728531302444233
2019,momentum_candidate,LUPA3,8.742804453619737e-05
2019,momentum_candidate,LUXM4,0.007058730680886227
2019,momentum_candidate,MDIA3,0.000857599724143117
2019,momentum_candidate,MEAL3,0.0008401908514956501
2019,momentum_candidate,MGEL4,0.0032077359671455756
2019,momentum_candidate,MGLU3,0.00879241345194927
2019,momentum_candidate,MILS3,0.0011422268691301078
2019,momentum_candidate,MNDL3,0.0038158963384176694
2019,momentum_candidate,MNPR3,0.0006929836746406158
2019,momentum_candidate,MOVI3,0.005202654983214789
2019,momentum_candidate,MRSA3B,0.008249768259680025
2019,momentum_candidate,MRVE3,0.0021959071470122027
2019,momentum_candidate,MULT3,0.0032071265010659997
2019,momentum_candidate,MWET4,0.0007846913235918296
2019,momentum_candidate,MYPK3,0.003865670146186426
2019,momentum_candidate,NEXP3,0.0001157755387451936
2019,momentum_candidate,NORD3,3.5340129884959165e-07
2019,momentum_candidate,NUTR3,0.002376255487445578
2019,momentum_candidate,OFSA3,0.005411188562270402
2019,momentum_candidate,OIBR3,1.5715364270229657e-05
2019,momentum_candidate,OIBR4,6.130826380239606e-06
2019,momentum_candidate,OSXB3,6.633981200264151e-06
2019,momentum_candidate,PCAR3,0.004724260370671486
2019,momentum_candidate,PDGR3,1.2684075045461952e-05
2019,momentum_candidate,PDTC3,6.665916025369638e-05
2019,momentum_candidate,PEAB3,0.0024269037935367305
2019,momentum_candidate,PEAB4,0.007815403704308006
2019,momentum_candidate,PETR3,0.0063279758917892375
2019,momentum_candidate,PETR4,0.005457267509088941
2019,momentum_candidate,PFRM3,8.13426026715821e-05
2019,momentum_candidate,PINE3,2.9441837128595747e-16
2019,momentum_candidate,PINE4,0.00013319203700337586
2019,momentum_candidate,PLAS3,0.003692328410119831
2019,momentum_candidate,PNVL3,0.00023900619671974157
2019,momentum_candidate,POMO3,0.0029382118265202165
2019,momentum_candidate,POMO4,0.002954405230911737
2019,momentum_candidate,POSI3,0.0003646084360472161
2019,momentum_candidate,PRIO3,0.0036305872072960018
2019,momentum_candidate,PSSA3,0.00963489773185534
2019,momentum_candidate,PTBL3,0.0020838519186386724
2019,momentum_candidate,QUAL3,1.5751316974502376e-05
2019,momentum_candidate,RADL3,0.00024572802955021385
2019,momentum_candidate,RAIL3,0.00723078571576634
2019,momentum_candidate,RANI3,0.004833373531861516
2019,momentum_candidate,RAPT3,0.0052681821392676085
2019,momentum_candidate,RAPT4,0.005341345456569373
2019,momentum_candidate,RCSL3,4.679447823276913e-05
2019,momentum_candidate,RCSL4,0.0002626797000441425
2019,momentum_candidate,REDE3,0.01287613906276925
2019,momentum_candidate,RENT3,0.00672576689410919
2019,momentum_candidate,RNEW3,1.8396243390578877e-06
2019,momentum_candidate,RNEW4,4.390043780713676e-06
2019,momentum_candidate,ROMI3,0.0032963971160640134
2019,momentum_candidate,RPAD3,0.0029004465269019085
2019,momentum_candidate,RPAD5,0.004792382965446836
2019,momentum_candidate,RPAD6,0.005335527091710567
2019,momentum_candidate,RPMG3,3.5809194820927616e-06
2019,momentum_candidate,RSID3,0.00047370418997625015
2019,momentum_candidate,RSUL4,0.008236532571001499
2019,momentum_candidate,SANB3,0.0038377461408241748
2019,momentum_candidate,SANB4,0.009278247427691363
2019,momentum_candidate,SAPR3,0.003440008633565727
2019,momentum_candidate,SAPR4,0.003374121084899936
2019,momentum_candidate,SBSP3,0.0013168010217931246
2019,momentum_candidate,SCAR3,0.0005413715903760989
2019,momentum_candidate,SEER3,5.4626009008317606e-05
2019,momentum_candidate,SHOW3,0.002053508047220967
2019,momentum_candidate,SHUL4,0.007765296596699534
2019,momentum_candidate,SLCE3,0.007526951292272927
2019,momentum_candidate,SLED3,4.151656094896757e-05
2019,momentum_candidate,SLED4,5.5225432913085006e-05
2019,momentum_candidate,SMTO3,0.002658912133993817
2019,momentum_candidate,SNSY3,2.9441837128595747e-16
2019,momentum_candidate,SNSY5,0.006521193680265751
2019,momentum_candidate,SOND5,0.005587374313869773
2019,momentum_candidate,SUZB3,0.0077638702217445585
2019,momentum_candidate,SYNE3,0.003026148652572844
2019,momentum_candidate,TAEE3,0.005659215672224849
2019,momentum_candidate,TAEE4,0.006539387576605559
2019,momentum_candidate,TASA3,0.0032191593773976987
2019,momentum_candidate,TASA4,0.0036435640194208176
2019,momentum_candidate,TCSA3,0.0002814216245426581
2019,momentum_candidate,TECN3,0.00018244823445763808
2019,momentum_candidate,TEKA3,0.00035533465453641775
2019,momentum_candidate,TEKA4,0.0015157248208393015
2019,momentum_candidate,TELB3,0.000304098940560333
2019,momentum_candidate,TELB4,0.001316977986318358
2019,momentum_candidate,TEND3,0.011069593442665584
2019,momentum_candidate,TGMA3,0.0074443602234504375
2019,momentum_candidate,TOTS3,0.0012505423246448933
2019,momentum_candidate,TPIS3,3.206953072994033e-05
2019,momentum_candidate,TRIS3,0.011929825059436275
2019,momentum_candidate,TXRX4,0.0001604260492999719
2019,momentum_candidate,UCAS3,0.0034033641950984585
2019,momentum_candidate,UGPA3,0.00034127310730776116
2019,momentum_candidate,UNIP3,0.009162673270202499
2019,momentum_candidate,UNIP5,0.008485582303851043
2019,momentum_candidate,UNIP6,0.007994952159117726
2019,momentum_candidate,USIM3,0.004263504822140285
2019,momentum_candidate,USIM5,0.0013450901375114653
2019,momentum_candidate,USIM6,0.0009142115019288107
2019,momentum_candidate,VALE3,0.007325545315793364
2019,momentum_candidate,VIVR3,6.970313245254658e-07
2019,momentum_candidate,VIVT3,0.004731019261261442
2019,momentum_candidate,VLID3,0.0022444413795369017
2019,momentum_candidate,VSTE3,0.0008523021936697659
2019,momentum_candidate,VULC3,0.0005133511987480764
2019,momentum_candidate,WEGE3,0.001774007368953084
2019,momentum_candidate,WHRL3,0.0012241594349927242
2019,momentum_candidate,WHRL4,0.0024023544220884074
2019,momentum_candidate,WIZC3,0.00014195673289704115
2019,momentum_candidate,YDUQ3,0.0003232889275789466
2019,mvo_same_universe,ABCB4,6.3860291824045334e-12
2019,mvo_same_universe,ABEV3,4.7736294538785495e-12
2019,mvo_same_universe,ADHM3,4.897701201340721e-12
2019,mvo_same_universe,AFLT3,6.733751642267573e-12
2019,mvo_same_universe,AGRO3,7.43416983835584e-12
2019,mvo_same_universe,ALOS3,5.779418671782965e-12
2019,mvo_same_universe,ALPA3,5.573535018535405e-12
2019,mvo_same_universe,ALPA4,5.692586709579891e-12
2019,mvo_same_universe,ALUP3,6.160020942402959e-12
2019,mvo_same_universe,ALUP4,7.0814887557165705e-12
2019,mvo_same_universe,AMAR3,4.31996527237964e-12
2019,mvo_same_universe,AMER3,2.53478325386736e-10
2019,mvo_same_universe,ANIM3,3.946602822734085e-12
2019,mvo_same_universe,AZEV3,5.6678537101166984e-12
2019,mvo_same_universe,AZEV4,5.344262013540652e-10
2019,mvo_same_universe,AZZA3,6.110362542573631e-12
2019,mvo_same_universe,B3SA3,6.9893117189082486e-12
2019,mvo_same_universe,BALM4,2.7996497232971947e-11
2019,mvo_same_universe,BAUH4,1.1674701260947478e-11
2019,mvo_same_universe,BBAS3,9.73677874505287e-12
2019,mvo_same_universe,BBDC3,7.340149597089256e-12
2019,mvo_same_universe,BBDC4,7.378725322821933e-12
2019,mvo_same_universe,BBSE3,6.399874446336422e-12
2019,mvo_same_universe,BEEF3,3.5813448509226866e-12
2019,mvo_same_universe,BEES3,6.947821539000749e-12
2019,mvo_same_universe,BEES4,7.31507237595052e-12
2019,mvo_same_universe,BGIP3,5.714007799559198e-12
2019,mvo_same_universe,BGIP4,5.877993143062331e-12
2019,mvo_same_universe,BHIA3,3.719025522573123e-12
2019,mvo_same_universe,BIED3,0.05699065910911019
2019,mvo_same_universe,BIOM3,5.073379392453447e-12
2019,mvo_same_universe,BMEB3,9.1697141887528e-12
2019,mvo_same_universe,BMEB4,1.3262796446877317e-11
2019,mvo_same_universe,BMIN3,2.7427012554064896e-12
2019,mvo_same_universe,BMIN4,3.8910591337496585e-12
2019,mvo_same_universe,BMKS3,5.594743878842846e-12
2019,mvo_same_universe,BNBR3,6.297142708676052e-12
2019,mvo_same_universe,BOBR4,3.74221275741105e-12
2019,mvo_same_universe,BPAC3,5.855384238125515e-12
2019,mvo_same_universe,BPHA3,3.545577612634201e-12
2019,mvo_same_universe,BRAP3,9.930480330611921e-12
2019,mvo_same_universe,BRAP4,8.438615642016474e-12
2019,mvo_same_universe,BRKM3,7.258684072873582e-12
2019,mvo_same_universe,BRKM6,6.166042747351167e-12
2019,mvo_same_universe,BRPR3,4.482591614988722e-12
2019,mvo_same_universe,BRSR3,7.979302079935933e-12
2019,mvo_same_universe,BRSR5,1.1211184171368351e-11
2019,mvo_same_universe,BRSR6,1.3536266071779401e-11
2019,mvo_same_universe,BSLI3,7.004353492761951e-12
2019,mvo_same_universe,BSLI4,9.310772920685617e-12
2019,mvo_same_universe,CAML3,5.278010586051283e-12
2019,mvo_same_universe,CBEE3,3.8815433328226385e-12
2019,mvo_same_universe,CEDO3,6.011661350644904e-12
2019,mvo_same_universe,CEDO4,5.839290443728683e-12
2019,mvo_same_universe,CEEB3,6.409883671465766e-12
2019,mvo_same_universe,CEED3,8.621387494046703e-12
2019,mvo_same_universe,CEGR3,6.91030144111642e-12
2019,mvo_same_universe,CGAS3,6.4122391697014135e-12
2019,mvo_same_universe,CGAS5,5.928183804374911e-12
2019,mvo_same_universe,CGRA3,5.452103322224042e-12
2019,mvo_same_universe,CGRA4,5.558503248731311e-12
2019,mvo_same_universe,CLSC3,1.0087118040218752e-11
2019,mvo_same_universe,CLSC4,1.5502948425844212e-11
2019,mvo_same_universe,CMIG3,2.7499875141775164e-10
2019,mvo_same_universe,CMIG4,4.698984684530025e-11
2019,mvo_same_universe,COCE3,4.673012863545385e-12
2019,mvo_same_universe,COGN3,3.5841810911365655e-12
2019,mvo_same_universe,CPFE3,1.0838559120314045e-11
2019,mvo_same_universe,CPLE3,9.997436604504387e-12
2019,mvo_same_universe,CRPG5,0.06068834380017811
2019,mvo_same_universe,CRPG6,0.11789498381875407
2019,mvo_same_universe,CSAN3,4.977317823276492e-12
2019,mvo_same_universe,CSMG3,1.077137089652196e-11
2019,mvo_same_universe,CSNA3,7.046525468367532e-12
2019,mvo_same_universe,CSUD3,4.866435046007424e-12
2019,mvo_same_universe,CTAX3,3.6296316482368596e-12
2019,mvo_same_universe,CTKA4,6.724367072919472e-12
2019,mvo_same_universe,CTSA3,1.2750783494742005e-11
2019,mvo_same_universe,CTSA4,0.04757956119418005
2019,mvo_same_universe,CVCB3,7.482806136210932e-12
2019,mvo_same_universe,CYRE3,6.955579471452467e-12
2019,mvo_same_universe,DASA3,5.997101474235475e-12
2019,mvo_same_universe,DEXP3,4.662610196476772e-12
2019,mvo_same_universe,DIRR3,8.984571206227268e-12
2019,mvo_same_universe,DOHL4,1.1206499652645414e-11
2019,mvo_same_universe,DTCY3,5.788676711330931e-12
2019,mvo_same_universe,DXCO3,8.996976429170163e-12
2019,mvo_same_universe,EALT3,8.019254791493545e-11
2019,mvo_same_universe,EALT4,9.724875780395538e-12
2019,mvo_same_universe,ECOR3,4.89965330688667e-12
2019,mvo_same_universe,ECPR3,0.05474564424180827
2019,mvo_same_universe,ECPR4,0.08771087220082656
2019,mvo_same_universe,EGIE3,8.032238303485388e-12
2019,mvo_same_universe,EKTR3,4.721007419809875e-12
2019,mvo_same_universe,EKTR4,5.392464477491843e-12
2019,mvo_same_universe,EMAE4,5.1616511644571515e-09
2019,mvo_same_universe,ENEV3,6.372553673761294e-12
2019,mvo_same_universe,ENGI3,5.799900441441942e-12
2019,mvo_same_universe,ENGI4,2.2428796607608957e-11
2019,mvo_same_universe,ENMT3,8.197430823458482e-12
2019,mvo_same_universe,ENMT4,0.08763477675857104
2019,mvo_same_universe,EPAR3,5.523409801636809e-12
2019,mvo_same_universe,EQMA3B,8.840947750358998e-12
2019,mvo_same_universe,EQPA3,6.118137749541788e-12
2019,mvo_same_universe,EQPA5,3.6515005853472077e-08
2019,mvo_same_universe,EQPA6,0.09651647672694187
2019,mvo_same_universe,EQPA7,1.516909538621749e-11
2019,mvo_same_universe,EQTL3,6.5078110987471196e-12
2019,mvo_same_universe,ESTR4,6.238780619886972e-12
2019,mvo_same_universe,ETER3,3.1870475873104355e-12
2019,mvo_same_universe,EUCA3,9.247735015704037e-12
2019,mvo_same_universe,EUCA4,5.5173752069906755e-12
2019,mvo_same_universe,EVEN3,5.633548326382671e-12
2019,mvo_same_universe,EZTC3,6.043074048619745e-12
2019,mvo_same_universe,FESA3,1.1526144809755646e-11
2019,mvo_same_universe,FESA4,6.954914225206391e-12
2019,mvo_same_universe,FHER3,5.118340535337021e-11
2019,mvo_same_universe,FICT3,6.860534071603396e-12
2019,mvo_same_universe,FLRY3,4.279862794941818e-12
2019,mvo_same_universe,FRAS3,5.176179930998714e-12
2019,mvo_same_universe,FRIO3,9.898211787018104e-12
2019,mvo_same_universe,GEPA3,5.409767479132961e-12
2019,mvo_same_universe,GEPA4,6.1067552904227775e-12
2019,mvo_same_universe,GFSA3,6.267024484605531e-12
2019,mvo_same_universe,GGBR3,7.154849798172284e-12
2019,mvo_same_universe,GGBR4,7.690391009942676e-12
2019,mvo_same_universe,GOAU3,9.910674183198082e-12
2019,mvo_same_universe,GOAU4,7.283680007656529e-12
2019,mvo_same_universe,GRND3,5.122841050698867e-12
2019,mvo_same_universe,GSHP3,0.010349009987299141
2019,mvo_same_universe,HBOR3,4.190700943294598e-12
2019,mvo_same_universe,HOOT4,4.4263566137861174e-12
2019,mvo_same_universe,HYPE3,5.397810393098715e-12
2019,mvo_same_universe,IGTI3,1.1698619631957206e-10
2019,mvo_same_universe,INEP3,0.021550532870244027
2019,mvo_same_universe,INEP4,3.8887564213299317e-11
2019,mvo_same_universe,IRBR3,0.14312614028539608
2019,mvo_same_universe,ISAE3,9.986839181084567e-12
2019,mvo_same_universe,ISAE4,7.2597540416088985e-12
2019,mvo_same_universe,ITSA3,1.0014183782447387e-11
2019,mvo_same_universe,ITSA4,8.120964105976743e-12
2019,mvo_same_universe,ITUB3,7.480657095841465e-12
2019,mvo_same_universe,ITUB4,7.862742527201947e-12
2019,mvo_same_universe,JFEN3,4.312279670446831e-12
2019,mvo_same_universe,JHSF3,5.5412523067540405e-12
2019,mvo_same_universe,JOPA3,5.5027880013933945e-12
2019,mvo_same_universe,KEPL3,4.800016728086909e-12
2019,mvo_same_universe,KLBN3,5.4575941133108785e-12
2019,mvo_same_universe,KLBN4,5.520392439213056e-12
2019,mvo_same_universe,LEVE3,7.054303031274283e-12
2019,mvo_same_universe,LIGT3,5.8142911212058616e-12
2019,mvo_same_universe,LOGN3,7.380790398267521e-07
2019,mvo_same_universe,LPSB3,7.570078043105016e-12
2019,mvo_same_universe,LREN3,6.942645575071325e-12
2019,mvo_same_universe,LUPA3,4.021385708724833e-12
2019,mvo_same_universe,LUXM4,1.0594923002688462e-11
2019,mvo_same_universe,MDIA3,5.203310077753643e-12
2019,mvo_same_universe,MEAL3,5.0638569944477005e-12
2019,mvo_same_universe,MGEL4,7.89838744526113e-12
2019,mvo_same_universe,MGLU3,2.855059668079342e-10
2019,mvo_same_universe,MILS3,6.10141712072471e-12
2019,mvo_same_universe,MNDL3,8.366041742791737e-12
2019,mvo_same_universe,MNPR3,5.693159379107505e-12
2019,mvo_same_universe,MOVI3,7.900823798439174e-12
2019,mvo_same_universe,MRSA3B,6.0374966606855605e-12
2019,mvo_same_universe,MRVE3,5.729598837874765e-12
2019,mvo_same_universe,MULT3,5.907476399783275e-12
2019,mvo_same_universe,MWET4,7.39795868822755e-12
2019,mvo_same_universe,MYPK3,6.753136545569748e-12
2019,mvo_same_universe,NEXP3,3.937210827878125e-12
2019,mvo_same_universe,NORD3,2.612647940221735e-12
2019,mvo_same_universe,NUTR3,0.0011148348792775723
2019,mvo_same_universe,OFSA3,9.26449786940805e-12
2019,mvo_same_universe,OIBR3,3.657018238835e-12
2019,mvo_same_universe,OIBR4,3.064022599632001e-12
2019,mvo_same_universe,OSXB3,3.793318285571131e-12
2019,mvo_same_universe,PCAR3,6.672250316946257e-12
2019,mvo_same_universe,PDGR3,2.531149670780626e-12
2019,mvo_same_universe,PDTC3,4.3092741268612325e-12
2019,mvo_same_universe,PEAB3,7.027501048708143e-12
2019,mvo_same_universe,PEAB4,7.055010162879637e-12
2019,mvo_same_universe,PETR3,1.1867574341770644e-11
2019,mvo_same_universe,PETR4,1.0172923334009033e-11
2019,mvo_same_universe,PFRM3,3.6794348851676384e-12
2019,mvo_same_universe,PINE3,5.677761349715151e-12
2019,mvo_same_universe,PINE4,3.744341307552741e-12
2019,mvo_same_universe,PLAS3,3.604967298576001e-11
2019,mvo_same_universe,PNVL3,4.2192661629758795e-12
2019,mvo_same_universe,POMO3,6.000742010417244e-12
2019,mvo_same_universe,POMO4,5.864970302414515e-12
2019,mvo_same_universe,POSI3,4.361469520089476e-12
2019,mvo_same_universe,PRIO3,1.1853956472295987e-11
2019,mvo_same_universe,PSSA3,9.62896832117532e-12
2019,mvo_same_universe,PTBL3,5.9766470533922886e-12
2019,mvo_same_universe,QUAL3,3.2769922843529266e-12
2019,mvo_same_universe,RADL3,4.208423892681676e-12
2019,mvo_same_universe,RAIL3,8.60585172484177e-12
2019,mvo_same_universe,RANI3,6.326376577710324e-12
2019,mvo_same_universe,RAPT3,8.51636901208889e-12
2019,mvo_same_universe,RAPT4,8.417795564911975e-12
2019,mvo_same_universe,RCSL3,1.293658839807315e-11
2019,mvo_same_universe,RCSL4,5.349340481465521e-12
2019,mvo_same_universe,REDE3,0.06117104426855333
2019,mvo_same_universe,RENT3,8.27754054142443e-12
2019,mvo_same_universe,RNEW3,3.1302808233887264e-12
2019,mvo_same_universe,RNEW4,3.3408632334297094e-12
2019,mvo_same_universe,ROMI3,9.710066686783954e-12
2019,mvo_same_universe,RPAD3,6.2130094685764014e-12
2019,mvo_same_universe,RPAD5,6.972885290080924e-12
2019,mvo_same_universe,RPAD6,7.802657314381508e-12
2019,mvo_same_universe,RPMG3,3.1145801077774873e-12
2019,mvo_same_universe,RSID3,4.143533439980185e-12
2019,mvo_same_universe,RSUL4,1.0089433162359891e-10
2019,mvo_same_universe,SANB3,8.124093374990638e-12
2019,mvo_same_universe,SANB4,9.184323037193225e-12
2019,mvo_same_universe,SAPR3,9.100308017934314e-12
2019,mvo_same_universe,SAPR4,5.7389156406974075e-12
2019,mvo_same_universe,SBSP3,5.366710561738424e-12
2019,mvo_same_universe,SCAR3,4.756775102767081e-12
2019,mvo_same_universe,SEER3,3.728099919899481e-12
2019,mvo_same_universe,SHOW3,6.205183279006764e-12
2019,mvo_same_universe,SHUL4,8.667163911935695e-12
2019,mvo_same_universe,SLCE3,1.982105435093828e-11
2019,mvo_same_universe,SLED3,3.894935924412463e-12
2019,mvo_same_universe,SLED4,3.6701218961284365e-12
2019,mvo_same_universe,SMTO3,5.373742330082621e-12
2019,mvo_same_universe,SNSY3,5.677761349715151e-12
2019,mvo_same_universe,SNSY5,1.5223503964064638e-11
2019,mvo_same_universe,SOND5,9.126946552305039e-12
2019,mvo_same_universe,SUZB3,4.646774398389831e-09
2019,mvo_same_universe,SYNE3,6.216379458774581e-12
2019,mvo_same_universe,TAEE3,1.1854280107065498e-11
2019,mvo_same_universe,TAEE4,8.403916351182539e-12
2019,mvo_same_universe,TASA3,0.07087974049482075
2019,mvo_same_universe,TASA4,1.1447111070617982e-11
2019,mvo_same_universe,TCSA3,4.1102008835691005e-12
2019,mvo_same_universe,TECN3,4.8767549916006855e-12
2019,mvo_same_universe,TEKA3,4.78572410900825e-12
2019,mvo_same_universe,TEKA4,1.1688145778509749e-11
2019,mvo_same_universe,TELB3,4.952601491639641e-12
2019,mvo_same_universe,TELB4,6.793700543931244e-12
2019,mvo_same_universe,TEND3,1.2255253945219904e-11
2019,mvo_same_universe,TGMA3,1.0049178665855913e-11
2019,mvo_same_universe,TOTS3,5.319135722269976e-12
2019,mvo_same_universe,TPIS3,3.635023292754022e-12
2019,mvo_same_universe,TRIS3,8.74149501372096e-11
2019,mvo_same_universe,TXRX4,4.26618854656164e-12
2019,mvo_same_universe,UCAS3,7.02892796864366e-12
2019,mvo_same_universe,UGPA3,4.656457396115102e-12
2019,mvo_same_universe,UNIP3,0.04528756087639645
2019,mvo_same_universe,UNIP5,0.02758475013285516
2019,mvo_same_universe,UNIP6,0.009174280438524359
2019,mvo_same_universe,USIM3,6.126387580050896e-12
2019,mvo_same_universe,USIM5,5.483909915472333e-12
2019,mvo_same_universe,USIM6,4.8590032563492975e-12
2019,mvo_same_universe,VALE3,9.348300480199634e-12
2019,mvo_same_universe,VIVR3,2.8222020702612626e-12
2019,mvo_same_universe,VIVT3,6.443539152161356e-12
2019,mvo_same_universe,VLID3,6.018444408300304e-12
2019,mvo_same_universe,VSTE3,4.670124916132114e-12
2019,mvo_same_universe,VULC3,4.651535400884276e-12
2019,mvo_same_universe,WEGE3,5.219321739461675e-12
2019,mvo_same_universe,WHRL3,6.0684417846631766e-12
2019,mvo_same_universe,WHRL4,6.226697266356477e-12
2019,mvo_same_universe,WIZC3,4.264677885507024e-12
2019,mvo_same_universe,YDUQ3,4.556192751563766e-12
2020,momentum_candidate,ABCB4,8.478678165716786e-06
2020,momentum_candidate,ABEV3,5.690327341637544e-06
2020,momentum_candidate,ADHM3,6.709256391078432e-06
2020,momentum_candidate,AFLT3,3.9442055714106435e-06
2020,momentum_candidate,AGRO3,8.09819877756867e-06
2020,momentum_candidate,ALOS3,3.2740918199556035e-05
2020,momentum_candidate,ALPA3,2.64281524390519e-05
2020,momentum_candidate,ALPA4,3.751521813980521e-05
2020,momentum_candidate,ALUP3,1.1386499886248573e-05
2020,momentum_candidate,ALUP4,1.0289480067443456e-05
2020,momentum_candidate,AMAR3,2.2303642563894654e-05
2020,momentum_candidate,AMER3,1.0069139320561115e-05
2020,momentum_candidate,ANIM3,1.9090413140075375e-05
2020,momentum_candidate,AZEV3,1.2024929376938093e-10
2020,momentum_candidate,AZEV4,1.2631492560103748e-07
2020,momentum_candidate,AZZA3,5.578101254578768e-06
2020,momentum_candidate,B3SA3,1.7328761565647687e-05
2020,momentum_candidate,BALM4,9.552718664971556e-08
2020,momentum_candidate,BAUH4,2.5809319694794075e-05
2020,momentum_candidate,BBAS3,5.200294174537009e-06
2020,momentum_candidate,BBDC3,7.431196652380019e-06
2020,momentum_candidate,BBDC4,5.229626233851897e-06
2020,momentum_candidate,BBSE3,1.7169762445674888e-05
2020,momentum_candidate,BEEF3,2.9263413517644413e-05
2020,momentum_candidate,BEES3,1.829661909152465e-05
2020,momentum_candidate,BEES4,1.6102758249625505e-05
2020,momentum_candidate,BGIP3,1.1010687371192986e-05
2020,momentum_candidate,BGIP4,2.619598847615685e-06
2020,momentum_candidate,BHIA3,1.9851263343179593e-05
2020,momentum_candidate,BIED3,2.0573798575636385e-07
2020,momentum_candidate,BIOM3,6.255161669171419e-06
2020,momentum_candidate,BMEB3,1.5188955801323655e-05
2020,momentum_candidate,BMEB4,2.4081098795216364e-05
2020,momentum_candidate,BMIN3,1.7714300718559058e-06
2020,momentum_candidate,BMIN4,1.0843565449316877e-05
2020,momentum_candidate,BMKS3,6.764319866237708e-07
2020,momentum_candidate,BNBR3,2.3956902561118704e-05
2020,momentum_candidate,BOBR4,1.6399800424486904e-07
2020,momentum_candidate,BPAC3,1.823720095349242e-05
2020,momentum_candidate,BPHA3,5.855637219652043e-09
2020,momentum_candidate,BRAP3,9.5203000761381e-06
2020,momentum_candidate,BRAP4,8.271772073668105e-06
2020,momentum_candidate,BRKM3,1.0725318146921449e-07
2020,momentum_candidate,BRKM6,9.17406696111845e-09
2020,momentum_candidate,BRPR3,2.230097814610932e-05
2020,momentum_candidate,BRSR3,2.603987744686048e-06
2020,momentum_candidate,BRSR5,1.4083395484493718e-06
2020,momentum_candidate,BRSR6,1.7323836648779e-06
2020,momentum_candidate,BSLI3,2.957490905239554e-05
2020,momentum_candidate,BSLI4,9.526947604497565e-06
2020,momentum_candidate,CAML3,6.223079498252358e-06
2020,momentum_candidate,CBEE3,2.093041535783819e-07
2020,momentum_candidate,CEDO3,1.8133462825328198e-06
2020,momentum_candidate,CEDO4,3.1833114600594885e-06
2020,momentum_candidate,CEEB3,3.7839963655068734e-05
2020,momentum_candidate,CEED3,2.2172626513286675e-05
2020,momentum_candidate,CEGR3,8.953615806753438e-06
2020,momentum_candidate,CGAS3,2.4095559915539903e-05
2020,momentum_candidate,CGAS5,3.086641335561765e-05
2020,momentum_candidate,CGRA3,7.153132811711523e-06
2020,momentum_candidate,CGRA4,1.2127047299671659e-05
2020,momentum_candidate,CLSC3,1.6317122178399648e-06
2020,momentum_candidate,CLSC4,2.0827024029416775e-06
2020,momentum_candidate,CMIG3,2.665966506504888e-06
2020,momentum_candidate,CMIG4,2.026212349820125e-06
2020,momentum_candidate,COCE3,1.0443340595059737e-05
2020,momentum_candidate,COGN3,5.301670815441656e-06
2020,momentum_candidate,CPFE3,8.94447104620629e-06
2020,momentum_candidate,CPLE3,3.534244477802839e-05
2020,momentum_candidate,CRPG5,4.5737779966458813e-07
2020,momentum_candidate,CRPG6,5.855360647069071e-07
2020,momentum_candidate,CSAN3,3.064607943696237e-05
2020,momentum_candidate,CSMG3,4.62049898881631e-06
2020,momentum_candidate,CSNA3,1.2366584207172012e-05
2020,momentum_candidate,CSUD3,2.027053738024004e-05
2020,momentum_candidate,CTAX3,9.184700567627157e-10
2020,momentum_candidate,CTKA4,1.2522383535239893e-05
2020,momentum_candidate,CTSA3,6.171368401806582e-06
2020,momentum_candidate,CTSA4,1.8274294656385344e-06
2020,momentum_candidate,CVCB3,1.4404960910643875e-07
2020,momentum_candidate,CYRE3,2.6353394474073242e-05
2020,momentum_candidate,DASA3,1.804291845763107e-05
2020,momentum_candidate,DEXP3,1.8580801640438985e-05
2020,momentum_candidate,DIRR3,2.6790694993435715e-05
2020,momentum_candidate,DOHL4,2.7807328669118046e-06
2020,momentum_candidate,DTCY3,7.479118554654668e-06
2020,momentum_candidate,DXCO3,1.3137418838370258e-05
2020,momentum_candidate,EALT3,5.487144470295971e-06
2020,momentum_candidate,EALT4,1.0620086800133938e-05
2020,momentum_candidate,ECOR3,1.950451702986248e-05
2020,momentum_candidate,ECPR3,6.725518733059717e-07
2020,momentum_candidate,ECPR4,3.0880502526777277e-07
2020,momentum_candidate,EGIE3,1.9778763648382596e-05
2020,momentum_candidate,EKTR3,8.36170708305474e-06
2020,momentum_candidate,EKTR4,8.293538858246325e-06
2020,momentum_candidate,EMAE4,3.411480587576578e-05
2020,momentum_candidate,ENEV3,4.5647440088393535e-05
2020,momentum_candidate,ENGI3,1.3079472448723763e-05
2020,momentum_candidate,ENGI4,1.0503559972462286e-05
2020,momentum_candidate,ENMT3,2.3671876215030556e-05
2020,momentum_candidate,ENMT4,2.1143310887414157e-05
2020,momentum_candidate,EPAR3,8.322376466811251e-06
2020,momentum_candidate,EQMA3B,2.1569598743526465e-05
2020,momentum_candidate,EQPA3,9.092808312665242e-06
2020,momentum_candidate,EQPA5,4.0521479216317706e-07
2020,momentum_candidate,EQPA6,2.4350246681054044e-08
2020,momentum_candidate,EQPA7,9.244667769921471e-06
2020,momentum_candidate,EQTL3,2.403948197382067e-05
2020,momentum_candidate,ESTR4,1.4258453748032943e-05
2020,momentum_candidate,ETER3,4.658928774229385e-06
2020,momentum_candidate,EUCA3,6.454971023976563e-06
2020,momentum_candidate,EUCA4,1.771271334090706e-05
2020,momentum_candidate,EVEN3,3.062539556689649e-05
2020,momentum_candidate,EZTC3,3.245368836499996e-05
2020,momentum_candidate,FESA3,5.287073143193992e-06
2020,momentum_candidate,FESA4,1.1256615233066445e-06
2020,momentum_candidate,FHER3,8.346189711372679e-08
2020,momentum_candidate,FICT3,4.6876788490200415e-08
2020,momentum_candidate,FLRY3,2.0274864408779804e-05
2020,momentum_candidate,FRAS3,6.894139937892425e-06
2020,momentum_candidate,FRIO3,1.3502851133309187e-06
2020,momentum_candidate,GEPA3,1.673164280508888e-05
2020,momentum_candidate,GEPA4,1.0768829836187204e-05
2020,momentum_candidate,GFSA3,1.6435866923209174e-08
2020,momentum_candidate,GGBR3,1.3646942941668523e-05
2020,momentum_candidate,GGBR4,9.09228374413592e-06
2020,momentum_candidate,GOAU3,4.470486407357781e-06
2020,momentum_candidate,GOAU4,8.19541879916158e-06
2020,momentum_candidate,GRND3,2.0204516937227373e-05
2020,momentum_candidate,GSHP3,2.9472693478878904e-06
2020,momentum_candidate,HAPV3,2.9075588056766726e-05
2020,momentum_candidate,HBOR3,2.1882501403715678e-05
2020,momentum_candidate,HOOT4,1.8066471205420943e-06
2020,momentum_candidate,HYPE3,4.9024744931168005e-06
2020,momentum_candidate,IGTI3,2.482101682610598e-05
2020,momentum_candidate,INEP3,2.7334778527248326e-06
2020,momentum_candidate,INEP4,4.267021736244198e-06
2020,momentum_candidate,IRBR3,1.202738404698317e-05
2020,momentum_candidate,ISAE3,1.4760039951035812e-05
2020,momentum_candidate,ISAE4,1.474662533485025e-05
2020,momentum_candidate,ITSA3,4.205853580410126e-06
2020,momentum_candidate,ITSA4,7.477359503582789e-06
2020,momentum_candidate,ITUB3,4.259320215155575e-06
2020,momentum_candidate,ITUB4,3.4353742919334314e-06
2020,momentum_candidate,JFEN3,9.09481956810378e-08
2020,momentum_candidate,JHSF3,3.0474698607947306e-05
2020,momentum_candidate,JOPA3,4.341044823341063e-06
2020,momentum_candidate,KEPL3,2.532417658141984e-05
2020,momentum_candidate,KLBN3,7.633151723874746e-07
2020,momentum_candidate,KLBN4,7.5791311513815435e-06
2020,momentum_candidate,LEVE3,6.334036430709272e-06
2020,momentum_candidate,LIGT3,1.0219256494706942e-05
2020,momentum_candidate,LOGN3,2.2699330032442433e-05
2020,momentum_candidate,LPSB3,1.0217970495283136e-05
2020,momentum_candidate,LREN3,1.6784667703393336e-05
2020,momentum_candidate,LUPA3,9.2027469056017e-07
2020,momentum_candidate,LUXM4,1.5814684027734795e-05
2020,momentum_candidate,MDIA3,5.24180598203786e-07
2020,momentum_candidate,MEAL3,5.023588791569643e-06
2020,momentum_candidate,MGEL4,8.699177317108229e-06
2020,momentum_candidate,MGLU3,2.2520533818040835e-05
2020,momentum_candidate,MILS3,2.4458244894778527e-05
2020,momentum_candidate,MNDL3,6.876975254445095e-06
2020,momentum_candidate,MNPR3,1.1462626623310613e-05
2020,momentum_candidate,MOVI3,2.8680086662846204e-05
2020,momentum_candidate,MRSA3B,1.8758750357612805e-05
2020,momentum_candidate,MRVE3,1.642407601060486e-05
2020,momentum_candidate,MULT3,1.2200058257350279e-05
2020,momentum_candidate,MWET4,9.594000696905478e-06
2020,momentum_candidate,MYPK3,1.6854507377312128e-06
2020,momentum_candidate,NEXP3,3.362791061691085e-07
2020,momentum_candidate,NORD3,5.7109050147113014e-06
2020,momentum_candidate,NUTR3,6.636140501063912e-06
2020,momentum_candidate,OFSA3,8.580316037641817e-06
2020,momentum_candidate,OIBR3,2.3475251141260453e-08
2020,momentum_candidate,OIBR4,4.812841073412128e-07
2020,momentum_candidate,OSXB3,1.221229904416042e-07
2020,momentum_candidate,PCAR3,2.3215008821503875e-06
2020,momentum_candidate,PDGR3,1.8609772715735656e-07
2020,momentum_candidate,PDTC3,2.0405061521646366e-09
2020,momentum_candidate,PEAB3,8.223512169364863e-06
2020,momentum_candidate,PEAB4,7.3728507835618726e-06
2020,momentum_candidate,PETR3,7.910257362039376e-06
2020,momentum_candidate,PETR4,1.3138551665620795e-05
2020,momentum_candidate,PFRM3,1.2306132655387026e-05
2020,momentum_candidate,PINE3,0.9970364106696561
2020,momentum_candidate,PINE4,8.896825552758175e-06
2020,momentum_candidate,PLAS3,4.111211849675048e-07
2020,momentum_candidate,PNVL3,3.055027457650763e-05
2020,momentum_candidate,POMO3,9.807778960071924e-06
2020,momentum_candidate,POMO4,2.451337055855563e-06
2020,momentum_candidate,POSI3,2.5718870526898407e-05
2020,momentum_candidate,PRIO3,2.777558716562741e-05
2020,momentum_candidate,PSSA3,6.710201185731666e-06
2020,momentum_candidate,PTBL3,1.5274029210865063e-06
2020,momentum_candidate,QUAL3,2.4960302851119743e-05
2020,momentum_candidate,RADL3,2.5180822384612777e-05
2020,momentum_candidate,RAIL3,1.8081361882572453e-05
2020,momentum_candidate,RANI3,2.9549640944014174e-06
2020,momentum_candidate,RAPT3,2.2015314091587668e-05
2020,momentum_candidate,RAPT4,1.4782034892730727e-05
2020,momentum_candidate,RCSL3,3.601467947711156e-08
2020,momentum_candidate,RCSL4,2.2185280823794153e-06
2020,momentum_candidate,REDE3,1.060231935512136e-05
2020,momentum_candidate,RENT3,2.2369661227779587e-05
2020,momentum_candidate,RNEW3,5.366714249042593e-08
2020,momentum_candidate,RNEW4,7.688377587924293e-09
2020,momentum_candidate,ROMI3,2.3897419113916266e-05
2020,momentum_candidate,RPAD3,1.4550620424549643e-05
2020,momentum_candidate,RPAD5,8.754224386137192e-06
2020,momentum_candidate,RPAD6,1.1190075515826466e-05
2020,momentum_candidate,RPMG3,4.312105675811609e-06
2020,momentum_candidate,RSID3,1.0507913352618012e-05
2020,momentum_candidate,RSUL4,2.10605466111729e-05
2020,momentum_candidate,SANB3,2.674830336078282e-06
2020,momentum_candidate,SANB4,3.8591546612631105e-06
2020,momentum_candidate,SAPR3,1.3747968899755969e-06
2020,momentum_candidate,SAPR4,2.8150630191700693e-05
2020,momentum_candidate,SBSP3,2.149731053667677e-05
2020,momentum_candidate,SCAR3,1.408022602067847e-05
2020,momentum_candidate,SEER3,1.9764404272117345e-05
2020,momentum_candidate,SHOW3,4.06055724819287e-07
2020,momentum_candidate,SHUL4,2.2594936904678226e-05
2020,momentum_candidate,SLCE3,2.997789452459834e-06
2020,momentum_candidate,SLED3,3.5315253836377487e-06
2020,momentum_candidate,SLED4,2.8881577964893365e-07
2020,momentum_candidate,SMTO3,9.408506412378591e-06
2020,momentum_candidate,SNSY3,8.663447866954281e-19
2020,momentum_candidate,SNSY5,2.021485904090927e-05
2020,momentum_candidate,SOND5,1.6214828240635897e-05
2020,momentum_candidate,SUZB3,1.5156415189185265e-06
2020,momentum_candidate,SYNE3,3.1115410141355085e-05
2020,momentum_candidate,TAEE3,8.53203161011132e-06
2020,momentum_candidate,TAEE4,2.180747600812803e-05
2020,momentum_candidate,TASA3,1.1852606652758814e-06
2020,momentum_candidate,TASA4,5.84920520525708e-06
2020,momentum_candidate,TCSA3,3.532916783608441e-06
2020,momentum_candidate,TECN3,6.5405375937426656e-06
2020,momentum_candidate,TEKA3,1.2202196196627255e-07
2020,momentum_candidate,TEKA4,1.8557991548971187e-07
2020,momentum_candidate,TELB3,6.306432961016792e-06
2020,momentum_candidate,TELB4,2.3624092331302148e-06
2020,momentum_candidate,TEND3,2.4760902037467107e-05
2020,momentum_candidate,TGMA3,1.398582067379615e-05
2020,momentum_candidate,TOTS3,3.2225974261815683e-05
2020,momentum_candidate,TPIS3,9.524645814388348e-07
2020,momentum_candidate,TRIS3,3.6816791086326046e-05
2020,momentum_candidate,TXRX4,7.211541047904228e-06
2020,momentum_candidate,UCAS3,1.401690403514271e-05
2020,momentum_candidate,UGPA3,1.185586022064996e-06
2020,momentum_candidate,UNIP3,2.617745582356478e-06
2020,momentum_candidate,UNIP5,2.5784111365380407e-06
2020,momentum_candidate,UNIP6,2.961416426864488e-06
2020,momentum_candidate,USIM3,4.945876691165984e-07
2020,momentum_candidate,USIM5,1.2488513536582012e-06
2020,momentum_candidate,USIM6,3.322140240995676e-06
2020,momentum_candidate,VALE3,1.6379182108588868e-06
2020,momentum_candidate,VBBR3,9.78605456768897e-06
2020,momentum_candidate,VIVR3,2.2893684524278145e-08
2020,momentum_candidate,VIVT3,7.3183233928331865e-06
2020,momentum_candidate,VLID3,7.20899681624005e-07
2020,momentum_candidate,VSTE3,3.1648026090437954e-08
2020,momentum_candidate,VULC3,9.946229899782887e-06
2020,momentum_candidate,WEGE3,3.307096761638008e-05
2020,momentum_candidate,WHRL3,2.0244755289955224e-05
2020,momentum_candidate,WHRL4,2.0944973479369202e-05
2020,momentum_candidate,WIZC3,2.7724206355901497e-05
2020,momentum_candidate,YDUQ3,2.0699249235604678e-05
2020,mvo_same_universe,ABCB4,2.448065905292473e-12
2020,mvo_same_universe,ABEV3,2.1876793409451877e-12
2020,mvo_same_universe,ADHM3,5.118084026148509e-12
2020,mvo_same_universe,AFLT3,0.029227779525420005
2020,mvo_same_universe,AGRO3,2.3565691704451387e-12
2020,mvo_same_universe,ALOS3,3.687278542766122e-12
2020,mvo_same_universe,ALPA3,5.309600263442443e-12
2020,mvo_same_universe,ALPA4,7.057582720531024e-12
2020,mvo_same_universe,ALUP3,3.225686505854385e-12
2020,mvo_same_universe,ALUP4,3.223675290695924e-12
2020,mvo_same_universe,AMAR3,6.956641172969287e-12
2020,mvo_same_universe,AMER3,3.013012759085509e-12
2020,mvo_same_universe,ANIM3,3.4453855590222976e-12
2020,mvo_same_universe,AZEV3,1.7677342500854797e-12
2020,mvo_same_universe,AZEV4,6.314287109260523e-12
2020,mvo_same_universe,AZZA3,2.321044076166723e-12
2020,mvo_same_universe,B3SA3,2.7961032147228294e-12
2020,mvo_same_universe,BALM4,1.7003572446715364e-12
2020,mvo_same_universe,BAUH4,0.1403732144458409
2020,mvo_same_universe,BBAS3,2.131786309257216e-12
2020,mvo_same_universe,BBDC3,2.2688032592325534e-12
2020,mvo_same_universe,BBDC4,2.1821246303437183e-12
2020,mvo_same_universe,BBSE3,2.6505799282933414e-12
2020,mvo_same_universe,BEEF3,6.541239816218134e-12
2020,mvo_same_universe,BEES3,3.2063128670982723e-12
2020,mvo_same_universe,BEES4,3.39563246872483e-12
2020,mvo_same_universe,BGIP3,2.8028719919155253e-12
2020,mvo_same_universe,BGIP4,2.1252708164050582e-12
2020,mvo_same_universe,BHIA3,5.887396454975155e-12
2020,mvo_same_universe,BIED3,1.793025794410708e-12
2020,mvo_same_universe,BIOM3,2.854344622625973e-12
2020,mvo_same_universe,BMEB3,4.118168673089609e-12
2020,mvo_same_universe,BMEB4,4.63158999166435e-12
2020,mvo_same_universe,BMIN3,2.230207719120459e-12
2020,mvo_same_universe,BMIN4,7.843946729338368e-12
2020,mvo_same_universe,BMKS3,2.060324363869874e-12
2020,mvo_same_universe,BNBR3,6.714607082135287e-11
2020,mvo_same_universe,BOBR4,1.6235906001923804e-12
2020,mvo_same_universe,BPAC3,0.14361040166270694
2020,mvo_same_universe,BPHA3,1.2664897334643145e-12
2020,mvo_same_universe,BRAP3,2.787760548016624e-12
2020,mvo_same_universe,BRAP4,2.7202732845192724e-12
2020,mvo_same_universe,BRKM3,1.5114685091660776e-12
2020,mvo_same_universe,BRKM6,1.5351714817512806e-12
2020,mvo_same_universe,BRPR3,3.101094548122207e-12
2020,mvo_same_universe,BRSR3,2.248506177218023e-12
2020,mvo_same_universe,BRSR5,2.2975710331875598e-12
2020,mvo_same_universe,BRSR6,1.891555278636794e-12
2020,mvo_same_universe,BSLI3,3.3168866995647937e-12
2020,mvo_same_universe,BSLI4,2.8297676337170868e-12
2020,mvo_same_universe,CAML3,2.2863238480934316e-12
2020,mvo_same_universe,CBEE3,1.840499273288321e-12
2020,mvo_same_universe,CEDO3,5.01484660833998e-12
2020,mvo_same_universe,CEDO4,1.3817918242850633e-11
2020,mvo_same_universe,CEEB3,3.4083160543547767e-12
2020,mvo_same_universe,CEED3,0.015481599227760965
2020,mvo_same_universe,CEGR3,3.4096959639377384e-12
2020,mvo_same_universe,CGAS3,7.322576891350214e-12
2020,mvo_same_universe,CGAS5,1.3535970928557624e-11
2020,mvo_same_universe,CGRA3,2.6840600635273953e-12
2020,mvo_same_universe,CGRA4,2.402196058906583e-12
2020,mvo_same_universe,CLSC3,2.273635843721497e-12
2020,mvo_same_universe,CLSC4,2.181911847981072e-12
2020,mvo_same_universe,CMIG3,1.9942070037646247e-12
2020,mvo_same_universe,CMIG4,1.8909215605455494e-12
2020,mvo_same_universe,COCE3,2.760160609320455e-12
2020,mvo_same_universe,COGN3,2.6513916452126504e-12
2020,mvo_same_universe,CPFE3,2.4314460172117733e-12
2020,mvo_same_universe,CPLE3,6.089076635958191e-12
2020,mvo_same_universe,CRPG5,1.8352792014565287e-12
2020,mvo_same_universe,CRPG6,1.917925865594435e-12
2020,mvo_same_universe,CSAN3,4.623167626456264e-12
2020,mvo_same_universe,CSMG3,2.2228601084175415e-12
2020,mvo_same_universe,CSNA3,3.512377432062809e-12
2020,mvo_same_universe,CSUD3,3.143620981204031e-12
2020,mvo_same_universe,CTAX3,1.199929578077818e-12
2020,mvo_same_universe,CTKA4,0.04392386745314998
2020,mvo_same_universe,CTSA3,2.812946070713504e-12
2020,mvo_same_universe,CTSA4,2.1768046322762175e-12
2020,mvo_same_universe,CVCB3,1.458081322038332e-12
2020,mvo_same_universe,CYRE3,3.837318590314979e-12
2020,mvo_same_universe,DASA3,7.57819419334907e-12
2020,mvo_same_universe,DEXP3,0.056791549939797736
2020,mvo_same_universe,DIRR3,3.9574232700836276e-12
2020,mvo_same_universe,DOHL4,2.4240218810849158e-12
2020,mvo_same_universe,DTCY3,9.086424382109962e-12
2020,mvo_same_universe,DXCO3,2.760733908104341e-12
2020,mvo_same_universe,EALT3,0.042910846950905815
2020,mvo_same_universe,EALT4,2.75957062920333e-12
2020,mvo_same_universe,ECOR3,2.8561634966865695e-12
2020,mvo_same_universe,ECPR3,1.867853802661783e-12
2020,mvo_same_universe,ECPR4,1.7503281692816772e-12
2020,mvo_same_universe,EGIE3,2.8514465045340725e-12
2020,mvo_same_universe,EKTR3,2.7110438245364294e-12
2020,mvo_same_universe,EKTR4,2.7321664775324054e-12
2020,mvo_same_universe,EMAE4,3.955024676946805e-12
2020,mvo_same_universe,ENEV3,7.560989647254745e-12
2020,mvo_same_universe,ENGI3,3.422016393860466e-12
2020,mvo_same_universe,ENGI4,2.8654864977029466e-12
2020,mvo_same_universe,ENMT3,4.1267280053985775e-12
2020,mvo_same_universe,ENMT4,4.1531315131119426e-12
2020,mvo_same_universe,EPAR3,3.759870836246641e-12
2020,mvo_same_universe,EQMA3B,3.2452975984694834e-12
2020,mvo_same_universe,EQPA3,3.4916200130182594e-12
2020,mvo_same_universe,EQPA5,2.363245501589528e-12
2020,mvo_same_universe,EQPA6,2.797356069967528e-12
2020,mvo_same_universe,EQPA7,1.0523273522795632e-10
2020,mvo_same_universe,EQTL3,2.9713491704759862e-12
2020,mvo_same_universe,ESTR4,0.01315416220861495
2020,mvo_same_universe,ETER3,5.420053593976726e-12
2020,mvo_same_universe,EUCA3,0.05971499363623705
2020,mvo_same_universe,EUCA4,4.3895231025629285e-12
2020,mvo_same_universe,EVEN3,6.201362236945346e-12
2020,mvo_same_universe,EZTC3,6.124671461639534e-12
2020,mvo_same_universe,FESA3,3.678220591497798e-12
2020,mvo_same_universe,FESA4,1.9688873026722758e-12
2020,mvo_same_universe,FHER3,1.8839272649582544e-12
2020,mvo_same_universe,FICT3,1.644214772085543e-12
2020,mvo_same_universe,FLRY3,2.5713800731209513e-12
2020,mvo_same_universe,FRAS3,2.14272225001239e-12
2020,mvo_same_universe,FRIO3,2.016147806141352e-12
2020,mvo_same_universe,GEPA3,3.4289575145524558e-12
2020,mvo_same_universe,GEPA4,2.6265255237034343e-12
2020,mvo_same_universe,GFSA3,1.5101286094481605e-12
2020,mvo_same_universe,GGBR3,2.8223291461758863e-12
2020,mvo_same_universe,GGBR4,2.545712776051614e-12
2020,mvo_same_universe,GOAU3,2.143371318002622e-12
2020,mvo_same_universe,GOAU4,2.433576848611042e-12
2020,mvo_same_universe,GRND3,2.7793105163718714e-12
2020,mvo_same_universe,GSHP3,4.503210336551766e-09
2020,mvo_same_universe,HAPV3,4.069029816921143e-12
2020,mvo_same_universe,HBOR3,9.788607144116665e-12
2020,mvo_same_universe,HOOT4,2.2306858850961082e-12
2020,mvo_same_universe,HYPE3,2.136763976533476e-12
2020,mvo_same_universe,IGTI3,3.479775373775813e-12
2020,mvo_same_universe,INEP3,2.997540739104705e-12
2020,mvo_same_universe,INEP4,3.5416873078286062e-12
2020,mvo_same_universe,IRBR3,2.8677077709939756e-12
2020,mvo_same_universe,ISAE3,3.478946788613874e-12
2020,mvo_same_universe,ISAE4,2.621081135284522e-12
2020,mvo_same_universe,ITSA3,2.203257315080477e-12
2020,mvo_same_universe,ITSA4,2.4261698766422127e-12
2020,mvo_same_universe,ITUB3,2.143668188528085e-12
2020,mvo_same_universe,ITUB4,2.1698458020393016e-12
2020,mvo_same_universe,JFEN3,1.8392865369357707e-12
2020,mvo_same_universe,JHSF3,0.030212935544398377
2020,mvo_same_universe,JOPA3,2.4304755101096857e-12
2020,mvo_same_universe,KEPL3,3.7855791051494566e-12
2020,mvo_same_universe,KLBN3,1.9715544641864066e-12
2020,mvo_same_universe,KLBN4,2.4089175268253667e-12
2020,mvo_same_universe,LEVE3,2.2185391624562373e-12
2020,mvo_same_universe,LIGT3,2.6285323966697475e-12
2020,mvo_same_universe,LOGN3,1.6365308496998608e-11
2020,mvo_same_universe,LPSB3,3.1259276977189276e-12
2020,mvo_same_universe,LREN3,2.8384499992780057e-12
2020,mvo_same_universe,LUPA3,2.1001854475218916e-12
2020,mvo_same_universe,LUXM4,0.013001397966262387
2020,mvo_same_universe,MDIA3,1.7300968068373003e-12
2020,mvo_same_universe,MEAL3,2.238413295055204e-12
2020,mvo_same_universe,MGEL4,3.9734089269146544e-12
2020,mvo_same_universe,MGLU3,4.576602285176243e-12
2020,mvo_same_universe,MILS3,2.8880035013986324e-11
2020,mvo_same_universe,MNDL3,2.544336869872443e-12
2020,mvo_same_universe,MNPR3,0.008781136051050518
2020,mvo_same_universe,MOVI3,6.9930099200214744e-12
2020,mvo_same_universe,MRSA3B,0.0526703282905476
2020,mvo_same_universe,MRVE3,4.239521462016744e-12
2020,mvo_same_universe,MULT3,2.4919733182518673e-12
2020,mvo_same_universe,MWET4,5.7795100750127404e-12
2020,mvo_same_universe,MYPK3,1.8609933095261464e-12
2020,mvo_same_universe,NEXP3,1.886172327962887e-12
2020,mvo_same_universe,NORD3,0.05513890709045548
2020,mvo_same_universe,NUTR3,3.635161342626966e-12
2020,mvo_same_universe,OFSA3,2.5224363754615177e-12
2020,mvo_same_universe,OIBR3,1.610804793796943e-12
2020,mvo_same_universe,OIBR4,1.9090246505128957e-12
2020,mvo_same_universe,OSXB3,2.6622618109141742e-12
2020,mvo_same_universe,PCAR3,2.1710826887665892e-12
2020,mvo_same_universe,PDGR3,2.143784784256739e-12
2020,mvo_same_universe,PDTC3,1.2060819805835531e-12
2020,mvo_same_universe,PEAB3,2.866915040347266e-12
2020,mvo_same_universe,PEAB4,2.5844315223324796e-12
2020,mvo_same_universe,PETR3,2.392183341757436e-12
2020,mvo_same_universe,PETR4,2.618675495298124e-12
2020,mvo_same_universe,PFRM3,3.4143458395818806e-12
2020,mvo_same_universe,PINE3,1.9663398359355702e-12
2020,mvo_same_universe,PINE4,8.09210431386328e-12
2020,mvo_same_universe,PLAS3,2.0587833572001562e-12
2020,mvo_same_universe,PNVL3,3.78118257393082e-12
2020,mvo_same_universe,POMO3,2.6362379572135054e-12
2020,mvo_same_universe,POMO4,2.058994845260564e-12
2020,mvo_same_universe,POSI3,0.2005894686342635
2020,mvo_same_universe,PRIO3,5.7565208996735385e-11
2020,mvo_same_universe,PSSA3,2.3747796700930026e-12
2020,mvo_same_universe,PTBL3,1.9812782334088297e-12
2020,mvo_same_universe,QUAL3,9.693083225884997e-12
2020,mvo_same_universe,RADL3,4.22970188569188e-12
2020,mvo_same_universe,RAIL3,2.8271865031240635e-12
2020,mvo_same_universe,RANI3,3.261933369891976e-12
2020,mvo_same_universe,RAPT3,3.378536645133256e-12
2020,mvo_same_universe,RAPT4,2.639488243719468e-12
2020,mvo_same_universe,RCSL3,1.6331563047395278e-12
2020,mvo_same_universe,RCSL4,2.6725787132493396e-12
2020,mvo_same_universe,REDE3,2.548884619231193e-12
2020,mvo_same_universe,RENT3,3.126545057570238e-12
2020,mvo_same_universe,RNEW3,1.5835628329072038e-12
2020,mvo_same_universe,RNEW4,1.5775596922701965e-12
2020,mvo_same_universe,ROMI3,6.5874399464876655e-12
2020,mvo_same_universe,RPAD3,0.009245581022985222
2020,mvo_same_universe,RPAD5,3.1629207569321266e-12
2020,mvo_same_universe,RPAD6,0.006281676646398198
2020,mvo_same_universe,RPMG3,5.526447380842835e-12
2020,mvo_same_universe,RSID3,3.5201841404729114e-12
2020,mvo_same_universe,RSUL4,5.8763709233885016e-12
2020,mvo_same_universe,SANB3,2.175662685040344e-12
2020,mvo_same_universe,SANB4,2.2743639062629013e-12
2020,mvo_same_universe,SAPR3,2.3684072419538317e-12
2020,mvo_same_universe,SAPR4,4.36954773136996e-12
2020,mvo_same_universe,SBSP3,3.771515958589859e-12
2020,mvo_same_universe,SCAR3,2.9437417525493787e-12
2020,mvo_same_universe,SEER3,3.711930582239046e-12
2020,mvo_same_universe,SHOW3,1.8083547173063141e-12
2020,mvo_same_universe,SHUL4,2.873325260363147e-12
2020,mvo_same_universe,SLCE3,2.0982108985781217e-12
2020,mvo_same_universe,SLED3,0.012315109327157249
2020,mvo_same_universe,SLED4,1.9183236396195497e-12
2020,mvo_same_universe,SMTO3,2.4336113498809516e-12
2020,mvo_same_universe,SNSY3,1.9663403184536693e-12
2020,mvo_same_universe,SNSY5,1.1053702260995859e-11
2020,mvo_same_universe,SOND5,7.701671745249766e-12
2020,mvo_same_universe,SUZB3,2.324661151383726e-12
2020,mvo_same_universe,SYNE3,3.2750396825534826e-11
2020,mvo_same_universe,TAEE3,2.420918903753566e-12
2020,mvo_same_universe,TAEE4,2.80599236548809e-12
2020,mvo_same_universe,TASA3,3.5880995383501116e-12
2020,mvo_same_universe,TASA4,5.326611475823413e-12
2020,mvo_same_universe,TCSA3,2.2739990138615793e-12
2020,mvo_same_universe,TECN3,3.1091142169691877e-12
2020,mvo_same_universe,TEKA3,3.2189612605454633e-12
2020,mvo_same_universe,TEKA4,1.857131633676833e-12
2020,mvo_same_universe,TELB3,0.03182776161601517
2020,mvo_same_universe,TELB4,2.256355895147509e-12
2020,mvo_same_universe,TEND3,4.110360104913203e-12
2020,mvo_same_universe,TGMA3,2.6710605885818174e-12
2020,mvo_same_universe,TOTS3,5.648543659530288e-12
2020,mvo_same_universe,TPIS3,1.9636725864032394e-12
2020,mvo_same_universe,TRIS3,0.034747277155785516
2020,mvo_same_universe,TXRX4,6.141423184517742e-12
2020,mvo_same_universe,UCAS3,4.554581980469618e-12
2020,mvo_same_universe,UGPA3,1.7467401460410152e-12
2020,mvo_same_universe,UNIP3,2.1119774649252146e-12
2020,mvo_same_universe,UNIP5,2.2489866635205973e-12
2020,mvo_same_universe,UNIP6,2.1377124657058136e-12
2020,mvo_same_universe,USIM3,1.686201500008496e-12
2020,mvo_same_universe,USIM5,1.89628617011489e-12
2020,mvo_same_universe,USIM6,2.736784562283205e-12
2020,mvo_same_universe,VALE3,2.144066777010578e-12
2020,mvo_same_universe,VBBR3,2.6233935645200702e-12
2020,mvo_same_universe,VIVR3,1.4520112358432044e-12
2020,mvo_same_universe,VIVT3,2.381021857360957e-12
2020,mvo_same_universe,VLID3,1.8792341533905853e-12
2020,mvo_same_universe,VSTE3,1.514472687675628e-12
2020,mvo_same_universe,VULC3,2.5529371590432274e-12
2020,mvo_same_universe,WEGE3,3.5869111258669773e-12
2020,mvo_same_universe,WHRL3,5.202995075739312e-12
2020,mvo_same_universe,WHRL4,5.825355162892796e-12
2020,mvo_same_universe,WIZC3,4.85378573801105e-12
2020,mvo_same_universe,YDUQ3,4.529903767934919e-12
2021,momentum_candidate,ABCB4,0.0006496407144565829
2021,momentum_candidate,ABEV3,0.0009503257522928341
2021,momentum_candidate,ADHM3,3.9756335243271535e-05
2021,momentum_candidate,AFLT3,0.0011797101503520282
2021,momentum_candidate,AGRO3,0.010576671603681139
2021,momentum_candidate,ALOS3,7.055589011001193e-05
2021,momentum_candidate,ALPA3,0.006627012627818368
2021,momentum_candidate,ALPA4,0.0051122027038231896
2021,momentum_candidate,ALUP3,0.0016276519734066397
2021,momentum_candidate,ALUP4,0.004091090458775611
2021,momentum_candidate,AMAR3,2.36187466427354e-05
2021,momentum_candidate,AMER3,0.003325504227796876
2021,momentum_candidate,ANIM3,0.0042750571511059295
2021,momentum_candidate,AZEV3,0.0024195114576244293
2021,momentum_candidate,AZEV4,0.0044744208881348875
2021,momentum_candidate,AZZA3,0.0026444269665992838
2021,momentum_candidate,B3SA3,0.006031967696332694
2021,momentum_candidate,BALM4,0.007116120276237053
2021,momentum_candidate,BAUH4,0.011776301801582817
2021,momentum_candidate,BBAS3,0.000471408221869795
2021,momentum_candidate,BBDC3,0.0005916808284042056
2021,momentum_candidate,BBDC4,0.0008387585495578058
2021,momentum_candidate,BBSE3,0.0015191214481380965
2021,momentum_candidate,BEEF3,0.0009232616233100087
2021,momentum_candidate,BEES3,0.003375030377304458
2021,momentum_candidate,BEES4,0.0033128941826097505
2021,momentum_candidate,BGIP3,0.001137226152860652
2021,momentum_candidate,BGIP4,0.000334645856242381
2021,momentum_candidate,BHIA3,0.004666744665060461
2021,momentum_candidate,BIED3,0.0006419909234585881
2021,momentum_candidate,BIOM3,0.0060169079315771515
2021,momentum_candidate,BMEB3,0.005406729717829453
2021,momentum_candidate,BMEB4,0.0074204290633949465
2021,momentum_candidate,BMGB4,0.00022222225211523982
2021,momentum_candidate,BMIN3,0.0019317994618898477
2021,momentum_candidate,BMIN4,0.0027501630695372747
2021,momentum_candidate,BMKS3,0.0018051420947286134
2021,momentum_candidate,BNBR3,0.000765478496459268
2021,momentum_candidate,BOBR4,0.0026596883912997095
2021,momentum_candidate,BPAC3,0.006054904250626434
2021,momentum_candidate,BPHA3,4.196169524686728e-16
2021,momentum_candidate,BRAP3,0.010326855430927498
2021,momentum_candidate,BRAP4,0.010425355591384371
2021,momentum_candidate,BRKM3,0.0006371605682914009
2021,momentum_candidate,BRKM6,0.0006401203569910488
2021,momentum_candidate,BRPR3,0.00026930357503787624
2021,momentum_candidate,BRSR3,0.0002757172700304363
2021,momentum_candidate,BRSR5,0.0019003210902133094
2021,momentum_candidate,BRSR6,0.00029882210488117684
2021,momentum_candidate,BSLI3,0.00758306408884589
2021,momentum_candidate,BSLI4,0.008280043151518519
2021,momentum_candidate,CAML3,0.009052852803512779
2021,momentum_candidate,CBEE3,0.004507371920491622
2021,momentum_candidate,CEAB3,0.00020749947641617416
2021,momentum_candidate,CEDO3,0.0019603097139769803
2021,momentum_candidate,CEDO4,9.296728130480715e-05
2021,momentum_candidate,CEEB3,0.008991488016578706
2021,momentum_candidate,CEED3,2.388697516166802e-05
2021,momentum_candidate,CEGR3,0.008352239582344233
2021,momentum_candidate,CGAS3,0.006280347488389955
2021,momentum_candidate,CGAS5,0.00739289764888098
2021,momentum_candidate,CGRA3,0.007818424799847807
2021,momentum_candidate,CGRA4,0.0076876997861911895
2021,momentum_candidate,CLSC3,0.007890138205939793
2021,momentum_candidate,CLSC4,0.005580469733427432
2021,momentum_candidate,CMIG3,0.0037053941025366674
2021,momentum_candidate,CMIG4,0.003996168109691314
2021,momentum_candidate,COCE3,0.009202160163180493
2021,momentum_candidate,COGN3,5.367417361290051e-06
2021,momentum_candidate,CPFE3,0.002677483045132279
2021,momentum_candidate,CPLE3,0.003483078168905447
2021,momentum_candidate,CRPG5,0.010313533907724555
2021,momentum_candidate,CRPG6,0.010724268521519276
2021,momentum_candidate,CSAN3,0.003443564181450995
2021,momentum_candidate,CSMG3,0.0013481186081881504
2021,momentum_candidate,CSNA3,0.007579727335051247
2021,momentum_candidate,CSUD3,0.0056505978664096465
2021,momentum_candidate,CTAX3,6.294336634580696e-07
2021,momentum_candidate,CTKA4,0.004321783139372474
2021,momentum_candidate,CTSA3,0.0020398378067487313
2021,momentum_candidate,CTSA4,0.0006429466808862531
2021,momentum_candidate,CVCB3,1.2009301614140827e-05
2021,momentum_candidate,CYRE3,0.0021659958225218106
2021,momentum_candidate,DASA3,0.00621453534374015
2021,momentum_candidate,DEXP3,0.006827512370007715
2021,momentum_candidate,DIRR3,0.001740347425142391
2021,momentum_candidate,DOHL4,0.0011137472556931414
2021,momentum_candidate,DTCY3,0.0067505963510784755
2021,momentum_candidate,DXCO3,0.004098211959421375
2021,momentum_candidate,EALT3,0.0006122987611909089
2021,momentum_candidate,EALT4,0.0006460118008710104
2021,momentum_candidate,ECOR3,0.0005993922204309213
2021,momentum_candidate,ECPR3,0.019498687836865966
2021,momentum_candidate,ECPR4,0.006292323850403053
2021,momentum_candidate,EGIE3,0.002810544942764092
2021,momentum_candidate,EKTR3,0.0034267703304531314
2021,momentum_candidate,EKTR4,0.0045416235794483
2021,momentum_candidate,EMAE4,0.011300095452558471
2021,momentum_candidate,ENEV3,0.008789181877870983
2021,momentum_candidate,ENGI3,0.007328846317247501
2021,momentum_candidate,ENGI4,0.001163508382382706
2021,momentum_candidate,ENMT3,0.003976853209021685
2021,momentum_candidate,ENMT4,0.005237331260383668
2021,momentum_candidate,EPAR3,0.005789724074697262
2021,momentum_candidate,EQMA3B,0.006067918434511573
2021,momentum_candidate,EQPA3,0.0042650229786902185
2021,momentum_candidate,EQPA5,0.0005954374222164254
2021,momentum_candidate,EQPA6,0.002946349216487688
2021,momentum_candidate,EQPA7,0.001207374428003353
2021,momentum_candidate,EQTL3,0.003350374761786874
2021,momentum_candidate,ESTR4,0.0004675299872490577
2021,momentum_candidate,ETER3,0.006377036762039209
2021,momentum_candidate,EUCA3,7.553807595872535e-07
2021,momentum_candidate,EUCA4,0.0012869165228202794
2021,momentum_candidate,EVEN3,0.00045580271363409165
2021,momentum_candidate,EZTC3,0.0008109850706565486
2021,momentum_candidate,FESA3,0.004309471238292743
2021,momentum_candidate,FESA4,0.002848364067760876
2021,momentum_candidate,FHER3,0.00022230922349071583
2021,momentum_candidate,FICT3,0.006278145602739993
2021,momentum_candidate,FLRY3,0.0019092058253239778
2021,momentum_candidate,FRAS3,0.01169698044463542
2021,momentum_candidate,FRIO3,0.001500568275712603
2021,momentum_candidate,GEPA3,0.004135925912583766
2021,momentum_candidate,GEPA4,0.0033538194769563026
2021,momentum_candidate,GFSA3,8.880085614813075e-05
2021,momentum_candidate,GGBR3,0.005615588129832299
2021,momentum_candidate,GGBR4,0.004965448021526527
2021,momentum_candidate,GOAU3,0.003967290978643142
2021,momentum_candidate,GOAU4,0.004604475576486223
2021,momentum_candidate,GRND3,0.00023932413709299786
2021,momentum_candidate,GSHP3,2.540704746123904e-05
2021,momentum_candidate,HAPV3,0.0042397985940048994
2021,momentum_candidate,HBOR3,2.8963639732003208e-05
2021,momentum_candidate,HOOT4,0.0031522143154781718
2021,momentum_candidate,HYPE3,0.002505127925594268
2021,momentum_candidate,IGTI3,0.00028440422946818006
2021,momentum_candidate,INEP3,0.005342299862030809
2021,momentum_candidate,INEP4,0.005354989812043116
2021,momentum_candidate,IRBR3,8.529497036066277e-08
2021,momentum_candidate,ISAE3,0.007980595695312186
2021,momentum_candidate,ISAE4,0.012681376901982915
2021,momentum_candidate,ITSA3,0.002721250482066406
2021,momentum_candidate,ITSA4,0.0014335057561967318
2021,momentum_candidate,ITUB3,0.0021602212702883385
2021,momentum_candidate,ITUB4,0.0015482756787293147
2021,momentum_candidate,JFEN3,0.0037347981280288285
2021,momentum_candidate,JHSF3,0.0032207324539062173
2021,momentum_candidate,JOPA3,0.006389281800838637
2021,momentum_candidate,KEPL3,0.010892128924797854
2021,momentum_candidate,KLBN3,0.006868018641205599
2021,momentum_candidate,KLBN4,0.008877050182061762
2021,momentum_candidate,LEVE3,0.0004871659281965231
2021,momentum_candidate,LIGT3,0.0024226763641446636
2021,momentum_candidate,LOGG3,0.0026803452069498854
2021,momentum_candidate,LOGN3,0.00050671629057934
2021,momentum_candidate,LPSB3,1.9250757946215092e-05
2021,momentum_candidate,LREN3,0.0004483935852567288
2021,momentum_candidate,LUPA3,0.00362638714126547
2021,momentum_candidate,LUXM4,0.01395917813830824
2021,momentum_candidate,MDIA3,0.0016235206175694062
2021,momentum_candidate,MEAL3,1.2519378134850287e-05
2021,momentum_candidate,MGEL4,0.0019070010034133787
2021,momentum_candidate,MGLU3,0.008103479842318368
2021,momentum_candidate,MILS3,7.899430523019714e-05
2021,momentum_candidate,MNDL3,0.00022329642601459342
2021,momentum_candidate,MNPR3,0.004500461758648787
2021,momentum_candidate,MOVI3,0.0027034407117345837
2021,momentum_candidate,MRSA3B,0.003988368777974795
2021,momentum_candidate,MRVE3,0.0013059973460144792
2021,momentum_candidate,MULT3,0.0003091571975938458
2021,momentum_candidate,MWET4,0.0017126411615900486
2021,momentum_candidate,MYPK3,0.00020838461049523712
2021,momentum_candidate,NEXP3,5.913306395546424e-06
2021,momentum_candidate,NORD3,0.0017147596626514337
2021,momentum_candidate,NUTR3,0.004388472487079825
2021,momentum_candidate,OFSA3,0.0012554373935599252
2021,momentum_candidate,OIBR3,0.0077246266230174745
2021,momentum_candidate,OIBR4,0.007030229508339302
2021,momentum_candidate,OSXB3,0.0024532373346454485
2021,momentum_candidate,PCAR3,0.0014725327756046392
2021,momentum_candidate,PDGR3,7.736283267902622e-05
2021,momentum_candidate,PDTC3,0.005793255488934969
2021,momentum_candidate,PEAB3,0.007333209104866196
2021,momentum_candidate,PEAB4,0.008109487251879778
2021,momentum_candidate,PETR3,0.001122048804297218
2021,momentum_candidate,PETR4,0.0015346414889525679
2021,momentum_candidate,PFRM3,0.001716942821995338
2021,momentum_candidate,PINE3,4.196169524686728e-16
2021,momentum_candidate,PINE4,0.00010532508431220396
2021,momentum_candidate,PLAS3,0.00039579863935169555
2021,momentum_candidate,PNVL3,0.003830930938635965
2021,momentum_candidate,POMO3,0.00016870837191908182
2021,momentum_candidate,POMO4,0.00012883445319652394
2021,momentum_candidate,POSI3,9.571492612729876e-06
2021,momentum_candidate,PRIO3,0.005323407876050636
2021,momentum_candidate,PSSA3,0.0009677483854467965
2021,momentum_candidate,PTBL3,0.004577847725129898
2021,momentum_candidate,QUAL3,0.0017921273726221234
2021,momentum_candidate,RADL3,0.0055654349065655815
2021,momentum_candidate,RAIL3,0.0003348228141259894
2021,momentum_candidate,RANI3,0.005463813847534885
2021,momentum_candidate,RAPT3,0.0027773672495419884
2021,momentum_candidate,RAPT4,0.003561777468570385
2021,momentum_candidate,RCSL3,0.005308551090172695
2021,momentum_candidate,RCSL4,0.0012243128584990346
2021,momentum_candidate,REDE3,0.029488266015600298
2021,momentum_candidate,RENT3,0.006413586608492603
2021,momentum_candidate,RNEW3,0.0006023090374443863
2021,momentum_candidate,RNEW4,0.0030420164802935205
2021,momentum_candidate,ROMI3,0.00552674964262585
2021,momentum_candidate,RPAD3,0.0015628639854373882
2021,momentum_candidate,RPAD5,0.006535514997107419
2021,momentum_candidate,RPAD6,0.0004816120614194422
2021,momentum_candidate,RPMG3,3.9757581591208175e-05
2021,momentum_candidate,RSID3,0.0029060735526252445
2021,momentum_candidate,RSUL4,0.009500245045794373
2021,momentum_candidate,SANB3,0.0007601481955294893
2021,momentum_candidate,SANB4,0.004957016956475212
2021,momentum_candidate,SAPR3,0.0029937558920567027
2021,momentum_candidate,SAPR4,0.0006062456508280508
2021,momentum_candidate,SBFG3,0.0007822132478451351
2021,momentum_candidate,SBSP3,0.00042592636195873336
2021,momentum_candidate,SCAR3,0.0021671400734252937
2021,momentum_candidate,SEER3,4.7784949578567885e-05
2021,momentum_candidate,SHOW3,0.00010349496072538944
2021,momentum_candidate,SHUL4,0.006350557502130074
2021,momentum_candidate,SLCE3,0.00550914380346703
2021,momentum_candidate,SLED3,1.473689743374523e-06
2021,momentum_candidate,SLED4,3.289130054376307e-06
2021,momentum_candidate,SMTO3,0.004100041260812446
2021,momentum_candidate,SNSY3,0.0008340449054011829
2021,momentum_candidate,SNSY5,0.005315679188374072
2021,momentum_candidate,SOND5,0.008532873007824415
2021,momentum_candidate,SUZB3,0.008121543819557575
2021,momentum_candidate,SYNE3,7.021024586266484e-05
2021,momentum_candidate,TAEE3,0.010609598252762018
2021,momentum_candidate,TAEE4,0.009410005811329844
2021,momentum_candidate,TASA3,0.008619158547318618
2021,momentum_candidate,TASA4,0.007040744979537538
2021,momentum_candidate,TCSA3,4.6657655027367894e-05
2021,momentum_candidate,TECN3,9.152789629973058e-06
2021,momentum_candidate,TEKA3,0.002061200214563818
2021,momentum_candidate,TEKA4,0.0033220205978343317
2021,momentum_candidate,TELB3,0.0004124254656236003
2021,momentum_candidate,TELB4,0.0016015113872446555
2021,momentum_candidate,TEND3,0.002707844393713375
2021,momentum_candidate,TGMA3,0.0003558976472555492
2021,momentum_candidate,TOTS3,0.005069755415137863
2021,momentum_candidate,TPIS3,0.004727915631984646
2021,momentum_candidate,TRIS3,0.0007138988752538436
2021,momentum_candidate,TXRX4,0.0022454173843469674
2021,momentum_candidate,UCAS3,0.0018501729316634183
2021,momentum_candidate,UGPA3,0.0015481409261350206
2021,momentum_candidate,UNIP3,0.009571200565327032
2021,momentum_candidate,UNIP5,0.007297149312873713
2021,momentum_candidate,UNIP6,0.007468567181133351
2021,momentum_candidate,USIM3,0.007818335662909771
2021,momentum_candidate,USIM5,0.006672427578856071
2021,momentum_candidate,USIM6,0.01074649851671936
2021,momentum_candidate,VALE3,0.00945203995329065
2021,momentum_candidate,VBBR3,0.000454758064440109
2021,momentum_candidate,VIVA3,0.0015990204831101
2021,momentum_candidate,VIVR3,6.853044848622458e-05
2021,momentum_candidate,VIVT3,0.0032570175071647855
2021,momentum_candidate,VLID3,5.305875918869795e-05
2021,momentum_candidate,VSTE3,1.531246809809484e-06
2021,momentum_candidate,VULC3,0.0011375285377827381
2021,momentum_candidate,WEGE3,0.010037577300497149
2021,momentum_candidate,WHRL3,0.0019100559065969437
2021,momentum_candidate,WHRL4,0.002578153256792383
2021,momentum_candidate,WIZC3,0.00010756302067803125
2021,momentum_candidate,YDUQ3,0.00012828799554594292
2021,mvo_same_universe,ABCB4,3.4393938597646856e-13
2021,mvo_same_universe,ABEV3,4.1285346763766996e-13
2021,mvo_same_universe,ADHM3,5.326055155681963e-13
2021,mvo_same_universe,AFLT3,5.179953548122274e-13
2021,mvo_same_universe,AGRO3,8.229802173093384e-13
2021,mvo_same_universe,ALOS3,2.8425096867463345e-13
2021,mvo_same_universe,ALPA3,7.452963262153221e-13
2021,mvo_same_universe,ALPA4,6.437114123667827e-13
2021,mvo_same_universe,ALUP3,4.606302404911659e-13
2021,mvo_same_universe,ALUP4,5.250695798088831e-13
2021,mvo_same_universe,AMAR3,2.6215358645999466e-13
2021,mvo_same_universe,AMER3,4.881755349577974e-13
2021,mvo_same_universe,ANIM3,4.3992464819400705e-13
2021,mvo_same_universe,AZEV3,0.03120603167819041
2021,mvo_same_universe,AZEV4,6.852532333451399e-13
2021,mvo_same_universe,AZZA3,5.106680577673974e-13
2021,mvo_same_universe,B3SA3,5.714852432648558e-13
2021,mvo_same_universe,BALM4,2.5373274208225935e-12
2021,mvo_same_universe,BAUH4,9.33471881213352e-13
2021,mvo_same_universe,BBAS3,3.3407811148590883e-13
2021,mvo_same_universe,BBDC3,3.5950169777270837e-13
2021,mvo_same_universe,BBDC4,3.789965096293706e-13
2021,mvo_same_universe,BBSE3,4.14668249481776e-13
2021,mvo_same_universe,BEEF3,4.137760412528711e-13
2021,mvo_same_universe,BEES3,4.234280875662516e-13
2021,mvo_same_universe,BEES4,5.845051693852172e-13
2021,mvo_same_universe,BGIP3,4.796954005120197e-13
2021,mvo_same_universe,BGIP4,3.8806178461445615e-13
2021,mvo_same_universe,BHIA3,4.3537602131485664e-13
2021,mvo_same_universe,BIED3,4.339732301187552e-13
2021,mvo_same_universe,BIOM3,7.800365186840128e-13
2021,mvo_same_universe,BMEB3,1.1381213067253384e-12
2021,mvo_same_universe,BMEB4,7.297306343872676e-13
2021,mvo_same_universe,BMGB4,3.405897661150807e-13
2021,mvo_same_universe,BMIN3,0.006233182547169019
2021,mvo_same_universe,BMIN4,7.084117241657043e-13
2021,mvo_same_universe,BMKS3,5.122337527007274e-13
2021,mvo_same_universe,BNBR3,5.586166914757266e-13
2021,mvo_same_universe,BOBR4,4.243660836469242e-13
2021,mvo_same_universe,BPAC3,8.01768240482439e-13
2021,mvo_same_universe,BPHA3,6.454047783799328e-13
2021,mvo_same_universe,BRAP3,1.163303287573532e-12
2021,mvo_same_universe,BRAP4,1.5512937691203557e-12
2021,mvo_same_universe,BRKM3,3.5452323872292266e-13
2021,mvo_same_universe,BRKM6,4.3527837959114094e-13
2021,mvo_same_universe,BRPR3,3.528602635086258e-13
2021,mvo_same_universe,BRSR3,3.6236832165148215e-13
2021,mvo_same_universe,BRSR5,6.886508633418597e-13
2021,mvo_same_universe,BRSR6,3.284820796539245e-13
2021,mvo_same_universe,BSLI3,0.17340663762557432
2021,mvo_same_universe,BSLI4,0.057063961399921134
2021,mvo_same_universe,CAML3,9.710270235870942e-13
2021,mvo_same_universe,CBEE3,6.389913582681476e-13
2021,mvo_same_universe,CEAB3,3.1547781209419443e-13
2021,mvo_same_universe,CEDO3,0.005974395327738403
2021,mvo_same_universe,CEDO4,5.34000124152011e-13
2021,mvo_same_universe,CEEB3,7.371044172270201e-13
2021,mvo_same_universe,CEED3,4.582416844292885e-13
2021,mvo_same_universe,CEGR3,1.3350565158717727e-12
2021,mvo_same_universe,CGAS3,2.86351177918031e-12
2021,mvo_same_universe,CGAS5,8.896186159246514e-13
2021,mvo_same_universe,CGRA3,6.937001157800123e-13
2021,mvo_same_universe,CGRA4,6.921922062293931e-13
2021,mvo_same_universe,CLSC3,8.353937364230204e-13
2021,mvo_same_universe,CLSC4,5.701651931315753e-13
2021,mvo_same_universe,CMIG3,4.5452530635549123e-13
2021,mvo_same_universe,CMIG4,4.790955944734521e-13
2021,mvo_same_universe,COCE3,1.0023868804813817e-12
2021,mvo_same_universe,COGN3,2.3063080423810784e-13
2021,mvo_same_universe,CPFE3,4.403674488377087e-13
2021,mvo_same_universe,CPLE3,4.518371724244124e-13
2021,mvo_same_universe,CRPG5,7.689959593747742e-13
2021,mvo_same_universe,CRPG6,8.370985699871329e-13
2021,mvo_same_universe,CSAN3,4.748476565807847e-13
2021,mvo_same_universe,CSMG3,3.957366797025945e-13
2021,mvo_same_universe,CSNA3,1.1859699247861278e-12
2021,mvo_same_universe,CSUD3,6.785879035593358e-13
2021,mvo_same_universe,CTAX3,1.821176846179478e-13
2021,mvo_same_universe,CTKA4,0.012380890737749336
2021,mvo_same_universe,CTSA3,5.516801107275926e-13
2021,mvo_same_universe,CTSA4,4.945040778984568e-13
2021,mvo_same_universe,CVCB3,2.424572045831622e-13
2021,mvo_same_universe,CYRE3,3.9794032428981925e-13
2021,mvo_same_universe,DASA3,1.050796204053383e-12
2021,mvo_same_universe,DEXP3,0.051041279504493
2021,mvo_same_universe,DIRR3,3.731854093375003e-13
2021,mvo_same_universe,DOHL4,8.257394789976418e-13
2021,mvo_same_universe,DTCY3,2.8451639846880563e-12
2021,mvo_same_universe,DXCO3,5.022242868483054e-13
2021,mvo_same_universe,EALT3,7.186725387741344e-13
2021,mvo_same_universe,EALT4,3.900375630180631e-13
2021,mvo_same_universe,ECOR3,3.352348044341598e-13
2021,mvo_same_universe,ECPR3,8.19969275274684e-13
2021,mvo_same_universe,ECPR4,5.399016656729867e-13
2021,mvo_same_universe,EGIE3,4.712813115452642e-13
2021,mvo_same_universe,EKTR3,6.581840762194464e-13
2021,mvo_same_universe,EKTR4,1.0130414105884608e-12
2021,mvo_same_universe,EMAE4,8.975096896831376e-10
2021,mvo_same_universe,ENEV3,6.149646811495704e-13
2021,mvo_same_universe,ENGI3,1.1918695264846514e-12
2021,mvo_same_universe,ENGI4,4.302744091565543e-13
2021,mvo_same_universe,ENMT3,5.773138223597657e-13
2021,mvo_same_universe,ENMT4,6.960642533025612e-13
2021,mvo_same_universe,EPAR3,6.294152478941456e-11
2021,mvo_same_universe,EQMA3B,8.030417547066351e-13
2021,mvo_same_universe,EQPA3,6.972863480821885e-13
2021,mvo_same_universe,EQPA5,5.51929630033683e-13
2021,mvo_same_universe,EQPA6,9.217561196910974e-13
2021,mvo_same_universe,EQPA7,7.316312533969745e-13
2021,mvo_same_universe,EQTL3,4.676288189142961e-13
2021,mvo_same_universe,ESTR4,5.154021874511188e-13
2021,mvo_same_universe,ETER3,0.01590742541383989
2021,mvo_same_universe,EUCA3,2.4253744277148606e-13
2021,mvo_same_universe,EUCA4,3.169961729587853e-13
2021,mvo_same_universe,EVEN3,3.2144141200467977e-13
2021,mvo_same_universe,EZTC3,3.819789309397316e-13
2021,mvo_same_universe,FESA3,1.562645621258943e-12
2021,mvo_same_universe,FESA4,4.552229552189451e-13
2021,mvo_same_universe,FHER3,3.4832106279385226e-13
2021,mvo_same_universe,FICT3,0.017079907317639042
2021,mvo_same_universe,FLRY3,4.1305887227363074e-13
2021,mvo_same_universe,FRAS3,1.037817229332622e-12
2021,mvo_same_universe,FRIO3,5.433948931669327e-13
2021,mvo_same_universe,GEPA3,6.660389168253866e-13
2021,mvo_same_universe,GEPA4,4.871486407785236e-13
2021,mvo_same_universe,GFSA3,2.7586221126125353e-13
2021,mvo_same_universe,GGBR3,5.0369444528952e-13
2021,mvo_same_universe,GGBR4,4.727957435639721e-13
2021,mvo_same_universe,GOAU3,4.4944603937859654e-13
2021,mvo_same_universe,GOAU4,4.738540946203819e-13
2021,mvo_same_universe,GRND3,3.452569351542019e-13
2021,mvo_same_universe,GSHP3,3.719110258960587e-13
2021,mvo_same_universe,HAPV3,5.082051644887568e-13
2021,mvo_same_universe,HBOR3,2.6318538080595575e-13
2021,mvo_same_universe,HOOT4,4.232871257066689e-13
2021,mvo_same_universe,HYPE3,4.700911285911912e-13
2021,mvo_same_universe,IGTI3,3.2894278919871556e-13
2021,mvo_same_universe,INEP3,8.320599887150368e-13
2021,mvo_same_universe,INEP4,9.139737748898254e-13
2021,mvo_same_universe,IRBR3,1.9776617915019017e-13
2021,mvo_same_universe,ISAE3,7.874783806554062e-13
2021,mvo_same_universe,ISAE4,7.323096921906583e-13
2021,mvo_same_universe,ITSA3,5.050644082536308e-13
2021,mvo_same_universe,ITSA4,4.0253898730442413e-13
2021,mvo_same_universe,ITUB3,4.04625121079545e-13
2021,mvo_same_universe,ITUB4,4.116577053814989e-13
2021,mvo_same_universe,JFEN3,1.088237968435692e-12
2021,mvo_same_universe,JHSF3,4.730647478190859e-13
2021,mvo_same_universe,JOPA3,2.4465346989301242e-12
2021,mvo_same_universe,KEPL3,6.551488347604522e-13
2021,mvo_same_universe,KLBN3,6.646247474450009e-13
2021,mvo_same_universe,KLBN4,8.167798988830351e-13
2021,mvo_same_universe,LEVE3,3.6543522059660844e-13
2021,mvo_same_universe,LIGT3,4.2824728544946724e-13
2021,mvo_same_universe,LOGG3,4.079745833785128e-13
2021,mvo_same_universe,LOGN3,3.2201486058432527e-13
2021,mvo_same_universe,LPSB3,2.284751286049837e-13
2021,mvo_same_universe,LREN3,3.5822031368793747e-13
2021,mvo_same_universe,LUPA3,4.294887671444829e-13
2021,mvo_same_universe,LUXM4,0.1180812892237074
2021,mvo_same_universe,MDIA3,4.2501807459910527e-13
2021,mvo_same_universe,MEAL3,2.379759113964533e-13
2021,mvo_same_universe,MGEL4,5.475167656247758e-13
2021,mvo_same_universe,MGLU3,7.535844100523738e-13
2021,mvo_same_universe,MILS3,3.0447807850891236e-13
2021,mvo_same_universe,MNDL3,5.076593631833342e-13
2021,mvo_same_universe,MNPR3,8.034925092760251e-13
2021,mvo_same_universe,MOVI3,4.2848475556295277e-13
2021,mvo_same_universe,MRSA3B,0.04440776577361416
2021,mvo_same_universe,MRVE3,3.991989430283406e-13
2021,mvo_same_universe,MULT3,3.3329649928864053e-13
2021,mvo_same_universe,MWET4,2.008335974153821e-12
2021,mvo_same_universe,MYPK3,3.0070579454516233e-13
2021,mvo_same_universe,NEXP3,2.2587105560504018e-13
2021,mvo_same_universe,NORD3,0.009383477919247075
2021,mvo_same_universe,NUTR3,0.0772092855134136
2021,mvo_same_universe,OFSA3,3.347759599351807e-13
2021,mvo_same_universe,OIBR3,1.249910552596277e-12
2021,mvo_same_universe,OIBR4,4.398531711501775e-12
2021,mvo_same_universe,OSXB3,0.05326454416188144
2021,mvo_same_universe,PCAR3,5.462243834050675e-13
2021,mvo_same_universe,PDGR3,2.8021914509972455e-13
2021,mvo_same_universe,PDTC3,0.013268830507003218
2021,mvo_same_universe,PEAB3,0.05680979069864094
2021,mvo_same_universe,PEAB4,0.004964463076256249
2021,mvo_same_universe,PETR3,3.7597223624191185e-13
2021,mvo_same_universe,PETR4,3.9404836175034277e-13
2021,mvo_same_universe,PFRM3,3.727511539205602e-13
2021,mvo_same_universe,PINE3,6.454047783799328e-13
2021,mvo_same_universe,PINE4,3.027512488090029e-13
2021,mvo_same_universe,PLAS3,3.0063938262522853e-13
2021,mvo_same_universe,PNVL3,6.845865217904367e-13
2021,mvo_same_universe,POMO3,2.900405817300839e-13
2021,mvo_same_universe,POMO4,2.931313297686533e-13
2021,mvo_same_universe,POSI3,2.370324766174127e-13
2021,mvo_same_universe,PRIO3,1.5616586600476489e-12
2021,mvo_same_universe,PSSA3,4.2753159999071417e-13
2021,mvo_same_universe,PTBL3,5.262909761052244e-13
2021,mvo_same_universe,QUAL3,3.6342724654217923e-13
2021,mvo_same_universe,RADL3,8.341062049795107e-13
2021,mvo_same_universe,RAIL3,3.399038736382214e-13
2021,mvo_same_universe,RANI3,1.0305331040735586e-12
2021,mvo_same_universe,RAPT3,4.3009595976028244e-13
2021,mvo_same_universe,RAPT4,4.667385442465093e-13
2021,mvo_same_universe,RCSL3,0.085735448542456
2021,mvo_same_universe,RCSL4,3.5635733027134273e-13
2021,mvo_same_universe,REDE3,1.067700618116063e-12
2021,mvo_same_universe,RENT3,7.41908444582303e-13
2021,mvo_same_universe,RNEW3,5.351537468939327e-13
2021,mvo_same_universe,RNEW4,5.201369493786849e-13
2021,mvo_same_universe,ROMI3,6.842827023869023e-13
2021,mvo_same_universe,RPAD3,6.332789289478456e-13
2021,mvo_same_universe,RPAD5,9.324373188904722e-13
2021,mvo_same_universe,RPAD6,7.167450298247732e-13
2021,mvo_same_universe,RPMG3,2.47386895886214e-13
2021,mvo_same_universe,RSID3,6.037264780806643e-13
2021,mvo_same_universe,RSUL4,3.204457015873039e-12
2021,mvo_same_universe,SANB3,4.418178482133305e-13
2021,mvo_same_universe,SANB4,6.121942540627062e-13
2021,mvo_same_universe,SAPR3,5.079660877063436e-13
2021,mvo_same_universe,SAPR4,3.3933998070399333e-13
2021,mvo_same_universe,SBFG3,3.8568097531314374e-13
2021,mvo_same_universe,SBSP3,3.363562235982346e-13
2021,mvo_same_universe,SCAR3,3.72952620103622e-13
2021,mvo_same_universe,SEER3,2.8386744407917373e-13
2021,mvo_same_universe,SHOW3,3.1151174762224055e-13
2021,mvo_same_universe,SHUL4,6.003936244659563e-13
2021,mvo_same_universe,SLCE3,6.455877406883443e-13
2021,mvo_same_universe,SLED3,2.896830428532397e-13
2021,mvo_same_universe,SLED4,2.65657684104752e-13
2021,mvo_same_universe,SMTO3,5.390754620062073e-13
2021,mvo_same_universe,SNSY3,0.01424071636349027
2021,mvo_same_universe,SNSY5,0.04776903070229934
2021,mvo_same_universe,SOND5,4.657706522586461e-12
2021,mvo_same_universe,SUZB3,1.2310576080551719e-12
2021,mvo_same_universe,SYNE3,2.998424179639943e-13
2021,mvo_same_universe,TAEE3,7.472381963095125e-13
2021,mvo_same_universe,TAEE4,7.432393762615694e-13
2021,mvo_same_universe,TASA3,0.0370864998511582
2021,mvo_same_universe,TASA4,2.7687439644441144e-12
2021,mvo_same_universe,TCSA3,2.505161885778666e-13
2021,mvo_same_universe,TECN3,2.185242226729446e-13
2021,mvo_same_universe,TEKA3,0.03637714057801636
2021,mvo_same_universe,TEKA4,5.710484218099219e-13
2021,mvo_same_universe,TELB3,4.698740442634394e-13
2021,mvo_same_universe,TELB4,5.046324894943765e-13
2021,mvo_same_universe,TEND3,4.186301399752562e-13
2021,mvo_same_universe,TGMA3,2.999701338799529e-13
2021,mvo_same_universe,TOTS3,5.390734626535252e-13
2021,mvo_same_universe,TPIS3,6.352393381386645e-13
2021,mvo_same_universe,TRIS3,3.403406589710765e-13
2021,mvo_same_universe,TXRX4,0.031108004403467483
2021,mvo_same_universe,UCAS3,3.930048001739223e-13
2021,mvo_same_universe,UGPA3,3.696398353273678e-13
2021,mvo_same_universe,UNIP3,7.349373936528795e-13
2021,mvo_same_universe,UNIP5,7.724013149753761e-13
2021,mvo_same_universe,UNIP6,6.090032332072352e-13
2021,mvo_same_universe,USIM3,5.800697602131069e-13
2021,mvo_same_universe,USIM5,5.067105087273576e-13
2021,mvo_same_universe,USIM6,2.3387560628853912e-12
2021,mvo_same_universe,VALE3,9.746739439668374e-13
2021,mvo_same_universe,VBBR3,3.6178824704541043e-13
2021,mvo_same_universe,VIVA3,3.8928754853875177e-13
2021,mvo_same_universe,VIVR3,2.5523407558320887e-13
2021,mvo_same_universe,VIVT3,5.380766944420572e-13
2021,mvo_same_universe,VLID3,2.7927457666616813e-13
2021,mvo_same_universe,VSTE3,1.987115004594656e-13
2021,mvo_same_universe,VULC3,3.601871219126629e-13
2021,mvo_same_universe,WEGE3,1.3313488955522002e-11
2021,mvo_same_universe,WHRL3,4.322302821427995e-13
2021,mvo_same_universe,WHRL4,4.2336769370435363e-13
2021,mvo_same_universe,WIZC3,3.0454612547480024e-13
2021,mvo_same_universe,YDUQ3,2.9331705886916237e-13
2022,momentum_candidate,ABCB4,0.005646146669422613
2022,momentum_candidate,ABEV3,0.0052463310187036375
2022,momentum_candidate,ADHM3,0.006789836815056818
2022,momentum_candidate,AERI3,0.0009485079968996387
2022,momentum_candidate,AFLT3,0.003260116161277246
2022,momentum_candidate,AGRO3,0.0069494325313749555
2022,momentum_candidate,ALOS3,0.0007197177833697805
2022,momentum_candidate,ALPA3,0.0016498692042969875
2022,momentum_candidate,ALPA4,0.0019418383049532896
2022,momentum_candidate,ALUP3,0.003253172364755625
2022,momentum_candidate,ALUP4,0.0036826986424266747
2022,momentum_candidate,AMAR3,0.00014032672900563954
2022,momentum_candidate,AMBP3,0.006477376282584354
2022,momentum_candidate,AMER3,2.052368342188853e-05
2022,momentum_candidate,ANIM3,0.0002711121555920674
2022,momentum_candidate,AZEV3,0.0006463296850049399
2022,momentum_candidate,AZEV4,0.004259007548563425
2022,momentum_candidate,AZZA3,0.005640396541298624
2022,momentum_candidate,B3SA3,0.00023880619324438094
2022,momentum_candidate,BALM4,0.0009349218749513477
2022,momentum_candidate,BAUH4,0.006938471619939044
2022,momentum_candidate,BBAS3,0.0015738269115677596
2022,momentum_candidate,BBDC3,0.0012184398576589543
2022,momentum_candidate,BBDC4,0.0018752584474236163
2022,momentum_candidate,BBSE3,0.0010878369437183082
2022,momentum_candidate,BEEF3,0.004787024197165259
2022,momentum_candidate,BEES3,0.006735273109311245
2022,momentum_candidate,BEES4,0.005971808630865953
2022,momentum_candidate,BGIP3,0.0021147223978483605
2022,momentum_candidate,BGIP4,0.00389471387670605
2022,momentum_candidate,BHIA3,4.194981432639814e-06
2022,momentum_candidate,BIED3,0.002163526781177524
2022,momentum_candidate,BIOM3,0.0007423290213559871
2022,momentum_candidate,BMEB3,0.006877744583943039
2022,momentum_candidate,BMEB4,0.009120062733912818
2022,momentum_candidate,BMGB4,0.00025908426995387894
2022,momentum_candidate,BMIN3,0.004492627984854391
2022,momentum_candidate,BMIN4,0.0017427195688557082
2022,momentum_candidate,BMKS3,0.003705007101659464
2022,momentum_candidate,BNBR3,0.007414068373728539
2022,momentum_candidate,BOBR4,0.0008674548425097787
2022,momentum_candidate,BPAC3,0.004454666362090004
2022,momentum_candidate,BPHA3,2.6219301454480786e-16
2022,momentum_candidate,BRAP3,0.006315960059306918
2022,momentum_candidate,BRAP4,0.006187000731021466
2022,momentum_candidate,BRAV3,0.0024496439686721404
2022,momentum_candidate,BRKM3,0.008295300510101885
2022,momentum_candidate,BRKM6,0.00688250698967084
2022,momentum_candidate,BRPR3,0.0006970732555345235
2022,momentum_candidate,BRSR3,0.0025457624917990277
2022,momentum_candidate,BRSR5,0.003835058154398828
2022,momentum_candidate,BRSR6,0.001157631615420147
2022,momentum_candidate,BSLI3,0.0017888058645276447
2022,momentum_candidate,BSLI4,0.0013487357770368036
2022,momentum_candidate,CAMB3,0.0010400548304087304
2022,momentum_candidate,CAML3,0.004562121575468243
2022,momentum_candidate,CASH3,0.0024641158672815
2022,momentum_candidate,CBEE3,0.0025681607120563187
2022,momentum_candidate,CEAB3,4.1419411429377564e-05
2022,momentum_candidate,CEDO3,0.00013367264697839422
2022,momentum_candidate,CEDO4,0.0016227002132065012
2022,momentum_candidate,CEEB3,0.0018551468447238035
2022,momentum_candidate,CEED3,0.0011916823356347844
2022,momentum_candidate,CEGR3,0.0012256795880844398
2022,momentum_candidate,CGAS3,0.0024128123847786237
2022,momentum_candidate,CGAS5,0.0032662512366942874
2022,momentum_candidate,CGRA3,0.005156552436318608
2022,momentum_candidate,CGRA4,0.004572505424961779
2022,momentum_candidate,CLSC3,0.004748689100167296
2022,momentum_candidate,CLSC4,0.008107159971466703
2022,momentum_candidate,CMIG3,0.00925533543196131
2022,momentum_candidate,CMIG4,0.00754619236862079
2022,momentum_candidate,COCE3,0.0017008822777077404
2022,momentum_candidate,COGN3,9.986352720859398e-05
2022,momentum_candidate,CPFE3,0.003827383963794949
2022,momentum_candidate,CPLE3,0.004925173057066792
2022,momentum_candidate,CRPG5,0.006227009539571689
2022,momentum_candidate,CRPG6,0.007159047931971219
2022,momentum_candidate,CSAN3,0.006737963320241555
2022,momentum_candidate,CSMG3,0.002169217850209289
2022,momentum_candidate,CSNA3,0.0011677627243278116
2022,momentum_candidate,CSUD3,0.001646233980398627
2022,momentum_candidate,CTAX3,0.001144856713342897
2022,momentum_candidate,CTKA4,0.0005847671219003467
2022,momentum_candidate,CTSA3,0.0004645516261415528
2022,momentum_candidate,CTSA4,0.00024613930935449627
2022,momentum_candidate,CURY3,0.0006260812631200064
2022,momentum_candidate,CVCB3,0.00032835438896158266
2022,momentum_candidate,CYRE3,0.00018008186348742573
2022,momentum_candidate,DASA3,3.515639690925616e-05
2022,momentum_candidate,DEXP3,0.004634279513330984
2022,momentum_candidate,DIRR3,0.003565321033935022
2022,momentum_candidate,DMVF3,1.01384082233467e-05
2022,momentum_candidate,DOHL4,0.006791478581752962
2022,momentum_candidate,DTCY3,0.0021466319247656746
2022,momentum_candidate,DXCO3,0.0019253625982596251
2022,momentum_candidate,EALT3,0.0010765640174918206
2022,momentum_candidate,EALT4,0.00647281872891807
2022,momentum_candidate,ECOR3,0.00019537818816069683
2022,momentum_candidate,ECPR3,0.009630345218940599
2022,momentum_candidate,ECPR4,0.0068688371016164575
2022,momentum_candidate,EGIE3,0.004295874408015809
2022,momentum_candidate,EKTR3,0.0039253344946086665
2022,momentum_candidate,EKTR4,0.005831138581136511
2022,momentum_candidate,EMAE4,0.0056602810136286525
2022,momentum_candidate,ENEV3,0.00339665532541963
2022,momentum_candidate,ENGI3,0.001306239402605833
2022,momentum_candidate,ENGI4,0.0038877515486398745
2022,momentum_candidate,ENJU3,2.365875612023044e-07
2022,momentum_candidate,ENMT3,0.014152496659094045
2022,momentum_candidate,ENMT4,0.0147629843467013
2022,momentum_candidate,EPAR3,0.0026969546111402323
2022,momentum_candidate,EQMA3B,0.007203805600055694
2022,momentum_candidate,EQPA3,0.009444773740338615
2022,momentum_candidate,EQPA5,0.004162113219788199
2022,momentum_candidate,EQPA6,0.06781386707574381
2022,momentum_candidate,EQPA7,0.0029462125825316402
2022,momentum_candidate,EQTL3,0.005687294106423789
2022,momentum_candidate,ESTR4,0.005688578107667897
2022,momentum_candidate,ETER3,0.004594267049487151
2022,momentum_candidate,EUCA3,0.00013991900000757512
2022,momentum_candidate,EUCA4,0.004683822873003636
2022,momentum_candidate,EVEN3,0.00018274918855900972
2022,momentum_candidate,EZTC3,5.7637897589665474e-05
2022,momentum_candidate,FESA3,0.004925940521942383
2022,momentum_candidate,FESA4,0.007638836786092756
2022,momentum_candidate,FHER3,0.003432055099560864
2022,momentum_candidate,FICT3,0.0006697695656925458
2022,momentum_candidate,FLRY3,0.0006474704982550666
2022,momentum_candidate,FRAS3,0.009362678184584186
2022,momentum_candidate,FRIO3,0.0005567177200394512
2022,momentum_candidate,GEPA3,0.0012842477966901382
2022,momentum_candidate,GEPA4,0.001662040189726367
2022,momentum_candidate,GFSA3,3.249542153748831e-05
2022,momentum_candidate,GGBR3,0.007161895341811719
2022,momentum_candidate,GGBR4,0.006470809725966558
2022,momentum_candidate,GMAT3,0.000712609273479672
2022,momentum_candidate,GOAU3,0.00854918363181097
2022,momentum_candidate,GOAU4,0.006927818744304173
2022,momentum_candidate,GRND3,0.005330636571583802
2022,momentum_candidate,GSHP3,0.00038330136725494326
2022,momentum_candidate,HAPV3,0.0004156245275455208
2022,momentum_candidate,HBOR3,2.025422591328511e-05
2022,momentum_candidate,HBSA3,8.430916363187817e-05
2022,momentum_candidate,HOOT4,0.0009093875850538216
2022,momentum_candidate,HYPE3,0.0024659278426060055
2022,momentum_candidate,IGTI3,0.003432521926841807
2022,momentum_candidate,INEP3,0.0034159360266977773
2022,momentum_candidate,INEP4,0.003222721842361957
2022,momentum_candidate,IRBR3,0.00016152720847564307
2022,momentum_candidate,ISAE3,0.006036803832861001
2022,momentum_candidate,ISAE4,0.006270049784516619
2022,momentum_candidate,ITSA3,0.002485076042503317
2022,momentum_candidate,ITSA4,0.0025491767614709746
2022,momentum_candidate,ITUB3,0.0006479149121787682
2022,momentum_candidate,ITUB4,0.0005195837867816728
2022,momentum_candidate,JFEN3,4.045705092797269e-08
2022,momentum_candidate,JHSF3,0.000778370075733191
2022,momentum_candidate,JOPA3,0.0009764208279787982
2022,momentum_candidate,JSLG3,0.0004668862311226548
2022,momentum_candidate,KEPL3,0.007736138363497103
2022,momentum_candidate,KLBN3,0.0059550108234436875
2022,momentum_candidate,KLBN4,0.004848189324759795
2022,momentum_candidate,LAVV3,0.00022588268578123904
2022,momentum_candidate,LEVE3,0.006557003629318632
2022,momentum_candidate,LIGT3,0.00012694870212157363
2022,momentum_candidate,LJQQ3,0.0007539249053223708
2022,momentum_candidate,LOGG3,0.0007338780712825186
2022,momentum_candidate,LOGN3,0.005760834839795783
2022,momentum_candidate,LPSB3,3.297992870309735e-05
2022,momentum_candidate,LREN3,0.00029815795233442395
2022,momentum_candidate,LUPA3,0.002910573089635582
2022,momentum_candidate,LUXM4,0.0165545474766081
2022,momentum_candidate,LWSA3,0.0003355788156898097
2022,momentum_candidate,MDIA3,0.0010113860362174951
2022,momentum_candidate,MDNE3,6.663089667650277e-05
2022,momentum_candidate,MEAL3,9.087462469658606e-05
2022,momentum_candidate,MELK3,0.00012196170641855856
2022,momentum_candidate,MGEL4,0.005454864442738516
2022,momentum_candidate,MGLU3,7.552213050389391e-07
2022,momentum_candidate,MILS3,0.002606144041023477
2022,momentum_candidate,MNDL3,0.003527213346592466
2022,momentum_candidate,MNPR3,0.0016005703387667505
2022,momentum_candidate,MOVI3,0.001385232691245879
2022,momentum_candidate,MRSA3B,0.0020871636745998325
2022,momentum_candidate,MRVE3,0.000324512714812479
2022,momentum_candidate,MTRE3,0.00019378021460575865
2022,momentum_candidate,MULT3,0.0013761891929637458
2022,momentum_candidate,MWET4,0.003802424304725159
2022,momentum_candidate,MYPK3,0.004685689762394331
2022,momentum_candidate,NEXP3,4.233002642301055e-05
2022,momentum_candidate,NORD3,0.0009959125925446603
2022,momentum_candidate,NUTR3,0.004035560735224333
2022,momentum_candidate,OFSA3,0.0007595850481363768
2022,momentum_candidate,OIBR3,1.2480564607620926e-05
2022,momentum_candidate,OIBR4,4.124496432184005e-05
2022,momentum_candidate,OSXB3,3.5743273539688255e-06
2022,momentum_candidate,PCAR3,0.0031220876386544136
2022,momentum_candidate,PDGR3,3.576831001551026e-06
2022,momentum_candidate,PDTC3,0.0034564167531488206
2022,momentum_candidate,PEAB3,0.0043387256871824905
2022,momentum_candidate,PEAB4,0.005878871196709515
2022,momentum_candidate,PETR3,0.0061994553965264414
2022,momentum_candidate,PETR4,0.005895177310951555
2022,momentum_candidate,PFRM3,0.005328441791899473
2022,momentum_candidate,PGMN3,0.004887531424222598
2022,momentum_candidate,PINE3,2.6219301454480786e-16
2022,momentum_candidate,PINE4,0.000453478980719479
2022,momentum_candidate,PLAS3,0.004185475523409767
2022,momentum_candidate,PLPL3,2.7582625422201117e-05
2022,momentum_candidate,PNVL3,0.0003881715234710928
2022,momentum_candidate,POMO3,0.0031395989195037175
2022,momentum_candidate,POMO4,0.004882564187059854
2022,momentum_candidate,POSI3,0.005188226166207765
2022,momentum_candidate,PRIO3,0.006478921345329095
2022,momentum_candidate,PRNR3,0.0010073773750316952
2022,momentum_candidate,PSSA3,0.003078249496777658
2022,momentum_candidate,PTBL3,0.005151457925055897
2022,momentum_candidate,QUAL3,0.00012738940770771443
2022,momentum_candidate,RADL3,0.003583983590392662
2022,momentum_candidate,RAIL3,0.0025238241785861953
2022,momentum_candidate,RANI3,0.006562458290137777
2022,momentum_candidate,RAPT3,0.006298376445127753
2022,momentum_candidate,RAPT4,0.0005898203073469822
2022,momentum_candidate,RCSL3,0.00014579968683134476
2022,momentum_candidate,RCSL4,0.0011018260584045373
2022,momentum_candidate,RDOR3,0.0005157772471948339
2022,momentum_candidate,REDE3,0.00044922507094429887
2022,momentum_candidate,RENT3,0.0011433986834870314
2022,momentum_candidate,RNEW3,2.750924590242387e-05
2022,momentum_candidate,RNEW4,1.4614321058024162e-05
2022,momentum_candidate,ROMI3,0.004351380225518804
2022,momentum_candidate,RPAD3,0.0026159047156047764
2022,momentum_candidate,RPAD5,0.0016713505864914225
2022,momentum_candidate,RPAD6,0.0007410521922652784
2022,momentum_candidate,RPMG3,0.0012413722043175238
2022,momentum_candidate,RSID3,0.003994140084922055
2022,momentum_candidate,RSUL4,0.007583573296357176
2022,momentum_candidate,SANB3,0.0010829379248777503
2022,momentum_candidate,SANB4,0.001216715427699035
2022,momentum_candidate,SAPR3,0.0005138863533347953
2022,momentum_candidate,SAPR4,0.0014849115221666688
2022,momentum_candidate,SBFG3,0.0006895010377326581
2022,momentum_candidate,SBSP3,0.002732104177443507
2022,momentum_candidate,SCAR3,0.0033875823896864082
2022,momentum_candidate,SEER3,0.00045095399063335744
2022,momentum_candidate,SEQL3,0.00024747960787298816
2022,momentum_candidate,SHOW3,0.0005753509728017968
2022,momentum_candidate,SHUL4,0.006201643339971847
2022,momentum_candidate,SIMH3,0.007015165919563325
2022,momentum_candidate,SLCE3,0.00847773746202607
2022,momentum_candidate,SLED3,2.6391260825056798e-06
2022,momentum_candidate,SLED4,1.7826207836652883e-06
2022,momentum_candidate,SMTO3,0.007858234273658204
2022,momentum_candidate,SNSY3,9.677041679929059e-06
2022,momentum_candidate,SNSY5,0.000901124961131349
2022,momentum_candidate,SOND5,0.0015205338088708563
2022,momentum_candidate,SUZB3,0.005365026220336104
2022,momentum_candidate,SYNE3,0.0030439463926377284
2022,momentum_candidate,TAEE3,0.011011409683406411
2022,momentum_candidate,TAEE4,0.010737394875990338
2022,momentum_candidate,TASA3,0.006522830142934315
2022,momentum_candidate,TASA4,0.006437488936300983
2022,momentum_candidate,TCSA3,1.3838993746385252e-05
2022,momentum_candidate,TECN3,0.004544384166278097
2022,momentum_candidate,TEKA3,0.0003729678074278687
2022,momentum_candidate,TEKA4,0.000746700649790979
2022,momentum_candidate,TELB3,7.612780561229161e-05
2022,momentum_candidate,TELB4,6.61908704557094e-05
2022,momentum_candidate,TEND3,0.000171320072628314
2022,momentum_candidate,TFCO4,0.004583857771373799
2022,momentum_candidate,TGMA3,0.00024477306340497305
2022,momentum_candidate,TOTS3,0.003949898703147108
2022,momentum_candidate,TPIS3,0.0010366424853378367
2022,momentum_candidate,TRIS3,7.381628194529582e-05
2022,momentum_candidate,TXRX4,0.001452291666592116
2022,momentum_candidate,UCAS3,0.003681745990545688
2022,momentum_candidate,UGPA3,0.0022172902338314857
2022,momentum_candidate,UNIP3,0.011416264487137015
2022,momentum_candidate,UNIP5,0.007701755841537446
2022,momentum_candidate,UNIP6,0.00847722851344673
2022,momentum_candidate,USIM3,0.003023111270665492
2022,momentum_candidate,USIM5,0.004127618396491902
2022,momentum_candidate,USIM6,0.006824188695767774
2022,momentum_candidate,VALE3,0.004807335150127592
2022,momentum_candidate,VBBR3,0.004877502464504123
2022,momentum_candidate,VIVA3,0.0026401498840864113
2022,momentum_candidate,VIVR3,0.0012477084369019
2022,momentum_candidate,VIVT3,0.00996789004043468
2022,momentum_candidate,VLID3,0.0013733687905208216
2022,momentum_candidate,VSTE3,1.3706638914834176e-06
2022,momentum_candidate,VULC3,0.005528014949315434
2022,momentum_candidate,WEGE3,0.002564262963172309
2022,momentum_candidate,WHRL3,0.005333201607196225
2022,momentum_candidate,WHRL4,0.0061463720667724415
2022,momentum_candidate,WIZC3,0.0017816092052898346
2022,momentum_candidate,YDUQ3,0.0002644761132953914
2022,mvo_same_universe,ABCB4,1.1508728319087348e-11
2022,mvo_same_universe,ABEV3,1.1399712530445232e-11
2022,mvo_same_universe,ADHM3,9.51278429299418e-12
2022,mvo_same_universe,AERI3,8.983364346521854e-12
2022,mvo_same_universe,AFLT3,1.1340586076035155e-11
2022,mvo_same_universe,AGRO3,1.1703790763909034e-11
2022,mvo_same_universe,ALOS3,8.066095950515936e-12
2022,mvo_same_universe,ALPA3,9.212436356117237e-12
2022,mvo_same_universe,ALPA4,9.756471609781416e-12
2022,mvo_same_universe,ALUP3,9.785265652489342e-12
2022,mvo_same_universe,ALUP4,1.0124124854880956e-11
2022,mvo_same_universe,AMAR3,6.693057517797164e-12
2022,mvo_same_universe,AMBP3,1.656816974966126e-11
2022,mvo_same_universe,AMER3,5.638814965808908e-12
2022,mvo_same_universe,ANIM3,7.577904094822091e-12
2022,mvo_same_universe,AZEV3,8.56641401362342e-12
2022,mvo_same_universe,AZEV4,1.687217084059421e-11
2022,mvo_same_universe,AZZA3,1.2671797854449977e-11
2022,mvo_same_universe,B3SA3,6.884713845774532e-12
2022,mvo_same_universe,BALM4,9.002178499207745e-12
2022,mvo_same_universe,BAUH4,1.168025235688273e-11
2022,mvo_same_universe,BBAS3,8.431675400609376e-12
2022,mvo_same_universe,BBDC3,8.071241401870937e-12
2022,mvo_same_universe,BBDC4,8.488112750485523e-12
2022,mvo_same_universe,BBSE3,8.29434041027429e-12
2022,mvo_same_universe,BEEF3,1.4255649609406142e-11
2022,mvo_same_universe,BEES3,1.1246169720166733e-11
2022,mvo_same_universe,BEES4,1.2546694403038004e-11
2022,mvo_same_universe,BGIP3,9.65538782788558e-12
2022,mvo_same_universe,BGIP4,1.0621767295977489e-11
2022,mvo_same_universe,BHIA3,4.7570627117299694e-12
2022,mvo_same_universe,BIED3,1.0825699073481528e-11
2022,mvo_same_universe,BIOM3,8.333574219028659e-12
2022,mvo_same_universe,BMEB3,2.359829200232487e-11
2022,mvo_same_universe,BMEB4,1.9902849309037246e-11
2022,mvo_same_universe,BMGB4,6.9270271564759374e-12
2022,mvo_same_universe,BMIN3,1.504627710707544e-11
2022,mvo_same_universe,BMIN4,1.1424105205807563e-11
2022,mvo_same_universe,BMKS3,1.2348569609529487e-11
2022,mvo_same_universe,BNBR3,1.1677845514392371e-11
2022,mvo_same_universe,BOBR4,8.510189892520812e-12
2022,mvo_same_universe,BPAC3,1.2273184734410797e-11
2022,mvo_same_universe,BPHA3,1.1420539755836122e-11
2022,mvo_same_universe,BRAP3,1.1869807573805394e-11
2022,mvo_same_universe,BRAP4,1.1543379269536677e-11
2022,mvo_same_universe,BRAV3,1.0747402158756167e-11
2022,mvo_same_universe,BRKM3,4.6694889350587795e-09
2022,mvo_same_universe,BRKM6,2.224959278419741e-11
2022,mvo_same_universe,BRPR3,8.085601250052825e-12
2022,mvo_same_universe,BRSR3,8.942805730162197e-12
2022,mvo_same_universe,BRSR5,1.3118313132423783e-11
2022,mvo_same_universe,BRSR6,8.275624953709647e-12
2022,mvo_same_universe,BSLI3,3.6262285692238135e-11
2022,mvo_same_universe,BSLI4,0.027666855250767553
2022,mvo_same_universe,CAMB3,9.941961576423383e-12
2022,mvo_same_universe,CAML3,1.0965417704485605e-11
2022,mvo_same_universe,CASH3,1.3680694988878864e-11
2022,mvo_same_universe,CBEE3,2.9943178207493915e-11
2022,mvo_same_universe,CEAB3,6.086412842208169e-12
2022,mvo_same_universe,CEDO3,6.446340130145113e-12
2022,mvo_same_universe,CEDO4,9.772323166495402e-12
2022,mvo_same_universe,CEEB3,9.921829784619043e-12
2022,mvo_same_universe,CEED3,1.9324184761508035e-11
2022,mvo_same_universe,CEGR3,3.594827756336719e-11
2022,mvo_same_universe,CGAS3,1.233103031225885e-11
2022,mvo_same_universe,CGAS5,1.046562784115677e-11
2022,mvo_same_universe,CGRA3,1.3774393522470181e-11
2022,mvo_same_universe,CGRA4,1.1499750502243366e-11
2022,mvo_same_universe,CLSC3,1.575986365146133e-11
2022,mvo_same_universe,CLSC4,1.862089924284807e-11
2022,mvo_same_universe,CMIG3,1.6452523258894582e-11
2022,mvo_same_universe,CMIG4,1.2868139713709109e-11
2022,mvo_same_universe,COCE3,1.0497189181221525e-11
2022,mvo_same_universe,COGN3,6.31537489696062e-12
2022,mvo_same_universe,CPFE3,1.1419808262999224e-11
2022,mvo_same_universe,CPLE3,1.25022523753852e-11
2022,mvo_same_universe,CRPG5,3.65757216579632e-11
2022,mvo_same_universe,CRPG6,1.2875807962987882e-10
2022,mvo_same_universe,CSAN3,1.2179575770634112e-11
2022,mvo_same_universe,CSMG3,9.407894010019384e-12
2022,mvo_same_universe,CSNA3,7.840498130780986e-12
2022,mvo_same_universe,CSUD3,8.564803659845265e-12
2022,mvo_same_universe,CTAX3,1.0940454874328735e-11
2022,mvo_same_universe,CTKA4,9.603582456376722e-12
2022,mvo_same_universe,CTSA3,9.614095488211177e-12
2022,mvo_same_universe,CTSA4,8.612653524867812e-12
2022,mvo_same_universe,CURY3,7.849155576655302e-12
2022,mvo_same_universe,CVCB3,7.097575015724075e-12
2022,mvo_same_universe,CYRE3,6.509796015075245e-12
2022,mvo_same_universe,DASA3,7.1352438115756244e-12
2022,mvo_same_universe,DEXP3,1.7380905798194473e-11
2022,mvo_same_universe,DIRR3,1.0314165655265724e-11
2022,mvo_same_universe,DMVF3,4.814337113992527e-12
2022,mvo_same_universe,DOHL4,1.3686795850569987e-11
2022,mvo_same_universe,DTCY3,1.2591347853196612e-11
2022,mvo_same_universe,DXCO3,8.886227064637949e-12
2022,mvo_same_universe,EALT3,1.626936273864153e-11
2022,mvo_same_universe,EALT4,2.2379558600353444e-11
2022,mvo_same_universe,ECOR3,6.2809454544686805e-12
2022,mvo_same_universe,ECPR3,1.2294500835055605e-11
2022,mvo_same_universe,ECPR4,1.5434496482981657e-11
2022,mvo_same_universe,EGIE3,1.0485235447778532e-11
2022,mvo_same_universe,EKTR3,1.8804994836512977e-11
2022,mvo_same_universe,EKTR4,2.2604349763324164e-11
2022,mvo_same_universe,EMAE4,2.1999485865295355e-11
2022,mvo_same_universe,ENEV3,1.0894515914636675e-11
2022,mvo_same_universe,ENGI3,9.172211574802123e-12
2022,mvo_same_universe,ENGI4,1.2492349890274693e-11
2022,mvo_same_universe,ENJU3,4.329737601232896e-12
2022,mvo_same_universe,ENMT3,0.19206808584795065
2022,mvo_same_universe,ENMT4,0.23825132059951615
2022,mvo_same_universe,EPAR3,1.1738459813802677e-11
2022,mvo_same_universe,EQMA3B,1.201010709005106e-11
2022,mvo_same_universe,EQPA3,5.683274413181537e-11
2022,mvo_same_universe,EQPA5,2.7539540683243465e-11
2022,mvo_same_universe,EQPA6,1.193880167815585e-11
2022,mvo_same_universe,EQPA7,3.418523928201052e-11
2022,mvo_same_universe,EQTL3,1.1987811805996131e-11
2022,mvo_same_universe,ESTR4,0.06039661907904075
2022,mvo_same_universe,ETER3,1.8319710397586977e-11
2022,mvo_same_universe,EUCA3,6.2388038052233525e-12
2022,mvo_same_universe,EUCA4,1.2961934927711016e-11
2022,mvo_same_universe,EVEN3,6.735116653698966e-12
2022,mvo_same_universe,EZTC3,5.9644676502592704e-12
2022,mvo_same_universe,FESA3,4.5538515625686376e-11
2022,mvo_same_universe,FESA4,8.764544346690083e-11
2022,mvo_same_universe,FHER3,0.10694767399223798
2022,mvo_same_universe,FICT3,2.015145920608756e-11
2022,mvo_same_universe,FLRY3,7.605669662635505e-12
2022,mvo_same_universe,FRAS3,1.9088900456995976e-11
2022,mvo_same_universe,FRIO3,1.2130042762856073e-11
2022,mvo_same_universe,GEPA3,9.660210662650933e-12
2022,mvo_same_universe,GEPA4,8.867258544792943e-12
2022,mvo_same_universe,GFSA3,5.5366238678481315e-12
2022,mvo_same_universe,GGBR3,1.2058995330033802e-11
2022,mvo_same_universe,GGBR4,1.1753575563821951e-11
2022,mvo_same_universe,GMAT3,7.934405020952875e-12
2022,mvo_same_universe,GOAU3,1.4047405334502812e-11
2022,mvo_same_universe,GOAU4,1.201791447605053e-11
2022,mvo_same_universe,GRND3,1.18656290618663e-11
2022,mvo_same_universe,GSHP3,7.444220651904886e-12
2022,mvo_same_universe,HAPV3,7.245096178061959e-12
2022,mvo_same_universe,HBOR3,5.256708897181511e-12
2022,mvo_same_universe,HBSA3,5.969446352853209e-12
2022,mvo_same_universe,HOOT4,1.852342334913698e-11
2022,mvo_same_universe,HYPE3,9.525395053056052e-12
2022,mvo_same_universe,IGTI3,1.2597771422257897e-11
2022,mvo_same_universe,INEP3,6.382045487591519e-10
2022,mvo_same_universe,INEP4,0.026399119038812893
2022,mvo_same_universe,IRBR3,6.984900023586756e-12
2022,mvo_same_universe,ISAE3,1.427516102268261e-11
2022,mvo_same_universe,ISAE4,1.0807083933129457e-11
2022,mvo_same_universe,ITSA3,8.822651943082813e-12
2022,mvo_same_universe,ITSA4,8.901270665658294e-12
2022,mvo_same_universe,ITUB3,7.449530773981778e-12
2022,mvo_same_universe,ITUB4,7.278942900953951e-12
2022,mvo_same_universe,JFEN3,4.950928662837618e-12
2022,mvo_same_universe,JHSF3,8.005706073134356e-12
2022,mvo_same_universe,JOPA3,1.0722093116181048e-11
2022,mvo_same_universe,JSLG3,7.684139463754478e-12
2022,mvo_same_universe,KEPL3,1.734879728424989e-11
2022,mvo_same_universe,KLBN3,1.3639956075367629e-11
2022,mvo_same_universe,KLBN4,1.1066881624131859e-11
2022,mvo_same_universe,LAVV3,7.128594883590041e-12
2022,mvo_same_universe,LEVE3,1.8663620981581473e-11
2022,mvo_same_universe,LIGT3,6.355896086372744e-12
2022,mvo_same_universe,LJQQ3,8.385712625351484e-12
2022,mvo_same_universe,LOGG3,8.119136226950219e-12
2022,mvo_same_universe,LOGN3,2.2888495491743492e-11
2022,mvo_same_universe,LPSB3,5.889882659658961e-12
2022,mvo_same_universe,LREN3,7.022857244997701e-12
2022,mvo_same_universe,LUPA3,0.033140756317112406
2022,mvo_same_universe,LUXM4,1.772478549936458e-11
2022,mvo_same_universe,LWSA3,7.498547407548534e-12
2022,mvo_same_universe,MDIA3,8.436693645257615e-12
2022,mvo_same_universe,MDNE3,6.195595322477791e-12
2022,mvo_same_universe,MEAL3,5.689428436651791e-12
2022,mvo_same_universe,MELK3,6.250217775604061e-12
2022,mvo_same_universe,MGEL4,5.797897246940258e-11
2022,mvo_same_universe,MGLU3,4.665529757557355e-12
2022,mvo_same_universe,MILS3,9.54338712911364e-12
2022,mvo_same_universe,MNDL3,2.3510961782357104e-11
2022,mvo_same_universe,MNPR3,1.21168549579579e-11
2022,mvo_same_universe,MOVI3,7.766467257581418e-12
2022,mvo_same_universe,MRSA3B,1.7803054100810997e-11
2022,mvo_same_universe,MRVE3,7.168767440672585e-12
2022,mvo_same_universe,MTRE3,6.762145194412911e-12
2022,mvo_same_universe,MULT3,8.663639031351017e-12
2022,mvo_same_universe,MWET4,0.04355423173676574
2022,mvo_same_universe,MYPK3,1.048042169222569e-11
2022,mvo_same_universe,NEXP3,8.206167479923924e-12
2022,mvo_same_universe,NORD3,0.01987308073769307
2022,mvo_same_universe,NUTR3,1.831653310396428e-11
2022,mvo_same_universe,OFSA3,8.595561585837114e-12
2022,mvo_same_universe,OIBR3,5.07015896784503e-12
2022,mvo_same_universe,OIBR4,5.7338634024160305e-12
2022,mvo_same_universe,OSXB3,5.032483058644255e-12
2022,mvo_same_universe,PCAR3,0.026274161174946006
2022,mvo_same_universe,PDGR3,5.935251945024463e-12
2022,mvo_same_universe,PDTC3,1.6852474427663778e-11
2022,mvo_same_universe,PEAB3,1.3983620156310332e-11
2022,mvo_same_universe,PEAB4,4.837314204035426e-11
2022,mvo_same_universe,PETR3,1.461593059823486e-11
2022,mvo_same_universe,PETR4,1.330228673055724e-11
2022,mvo_same_universe,PFRM3,1.1807120442535387e-11
2022,mvo_same_universe,PGMN3,1.054694346104124e-11
2022,mvo_same_universe,PINE3,1.1420539755836122e-11
2022,mvo_same_universe,PINE4,7.47780521231734e-12
2022,mvo_same_universe,PLAS3,0.02415490400909705
2022,mvo_same_universe,PLPL3,5.32335736199004e-12
2022,mvo_same_universe,PNVL3,6.91901105185516e-12
2022,mvo_same_universe,POMO3,9.637812676456562e-12
2022,mvo_same_universe,POMO4,1.1128203963019647e-11
2022,mvo_same_universe,POSI3,3.463061104179579e-11
2022,mvo_same_universe,PRIO3,2.8649021956135714e-11
2022,mvo_same_universe,PRNR3,9.229510381106575e-12
2022,mvo_same_universe,PSSA3,9.670481844218467e-12
2022,mvo_same_universe,PTBL3,2.3460499244730114e-11
2022,mvo_same_universe,QUAL3,6.570142561429635e-12
2022,mvo_same_universe,RADL3,1.0503599372403073e-11
2022,mvo_same_universe,RAIL3,9.675282886969186e-12
2022,mvo_same_universe,RANI3,1.5359410773599198e-11
2022,mvo_same_universe,RAPT3,1.1991699042894886e-11
2022,mvo_same_universe,RAPT4,7.284176073370983e-12
2022,mvo_same_universe,RCSL3,9.825261324962516e-12
2022,mvo_same_universe,RCSL4,1.0096257563292504e-11
2022,mvo_same_universe,RDOR3,7.902182051493159e-12
2022,mvo_same_universe,REDE3,7.86741514789072e-12
2022,mvo_same_universe,RENT3,8.364663007318879e-12
2022,mvo_same_universe,RNEW3,5.817689198685775e-12
2022,mvo_same_universe,RNEW4,5.822971892698444e-12
2022,mvo_same_universe,ROMI3,1.3491645508652072e-11
2022,mvo_same_universe,RPAD3,9.485087571979456e-12
2022,mvo_same_universe,RPAD5,1.1046395097738108e-11
2022,mvo_same_universe,RPAD6,8.414231455077307e-12
2022,mvo_same_universe,RPMG3,1.1985158157198756e-11
2022,mvo_same_universe,RSID3,1.7294335795908792e-11
2022,mvo_same_universe,RSUL4,0.14236986213986555
2022,mvo_same_universe,SANB3,8.027730719715424e-12
2022,mvo_same_universe,SANB4,8.144881697987377e-12
2022,mvo_same_universe,SAPR3,7.953576262981253e-12
2022,mvo_same_universe,SAPR4,8.726542463497602e-12
2022,mvo_same_universe,SBFG3,7.936072781038087e-12
2022,mvo_same_universe,SBSP3,1.0312804117887728e-11
2022,mvo_same_universe,SCAR3,1.0706935171499803e-11
2022,mvo_same_universe,SEER3,8.02773805750237e-12
2022,mvo_same_universe,SEQL3,7.373589763779157e-12
2022,mvo_same_universe,SHOW3,8.703508665895734e-12
2022,mvo_same_universe,SHUL4,1.2468994556913569e-11
2022,mvo_same_universe,SIMH3,1.638375318781149e-11
2022,mvo_same_universe,SLCE3,2.092387815949492e-11
2022,mvo_same_universe,SLED3,4.803618941872323e-12
2022,mvo_same_universe,SLED4,4.749226520003886e-12
2022,mvo_same_universe,SMTO3,1.7136483690235968e-11
2022,mvo_same_universe,SNSY3,5.634428974908597e-12
2022,mvo_same_universe,SNSY5,9.081476209587607e-12
2022,mvo_same_universe,SOND5,1.0184700176622783e-11
2022,mvo_same_universe,SUZB3,1.3220487784072099e-11
2022,mvo_same_universe,SYNE3,1.3438560112376509e-11
2022,mvo_same_universe,TAEE3,1.575895322707439e-11
2022,mvo_same_universe,TAEE4,1.470029364584069e-11
2022,mvo_same_universe,TASA3,1.6659220871347307e-11
2022,mvo_same_universe,TASA4,2.0477618506619162e-11
2022,mvo_same_universe,TCSA3,5.2712479575858575e-12
2022,mvo_same_universe,TECN3,3.07259943066302e-11
2022,mvo_same_universe,TEKA3,9.569869966822576e-12
2022,mvo_same_universe,TEKA4,1.0603109030758458e-11
2022,mvo_same_universe,TELB3,6.147408352846789e-12
2022,mvo_same_universe,TELB4,5.568543403002821e-12
2022,mvo_same_universe,TEND3,6.794029958658148e-12
2022,mvo_same_universe,TFCO4,1.1973220643945435e-11
2022,mvo_same_universe,TGMA3,6.7548780733860495e-12
2022,mvo_same_universe,TOTS3,1.0585670052593903e-11
2022,mvo_same_universe,TPIS3,1.0045375744622502e-11
2022,mvo_same_universe,TRIS3,6.135899400123626e-12
2022,mvo_same_universe,TXRX4,1.030610873071578e-11
2022,mvo_same_universe,UCAS3,1.0933796582121542e-11
2022,mvo_same_universe,UGPA3,9.334926975975092e-11
2022,mvo_same_universe,UNIP3,4.0989519410934126e-09
2022,mvo_same_universe,UNIP5,0.003792605433277525
2022,mvo_same_universe,UNIP6,0.055110710650516315
2022,mvo_same_universe,USIM3,9.51617684442069e-12
2022,mvo_same_universe,USIM5,1.0440093530771284e-11
2022,mvo_same_universe,USIM6,8.483830046283148e-11
2022,mvo_same_universe,VALE3,1.0264877607199654e-11
2022,mvo_same_universe,VBBR3,1.0971614858878422e-11
2022,mvo_same_universe,VIVA3,1.0630970485175191e-11
2022,mvo_same_universe,VIVR3,8.810399859780318e-10
2022,mvo_same_universe,VIVT3,1.3691721134565824e-11
2022,mvo_same_universe,VLID3,8.741118756861796e-12
2022,mvo_same_universe,VSTE3,4.6248816154280216e-12
2022,mvo_same_universe,VULC3,1.3089679451969342e-11
2022,mvo_same_universe,WEGE3,9.318082759665605e-12
2022,mvo_same_universe,WHRL3,1.05172531875317e-11
2022,mvo_same_universe,WHRL4,1.1345309969983527e-11
2022,mvo_same_universe,WIZC3,1.1299929150980634e-11
2022,mvo_same_universe,YDUQ3,7.202725033263438e-12
2023,momentum_candidate,ABCB4,0.007459054441501572
2023,momentum_candidate,ABEV3,0.00469509421510114
2023,momentum_candidate,ADHM3,1.8626036844119434e-16
2023,momentum_candidate,AERI3,3.321107741399534e-07
2023,momentum_candidate,AFLT3,0.005000365030150517
2023,momentum_candidate,AGRO3,0.006385797106835782
2023,momentum_candidate,AGXY3,0.0019003670449811384
2023,momentum_candidate,ALLD3,7.214184889003263e-05
2023,momentum_candidate,ALOS3,0.001653187531029623
2023,momentum_candidate,ALPA3,4.5808353724137145e-05
2023,momentum_candidate,ALPA4,5.9181423330936225e-05
2023,momentum_candidate,ALUP3,0.005076562458859003
2023,momentum_candidate,ALUP4,0.007486822033213384
2023,momentum_candidate,AMAR3,1.7565226878312807e-05
2023,momentum_candidate,AMBP3,0.0002043394576230768
2023,momentum_candidate,AMER3,7.723549677732622e-06
2023,momentum_candidate,ANIM3,0.0001240429808117231
2023,momentum_candidate,ARML3,9.405457079529306e-05
2023,momentum_candidate,ASAI3,0.007676908949170235
2023,momentum_candidate,AVLL3,1.564655159388234e-06
2023,momentum_candidate,AZEV3,5.2522951631701825e-06
2023,momentum_candidate,AZEV4,1.4180826491885181e-05
2023,momentum_candidate,AZZA3,0.004171481605845349
2023,momentum_candidate,B3SA3,0.004759455695290579
2023,momentum_candidate,BALM4,0.0010407182953948116
2023,momentum_candidate,BAUH4,0.00611880286637717
2023,momentum_candidate,BBAS3,0.0075207383607591325
2023,momentum_candidate,BBDC3,0.0029735299578315393
2023,momentum_candidate,BBDC4,0.00244065341707862
2023,momentum_candidate,BBSE3,0.011333213594340216
2023,momentum_candidate,BEEF3,0.005456130344640696
2023,momentum_candidate,BEES3,0.014407293713002676
2023,momentum_candidate,BEES4,0.008079004838136342
2023,momentum_candidate,BGIP3,0.002771576808647203
2023,momentum_candidate,BGIP4,0.0010700389536345291
2023,momentum_candidate,BHIA3,0.00011436417792345565
2023,momentum_candidate,BIED3,0.001262780924208895
2023,momentum_candidate,BIOM3,0.00018469814908329057
2023,momentum_candidate,BLAU3,0.0010005911196921964
2023,momentum_candidate,BMEB3,0.0011972589232009884
2023,momentum_candidate,BMEB4,0.0037606385704780955
2023,momentum_candidate,BMGB4,0.0015194452471871643
2023,momentum_candidate,BMIN3,0.0018531417427339835
2023,momentum_candidate,BMIN4,0.0017777746943944508
2023,momentum_candidate,BMKS3,0.0042635373991603545
2023,momentum_candidate,BMOB3,0.002577016541077746
2023,momentum_candidate,BNBR3,0.005163958192048609
2023,momentum_candidate,BOBR4,0.0010366707611982515
2023,momentum_candidate,BPAC3,0.0025069261216411156
2023,momentum_candidate,BPHA3,1.8626036844119434e-16
2023,momentum_candidate,BRAP3,0.006853163485324727
2023,momentum_candidate,BRAP4,0.007332448530119807
2023,momentum_candidate,BRAV3,0.003818246778970583
2023,momentum_candidate,BRKM3,0.0001990548712189719
2023,momentum_candidate,BRKM6,0.0007104612198859599
2023,momentum_candidate,BRPR3,0.006719358185435568
2023,momentum_candidate,BRSR3,0.004474950790971118
2023,momentum_candidate,BRSR5,0.004110347013087395
2023,momentum_candidate,BRSR6,0.005720746111248306
2023,momentum_candidate,BSLI3,0.0005934182820965107
2023,momentum_candidate,BSLI4,0.0010371478347981852
2023,momentum_candidate,CAMB3,0.005551476017405082
2023,momentum_candidate,CAML3,0.0011152167919460494
2023,momentum_candidate,CASH3,3.191204475611433e-05
2023,momentum_candidate,CBAV3,0.0014637960998889947
2023,momentum_candidate,CBEE3,0.00036353699189478096
2023,momentum_candidate,CEAB3,2.5303460655453522e-05
2023,momentum_candidate,CEDO3,0.003110927580058585
2023,momentum_candidate,CEDO4,0.0008810689253531541
2023,momentum_candidate,CEEB3,0.01106783527763569
2023,momentum_candidate,CEED3,0.0011927654776281392
2023,momentum_candidate,CEGR3,0.006853645321057263
2023,momentum_candidate,CGAS3,0.002696235159538694
2023,momentum_candidate,CGAS5,0.0029702468512922183
2023,momentum_candidate,CGRA3,0.0019078112227417197
2023,momentum_candidate,CGRA4,0.001475398447353066
2023,momentum_candidate,CLSC3,0.0030095605518908313
2023,momentum_candidate,CLSC4,0.002354238353857085
2023,momentum_candidate,CMIG3,0.006448371895807928
2023,momentum_candidate,CMIG4,0.006758842132019216
2023,momentum_candidate,CMIN3,0.0010205890705584349
2023,momentum_candidate,COCE3,0.0426559056703877
2023,momentum_candidate,COGN3,0.0014401260096581834
2023,momentum_candidate,CPFE3,0.008563788928145242
2023,momentum_candidate,CPLE3,0.0069177200985288765
2023,momentum_candidate,CRPG5,9.998058327985789e-05
2023,momentum_candidate,CRPG6,8.23631349588505e-05
2023,momentum_candidate,CSAN3,0.001604464984959472
2023,momentum_candidate,CSED3,0.00020609347490214167
2023,momentum_candidate,CSMG3,0.005847863449232288
2023,momentum_candidate,CSNA3,0.0005408027451331088
2023,momentum_candidate,CSUD3,0.003319888604182707
2023,momentum_candidate,CTAX3,5.472969502779686e-05
2023,momentum_candidate,CTKA4,0.00024263929146934798
2023,momentum_candidate,CTSA3,2.81933918170832e-05
2023,momentum_candidate,CTSA4,1.2236896249059357e-05
2023,momentum_candidate,CURY3,0.0056597800703684096
2023,momentum_candidate,CVCB3,9.060541397550324e-06
2023,momentum_candidate,CXSE3,0.005582377389811714
2023,momentum_candidate,CYRE3,0.001626225703378561
2023,momentum_candidate,DASA3,7.238621371285052e-05
2023,momentum_candidate,DESK3,0.00010174972434772892
2023,momentum_candidate,DEXP3,0.00045251045800138523
2023,momentum_candidate,DIRR3,0.004715566576171743
2023,momentum_candidate,DMVF3,0.0016874421583681814
2023,momentum_candidate,DOHL4,0.0014354346785323412
2023,momentum_candidate,DOTZ3,7.963499190311907e-05
2023,momentum_candidate,DTCY3,0.000523546931931177
2023,momentum_candidate,DXCO3,0.00022859669276290438
2023,momentum_candidate,EALT3,0.001008452867454165
2023,momentum_candidate,EALT4,0.0027401779548503254
2023,momentum_candidate,ECOR3,0.00039421015636531743
2023,momentum_candidate,ECPR3,0.014417337040313137
2023,momentum_candidate,ECPR4,0.030278170031425224
2023,momentum_candidate,EGIE3,0.007898059040925057
2023,momentum_candidate,EKTR3,0.004641162802943381
2023,momentum_candidate,EKTR4,0.005880387629836763
2023,momentum_candidate,EMAE4,0.0018535320299918998
2023,momentum_candidate,ENEV3,0.0018733088101375583
2023,momentum_candidate,ENGI3,0.0032499632614998563
2023,momentum_candidate,ENGI4,0.004436882011085231
2023,momentum_candidate,ENJU3,1.3144925583753657e-05
2023,momentum_candidate,ENMT3,0.013689174456337707
2023,momentum_candidate,ENMT4,0.012053713096573238
2023,momentum_candidate,EPAR3,0.001004091843983494
2023,momentum_candidate,EQMA3B,0.0005023065479175677
2023,momentum_candidate,EQPA3,0.006381852305424887
2023,momentum_candidate,EQPA5,0.007992636466068551
2023,momentum_candidate,EQPA6,0.031121373670476554
2023,momentum_candidate,EQPA7,0.007251571348634295
2023,momentum_candidate,EQTL3,0.007926087946722896
2023,momentum_candidate,ESPA3,1.2513689970364323e-07
2023,momentum_candidate,ESTR4,0.0006004364681278215
2023,momentum_candidate,ETER3,0.00019310048964536742
2023,momentum_candidate,EUCA3,0.002163101681266198
2023,momentum_candidate,EUCA4,0.0018793983615367107
2023,momentum_candidate,EVEN3,0.0006728155240489399
2023,momentum_candidate,EZTC3,0.0006325126559447286
2023,momentum_candidate,FESA3,0.0041072857690087885
2023,momentum_candidate,FESA4,0.004495492182856805
2023,momentum_candidate,FHER3,0.0015560030180879591
2023,momentum_candidate,FICT3,0.0030933223716900957
2023,momentum_candidate,FIQE3,0.0004229325626298542
2023,momentum_candidate,FLRY3,0.002309357226115079
2023,momentum_candidate,FRAS3,0.0011643912745502843
2023,momentum_candidate,FRIO3,0.0005985045578331546
2023,momentum_candidate,GEPA3,0.001676159351805337
2023,momentum_candidate,GEPA4,0.0021725107648290455
2023,momentum_candidate,GFSA3,0.00019844455089400314
2023,momentum_candidate,GGBR3,0.006434058648865038
2023,momentum_candidate,GGBR4,0.005408161336064735
2023,momentum_candidate,GGPS3,0.000960405067125692
2023,momentum_candidate,GMAT3,0.0030742783729125894
2023,momentum_candidate,GOAU3,0.0073794080916378
2023,momentum_candidate,GOAU4,0.00613988559925784
2023,momentum_candidate,GRND3,0.0009663125394673911
2023,momentum_candidate,GSHP3,0.0004279945002142502
2023,momentum_candidate,HAPV3,0.0001598146937225812
2023,momentum_candidate,HBOR3,0.0001579361963026474
2023,momentum_candidate,HBRE3,0.00022732531546756078
2023,momentum_candidate,HBSA3,0.0004310806560229062
2023,momentum_candidate,HOOT4,6.867007802814126e-05
2023,momentum_candidate,HYPE3,0.00939214189545948
2023,momentum_candidate,IFCM3,1.127498985073626e-06
2023,momentum_candidate,IGTI3,0.0017278115171668266
2023,momentum_candidate,INEP3,0.0004437578057968729
2023,momentum_candidate,INEP4,0.00021784112004868096
2023,momentum_candidate,INTB3,0.005168270090177236
2023,momentum_candidate,IRBR3,3.1563499401535138e-06
2023,momentum_candidate,ISAE3,0.003399242948146464
2023,momentum_candidate,ISAE4,0.006486924344963344
2023,momentum_candidate,ITSA3,0.00805692552798765
2023,momentum_candidate,ITSA4,0.007172144762349322
2023,momentum_candidate,ITUB3,0.008458556500610502
2023,momentum_candidate,ITUB4,0.007788955050467427
2023,momentum_candidate,JALL3,0.0012512878727061062
2023,momentum_candidate,JFEN3,0.0004302040413714158
2023,momentum_candidate,JHSF3,0.0020389521712346247
2023,momentum_candidate,JOPA3,0.0013173257408936397
2023,momentum_candidate,JSLG3,0.0013480107707702995
2023,momentum_candidate,KEPL3,0.006879622487424688
2023,momentum_candidate,KLBN3,0.0009491377661663595
2023,momentum_candidate,KLBN4,0.0027213675194350403
2023,momentum_candidate,LAND3,0.009385224353969218
2023,momentum_candidate,LAVV3,0.002969038887280447
2023,momentum_candidate,LEVE3,0.005332032066737831
2023,momentum_candidate,LIGT3,5.226265876665069e-05
2023,momentum_candidate,LJQQ3,2.820286363269107e-05
2023,momentum_candidate,LOGG3,0.0006272035267403721
2023,momentum_candidate,LOGN3,0.00689413973400137
2023,momentum_candidate,LPSB3,0.0006890574581026029
2023,momentum_candidate,LREN3,0.0015887074742656144
2023,momentum_candidate,LUPA3,0.000531279773478411
2023,momentum_candidate,LUXM4,0.0075633360177578286
2023,momentum_candidate,LWSA3,0.00017019360826770865
2023,momentum_candidate,MATD3,0.00027075429619639435
2023,momentum_candidate,MDIA3,0.006181633842468618
2023,momentum_candidate,MDNE3,0.0026354886354690954
2023,momentum_candidate,MEAL3,0.003135456992673326
2023,momentum_candidate,MELK3,0.0017881567154488355
2023,momentum_candidate,MGEL4,0.0013121204454816689
2023,momentum_candidate,MGLU3,3.541086273754354e-05
2023,momentum_candidate,MILS3,0.005637512702622338
2023,momentum_candidate,MLAS3,0.00015208278757660576
2023,momentum_candidate,MNDL3,0.002440190540659591
2023,momentum_candidate,MNPR3,0.0023025693374225213
2023,momentum_candidate,MOVI3,0.0002207225926081522
2023,momentum_candidate,MRSA3B,0.000697135023764681
2023,momentum_candidate,MRVE3,0.0004965806671604964
2023,momentum_candidate,MTRE3,0.00014026103919913586
2023,momentum_candidate,MULT3,0.005613816918245884
2023,momentum_candidate,MWET4,0.00032432198508543453
2023,momentum_candidate,MYPK3,0.0015648569506998531
2023,momentum_candidate,NEXP3,1.874447587791717e-05
2023,momentum_candidate,NORD3,8.909035166503332e-05
2023,momentum_candidate,NUTR3,0.017840546842494382
2023,momentum_candidate,OFSA3,0.003886411451507649
2023,momentum_candidate,OIBR3,5.35747028718603e-07
2023,momentum_candidate,OIBR4,2.7530211741568807e-05
2023,momentum_candidate,ONCO3,0.00022169993413312784
2023,momentum_candidate,OPCT3,0.0021487095472702555
2023,momentum_candidate,ORVR3,0.006227591465128492
2023,momentum_candidate,OSXB3,0.0013078331775753958
2023,momentum_candidate,PCAR3,0.0007896815099863972
2023,momentum_candidate,PDGR3,3.011761354183118e-08
2023,momentum_candidate,PDTC3,9.521628813938375e-05
2023,momentum_candidate,PEAB3,0.0014639262463871053
2023,momentum_candidate,PEAB4,0.0026397540560936287
2023,momentum_candidate,PETR3,0.006511933899263674
2023,momentum_candidate,PETR4,0.006087367270398017
2023,momentum_candidate,PFRM3,0.0008963060433724295
2023,momentum_candidate,PGMN3,0.00012182608632612284
2023,momentum_candidate,PINE3,1.8626036844119434e-16
2023,momentum_candidate,PINE4,0.0019341728805311795
2023,momentum_candidate,PLAS3,0.0015942428490060164
2023,momentum_candidate,PLPL3,0.0038497871078386836
2023,momentum_candidate,PNVL3,0.00126313892978007
2023,momentum_candidate,POMO3,0.004516295187938754
2023,momentum_candidate,POMO4,0.0037378730775738467
2023,momentum_candidate,POSI3,0.0018552782876819194
2023,momentum_candidate,PRIO3,0.006081836508286399
2023,momentum_candidate,PRNR3,0.002853797894460163
2023,momentum_candidate,PSSA3,0.006380758330572905
2023,momentum_candidate,PTBL3,0.001191071476405354
2023,momentum_candidate,QUAL3,1.953741926409704e-05
2023,momentum_candidate,RADL3,0.004107678056199655
2023,momentum_candidate,RAIL3,0.004304347494428491
2023,momentum_candidate,RAIZ4,0.00046589950829221125
2023,momentum_candidate,RANI3,0.005590486459514818
2023,momentum_candidate,RAPT3,0.0010294340663333573
2023,momentum_candidate,RAPT4,0.0018354481551045435
2023,momentum_candidate,RCSL3,1.6257397492326557e-05
2023,momentum_candidate,RCSL4,5.363688069365606e-06
2023,momentum_candidate,RDOR3,0.0005188163269230566
2023,momentum_candidate,RECV3,0.005892402445332716
2023,momentum_candidate,REDE3,0.002056159263814297
2023,momentum_candidate,RENT3,0.0035340690571965616
2023,momentum_candidate,RNEW3,0.0009501220370901202
2023,momentum_candidate,RNEW4,0.0010580327396604962
2023,momentum_candidate,ROMI3,0.0024116202664850924
2023,momentum_candidate,RPAD3,0.0068604017747445345
2023,momentum_candidate,RPAD5,0.0029661965385624285
2023,momentum_candidate,RPAD6,0.005655511421158847
2023,momentum_candidate,RPMG3,0.0004884283888139483
2023,momentum_candidate,RSID3,5.482932895487553e-06
2023,momentum_candidate,RSUL4,0.002184198832187252
2023,momentum_candidate,SANB3,0.004275875482105237
2023,momentum_candidate,SANB4,0.00388404129058306
2023,momentum_candidate,SAPR3,0.0035961079205272172
2023,momentum_candidate,SAPR4,0.004686901071861208
2023,momentum_candidate,SBFG3,0.00028105826404781307
2023,momentum_candidate,SBSP3,0.007371754074506711
2023,momentum_candidate,SCAR3,0.00014683115477137656
2023,momentum_candidate,SEER3,8.993668335810483e-05
2023,momentum_candidate,SEQL3,8.787389031547005e-07
2023,momentum_candidate,SHOW3,0.0003963274654574874
2023,momentum_candidate,SHUL4,0.005776562986109721
2023,momentum_candidate,SIMH3,0.00038846248050419
2023,momentum_candidate,SLCE3,0.005624269093407801
2023,momentum_candidate,SLED3,3.7772429989745365e-05
2023,momentum_candidate,SLED4,1.9472609086881933e-05
2023,momentum_candidate,SMFT3,0.0009327789853510748
2023,momentum_candidate,SMTO3,0.0012684131395366773
2023,momentum_candidate,SNSY3,0.0001393170316339905
2023,momentum_candidate,SNSY5,0.0002979556920480275
2023,momentum_candidate,SOJA3,0.0007546407299409275
2023,momentum_candidate,SOND5,0.003243086848704404
2023,momentum_candidate,SUZB3,0.0021983160024387468
2023,momentum_candidate,SYNE3,0.0006566137614890579
2023,momentum_candidate,TAEE3,0.008460603606325844
2023,momentum_candidate,TAEE4,0.008409143656690854
2023,momentum_candidate,TASA3,0.00043060822017643727
2023,momentum_candidate,TASA4,0.00042116326027886097
2023,momentum_candidate,TCSA3,0.0005889190627630959
2023,momentum_candidate,TECN3,0.001831170114005894
2023,momentum_candidate,TEKA3,7.616361287364405e-06
2023,momentum_candidate,TEKA4,0.003486693112161636
2023,momentum_candidate,TELB3,1.980871959138804e-05
2023,momentum_candidate,TELB4,0.0004988617722178114
2023,momentum_candidate,TEND3,1.880601438969349e-06
2023,momentum_candidate,TFCO4,0.001348262867200976
2023,momentum_candidate,TGMA3,0.0063291443912871885
2023,momentum_candidate,TOTS3,0.0025668441564138996
2023,momentum_candidate,TPIS3,8.033114371520414e-05
2023,momentum_candidate,TRIS3,0.0003235762951184555
2023,momentum_candidate,TTEN3,0.002358424489853756
2023,momentum_candidate,TXRX4,4.3930133412249646e-05
2023,momentum_candidate,UCAS3,0.00043754098848529865
2023,momentum_candidate,UGPA3,0.0020244333526685645
2023,momentum_candidate,UNIP3,0.005177087308429224
2023,momentum_candidate,UNIP5,0.005689248622371798
2023,momentum_candidate,UNIP6,0.005681187236896651
2023,momentum_candidate,USIM3,0.000316290324691572
2023,momentum_candidate,USIM5,0.00022761037776860521
2023,momentum_candidate,USIM6,0.0008471362604277835
2023,momentum_candidate,VALE3,0.0057037459127541375
2023,momentum_candidate,VAMO3,0.0034061768069018486
2023,momentum_candidate,VBBR3,0.0011258793374154174
2023,momentum_candidate,VITT3,0.0021388444958920258
2023,momentum_candidate,VIVA3,0.001972916702258961
2023,momentum_candidate,VIVR3,4.960239238015241e-05
2023,momentum_candidate,VIVT3,0.0032150416676436384
2023,momentum_candidate,VLID3,0.003386912020388883
2023,momentum_candidate,VSTE3,0.0034407362766666317
2023,momentum_candidate,VULC3,0.006187382188522803
2023,momentum_candidate,VVEO3,0.0017661835630074076
2023,momentum_candidate,WEGE3,0.005323614097922245
2023,momentum_candidate,WEST3,1.2061067971017224e-05
2023,momentum_candidate,WHRL3,0.001540881795630937
2023,momentum_candidate,WHRL4,0.0008714121187378451
2023,momentum_candidate,WIZC3,0.0020339794123032068
2023,momentum_candidate,YDUQ3,0.00014850543160174347
2023,mvo_same_universe,ABCB4,1.300760192100969e-12
2023,mvo_same_universe,ABEV3,6.942735783602773e-13
2023,mvo_same_universe,ADHM3,9.668002997331907e-13
2023,mvo_same_universe,AERI3,1.4672322592030336e-13
2023,mvo_same_universe,AFLT3,1.622323539768851e-12
2023,mvo_same_universe,AGRO3,1.0980798205319108e-12
2023,mvo_same_universe,AGXY3,6.829769930386574e-13
2023,mvo_same_universe,ALLD3,2.317633785343016e-13
2023,mvo_same_universe,ALOS3,3.8486007934750457e-13
2023,mvo_same_universe,ALPA3,2.279149167314805e-13
2023,mvo_same_universe,ALPA4,2.452172763748056e-13
2023,mvo_same_universe,ALUP3,1.4571811224891915e-12
2023,mvo_same_universe,ALUP4,1.3410427669356895e-12
2023,mvo_same_universe,AMAR3,1.8876115394040455e-13
2023,mvo_same_universe,AMBP3,2.576954215539972e-13
2023,mvo_same_universe,AMER3,1.929076781435309e-13
2023,mvo_same_universe,ANIM3,2.3674093456464503e-13
2023,mvo_same_universe,ARML3,2.34350193741312e-13
2023,mvo_same_universe,ASAI3,3.5633590828700364e-12
2023,mvo_same_universe,AVLL3,2.433655322067231e-13
2023,mvo_same_universe,AZEV3,1.7584872643272456e-13
2023,mvo_same_universe,AZEV4,1.9002535602453633e-13
2023,mvo_same_universe,AZZA3,6.777959527346859e-13
2023,mvo_same_universe,B3SA3,9.08310318900729e-13
2023,mvo_same_universe,BALM4,6.812697885195531e-13
2023,mvo_same_universe,BAUH4,1.0871033536546817e-12
2023,mvo_same_universe,BBAS3,1.170811625644104e-12
2023,mvo_same_universe,BBDC3,5.939818869649737e-13
2023,mvo_same_universe,BBDC4,5.386558699588458e-13
2023,mvo_same_universe,BBSE3,0.27974280287158737
2023,mvo_same_universe,BEEF3,1.5938404202061497e-12
2023,mvo_same_universe,BEES3,2.6653687902047224e-12
2023,mvo_same_universe,BEES4,5.056927575878013e-12
2023,mvo_same_universe,BGIP3,5.318772664827292e-13
2023,mvo_same_universe,BGIP4,5.000069920088142e-13
2023,mvo_same_universe,BHIA3,2.5667963988913163e-13
2023,mvo_same_universe,BIED3,6.707148009405449e-13
2023,mvo_same_universe,BIOM3,3.11705078460306e-13
2023,mvo_same_universe,BLAU3,4.294621435089633e-13
2023,mvo_same_universe,BMEB3,6.048426889586673e-13
2023,mvo_same_universe,BMEB4,7.967865634465481e-13
2023,mvo_same_universe,BMGB4,4.85002382748944e-13
2023,mvo_same_universe,BMIN3,5.325985086681769e-13
2023,mvo_same_universe,BMIN4,5.762470871087973e-13
2023,mvo_same_universe,BMKS3,0.05806283205884398
2023,mvo_same_universe,BMOB3,4.980532361608385e-13
2023,mvo_same_universe,BNBR3,1.3945092623673052e-12
2023,mvo_same_universe,BOBR4,4.795324813807955e-13
2023,mvo_same_universe,BPAC3,5.964930241461211e-13
2023,mvo_same_universe,BPHA3,9.668002997331907e-13
2023,mvo_same_universe,BRAP3,2.419794816879865e-12
2023,mvo_same_universe,BRAP4,2.8296146375893742e-12
2023,mvo_same_universe,BRAV3,8.232361009107033e-13
2023,mvo_same_universe,BRKM3,2.3595085938068254e-13
2023,mvo_same_universe,BRKM6,6.528994648618167e-13
2023,mvo_same_universe,BRPR3,1.235076283289261e-12
2023,mvo_same_universe,BRSR3,7.311915259887654e-13
2023,mvo_same_universe,BRSR5,1.2811676722386013e-12
2023,mvo_same_universe,BRSR6,7.550369886107433e-13
2023,mvo_same_universe,BSLI3,5.555042312494798e-13
2023,mvo_same_universe,BSLI4,1.519410436905279e-12
2023,mvo_same_universe,CAMB3,4.295434222757396e-12
2023,mvo_same_universe,CAML3,4.674263175330096e-13
2023,mvo_same_universe,CASH3,2.0468333442728994e-13
2023,mvo_same_universe,CBAV3,5.874223929904763e-13
2023,mvo_same_universe,CBEE3,3.7087441048726715e-13
2023,mvo_same_universe,CEAB3,2.02841743484862e-13
2023,mvo_same_universe,CEDO3,6.443895483142267e-13
2023,mvo_same_universe,CEDO4,5.888327881306086e-13
2023,mvo_same_universe,CEEB3,0.03748305833736126
2023,mvo_same_universe,CEED3,6.515700240639656e-13
2023,mvo_same_universe,CEGR3,0.08798301462378715
2023,mvo_same_universe,CGAS3,1.5802560057779534e-12
2023,mvo_same_universe,CGAS5,8.223674308296618e-13
2023,mvo_same_universe,CGRA3,5.619660102107182e-13
2023,mvo_same_universe,CGRA4,4.88940713390242e-13
2023,mvo_same_universe,CLSC3,7.607405774143725e-13
2023,mvo_same_universe,CLSC4,6.006324521536452e-13
2023,mvo_same_universe,CMIG3,1.588878117474708e-12
2023,mvo_same_universe,CMIG4,1.0898317299997278e-12
2023,mvo_same_universe,CMIN3,4.3057653179682665e-13
2023,mvo_same_universe,COCE3,1.0118334008300314e-12
2023,mvo_same_universe,COGN3,5.342014814620146e-13
2023,mvo_same_universe,CPFE3,1.6224807318445674e-12
2023,mvo_same_universe,CPLE3,1.3578507170929235e-12
2023,mvo_same_universe,CRPG5,2.7836451320476325e-13
2023,mvo_same_universe,CRPG6,2.9769721167883527e-13
2023,mvo_same_universe,CSAN3,4.205062457854479e-13
2023,mvo_same_universe,CSED3,2.93984794736151e-13
2023,mvo_same_universe,CSMG3,1.1936304770249613e-12
2023,mvo_same_universe,CSNA3,3.6426490939552004e-13
2023,mvo_same_universe,CSUD3,6.892614198195097e-13
2023,mvo_same_universe,CTAX3,3.1920111477490873e-13
2023,mvo_same_universe,CTKA4,4.330764255963773e-13
2023,mvo_same_universe,CTSA3,2.451255448250898e-13
2023,mvo_same_universe,CTSA4,1.7979998066208685e-13
2023,mvo_same_universe,CURY3,0.06679640966369366
2023,mvo_same_universe,CVCB3,1.9056950616885707e-13
2023,mvo_same_universe,CXSE3,6.777832009285293e-13
2023,mvo_same_universe,CYRE3,4.577165693744816e-13
2023,mvo_same_universe,DASA3,2.230795831092391e-13
2023,mvo_same_universe,DESK3,2.5025006490888985e-13
2023,mvo_same_universe,DEXP3,3.853373573881196e-13
2023,mvo_same_universe,DIRR3,8.995941963154747e-13
2023,mvo_same_universe,DMVF3,6.288836033971523e-13
2023,mvo_same_universe,DOHL4,4.589452617932688e-13
2023,mvo_same_universe,DOTZ3,3.3073040640801626e-13
2023,mvo_same_universe,DTCY3,5.319702800631443e-13
2023,mvo_same_universe,DXCO3,2.41106780407028e-13
2023,mvo_same_universe,EALT3,5.155719852289116e-13
2023,mvo_same_universe,EALT4,8.592458543330596e-13
2023,mvo_same_universe,ECOR3,2.9131230111576887e-13
2023,mvo_same_universe,ECPR3,1.7186491231169739e-12
2023,mvo_same_universe,ECPR4,1.16250547706018e-12
2023,mvo_same_universe,EGIE3,8.129081478562868e-13
2023,mvo_same_universe,EKTR3,4.247599236827983e-12
2023,mvo_same_universe,EKTR4,0.08157791925773596
2023,mvo_same_universe,EMAE4,9.494721096326279e-13
2023,mvo_same_universe,ENEV3,4.610498596339267e-13
2023,mvo_same_universe,ENGI3,7.301464941269939e-13
2023,mvo_same_universe,ENGI4,8.835117383823322e-13
2023,mvo_same_universe,ENJU3,1.994716053348632e-13
2023,mvo_same_universe,ENMT3,1.3480019719567365e-12
2023,mvo_same_universe,ENMT4,1.1688210056071652e-12
2023,mvo_same_universe,EPAR3,5.688264261692272e-13
2023,mvo_same_universe,EQMA3B,4.147771974013705e-13
2023,mvo_same_universe,EQPA3,1.571213939747031e-11
2023,mvo_same_universe,EQPA5,6.390924317279893e-10
2023,mvo_same_universe,EQPA6,1.2547126032731136e-12
2023,mvo_same_universe,EQPA7,5.800063721321197e-12
2023,mvo_same_universe,EQTL3,1.213113609990221e-12
2023,mvo_same_universe,ESPA3,1.4150659525498222e-13
2023,mvo_same_universe,ESTR4,3.8694287447020653e-13
2023,mvo_same_universe,ETER3,3.184872180630595e-13
2023,mvo_same_universe,EUCA3,7.75676870783022e-13
2023,mvo_same_universe,EUCA4,8.162178821106903e-13
2023,mvo_same_universe,EVEN3,3.4924456585546067e-13
2023,mvo_same_universe,EZTC3,3.345813189510723e-13
2023,mvo_same_universe,FESA3,1.4203016715678201e-12
2023,mvo_same_universe,FESA4,9.552869209721687e-13
2023,mvo_same_universe,FHER3,7.27473631428613e-13
2023,mvo_same_universe,FICT3,1.6286713329765147e-12
2023,mvo_same_universe,FIQE3,3.409858581564248e-13
2023,mvo_same_universe,FLRY3,6.379712464825047e-13
2023,mvo_same_universe,FRAS3,4.097444523653647e-13
2023,mvo_same_universe,FRIO3,3.527828303631192e-13
2023,mvo_same_universe,GEPA3,6.39729028719229e-13
2023,mvo_same_universe,GEPA4,5.642088793236178e-13
2023,mvo_same_universe,GFSA3,2.934937476205235e-13
2023,mvo_same_universe,GGBR3,1.5713863702712475e-12
2023,mvo_same_universe,GGBR4,1.2596055832906534e-12
2023,mvo_same_universe,GGPS3,3.630739912030162e-13
2023,mvo_same_universe,GMAT3,6.015166275493115e-13
2023,mvo_same_universe,GOAU3,1.5577018740422967e-12
2023,mvo_same_universe,GOAU4,1.4496675048728737e-12
2023,mvo_same_universe,GRND3,4.062850008240446e-13
2023,mvo_same_universe,GSHP3,4.648983587521213e-13
2023,mvo_same_universe,HAPV3,2.6787673981802584e-13
2023,mvo_same_universe,HBOR3,2.2831054368636856e-13
2023,mvo_same_universe,HBRE3,3.5549698271202813e-13
2023,mvo_same_universe,HBSA3,3.269375808012159e-13
2023,mvo_same_universe,HOOT4,3.139986723830993e-13
2023,mvo_same_universe,HYPE3,1.5512619645857754e-10
2023,mvo_same_universe,IFCM3,1.6797489387725686e-13
2023,mvo_same_universe,IGTI3,5.776523849145649e-13
2023,mvo_same_universe,INEP3,1.281462316271784e-11
2023,mvo_same_universe,INEP4,9.003066303766122e-13
2023,mvo_same_universe,INTB3,7.453244329673561e-13
2023,mvo_same_universe,IRBR3,1.714464082514758e-13
2023,mvo_same_universe,ISAE3,9.808680526798422e-13
2023,mvo_same_universe,ISAE4,7.313777121200731e-13
2023,mvo_same_universe,ITSA3,9.834074912777501e-13
2023,mvo_same_universe,ITSA4,8.463976165666475e-13
2023,mvo_same_universe,ITUB3,1.13478483002546e-12
2023,mvo_same_universe,ITUB4,1.185503493891661e-12
2023,mvo_same_universe,JALL3,4.330363014932944e-13
2023,mvo_same_universe,JFEN3,7.001939313674518e-13
2023,mvo_same_universe,JHSF3,5.654636191149669e-13
2023,mvo_same_universe,JOPA3,6.051295801752215e-13
2023,mvo_same_universe,JSLG3,4.2017627294701643e-13
2023,mvo_same_universe,KEPL3,0.05885077926789189
2023,mvo_same_universe,KLBN3,4.2761980049474477e-13
2023,mvo_same_universe,KLBN4,5.543024320860628e-13
2023,mvo_same_universe,LAND3,0.008731989634067702
2023,mvo_same_universe,LAVV3,5.088261338603854e-13
2023,mvo_same_universe,LEVE3,8.078821681622524e-13
2023,mvo_same_universe,LIGT3,2.196569905477388e-13
2023,mvo_same_universe,LJQQ3,1.9521775046077935e-13
2023,mvo_same_universe,LOGG3,3.2850743979567875e-13
2023,mvo_same_universe,LOGN3,5.835848119862591e-12
2023,mvo_same_universe,LPSB3,5.978075225281575e-13
2023,mvo_same_universe,LREN3,4.74566256138951e-13
2023,mvo_same_universe,LUPA3,5.173981610993205e-13
2023,mvo_same_universe,LUXM4,9.436241335490628e-13
2023,mvo_same_universe,LWSA3,3.0349141864826513e-13
2023,mvo_same_universe,MATD3,2.793205004366107e-13
2023,mvo_same_universe,MDIA3,2.3214545721607867e-11
2023,mvo_same_universe,MDNE3,6.008292248612993e-13
2023,mvo_same_universe,MEAL3,7.20016510459554e-13
2023,mvo_same_universe,MELK3,5.327547219729937e-13
2023,mvo_same_universe,MGEL4,6.421898572364375e-13
2023,mvo_same_universe,MGLU3,2.2523368422378213e-13
2023,mvo_same_universe,MILS3,0.02818285598653234
2023,mvo_same_universe,MLAS3,2.506879497560912e-13
2023,mvo_same_universe,MNDL3,2.3966867077270795e-12
2023,mvo_same_universe,MNPR3,9.490326433516561e-13
2023,mvo_same_universe,MOVI3,2.432516571816014e-13
2023,mvo_same_universe,MRSA3B,5.09264934388395e-13
2023,mvo_same_universe,MRVE3,3.4240294048962103e-13
2023,mvo_same_universe,MTRE3,2.3699574086355877e-13
2023,mvo_same_universe,MULT3,8.684450480613113e-13
2023,mvo_same_universe,MWET4,5.16932695799155e-13
2023,mvo_same_universe,MYPK3,4.5015722233611677e-13
2023,mvo_same_universe,NEXP3,2.1467215548134112e-13
2023,mvo_same_universe,NORD3,9.320931408584592e-13
2023,mvo_same_universe,NUTR3,1.5373533417103982e-12
2023,mvo_same_universe,OFSA3,8.685967613305086e-13
2023,mvo_same_universe,OIBR3,1.6774425705765514e-13
2023,mvo_same_universe,OIBR4,2.2022713623348616e-13
2023,mvo_same_universe,ONCO3,2.8796725446600297e-13
2023,mvo_same_universe,OPCT3,6.594593023609215e-13
2023,mvo_same_universe,ORVR3,1.1582344522303673e-12
2023,mvo_same_universe,OSXB3,1.157073328221835e-12
2023,mvo_same_universe,PCAR3,3.776122162616125e-13
2023,mvo_same_universe,PDGR3,1.236909360719931e-13
2023,mvo_same_universe,PDTC3,2.574096206746128e-13
2023,mvo_same_universe,PEAB3,6.172062682984482e-13
2023,mvo_same_universe,PEAB4,1.777412785178431e-10
2023,mvo_same_universe,PETR3,3.6706731029224876e-12
2023,mvo_same_universe,PETR4,1.7987073223160152e-12
2023,mvo_same_universe,PFRM3,4.0947070921097987e-13
2023,mvo_same_universe,PGMN3,2.5011878960566303e-13
2023,mvo_same_universe,PINE3,9.668002997331907e-13
2023,mvo_same_universe,PINE4,6.333845210479071e-13
2023,mvo_same_universe,PLAS3,9.67845633283961e-13
2023,mvo_same_universe,PLPL3,1.2800007356544403e-12
2023,mvo_same_universe,PNVL3,4.4260299987570977e-13
2023,mvo_same_universe,POMO3,8.038525879993414e-13
2023,mvo_same_universe,POMO4,7.404057623532184e-13
2023,mvo_same_universe,POSI3,5.396864126900215e-13
2023,mvo_same_universe,PRIO3,0.052621193329801676
2023,mvo_same_universe,PRNR3,7.331548592677664e-13
2023,mvo_same_universe,PSSA3,8.943237892365028e-13
2023,mvo_same_universe,PTBL3,4.574998066696075e-13
2023,mvo_same_universe,QUAL3,2.1154805919631605e-13
2023,mvo_same_universe,RADL3,7.088461531329291e-13
2023,mvo_same_universe,RAIL3,7.620929503948608e-13
2023,mvo_same_universe,RAIZ4,3.287863724084423e-13
2023,mvo_same_universe,RANI3,1.3296182263555854e-12
2023,mvo_same_universe,RAPT3,4.3622195008812023e-13
2023,mvo_same_universe,RAPT4,4.5419414238881864e-13
2023,mvo_same_universe,RCSL3,3.776739064542306e-13
2023,mvo_same_universe,RCSL4,1.7437905056165129e-13
2023,mvo_same_universe,RDOR3,3.179078793994801e-13
2023,mvo_same_universe,RECV3,0.06978606635432648
2023,mvo_same_universe,REDE3,8.71474274184481e-13
2023,mvo_same_universe,RENT3,5.801881505407963e-13
2023,mvo_same_universe,RNEW3,6.29264421724561e-13
2023,mvo_same_universe,RNEW4,7.599648302985815e-13
2023,mvo_same_universe,ROMI3,6.420379151681276e-13
2023,mvo_same_universe,RPAD3,2.041125583294423e-12
2023,mvo_same_universe,RPAD5,2.06176447167875e-12
2023,mvo_same_universe,RPAD6,0.006583772107976889
2023,mvo_same_universe,RPMG3,3.6786965029491576e-13
2023,mvo_same_universe,RSID3,2.103408218666656e-13
2023,mvo_same_universe,RSUL4,1.1063167490935635e-12
2023,mvo_same_universe,SANB3,6.597424803894158e-13
2023,mvo_same_universe,SANB4,6.33125630569246e-13
2023,mvo_same_universe,SAPR3,6.600968959609115e-13
2023,mvo_same_universe,SAPR4,7.468545896684536e-13
2023,mvo_same_universe,SBFG3,2.799981869512926e-13
2023,mvo_same_universe,SBSP3,2.304148759501348e-12
2023,mvo_same_universe,SCAR3,2.7118315728464817e-13
2023,mvo_same_universe,SEER3,2.303666330509813e-13
2023,mvo_same_universe,SEQL3,1.4443371050016826e-13
2023,mvo_same_universe,SHOW3,4.1234142168560073e-13
2023,mvo_same_universe,SHUL4,9.367478557230882e-13
2023,mvo_same_universe,SIMH3,2.7912029628612954e-13
2023,mvo_same_universe,SLCE3,1.642462775607302e-12
2023,mvo_same_universe,SLED3,4.312061604504968e-13
2023,mvo_same_universe,SLED4,3.9388635901576907e-13
2023,mvo_same_universe,SMFT3,3.9920911453797746e-13
2023,mvo_same_universe,SMTO3,4.3354134140094374e-13
2023,mvo_same_universe,SNSY3,3.86619800977746e-13
2023,mvo_same_universe,SNSY5,4.482170232126831e-13
2023,mvo_same_universe,SOJA3,3.3752935338066596e-13
2023,mvo_same_universe,SOND5,1.4495061271964375e-12
2023,mvo_same_universe,SUZB3,6.336726241000405e-13
2023,mvo_same_universe,SYNE3,3.5694832586504685e-13
2023,mvo_same_universe,TAEE3,9.385537173670043e-13
2023,mvo_same_universe,TAEE4,9.10688776139931e-13
2023,mvo_same_universe,TASA3,3.162466225719606e-13
2023,mvo_same_universe,TASA4,2.993292802515256e-13
2023,mvo_same_universe,TCSA3,3.568593513729173e-13
2023,mvo_same_universe,TECN3,6.85129713725922e-13
2023,mvo_same_universe,TEKA3,3.030421451758828e-13
2023,mvo_same_universe,TEKA4,0.1257827807491687
2023,mvo_same_universe,TELB3,3.033112440141739e-13
2023,mvo_same_universe,TELB4,5.065223123069868e-13
2023,mvo_same_universe,TEND3,2.0038412005423434e-13
2023,mvo_same_universe,TFCO4,4.683576958774601e-13
2023,mvo_same_universe,TGMA3,1.3019870118455996e-12
2023,mvo_same_universe,TOTS3,5.559506405704631e-13
2023,mvo_same_universe,TPIS3,2.2430386265279614e-13
2023,mvo_same_universe,TRIS3,3.1609305036737145e-13
2023,mvo_same_universe,TTEN3,5.717045573696656e-13
2023,mvo_same_universe,TXRX4,2.98294743060301e-13
2023,mvo_same_universe,UCAS3,3.620439186153051e-13
2023,mvo_same_universe,UGPA3,4.63428190237661e-13
2023,mvo_same_universe,UNIP3,6.812582116389257e-13
2023,mvo_same_universe,UNIP5,1.2164232548301441e-12
2023,mvo_same_universe,UNIP6,8.228826331915172e-13
2023,mvo_same_universe,USIM3,2.799978218993912e-13
2023,mvo_same_universe,USIM5,2.677145136216489e-13
2023,mvo_same_universe,USIM6,6.018874256841148e-13
2023,mvo_same_universe,VALE3,1.633547470880713e-12
2023,mvo_same_universe,VAMO3,5.934578038334461e-13
2023,mvo_same_universe,VBBR3,3.5343290815226116e-13
2023,mvo_same_universe,VITT3,6.346289560155758e-13
2023,mvo_same_universe,VIVA3,4.532664878838762e-13
2023,mvo_same_universe,VIVR3,2.654536022891991e-13
2023,mvo_same_universe,VIVT3,5.336497537993421e-13
2023,mvo_same_universe,VLID3,7.309045257782457e-13
2023,mvo_same_universe,VSTE3,0.037814524496938944
2023,mvo_same_universe,VULC3,1.4533796028139115e-12
2023,mvo_same_universe,VVEO3,5.138398513116807e-13
2023,mvo_same_universe,WEGE3,1.0380609919741455e-12
2023,mvo_same_universe,WEST3,1.8858972015289264e-13
2023,mvo_same_universe,WHRL3,5.103757127975165e-13
2023,mvo_same_universe,WHRL4,3.7189535319700006e-13
2023,mvo_same_universe,WIZC3,5.174169920873026e-13
2023,mvo_same_universe,YDUQ3,2.599537707326514e-13
2024,momentum_candidate,ABCB4,0.005343885246330934
2024,momentum_candidate,ABEV3,0.0013603776727955234
2024,momentum_candidate,ADHM3,2.1408898195998438e-16
2024,momentum_candidate,AERI3,0.0001843061289355402
2024,momentum_candidate,AFLT3,0.0006817840270339178
2024,momentum_candidate,AGRO3,0.0014389469882685703
2024,momentum_candidate,AGXY3,7.844410994085647e-06
2024,momentum_candidate,ALLD3,0.0037823176211030543
2024,momentum_candidate,ALOS3,0.007027831836561531
2024,momentum_candidate,ALPA3,0.00031387516661168346
2024,momentum_candidate,ALPA4,6.128584883435862e-05
2024,momentum_candidate,ALUP3,0.004413661301006059
2024,momentum_candidate,ALUP4,0.004403573207876343
2024,momentum_candidate,AMAR3,1.2090597374217009e-05
2024,momentum_candidate,AMBP3,0.00023947860042988368
2024,momentum_candidate,AMER3,9.117418253715041e-08
2024,momentum_candidate,ANIM3,0.0006366428817778633
2024,momentum_candidate,ARML3,0.003320663770868197
2024,momentum_candidate,ASAI3,7.122536053674206e-05
2024,momentum_candidate,AURE3,0.003066976057496717
2024,momentum_candidate,AVLL3,4.702863647468926e-05
2024,momentum_candidate,AZEV3,0.002285375855185167
2024,momentum_candidate,AZEV4,0.002457024844770618
2024,momentum_candidate,AZZA3,0.00020428972202826532
2024,momentum_candidate,B3SA3,0.0017839972171655738
2024,momentum_candidate,BALM4,0.0023589208986476815
2024,momentum_candidate,BAUH4,0.001907836292735501
2024,momentum_candidate,BBAS3,0.010221053049839742
2024,momentum_candidate,BBDC3,0.004615258557812817
2024,momentum_candidate,BBDC4,0.003494055132011258
2024,momentum_candidate,BBSE3,0.0029691371952539954
2024,momentum_candidate,BEEF3,4.445155941659639e-05
2024,momentum_candidate,BEES3,0.012437541498614885
2024,momentum_candidate,BEES4,0.00748007033083716
2024,momentum_candidate,BGIP3,0.0017232957081079155
2024,momentum_candidate,BGIP4,0.002504432816136829
2024,momentum_candidate,BHIA3,6.202438549517574e-07
2024,momentum_candidate,BIED3,6.629501333380603e-05
2024,momentum_candidate,BIOM3,0.00041851128619734836
2024,momentum_candidate,BLAU3,4.4308699408301345e-05
2024,momentum_candidate,BMEB3,0.005533058570213087
2024,momentum_candidate,BMEB4,0.010838142853140286
2024,momentum_candidate,BMGB4,0.007400989384855865
2024,momentum_candidate,BMIN3,0.0010319533219564742
2024,momentum_candidate,BMIN4,0.0043675513048541574
2024,momentum_candidate,BMKS3,0.004346637178741382
2024,momentum_candidate,BMOB3,0.0013553879595761262
2024,momentum_candidate,BNBR3,0.007404494705665856
2024,momentum_candidate,BOBR4,0.004352589079357103
2024,momentum_candidate,BPAC3,0.003490540301435322
2024,momentum_candidate,BPHA3,2.1408898195998438e-16
2024,momentum_candidate,BRAP3,0.0014065956126928453
2024,momentum_candidate,BRAP4,0.0010695166732773724
2024,momentum_candidate,BRAV3,0.00010958925871169486
2024,momentum_candidate,BRKM3,0.00032466088210790397
2024,momentum_candidate,BRKM6,3.036712257190339e-05
2024,momentum_candidate,BRPR3,3.751045713446067e-07
2024,momentum_candidate,BRSR3,0.0061776948009725835
2024,momentum_candidate,BRSR5,0.0016483929873581996
2024,momentum_candidate,BRSR6,0.00695670665374799
2024,momentum_candidate,BSLI3,8.974414939342997e-05
2024,momentum_candidate,BSLI4,0.0002857058440639367
2024,momentum_candidate,CAMB3,0.0056971011966955075
2024,momentum_candidate,CAML3,0.0009373888028508718
2024,momentum_candidate,CASH3,4.9949360261241736e-05
2024,momentum_candidate,CBAV3,1.1147446263088947e-05
2024,momentum_candidate,CBEE3,0.0012719632493118764
2024,momentum_candidate,CEAB3,0.004371272574974587
2024,momentum_candidate,CEDO3,0.004598594825642912
2024,momentum_candidate,CEDO4,0.0036666000414487614
2024,momentum_candidate,CEEB3,0.004142159330733817
2024,momentum_candidate,CEED3,3.180619594278015e-05
2024,momentum_candidate,CEGR3,0.005042438767530027
2024,momentum_candidate,CGAS3,0.0014204403348105747
2024,momentum_candidate,CGAS5,0.002006436305398433
2024,momentum_candidate,CGRA3,0.0017068116562051468
2024,momentum_candidate,CGRA4,0.0021489320085008715
2024,momentum_candidate,CLSC3,0.006044109707943329
2024,momentum_candidate,CLSC4,0.007270103602575825
2024,momentum_candidate,CMIG3,0.0008767221861099463
2024,momentum_candidate,CMIG4,0.003032134252384113
2024,momentum_candidate,CMIN3,0.008457681216859723
2024,momentum_candidate,COCE3,0.0009900670432104587
2024,momentum_candidate,COGN3,0.004761407246568027
2024,momentum_candidate,CPFE3,0.005174850829951367
2024,momentum_candidate,CPLE3,0.007178113324432686
2024,momentum_candidate,CRPG5,0.004717921282199796
2024,momentum_candidate,CRPG6,0.005403478104801036
2024,momentum_candidate,CSAN3,0.002233809542890422
2024,momentum_candidate,CSED3,0.003172745746743955
2024,momentum_candidate,CSMG3,0.00659608509091854
2024,momentum_candidate,CSNA3,0.006210758018872504
2024,momentum_candidate,CSUD3,0.007539741566494945
2024,momentum_candidate,CTAX3,0.0035099821128907445
2024,momentum_candidate,CTKA4,0.003224474949834899
2024,momentum_candidate,CTSA3,0.0013223932645550559
2024,momentum_candidate,CTSA4,0.0010694703037969894
2024,momentum_candidate,CURY3,0.0056665862474898545
2024,momentum_candidate,CVCB3,9.124533488407381e-05
2024,momentum_candidate,CXSE3,0.012962056048911678
2024,momentum_candidate,CYRE3,0.007431014318304865
2024,momentum_candidate,DASA3,5.029412640834297e-05
2024,momentum_candidate,DESK3,0.004005258680809327
2024,momentum_candidate,DEXP3,0.0063972698042736205
2024,momentum_candidate,DIRR3,0.005424161210757926
2024,momentum_candidate,DMVF3,0.004927955784236223
2024,momentum_candidate,DOHL4,0.0030723172231896093
2024,momentum_candidate,DOTZ3,3.316062941237558e-05
2024,momentum_candidate,DTCY3,0.0005298729155520675
2024,momentum_candidate,DXCO3,0.0020037252831581133
2024,momentum_candidate,EALT3,0.0011171858467358368
2024,momentum_candidate,EALT4,0.004140757930126618
2024,momentum_candidate,ECOR3,0.006836310807460121
2024,momentum_candidate,ECPR3,2.1408898195998438e-16
2024,momentum_candidate,ECPR4,2.1408898195998438e-16
2024,momentum_candidate,EGIE3,0.006657470456867951
2024,momentum_candidate,EKTR3,0.002668993885857488
2024,momentum_candidate,EKTR4,0.0019403563345659583
2024,momentum_candidate,EMAE4,0.0006965640775982117
2024,momentum_candidate,ENEV3,0.0020790518762381976
2024,momentum_candidate,ENGI3,0.0036136607394735955
2024,momentum_candidate,ENGI4,0.001974912959571761
2024,momentum_candidate,ENJU3,0.003849918950417031
2024,momentum_candidate,ENMT3,0.0005343793001839511
2024,momentum_candidate,ENMT4,0.0006090160778629849
2024,momentum_candidate,EPAR3,0.002804519225633544
2024,momentum_candidate,EQMA3B,0.004530946215085529
2024,momentum_candidate,EQPA3,0.0027432329571545773
2024,momentum_candidate,EQPA5,0.0018852072238618241
2024,momentum_candidate,EQPA6,0.0035983693359327392
2024,momentum_candidate,EQPA7,0.00346365831772618
2024,momentum_candidate,EQTL3,0.006073779479544308
2024,momentum_candidate,ESPA3,0.00026608006116316137
2024,momentum_candidate,ESTR4,0.0006917651950674783
2024,momentum_candidate,ETER3,0.00020558996681370497
2024,momentum_candidate,EUCA3,0.0038432185781492882
2024,momentum_candidate,EUCA4,0.007032309997587586
2024,momentum_candidate,EVEN3,0.00595412480245781
2024,momentum_candidate,EZTC3,0.0032184297706879398
2024,momentum_candidate,FESA3,0.0016779798131098006
2024,momentum_candidate,FESA4,0.0006015704328593386
2024,momentum_candidate,FHER3,8.454132370184838e-06
2024,momentum_candidate,FICT3,0.0007009765440073922
2024,momentum_candidate,FIQE3,0.0015226224555392135
2024,momentum_candidate,FLRY3,0.003510020026039697
2024,momentum_candidate,FRAS3,0.009753363273916111
2024,momentum_candidate,FRIO3,0.0029971628625141316
2024,momentum_candidate,GEPA3,0.0029725362158504716
2024,momentum_candidate,GEPA4,0.0028081689203435954
2024,momentum_candidate,GFSA3,0.0018550990617984561
2024,momentum_candidate,GGBR3,0.0015004617565879724
2024,momentum_candidate,GGBR4,0.0007574335714553985
2024,momentum_candidate,GGPS3,0.007829262194711651
2024,momentum_candidate,GMAT3,0.0015541534863557692
2024,momentum_candidate,GOAU3,0.0016876066863147857
2024,momentum_candidate,GOAU4,0.0009391505434736828
2024,momentum_candidate,GRND3,0.003638215238503584
2024,momentum_candidate,GSHP3,3.929894292422864e-05
2024,momentum_candidate,HAPV3,0.00012619233051705552
2024,momentum_candidate,HBOR3,0.004252904054212156
2024,momentum_candidate,HBRE3,0.0028146489296828475
2024,momentum_candidate,HBSA3,0.005309300040587288
2024,momentum_candidate,HOOT4,0.0045171487043375496
2024,momentum_candidate,HYPE3,0.00030650410281701085
2024,momentum_candidate,IFCM3,5.3080742907173e-06
2024,momentum_candidate,IGTI3,0.0016547379838386582
2024,momentum_candidate,INEP3,0.00011118106927483484
2024,momentum_candidate,INEP4,7.009961160565056e-05
2024,momentum_candidate,INTB3,0.00016103483002428417
2024,momentum_candidate,IRBR3,0.0034380186316007966
2024,momentum_candidate,ISAE3,0.006218965706473288
2024,momentum_candidate,ISAE4,0.0055439595302139945
2024,momentum_candidate,ITSA3,0.006289001846613792
2024,momentum_candidate,ITSA4,0.006920412447632527
2024,momentum_candidate,ITUB3,0.0077590319067909475
2024,momentum_candidate,ITUB4,0.007037679859589262
2024,momentum_candidate,JALL3,0.0015221069630049332
2024,momentum_candidate,JFEN3,5.208371183050312e-05
2024,momentum_candidate,JHSF3,0.002239020939281296
2024,momentum_candidate,JOPA3,0.0014988902232972857
2024,momentum_candidate,JSLG3,0.007271852601139106
2024,momentum_candidate,KEPL3,0.002037191919243851
2024,momentum_candidate,KLBN3,0.0038009020513469034
2024,momentum_candidate,KLBN4,0.004189268497863961
2024,momentum_candidate,LAND3,9.151657786357774e-05
2024,momentum_candidate,LAVV3,0.008631250303379528
2024,momentum_candidate,LEVE3,0.005465601227944881
2024,momentum_candidate,LIGT3,0.0029257565621522144
2024,momentum_candidate,LJQQ3,0.0025448744904589047
2024,momentum_candidate,LOGG3,0.003905596157181913
2024,momentum_candidate,LOGN3,0.0012211817376082481
2024,momentum_candidate,LPSB3,0.0029590630153285336
2024,momentum_candidate,LREN3,0.00019499639606815932
2024,momentum_candidate,LUPA3,2.3083090732219178e-05
2024,momentum_candidate,LUXM4,0.0003230122261090897
2024,momentum_candidate,LWSA3,0.00018234802849958438
2024,momentum_candidate,MATD3,0.0019379973879247857
2024,momentum_candidate,MDIA3,0.0010872525466051179
2024,momentum_candidate,MDNE3,0.007348710852533235
2024,momentum_candidate,MEAL3,9.928061131175942e-05
2024,momentum_candidate,MELK3,0.006452302163233119
2024,momentum_candidate,MGEL4,0.0009217161211271567
2024,momentum_candidate,MGLU3,9.136797988379487e-05
2024,momentum_candidate,MILS3,0.0020816077328565117
2024,momentum_candidate,MLAS3,9.536698127227351e-06
2024,momentum_candidate,MNDL3,0.0020553773504638348
2024,momentum_candidate,MNPR3,0.00590548776048568
2024,momentum_candidate,MOVI3,0.0034742328637022827
2024,momentum_candidate,MRSA3B,0.0027471345778900813
2024,momentum_candidate,MRVE3,0.0032475600167987412
2024,momentum_candidate,MTRE3,0.005223198302078278
2024,momentum_candidate,MULT3,0.004533982964827844
2024,momentum_candidate,MWET4,8.340103531266814e-05
2024,momentum_candidate,MYPK3,0.0016050196100239828
2024,momentum_candidate,NEXP3,1.8809896615038137e-06
2024,momentum_candidate,NORD3,5.890461410790123e-05
2024,momentum_candidate,NUTR3,0.0016351073893111111
2024,momentum_candidate,OFSA3,0.0015302956152726767
2024,momentum_candidate,OIBR3,2.478818218760391e-06
2024,momentum_candidate,OIBR4,3.080658055107435e-06
2024,momentum_candidate,ONCO3,0.006272682250312904
2024,momentum_candidate,OPCT3,0.006249455524034856
2024,momentum_candidate,ORVR3,0.0016119472478651467
2024,momentum_candidate,OSXB3,1.1810317726388463e-05
2024,momentum_candidate,PCAR3,9.009532778092128e-07
2024,momentum_candidate,PDGR3,2.2031598432517515e-08
2024,momentum_candidate,PDTC3,0.0006747409137643328
2024,momentum_candidate,PEAB3,0.00016013096905773518
2024,momentum_candidate,PEAB4,0.0002151482941353718
2024,momentum_candidate,PETR3,0.007862595572299437
2024,momentum_candidate,PETR4,0.008995024137163734
2024,momentum_candidate,PFRM3,0.006785281672544377
2024,momentum_candidate,PGMN3,0.0008736657814913571
2024,momentum_candidate,PINE3,5.454139583629573e-06
2024,momentum_candidate,PINE4,0.005946947117476098
2024,momentum_candidate,PLAS3,0.00016315442092258194
2024,momentum_candidate,PLPL3,0.006138965635723942
2024,momentum_candidate,PNVL3,0.004301036359134039
2024,momentum_candidate,POMO3,0.008965101598287974
2024,momentum_candidate,POMO4,0.008827955927799322
2024,momentum_candidate,POSI3,0.00022145998587303056
2024,momentum_candidate,PRIO3,0.003348812341198943
2024,momentum_candidate,PRNR3,0.005664549319913985
2024,momentum_candidate,PSSA3,0.00556637458588052
2024,momentum_candidate,PTBL3,0.0003883778702468233
2024,momentum_candidate,QUAL3,1.2004453541684996e-05
2024,momentum_candidate,RADL3,0.0053230478056340985
2024,momentum_candidate,RAIL3,0.003301135879230953
2024,momentum_candidate,RAIZ4,0.001773147051978812
2024,momentum_candidate,RANI3,0.006477267303971824
2024,momentum_candidate,RAPT3,0.009019170674730858
2024,momentum_candidate,RAPT4,0.007152907230160725
2024,momentum_candidate,RCSL3,0.001293024080298936
2024,momentum_candidate,RCSL4,5.114075761367737e-05
2024,momentum_candidate,RDOR3,0.0007313468250202515
2024,momentum_candidate,RECV3,0.0001296322776380279
2024,momentum_candidate,REDE3,0.0021858975120543174
2024,momentum_candidate,RENT3,0.0022745604760384492
2024,momentum_candidate,RNEW3,2.539883557907121e-05
2024,momentum_candidate,RNEW4,4.6771949156394164e-05
2024,momentum_candidate,ROMI3,0.0011929840979503477
2024,momentum_candidate,RPAD3,0.0017634778601679155
2024,momentum_candidate,RPAD5,0.0024349129168204937
2024,momentum_candidate,RPAD6,0.0027539145440814766
2024,momentum_candidate,RPMG3,0.003047228106488554
2024,momentum_candidate,RSID3,0.003818853878374799
2024,momentum_candidate,RSUL4,0.0014995918606477336
2024,momentum_candidate,SANB3,0.003890079282346312
2024,momentum_candidate,SANB4,0.00397825326898545
2024,momentum_candidate,SAPR3,0.011133997817342828
2024,momentum_candidate,SAPR4,0.011939739792604561
2024,momentum_candidate,SBFG3,0.00021598293286413328
2024,momentum_candidate,SBSP3,0.0046847114215087795
2024,momentum_candidate,SCAR3,0.0048434393044586264
2024,momentum_candidate,SEER3,0.0038856035420389286
2024,momentum_candidate,SEQL3,3.0703970905083217e-07
2024,momentum_candidate,SHOW3,0.00016683117272645238
2024,momentum_candidate,SHUL4,0.006363430838282194
2024,momentum_candidate,SIMH3,0.00327731883672909
2024,momentum_candidate,SLCE3,0.0010363604323564747
2024,momentum_candidate,SLED3,6.920905763796938e-06
2024,momentum_candidate,SLED4,1.0373245781617335e-05
2024,momentum_candidate,SMFT3,0.006498078243351902
2024,momentum_candidate,SMTO3,0.0026678476906683876
2024,momentum_candidate,SNSY3,0.002206216660090638
2024,momentum_candidate,SNSY5,0.0011753340938284054
2024,momentum_candidate,SOJA3,0.0063067481047476255
2024,momentum_candidate,SOND5,0.006721375233354969
2024,momentum_candidate,SUZB3,0.0037000087035375983
2024,momentum_candidate,SYNE3,0.0022354894535669533
2024,momentum_candidate,TAEE3,0.005224933455194793
2024,momentum_candidate,TAEE4,0.006166809625376658
2024,momentum_candidate,TASA3,0.0031766798765839174
2024,momentum_candidate,TASA4,0.0028878548703154473
2024,momentum_candidate,TCSA3,0.0034751037048138525
2024,momentum_candidate,TECN3,0.0051925408378502985
2024,momentum_candidate,TEKA3,2.1408898195998438e-16
2024,momentum_candidate,TEKA4,0.000206969079794307
2024,momentum_candidate,TELB3,0.00023977995647502475
2024,momentum_candidate,TELB4,0.0013370818038247825
2024,momentum_candidate,TEND3,0.004782421603440495
2024,momentum_candidate,TFCO4,0.005204773582664779
2024,momentum_candidate,TGMA3,0.005923512384839491
2024,momentum_candidate,TOTS3,0.0028058087113352016
2024,momentum_candidate,TPIS3,0.0016656805415920903
2024,momentum_candidate,TRIS3,0.004936105624159442
2024,momentum_candidate,TTEN3,0.0030894931913755036
2024,momentum_candidate,TXRX4,0.0001818896087444512
2024,momentum_candidate,UCAS3,0.0018530332556777845
2024,momentum_candidate,UGPA3,0.009751114853994174
2024,momentum_candidate,UNIP3,0.000697294867728292
2024,momentum_candidate,UNIP5,0.0003638204066392602
2024,momentum_candidate,UNIP6,0.0005394308795898428
2024,momentum_candidate,USIM3,0.00428581719121642
2024,momentum_candidate,USIM5,0.005316049860408273
2024,momentum_candidate,USIM6,0.0012691447851367467
2024,momentum_candidate,VALE3,0.0008982618431366816
2024,momentum_candidate,VAMO3,0.00024381510295773192
2024,momentum_candidate,VBBR3,0.0054713592960577255
2024,momentum_candidate,VITT3,0.0002880906262667918
2024,momentum_candidate,VIVA3,0.0062838466904118215
2024,momentum_candidate,VIVR3,0.0008029921022658116
2024,momentum_candidate,VIVT3,0.008846521264544957
2024,momentum_candidate,VLID3,0.007819771330945665
2024,momentum_candidate,VSTE3,0.0024217308394619487
2024,momentum_candidate,VULC3,0.006381587604545153
2024,momentum_candidate,VVEO3,0.00036406918035011344
2024,momentum_candidate,WEGE3,0.0009863698865081904
2024,momentum_candidate,WEST3,0.0017201984533938561
2024,momentum_candidate,WHRL3,0.0011700255330615184
2024,momentum_candidate,WHRL4,0.0013779384434616444
2024,momentum_candidate,WIZC3,0.0017108420103518198
2024,momentum_candidate,YDUQ3,0.004864922999509286
2024,mvo_same_universe,ABCB4,5.144339423044992e-13
2024,mvo_same_universe,ABEV3,3.6676237792154124e-13
2024,mvo_same_universe,ADHM3,4.0724406324858847e-13
2024,mvo_same_universe,AERI3,3.167620549310646e-13
2024,mvo_same_universe,AFLT3,3.7595938069219405e-13
2024,mvo_same_universe,AGRO3,3.895111512704062e-13
2024,mvo_same_universe,AGXY3,1.9258515985275633e-13
2024,mvo_same_universe,ALLD3,5.661815676526761e-13
2024,mvo_same_universe,ALOS3,5.25307667149588e-13
2024,mvo_same_universe,ALPA3,3.371063047321045e-13
2024,mvo_same_universe,ALPA4,2.5250513465263074e-13
2024,mvo_same_universe,ALUP3,4.651272214287484e-13
2024,mvo_same_universe,ALUP4,4.455312537544382e-13
2024,mvo_same_universe,AMAR3,2.31002131881496e-13
2024,mvo_same_universe,AMBP3,3.0179789612447095e-13
2024,mvo_same_universe,AMER3,1.527328851531874e-13
2024,mvo_same_universe,ANIM3,3.477294946733131e-13
2024,mvo_same_universe,ARML3,4.656127633085492e-13
2024,mvo_same_universe,ASAI3,2.425401365572538e-13
2024,mvo_same_universe,AURE3,4.1325852761666506e-13
2024,mvo_same_universe,AVLL3,3.4180068805805723e-13
2024,mvo_same_universe,AZEV3,5.272018875588127e-13
2024,mvo_same_universe,AZEV4,6.369405062352939e-13
2024,mvo_same_universe,AZZA3,2.647946861692987e-13
2024,mvo_same_universe,B3SA3,3.4023556209085113e-13
2024,mvo_same_universe,BALM4,5.686214111193745e-13
2024,mvo_same_universe,BAUH4,3.9287051372596923e-13
2024,mvo_same_universe,BBAS3,8.893446342266527e-13
2024,mvo_same_universe,BBDC3,4.4169916072726127e-13
2024,mvo_same_universe,BBDC4,4.4686844244269643e-13
2024,mvo_same_universe,BBSE3,4.337507796591703e-13
2024,mvo_same_universe,BEEF3,2.6971929847299317e-13
2024,mvo_same_universe,BEES3,1.4840071810001931e-12
2024,mvo_same_universe,BEES4,1.6584143001991464e-12
2024,mvo_same_universe,BGIP3,6.928053539556257e-13
2024,mvo_same_universe,BGIP4,8.277962863559864e-13
2024,mvo_same_universe,BHIA3,1.4887584782443244e-13
2024,mvo_same_universe,BIED3,3.6791047601390575e-13
2024,mvo_same_universe,BIOM3,4.3288181648921987e-13
2024,mvo_same_universe,BLAU3,2.407583609874476e-13
2024,mvo_same_universe,BMEB3,0.050056700322862226
2024,mvo_same_universe,BMEB4,1.5118804572204576e-12
2024,mvo_same_universe,BMGB4,7.849655130267008e-13
2024,mvo_same_universe,BMIN3,7.759305495456015e-13
2024,mvo_same_universe,BMIN4,8.022069813789489e-13
2024,mvo_same_universe,BMKS3,6.58594162926647e-13
2024,mvo_same_universe,BMOB3,3.556351017653162e-13
2024,mvo_same_universe,BNBR3,7.451538291641304e-13
2024,mvo_same_universe,BOBR4,5.483397919527693e-13
2024,mvo_same_universe,BPAC3,4.263585036377478e-13
2024,mvo_same_universe,BPHA3,4.0724406324858847e-13
2024,mvo_same_universe,BRAP3,4.014400658655046e-13
2024,mvo_same_universe,BRAP4,3.8626960030752686e-13
2024,mvo_same_universe,BRAV3,2.9969297506172064e-13
2024,mvo_same_universe,BRKM3,3.2663374271895085e-13
2024,mvo_same_universe,BRKM6,2.71697649255725e-13
2024,mvo_same_universe,BRPR3,0.00577005222797292
2024,mvo_same_universe,BRSR3,5.117617105708596e-13
2024,mvo_same_universe,BRSR5,4.938585945314393e-13
2024,mvo_same_universe,BRSR6,5.521466074798364e-13
2024,mvo_same_universe,BSLI3,3.164929802311551e-13
2024,mvo_same_universe,BSLI4,4.3078054505814496e-13
2024,mvo_same_universe,CAMB3,8.644684391981201e-13
2024,mvo_same_universe,CAML3,3.34760865879478e-13
2024,mvo_same_universe,CASH3,2.675279166192393e-13
2024,mvo_same_universe,CBAV3,2.161028255012751e-13
2024,mvo_same_universe,CBEE3,5.140630615710491e-13
2024,mvo_same_universe,CEAB3,0.028736453321574634
2024,mvo_same_universe,CEDO3,0.0999631977530619
2024,mvo_same_universe,CEDO4,0.14746524785241746
2024,mvo_same_universe,CEEB3,5.282622880092092e-13
2024,mvo_same_universe,CEED3,2.7948912292948903e-13
2024,mvo_same_universe,CEGR3,4.124130586756265e-13
2024,mvo_same_universe,CGAS3,4.416498754800421e-13
2024,mvo_same_universe,CGAS5,3.8067920146761454e-13
2024,mvo_same_universe,CGRA3,4.114695940332206e-13
2024,mvo_same_universe,CGRA4,4.315456415503333e-13
2024,mvo_same_universe,CLSC3,6.360024264323722e-13
2024,mvo_same_universe,CLSC4,5.310225165804455e-13
2024,mvo_same_universe,CMIG3,3.7899484864406176e-13
2024,mvo_same_universe,CMIG4,4.3203997646328743e-13
2024,mvo_same_universe,CMIN3,2.9883475710267943e-12
2024,mvo_same_universe,COCE3,3.651122958738255e-13
2024,mvo_same_universe,COGN3,5.190712567298388e-13
2024,mvo_same_universe,CPFE3,4.611589890251261e-13
2024,mvo_same_universe,CPLE3,5.211806290356653e-13
2024,mvo_same_universe,CRPG5,8.273217176842769e-13
2024,mvo_same_universe,CRPG6,6.987589538994758e-13
2024,mvo_same_universe,CSAN3,3.708145612347816e-13
2024,mvo_same_universe,CSED3,5.254476878702614e-13
2024,mvo_same_universe,CSMG3,6.055240134415475e-13
2024,mvo_same_universe,CSNA3,7.407221269602e-13
2024,mvo_same_universe,CSUD3,9.298470908904823e-13
2024,mvo_same_universe,CTAX3,0.05396116275371738
2024,mvo_same_universe,CTKA4,2.4695757572088945e-11
2024,mvo_same_universe,CTSA3,0.024385282668942854
2024,mvo_same_universe,CTSA4,4.898941544579095e-13
2024,mvo_same_universe,CURY3,4.965042338051269e-13
2024,mvo_same_universe,CVCB3,3.0305581844670364e-13
2024,mvo_same_universe,CXSE3,8.80661324702653e-13
2024,mvo_same_universe,CYRE3,7.169875276320117e-13
2024,mvo_same_universe,DASA3,2.412327957829295e-13
2024,mvo_same_universe,DESK3,5.874208196889535e-13
2024,mvo_same_universe,DEXP3,7.628880975512669e-13
2024,mvo_same_universe,DIRR3,4.561696240900828e-13
2024,mvo_same_universe,DMVF3,5.76741043619036e-13
2024,mvo_same_universe,DOHL4,5.130632761128027e-13
2024,mvo_same_universe,DOTZ3,3.572692134305883e-13
2024,mvo_same_universe,DTCY3,3.740000990057871e-13
2024,mvo_same_universe,DXCO3,3.813497909904628e-13
2024,mvo_same_universe,EALT3,5.152467490616069e-13
2024,mvo_same_universe,EALT4,5.899120130089212e-13
2024,mvo_same_universe,ECOR3,1.0105812906423275e-12
2024,mvo_same_universe,ECPR3,4.0724406324858847e-13
2024,mvo_same_universe,ECPR4,4.0724406324858847e-13
2024,mvo_same_universe,EGIE3,4.832536183364451e-13
2024,mvo_same_universe,EKTR3,5.299501610151523e-13
2024,mvo_same_universe,EKTR4,5.63884565060972e-13
2024,mvo_same_universe,EMAE4,4.57283212117322e-13
2024,mvo_same_universe,ENEV3,3.4081075833385055e-13
2024,mvo_same_universe,ENGI3,5.325886475091868e-13
2024,mvo_same_universe,ENGI4,5.034763372915673e-13
2024,mvo_same_universe,ENJU3,6.756326716184966e-13
2024,mvo_same_universe,ENMT3,3.7641085870107464e-13
2024,mvo_same_universe,ENMT4,3.880194453908941e-13
2024,mvo_same_universe,EPAR3,1.973267657394566e-12
2024,mvo_same_universe,EQMA3B,6.000834987102432e-13
2024,mvo_same_universe,EQPA3,5.515772839187249e-13
2024,mvo_same_universe,EQPA5,4.702182244369019e-13
2024,mvo_same_universe,EQPA6,3.9182509661626933e-13
2024,mvo_same_universe,EQPA7,5.194691098577935e-13
2024,mvo_same_universe,EQTL3,4.667565659788606e-13
2024,mvo_same_universe,ESPA3,2.7979913017020455e-13
2024,mvo_same_universe,ESTR4,4.811876172770609e-13
2024,mvo_same_universe,ETER3,3.0753411852846186e-13
2024,mvo_same_universe,EUCA3,7.734984352990567e-13
2024,mvo_same_universe,EUCA4,0.034199049609701444
2024,mvo_same_universe,EVEN3,6.601315260622293e-13
2024,mvo_same_universe,EZTC3,4.3502267784344813e-13
2024,mvo_same_universe,FESA3,4.3678302010661534e-13
2024,mvo_same_universe,FESA4,3.192700557598674e-13
2024,mvo_same_universe,FHER3,2.0256666479357096e-13
2024,mvo_same_universe,FICT3,3.975147619802637e-13
2024,mvo_same_universe,FIQE3,4.595705803706655e-13
2024,mvo_same_universe,FLRY3,4.1995401987470703e-13
2024,mvo_same_universe,FRAS3,7.100786558444653e-13
2024,mvo_same_universe,FRIO3,0.12679121526478349
2024,mvo_same_universe,GEPA3,6.361878433969294e-13
2024,mvo_same_universe,GEPA4,4.3659338519686724e-13
2024,mvo_same_universe,GFSA3,0.0024629543347389283
2024,mvo_same_universe,GGBR3,3.743109806028457e-13
2024,mvo_same_universe,GGBR4,3.451303623048924e-13
2024,mvo_same_universe,GGPS3,5.64430132817942e-13
2024,mvo_same_universe,GMAT3,3.855140296664283e-13
2024,mvo_same_universe,GOAU3,4.26364620374872e-13
2024,mvo_same_universe,GOAU4,3.6465902898080213e-13
2024,mvo_same_universe,GRND3,4.094185932306146e-13
2024,mvo_same_universe,GSHP3,2.942649951757026e-13
2024,mvo_same_universe,HAPV3,2.9090547919887247e-13
2024,mvo_same_universe,HBOR3,6.009446574460346e-13
2024,mvo_same_universe,HBRE3,4.782788128587404e-13
2024,mvo_same_universe,HBSA3,7.514186950606327e-13
2024,mvo_same_universe,HOOT4,0.0051654715060005275
2024,mvo_same_universe,HYPE3,2.873552889543731e-13
2024,mvo_same_universe,IFCM3,1.9395403157941006e-13
2024,mvo_same_universe,IGTI3,4.132226731011459e-13
2024,mvo_same_universe,INEP3,3.695642914156211e-13
2024,mvo_same_universe,INEP4,3.090825470711642e-13
2024,mvo_same_universe,INTB3,2.835052271978433e-13
2024,mvo_same_universe,IRBR3,8.044109994342807e-13
2024,mvo_same_universe,ISAE3,5.399011978794522e-13
2024,mvo_same_universe,ISAE4,4.637572437904409e-13
2024,mvo_same_universe,ITSA3,5.045337434229632e-13
2024,mvo_same_universe,ITSA4,5.018730422731269e-13
2024,mvo_same_universe,ITUB3,5.29075745167518e-13
2024,mvo_same_universe,ITUB4,5.337722081238051e-13
2024,mvo_same_universe,JALL3,3.7082063141686283e-13
2024,mvo_same_universe,JFEN3,3.9262667975617837e-13
2024,mvo_same_universe,JHSF3,3.7589169833226176e-13
2024,mvo_same_universe,JOPA3,4.065105068958048e-13
2024,mvo_same_universe,JSLG3,2.897568792462639e-12
2024,mvo_same_universe,KEPL3,3.887265440597463e-13
2024,mvo_same_universe,KLBN3,4.833609824134268e-13
2024,mvo_same_universe,KLBN4,4.780137819312049e-13
2024,mvo_same_universe,LAND3,2.7176836755987777e-13
2024,mvo_same_universe,LAVV3,7.899886864305282e-13
2024,mvo_same_universe,LEVE3,6.984607990203126e-13
2024,mvo_same_universe,LIGT3,7.309579419453884e-13
2024,mvo_same_universe,LJQQ3,3.9266777673511257e-13
2024,mvo_same_universe,LOGG3,5.139623010991901e-13
2024,mvo_same_universe,LOGN3,3.60145664579851e-13
2024,mvo_same_universe,LPSB3,4.464659988558769e-13
2024,mvo_same_universe,LREN3,2.554702317714495e-13
2024,mvo_same_universe,LUPA3,2.6669783095345567e-13
2024,mvo_same_universe,LUXM4,3.36613971274439e-13
2024,mvo_same_universe,LWSA3,2.5636426330741877e-13
2024,mvo_same_universe,MATD3,3.5528527931867544e-13
2024,mvo_same_universe,MDIA3,3.674147920796691e-13
2024,mvo_same_universe,MDNE3,1.2126299560248207e-12
2024,mvo_same_universe,MEAL3,2.7950348013144417e-13
2024,mvo_same_universe,MELK3,7.515588290249757e-13
2024,mvo_same_universe,MGEL4,4.772065430786583e-13
2024,mvo_same_universe,MGLU3,2.898250581209965e-13
2024,mvo_same_universe,MILS3,4.0528799416226894e-13
2024,mvo_same_universe,MLAS3,2.2365177222253236e-13
2024,mvo_same_universe,MNDL3,1.2369027284852618e-12
2024,mvo_same_universe,MNPR3,0.0503670796676417
2024,mvo_same_universe,MOVI3,4.175858221302232e-13
2024,mvo_same_universe,MRSA3B,3.9722768187388304e-13
2024,mvo_same_universe,MRVE3,4.29777786856932e-13
2024,mvo_same_universe,MTRE3,7.096991785955813e-13
2024,mvo_same_universe,MULT3,4.3557338720668735e-13
2024,mvo_same_universe,MWET4,3.2052108652948814e-13
2024,mvo_same_universe,MYPK3,4.0133620641998487e-13
2024,mvo_same_universe,NEXP3,2.0561038406232085e-13
2024,mvo_same_universe,NORD3,4.709361958266948e-13
2024,mvo_same_universe,NUTR3,5.7257371362413726e-09
2024,mvo_same_universe,OFSA3,3.9446379548189223e-13
2024,mvo_same_universe,OIBR3,2.1507058648279486e-13
2024,mvo_same_universe,OIBR4,1.8542386321149676e-13
2024,mvo_same_universe,ONCO3,1.4527649334912905e-12
2024,mvo_same_universe,OPCT3,1.12694909915066e-12
2024,mvo_same_universe,ORVR3,3.7036077457629707e-13
2024,mvo_same_universe,OSXB3,3.0855965019154825e-13
2024,mvo_same_universe,PCAR3,1.738489219173246e-13
2024,mvo_same_universe,PDGR3,1.0475704652362947e-13
2024,mvo_same_universe,PDTC3,4.4977121716775026e-13
2024,mvo_same_universe,PEAB3,3.418130753262158e-13
2024,mvo_same_universe,PEAB4,4.645684228108927e-13
2024,mvo_same_universe,PETR3,1.1483028288778545e-12
2024,mvo_same_universe,PETR4,2.3283487161191033e-12
2024,mvo_same_universe,PFRM3,1.0121787052036495e-12
2024,mvo_same_universe,PGMN3,2.909656158122898e-13
2024,mvo_same_universe,PINE3,0.008179795168838282
2024,mvo_same_universe,PINE4,0.08530041423743125
2024,mvo_same_universe,PLAS3,3.4845431823237423e-13
2024,mvo_same_universe,PLPL3,0.08796963642943907
2024,mvo_same_universe,PNVL3,4.0742230902475976e-13
2024,mvo_same_universe,POMO3,1.868023058902122e-12
2024,mvo_same_universe,POMO4,0.08890600790863036
2024,mvo_same_universe,POSI3,2.991344485725516e-13
2024,mvo_same_universe,PRIO3,4.900081508806329e-13
2024,mvo_same_universe,PRNR3,6.813789919582744e-13
2024,mvo_same_universe,PSSA3,5.15648276462609e-13
2024,mvo_same_universe,PTBL3,3.0777546006074437e-13
2024,mvo_same_universe,QUAL3,2.192662205656316e-13
2024,mvo_same_universe,RADL3,4.577598193006421e-13
2024,mvo_same_universe,RAIL3,4.3226583247336135e-13
2024,mvo_same_universe,RAIZ4,4.0827179310749656e-13
2024,mvo_same_universe,RANI3,6.687317060045008e-13
2024,mvo_same_universe,RAPT3,7.451069523154811e-13
2024,mvo_same_universe,RAPT4,6.331842726754485e-13
2024,mvo_same_universe,RCSL3,0.026045680457333555
2024,mvo_same_universe,RCSL4,3.2184836093069207e-13
2024,mvo_same_universe,RDOR3,3.2946164454772647e-13
2024,mvo_same_universe,RECV3,2.9680998032391124e-13
2024,mvo_same_universe,REDE3,6.729140713916451e-13
2024,mvo_same_universe,RENT3,3.7203469568891384e-13
2024,mvo_same_universe,RNEW3,2.2334631386433331e-13
2024,mvo_same_universe,RNEW4,2.3731084715309643e-13
2024,mvo_same_universe,ROMI3,3.6115951740974786e-13
2024,mvo_same_universe,RPAD3,5.063799208544647e-13
2024,mvo_same_universe,RPAD5,7.067329030692777e-13
2024,mvo_same_universe,RPAD6,5.46575601266733e-13
2024,mvo_same_universe,RPMG3,6.585928780048996e-13
2024,mvo_same_universe,RSID3,8.775579872268389e-13
2024,mvo_same_universe,RSUL4,5.055411106909085e-13
2024,mvo_same_universe,SANB3,4.544146683432603e-13
2024,mvo_same_universe,SANB4,4.615197606190126e-13
2024,mvo_same_universe,SAPR3,8.350764918944756e-13
2024,mvo_same_universe,SAPR4,9.319625271491471e-13
2024,mvo_same_universe,SBFG3,2.791322604157103e-13
2024,mvo_same_universe,SBSP3,4.715124872852623e-13
2024,mvo_same_universe,SCAR3,7.26194599266126e-13
2024,mvo_same_universe,SEER3,8.538621283384674e-13
2024,mvo_same_universe,SEQL3,1.2932983091651547e-13
2024,mvo_same_universe,SHOW3,3.133825789205638e-13
2024,mvo_same_universe,SHUL4,6.874804953061647e-13
2024,mvo_same_universe,SIMH3,3.8773592505804253e-13
2024,mvo_same_universe,SLCE3,3.9001330996623856e-13
2024,mvo_same_universe,SLED3,2.2514660305233358e-13
2024,mvo_same_universe,SLED4,2.5527954548253624e-13
2024,mvo_same_universe,SMFT3,5.980382938874251e-13
2024,mvo_same_universe,SMTO3,4.383442978748835e-13
2024,mvo_same_universe,SNSY3,9.614195751461772e-13
2024,mvo_same_universe,SNSY5,5.751136379671474e-13
2024,mvo_same_universe,SOJA3,8.422009574846263e-13
2024,mvo_same_universe,SOND5,1.13943003891905e-12
2024,mvo_same_universe,SUZB3,5.551146424979493e-13
2024,mvo_same_universe,SYNE3,4.600875149136597e-13
2024,mvo_same_universe,TAEE3,4.2487510320837283e-13
2024,mvo_same_universe,TAEE4,4.3922619326371116e-13
2024,mvo_same_universe,TASA3,4.3565983409512385e-13
2024,mvo_same_universe,TASA4,4.068963794190085e-13
2024,mvo_same_universe,TCSA3,5.533529191347107e-13
2024,mvo_same_universe,TECN3,7.367790893194193e-13
2024,mvo_same_universe,TEKA3,4.0724406324858847e-13
2024,mvo_same_universe,TEKA4,4.298808604812695e-13
2024,mvo_same_universe,TELB3,4.3009533458541375e-13
2024,mvo_same_universe,TELB4,6.043865610970055e-13
2024,mvo_same_universe,TEND3,0.07427459247256038
2024,mvo_same_universe,TFCO4,5.244761411847698e-13
2024,mvo_same_universe,TGMA3,5.288927195985072e-13
2024,mvo_same_universe,TOTS3,4.0988292516089086e-13
2024,mvo_same_universe,TPIS3,5.197163799818522e-13
2024,mvo_same_universe,TRIS3,5.319314168832966e-13
2024,mvo_same_universe,TTEN3,5.226364960305043e-13
2024,mvo_same_universe,TXRX4,4.12445091734244e-13
2024,mvo_same_universe,UCAS3,4.5245157655974684e-13
2024,mvo_same_universe,UGPA3,1.7801743967108702e-12
2024,mvo_same_universe,UNIP3,3.315852744435315e-13
2024,mvo_same_universe,UNIP5,3.804870320675896e-13
2024,mvo_same_universe,UNIP6,3.3234553728016114e-13
2024,mvo_same_universe,USIM3,5.065830589568627e-13
2024,mvo_same_universe,USIM5,5.546225193715225e-13
2024,mvo_same_universe,USIM6,5.751102327877099e-13
2024,mvo_same_universe,VALE3,3.862500811210121e-13
2024,mvo_same_universe,VAMO3,2.567600237821792e-13
2024,mvo_same_universe,VBBR3,5.638067274404687e-13
2024,mvo_same_universe,VITT3,2.9350090247347857e-13
2024,mvo_same_universe,VIVA3,5.116550621253575e-13
2024,mvo_same_universe,VIVR3,4.1200285703991845e-13
2024,mvo_same_universe,VIVT3,6.672479399461203e-13
2024,mvo_same_universe,VLID3,1.1945056903658775e-10
2024,mvo_same_universe,VSTE3,5.277305331875267e-13
2024,mvo_same_universe,VULC3,5.84610608937558e-13
2024,mvo_same_universe,VVEO3,3.015248563216161e-13
2024,mvo_same_universe,WEGE3,3.6243725510532244e-13
2024,mvo_same_universe,WEST3,3.851026960869541e-13
2024,mvo_same_universe,WHRL3,4.113052276839992e-13
2024,mvo_same_universe,WHRL4,4.058673066302841e-13
2024,mvo_same_universe,WIZC3,3.7690972181373163e-13
2024,mvo_same_universe,YDUQ3,9.645359070186669e-12
2025,momentum_candidate,ABCB4,0.004505508946783848
2025,momentum_candidate,ABEV3,0.005560990141700951
2025,momentum_candidate,AERI3,5.997540674088254e-06
2025,momentum_candidate,AFLT3,0.004843062521362518
2025,momentum_candidate,AGRO3,0.005220201479447832
2025,momentum_candidate,AGXY3,6.058120259189712e-07
2025,momentum_candidate,ALLD3,0.005549494879775518
2025,momentum_candidate,ALOS3,0.001949285033861194
2025,momentum_candidate,ALPA3,0.00038321885063765363
2025,momentum_candidate,ALPA4,0.0006642019321092714
2025,momentum_candidate,ALUP3,0.005958149543775393
2025,momentum_candidate,ALUP4,0.0065733896570831915
2025,momentum_candidate,AMAR3,1.016310216148609e-05
2025,momentum_candidate,AMBP3,0.002594442929547915
2025,momentum_candidate,AMER3,2.0506863701257757e-07
2025,momentum_candidate,ANIM3,6.215536711010791e-05
2025,momentum_candidate,ARML3,2.1239007121895085e-05
2025,momentum_candidate,ASAI3,9.938522440357404e-05
2025,momentum_candidate,AURE3,0.0017012972535499625
2025,momentum_candidate,AVLL3,0.0003531389054481217
2025,momentum_candidate,AZEV3,7.801532626698788e-05
2025,momentum_candidate,AZEV4,7.367441793727482e-05
2025,momentum_candidate,AZZA3,0.0001499180934106205
2025,momentum_candidate,B3SA3,0.0014925950065872362
2025,momentum_candidate,BALM4,0.004982304638568374
2025,momentum_candidate,BAUH4,0.02439984927810736
2025,momentum_candidate,BBAS3,0.008377569327962069
2025,momentum_candidate,BBDC3,0.0018376282961192647
2025,momentum_candidate,BBDC4,0.0014177198520353078
2025,momentum_candidate,BBSE3,0.013588327842000123
2025,momentum_candidate,BEEF3,0.0008624950853943476
2025,momentum_candidate,BEES3,0.009712405029436448
2025,momentum_candidate,BEES4,0.00679937447832285
2025,momentum_candidate,BGIP3,0.004265879630671195
2025,momentum_candidate,BGIP4,0.005912805599856855
2025,momentum_candidate,BHIA3,5.070365077614462e-06
2025,momentum_candidate,BIED3,0.00014909309342516628
2025,momentum_candidate,BIOM3,0.003263833801481389
2025,momentum_candidate,BLAU3,0.0018564833060683138
2025,momentum_candidate,BMEB3,0.005806726094731842
2025,momentum_candidate,BMEB4,0.005494995327474597
2025,momentum_candidate,BMGB4,0.006236899870924286
2025,momentum_candidate,BMIN3,0.002728014585440963
2025,momentum_candidate,BMIN4,0.003393829244740135
2025,momentum_candidate,BMKS3,0.004509825792292985
2025,momentum_candidate,BMOB3,0.006394318754780377
2025,momentum_candidate,BNBR3,0.0052231360265451035
2025,momentum_candidate,BOBR4,0.0032939099616097053
2025,momentum_candidate,BPAC3,0.0022708965748984324
2025,momentum_candidate,BRAP3,0.0024834396786727582
2025,momentum_candidate,BRAP4,0.0018452015520427538
2025,momentum_candidate,BRAV3,0.002525432452145375
2025,momentum_candidate,BRKM3,0.0003513920234940731
2025,momentum_candidate,BRKM6,0.00012727765299211814
2025,momentum_candidate,BRSR3,0.004977566768256149
2025,momentum_candidate,BRSR5,0.0027724376565505158
2025,momentum_candidate,BRSR6,0.003505061241894265
2025,momentum_candidate,BSLI3,0.0004601680219092513
2025,momentum_candidate,CAMB3,0.005477234779415652
2025,momentum_candidate,CAML3,0.0011000825910897883
2025,momentum_candidate,CASH3,2.7620740138441773e-05
2025,momentum_candidate,CBAV3,0.0020282079822076414
2025,momentum_candidate,CBEE3,0.0002932531506024329
2025,momentum_candidate,CEAB3,0.0028699557248803025
2025,momentum_candidate,CEDO3,0.003421137934925758
2025,momentum_candidate,CEDO4,0.0020250363764856612
2025,momentum_candidate,CEEB3,0.010487617996674891
2025,momentum_candidate,CEED3,0.00042813926972026247
2025,momentum_candidate,CEGR3,0.0010601863874568562
2025,momentum_candidate,CGAS3,0.004820789423095695
2025,momentum_candidate,CGAS5,0.005799782329987837
2025,momentum_candidate,CGRA3,0.008159175719859982
2025,momentum_candidate,CGRA4,0.0080739109022505
2025,momentum_candidate,CLSC3,0.012571649915392917
2025,momentum_candidate,CLSC4,0.011930616248749597
2025,momentum_candidate,CMIG3,0.010391249921473191
2025,momentum_candidate,CMIG4,0.010643739168951788
2025,momentum_candidate,CMIN3,0.0012373098083231066
2025,momentum_candidate,COCE3,0.00031938171749752264
2025,momentum_candidate,COGN3,2.866700853369606e-05
2025,momentum_candidate,CPFE3,0.004336396628434887
2025,momentum_candidate,CPLE3,0.00557007478703618
2025,momentum_candidate,CRPG5,0.000669125966285016
2025,momentum_candidate,CRPG6,0.0008149071827390255
2025,momentum_candidate,CSAN3,0.00014366052584355096
2025,momentum_candidate,CSED3,0.0004863351865248667
2025,momentum_candidate,CSMG3,0.007536971233894615
2025,momentum_candidate,CSNA3,0.00022322319624579304
2025,momentum_candidate,CSUD3,0.00321513544711099
2025,momentum_candidate,CTAX3,8.503797496823651e-06
2025,momentum_candidate,CTKA4,0.004048807874566976
2025,momentum_candidate,CTSA3,1.4420438864310387e-05
2025,momentum_candidate,CTSA4,2.7134643927288486e-05
2025,momentum_candidate,CURY3,0.006332909965148031
2025,momentum_candidate,CVCB3,3.086313296415061e-05
2025,momentum_candidate,CXSE3,0.008840314298877803
2025,momentum_candidate,CYRE3,0.001157076370474074
2025,momentum_candidate,DASA3,3.3507581160864184e-06
2025,momentum_candidate,DESK3,0.0010263257153903746
2025,momentum_candidate,DEXP3,0.0014738805386370986
2025,momentum_candidate,DIRR3,0.008129632458763759
2025,momentum_candidate,DMVF3,0.004236374689242316
2025,momentum_candidate,DOHL4,0.0029785307774677617
2025,momentum_candidate,DOTZ3,2.849272452509433e-05
2025,momentum_candidate,DTCY3,0.003073405770061774
2025,momentum_candidate,DXCO3,0.001265097342122353
2025,momentum_candidate,EALT3,0.0058462615788579
2025,momentum_candidate,EALT4,0.006493258904898906
2025,momentum_candidate,ECOR3,0.00011337313701731118
2025,momentum_candidate,EGIE3,0.004683054593879815
2025,momentum_candidate,EKTR3,0.006365660821040564
2025,momentum_candidate,EKTR4,0.007208829699077882
2025,momentum_candidate,EMAE4,0.0008765081940135095
2025,momentum_candidate,ENEV3,0.002612416998924237
2025,momentum_candidate,ENGI3,0.000726202351307911
2025,momentum_candidate,ENGI4,0.0022662274824582725
2025,momentum_candidate,ENJU3,0.0003886377384745081
2025,momentum_candidate,ENMT3,0.010978286087153474
2025,momentum_candidate,ENMT4,0.006199188013583362
2025,momentum_candidate,EPAR3,0.00019391051119881347
2025,momentum_candidate,EQMA3B,0.0038597891493668715
2025,momentum_candidate,EQPA3,0.00244783176557524
2025,momentum_candidate,EQPA5,0.004577317927450457
2025,momentum_candidate,EQPA6,0.002512352789178402
2025,momentum_candidate,EQPA7,0.005774979910676193
2025,momentum_candidate,EQTL3,0.0023386450930186122
2025,momentum_candidate,ESPA3,0.0005067042869010808
2025,momentum_candidate,ESTR4,0.00134411157227376
2025,momentum_candidate,ETER3,0.0005647399790315347
2025,momentum_candidate,EUCA3,0.004919508694559338
2025,momentum_candidate,EUCA4,0.003101121162900533
2025,momentum_candidate,EVEN3,0.0016647968816314476
2025,momentum_candidate,EZTC3,0.0005682689655841775
2025,momentum_candidate,FESA3,0.0014087321033809492
2025,momentum_candidate,FESA4,0.0021262461900234493
2025,momentum_candidate,FHER3,0.0007927940605380993
2025,momentum_candidate,FICT3,0.001867502414608376
2025,momentum_candidate,FIQE3,0.004073454594935224
2025,momentum_candidate,FLRY3,0.0014915736288653402
2025,momentum_candidate,FRAS3,0.01025300099912519
2025,momentum_candidate,FRIO3,0.0021978049296370503
2025,momentum_candidate,GEPA3,0.006476050799114172
2025,momentum_candidate,GEPA4,0.012011776944653241
2025,momentum_candidate,GFSA3,1.0623913955942101e-06
2025,momentum_candidate,GGBR3,0.006536099169679122
2025,momentum_candidate,GGBR4,0.005359362017676761
2025,momentum_candidate,GGPS3,0.0018983945135498752
2025,momentum_candidate,GMAT3,0.004258347750621088
2025,momentum_candidate,GOAU3,0.006482653452231107
2025,momentum_candidate,GOAU4,0.006260103102286622
2025,momentum_candidate,GRND3,0.0021074319165387298
2025,momentum_candidate,GSHP3,7.047162694431733e-05
2025,momentum_candidate,HAPV3,0.00020273989008468959
2025,momentum_candidate,HBOR3,9.504162327604274e-05
2025,momentum_candidate,HBRE3,0.00015639549877689507
2025,momentum_candidate,HBSA3,0.0008602276013769701
2025,momentum_candidate,HOOT4,0.002153581848398275
2025,momentum_candidate,HYPE3,0.00030736309166507175
2025,momentum_candidate,IFCM3,9.86279694823734e-08
2025,momentum_candidate,IGTI3,0.0013197476133920093
2025,momentum_candidate,IGTI4,0.0007795902368375729
2025,momentum_candidate,INEP3,3.2927054706819415e-05
2025,momentum_candidate,INTB3,0.0005392637745077027
2025,momentum_candidate,IRBR3,0.0024974346632159715
2025,momentum_candidate,ISAE3,0.004461005064107778
2025,momentum_candidate,ISAE4,0.004981939788479984
2025,momentum_candidate,ITSA3,0.008099104855555777
2025,momentum_candidate,ITSA4,0.007679447244246449
2025,momentum_candidate,ITUB3,0.009777823223023148
2025,momentum_candidate,ITUB4,0.008415226434785978
2025,momentum_candidate,JALL3,0.000626601563812064
2025,momentum_candidate,JFEN3,1.8180400547961186e-07
2025,momentum_candidate,JHSF3,0.0010656103945178446
2025,momentum_candidate,JOPA3,0.005057757875546741
2025,momentum_candidate,JSLG3,0.00014124612056920947
2025,momentum_candidate,KEPL3,0.004371287003332002
2025,momentum_candidate,KLBN3,0.011759026450743596
2025,momentum_candidate,KLBN4,0.011472379471736304
2025,momentum_candidate,LAND3,0.0021060627378439367
2025,momentum_candidate,LAVV3,0.004425390562958841
2025,momentum_candidate,LEVE3,0.0035465851929654766
2025,momentum_candidate,LIGT3,0.0002482721938394673
2025,momentum_candidate,LJQQ3,5.475644726454292e-05
2025,momentum_candidate,LOGG3,0.0038774227454656186
2025,momentum_candidate,LOGN3,0.0002211749026362834
2025,momentum_candidate,LPSB3,0.00044890261617699126
2025,momentum_candidate,LREN3,0.0016657919953880457
2025,momentum_candidate,LUPA3,0.00021656418212542643
2025,momentum_candidate,LUXM4,0.002023366896555239
2025,momentum_candidate,LWSA3,0.00026205103933925556
2025,momentum_candidate,MATD3,0.00012324156588326351
2025,momentum_candidate,MDIA3,0.00045709829906323974
2025,momentum_candidate,MDNE3,0.002203361290063117
2025,momentum_candidate,MEAL3,0.00015598514846869326
2025,momentum_candidate,MELK3,0.002674410385196038
2025,momentum_candidate,MGEL4,0.00037834560577192783
2025,momentum_candidate,MGLU3,1.8480872755079672e-05
2025,momentum_candidate,MILS3,0.0010001716825694226
2025,momentum_candidate,MLAS3,0.00011158726972086342
2025,momentum_candidate,MNDL3,0.004237897253080491
2025,momentum_candidate,MNPR3,0.0030178047967084924
2025,momentum_candidate,MOVI3,2.215176204777034e-05
2025,momentum_candidate,MRSA3B,0.006057116101173109
2025,momentum_candidate,MRVE3,0.00014681671531688501
2025,momentum_candidate,MTRE3,0.00020508226105670285
2025,momentum_candidate,MULT3,0.002282140004084367
2025,momentum_candidate,MWET4,0.003225396379110243
2025,momentum_candidate,MYPK3,0.0036853781145404934
2025,momentum_candidate,NEXP3,0.0014924956653836084
2025,momentum_candidate,NORD3,0.0014202725881632824
2025,momentum_candidate,NUTR3,0.0010358359666212886
2025,momentum_candidate,OFSA3,0.002152485699970866
2025,momentum_candidate,OIBR3,2.270121088125491e-06
2025,momentum_candidate,OIBR4,8.597318213338276e-05
2025,momentum_candidate,ONCO3,2.1334237777084918e-06
2025,momentum_candidate,OPCT3,0.0023425607999020383
2025,momentum_candidate,ORVR3,0.006264407012208958
2025,momentum_candidate,OSXB3,0.0009749697313965135
2025,momentum_candidate,PCAR3,0.00034736079575575963
2025,momentum_candidate,PDGR3,1.2528822614855023e-08
2025,momentum_candidate,PDTC3,7.566574842450016e-05
2025,momentum_candidate,PEAB3,0.005066196960183023
2025,momentum_candidate,PEAB4,0.00437374039090942
2025,momentum_candidate,PETR3,0.008059863500012483
2025,momentum_candidate,PETR4,0.008546974318974694
2025,momentum_candidate,PFRM3,0.005479108119592031
2025,momentum_candidate,PGMN3,0.0026015631408479673
2025,momentum_candidate,PINE3,0.001558102781619194
2025,momentum_candidate,PINE4,0.005424993307381282
2025,momentum_candidate,PLAS3,0.0008990502411866817
2025,momentum_candidate,PLPL3,0.002002921395841175
2025,momentum_candidate,PNVL3,0.0012739209111299343
2025,momentum_candidate,POMO3,0.006994539156097644
2025,momentum_candidate,POMO4,0.006881995216784087
2025,momentum_candidate,POSI3,0.0011274103160068617
2025,momentum_candidate,PRIO3,0.0035611364710893723
2025,momentum_candidate,PRNR3,0.0051456390794759775
2025,momentum_candidate,PSSA3,0.011227744325639532
2025,momentum_candidate,PTBL3,0.0001448765085775667
2025,momentum_candidate,QUAL3,6.348335301346938e-05
2025,momentum_candidate,RADL3,0.0021690801570848047
2025,momentum_candidate,RAIL3,0.0024915745732310202
2025,momentum_candidate,RAIZ4,0.0003577506937916382
2025,momentum_candidate,RANI3,0.0010149569467960884
2025,momentum_candidate,RAPT3,0.0012086628163085278
2025,momentum_candidate,RAPT4,0.0022646324366207902
2025,momentum_candidate,RCSL3,0.00034495606971005955
2025,momentum_candidate,RCSL4,8.046249238477615e-06
2025,momentum_candidate,RDOR3,0.0039374222133010525
2025,momentum_candidate,RECV3,0.0027119832386993423
2025,momentum_candidate,REDE3,0.008894081005119299
2025,momentum_candidate,RENT3,0.00027654977656743797
2025,momentum_candidate,RNEW3,0.0014079023860974604
2025,momentum_candidate,RNEW4,0.001054580737078575
2025,momentum_candidate,ROMI3,0.0015489641420252476
2025,momentum_candidate,RPAD3,0.0013703576639899373
2025,momentum_candidate,RPAD5,0.004310044877713633
2025,momentum_candidate,RPAD6,0.0013161272675958065
2025,momentum_candidate,RPMG3,0.004671705452103141
2025,momentum_candidate,RSID3,0.0006437094695372185
2025,momentum_candidate,RSUL4,0.0014881936661957987
2025,momentum_candidate,SANB3,0.0032614757391129265
2025,momentum_candidate,SANB4,0.003046788399774178
2025,momentum_candidate,SAPR3,0.006993624873586639
2025,momentum_candidate,SAPR4,0.006696110568111979
2025,momentum_candidate,SBFG3,0.0024000889659961744
2025,momentum_candidate,SBSP3,0.009356439705415139
2025,momentum_candidate,SCAR3,0.0023334138282748973
2025,momentum_candidate,SEER3,0.00024358055185777662
2025,momentum_candidate,SEQL3,5.580344257433593e-06
2025,momentum_candidate,SHOW3,2.5735722430723167e-05
2025,momentum_candidate,SHUL4,0.004576931238162482
2025,momentum_candidate,SIMH3,4.6639873908957574e-05
2025,momentum_candidate,SLCE3,0.006633663186652631
2025,momentum_candidate,SMFT3,0.0009273689279574671
2025,momentum_candidate,SMTO3,0.002802706767789686
2025,momentum_candidate,SNSY3,0.0016949266190784882
2025,momentum_candidate,SNSY5,0.00297347120624281
2025,momentum_candidate,SOJA3,0.0008182435259382655
2025,momentum_candidate,SOND5,0.002520948903973276
2025,momentum_candidate,SUZB3,0.007305678765470224
2025,momentum_candidate,SYNE3,0.003038925482728777
2025,momentum_candidate,TAEE3,0.010592234304326846
2025,momentum_candidate,TAEE4,0.011986903483375645
2025,momentum_candidate,TASA3,0.0008875139532390272
2025,momentum_candidate,TASA4,0.000608943037730065
2025,momentum_candidate,TCSA3,3.067349014962942e-05
2025,momentum_candidate,TECN3,0.0054299352688698555
2025,momentum_candidate,TEKA3,0.0010685629992885208
2025,momentum_candidate,TEKA4,0.00369353688244506
2025,momentum_candidate,TELB3,0.002269673280590177
2025,momentum_candidate,TELB4,0.00046475200548827067
2025,momentum_candidate,TEND3,0.0018640663598134802
2025,momentum_candidate,TFCO4,0.0007565264274086232
2025,momentum_candidate,TGMA3,0.008202965578596576
2025,momentum_candidate,TOTS3,0.0023334183764961223
2025,momentum_candidate,TPIS3,0.0049500133332706486
2025,momentum_candidate,TRIS3,0.0021813078468025443
2025,momentum_candidate,TTEN3,0.005272314857836277
2025,momentum_candidate,TXRX4,0.000938043548246048
2025,momentum_candidate,UCAS3,0.0019519362407874016
2025,momentum_candidate,UGPA3,0.0007746095651595691
2025,momentum_candidate,UNIP3,0.002573559310272942
2025,momentum_candidate,UNIP5,0.0012142017951653576
2025,momentum_candidate,UNIP6,0.0016360187648036587
2025,momentum_candidate,USIM3,0.00046853622445020796
2025,momentum_candidate,USIM5,0.0004180560250183412
2025,momentum_candidate,USIM6,0.002475891392287452
2025,momentum_candidate,VALE3,0.002508148301472123
2025,momentum_candidate,VAMO3,0.0001600130147981929
2025,momentum_candidate,VBBR3,0.003411661691541754
2025,momentum_candidate,VITT3,0.00044966703929649976
2025,momentum_candidate,VIVA3,0.00047061607205801584
2025,momentum_candidate,VIVR3,6.343405021174074e-06
2025,momentum_candidate,VIVT3,0.0054856396409520445
2025,momentum_candidate,VLID3,0.005666901987388972
2025,momentum_candidate,VSTE3,9.160912725501662e-05
2025,momentum_candidate,VULC3,0.003997789754148459
2025,momentum_candidate,VVEO3,1.784040917799998e-06
2025,momentum_candidate,WEGE3,0.010802392896156733
2025,momentum_candidate,WEST3,7.418257819737248e-05
2025,momentum_candidate,WHRL3,0.004936610645224943
2025,momentum_candidate,WHRL4,0.007459555109805054
2025,momentum_candidate,WIZC3,0.002240458922389423
2025,momentum_candidate,YDUQ3,6.499939842669e-05
2025,mvo_same_universe,ABCB4,1.6455994924511716e-12
2025,mvo_same_universe,ABEV3,1.678427988028551e-12
2025,mvo_same_universe,AERI3,7.511363861487897e-13
2025,mvo_same_universe,AFLT3,2.4743425305599942e-12
2025,mvo_same_universe,AGRO3,1.564884299385848e-12
2025,mvo_same_universe,AGXY3,5.701965873575052e-13
2025,mvo_same_universe,ALLD3,2.8576654440503456e-12
2025,mvo_same_universe,ALOS3,1.1642953455332343e-12
2025,mvo_same_universe,ALPA3,9.804948055205323e-13
2025,mvo_same_universe,ALPA4,9.703050025376912e-13
2025,mvo_same_universe,ALUP3,1.6198807947608563e-12
2025,mvo_same_universe,ALUP4,1.6356253356731434e-12
2025,mvo_same_universe,AMAR3,5.732460315120796e-13
2025,mvo_same_universe,AMBP3,0.18385990152443837
2025,mvo_same_universe,AMER3,7.500149047909941e-13
2025,mvo_same_universe,ANIM3,6.363853792545509e-13
2025,mvo_same_universe,ARML3,6.001534895678248e-13
2025,mvo_same_universe,ASAI3,7.531035223995626e-13
2025,mvo_same_universe,AURE3,1.1456948144863538e-12
2025,mvo_same_universe,AVLL3,9.416546275454563e-13
2025,mvo_same_universe,AZEV3,8.08061735921238e-13
2025,mvo_same_universe,AZEV4,8.927870299281201e-13
2025,mvo_same_universe,AZZA3,7.340745975392069e-13
2025,mvo_same_universe,B3SA3,1.1302121316525598e-12
2025,mvo_same_universe,BALM4,2.1854158672778553e-11
2025,mvo_same_universe,BAUH4,2.090477263198973e-12
2025,mvo_same_universe,BBAS3,1.7864470017874545e-12
2025,mvo_same_universe,BBDC3,1.2725740463638794e-12
2025,mvo_same_universe,BBDC4,1.2410869163841014e-12
2025,mvo_same_universe,BBSE3,2.9309008479389834e-12
2025,mvo_same_universe,BEEF3,1.0238601591135051e-12
2025,mvo_same_universe,BEES3,1.9587498297728186e-12
2025,mvo_same_universe,BEES4,2.117120641999891e-12
2025,mvo_same_universe,BGIP3,2.1984830520496573e-12
2025,mvo_same_universe,BGIP4,3.0472197952452854e-12
2025,mvo_same_universe,BHIA3,5.422527808499937e-13
2025,mvo_same_universe,BIED3,9.289467288811007e-13
2025,mvo_same_universe,BIOM3,0.061279556273985736
2025,mvo_same_universe,BLAU3,1.296497801397695e-12
2025,mvo_same_universe,BMEB3,8.723901686085402e-12
2025,mvo_same_universe,BMEB4,0.1867514757878438
2025,mvo_same_universe,BMGB4,3.873855917509514e-12
2025,mvo_same_universe,BMIN3,3.587142846286996e-12
2025,mvo_same_universe,BMIN4,9.05317821737462e-12
2025,mvo_same_universe,BMKS3,1.9155687589299343e-12
2025,mvo_same_universe,BMOB3,1.8602204727073104e-12
2025,mvo_same_universe,BNBR3,2.4745296046782865e-12
2025,mvo_same_universe,BOBR4,1.884098223706468e-12
2025,mvo_same_universe,BPAC3,1.2672055437913678e-12
2025,mvo_same_universe,BRAP3,1.2871570275279417e-12
2025,mvo_same_universe,BRAP4,1.184721983198538e-12
2025,mvo_same_universe,BRAV3,1.4177318515168494e-12
2025,mvo_same_universe,BRKM3,9.006234164513835e-13
2025,mvo_same_universe,BRKM6,8.760809504656304e-13
2025,mvo_same_universe,BRSR3,1.5965102005330025e-12
2025,mvo_same_universe,BRSR5,1.9595773855249784e-12
2025,mvo_same_universe,BRSR6,1.4354560157843474e-12
2025,mvo_same_universe,BSLI3,1.1755077208771172e-12
2025,mvo_same_universe,CAMB3,2.0028393190384653e-12
2025,mvo_same_universe,CAML3,1.0863105459489243e-12
2025,mvo_same_universe,CASH3,6.351817123506788e-13
2025,mvo_same_universe,CBAV3,1.6195553699562613e-12
2025,mvo_same_universe,CBEE3,2.2880347593458378e-12
2025,mvo_same_universe,CEAB3,1.3583433821734777e-12
2025,mvo_same_universe,CEDO3,3.954131142358581e-12
2025,mvo_same_universe,CEDO4,1.8268824397601965e-12
2025,mvo_same_universe,CEEB3,2.6034194058397835e-12
2025,mvo_same_universe,CEED3,9.83161594899076e-13
2025,mvo_same_universe,CEGR3,1.3779289683759788e-12
2025,mvo_same_universe,CGAS3,3.3689007153040836e-12
2025,mvo_same_universe,CGAS5,2.4048105013439443e-12
2025,mvo_same_universe,CGRA3,2.364299014237593e-12
2025,mvo_same_universe,CGRA4,2.2738074415452667e-12
2025,mvo_same_universe,CLSC3,6.528201700177492e-11
2025,mvo_same_universe,CLSC4,4.328112399250019e-12
2025,mvo_same_universe,CMIG3,9.114258402557677e-12
2025,mvo_same_universe,CMIG4,6.833578608729334e-11
2025,mvo_same_universe,CMIN3,1.3152013244895125e-12
2025,mvo_same_universe,COCE3,8.22816825042135e-13
2025,mvo_same_universe,COGN3,5.872862424084902e-13
2025,mvo_same_universe,CPFE3,1.4125501492805675e-12
2025,mvo_same_universe,CPLE3,1.5344485535429242e-12
2025,mvo_same_universe,CRPG5,9.455369325688707e-13
2025,mvo_same_universe,CRPG6,1.0375051143064646e-12
2025,mvo_same_universe,CSAN3,7.028989660736363e-13
2025,mvo_same_universe,CSED3,9.051641187790567e-13
2025,mvo_same_universe,CSMG3,2.9484592009170546e-12
2025,mvo_same_universe,CSNA3,8.929608981584544e-13
2025,mvo_same_universe,CSUD3,1.375716033938484e-12
2025,mvo_same_universe,CTAX3,6.161473553025922e-13
2025,mvo_same_universe,CTKA4,9.696759064508857e-12
2025,mvo_same_universe,CTSA3,5.932204599908246e-13
2025,mvo_same_universe,CTSA4,6.665957427506373e-13
2025,mvo_same_universe,CURY3,1.7309778933149811e-12
2025,mvo_same_universe,CVCB3,6.127660823269171e-13
2025,mvo_same_universe,CXSE3,2.964240136363215e-12
2025,mvo_same_universe,CYRE3,9.812164842484602e-13
2025,mvo_same_universe,DASA3,4.85299644202203e-13
2025,mvo_same_universe,DESK3,1.0727123111262082e-12
2025,mvo_same_universe,DEXP3,1.1978357738833022e-12
2025,mvo_same_universe,DIRR3,2.952334680932439e-12
2025,mvo_same_universe,DMVF3,1.8391974097154182e-12
2025,mvo_same_universe,DOHL4,1.3488182462550507e-12
2025,mvo_same_universe,DOTZ3,7.626998772136827e-13
2025,mvo_same_universe,DTCY3,3.0774556875722713e-12
2025,mvo_same_universe,DXCO3,1.0667420375655845e-12
2025,mvo_same_universe,EALT3,1.9775203035233434e-11
2025,mvo_same_universe,EALT4,2.150477173156622e-10
2025,mvo_same_universe,ECOR3,6.68380070362895e-13
2025,mvo_same_universe,EGIE3,1.4227727770226828e-12
2025,mvo_same_universe,EKTR3,0.009665460346291644
2025,mvo_same_universe,EKTR4,0.08744815952322883
2025,mvo_same_universe,EMAE4,1.4226542942698108e-12
2025,mvo_same_universe,ENEV3,1.248519941889907e-12
2025,mvo_same_universe,ENGI3,1.0729360373137254e-12
2025,mvo_same_universe,ENGI4,1.2075001568630373e-12
2025,mvo_same_universe,ENJU3,1.0523973820042259e-12
2025,mvo_same_universe,ENMT3,4.080298875447734e-12
2025,mvo_same_universe,ENMT4,5.1791419982705285e-12
2025,mvo_same_universe,EPAR3,8.900260650241308e-13
2025,mvo_same_universe,EQMA3B,1.8469619853235977e-12
2025,mvo_same_universe,EQPA3,1.4951379185427438e-12
2025,mvo_same_universe,EQPA5,2.015071167797065e-12
2025,mvo_same_universe,EQPA6,2.007623606115318e-12
2025,mvo_same_universe,EQPA7,2.588730789869295e-12
2025,mvo_same_universe,EQTL3,1.2483853820724102e-12
2025,mvo_same_universe,ESPA3,1.0060332111979532e-12
2025,mvo_same_universe,ESTR4,0.012572014833241737
2025,mvo_same_universe,ETER3,8.509372187822564e-13
2025,mvo_same_universe,EUCA3,2.5776507948889807e-12
2025,mvo_same_universe,EUCA4,1.329746667651355e-12
2025,mvo_same_universe,EVEN3,1.1911033588306758e-12
2025,mvo_same_universe,EZTC3,8.495345989001713e-13
2025,mvo_same_universe,FESA3,1.316031223409426e-12
2025,mvo_same_universe,FESA4,1.1092178875425414e-12
2025,mvo_same_universe,FHER3,0.0004001124627690706
2025,mvo_same_universe,FICT3,1.1146299767021062e-10
2025,mvo_same_universe,FIQE3,1.366940577724543e-12
2025,mvo_same_universe,FLRY3,1.088156568857053e-12
2025,mvo_same_universe,FRAS3,2.9928733137889726e-12
2025,mvo_same_universe,FRIO3,0.04566845496053116
2025,mvo_same_universe,GEPA3,6.92135090757173e-12
2025,mvo_same_universe,GEPA4,1.058438360574721e-11
2025,mvo_same_universe,GFSA3,4.934493220732138e-13
2025,mvo_same_universe,GGBR3,2.043189549383508e-12
2025,mvo_same_universe,GGBR4,2.0731884371682e-12
2025,mvo_same_universe,GGPS3,1.079483627958022e-12
2025,mvo_same_universe,GMAT3,1.3879537100928318e-12
2025,mvo_same_universe,GOAU3,2.145997851143444e-12
2025,mvo_same_universe,GOAU4,2.0450742108574858e-12
2025,mvo_same_universe,GRND3,1.2270376518075238e-12
2025,mvo_same_universe,GSHP3,7.450930552800775e-13
2025,mvo_same_universe,HAPV3,8.066809238687946e-13
2025,mvo_same_universe,HBOR3,6.452832851572627e-13
2025,mvo_same_universe,HBRE3,7.070271155561313e-13
2025,mvo_same_universe,HBSA3,1.216928271021349e-12
2025,mvo_same_universe,HOOT4,1.3107908646992957e-12
2025,mvo_same_universe,HYPE3,8.78193902857647e-13
2025,mvo_same_universe,IFCM3,3.2483619143215443e-13
2025,mvo_same_universe,IGTI3,1.1352051163748924e-12
2025,mvo_same_universe,IGTI4,1.0641237940806718e-12
2025,mvo_same_universe,INEP3,7.315557664428892e-13
2025,mvo_same_universe,INTB3,9.485721535954368e-13
2025,mvo_same_universe,IRBR3,1.946640736921087e-12
2025,mvo_same_universe,ISAE3,1.5851299873459995e-12
2025,mvo_same_universe,ISAE4,1.546916215184055e-12
2025,mvo_same_universe,ITSA3,1.6722166524120243e-12
2025,mvo_same_universe,ITSA4,1.6915860296863386e-12
2025,mvo_same_universe,ITUB3,1.8645910661144267e-12
2025,mvo_same_universe,ITUB4,1.7755892041646664e-12
2025,mvo_same_universe,JALL3,8.601878649614841e-13
2025,mvo_same_universe,JFEN3,3.922972175738121e-13
2025,mvo_same_universe,JHSF3,1.0477958726078665e-12
2025,mvo_same_universe,JOPA3,2.3334350005463998e-12
2025,mvo_same_universe,JSLG3,7.378754183771197e-13
2025,mvo_same_universe,KEPL3,1.3475057426303349e-12
2025,mvo_same_universe,KLBN3,5.455005269999012e-12
2025,mvo_same_universe,KLBN4,3.142007628285396e-12
2025,mvo_same_universe,LAND3,1.6952541911250359e-12
2025,mvo_same_universe,LAVV3,1.4752390425093573e-12
2025,mvo_same_universe,LEVE3,1.2972688466636879e-12
2025,mvo_same_universe,LIGT3,1.1580892771015557e-12
2025,mvo_same_universe,LJQQ3,6.012052409044965e-13
2025,mvo_same_universe,LOGG3,1.4165235692246518e-12
2025,mvo_same_universe,LOGN3,8.728989438545833e-13
2025,mvo_same_universe,LPSB3,8.564717185037146e-13
2025,mvo_same_universe,LREN3,1.0244084659819245e-12
2025,mvo_same_universe,LUPA3,8.365803162001107e-13
2025,mvo_same_universe,LUXM4,1.2422281411635734e-12
2025,mvo_same_universe,LWSA3,7.904958542134869e-13
2025,mvo_same_universe,MATD3,7.374682070005311e-13
2025,mvo_same_universe,MDIA3,9.073909582889503e-13
2025,mvo_same_universe,MDNE3,1.1059363041167676e-12
2025,mvo_same_universe,MEAL3,7.754236266995263e-13
2025,mvo_same_universe,MELK3,1.2251733545859669e-12
2025,mvo_same_universe,MGEL4,1.1495692231743791e-12
2025,mvo_same_universe,MGLU3,5.417597188707039e-13
2025,mvo_same_universe,MILS3,9.621209532784852e-13
2025,mvo_same_universe,MLAS3,7.448573206528374e-13
2025,mvo_same_universe,MNDL3,0.027247148370915696
2025,mvo_same_universe,MNPR3,2.1787300849571406e-12
2025,mvo_same_universe,MOVI3,5.308033259115096e-13
2025,mvo_same_universe,MRSA3B,8.81798543739689e-12
2025,mvo_same_universe,MRVE3,7.226208992772433e-13
2025,mvo_same_universe,MTRE3,7.464212456656678e-13
2025,mvo_same_universe,MULT3,1.14599604060538e-12
2025,mvo_same_universe,MWET4,0.07643598371064483
2025,mvo_same_universe,MYPK3,1.538853437447515e-12
2025,mvo_same_universe,NEXP3,1.3712990247519737e-12
2025,mvo_same_universe,NORD3,0.032371429173653994
2025,mvo_same_universe,NUTR3,3.572464190188134e-11
2025,mvo_same_universe,OFSA3,1.2505065443505559e-12
2025,mvo_same_universe,OIBR3,8.077624242355405e-13
2025,mvo_same_universe,OIBR4,0.0020724537899143095
2025,mvo_same_universe,ONCO3,4.933980106901992e-13
2025,mvo_same_universe,OPCT3,1.317165662339902e-12
2025,mvo_same_universe,ORVR3,1.592533106357776e-12
2025,mvo_same_universe,OSXB3,1.811985398986417e-12
2025,mvo_same_universe,PCAR3,1.1861274826658897e-12
2025,mvo_same_universe,PDGR3,7.27586823847752e-13
2025,mvo_same_universe,PDTC3,6.498758525714847e-13
2025,mvo_same_universe,PEAB3,1.9509800330463598e-11
2025,mvo_same_universe,PEAB4,8.779270985003691e-11
2025,mvo_same_universe,PETR3,3.2067303084912297e-12
2025,mvo_same_universe,PETR4,3.194748427304486e-12
2025,mvo_same_universe,PFRM3,2.892461667697249e-12
2025,mvo_same_universe,PGMN3,1.2601573660814966e-12
2025,mvo_same_universe,PINE3,5.65739249604525e-12
2025,mvo_same_universe,PINE4,2.7907639866555427e-12
2025,mvo_same_universe,PLAS3,1.4034645474752383e-12
2025,mvo_same_universe,PLPL3,1.2929445107228066e-12
2025,mvo_same_universe,PNVL3,9.887342347250516e-13
2025,mvo_same_universe,POMO3,2.605039377130809e-12
2025,mvo_same_universe,POMO4,2.97392373529689e-12
2025,mvo_same_universe,POSI3,1.2124420396207134e-12
2025,mvo_same_universe,PRIO3,1.5685042569245798e-12
2025,mvo_same_universe,PRNR3,1.7260773043108105e-12
2025,mvo_same_universe,PSSA3,3.5083479062597265e-12
2025,mvo_same_universe,PTBL3,7.225457260116586e-13
2025,mvo_same_universe,QUAL3,7.202452623246923e-13
2025,mvo_same_universe,RADL3,1.3160403278323259e-12
2025,mvo_same_universe,RAIL3,1.2014878582885338e-12
2025,mvo_same_universe,RAIZ4,8.307806639111223e-13
2025,mvo_same_universe,RANI3,1.1100353749858036e-12
2025,mvo_same_universe,RAPT3,1.0221795792179807e-12
2025,mvo_same_universe,RAPT4,1.1743074078213776e-12
2025,mvo_same_universe,RCSL3,3.3489100110708727e-12
2025,mvo_same_universe,RCSL4,8.955881376314859e-13
2025,mvo_same_universe,RDOR3,1.572760129090541e-12
2025,mvo_same_universe,RECV3,1.264616742673697e-12
2025,mvo_same_universe,REDE3,2.4345006165315577e-12
2025,mvo_same_universe,RENT3,7.723294751814196e-13
2025,mvo_same_universe,RNEW3,1.2820620060761598e-12
2025,mvo_same_universe,RNEW4,1.3121856521999608e-12
2025,mvo_same_universe,ROMI3,1.0614677524441517e-12
2025,mvo_same_universe,RPAD3,1.5966041141338504e-12
2025,mvo_same_universe,RPAD5,7.168316467171108e-12
2025,mvo_same_universe,RPAD6,1.6732137830247704e-12
2025,mvo_same_universe,RPMG3,4.490436535402025e-12
2025,mvo_same_universe,RSID3,1.444931564422525e-12
2025,mvo_same_universe,RSUL4,1.1926241010312597e-12
2025,mvo_same_universe,SANB3,1.3837981165000572e-12
2025,mvo_same_universe,SANB4,1.366204165228111e-12
2025,mvo_same_universe,SAPR3,1.9243346921857633e-12
2025,mvo_same_universe,SAPR4,1.7684617762622644e-12
2025,mvo_same_universe,SBFG3,1.1882180930558835e-12
2025,mvo_same_universe,SBSP3,2.6811608046429e-12
2025,mvo_same_universe,SCAR3,1.4016732953379833e-12
2025,mvo_same_universe,SEER3,8.803968991380791e-13
2025,mvo_same_universe,SEQL3,1.1415548370951606e-12
2025,mvo_same_universe,SHOW3,5.895297204233082e-13
2025,mvo_same_universe,SHUL4,1.3803282300349186e-12
2025,mvo_same_universe,SIMH3,5.701733631410679e-13
2025,mvo_same_universe,SLCE3,1.7110447430163411e-12
2025,mvo_same_universe,SMFT3,9.89531351897054e-13
2025,mvo_same_universe,SMTO3,1.3748556201349715e-12
2025,mvo_same_universe,SNSY3,0.0344875679018806
2025,mvo_same_universe,SNSY5,1.6710311071905232e-12
2025,mvo_same_universe,SOJA3,9.69125864604279e-13
2025,mvo_same_universe,SOND5,1.4448321035247794e-12
2025,mvo_same_universe,SUZB3,3.3809829591407098e-12
2025,mvo_same_universe,SYNE3,0.010640616502499492
2025,mvo_same_universe,TAEE3,1.707692493620721e-12
2025,mvo_same_universe,TAEE4,1.673045220687109e-12
2025,mvo_same_universe,TASA3,9.147983810819664e-13
2025,mvo_same_universe,TASA4,8.62780435628882e-13
2025,mvo_same_universe,TCSA3,5.854739358673126e-13
2025,mvo_same_universe,TECN3,0.12617690133104445
2025,mvo_same_universe,TEKA3,0.043966326636666775
2025,mvo_same_universe,TEKA4,0.05895643571475678
2025,mvo_same_universe,TELB3,1.356790558539201e-12
2025,mvo_same_universe,TELB4,9.735157020802795e-13
2025,mvo_same_universe,TEND3,1.1429959918752044e-12
2025,mvo_same_universe,TFCO4,9.293146982111071e-13
2025,mvo_same_universe,TGMA3,2.003446978539646e-12
2025,mvo_same_universe,TOTS3,1.2587963362223117e-12
2025,mvo_same_universe,TPIS3,3.181232897258709e-12
2025,mvo_same_universe,TRIS3,1.133044834621126e-12
2025,mvo_same_universe,TTEN3,2.4460293197007028e-12
2025,mvo_same_universe,TXRX4,1.4301058180351516e-12
2025,mvo_same_universe,UCAS3,1.190331834574785e-12
2025,mvo_same_universe,UGPA3,9.69261887019633e-13
2025,mvo_same_universe,UNIP3,1.238313527336233e-12
2025,mvo_same_universe,UNIP5,1.415386977072678e-12
2025,mvo_same_universe,UNIP6,1.0853710895831947e-12
2025,mvo_same_universe,USIM3,9.845472543097099e-13
2025,mvo_same_universe,USIM5,1.0245284032472297e-12
2025,mvo_same_universe,USIM6,2.2292056238234796e-12
2025,mvo_same_universe,VALE3,1.3194736411907972e-12
2025,mvo_same_universe,VAMO3,7.660761537266223e-13
2025,mvo_same_universe,VBBR3,1.3850147837030836e-12
2025,mvo_same_universe,VITT3,9.294589954542388e-13
2025,mvo_same_universe,VIVA3,8.59310717765999e-13
2025,mvo_same_universe,VIVR3,5.477357218555307e-13
2025,mvo_same_universe,VIVT3,1.654277814998368e-12
2025,mvo_same_universe,VLID3,2.5332505438875996e-12
2025,mvo_same_universe,VSTE3,7.819733918771296e-13
2025,mvo_same_universe,VULC3,1.4135537321740638e-12
2025,mvo_same_universe,VVEO3,4.109796518991229e-13
2025,mvo_same_universe,WEGE3,9.504879283703663e-12
2025,mvo_same_universe,WEST3,6.629264090235791e-13
2025,mvo_same_universe,WHRL3,1.978106367356428e-12
2025,mvo_same_universe,WHRL4,2.0374684512296873e-12
2025,mvo_same_universe,WIZC3,1.1584116419252814e-12
2025,mvo_same_universe,YDUQ3,6.55309071776131e-13
