date,decision_year,strategy,mvo,cdi,equity_sleeve,IBOVESPA,BOVA11
2015-01-05,2015,98.759939,98.822538,100.043455,98.415959,97.948961,98.011006
2015-01-06,2015,98.445689,98.905421,100.086929,97.982467,98.946652,98.561158
2015-01-07,2015,100.022871,100.528579,100.130422,100.070879,101.96034,101.883206
2015-01-08,2015,100.941085,99.715933,100.173933,101.280661,102.949786,102.644943
2015-01-09,2015,99.133882,98.348553,100.217464,98.856546,100.676121,100.571309
2015-01-12,2015,97.164313,100.430495,100.261013,96.215938,99.233179,99.090147
2015-01-13,2015,96.642849,98.98349,100.304582,95.50613,99.031168,98.688111
2015-01-14,2015,97.202685,97.689551,100.348169,96.238049,98.214875,98.349558
2015-01-15,2015,97.279607,98.040755,100.391775,96.326076,98.998186,99.449855
2015-01-16,2015,99.343002,100.035423,100.435401,99.062727,101.04098,100.719425
2015-01-19,2015,96.692459,98.637017,100.479045,95.514122,98.445745,97.98985
2015-01-20,2015,97.32527,98.623516,100.522708,96.343316,98.691046,98.434198
2015-01-21,2015,98.954914,99.26261,100.56639,98.501613,101.467678,101.163781
2015-01-22,2015,99.932388,99.247431,100.611948,99.789726,101.919113,101.819722
2015-01-23,2015,98.98692,99.421368,100.65749,98.513922,100.542134,100.08464
2015-01-26,2015,98.485609,99.718698,100.703052,97.830319,100.133987,99.851884
2015-01-27,2015,98.15826,99.31683,100.748636,97.378659,100.162846,100.16928
2015-01-28,2015,97.90781,99.645715,100.79424,97.029525,98.315881,98.03217
2015-01-29,2015,98.976188,100.22279,100.839864,98.438821,98.453991,98.137966
2015-01-30,2015,97.665264,100.211816,100.885509,96.675707,96.693602,96.50868
2015-02-02,2015,99.164306,100.737382,100.931175,98.659208,98.225181,97.90521
2015-02-03,2015,100.24898,102.325576,100.976898,100.090199,100.931728,100.804065
2015-02-04,2015,101.45776,100.706543,101.022641,101.686658,101.626402,101.079141
2015-02-05,2015,100.790215,100.638352,101.068406,100.781342,101.488292,101.311898
2015-02-06,2015,100.205762,100.880363,101.114191,99.98681,100.577177,100.08464
2015-02-09,2015,100.426271,102.25234,101.159996,100.265554,101.795432,101.39653
2015-02-10,2015,99.597385,102.119495,101.205823,99.145097,99.995877,99.788408
2015-02-11,2015,98.413589,101.517879,101.25167,97.55142,99.439314,99.344059
2015-02-12,2015,99.839794,103.008729,101.297538,99.437737,102.104634,101.840886
2015-02-13,2015,100.944152,102.866418,101.343427,100.894918,104.378298,104.506985
2015-02-18,2015,102.280935,105.012437,101.389337,102.661993,105.705805,105.607282
2015-02-19,2015,102.237124,106.076719,101.435267,102.588268,105.734664,105.374526
2015-02-20,2015,102.412652,106.170608,101.481218,102.806988,105.619228,105.459166
2015-02-23,2015,102.969688,106.54808,101.52719,103.534379,105.707866,105.374526
2015-02-24,2015,103.400235,106.14341,101.573183,104.093111,106.930244,106.665259
2015-02-25,2015,103.919293,106.902343,101.619197,104.76985,106.800379,106.559463
2015-02-26,2015,104.656329,107.491538,101.665231,105.737219,106.697312,106.453667
2015-02-27,2015,104.605907,105.966888,101.711287,105.654638,106.330392,105.818875
2015-03-02,2015,103.282889,105.444782,101.757363,103.875256,105.171916,104.930178
2015-03-03,2015,103.062515,105.873467,101.80346,103.566058,105.755277,105.43801
2015-03-04,2015,102.019473,105.106052,101.849578,102.159963,104.031992,103.82988
2015-03-05,2015,101.986806,104.836232,101.897552,102.100415,103.819673,103.575968
2015-03-06,2015,101.352295,104.324377,101.945549,101.238402,103.028117,102.729583
2015-03-09,2015,99.332786,104.005346,101.993568,98.529716,101.37904,101.036821
2015-03-10,2015,98.868812,102.665882,102.04161,97.895071,99.548565,99.344059
2015-03-11,2015,100.715428,103.781184,102.089675,100.341204,100.81217,100.550153
2015-03-12,2015,100.86647,103.8628,102.137762,100.526564,100.758575,100.402036
2015-03-13,2015,99.985654,102.860004,102.185872,99.336106,100.173153,99.894204
2015-03-16,2015,100.11982,102.304245,102.234005,99.49895,100.692612,100.25392
2015-03-17,2015,101.566508,102.325932,102.28216,101.411816,103.654766,103.512484
2015-03-18,2015,103.939514,103.837741,102.330338,104.559764,106.212896,106.009311
2015-03-19,2015,102.804602,105.079122,102.378539,103.030481,105.033806,104.845537
2015-03-20,2015,103.895422,104.871955,102.426762,104.468833,107.121949,106.474823
2015-03-23,2015,104.407163,103.536454,102.475044,105.135061,107.00033,106.70758
2015-03-24,2015,103.990288,103.84444,102.523349,104.563126,106.171669,105.882359
2015-03-25,2015,104.504321,105.58341,102.571676,105.232394,106.897263,106.411347
2015-03-26,2015,102.514679,105.08007,102.620026,102.563422,104.262863,103.91452
2015-03-27,2015,102.067297,105.759008,102.668399,101.950788,103.26311,102.962339
2015-03-30,2015,103.359464,107.420943,102.716759,103.657557,105.629535,105.416846
2015-03-31,2015,103.344763,107.868837,102.765142,103.621828,105.43783,104.739741
2015-04-01,2015,106.152509,107.327938,102.813547,107.349354,107.853727,107.49048
2015-04-02,2015,106.976433,110.333039,102.861976,108.431777,109.504865,108.97165
2015-04-06,2015,108.398437,111.06994,102.910427,110.311632,110.770531,110.241219
2015-04-07,2015,107.867221,111.062172,102.958901,109.587186,110.75404,110.45282
2015-04-08,2015,107.463979,111.76204,103.007397,109.033365,110.613869,110.49514
2015-04-09,2015,107.168757,111.260187,103.055917,108.623562,110.90658,110.600936
2015-04-10,2015,107.977582,111.337316,103.104459,109.685815,111.753793,111.405001
2015-04-13,2015,105.712635,111.578154,103.153025,106.649697,111.807388,111.320361
2015-04-14,2015,104.553288,114.268204,103.201613,105.087704,111.275561,111.151081
2015-04-15,2015,105.495513,113.314415,103.250224,106.327801,113.207042,112.67457
2015-04-16,2015,105.702838,113.153445,103.298858,106.588023,112.702012,112.209058
2015-04-17,2015,105.110957,112.224652,103.347515,105.782629,111.219904,110.981808
2015-04-20,2015,104.525148,112.61975,103.396195,104.985325,110.820003,110.53746
2015-04-22,2015,105.256997,112.459983,103.444897,105.944888,112.584515,112.209058
2015-04-23,2015,106.794008,112.77135,103.493623,107.977995,114.786032,114.346176
2015-04-24,2015,108.085826,113.566529,103.542372,109.684169,116.659796,116.33517
2015-04-27,2015,107.127988,113.107248,103.591179,108.390783,114.47683,114.176896
2015-04-28,2015,107.694539,111.708523,103.640046,109.129894,115.047823,114.684728
2015-04-29,2015,108.02027,113.921591,103.688937,109.547906,114.043948,113.584431
2015-04-30,2015,107.624898,117.213775,103.739637,109.003843,115.907404,115.573425
2015-05-04,2015,108.682298,118.323875,103.790363,110.396801,118.226418,118.133736
2015-05-05,2015,109.717659,118.55936,103.841186,111.760341,119.665237,119.382142
2015-05-06,2015,109.963301,119.65148,103.892034,112.070915,117.70902,117.287351
2015-05-07,2015,109.94685,120.496289,103.942907,112.032023,117.333856,117.054595
2015-05-08,2015,107.313564,122.491431,103.993804,108.504008,117.803842,117.435468
2015-05-11,2015,107.240871,123.491778,104.044727,108.39011,117.902787,117.477788
2015-05-12,2015,106.424843,121.345392,104.095675,107.285091,117.067942,116.758363
2015-05-13,2015,104.90341,121.546926,104.146647,105.239522,116.202177,115.890822
2015-05-14,2015,105.72095,122.655581,104.197645,106.312577,116.78966,116.525607
2015-05-15,2015,106.774896,125.330885,104.248667,107.70083,118.009977,117.625904
2015-05-18,2015,105.559342,125.440741,104.299714,106.063076,115.855871,115.298357
2015-05-19,2015,105.256269,123.706808,104.350787,105.641955,114.402622,114.11342
2015-05-20,2015,104.311933,124.062237,104.401884,104.365807,113.169937,112.865006
2015-05-21,2015,103.643313,125.398089,104.453007,103.457274,113.604881,113.309355
2015-05-22,2015,102.459993,124.182788,104.504154,101.862465,112.089792,111.997465
2015-05-25,2015,103.212952,126.22555,104.555327,102.849351,112.568024,112.145582
2015-05-26,2015,101.894071,123.89171,104.606525,101.073778,110.549967,110.53746
2015-05-27,2015,103.039394,123.447338,104.657747,102.583801,111.799142,111.405001
2015-05-28,2015,102.231834,122.73739,104.708995,101.489972,111.263193,110.854848
2015-05-29,2015,100.324561,120.663595,104.760268,98.92985,108.756596,108.654254
2015-06-01,2015,101.206562,121.910962,104.811566,100.088752,109.315221,108.88701
2015-06-02,2015,102.393884,122.547133,104.862889,101.65474,111.799142,111.341517
2015-06-03,2015,101.111559,122.899722,104.914237,99.927857,110.329403,110.114267
2015-06-05,2015,99.920476,123.642671,104.967484,98.321998,109.195663,108.696574
2015-06-08,2015,99.537326,123.457144,105.020758,97.793374,108.859664,108.442661
2015-06-09,2015,99.165987,123.030119,105.074059,97.280487,108.872032,108.654254
2015-06-10,2015,100.696349,122.548455,105.127388,99.303195,111.057058,110.770208
2015-06-11,2015,99.393857,122.756884,105.180743,97.548753,110.671586,110.198907
2015-06-12,2015,98.776041,123.709107,105.234125,96.707204,109.968668,109.458319
2015-06-15,2015,98.642744,124.775885,105.287535,96.511671,109.535785,109.246726
2015-06-16,2015,99.29158,125.348275,105.340971,97.358974,110.698384,110.4105
2015-06-17,2015,98.927392,125.286066,105.394435,96.855569,109.764594,109.267882
2015-06-18,2015,100.770137,126.062387,105.447926,99.294732,111.805327,111.320361
2015-06-19,2015,99.639226,125.752277,105.501444,97.769011,110.795267,110.49514
2015-06-22,2015,100.486891,128.20986,105.554989,98.881383,111.032322,110.664412
2015-06-23,2015,100.128154,128.775098,105.608561,98.38521,110.842678,110.579772
2015-06-24,2015,98.700437,128.239471,105.662161,96.46372,110.989034,110.558616
2015-06-25,2015,97.399618,128.420512,105.715788,94.71142,109.614116,109.310202
2015-06-26,2015,98.903402,129.964865,105.769442,96.69858,111.347708,110.833692
2015-06-29,2015,98.098166,126.356749,105.823123,95.607038,109.280178,108.992806
2015-06-30,2015,98.880397,130.221397,105.876831,96.632111,109.418288,108.88701
2015-07-01,2015,98.739599,131.745187,105.930567,96.426467,108.752474,108.421505
2015-07-02,2015,99.911681,134.263679,105.98433,97.971323,109.469822,109.01397
2015-07-03,2015,99.040594,135.679481,106.03812,96.791944,108.259812,107.680917
2015-07-06,2015,98.393935,135.12728,106.091938,95.911792,107.497114,107.173092
2015-07-07,2015,98.02561,138.361184,106.145782,95.402744,107.899077,107.342364
2015-07-08,2015,97.463288,134.755597,106.199655,94.635024,106.7406,106.263231
2015-07-10,2015,99.067452,133.505452,106.307481,96.737967,108.408229,107.913673
2015-07-13,2015,98.992118,134.325575,106.361435,96.619537,109.496619,108.97165
2015-07-14,2015,99.474413,134.931508,106.415417,97.244603,109.743981,109.394843
2015-07-15,2015,98.95199,136.349979,106.469426,96.530036,109.049307,108.675418
2015-07-16,2015,98.903152,136.10967,106.523462,96.446907,109.395613,109.01397
2015-07-17,2015,97.801703,134.402243,106.577526,94.960287,107.894954,107.40584
2015-07-20,2015,97.788102,134.2419,106.631617,94.924122,106.365435,106.030475
2015-07-21,2015,96.97746,137.203991,106.685736,93.825226,106.105706,105.649602
2015-07-22,2015,96.12891,137.300907,106.739882,92.675778,104.955475,104.443509
2015-07-23,2015,93.500544,133.223696,106.794056,89.153232,102.669443,102.073642
2015-07-24,2015,92.33975,133.731402,106.848257,87.587438,101.513028,101.100297
2015-07-27,2015,92.328399,132.052661,106.902486,87.554228,100.461741,100.190436
2015-07-28,2015,93.189449,131.59559,106.956742,88.68421,102.246867,101.946682
2015-07-29,2015,93.847277,133.069065,107.011026,89.543218,103.572312,103.13162
2015-07-30,2015,93.338379,133.051236,107.067165,88.845974,102.854964,102.475671
2015-07-31,2015,94.588136,136.141216,107.123333,90.493595,104.850346,104.464665
2015-08-03,2015,94.214438,134.135389,107.179531,89.976599,103.351748,103.025815
2015-08-04,2015,93.297621,134.322726,107.235759,88.735433,103.18684,102.814223
2015-08-05,2015,93.38884,134.580809,107.292016,88.838306,103.658889,103.216252
2015-08-06,2015,92.003218,133.079225,107.348302,86.972048,103.089957,102.708427
2015-08-07,2015,90.685122,131.974597,107.404618,85.195815,100.133987,99.555652
2015-08-10,2015,91.634441,134.554571,107.460964,86.442792,101.733592,101.311898
2015-08-11,2015,91.374192,133.526879,107.517339,86.077001,101.154354,101.883206
2015-08-12,2015,91.368381,130.489867,107.573744,86.050452,99.744393,99.322895
2015-08-13,2015,90.785289,131.077457,107.630178,85.254185,98.965204,98.413034
2015-08-14,2015,90.483483,129.707916,107.686642,84.832954,97.930409,97.545493
2015-08-17,2015,91.490439,129.75745,107.743135,86.156732,97.330557,97.058825
2015-08-18,2015,91.792127,129.943162,107.799658,86.540141,97.812912,97.418541
2015-08-19,2015,90.632886,126.405847,107.856211,84.975635,96.033971,95.535343
2015-08-20,2015,90.793101,124.665166,107.912794,85.170395,96.159713,95.577655
2015-08-21,2015,90.128562,123.35017,107.969406,84.265472,94.244723,93.736777
2015-08-24,2015,88.397079,120.967005,108.026048,81.937947,91.391821,90.774446
2015-08-25,2015,88.476469,118.29343,108.082719,82.02491,91.822642,91.112998
2015-08-26,2015,90.215908,126.056661,108.13942,84.325262,94.900231,94.498522
2015-08-27,2015,91.723814,125.577247,108.196151,86.316893,98.357108,97.968686
2015-08-28,2015,90.323809,127.331457,108.252912,84.431299,97.200693,96.910709
2015-08-31,2015,88.642518,126.523037,108.309703,82.170647,96.112302,95.937371
2015-09-01,2015,87.578984,124.358681,108.366523,80.733663,93.743816,93.461701
2015-09-02,2015,88.321336,124.453022,108.423373,81.704515,95.778364,95.408383
2015-09-03,2015,89.708545,127.328753,108.480253,83.535167,97.637698,96.953029
2015-09-04,2015,88.023469,125.558133,108.537163,81.26943,95.84845,95.429539
2015-09-08,2015,87.455943,125.533723,108.594103,80.493748,96.392645,95.937371
2015-09-09,2015,87.599345,124.738974,108.651072,80.66596,96.176204,96.699116
2015-09-10,2015,86.412143,126.355527,108.708072,79.064025,95.860818,95.493023
2015-09-11,2015,86.533826,126.345325,108.765101,79.207258,95.648499,94.964034
2015-09-14,2015,87.994079,128.299978,108.82216,81.135244,97.464545,97.545493
2015-09-15,2015,88.476857,130.736073,108.87925,81.759917,97.633575,97.122309
2015-09-16,2015,90.144162,133.155943,108.936369,83.963951,100.084515,99.640292
2015-09-17,2015,90.386049,132.24717,108.993518,84.267418,100.080392,99.703768
2015-09-18,2015,88.324342,129.29324,109.050697,81.499415,97.427441,96.889553
2015-09-21,2015,87.929533,127.252884,109.107906,80.953933,96.038094,95.662295
2015-09-22,2015,88.103543,127.987642,109.165145,81.166867,95.368156,95.090987
2015-09-23,2015,87.266232,126.964943,109.222414,80.031363,93.461412,92.869236
2015-09-24,2015,87.237343,126.956531,109.279713,79.973744,93.362467,93.101992
2015-09-25,2015,86.876638,125.270798,109.337043,79.473694,92.412187,92.80576
2015-09-28,2015,85.912187,124.637977,109.394402,78.16864,90.610571,90.457049
2015-09-29,2015,86.536918,124.324612,109.451791,78.982485,90.971306,90.880242
2015-09-30,2015,87.572491,125.554886,109.509211,80.34411,92.882173,91.895899
2015-10-01,2015,87.891963,126.830528,109.56666,80.750921,93.405755,93.165468
2015-10-02,2015,90.382344,129.757979,109.62414,84.052271,96.95127,96.191284
2015-10-05,2015,91.207583,128.93698,109.68165,85.133419,98.11593,97.608977
2015-10-06,2015,92.214103,129.010288,109.73919,86.456265,98.398334,97.735929
2015-10-07,2015,93.229411,131.792689,109.79676,87.79082,100.828661,100.507833
2015-10-08,2015,93.28705,132.032164,109.854361,87.848471,101.226501,100.698269
2015-10-09,2015,93.533525,130.54275,109.911992,88.157895,101.702672,101.121461
2015-10-13,2015,91.243908,129.127746,109.969653,85.085851,97.631514,97.185785
2015-10-14,2015,90.329739,127.075416,110.027344,83.847729,96.285455,95.852731
2015-10-15,2015,90.527201,128.102786,110.085065,84.091772,97.215122,96.889553
2015-10-16,2015,90.245606,129.162811,110.142817,83.697061,97.369723,97.016505
2015-10-19,2015,91.118157,129.046865,110.200599,84.841201,97.804667,97.333901
2015-10-20,2015,90.793706,130.647719,110.258411,84.389329,97.041969,96.38172
2015-10-21,2015,90.597673,130.77712,110.316254,84.108671,96.93684,96.402884
2015-10-22,2015,91.755044,134.358922,110.374166,85.632529,98.474604,97.968686
2015-10-23,2015,90.990725,133.055351,110.432108,84.594122,98.113869,97.249261
2015-10-26,2015,90.857012,131.62941,110.49008,84.396513,97.314067,96.868389
2015-10-27,2015,90.812646,131.774279,110.548083,84.318025,96.971883,96.38172
2015-10-28,2015,89.886582,131.779815,110.606116,83.063928,96.349357,97.460861
2015-10-29,2015,88.883607,126.351581,110.66418,81.707274,94.055079,93.482865
2015-10-30,2015,89.065635,125.373376,110.722274,81.930614,94.551863,93.948377
2015-11-03,2015,92.434715,127.966849,110.780399,86.403345,99.055904,98.666955
2015-11-04,2015,92.480455,128.073044,110.838554,86.444947,98.346801,97.714773
2015-11-05,2015,93.393807,129.667756,110.89674,87.643354,99.041474,98.286082
2015-11-06,2015,91.839343,128.542533,110.954956,85.55133,96.716276,96.3394
2015-11-09,2015,90.682262,126.335621,111.013203,83.98914,95.223862,94.710114
2015-11-10,2015,90.8317,124.679814,111.071481,84.168964,95.190881,95.069831
2015-11-11,2015,92.235299,126.90554,111.129789,86.020994,97.017233,96.868389
2015-11-12,2015,92.056432,126.406601,111.188128,85.763058,96.644129,95.916215
2015-11-13,2015,91.055256,127.913981,111.246497,84.4087,95.887615,95.683459
2015-11-16,2015,91.484029,128.755678,111.304897,84.960931,96.567859,96.148964
2015-11-17,2015,92.149038,130.58646,111.363328,85.828133,97.394459,97.101145
2015-11-18,2015,92.122855,129.737069,111.421789,85.773735,97.781992,97.503181
2015-11-19,2015,93.398941,130.315257,111.480281,87.455686,99.231118,98.815071
2015-11-23,2015,93.221796,130.609399,111.597357,87.180468,99.253793,98.307238
2015-11-24,2015,93.221732,131.391146,111.655941,87.160854,99.530013,99.005507
2015-11-25,2015,90.979608,131.104357,111.714556,84.151817,96.609086,96.085488
2015-11-26,2015,91.821713,131.124408,111.773202,85.255075,97.184202,96.59332
2015-11-27,2015,90.128491,126.978603,111.831878,82.977887,94.560109,94.350406
2015-11-30,2015,88.874384,125.599612,111.890585,81.286175,93.007916,92.467208
2015-12-01,2015,88.673859,127.267893,111.949323,80.999229,92.857437,92.107491
2015-12-02,2015,88.493357,125.837906,112.008092,80.73897,92.58534,91.959375
2015-12-03,2015,90.731967,126.495917,112.066892,83.704184,95.632009,95.154471
2015-12-04,2015,90.022159,124.679687,112.125723,82.738163,93.5047,93.313585
2015-12-07,2015,89.874722,126.735388,112.184584,82.52196,93.220234,92.996196
2015-12-08,2015,89.155166,124.696343,112.243477,81.54292,91.612385,91.091834
2015-12-09,2015,92.25236,127.968025,112.3024,85.652872,95.044525,94.477366
2015-12-10,2015,91.526336,125.923403,112.361354,84.665188,94.061263,93.779097
2015-12-11,2015,91.356208,125.577571,112.42034,84.418689,93.302688,92.932712
2015-12-14,2015,89.690172,123.763011,112.479356,82.177636,92.239034,91.895899
2015-12-15,2015,90.311003,121.669692,112.538403,82.985728,92.496702,92.044015
2015-12-16,2015,90.63493,121.048235,112.597481,83.397938,92.793536,92.551848
2015-12-17,2015,91.404056,123.405413,112.65659,84.403735,93.298565,92.551848
2015-12-18,2015,88.510896,118.4348,112.71573,80.526476,90.515749,90.097341
2015-12-21,2015,88.085274,117.927966,112.774902,79.939257,89.050132,88.764287
2015-12-22,2015,87.353994,118.135166,112.834104,78.944482,89.606695,89.356752
2015-12-23,2015,87.739589,119.962563,112.893337,79.438864,90.730129,90.457049
2015-12-28,2015,87.644438,120.523162,113.011897,79.272477,90.212731,89.928061
2015-12-29,2015,87.461389,119.558446,113.071224,79.008636,89.985983,89.758781
2015-12-30,2015,87.070167,118.87122,113.130582,78.46722,89.359334,89.14516
2016-01-05,2016,86.681663,121.428327,113.189971,78.098315,89.948829,89.318683
2016-01-06,2016,85.617914,121.890728,113.249391,76.806383,88.578996,87.843774
2016-01-07,2016,83.479666,121.262186,113.308843,74.223333,86.293114,85.609725
2016-01-08,2016,83.010774,121.594267,113.368325,73.646163,86.117113,85.327755
2016-01-11,2016,82.335409,121.566791,113.427839,72.820889,84.713353,83.982989
2016-01-12,2016,83.174945,122.168403,113.487384,73.815903,83.788821,83.245534
2016-01-13,2016,81.480302,121.815928,113.54696,71.765857,82.580145,81.879073
2016-01-14,2016,81.467057,121.92913,113.606568,71.73616,83.759135,83.006945
2016-01-15,2016,80.073609,121.7935,113.666207,70.048014,81.784964,81.293447
2016-01-18,2016,79.62231,120.773114,113.725877,69.49194,80.444817,79.710091
2016-01-19,2016,79.519638,121.198799,113.785579,69.354768,80.699276,79.926986
2016-01-20,2016,77.972793,120.033594,113.845312,67.482278,79.825636,79.167846
2016-01-21,2016,77.286351,121.033027,113.905036,66.643645,79.978311,79.384741
2016-01-22,2016,78.260948,122.579166,113.964792,67.800899,80.644143,79.948681
2016-01-26,2016,77.184293,122.224181,114.084397,66.479545,79.511804,79.059398
2016-01-27,2016,79.76235,123.250276,114.144247,69.563485,81.37571,81.293447
2016-01-28,2016,80.798629,124.116312,114.204128,70.794826,81.914313,81.119933
2016-01-29,2016,84.92814,127.20222,114.264041,75.742968,85.680294,85.002405
2016-02-01,2016,87.992954,128.096287,114.323985,79.41177,86.028053,85.240994
2016-02-02,2016,83.589381,127.523102,114.38396,74.106598,81.842217,81.380208
2016-02-03,2016,84.709735,128.876472,114.443967,75.438936,83.947858,83.288915
2016-02-04,2016,85.544939,129.442744,114.504006,76.428631,86.562415,85.935068
2016-02-05,2016,85.647787,128.871873,114.564076,76.538324,86.074704,85.349441
2016-02-10,2016,85.79352,129.623616,114.624177,76.699541,85.618799,84.937338
2016-02-11,2016,83.417897,128.508219,114.68431,73.831104,83.373206,82.855117
2016-02-12,2016,84.352944,128.166131,114.744475,74.94074,84.412244,84.004675
2016-02-15,2016,84.33501,128.33454,114.804671,74.905274,85.016582,84.698748
2016-02-16,2016,87.149295,129.63355,114.864899,78.272976,86.829596,86.195351
2016-02-17,2016,87.558615,130.133574,114.925158,78.750881,88.277887,87.409976
2016-02-18,2016,87.899462,130.899291,114.985449,79.146501,87.953453,87.193081
2016-02-19,2016,87.332339,131.825376,115.045771,78.451103,88.091284,87.301529
2016-02-22,2016,89.380846,132.337705,115.106125,80.898623,91.679144,91.010486
2016-02-23,2016,87.415154,131.6559,115.166511,78.522699,90.165118,89.600653
2016-02-24,2016,87.141812,131.607423,115.226929,78.180283,89.240587,88.66799
2016-02-25,2016,88.765397,131.522447,115.287378,80.117198,88.822851,88.060669
2016-02-26,2016,86.822245,131.80486,115.347859,77.768335,88.197309,87.301529
2016-02-29,2016,88.925656,133.122561,115.408372,80.28179,90.74401,89.904309
2016-03-01,2016,91.50386,133.621988,115.468916,83.365746,93.560014,92.723984
2016-03-02,2016,92.937864,134.2342,115.529492,85.07483,95.194907,94.35072
2016-03-03,2016,97.206619,134.525123,115.5901,90.190127,100.072021,99.122483
2016-03-04,2016,99.162454,134.535696,115.65074,92.526226,104.083978,99.122483
2016-03-07,2016,98.446589,134.68336,115.711411,91.65202,104.425376,103.612275
2016-03-08,2016,99.913269,135.482484,115.772115,93.400339,104.120026,103.460447
2016-03-09,2016,100.765635,135.434079,115.83285,94.410494,103.193374,102.484403
2016-03-10,2016,102.638961,136.992237,115.893617,96.647421,105.114533,105.412526
2016-03-11,2016,103.994868,136.682007,115.954416,98.262614,105.258726,105.108869
2016-03-14,2016,102.584002,135.595899,116.015247,96.553262,103.621712,102.224128
2016-03-15,2016,98.972763,134.380147,116.076109,92.199949,99.938431,99.252616
2016-03-16,2016,100.25057,134.767682,116.137004,93.721275,101.280697,100.423868
2016-03-17,2016,105.529657,137.123132,116.197931,100.050506,107.962344,107.47306
2016-03-18,2016,104.624947,138.654418,116.258889,98.949319,107.752416,106.71392
2016-03-21,2016,107.550704,140.388311,116.31988,102.450789,108.509429,107.820097
2016-03-22,2016,107.191188,140.408259,116.380903,102.004688,108.16591,107.516441
2016-03-23,2016,105.816427,141.042154,116.441957,100.338669,105.366871,104.544938
2016-03-24,2016,105.754327,140.340443,116.503044,100.249927,105.296895,104.935355
2016-03-28,2016,107.71619,141.684105,116.564162,102.593157,107.801187,107.364613
2016-03-29,2016,108.357736,140.83435,116.625313,103.349897,108.473381,107.689963
2016-03-30,2016,108.893194,141.268252,116.686496,103.979155,108.672706,107.75503
2016-03-31,2016,105.951146,140.526084,116.747711,100.429856,106.140848,105.499287
2016-04-01,2016,107.810535,140.905598,116.808958,102.649925,107.215933,106.540397
2016-04-04,2016,104.365632,139.026634,116.870237,98.496385,103.43723,102.657926
2016-04-05,2016,103.93057,137.988885,116.931548,97.959441,104.018243,102.722992
2016-04-06,2016,101.974364,137.669004,116.992892,95.594694,101.986819,101.55174
2016-04-07,2016,101.925362,140.121289,117.054267,95.521624,102.871061,102.050605
2016-04-08,2016,104.959322,141.743766,117.115675,99.153013,106.645523,102.050605
2016-04-11,2016,105.834427,140.929288,117.177115,100.190329,106.374101,105.412526
2016-04-12,2016,108.306687,141.626229,117.238588,103.146769,110.269431,109.642042
2016-04-13,2016,109.843371,141.125408,117.300092,104.979019,112.703747,111.724263
2016-04-14,2016,108.434291,141.120906,117.361629,103.27165,111.136709,110.401191
2016-04-15,2016,109.309793,143.66987,117.423198,104.309413,112.869145,112.158061
2016-04-18,2016,107.793023,142.507843,117.484799,102.472629,112.160903,111.051884
2016-04-19,2016,108.576193,144.067258,117.546433,103.399431,113.891218,113.307627
2016-04-20,2016,107.481066,142.599575,117.608099,102.069277,113.7237,112.67862
2016-04-22,2016,104.798023,142.101683,117.669797,98.831085,112.19059,111.268779
2016-04-25,2016,103.97968,141.933017,117.731528,97.833497,109.972563,109.208244
2016-04-26,2016,104.740113,142.268145,117.793291,98.732948,112.561675,111.745958
2016-04-27,2016,106.656519,144.55166,117.855087,101.021403,115.51975,114.67408
2016-04-28,2016,107.033455,144.718245,117.916915,101.460032,115.16775,114.67408
2016-04-29,2016,105.59749,144.79451,117.978775,99.720284,114.317436,113.112419
2016-05-02,2016,105.348733,144.644572,118.040668,99.407069,113.577387,112.63524
2016-05-03,2016,103.388026,143.480678,118.102593,97.036779,110.816516,110.184288
2016-05-04,2016,104.831777,143.644359,118.164551,98.757256,111.437818,110.661466
2016-05-05,2016,102.844365,143.033502,118.226542,96.354862,109.567551,109.164872
2016-05-06,2016,103.345685,143.577906,118.288564,96.942905,109.667213,109.121491
2016-05-09,2016,103.328671,144.363537,118.35062,96.908114,108.123501,107.407993
2016-05-10,2016,106.870385,145.425642,118.412708,101.149462,112.536229,111.876099
2016-05-11,2016,107.117647,145.964716,118.474828,101.432208,111.88524,111.116951
2016-05-12,2016,109.486671,148.136289,118.536981,104.264441,112.896711,111.594129
2016-05-13,2016,108.034626,147.961857,118.599167,102.505297,109.849575,108.926282
2016-05-16,2016,107.586164,148.551481,118.661385,101.952042,109.847454,108.687693
2016-05-17,2016,104.990679,147.31947,118.723636,98.818931,107.803307,107.104337
2016-05-18,2016,105.0006,146.062117,118.78592,98.816452,107.215933,107.104337
2016-05-19,2016,103.974724,144.544983,118.848236,97.56936,106.306245,106.063227
2016-05-20,2016,104.222594,146.399622,118.910585,97.852783,105.436847,104.718452
2016-05-23,2016,102.719347,147.310018,118.972967,96.032069,104.603497,103.503827
2016-05-24,2016,103.091005,146.99968,119.035381,96.46422,104.635304,103.785789
2016-05-25,2016,102.202783,146.355839,119.097828,95.3825,104.927931,103.959312
2016-05-27,2016,102.328834,146.292905,119.160308,95.519517,104.011881,103.243543
2016-05-30,2016,102.101816,146.9875,119.222821,95.232281,103.827399,103.048335
2016-05-31,2016,102.952094,148.352904,119.285366,96.239509,102.784121,101.985538
2016-06-01,2016,103.385272,150.39644,119.347945,96.745545,103.931303,102.983268
2016-06-02,2016,103.716413,150.732246,119.410556,97.128966,105.784606,104.978736
2016-06-03,2016,104.99638,151.991545,119.4732,98.652483,107.336801,106.497017
2016-06-06,2016,105.046697,152.122916,119.535877,98.698453,106.94027,105.954771
2016-06-07,2016,104.6513,151.692456,119.598586,98.208847,107.059017,106.171674
2016-06-08,2016,107.042351,152.48372,119.661329,101.067414,109.47849,108.991349
2016-06-09,2016,107.102852,152.704837,119.724104,101.125598,108.394923,107.71165
2016-06-10,2016,104.667467,151.753356,119.786913,98.184733,104.798581,103.980998
2016-06-13,2016,104.737153,152.360977,119.849754,98.253939,105.305377,104.328035
2016-06-14,2016,103.691988,150.336758,119.912629,96.983539,103.157326,102.159052
2016-06-15,2016,104.039114,151.352305,119.975536,97.386099,103.723495,102.809754
2016-06-16,2016,104.557578,152.18963,120.038476,97.994529,104.777376,104.11114
2016-06-17,2016,104.833336,151.474454,120.10145,98.311319,105.036075,104.15452
2016-06-20,2016,106.166826,153.367426,120.164456,99.899066,106.72186,105.586048
2016-06-21,2016,108.353951,154.196544,120.227496,102.512527,107.801187,107.039262
2016-06-22,2016,108.679738,153.11997,120.290568,102.889408,106.355017,105.347459
2016-06-23,2016,111.284437,153.028068,120.353674,106.004608,109.332177,108.687693
2016-06-24,2016,109.056005,151.8306,120.416813,103.31234,106.246872,105.347459
2016-06-27,2016,107.749902,152.728682,120.479984,101.728329,104.425376,103.785789
2016-06-28,2016,111.043664,153.610825,120.543189,105.671481,106.039064,105.520981
2016-06-29,2016,113.31719,155.204569,120.606428,108.388713,108.148946,107.386299
2016-06-30,2016,115.041534,156.573695,120.669699,110.446047,109.262201,108.232209
2016-07-01,2016,115.872058,155.953606,120.733003,111.429363,110.759263,109.989079
2016-07-04,2016,116.862033,156.126939,120.796341,112.604267,111.471746,110.639772
2016-07-05,2016,117.19791,156.663904,120.859712,112.993204,109.930153,108.991349
2016-07-06,2016,116.035674,155.811843,120.923116,111.582009,110.057382,109.3167
2016-07-07,2016,116.584707,155.109354,120.986554,112.227056,110.296997,109.3167
2016-07-08,2016,118.892837,156.448226,121.050025,114.985816,112.684663,111.811024
2016-07-11,2016,121.557193,157.577663,121.113529,118.172608,114.421339,113.437761
2016-07-12,2016,121.915078,158.393193,121.177066,118.58795,115.049003,114.001701
2016-07-13,2016,122.548835,158.479633,121.240637,119.334771,115.774208,114.760841
2016-07-14,2016,123.923975,158.198505,121.304241,120.972426,117.646596,116.27913
2016-07-15,2016,123.379006,157.527075,121.367878,120.302882,117.852283,117.016585
2016-07-18,2016,125.847477,158.518506,121.431549,123.254259,119.773442,119.033739
2016-07-19,2016,127.520853,159.506019,121.495253,125.250249,120.227226,119.402462
2016-07-20,2016,129.090792,158.858985,121.558991,127.121942,119.972768,119.228947
2016-07-21,2016,129.648289,159.0813,121.622762,127.777083,120.106358,119.142186
2016-07-22,2016,130.382829,159.852479,121.686566,128.64495,120.871853,119.402462
2016-07-25,2016,129.8267,160.539871,121.750404,127.961949,120.59831,119.510909
2016-07-26,2016,129.978847,159.531882,121.814276,128.130001,120.407467,119.510909
2016-07-27,2016,129.537353,158.947566,121.878181,127.58473,120.555901,119.402462
2016-07-28,2016,128.720741,161.212913,121.942119,126.588712,120.161491,119.294014
2016-07-29,2016,130.541847,163.150183,122.006091,128.76215,121.520721,120.768923
2016-08-01,2016,130.575476,162.503425,122.070097,128.787761,120.350214,119.380775
2016-08-02,2016,129.674696,161.374772,122.134136,127.690584,119.090646,117.992628
2016-08-03,2016,130.325169,161.806397,122.198209,128.457375,121.030889,119.923021
2016-08-04,2016,132.082502,162.211361,122.262315,130.554154,122.12718,121.072579
2016-08-05,2016,131.39992,162.601626,122.326456,129.719138,122.269252,121.072579
2016-08-08,2016,130.549591,161.745875,122.390629,128.682551,122.21412,121.181026
2016-08-09,2016,129.524748,160.442282,122.454837,127.436262,122.328626,121.311168
2016-08-10,2016,129.958284,159.0298,122.519078,127.942343,120.697973,119.575984
2016-08-11,2016,130.994591,159.446937,122.583352,129.172703,123.624242,122.525801
2016-08-12,2016,131.551891,158.667778,122.647661,129.827483,123.620001,122.569173
2016-08-15,2016,132.592929,158.028985,122.712003,131.063512,125.418172,124.152538
2016-08-16,2016,133.374833,156.363428,122.776379,131.988158,124.801111,124.152538
2016-08-17,2016,132.379937,157.975763,122.840789,130.777807,125.795618,124.673089
2016-08-18,2016,131.300978,157.743189,122.905232,129.466437,125.460581,124.369433
2016-08-19,2016,131.915311,158.316622,122.969709,130.189708,125.318509,124.391119
2016-08-22,2016,129.500958,156.682388,123.034221,127.273722,122.52371,121.571444
2016-08-23,2016,127.391642,155.954233,123.098766,124.724259,123.030506,121.462996
2016-08-24,2016,126.772627,155.055735,123.163344,123.965524,122.39012,121.246101
2016-08-25,2016,127.618742,156.884019,123.227957,124.967272,122.398602,121.593138
2016-08-26,2016,126.663583,156.086609,123.292604,123.804612,122.385879,121.376235
2016-08-29,2016,128.877054,156.74112,123.357284,126.449351,124.281592,123.306628
2016-08-30,2016,128.829842,156.490102,123.421999,126.377659,124.207375,123.393389
2016-08-31,2016,128.030777,156.33289,123.486747,125.402539,122.778168,121.311168
2016-09-01,2016,129.35773,156.775014,123.55153,126.982019,123.488531,122.005242
2016-09-02,2016,132.781464,158.678709,123.616346,131.08097,126.414799,125.258715
2016-09-05,2016,132.311408,159.085369,123.681196,130.501161,126.308775,125.106887
2016-09-06,2016,134.391286,160.563685,123.746081,132.985328,127.502608,126.061236
2016-09-08,2016,133.655047,160.351184,123.810999,132.085658,127.721018,126.429967
2016-09-09,2016,128.462643,158.437368,123.875952,125.831482,122.988096,121.593138
2016-09-12,2016,129.76198,160.151386,123.940938,127.377732,124.2307,123.002972
2016-09-13,2016,127.279461,158.98764,124.005959,124.37972,120.488045,119.662737
2016-09-14,2016,127.011853,159.747878,124.071014,124.043123,120.992721,119.684432
2016-09-15,2016,129.011663,161.256017,124.136102,126.431034,122.795132,121.549758
2016-09-16,2016,128.092041,161.525795,124.201226,125.310965,121.037251,120.16161
2016-09-19,2016,129.074411,163.25051,124.266383,126.476311,121.609782,120.400191
2016-09-20,2016,130.81839,165.387874,124.331574,128.556792,122.428289,121.246101
2016-09-21,2016,131.336941,166.334563,124.3968,129.1648,123.823567,122.872838
2016-09-22,2016,132.662343,165.111948,124.462059,130.742306,125.095858,123.979015
2016-09-23,2016,131.631496,165.60303,124.527354,129.488551,124.466074,124.217604
2016-09-26,2016,129.807562,164.012136,124.592682,127.28182,123.102603,122.026928
2016-09-27,2016,130.572045,164.203377,124.658044,128.185306,123.798121,122.872838
2016-09-28,2016,131.436877,164.522548,124.723441,129.209363,125.863473,124.933364
2016-09-29,2016,129.456849,163.830838,124.788872,126.815046,123.732386,122.460726
2016-09-30,2016,128.063421,163.359751,124.854338,125.125576,123.766314,122.677629
2016-10-03,2016,130.345447,164.08267,124.919838,127.852501,126.086124,124.824917
2016-10-04,2016,129.483581,164.655424,124.985372,126.801736,125.827425,124.651403
2016-10-05,2016,131.838768,166.125508,125.050941,129.616555,127.767668,126.213064
2016-10-06,2016,132.090462,165.458541,125.116543,129.903822,128.594657,127.687972
2016-10-07,2016,133.142953,165.768586,125.182181,131.153313,129.580683,128.447121
2016-10-10,2016,133.238608,165.506493,125.247853,131.253068,130.766033,129.596679
2016-10-11,2016,132.706984,165.16852,125.313559,130.59908,129.3962,128.013323
2016-10-13,2016,135.120439,167.396924,125.3793,133.483874,129.601887,128.598949
2016-10-14,2016,137.315013,167.774146,125.445075,136.105653,130.975961,129.92203
2016-10-17,2016,139.123639,169.228046,125.510885,138.263671,132.945891,131.830728
2016-10-18,2016,139.940489,168.9195,125.576729,139.22997,135.248737,134.151538
2016-10-19,2016,139.389242,167.677166,125.642608,138.552364,134.663484,132.980294
2016-10-20,2016,139.224724,168.482638,125.707428,138.339693,135.367484,133.978024
2016-10-21,2016,139.44037,168.816215,125.772282,138.583818,135.940015,133.479159
2016-10-24,2016,140.312582,169.729529,125.837169,139.61686,135.838232,134.758859
2016-10-25,2016,140.83634,169.543672,125.90209,140.231196,135.426858,134.194919
2016-10-26,2016,140.453919,168.88237,125.967044,139.756663,135.342039,134.455203
2016-10-27,2016,141.63344,168.66472,126.032031,141.158943,136.241124,134.715478
2016-10-28,2016,142.653974,169.952064,126.097053,142.370178,136.364112,135.105895
2016-10-31,2016,143.874181,171.255949,126.162107,143.821329,137.672451,136.428976
2016-11-01,2016,139.880543,169.500802,126.227196,139.007551,134.281796,133.067047
2016-11-03,2016,136.571678,166.743294,126.292317,135.016584,130.939913,130.052163
2016-11-04,2016,135.213609,166.914331,126.357473,133.369673,130.617599,129.054434
2016-11-07,2016,139.017021,168.530842,126.422662,137.924757,135.821268,134.910687
2016-11-08,2016,139.10557,167.780189,126.487885,138.016078,136.04604,134.910687
2016-11-09,2016,134.9775,167.313881,126.553141,133.040728,134.137604,132.763391
2016-11-10,2016,127.77857,164.364558,126.618431,124.375444,129.775767,128.468807
2016-11-11,2016,124.410318,162.120774,126.683755,120.313071,125.49875,124.564641
2016-11-14,2016,125.984551,162.861295,126.749112,122.189548,126.501739,125.952788
2016-11-16,2016,127.94113,163.731671,126.814503,124.525443,128.838513,127.861495
2016-11-17,2016,124.924721,162.292622,126.879928,120.885819,126.741354,125.04182
2016-11-18,2016,123.796618,163.582851,126.945387,119.515164,127.148487,125.866027
2016-11-21,2016,126.072847,164.784557,127.010879,122.235124,129.497984,128.186837
2016-11-22,2016,127.109663,164.603035,127.076405,123.465805,131.372492,130.247372
2016-11-23,2016,126.651072,163.41073,127.141965,122.899609,131.440347,130.420895
2016-11-24,2016,126.335717,163.28605,127.207559,122.505515,130.189262,128.794158
2016-11-25,2016,124.963951,163.023518,127.273187,120.842036,130.5349,129.271328
2016-11-28,2016,127.41434,164.030734,127.338848,123.771227,133.283048,131.982556
2016-11-29,2016,124.681672,162.726204,127.404544,120.472482,129.321983,128.382046
2016-11-30,2016,124.816019,163.35187,127.470273,120.618716,131.270709,130.138925
2016-12-01,2016,119.13905,160.419514,127.534923,113.782359,126.183666,125.367162
2016-12-02,2016,120.255912,159.958137,127.599607,115.109419,127.899138,126.625176
2016-12-05,2016,120.060856,159.08781,127.664323,114.860078,126.872824,125.367162
2016-12-06,2016,121.10703,160.65628,127.729071,116.102185,129.536152,128.208532
2016-12-07,2016,122.210384,161.485176,127.793853,117.41299,130.22743,129.07612
2016-12-08,2016,121.886095,160.962957,127.858668,117.008341,128.664633,129.705126
2016-12-09,2016,121.905395,159.948822,127.923515,117.016539,128.291428,127.03728
2016-12-12,2016,119.134009,158.785732,127.988395,113.671459,125.488148,124.174224
2016-12-13,2016,120.041083,158.170906,128.053308,114.746385,125.704437,125.345476
2016-12-14,2016,118.185141,157.130606,128.118254,112.501283,123.437639,122.15707
2016-12-15,2016,117.977177,156.683591,128.183233,112.236371,123.827808,122.764382
2016-12-16,2016,117.808333,157.17524,128.248245,112.018458,123.812965,122.373965
2016-12-19,2016,118.127166,157.167141,128.31329,112.386527,121.102986,119.727812
2016-12-20,2016,117.660451,156.733385,128.378368,111.81068,122.103854,120.833989
2016-12-21,2016,117.17272,158.32193,128.443479,111.209571,122.239565,120.812303
2016-12-22,2016,116.5696,158.330569,128.508623,110.469805,121.408336,121.419616
2016-12-23,2016,118.485291,157.673262,128.5738,112.756618,122.854506,122.243831
2016-12-26,2016,118.395798,158.747097,128.63901,112.634007,124.302797,123.545217
2016-12-27,2016,120.19896,159.24398,128.704253,114.785591,124.466074,123.219875
2016-12-28,2016,122.020318,160.395403,128.76953,116.959032,126.7668,125.453924
2016-12-29,2016,121.736125,161.099784,128.834839,116.602448,127.710415,126.32152
2017-01-03,2017,124.449301,160.568937,128.900181,120.183253,132.479008,130.968431
2017-01-04,2017,123.876105,161.968906,128.965557,119.431497,131.996791,130.968431
2017-01-05,2017,124.014081,165.477559,129.030966,119.587974,133.029807,131.626011
2017-01-06,2017,123.544988,166.501235,129.096408,118.96915,132.159673,131.187622
2017-01-09,2017,124.256902,166.91275,129.161883,119.858587,132.234684,130.946515
2017-01-10,2017,124.44246,167.977798,129.227391,120.075802,133.160541,132.064401
2017-01-11,2017,126.401589,169.001809,129.292933,122.558044,133.833502,132.546631
2017-01-12,2017,131.745741,174.38478,129.355108,129.364335,137.06543,135.900297
2017-01-13,2017,130.81417,173.145832,129.417314,128.155854,136.418187,135.198876
2017-01-16,2017,131.238287,175.148081,129.479549,128.67872,136.801817,135.681106
2017-01-17,2017,133.407896,179.589249,129.541815,131.430757,137.922705,136.514037
2017-01-18,2017,131.415722,174.034317,129.60411,128.867746,137.485494,135.681106
2017-01-19,2017,131.484488,175.514802,129.666436,128.936765,137.059,136.119487
2017-01-20,2017,132.937828,179.017525,129.728791,130.774022,138.280617,137.149702
2017-01-23,2017,135.405801,180.819439,129.791176,133.907065,140.912452,139.845787
2017-01-24,2017,136.014093,181.496171,129.853591,134.665088,141.107482,140.086902
2017-01-26,2017,136.926226,183.511104,129.978512,135.792292,141.859741,140.722559
2017-01-27,2017,136.008692,181.388284,130.041017,134.601647,141.52326,140.306101
2017-01-30,2017,133.518111,177.925237,130.103553,131.402045,137.811259,136.470197
2017-01-31,2017,136.645943,181.98617,130.166118,135.377743,138.602095,136.755152
2017-02-01,2017,135.553848,180.531701,130.228714,133.964138,138.955721,137.456572
2017-02-02,2017,136.977189,179.240939,130.29134,135.763002,138.402779,137.325061
2017-02-03,2017,137.486242,179.360168,130.353995,136.394215,139.208617,138.289512
2017-02-06,2017,134.810954,178.637385,130.416681,132.958676,137.149014,135.922212
2017-02-07,2017,135.316948,180.086898,130.479397,133.585964,137.590511,135.922212
2017-02-08,2017,136.421092,184.169683,130.542144,134.977143,138.953578,137.807282
2017-02-09,2017,136.840919,187.13912,130.60492,135.494368,139.232192,137.719611
2017-02-10,2017,139.52005,192.68905,130.667727,138.896955,141.71829,140.262261
2017-02-13,2017,141.252199,194.055927,130.730563,141.090135,143.524997,141.774697
2017-02-14,2017,140.152394,192.752529,130.79343,139.666602,142.978485,142.585721
2017-02-15,2017,144.307155,195.279992,130.856328,144.953697,145.685331,144.339263
2017-02-16,2017,146.979584,194.504138,130.919255,148.347688,145.338134,143.791278
2017-02-17,2017,147.597936,193.340036,130.982213,149.118396,145.196684,143.396728
2017-02-20,2017,148.110221,193.382947,131.045201,149.753635,146.879086,145.435233
2017-02-21,2017,148.555864,191.918295,131.108219,150.303757,147.991401,146.618883
2017-02-22,2017,146.444072,190.621879,131.171268,147.587753,147.001248,145.720196
2017-02-23,2017,146.264249,191.862537,131.230875,147.340118,144.581589,143.177538
2017-02-24,2017,146.755931,193.703221,131.290509,147.950057,142.869182,141.380147
2017-03-01,2017,147.925035,195.805468,131.35017,149.425128,143.570004,142.103492
2017-03-02,2017,146.16137,193.14482,131.409858,147.154735,141.139629,139.188207
2017-03-03,2017,148.135774,191.223986,131.469573,149.658242,143.134937,141.599338
2017-03-06,2017,148.61421,192.297759,131.529316,150.251233,142.181219,140.722559
2017-03-07,2017,149.393103,191.443422,131.589085,151.22793,140.897449,139.889627
2017-03-08,2017,145.537761,184.620042,131.648882,146.28621,138.702825,137.281221
2017-03-09,2017,139.210705,171.212864,131.708706,138.187841,138.417781,136.711312
2017-03-10,2017,140.767716,170.670337,131.768557,140.158253,138.610668,137.105862
2017-03-13,2017,143.635458,175.825863,131.828435,143.802599,140.451666,139.122452
2017-03-14,2017,141.277096,173.374465,131.888341,140.772648,138.662104,137.544252
2017-03-15,2017,143.304968,174.956532,131.948273,143.344375,141.954041,140.525292
2017-03-16,2017,144.373583,174.800667,132.008233,144.69102,140.98532,139.012848
2017-03-17,2017,142.293741,170.340691,132.06822,142.016745,137.614086,136.360602
2017-03-20,2017,136.668862,166.382503,132.128235,134.815073,139.058594,137.675771
2017-03-21,2017,133.690482,165.221758,132.188277,130.993252,134.977965,133.664517
2017-03-22,2017,134.358647,168.108227,132.248346,131.828448,136.137429,134.519372
2017-03-23,2017,134.691944,168.982566,132.308442,132.235973,136.158861,134.892006
2017-03-24,2017,136.335817,167.427753,132.368565,134.317234,136.851111,135.637266
2017-03-27,2017,136.89756,165.944541,132.428716,135.016494,137.824118,136.514037
2017-03-28,2017,135.621237,164.046707,132.488895,133.368339,138.535656,136.996267
2017-03-29,2017,136.036162,162.833591,132.5491,133.88008,140.438807,139.144367
2017-03-30,2017,135.428752,162.395566,132.609333,133.086181,139.877292,138.421031
2017-03-31,2017,136.885604,165.065613,132.669594,134.928555,139.272913,137.610007
2017-04-03,2017,136.649672,165.308836,132.729881,134.609057,139.759417,138.267596
2017-04-04,2017,135.674439,165.414198,132.790196,133.345386,140.955315,139.670437
2017-04-05,2017,134.015026,165.100233,132.850539,131.207935,138.824987,137.127786
2017-04-06,2017,133.113247,161.330951,132.910909,130.038055,137.641947,135.900297
2017-04-07,2017,134.171557,163.665702,132.971306,131.371408,138.434927,136.492122
2017-04-10,2017,132.866899,163.886397,133.031731,129.686992,138.557088,137.083946
2017-04-11,2017,134.83057,166.906472,133.092183,132.176571,137.935564,136.820908
2017-04-12,2017,132.236804,162.652652,133.152663,128.84581,136.932552,135.198876
2017-04-13,2017,129.841006,161.463662,133.208435,125.769297,134.647914,133.269967
2017-04-17,2017,132.620723,165.005032,133.264231,129.302458,137.881984,136.448282
2017-04-18,2017,132.614459,164.316262,133.32005,129.277618,137.504783,135.790701
2017-04-19,2017,132.138127,163.622746,133.375893,128.652445,135.893106,134.146746
2017-04-20,2017,132.685635,163.333152,133.431758,129.334817,136.651794,134.826242
2017-04-24,2017,133.103814,164.571073,133.487648,129.852014,137.997716,136.535961
2017-04-25,2017,133.626841,168.833067,133.54356,130.503108,139.624396,138.092237
2017-04-26,2017,131.48923,167.526371,133.599496,127.756276,139.011444,137.653847
2017-04-27,2017,130.61922,169.127432,133.655456,126.6283,138.614954,136.908587
2017-04-28,2017,133.289314,180.054684,133.711439,130.021404,140.170909,138.508703
2017-05-02,2017,134.039763,182.384885,133.767445,130.962911,142.997773,141.511658
2017-05-03,2017,134.210946,182.102042,133.823475,131.164626,141.651851,140.196498
2017-05-04,2017,130.987435,179.976739,133.879528,127.030951,139.013587,137.346977
2017-05-05,2017,130.799177,184.629813,133.935605,126.773607,140.828867,139.538917
2017-05-08,2017,129.396107,182.761862,133.991705,124.964814,140.434521,139.012848
2017-05-09,2017,131.650513,186.732259,134.047829,127.826997,142.046198,140.656803
2017-05-10,2017,132.724448,187.600067,134.103976,129.181587,144.343695,142.914499
2017-05-11,2017,133.70421,191.480775,134.160147,130.415901,144.746614,143.243293
2017-05-12,2017,135.380514,191.482269,134.216341,132.539766,146.212555,144.536547
2017-05-15,2017,134.529392,190.201323,134.272559,131.435833,146.752638,145.259874
2017-05-16,2017,135.017012,188.920705,134.328801,132.041609,147.202708,145.654424
2017-05-17,2017,132.975838,188.050415,134.385066,129.417839,144.750901,143.199462
2017-05-18,2017,117.483363,171.708577,134.441354,109.615325,132.013936,130.793072
2017-05-19,2017,122.288629,176.681074,134.497666,115.73517,134.247138,132.853501
2017-05-22,2017,118.737647,169.545976,134.554002,111.183194,132.176818,130.486201
2017-05-23,2017,120.968167,176.681165,134.610361,114.014802,134.296431,133.138456
2017-05-24,2017,124.511832,178.952545,134.666744,118.523428,135.571628,134.080982
2017-05-25,2017,123.399163,178.050001,134.723151,117.085415,135.507332,134.344021
2017-05-26,2017,124.703436,180.439758,134.779581,118.734086,137.346187,135.790701
2017-05-29,2017,124.524985,180.035381,134.836035,118.489154,136.651794,135.330396
2017-05-30,2017,125.601813,179.227931,134.892512,119.847338,137.082575,135.681106
2017-05-31,2017,124.364598,178.763105,134.949013,118.250238,134.401447,132.743906
2017-06-01,2017,122.565541,177.629009,135.000744,115.937046,133.497022,132.086317
2017-06-02,2017,122.698972,178.475105,135.052496,116.091839,133.97281,132.283592
2017-06-05,2017,122.918226,176.873836,135.104267,116.35623,133.842075,132.502791
2017-06-06,2017,124.371707,179.966678,135.156057,118.196856,134.924385,133.598761
2017-06-07,2017,124.71014,179.854674,135.207868,118.613439,135.387314,134.124822
2017-06-08,2017,122.441536,178.588254,135.259699,115.700555,134.497891,133.072692
2017-06-09,2017,122.903583,178.540436,135.311549,116.274996,133.329853,131.998646
2017-06-12,2017,121.523704,177.16881,135.36342,114.497096,132.234684,130.74924
2017-06-13,2017,121.456524,176.686023,135.41531,114.395646,132.511156,131.121866
2017-06-14,2017,122.256581,177.364438,135.46722,115.401743,132.712615,131.275301
2017-06-15,2017,122.256581,177.364438,135.46722,115.401743,,131.275301
2017-06-16,2017,122.441508,179.747822,135.51915,115.622248,132.076088,130.661561
2017-06-19,2017,121.692595,180.346492,135.5711,114.650133,132.907645,131.713691
2017-06-20,2017,119.640537,177.332098,135.62307,112.013759,130.232947,128.754575
2017-06-21,2017,118.32231,173.922242,135.675059,110.31456,130.224374,128.842246
2017-06-22,2017,121.038558,173.993736,135.727069,113.767806,131.3174,130.091652
2017-06-23,2017,119.78895,172.428641,135.779099,112.156227,130.92091,129.543667
2017-06-26,2017,121.044267,173.969031,135.831148,113.743698,133.28056,132.086317
2017-06-27,2017,120.333766,172.922511,135.883218,112.820604,132.181105,130.968431
2017-06-28,2017,120.976176,172.287882,135.935307,113.625314,132.916218,131.406821
2017-06-29,2017,119.993033,170.430456,135.987417,112.354017,133.389863,131.735607
2017-06-30,2017,121.012263,173.168928,136.039546,113.639954,134.80651,133.554921
2017-07-03,2017,122.156569,172.960292,136.091695,115.085621,135.620921,133.905631
2017-07-04,2017,121.782291,170.985392,136.143865,114.59189,135.518048,134.037151
2017-07-05,2017,123.464183,175.864977,136.196054,116.7241,135.350879,133.817952
2017-07-06,2017,126.152081,180.894654,136.248264,120.14108,133.884939,132.437027
2017-07-07,2017,125.022823,178.970914,136.300493,118.683141,133.567747,132.612386
2017-07-10,2017,126.56878,180.369507,136.352742,120.641729,135.074408,133.576837
2017-07-11,2017,126.308322,179.722601,136.405012,120.293328,136.803961,135.242716
2017-07-12,2017,128.029416,184.281235,136.457301,122.475572,138.955721,137.434656
2017-07-13,2017,128.018122,186.773851,136.509611,122.445367,139.688691,138.530627
2017-07-14,2017,128.304107,185.060514,136.561941,122.794814,140.241634,138.837497
2017-07-17,2017,128.055956,185.040473,136.61429,122.462106,139.76156,138.223756
2017-07-18,2017,128.574982,185.521886,136.66666,123.109158,140.031601,138.355267
2017-07-19,2017,127.880658,184.3385,136.71905,122.206627,139.692978,138.289512
2017-07-20,2017,128.210429,185.045935,136.77146,122.611968,139.174326,137.544252
2017-07-21,2017,128.337582,187.057893,136.82389,122.758539,138.629957,137.062022
2017-07-24,2017,128.139085,186.021337,136.87634,122.489214,139.521523,137.938802
2017-07-25,2017,128.136536,187.602672,136.92881,122.470129,140.738853,139.144367
2017-07-26,2017,126.275011,185.653878,136.9813,120.076929,139.330779,137.675771
2017-07-27,2017,125.97515,184.586174,137.02885,119.67963,139.900867,138.201832
2017-07-28,2017,125.745974,184.994054,137.076417,119.372598,140.372368,138.947092
2017-07-31,2017,126.106456,186.155205,137.124001,119.818616,141.278937,139.670437
2017-08-01,2017,126.371702,184.831881,137.1716,120.143003,142.556277,140.788331
2017-08-02,2017,127.097064,186.083318,137.219217,121.055001,143.885053,142.300758
2017-08-03,2017,128.067454,187.930804,137.26685,122.279922,143.115649,141.270544
2017-08-04,2017,129.403178,188.209577,137.314499,123.971409,143.374974,141.840453
2017-08-07,2017,131.646974,191.268953,137.362165,126.822594,145.608176,143.857034
2017-08-08,2017,130.580931,190.964844,137.409848,125.446759,145.520305,143.922806
2017-08-09,2017,128.239921,186.096589,137.457547,122.442651,145.031658,143.440577
2017-08-10,2017,125.825118,184.34579,137.505262,119.344296,143.576434,141.884301
2017-08-11,2017,126.948151,185.021898,137.552995,120.764128,144.362984,142.695308
2017-08-14,2017,128.763581,187.136548,137.600743,123.06822,146.347576,144.711889
2017-08-15,2017,127.306983,183.79866,137.648509,121.19358,146.497599,144.843417
2017-08-16,2017,127.879941,185.619317,137.696291,121.910893,147.009821,145.588669
2017-08-17,2017,126.628132,182.969796,137.744089,120.29778,145.687474,144.229676
2017-08-18,2017,126.948459,183.496902,137.791904,120.692447,147.269146,145.698272
2017-08-21,2017,127.090303,180.936726,137.839736,120.859167,147.097691,145.654424
2017-08-22,2017,135.323403,195.849657,137.887584,131.359272,150.046718,148.569709
2017-08-23,2017,133.22128,194.341029,137.935449,128.660198,151.047586,149.49032
2017-08-24,2017,134.93267,197.009122,137.983331,130.831379,152.451374,150.89316
2017-08-25,2017,133.933687,196.558538,138.031229,129.541122,152.324926,150.476703
2017-08-28,2017,133.563634,195.789924,138.079144,129.05407,152.202765,150.630138
2017-08-29,2017,133.289883,196.158675,138.127075,128.690001,152.873582,151.200047
2017-08-30,2017,133.679617,197.630103,138.175023,129.173267,151.922007,150.213664
2017-08-31,2017,132.86402,200.232663,138.222988,128.117194,151.812704,149.950642
2017-09-01,2017,134.537705,197.807961,138.270969,130.240192,154.144493,152.361773
2017-09-04,2017,136.480931,198.840164,138.318967,132.707417,154.585989,153.0851
2017-09-05,2017,137.428875,200.692551,138.366982,133.903556,154.63314,152.909758
2017-09-06,2017,137.929096,200.295152,138.415013,134.527901,157.335699,155.518155
2017-09-07,2017,137.929096,200.295152,138.415013,134.527901,,155.518155
2017-09-08,2017,137.969305,202.049321,138.458004,134.566283,156.622018,154.992094
2017-09-11,2017,140.29064,204.205186,138.501007,137.5179,159.279571,157.666264
2017-09-12,2017,141.440667,205.241433,138.544024,138.973629,159.751072,158.03889
2017-09-13,2017,140.663845,202.436577,138.587055,137.968563,160.284726,158.411516
2017-09-14,2017,140.801482,202.985585,138.630098,138.131354,160.003968,157.753944
2017-09-15,2017,142.595522,200.51729,138.673155,140.409545,162.361475,160.31851
2017-09-18,2017,143.409146,202.202073,138.716226,141.435634,162.860837,161.10761
2017-09-19,2017,141.589465,199.362374,138.75931,139.098711,162.826546,160.998006
2017-09-20,2017,142.599882,203.262396,138.802407,140.376118,162.890842,161.01993
2017-09-21,2017,141.332921,202.652297,138.845518,138.745069,162.033567,160.165075
2017-09-22,2017,140.493722,201.94267,138.888642,137.660314,161.574925,159.61709
2017-09-25,2017,137.817959,196.637302,138.931779,134.230067,159.545326,157.600509
2017-09-26,2017,137.475161,198.155461,138.97493,133.77926,159.279571,157.490905
2017-09-27,2017,134.560688,196.408853,139.018094,130.044147,158.160827,156.373011
2017-09-28,2017,135.45934,195.831713,139.061272,131.178795,157.667893,155.803118
2017-09-29,2017,137.293711,198.290967,139.104463,133.508451,159.225991,156.899088
2017-10-02,2017,139.231342,198.994625,139.147667,135.969976,159.367441,157.425149
2017-10-03,2017,142.118772,201.475945,139.190885,139.644493,164.517521,162.554298
2017-10-04,2017,141.855885,200.633711,139.234117,139.295716,164.148893,162.247411
2017-10-05,2017,141.9653,200.496549,139.277361,139.422404,164.206759,162.291259
2017-10-06,2017,140.281066,198.992611,139.320619,137.258409,163.000145,161.129534
2017-10-09,2017,140.529164,198.686883,139.363891,137.562202,162.297179,160.471945
2017-10-10,2017,141.913203,199.285717,139.407176,139.316707,164.804709,162.729641
2017-10-11,2017,141.722675,198.27051,139.450475,139.060321,164.296773,162.488526
2017-10-12,2017,141.722675,198.27051,139.450475,139.060321,,162.488526
2017-10-13,2017,141.834522,202.453818,139.493786,139.190095,165.004025,163.189946
2017-10-16,2017,140.775374,200.250511,139.537112,137.82438,164.793993,162.948832
2017-10-17,2017,139.361877,199.414923,139.580451,136.006119,163.31305,161.567915
2017-10-18,2017,140.859733,201.27316,139.623803,137.905962,164.148893,162.400846
2017-10-19,2017,141.29371,199.994651,139.667169,138.447113,163.488791,161.743274
2017-10-20,2017,143.958965,205.674158,139.710548,141.83784,163.720256,161.3268
2017-10-23,2017,143.71414,207.802776,139.753941,141.512082,161.624218,161.3268
2017-10-24,2017,144.173562,206.773514,139.797347,142.085717,163.632385,161.89671
2017-10-25,2017,144.630485,208.285854,139.840766,142.656157,164.320348,162.225504
2017-10-26,2017,145.074001,206.23114,139.880336,143.210636,162.659378,160.121243
2017-10-27,2017,144.99315,203.570311,139.919916,143.09544,162.830833,160.822664
2017-10-30,2017,143.677978,201.484172,139.959508,141.403882,160.310444,158.586875
2017-10-31,2017,142.460912,201.337165,139.999111,139.837612,159.255996,157.315546
2017-11-01,2017,140.191461,198.23016,140.038725,136.927331,158.218693,156.219576
2017-11-02,2017,140.191461,198.23016,140.038725,136.927331,,156.219576
2017-11-03,2017,139.28663,197.160721,140.078351,135.759813,158.413723,156.285348
2017-11-06,2017,140.066867,198.698107,140.117987,136.7443,159.262425,157.359394
2017-11-07,2017,139.600539,196.960553,140.157635,136.136789,155.198941,153.370063
2017-11-08,2017,140.839137,198.935297,140.197294,137.706645,159.373871,157.666264
2017-11-09,2017,139.108711,194.43925,140.236964,135.484739,156.304826,154.531789
2017-11-10,2017,138.7565,193.638494,140.276646,135.022958,154.665287,153.370063
2017-11-13,2017,138.855732,195.067081,140.316338,135.137713,155.327532,154.487957
2017-11-14,2017,136.711644,191.299611,140.356042,132.387507,151.795559,150.060229
2017-11-15,2017,136.711644,191.299611,140.356042,132.387507,,150.060229
2017-11-16,2017,137.467389,194.029772,140.395757,133.340693,155.40683,153.808445
2017-11-17,2017,138.596392,196.402734,140.435484,134.770564,157.389279,155.430492
2017-11-20,2017,138.61604,196.402734,140.475221,134.783668,,155.430492
2017-11-21,2017,139.67802,199.478248,140.51497,136.127937,159.87109,157.819699
2017-11-22,2017,140.690644,198.410744,140.55473,137.409171,159.708208,157.600509
2017-11-23,2017,142.632789,200.262597,140.594502,139.877497,159.639626,157.666264
2017-11-24,2017,141.521621,196.934584,140.634284,138.446416,158.932374,157.008675
2017-11-27,2017,140.851799,196.598525,140.674078,137.578978,158.722342,156.920996
2017-11-28,2017,140.732919,196.169893,140.713883,137.415147,158.89594,157.512829
2017-11-29,2017,139.096206,191.114418,140.7537,135.312879,155.80975,153.983804
2017-11-30,2017,135.598495,184.901297,140.793527,130.833915,154.247366,152.120658
2017-12-01,2017,135.651446,183.887232,140.833366,130.88952,154.87532,152.712474
2017-12-04,2017,136.450502,184.653942,140.873217,131.897977,156.645593,154.597544
2017-12-05,2017,135.393403,181.955382,140.913078,130.535925,155.479699,153.435819
2017-12-06,2017,135.802461,180.832671,140.952951,131.046306,157.02708,159.967808
2017-12-07,2017,135.131313,181.230804,140.990224,130.177934,155.353251,153.435819
2017-12-08,2017,135.581747,185.422219,141.027508,130.741938,155.878332,153.698858
2017-12-11,2017,135.767914,186.547267,141.064801,130.968443,156.024068,154.400278
2017-12-12,2017,136.269716,188.573954,141.102104,131.598043,158.197261,156.504538
2017-12-13,2017,135.169833,186.264572,141.139417,130.182119,156.268392,154.26875
2017-12-14,2017,133.850769,186.338897,141.17674,128.486275,155.228946,153.435819
2017-12-15,2017,135.656525,190.501812,141.214073,130.781154,155.612576,153.326215
2017-12-18,2017,135.177085,189.035892,141.251416,130.157592,156.699173,154.904415
2017-12-19,2017,133.729233,187.399128,141.288768,128.297264,155.766886,153.808445
2017-12-20,2017,134.560049,189.335147,141.326131,129.347031,157.239256,155.408568
2017-12-21,2017,136.4314,192.90049,141.363503,131.72567,161.024125,159.003349
2017-12-22,2017,137.305322,194.765456,141.400885,132.830484,161.139858,159.354051
2017-12-25,2017,137.305322,194.765456,141.400885,132.830484,,159.354051
2017-12-26,2017,137.893117,195.279754,141.438277,133.56988,162.213595,160.559625
2017-12-27,2017,138.815523,198.557839,141.475679,134.736607,163.038722,161.436404
2017-12-28,2017,140.412039,204.296568,141.513091,136.76424,163.743831,161.80903
2017-12-29,2017,140.43917,204.307556,141.550513,136.7876,163.743831,161.80903
2018-01-03,2018,139.82977,203.799243,141.587945,136.215387,163.962462,162.239956
2018-01-04,2018,140.836585,206.825977,141.625386,137.510842,165.333108,163.748156
2018-01-05,2018,140.954335,206.090079,141.662838,137.651697,166.224448,164.696177
2018-01-08,2018,141.469887,205.932093,141.700299,138.30916,166.871931,165.385642
2018-01-09,2018,140.575827,203.983962,141.73777,137.136005,165.789289,164.092897
2018-01-10,2018,140.604256,204.216557,141.775251,137.160851,164.395518,162.886321
2018-01-11,2018,141.961711,207.156454,141.812742,138.911654,166.8425,165.170188
2018-01-12,2018,140.718062,205.73429,141.850243,137.284491,166.808864,165.191722
2018-01-15,2018,141.531491,208.400537,141.887754,138.32878,167.656058,166.053557
2018-01-16,2018,141.014121,209.337941,141.925275,137.644804,167.824235,166.032007
2018-01-17,2018,141.102111,212.476281,141.962806,137.746984,170.676945,168.940704
2018-01-18,2018,140.802245,211.398604,142.000346,137.345465,170.201843,168.272773
2018-01-19,2018,140.440824,210.065262,142.037897,136.864005,170.742113,168.962238
2018-01-22,2018,141.812504,208.564652,142.075457,138.63326,171.698622,169.867158
2018-01-23,2018,140.41548,203.587318,142.113028,136.806891,169.602711,167.863414
2018-01-24,2018,145.845336,214.308213,142.150608,143.846351,175.913569,174.154786
2018-01-25,2018,145.85466,214.308213,142.188198,143.846351,,174.154786
2018-01-26,2018,149.651426,219.585645,142.225799,148.764967,179.804773,178.076123
2018-01-29,2018,149.38025,220.591772,142.263409,148.400685,178.053626,176.201632
2018-01-30,2018,148.676514,219.013193,142.301029,147.47465,177.599547,175.835357
2018-01-31,2018,150.103865,223.092857,142.338659,149.31618,178.505603,176.675642
2018-02-01,2018,150.620267,225.319935,142.376299,149.974689,179.729094,177.860668
2018-02-02,2018,149.341688,221.884305,142.413949,148.302114,176.672469,175.038156
2018-02-05,2018,147.261256,216.866988,142.451609,145.5882,172.089635,170.642809
2018-02-06,2018,148.444607,218.839934,142.489279,147.112842,176.363443,174.844252
2018-02-07,2018,147.327748,216.13188,142.526959,145.650279,173.994244,172.280295
2018-02-08,2018,145.766012,212.718456,142.563325,143.610393,171.400107,169.565518
2018-02-09,2018,143.845341,209.486558,142.5997,141.104367,170.067302,168.423593
2018-02-14,2018,146.846236,216.821633,142.636084,144.989805,175.625565,173.659226
2018-02-15,2018,148.092654,220.097066,142.672478,146.596761,177.198024,175.382897
2018-02-16,2018,148.971987,220.624436,142.70888,147.726994,177.689943,175.727621
2018-02-19,2018,151.802768,224.161461,142.745293,151.391503,178.253337,176.374002
2018-02-20,2018,153.713193,225.56366,142.781714,153.860773,180.378679,178.700954
2018-02-21,2018,152.78337,222.108733,142.818145,152.641509,180.900029,178.916408
2018-02-22,2018,153.685653,224.886814,142.854585,153.801535,182.232835,180.446159
2018-02-23,2018,156.260815,230.720131,142.891034,157.134067,183.508881,181.609635
2018-02-26,2018,158.371293,236.305684,142.927493,159.863127,184.265679,182.536105
2018-02-27,2018,156.867311,233.227407,142.963961,157.898211,182.756287,181.178709
2018-02-28,2018,156.144173,231.415913,143.000438,156.947347,179.699663,177.752933
2018-03-01,2018,157.43038,231.067983,143.036925,158.605946,179.483134,177.796017
2018-03-02,2018,157.432824,230.825145,143.073421,158.597365,180.288284,178.722488
2018-03-05,2018,156.652524,229.861752,143.109926,157.572257,180.839065,178.614768
2018-03-06,2018,156.433541,229.18,143.14644,157.27611,180.061244,178.162308
2018-03-07,2018,157.306758,228.999728,143.182964,158.398362,179.705969,177.968388
2018-03-08,2018,157.28339,231.017478,143.219497,158.356247,178.656963,176.977282
2018-03-09,2018,158.809706,239.014619,143.25604,160.326648,181.570636,179.692059
2018-03-12,2018,161.274476,241.445607,143.292591,163.515786,182.682709,180.877069
2018-03-13,2018,162.10233,239.362483,143.329152,164.579114,181.597965,179.907514
2018-03-14,2018,160.820944,237.614361,143.365723,162.903243,180.897927,179.131863
2018-03-15,2018,161.327083,237.581025,143.402303,163.548765,178.537136,176.826462
2018-03-16,2018,162.720736,238.617653,143.438892,165.346868,178.448843,176.697193
2018-03-19,2018,160.364431,234.337455,143.47549,162.275027,176.403385,174.714966
2018-03-20,2018,161.108444,234.497045,143.512098,163.229458,176.931042,175.382897
2018-03-21,2018,162.467205,238.714926,143.548715,164.98224,178.640145,176.869547
2018-03-22,2018,162.907852,241.09992,143.584004,165.543126,178.200781,176.223182
2018-03-23,2018,164.533116,238.869852,143.619301,167.64243,177.378814,175.770722
2018-03-26,2018,166.644272,245.235148,143.654607,170.372742,178.873491,177.171203
2018-03-27,2018,164.5136,241.347383,143.689921,167.594337,176.182653,174.477977
2018-03-28,2018,165.202203,242.174211,143.725245,168.477224,176.321399,174.564146
2018-03-29,2018,165.509843,247.153574,143.760577,168.865363,179.457908,177.602113
2018-04-02,2018,163.632249,244.86582,143.795917,166.415614,177.986355,176.352452
2018-04-03,2018,163.154855,244.182693,143.831267,165.784252,177.89596,176.136997
2018-04-04,2018,162.804404,244.297731,143.866625,165.317744,177.343077,175.382897
2018-04-05,2018,164.235526,246.120848,143.901992,167.1649,179.129962,177.472843
2018-04-06,2018,163.713902,247.060046,143.937367,166.476091,178.310097,176.546373
2018-04-09,2018,162.083099,244.456468,143.972751,164.346825,175.129442,173.2714
2018-04-10,2018,161.028561,247.151173,144.008144,162.965933,177.658409,175.727621
2018-04-11,2018,162.235205,247.811186,144.043545,164.521556,179.205641,177.645197
2018-04-12,2018,164.356906,250.663494,144.078956,167.26553,179.621881,177.602113
2018-04-13,2018,162.203322,249.125186,144.114375,164.457335,177.288419,175.167442
2018-04-16,2018,160.244703,245.304089,144.149802,161.902332,174.193955,172.323396
2018-04-17,2018,161.134656,247.559472,144.185239,163.04667,176.767069,174.758066
2018-04-18,2018,162.71607,250.402189,144.220684,165.088979,180.319817,178.183842
2018-04-19,2018,161.572202,249.498988,144.256137,163.592057,180.420723,178.614768
2018-04-20,2018,163.088474,249.35332,144.2916,165.549763,179.844716,178.270028
2018-04-23,2018,163.447053,250.769023,144.327071,166.004013,179.954031,178.183842
2018-04-24,2018,163.715015,251.899438,144.362551,166.340576,179.674436,177.709848
2018-04-25,2018,163.613115,253.232279,144.39804,166.196811,178.780993,176.848013
2018-04-26,2018,165.311967,255.845629,144.433537,168.391616,181.595863,179.929064
2018-04-27,2018,165.899478,252.579747,144.469043,169.143159,181.7262,179.842879
2018-04-30,2018,166.409584,254.982227,144.504558,169.794177,181.032469,179.218048
2018-05-02,2018,161.926164,247.969007,144.540081,163.960273,177.736191,176.050812
2018-05-03,2018,157.872817,241.320366,144.575614,158.684886,175.089499,173.42222
2018-05-04,2018,157.094057,241.783225,144.611155,157.662088,174.732122,172.926676
2018-05-07,2018,156.80273,236.95401,144.646705,157.272301,173.882826,171.978655
2018-05-08,2018,160.330839,246.026737,144.682263,161.84268,174.391563,172.840491
2018-05-09,2018,161.563452,248.265939,144.71783,163.431974,177.143366,175.275161
2018-05-10,2018,161.906938,248.269003,144.753406,163.866589,180.498505,178.550134
2018-05-11,2018,159.413127,245.317651,144.788991,160.616501,179.150984,177.300473
2018-05-14,2018,156.849405,242.89638,144.824584,157.275619,179.17621,177.515927
2018-05-15,2018,154.825418,242.200787,144.860187,154.635669,178.961784,177.128102
2018-05-16,2018,158.448046,250.071576,144.895798,159.328779,181.919604,179.735143
2018-05-17,2018,153.879543,241.687625,144.931417,153.384349,175.79164,174.047051
2018-05-18,2018,152.012178,238.713415,144.967046,150.947791,174.656443,172.81894
2018-05-21,2018,152.928686,241.60726,145.002683,152.126548,171.992933,170.642809
2018-05-22,2018,156.572258,251.019683,145.038329,156.846847,173.935382,172.36648
2018-05-23,2018,154.573373,246.591703,145.073984,154.23948,170.000031,168.595963
2018-05-24,2018,155.733735,246.983411,145.109647,155.734912,168.433878,166.872292
2018-05-25,2018,155.009012,242.949074,145.14532,154.78225,165.860764,166.872292
2018-05-28,2018,147.997825,230.981501,145.181001,145.665571,158.414709,156.616498
2018-05-29,2018,149.986701,232.186718,145.216691,148.23696,159.919897,158.146249
2018-05-30,2018,151.354476,237.184481,145.252389,150.001741,161.35361,159.589814
2018-06-01,2018,155.274262,248.513072,145.288097,155.080729,162.375287,160.77484
2018-06-04,2018,159.756459,258.225312,145.323813,160.890098,165.225894,163.424966
2018-06-05,2018,154.783959,249.366541,145.359538,154.420978,161.118161,159.654449
2018-06-06,2018,150.317653,241.747653,145.395272,148.609232,160.014497,158.297069
2018-06-07,2018,144.894521,230.101152,145.431014,141.554885,155.250872,153.772452
2018-06-08,2018,145.326734,229.797718,145.466765,142.104669,153.339956,151.682506
2018-06-11,2018,143.021406,225.773659,145.502526,139.0993,152.00715,150.51903
2018-06-12,2018,144.634609,228.165753,145.538294,141.182789,152.944739,151.4024
2018-06-13,2018,144.410495,230.046037,145.574072,140.880215,151.616138,150.282025
2018-06-14,2018,145.454605,232.268498,145.609859,142.224637,150.142483,148.23518
2018-06-15,2018,143.76061,229.35958,145.645654,140.013175,148.748713,146.748513
2018-06-18,2018,143.376966,227.991114,145.681458,139.503417,146.766322,145.477302
2018-06-19,2018,147.807124,236.611616,145.717271,145.245174,150.085723,148.256714
2018-06-20,2018,147.904513,235.139739,145.753092,145.36011,151.61824,149.76493
2018-06-21,2018,145.768864,229.709415,145.788923,142.575075,147.312898,145.778959
2018-06-22,2018,146.385635,232.594399,145.824762,143.36451,148.502753,146.899333
2018-06-25,2018,147.122044,233.333557,145.86061,144.309312,149.158645,147.804253
2018-06-26,2018,146.908209,238.306398,145.896467,144.020061,150.108848,148.666089
2018-06-27,2018,145.626095,233.209173,145.932333,142.343471,148.435482,146.511508
2018-06-28,2018,147.148544,236.286483,145.968208,144.309067,150.86985,149.527925
2018-06-29,2018,150.181227,241.393834,146.004091,148.235948,152.963659,151.57477
2018-07-02,2018,149.174139,237.187185,146.039983,146.916516,153.12553,151.467051
2018-07-03,2018,150.47236,237.333591,146.075884,148.590906,154.866166,153.190706
2018-07-04,2018,151.002008,238.536564,146.111794,149.267175,157.12605,155.366837
2018-07-05,2018,149.282567,235.161329,146.147713,147.022627,156.726629,154.849743
2018-07-06,2018,149.485314,236.174873,146.18364,147.274354,157.687342,156.099387
2018-07-10,2018,147.078299,234.656607,146.255522,144.125293,157.376214,155.883932
2018-07-11,2018,146.580312,228.952757,146.291476,143.466994,156.402887,154.612737
2018-07-12,2018,149.099122,238.586684,146.327438,146.7265,159.465818,157.844609
2018-07-13,2018,151.25342,243.798881,146.36341,149.512625,161.017255,159.460545
2018-07-16,2018,152.53933,245.781944,146.399391,151.171002,161.141286,159.331259
2018-07-17,2018,154.966665,251.793525,146.43538,154.311704,164.246261,162.390776
2018-07-18,2018,153.470859,248.776194,146.471378,152.357557,162.63386,160.861026
2018-07-19,2018,152.995017,248.220559,146.507385,151.727999,162.894535,160.839475
2018-07-20,2018,155.781478,252.213232,146.543401,155.335079,165.173339,163.317247
2018-07-23,2018,155.43567,249.426742,146.579426,154.874385,163.964564,162.13222
2018-07-24,2018,157.192813,256.651542,146.615459,157.144719,166.401034,164.825447
2018-07-25,2018,158.904509,256.79981,146.651502,159.356028,168.635691,166.699938
2018-07-26,2018,157.830897,254.394718,146.687553,157.950153,166.926588,165.084002
2018-07-27,2018,155.785815,252.493039,146.723613,155.282661,167.895711,166.182827
2018-07-30,2018,155.888264,252.614891,146.759683,155.40409,168.75762,166.807657
2018-07-31,2018,153.841685,249.977013,146.79576,152.734648,166.537678,164.717711
2018-08-01,2018,154.928829,251.73313,146.831847,154.134859,166.71006,164.739261
2018-08-02,2018,156.501931,252.8377,146.867943,156.166165,167.414303,165.795002
2018-08-03,2018,158.951471,257.386868,146.904048,159.335667,171.19409,169.47935
2018-08-06,2018,158.524253,259.321335,146.940161,158.769222,170.386839,168.574413
2018-08-07,2018,160.216305,262.708208,146.976283,160.954995,168.906877,166.958477
2018-08-08,2018,158.058031,255.635846,147.012414,158.140481,166.394727,164.437621
2018-08-09,2018,158.318083,257.289878,147.048554,158.466561,165.587476,163.661971
2018-08-10,2018,154.659557,249.814685,147.084703,153.703715,160.849077,159.008085
2018-08-13,2018,156.886128,251.573101,147.120861,156.583639,162.913455,161.35657
2018-08-14,2018,158.703901,256.389016,147.157028,158.932668,165.238508,163.532701
2018-08-15,2018,157.881847,250.956011,147.193204,157.853442,162.034728,160.279279
2018-08-16,2018,156.629037,248.416917,147.229388,156.214805,161.490254,159.740634
2018-08-17,2018,155.015248,246.595511,147.265581,154.107375,159.829502,158.038513
2018-08-20,2018,155.792913,251.433625,147.301784,155.105641,160.458065,158.749529
2018-08-21,2018,152.24378,242.312389,147.337995,150.484841,158.044719,156.228673
2018-08-22,2018,152.740319,246.767374,147.374215,151.118011,161.664738,159.762185
2018-08-23,2018,150.474629,240.793116,147.410444,148.163969,158.999126,157.349048
2018-08-24,2018,151.216349,243.391342,147.446682,149.115542,160.319319,158.749529
2018-08-27,2018,152.548569,248.312012,147.482929,150.833974,163.825817,161.80903
2018-08-28,2018,150.521813,246.826141,147.519185,148.190218,162.865104,161.141115
2018-08-29,2018,152.961782,248.731881,147.555449,151.347239,164.790735,163.058691
2018-08-30,2018,149.327969,240.926325,147.591723,146.616448,160.617833,158.878799
2018-08-31,2018,150.617746,243.064704,147.628005,148.27975,161.193841,159.69755
2018-09-03,2018,149.538377,240.270968,147.664297,146.86632,160.174266,158.318619
2018-09-04,2018,144.826612,228.677753,147.700597,140.735622,157.060881,155.280652
2018-09-05,2018,146.600934,232.712656,147.736906,143.028176,157.859724,156.034752
2018-09-06,2018,148.206079,237.946135,147.773224,145.101023,160.64306,159.654449
2018-09-10,2018,148.22945,235.572276,147.809551,145.119674,160.685104,159.438994
2018-09-11,2018,145.667799,231.00948,147.845887,141.781241,156.945259,155.409922
2018-09-12,2018,146.910028,231.910309,147.882232,143.382774,157.929097,156.357943
2018-09-13,2018,145.073994,226.212288,147.918586,140.986671,157.008326,155.172917
2018-09-14,2018,145.368728,229.006061,147.954949,141.357717,158.568171,156.875038
2018-09-17,2018,147.831978,235.456629,147.991321,144.544939,161.427187,159.589814
2018-09-18,2018,150.023895,242.761067,148.027702,147.379786,164.633069,162.347675
2018-09-19,2018,148.096191,237.67279,148.064091,144.864623,164.328247,162.175305
2018-09-20,2018,147.336779,236.524793,148.10049,143.866677,164.21683,162.304591
2018-09-21,2018,151.093315,245.002932,148.136897,148.733432,167.008575,164.825447
2018-09-24,2018,148.867259,239.307001,148.173314,145.8308,163.939337,162.024485
2018-09-25,2018,148.801281,242.163048,148.209739,145.733383,165.29737,163.489601
2018-09-26,2018,148.820766,240.947918,148.246174,145.746951,165.352027,163.424966
2018-09-27,2018,151.065834,244.445167,148.282617,148.650804,168.177408,166.053557
2018-09-28,2018,150.351301,243.709519,148.319069,147.711122,166.794149,165.062452
2018-10-01,2018,149.873755,242.478063,148.355586,147.079188,165.284757,163.317247
2018-10-02,2018,155.383539,253.811875,148.392111,154.222788,171.566183,169.737889
2018-10-03,2018,161.406628,265.299534,148.428645,162.032995,175.057966,172.991311
2018-10-04,2018,160.933067,262.67817,148.465188,161.406227,174.385256,172.107925
2018-10-05,2018,162.878952,265.478252,148.50174,163.921506,173.058757,171.181454
2018-10-08,2018,170.695411,276.431655,148.538301,174.060693,180.9673,180.209154
2018-10-09,2018,171.668617,275.770647,148.574871,175.312781,180.975709,178.830223
2018-10-10,2018,167.590461,266.449561,148.61145,170.004839,175.911466,173.939332
2018-10-11,2018,168.702123,269.347999,148.648039,171.436731,174.317986,172.689671
2018-10-15,2018,168.989385,268.971782,148.684636,171.798,175.240859,173.357585
2018-10-16,2018,173.841633,281.271522,148.721242,178.087653,180.197888,177.968388
2018-10-17,2018,175.152694,284.313857,148.757857,179.778488,180.29459,178.226943
2018-10-18,2018,173.669149,279.586531,148.794481,177.840062,176.264639,178.226943
2018-10-19,2018,175.749413,286.205242,148.831114,180.529829,177.048766,174.995072
2018-10-22,2018,177.186953,289.44671,148.867757,182.384909,179.94352,178.011488
2018-10-23,2018,176.916971,289.284788,148.904408,182.022487,179.319161,177.300473
2018-10-24,2018,175.54038,284.284575,148.941068,180.222948,174.618603,172.689671
2018-10-25,2018,177.869473,288.799043,148.977737,183.235847,176.762865,174.585696
2018-10-26,2018,180.104829,290.703273,149.014416,186.127013,180.202093,178.205393
2018-10-29,2018,178.16379,287.092844,149.051103,183.594435,176.159528,174.111686
2018-10-30,2018,181.734965,295.880473,149.0878,188.220375,182.653278,180.467709
2018-10-31,2018,182.427009,299.540593,149.124505,189.107284,183.784271,181.157175
2018-11-01,2018,183.349379,301.637464,149.161219,190.293309,185.875978,183.67803
2018-11-05,2018,185.279797,303.172424,149.197943,192.788446,188.354492,185.509421
2018-11-06,2018,180.927313,291.774613,149.234675,187.124194,186.401532,183.742665
2018-11-07,2018,178.353044,284.748855,149.271417,183.769245,184.393914,182.255999
2018-11-08,2018,176.548501,279.436332,149.308168,181.41391,179.991871,177.968388
2018-11-09,2018,176.851587,277.632951,149.344927,181.795677,180.036017,177.796017
2018-11-12,2018,179.717435,286.050112,149.381696,185.50561,179.79216,177.429742
2018-11-13,2018,180.236738,285.441758,149.418474,186.168164,178.507705,175.899992
2018-11-14,2018,179.589373,286.480678,149.455261,185.315604,180.733954,178.076123
2018-11-16,2018,183.129754,292.360258,149.492057,189.90152,186.077791,183.785766
2018-11-19,2018,181.879849,291.744621,149.528861,188.266457,184.787029,181.631185
2018-11-21,2018,181.497753,290.136556,149.602499,187.746522,183.458428,181.588084
2018-11-22,2018,184.283156,292.659024,149.639331,191.351964,183.895689,181.631185
2018-11-23,2018,184.718086,291.949188,149.676172,191.904926,181.274224,178.894858
2018-11-26,2018,182.65354,287.068663,149.713022,189.211901,179.838409,177.408192
2018-11-27,2018,187.797399,298.595462,149.749881,195.880179,184.766007,182.040544
2018-11-28,2018,191.379746,301.974348,149.78675,200.520572,187.625023,185.293966
2018-11-29,2018,191.827207,301.098467,149.823627,201.089795,188.589941,186.112701
2018-11-30,2018,189.816296,295.893636,149.860514,198.466414,188.156884,186.091167
2018-12-03,2018,189.111365,292.317403,149.89741,197.539059,188.821185,186.349706
2018-12-04,2018,188.584505,290.673265,149.934314,196.842957,186.306932,183.634946
2018-12-05,2018,187.896012,291.720095,149.971228,195.936944,187.181455,185.358601
2018-12-06,2018,189.408311,294.431961,150.008151,197.889022,186.773625,184.302861
2018-12-07,2018,188.021697,292.18163,150.045083,196.076377,185.236904,182.988565
2018-12-10,2018,185.856072,286.923723,150.082024,193.252056,180.612025,178.528583
2018-12-11,2018,187.725407,292.121076,150.118974,195.667794,181.673645,179.907514
2018-12-12,2018,190.948301,296.515572,150.155934,199.84135,182.84458,180.769349
2018-12-13,2018,191.685719,298.740087,150.192902,200.7871,184.654589,181.588084
2018-12-14,2018,192.680439,301.045212,150.22988,202.066998,183.838929,181.437264
2018-12-17,2018,189.983641,298.510343,150.266866,198.552846,181.631601,179.347318
2018-12-18,2018,193.083815,304.848212,150.303862,202.567016,182.073066,179.907514
2018-12-19,2018,191.761094,304.668336,150.340867,200.837325,180.105391,177.752933
2018-12-20,2018,192.834917,306.921659,150.377881,202.219939,179.253992,177.580562
2018-12-21,2018,193.577678,313.338339,150.414904,203.172611,180.153742,177.623663
2018-12-26,2018,192.466877,308.651596,150.488977,201.706192,178.974398,176.977282
2018-12-27,2018,192.183413,306.592617,150.526027,201.326133,179.655516,178.076123
2018-12-28,2018,196.799726,316.746088,150.563087,207.30924,184.757598,182.27755
2019-01-03,2019,195.439651,311.513109,150.600156,205.633697,185.878178,182.484916
2019-01-04,2019,196.051357,309.714315,150.637233,206.475844,186.440497,183.521762
2019-01-07,2019,195.59698,309.94809,150.67432,205.820632,186.152232,183.480295
2019-01-08,2019,196.375849,311.165816,150.711416,206.897557,186.828234,184.206084
2019-01-09,2019,197.29151,310.70472,150.748521,208.166605,190.037721,187.295881
2019-01-10,2019,198.12445,308.910742,150.785636,209.319465,190.429517,187.503247
2019-01-11,2019,197.095391,305.566723,150.822759,207.857077,190.129072,187.420298
2019-01-14,2019,198.442878,307.839924,150.859892,209.732628,191.785581,189.141466
2019-01-15,2019,197.622665,309.677276,150.897033,208.563563,190.937026,187.897254
2019-01-16,2019,199.058387,316.521482,150.934184,210.563036,191.621148,189.01705
2019-01-17,2019,199.260545,318.328337,150.971344,210.829919,193.565922,190.717477
2019-01-18,2019,199.427208,323.365612,151.008513,211.046943,195.080329,192.044638
2019-01-21,2019,198.375521,323.232745,151.045692,209.552748,194.903716,192.106847
2019-01-22,2019,196.669693,322.757769,151.082879,207.139783,193.062474,189.535473
2019-01-23,2019,200.955578,324.726017,151.120076,213.14239,196.016175,193.060743
2019-01-24,2019,201.966447,328.90549,151.157282,214.545116,198.287785,195.279593
2019-01-28,2019,199.437924,328.207408,151.231721,210.95955,193.754716,190.945584
2019-01-29,2019,201.907834,326.048316,151.268954,214.41154,194.150573,191.173692
2019-01-30,2019,202.586313,323.961481,151.306196,215.347395,196.905331,193.93169
2019-01-31,2019,201.604816,321.986325,151.343448,213.95175,197.713285,194.927069
2019-02-01,2019,200.987803,324.998221,151.380709,213.06803,198.661312,195.6736
2019-02-04,2019,200.754185,325.308227,151.417978,212.722801,200.139178,197.06297
2019-02-05,2019,201.280987,323.341322,151.455258,213.445603,199.574828,196.58603
2019-02-06,2019,196.111188,318.121188,151.492546,206.167319,192.114447,189.265883
2019-02-07,2019,196.714273,317.448135,151.529843,206.997256,191.647539,188.705993
2019-02-08,2019,200.469704,327.954317,151.56715,212.254773,193.549682,190.157571
2019-02-11,2019,198.167878,325.828282,151.604466,209.004647,191.661749,188.685251
2019-02-12,2019,202.114526,335.178797,151.641791,214.530726,195.224461,191.71284
2019-02-13,2019,200.835075,330.532622,151.679125,212.716556,194.56267,192.023897
2019-02-14,2019,205.345742,337.15248,151.716468,219.034811,198.973937,195.632117
2019-02-15,2019,204.213957,333.769845,151.753821,217.428035,197.98125,195.010019
2019-02-18,2019,205.967822,337.270411,151.791183,219.874255,195.918734,192.81191
2019-02-19,2019,205.863939,338.546492,151.828554,219.711195,198.251244,194.470855
2019-02-20,2019,204.562734,335.871626,151.865934,217.86645,195.989785,193.205901
2019-02-21,2019,208.370789,340.478647,151.903323,223.19784,196.775409,194.056122
2019-02-22,2019,213.871782,340.686541,151.940722,230.907019,198.712063,195.839499
2019-02-25,2019,215.987499,340.384189,151.97813,233.86145,197.40066,194.450113
2019-02-26,2019,217.421508,341.921926,152.015547,235.858395,198.137562,195.175918
2019-02-27,2019,214.45726,334.702917,152.052973,231.677825,197.536672,194.595271
2019-02-28,2019,214.452274,330.87386,152.090408,231.65364,194.038921,190.468628
2019-03-01,2019,217.556585,333.756614,152.127853,235.996571,192.049486,188.871892
2019-03-06,2019,219.150903,325.409059,152.165307,238.218658,191.263862,188.208311
2019-03-07,2019,216.440944,321.680926,152.20277,234.395229,191.513556,188.809684
2019-03-08,2019,217.505548,335.318548,152.240242,235.873304,193.594343,190.468628
2019-03-11,2019,222.715409,337.599353,152.277724,243.17354,198.998298,196.067606
2019-03-12,2019,221.584857,335.933525,152.315215,241.568432,198.59432,195.756549
2019-03-13,2019,225.970491,334.290741,152.352715,247.711002,200.778639,197.643601
2019-03-14,2019,225.228082,334.136917,152.390224,246.651047,200.171658,196.897071
2019-03-15,2019,226.726413,333.179771,152.427742,248.738286,201.251637,198.099816
2019-03-18,2019,230.619981,339.51861,152.46527,254.189719,202.991378,199.862451
2019-03-19,2019,228.522625,342.194379,152.502807,251.226679,202.167183,199.19887
2019-03-20,2019,228.099516,340.889024,152.540353,250.615175,199.026718,195.652859
2019-03-21,2019,225.880279,338.576486,152.577909,247.48094,196.363311,192.874119
2019-03-22,2019,220.288381,336.059675,152.615473,239.609676,190.285385,187.150724
2019-03-25,2019,221.544531,340.831794,152.653047,241.356739,190.137192,187.35809
2019-03-26,2019,225.642842,342.761343,152.690631,247.095715,193.476601,190.59306
2019-03-27,2019,217.794935,333.666431,152.728223,236.055794,186.56636,182.692282
2019-03-28,2019,221.758509,334.579362,152.765825,241.605519,191.613028,188.74746
2019-03-29,2019,225.676821,341.690479,152.803436,247.091668,193.695845,190.385678
2019-04-01,2019,227.110788,341.882386,152.841056,249.08846,194.993037,191.505474
2019-04-02,2019,224.100887,336.964524,152.878685,244.843674,193.639004,190.427161
2019-04-03,2019,226.481183,341.778992,152.916324,248.169611,191.820092,189.037791
2019-04-04,2019,226.533744,339.323529,152.953972,248.226155,195.518817,192.583803
2019-04-05,2019,227.886938,347.625317,152.991629,250.109483,197.132695,194.01464
2019-04-08,2019,229.301294,353.574158,153.029296,252.078709,197.662534,194.470855
2019-04-09,2019,226.386046,348.963773,153.066972,247.966845,195.476186,192.231263
2019-04-10,2019,226.240325,348.248922,153.104657,247.744879,194.788004,191.79579
2019-04-11,2019,223.701501,349.579167,153.142351,244.161709,192.356021,189.49399
2019-04-12,2019,224.350429,349.94558,153.180055,245.055847,188.539554,185.616196
2019-04-15,2019,223.93146,348.444352,153.217768,244.450081,188.961802,186.238294
2019-04-16,2019,221.769313,347.07651,153.25549,241.395954,191.499346,188.705993
2019-04-17,2019,219.388518,344.816383,153.293221,238.034724,189.371869,186.632301
2019-04-18,2019,220.823183,343.843331,153.330962,240.032441,191.996705,189.037791
2019-04-22,2019,220.490589,348.821486,153.368712,239.547975,192.017005,189.120725
2019-04-23,2019,224.033421,358.576088,153.406472,244.50668,194.727103,191.546957
2019-04-24,2019,221.86162,357.051717,153.44424,241.438973,192.944731,189.950205
2019-04-25,2019,223.166467,360.969432,153.482018,243.254339,196.003995,192.646011
2019-04-26,2019,223.974609,354.369036,153.519806,244.37206,195.362504,192.086105
2019-04-29,2019,223.118812,354.762025,153.557602,243.152715,195.265062,192.272746
2019-04-30,2019,226.54571,356.203316,153.595408,247.948566,195.600018,192.604528
2019-05-02,2019,225.460751,363.159173,153.633223,246.407346,193.925239,191.111483
2019-05-03,2019,231.456346,372.725504,153.671048,254.811015,194.899656,192.023897
2019-05-06,2019,231.12053,369.900567,153.708882,254.321986,192.87165,189.970946
2019-05-07,2019,229.510874,370.047803,153.746725,252.043797,191.613028,188.664526
2019-05-08,2019,230.850225,370.562073,153.784577,253.907591,194.065311,191.007792
2019-05-09,2019,230.157895,369.739347,153.822439,252.917811,192.463613,189.473265
2019-05-10,2019,230.993442,372.762643,153.86031,254.073986,191.347093,188.291261
2019-05-13,2019,224.576132,360.264961,153.89819,245.043256,186.209073,183.127756
2019-05-14,2019,226.683896,362.864584,153.93608,247.986297,186.950036,184.060927
2019-05-15,2019,223.723508,356.275462,153.973979,243.810931,185.99795,182.215342
2019-05-16,2019,222.841657,351.594111,154.011888,242.554941,182.751923,179.498794
2019-05-17,2019,223.676803,357.264275,154.049805,243.710531,182.688992,179.872059
2019-05-20,2019,228.611655,373.070675,154.087732,250.624301,186.653651,184.206084
2019-05-21,2019,236.254405,376.718658,154.125669,261.341407,191.807912,189.099999
2019-05-22,2019,238.564718,376.158719,154.163614,264.568911,191.556187,188.623043
2019-05-23,2019,237.374283,373.827754,154.20157,262.879481,190.640641,187.523989
2019-05-24,2019,235.096273,363.476854,154.239534,259.66251,190.068171,187.150724
2019-05-27,2019,238.864991,362.29519,154.277508,264.938382,192.577295,189.742839
2019-05-28,2019,240.508953,372.888851,154.315491,267.229953,195.681219,192.54232
2019-05-29,2019,239.069353,378.092506,154.353483,265.190546,196.034446,192.977794
2019-05-30,2019,241.961165,385.125094,154.391485,269.234758,197.841177,194.84412
2019-05-31,2019,240.576147,379.995423,154.429496,267.272004,196.974352,194.076848
2019-06-03,2019,238.790384,375.563778,154.467517,264.746385,196.954052,193.848756
2019-06-04,2019,241.678562,380.564726,154.505547,268.785482,197.684865,194.512337
2019-06-05,2019,237.221334,370.20507,154.543586,262.507686,194.881385,192.106847
2019-06-06,2019,239.447791,366.565482,154.581635,265.617362,197.329608,194.28423
2019-06-07,2019,242.311898,377.25313,154.619693,269.622637,198.58011,195.383284
2019-06-10,2019,244.396821,376.24433,154.65776,272.533514,197.861478,194.616012
2019-06-11,2019,248.425074,373.715998,154.695837,278.173865,200.892321,197.871709
2019-06-12,2019,242.166389,369.099273,154.733923,269.365835,199.595128,196.295714
2019-06-13,2019,241.762296,368.814825,154.772018,268.780788,200.514734,197.291077
2019-06-14,2019,238.570169,361.75297,154.810123,264.279841,199.024688,195.984657
2019-06-17,2019,237.982881,368.608731,154.848238,263.437482,198.178163,195.445492
2019-06-18,2019,241.10375,372.396472,154.886361,267.803357,201.793657,198.597498
2019-06-19,2019,240.37442,372.142525,154.924494,266.761486,203.618659,200.380874
2019-06-21,2019,241.957159,376.150437,154.962637,268.966993,207.090019,203.678053
2019-06-24,2019,242.830719,379.371716,155.000788,270.17643,207.189491,203.864678
2019-06-25,2019,238.880704,372.087962,155.03895,264.610976,203.192351,199.820984
2019-06-26,2019,239.64131,375.245836,155.07712,265.661755,204.402252,200.837089
2019-06-27,2019,241.900976,376.432357,155.1153,268.818016,204.473304,201.293304
2019-06-28,2019,244.063856,376.783167,155.15349,271.83833,204.966602,201.376254
2019-07-01,2019,245.225921,382.691376,155.191688,273.452961,205.723805,202.081301
2019-07-02,2019,241.095332,370.762112,155.229897,267.633864,204.231729,200.67119
2019-07-03,2019,244.380657,371.638161,155.268114,272.23068,207.15092,207.369223
2019-07-04,2019,245.718666,372.415291,155.306341,274.092417,210.384767,207.369223
2019-07-05,2019,247.086107,375.156077,155.344578,275.995488,211.304373,207.929113
2019-07-08,2019,249.197435,372.798432,155.382823,278.943372,212.199619,208.530485
2019-07-10,2019,253.183383,389.764383,155.459343,284.50666,214.812275,211.433658
2019-07-11,2019,249.458319,374.160619,155.497617,279.257106,213.450121,209.878388
2019-07-12,2019,247.532092,368.160906,155.535901,276.53408,210.932877,207.472914
2019-07-15,2019,246.778885,363.486666,155.574194,275.458599,210.723783,207.452172
2019-07-16,2019,248.010937,364.201272,155.612496,277.17148,210.666942,207.161857
2019-07-17,2019,248.311934,363.474532,155.650808,277.576658,210.831375,207.389964
2019-07-18,2019,249.693892,360.338151,155.689129,279.50008,212.579236,208.820801
2019-07-19,2019,246.853004,352.80293,155.72746,275.492358,210.011241,206.539743
2019-07-22,2019,248.905197,363.759166,155.7658,278.35714,211.020168,207.369223
2019-07-23,2019,248.428711,369.532984,155.80415,277.670298,210.52281,207.576589
2019-07-24,2019,246.314736,368.988089,155.842509,274.683538,211.367304,208.177961
2019-07-25,2019,245.225935,368.869519,155.880877,273.136668,208.393302,204.880798
2019-07-26,2019,246.78655,370.386739,155.919255,275.310994,208.726228,205.606588
2019-07-29,2019,248.508635,371.402832,155.957642,277.712106,210.074172,206.456793
2019-07-30,2019,247.553977,370.313584,155.996039,276.353631,208.957652,205.544379
2019-07-31,2019,247.220354,372.399832,156.034445,275.867419,206.681982,203.180371
2019-08-01,2019,247.892136,368.483139,156.069945,276.794668,207.319413,204.113527
2019-08-02,2019,247.00852,368.863801,156.105452,275.537301,208.431873,204.839316
2019-08-05,2019,241.687097,366.557548,156.140968,268.04687,203.202501,200.049092
2019-08-06,2019,248.502476,385.815792,156.176491,277.603012,207.396555,204.134268
2019-08-07,2019,247.217526,387.409713,156.212023,275.781946,208.651117,205.399222
2019-08-08,2019,249.688943,386.00264,156.247563,279.236828,211.357154,208.115753
2019-08-09,2019,249.83233,393.841065,156.283111,279.421905,211.11558,207.866904
2019-08-12,2019,246.956985,388.116683,156.318667,275.367061,206.891076,203.553637
2019-08-13,2019,251.585587,398.70494,156.354231,281.851777,209.700645,206.373844
2019-08-14,2019,246.993933,395.219413,156.389803,275.386306,203.527307,200.422357
2019-08-15,2019,243.207845,390.413472,156.425383,270.052278,201.089234,197.788759
2019-08-16,2019,247.81121,401.22099,156.460971,276.501538,202.609731,199.385511
2019-08-19,2019,247.167113,399.070762,156.496568,275.580543,201.925609,198.597498
2019-08-20,2019,246.664363,396.396444,156.532172,274.858071,201.42419,198.120557
2019-08-21,2019,248.123139,403.394152,156.567785,276.89063,205.443661,202.2472
2019-08-22,2019,243.111161,395.108489,156.603406,269.834776,203.025888,199.800243
2019-08-23,2019,238.935086,388.87906,156.639035,263.952975,198.267485,194.968536
2019-08-26,2019,237.302076,382.727755,156.674672,261.642999,195.756331,192.127588
2019-08-27,2019,239.265897,390.426652,156.710317,264.384897,197.473741,194.20128
2019-08-28,2019,237.952666,384.713527,156.74597,262.524052,199.337314,196.129815
2019-08-29,2019,246.681699,401.732733,156.781631,274.767927,204.067296,200.85783
2019-08-30,2019,249.592397,413.000848,156.8173,278.839736,205.307648,202.4131
2019-09-02,2019,248.384064,405.54711,156.852978,277.126215,204.27436,200.650464
2019-09-03,2019,245.45868,399.232814,156.888664,273.001029,202.355976,198.867088
2019-09-04,2019,247.618384,402.368872,156.924357,276.018029,205.441631,201.915418
2019-09-05,2019,247.047747,398.811938,156.960059,275.200162,207.556928,204.134268
2019-09-06,2019,244.869593,392.675257,156.995769,272.124477,208.961712,205.565105
2019-09-09,2019,245.478627,394.214288,157.031487,272.963494,209.461101,205.979853
2019-09-10,2019,243.590467,391.518519,157.067213,270.295108,209.158626,205.689537
2019-09-11,2019,246.480481,400.78891,157.102948,274.337836,209.99906,206.8508
2019-09-12,2019,246.419588,398.81666,157.13869,274.235905,211.876843,208.115753
2019-09-13,2019,242.340634,390.563622,157.174441,268.490459,210.110712,206.498276
2019-09-16,2019,242.35651,400.948414,157.2102,268.496346,210.474089,206.954491
2019-09-17,2019,246.912716,416.186209,157.245967,274.879285,212.376232,208.945233
2019-09-18,2019,247.600338,412.726216,157.281742,275.828655,212.203679,208.675643
2019-09-19,2019,249.391016,415.781079,157.314569,278.328662,211.811882,208.281652
2019-09-20,2019,249.727197,414.46801,157.347404,278.785769,212.782239,208.945233
2019-09-23,2019,248.9202,414.116717,157.380246,277.637239,212.418863,208.9867
2019-09-24,2019,246.110781,411.327438,157.413094,273.676233,210.871976,207.369223
2019-09-25,2019,245.873768,409.963286,157.445949,273.328261,212.100147,208.302378
2019-09-26,2019,246.127877,412.974607,157.478811,273.670083,213.801317,210.334603
2019-09-27,2019,246.190084,416.551554,157.51168,273.74237,213.312078,209.940597
2019-09-30,2019,246.183076,418.463268,157.544556,273.717438,212.636077,209.463656
2019-10-01,2019,246.380013,416.947317,157.577439,273.978951,211.231292,207.493639
2019-10-02,2019,242.051812,409.62265,157.610329,267.884741,205.096524,201.459203
2019-10-03,2019,242.572225,402.998712,157.643225,268.600581,206.081092,202.641207
2019-10-04,2019,245.623353,410.986691,157.676128,272.8709,208.182179,204.652691
2019-10-07,2019,241.308197,400.350123,157.709038,266.795002,204.166768,200.733414
2019-10-08,2019,239.092525,402.045949,157.741955,263.667903,202.964987,199.385511
2019-10-09,2019,242.599167,408.136445,157.774879,268.577998,205.539072,202.184992
2019-10-10,2019,243.430608,405.444062,157.80781,269.730672,206.692132,203.387738
2019-10-11,2019,248.047943,413.198231,157.840748,276.200769,210.782654,207.307015
2019-10-14,2019,250.333656,419.566314,157.873692,279.396016,211.736771,208.095012
2019-10-15,2019,250.778035,418.730548,157.906644,280.005038,212.118418,208.571968
2019-10-16,2019,250.31176,418.071078,157.939602,279.335012,214.012441,210.272395
2019-10-17,2019,252.306858,424.64542,157.972567,282.122069,213.186216,209.546606
2019-10-18,2019,250.750366,422.19977,158.005539,279.920786,212.603596,208.924492
2019-10-21,2019,253.79727,433.461423,158.038518,284.185137,215.228432,211.516607
2019-10-22,2019,255.67677,437.601848,158.071504,286.809823,217.98725,214.087981
2019-10-23,2019,254.993532,436.425985,158.104497,285.835049,218.318146,214.41978
2019-10-24,2019,251.726752,434.261895,158.137496,281.231592,217.185386,213.590299
2019-10-25,2019,247.83185,429.239035,158.170503,275.745913,217.95274,214.357571
2019-10-28,2019,249.246998,429.673115,158.203516,277.718387,219.623459,215.560301
2019-10-29,2019,245.586177,420.931137,158.236536,272.561478,218.342507,214.627146
2019-10-30,2019,248.752336,423.840582,158.269563,276.993304,220.072097,216.265364
2019-10-31,2019,249.342089,428.578998,158.299611,277.807842,217.660415,214.067256
2019-11-01,2019,252.966238,435.87263,158.329664,282.884298,219.641729,216.223882
2019-11-04,2019,251.677588,435.391793,158.359723,281.060545,220.463894,216.970412
2019-11-05,2019,250.844324,433.627577,158.389787,279.876398,220.159388,217.053362
2019-11-06,2019,251.586357,430.259066,158.419858,280.904808,219.925934,216.389781
2019-11-07,2019,249.340565,417.083768,158.449934,277.736709,222.453329,218.380523
2019-11-08,2019,246.269012,406.924222,158.480015,273.408796,218.490699,214.41978
2019-11-11,2019,248.403052,419.000563,158.510103,276.392323,219.6803,216.161673
2019-11-12,2019,244.765989,416.431701,158.540196,271.270125,216.777349,212.449762
2019-11-13,2019,240.904486,414.36632,158.570295,265.83269,215.009188,212.283879
2019-11-14,2019,244.653148,423.696962,158.600399,271.084003,216.314501,212.657144
2019-11-18,2019,243.398439,415.719196,158.63051,269.307901,215.888194,211.516607
2019-11-19,2019,243.980223,419.081713,158.660626,270.111215,214.408298,211.433658
2019-11-21,2019,247.121135,424.810089,158.720875,274.495086,218.222734,214.627146
2019-11-22,2019,248.455918,427.397193,158.751008,276.356009,220.648627,216.908204
2019-11-25,2019,247.53719,424.551302,158.781147,275.051788,220.104577,216.182415
2019-11-26,2019,246.051139,418.988475,158.811292,272.950741,217.333579,214.502729
2019-11-27,2019,248.972606,423.772718,158.841442,277.040208,218.651072,215.000411
2019-11-28,2019,250.053256,429.290655,158.871598,278.544181,219.832553,216.451989
2019-11-29,2019,248.893302,425.405061,158.90176,276.90114,219.716841,216.389781
2019-12-02,2019,251.037925,425.568502,158.931927,279.899494,221.39771,217.343677
2019-12-03,2019,248.143478,423.778122,158.9621,275.820291,221.184556,217.737684
2019-12-04,2019,248.935733,420.884853,158.992279,276.91919,223.914954,220.018742
2019-12-05,2019,250.623521,425.675469,159.022464,279.275897,224.566596,220.723806
2019-12-06,2019,252.175595,425.800842,159.052654,281.441983,225.589734,221.739911
2019-12-09,2019,252.324995,425.384339,159.082851,281.637963,225.287258,221.408112
2019-12-10,2019,253.532828,426.143654,159.113053,283.320545,224.668097,221.014121
2019-12-11,2019,256.365768,428.842412,159.14326,287.285648,225.260868,221.366645
2019-12-12,2019,259.306695,434.503858,159.170456,291.403805,227.769992,223.647704
2019-12-13,2019,260.238374,430.917209,159.197657,292.699898,228.510955,224.6016
2019-12-16,2019,260.710391,433.895755,159.224862,293.350376,227.152861,223.378129
2019-12-17,2019,259.409125,435.512833,159.252072,291.510212,228.614487,224.808982
2019-12-18,2019,261.310583,444.468788,159.279287,294.168388,232.063517,228.437943
2019-12-19,2019,261.650396,445.782027,159.306506,294.633175,233.720026,229.806572
2019-12-20,2019,262.413766,450.979196,159.33373,295.692862,233.699726,229.848039
2019-12-23,2019,266.394593,453.591946,159.360958,301.27158,235.206012,231.569207
2019-12-26,2019,268.187095,461.570896,159.415429,303.764213,237.92626,233.933215
2019-12-27,2019,265.210839,457.125418,159.442672,299.571451,236.568166,232.606053
2019-12-30,2019,264.26137,452.338457,159.469919,298.225382,235.411046,230.656793
2020-01-03,2020,262.893378,456.958289,159.497171,296.600743,233.691717,229.768419
2020-01-06,2020,261.491661,452.66254,159.524427,294.474591,232.045847,227.32535
2020-01-07,2020,265.68874,454.078419,159.551688,300.772937,231.617008,226.618684
2020-01-08,2020,268.117276,447.754556,159.578954,304.410156,230.79308,226.033156
2020-01-09,2020,268.928124,450.551871,159.606225,305.61324,230.197469,225.447644
2020-01-10,2020,268.94643,452.935458,159.6335,305.623782,229.315966,224.680393
2020-01-13,2020,271.269964,462.224935,159.66078,309.102996,232.933307,228.314698
2020-01-14,2020,275.025638,460.956556,159.688064,314.737147,233.542815,228.799266
2020-01-15,2020,276.940581,461.470792,159.715353,317.601549,231.124636,226.497545
2020-01-16,2020,277.91569,457.027491,159.742647,319.05178,231.700393,226.840781
2020-01-17,2020,279.890111,458.587756,159.769945,322.005672,235.222436,230.374127
2020-01-20,2020,280.576011,460.531054,159.797248,323.020726,235.984817,231.000044
2020-01-21,2020,278.396372,447.032756,159.824556,319.724003,232.339682,227.446504
2020-01-22,2020,277.159162,467.900941,159.851868,317.845348,235.049709,230.374127
2020-01-23,2020,278.781904,460.568835,159.879186,320.270058,237.307072,232.615278
2020-01-24,2020,277.440276,455.352819,159.906507,318.234281,235.019928,230.172224
2020-01-27,2020,270.316898,440.299802,159.933834,307.498706,227.288905,222.681533
2020-01-28,2020,276.564384,438.389113,159.961165,316.882255,231.253685,226.739838
2020-01-29,2020,272.767643,429.838149,159.988501,311.152261,229.081693,223.872768
2020-01-30,2020,270.853552,417.836899,160.015841,308.255088,229.3656,224.498686
2020-01-31,2020,269.405328,404.026172,160.043186,306.0589,225.857455,219.875049
2020-02-03,2020,273.570505,409.379809,160.070536,312.309189,227.580754,222.944005
2020-02-04,2020,276.04951,406.272764,160.09789,316.022294,229.423176,224.53906
2020-02-05,2020,279.504148,408.156114,160.12525,321.20343,230.358284,225.669726
2020-02-06,2020,276.472511,403.04135,160.151089,316.625621,228.694546,224.014102
2020-02-07,2020,272.402386,394.267581,160.176933,310.485197,225.875323,220.783617
2020-02-10,2020,268.306552,389.559062,160.20278,304.306087,223.492882,219.652952
2020-02-11,2020,274.644877,403.096269,160.228632,313.827244,229.053897,224.720783
2020-02-12,2020,276.502841,411.156171,160.254488,316.606802,231.640832,227.042683
2020-02-13,2020,277.422835,410.31306,160.280349,317.974996,229.63164,223.913158
2020-02-14,2020,277.480649,407.562512,160.306213,318.045866,227.088383,222.257534
2020-02-17,2020,280.755754,407.556168,160.332082,322.957787,228.930805,223.711256
2020-02-18,2020,282.786689,407.618607,160.357954,325.997605,228.271662,224.397727
2020-02-19,2020,285.329035,407.587555,160.383831,329.80694,231.331115,226.295643
2020-02-20,2020,281.711991,399.468845,160.409712,324.348243,227.495384,222.499811
2020-02-21,2020,282.680817,397.875258,160.435598,325.7899,225.698625,220.98552
2020-02-26,2020,265.67657,371.204955,160.461487,300.187486,209.88914,205.741667
2020-02-27,2020,258.90153,358.679933,160.487381,289.976949,204.461143,200.29021
2020-02-28,2020,259.567089,364.639488,160.513279,290.96227,206.819761,203.11689
2020-03-02,2020,266.098762,371.886592,160.539181,300.774326,211.689869,207.942429
2020-03-03,2020,261.924529,369.088878,160.565087,294.477212,209.529788,205.438805
2020-03-04,2020,267.934366,366.127424,160.590997,303.504057,212.879104,208.164526
2020-03-05,2020,256.386888,335.794988,160.616912,286.112423,202.970132,199.462406
2020-03-06,2020,250.454268,323.315675,160.642831,277.169457,194.560113,190.598757
2020-03-09,2020,223.860133,273.71588,160.668754,237.137128,170.874672,166.975809
2020-03-10,2020,234.715776,296.684888,160.694681,253.455442,183.07873,178.948804
2020-03-11,2020,221.878993,280.208379,160.720612,234.123782,169.095782,165.683615
2020-03-12,2020,193.437678,221.230144,160.746548,191.311994,144.103969,141.535724
2020-03-13,2020,210.759391,260.556163,160.772487,217.359789,164.14626,160.494646
2020-03-16,2020,189.686944,226.238507,160.798431,185.635924,141.294674,138.103338
2020-03-17,2020,197.337224,220.760141,160.824379,197.131119,148.142208,143.352876
2020-03-18,2020,183.121784,181.816567,160.850331,175.724981,132.811196,131.258744
2020-03-19,2020,183.0455,188.225622,160.873216,175.595931,135.66417,131.238549
2020-03-20,2020,182.992634,195.906384,160.896103,175.502117,133.15665,130.77416
2020-03-23,2020,178.043907,182.613003,160.918994,168.041502,126.209847,123.444997
2020-03-24,2020,186.301822,199.127404,160.941888,180.452908,138.437729,136.084283
2020-03-25,2020,193.257063,229.011317,160.964785,190.90418,148.815248,144.826793
2020-03-26,2020,199.644223,244.563732,160.987685,200.500659,154.282951,150.560901
2020-03-27,2020,193.71078,225.513922,161.010589,191.558335,145.783591,141.778016
2020-03-30,2020,196.768022,223.659088,161.033496,196.144285,148.187871,145.311362
2020-03-31,2020,194.279867,216.591801,161.056406,192.386079,144.971575,140.021433
2020-04-01,2020,190.157524,205.533907,161.07932,186.168909,140.895615,137.659143
2020-04-02,2020,186.733458,202.302529,161.102236,181.002435,143.448798,140.586766
2020-04-03,2020,184.617553,185.846221,161.125156,177.804346,138.058524,135.074756
2020-04-06,2020,191.260407,201.286643,161.14808,187.785553,147.062168,144.503737
2020-04-07,2020,191.513861,213.094084,161.171006,188.152634,151.598734,148.420708
2020-04-08,2020,195.1586,228.583025,161.193936,193.622575,156.099563,152.903012
2020-04-09,2020,196.765711,229.717505,161.216869,196.026497,154.227361,151.166623
2020-04-13,2020,200.136085,234.122268,161.239805,201.083599,156.518476,153.367385
2020-04-14,2020,201.814735,245.225245,161.262745,203.595163,158.666644,155.164343
2020-04-15,2020,202.035758,244.932117,161.285688,203.913434,156.508549,153.549108
2020-04-16,2020,200.866832,246.445042,161.308634,202.140248,154.485459,151.287762
2020-04-17,2020,202.242547,247.958225,161.331583,204.195979,156.824222,153.448149
2020-04-20,2020,204.075363,252.504794,161.354536,206.939507,156.790471,152.761678
2020-04-22,2020,207.809568,256.050267,161.377492,212.544053,160.193392,156.880536
2020-04-23,2020,205.889008,251.900468,161.400451,209.639876,158.180229,154.760538
2020-04-24,2020,197.854804,233.34431,161.423414,197.536502,149.559761,146.199751
2020-04-27,2020,204.980038,240.69275,161.446379,208.243519,155.333211,152.014623
2020-04-28,2020,212.611158,245.93176,161.469348,219.71174,161.434247,158.091981
2020-04-29,2020,214.680106,265.272703,161.492321,222.810564,165.125046,161.887798
2020-04-30,2020,214.980202,258.24978,161.515296,223.247796,159.83404,155.891204
2020-05-04,2020,209.012731,250.776856,161.538275,214.254224,156.59789,153.650052
2020-05-05,2020,209.078503,249.104703,161.561257,214.338864,157.779184,154.538441
2020-05-06,2020,206.896233,244.506687,161.584242,211.040876,156.97114,153.851954
2020-05-07,2020,205.870863,238.903304,161.602574,209.486576,155.094967,152.23672
2020-05-08,2020,206.278253,235.624445,161.620908,210.088146,159.351596,156.335398
2020-05-11,2020,208.186096,226.05039,161.639244,212.947447,156.973125,153.730816
2020-05-12,2020,207.564754,220.756547,161.657582,212.001082,154.604581,151.429095
2020-05-13,2020,207.053934,214.399477,161.675922,211.22102,154.406044,151.731956
2020-05-14,2020,210.049401,220.119749,161.694264,215.716862,156.865915,153.952913
2020-05-15,2020,206.5524,218.466588,161.712608,210.443493,153.97919,150.540706
2020-05-18,2020,208.662015,227.273038,161.730954,213.606391,161.199974,157.546828
2020-05-19,2020,208.315665,229.241281,161.749303,213.073801,160.302587,156.779593
2020-05-20,2020,207.940048,233.183576,161.767653,212.497171,161.448145,158.394827
2020-05-21,2020,207.733419,241.533636,161.786006,212.174817,164.839153,161.463799
2020-05-22,2020,208.273173,237.984035,161.80436,212.975543,163.143649,161.40323
2020-05-25,2020,212.337332,251.005668,161.822717,219.079436,170.072583,166.773907
2020-05-26,2020,213.559033,252.604785,161.841076,220.906283,169.687422,166.471045
2020-05-27,2020,219.979011,261.877667,161.859437,230.554973,174.605179,170.973544
2020-05-28,2020,218.958915,261.827507,161.8778,229.008589,172.625767,168.89392
2020-05-29,2020,219.211735,260.390546,161.896165,229.377559,173.527124,169.903448
2020-06-01,2020,220.484305,271.806175,161.914532,231.280944,175.943317,172.285933
2020-06-02,2020,223.298594,287.693635,161.932901,235.504152,180.75982,177.23261
2020-06-03,2020,226.523087,309.101139,161.951272,240.34459,184.6432,180.442915
2020-06-04,2020,228.343993,323.24909,161.969646,243.073053,186.285099,182.340816
2020-06-05,2020,228.744275,327.367226,161.988021,243.663902,187.889276,183.834927
2020-06-08,2020,236.80769,343.997772,162.006399,255.785461,193.861263,189.690173
2020-06-09,2020,234.786596,341.724912,162.024778,252.732864,192.078403,187.671119
2020-06-10,2020,231.069699,336.29026,162.04316,247.128594,187.986559,184.077204
2020-06-12,2020,229.634912,327.151467,162.061544,244.958212,184.232228,180.200623
2020-06-15,2020,228.660087,322.07775,162.07993,243.479933,183.400359,179.837192
2020-06-16,2020,230.551602,320.093816,162.098318,246.314631,185.693459,181.714914
2020-06-17,2020,233.734441,324.940445,162.116708,251.092382,189.695961,185.652064
2020-06-18,2020,234.393663,326.652458,162.130394,252.07578,190.843504,187.025022
2020-06-19,2020,234.543177,332.946446,162.144081,252.292223,191.730963,187.045217
2020-06-22,2020,233.737181,337.118501,162.157769,251.070908,189.277049,185.248259
2020-06-23,2020,233.285329,349.872644,162.171458,250.382473,190.545699,186.277982
2020-06-24,2020,232.519371,345.585915,162.185149,249.221404,187.373081,183.269579
2020-06-25,2020,233.515562,343.715448,162.19884,250.711836,190.561582,186.540453
2020-06-26,2020,229.093829,331.113153,162.212533,244.049923,186.295026,182.159108
2020-06-29,2020,231.423219,336.265805,162.226227,247.546417,190.06921,186.358746
2020-06-30,2020,231.092906,334.455057,162.239922,247.040858,188.721146,184.985788
2020-07-01,2020,232.19667,340.976956,162.253619,248.693154,190.998363,187.125981
2020-07-02,2020,230.622752,336.973998,162.267316,246.316342,191.061894,186.76255
2020-07-03,2020,232.917624,348.563422,162.281015,249.760894,192.11414,188.155703
2020-07-06,2020,235.175833,353.978805,162.294714,253.150279,196.426359,192.436089
2020-07-07,2020,238.409662,348.096894,162.308415,258.007678,194.091566,189.993035
2020-07-08,2020,238.576341,351.153605,162.322117,258.249939,198.080171,194.031144
2020-07-09,2020,235.698824,347.341229,162.335821,253.911599,196.869096,192.638007
2020-07-10,2020,237.777482,347.78162,162.349525,257.030811,198.600337,194.515713
2020-07-13,2020,235.073302,350.887126,162.363231,252.953289,195.949871,191.911146
2020-07-14,2020,234.194604,349.721919,162.376937,251.62257,199.410367,195.040671
2020-07-15,2020,238.5307,354.300321,162.390645,258.138544,202.092599,197.92792
2020-07-16,2020,238.008266,350.865751,162.404354,257.343892,199.634714,195.484866
2020-07-17,2020,243.776924,358.059381,162.418064,266.015441,204.270548,200.148877
2020-07-20,2020,246.588329,364.271342,162.431776,270.237212,207.324044,202.914987
2020-07-21,2020,246.492468,360.067021,162.445488,270.084422,207.093741,202.490988
2020-07-22,2020,249.028449,357.615501,162.459202,273.891762,207.054034,202.672695
2020-07-23,2020,246.203409,350.902289,162.472917,269.632378,203.089254,198.674976
2020-07-24,2020,245.121002,353.060639,162.486633,267.99513,203.265952,199.058585
2020-07-27,2020,247.424822,349.095606,162.50035,271.453135,207.425298,202.834223
2020-07-28,2020,247.718836,350.372165,162.514068,271.886987,206.694682,202.006419
2020-07-29,2020,245.414819,353.899845,162.527787,268.411582,209.664793,204.893667
2020-07-30,2020,246.512126,357.612594,162.541508,270.054146,208.481514,204.550416
2020-07-31,2020,244.543007,349.665847,162.55523,267.08266,204.318197,200.471933
2020-08-03,2020,245.185797,352.139997,162.568953,268.041312,204.155397,200.29021
2020-08-04,2020,241.667921,346.733882,162.582677,262.739411,200.951013,197.059726
2020-08-05,2020,241.873424,355.120037,162.596402,263.040075,204.099806,199.86621
2020-08-06,2020,244.184408,361.088113,162.608546,266.509841,206.728434,202.248695
2020-08-07,2020,242.098185,361.019711,162.620692,263.363132,204.048187,199.54317
2020-08-10,2020,243.577086,353.600249,162.632838,265.580862,205.374413,200.976697
2020-08-11,2020,243.16039,354.544496,162.644985,264.946287,202.852995,198.271155
2020-08-12,2020,244.96657,345.320452,162.657133,267.656473,202.741815,198.533642
2020-08-13,2020,241.708796,345.455203,162.669282,262.746929,199.45206,194.858964
2020-08-14,2020,244.734928,341.599274,162.681431,267.292774,201.223008,196.797254
2020-08-17,2020,244.048968,327.914737,162.693582,266.253037,197.732731,193.486006
2020-08-18,2020,248.063801,340.258304,162.705734,272.286577,202.63659,198.372114
2020-08-19,2020,250.115622,336.398449,162.717886,275.366374,200.232309,195.848296
2020-08-20,2020,251.482089,338.055152,162.730039,277.41492,201.451325,197.201059
2020-08-21,2020,252.457011,345.273759,162.742194,278.874308,201.55655,197.059726
2020-08-24,2020,255.488051,347.614963,162.754349,283.427533,203.099181,198.876878
2020-08-25,2020,256.410499,347.970975,162.766505,284.807963,202.741815,198.574017
2020-08-26,2020,254.631701,343.296759,162.778662,282.123829,199.781631,195.10124
2020-08-27,2020,254.46755,344.834807,162.79082,281.869251,199.775675,195.585824
2020-08-28,2020,256.468772,351.852351,162.802979,284.87291,202.791449,198.473073
2020-08-31,2020,252.321133,347.395402,162.815139,278.62438,197.284038,193.223519
2020-09-01,2020,253.453673,351.904121,162.827299,280.320932,202.841083,198.574017
2020-09-02,2020,255.417963,356.310845,162.839461,283.269017,202.330844,198.170212
2020-09-03,2020,252.72457,352.42298,162.851623,279.208689,199.968256,195.767532
2020-09-04,2020,252.918704,357.911968,162.863787,279.49322,201.002632,196.696295
2020-09-08,2020,251.433866,356.899066,162.875951,277.251403,198.636074,195.444491
2020-09-09,2020,253.399917,359.424685,162.888116,280.202134,201.101901,196.857823
2020-09-10,2020,252.813996,349.763046,162.900282,279.312915,196.223851,191.890951
2020-09-11,2020,248.808661,338.28568,162.912449,273.278506,195.286758,190.760285
2020-09-14,2020,253.377844,352.049591,162.924617,280.146168,199.082781,194.858964
2020-09-15,2020,254.828999,349.123649,162.936786,282.322133,199.128445,194.758005
2020-09-16,2020,255.225585,350.626381,162.948956,282.911289,197.893546,193.647534
2020-09-17,2020,254.496122,346.855751,162.961127,281.80608,198.731371,194.576297
2020-09-18,2020,251.00169,340.34241,162.973298,276.540425,195.141826,191.083326
2020-09-21,2020,248.64896,333.503911,162.985471,272.992685,192.562833,188.579703
2020-09-22,2020,248.08426,332.982132,162.997644,272.135393,193.164399,189.124841
2020-09-23,2020,243.952437,324.780079,163.009818,265.910654,190.06921,186.096259
2020-09-24,2020,246.386674,332.378268,163.021993,269.565859,192.604525,188.3778
2020-09-25,2020,246.060254,333.590443,163.03417,269.067105,192.578716,188.781605
2020-09-28,2020,240.140543,331.030355,163.046347,260.15213,187.946852,184.137773
2020-09-29,2020,238.17092,324.018342,163.058525,257.180848,185.790742,181.553386
2020-09-30,2020,238.555093,329.775141,163.070703,257.751322,187.821774,183.834927
2020-10-01,2020,240.809201,331.970087,163.082883,261.135484,189.560956,185.571316
2020-10-02,2020,238.007439,329.534356,163.095064,256.912082,186.656363,181.937011
2020-10-05,2020,240.178464,333.363118,163.107245,260.171228,190.772031,187.045217
2020-10-06,2020,238.928402,331.400759,163.119428,258.282667,189.830966,185.813592
2020-10-07,2020,238.160913,328.435358,163.131611,257.120231,189.654269,185.652064
2020-10-08,2020,240.276401,336.614234,163.143796,260.29581,194.40724,190.33627
2020-10-09,2020,238.662336,337.926435,163.155981,257.859532,193.539634,189.084466
2020-10-13,2020,240.745239,340.299592,163.168167,260.986076,195.564709,191.406382
2020-10-14,2020,243.822494,343.245957,163.180354,265.608823,197.21455,193.001422
2020-10-15,2020,245.001905,340.304765,163.192542,267.375885,196.658647,192.496658
2020-10-16,2020,244.327165,334.18711,163.204731,266.353005,195.179548,190.881424
2020-10-19,2020,243.776757,334.475606,163.21692,265.517209,195.872441,191.810187
2020-10-20,2020,245.204927,342.048708,163.229111,267.658575,199.608904,195.182004
2020-10-21,2020,244.523649,345.075181,163.241303,266.625856,199.632728,195.14163
2020-10-22,2020,245.148641,346.285535,163.253495,267.55868,202.344741,197.988489
2020-10-23,2020,242.846353,340.697388,163.265689,264.086829,201.038369,196.736685
2020-10-26,2020,243.621025,337.852678,163.277883,265.244875,200.555924,196.312685
2020-10-27,2020,241.508263,337.071259,163.290078,262.058203,197.75457,193.183145
2020-10-28,2020,235.033978,318.55414,163.302274,252.308749,189.342566,184.864634
2020-10-29,2020,234.912233,323.970985,163.314471,252.117956,191.750817,187.368273
2020-10-30,2020,231.297628,313.46843,163.326669,246.671459,186.529299,183.047497
2020-11-03,2020,232.666486,310.957544,163.338868,248.723575,189.775376,186.277982
2020-11-04,2020,238.290009,327.996247,163.351068,257.17768,194.190835,190.114188
2020-11-05,2020,244.992402,336.178585,163.363269,267.25516,200.07348,195.747337
2020-11-06,2020,246.011213,346.626181,163.37547,268.780557,200.123114,196.231921
2020-11-09,2020,249.704793,346.928876,163.387673,274.330677,206.30555,200.895933
2020-11-10,2020,251.799507,341.722256,163.399876,277.474984,209.16051,203.924514
2020-11-11,2020,250.953117,344.704948,163.412081,276.193814,207.534493,203.702417
2020-11-12,2020,247.591063,339.742606,163.424286,271.127326,202.854981,199.280683
2020-11-13,2020,249.888303,354.687607,163.436492,274.576372,207.494786,203.581279
2020-11-16,2020,252.964183,355.968355,163.448699,279.197036,211.302722,206.973291
2020-11-17,2020,255.192886,352.535666,163.460907,282.542953,212.889031,208.164526
2020-11-18,2020,256.172558,353.708927,163.473116,284.009454,211.407946,205.782041
2020-11-19,2020,255.413478,353.456751,163.485326,282.859656,211.475449,207.417486
2020-11-23,2020,256.82092,354.876576,163.509748,284.962209,213.186836,208.527956
2020-11-24,2020,259.05349,361.586608,163.521961,288.313942,217.965617,213.454455
2020-11-25,2020,260.858613,370.361452,163.534174,291.022496,218.65454,213.676552
2020-11-26,2020,262.45337,366.495045,163.546388,293.414511,218.841164,214.060162
2020-11-27,2020,263.648552,365.272592,163.558604,295.205286,219.532072,214.908176
2020-11-30,2020,261.557139,358.027309,163.57082,292.050724,216.182756,212.000733
2020-12-01,2020,262.230881,360.470448,163.583037,293.056887,221.040952,216.139801
2020-12-02,2020,264.175655,367.814023,163.595255,295.97557,221.991943,217.553133
2020-12-03,2020,264.981727,370.274485,163.607474,297.180848,224.185775,218.360758
2020-12-04,2020,263.721199,372.36744,163.619694,295.276516,225.700611,220.945145
2020-12-07,2020,266.178435,369.928213,163.631915,298.966298,225.587445,220.702853
2020-12-08,2020,264.083945,372.963521,163.644136,295.807103,225.480235,220.96534
2020-12-09,2020,262.872019,368.804856,163.656359,293.9759,223.794658,219.612562
2020-12-10,2020,264.329594,369.152474,163.668582,296.161492,228.301443,223.509338
2020-12-11,2020,267.717113,367.240254,163.680807,301.251068,228.9586,223.691061
2020-12-14,2020,266.818632,370.31004,163.693032,299.891503,228.267692,222.499811
2020-12-15,2020,267.430982,371.849163,163.705258,300.805285,230.592558,225.649546
2020-12-16,2020,269.635538,373.971928,163.717485,304.114856,234.168206,228.859836
2020-12-17,2020,269.830632,376.769639,163.729713,304.400791,234.585133,230.152029
2020-12-18,2020,269.873176,373.464342,163.741942,304.457183,233.636127,229.162697
2020-12-21,2020,264.609807,374.23127,163.754172,296.529774,230.33446,224.983255
2020-12-22,2020,267.989577,375.417138,163.766403,301.607686,230.993602,226.638879
2020-12-23,2020,269.401079,377.479031,163.778635,303.723947,233.989522,228.435836
2020-12-28,2020,271.249602,379.20655,163.803101,306.490166,236.360052,231.585556
2020-12-29,2020,271.869362,380.350471,163.815335,307.415092,237.201848,232.13071
2020-12-30,2020,271.685563,373.88573,163.827571,307.130904,236.866321,231.484613
2021-01-05,2021,270.453094,379.134523,163.839807,305.506775,238.194921,232.702004
2021-01-06,2021,272.324289,387.96047,163.852044,308.319554,239.449598,234.446916
2021-01-07,2021,269.445232,390.141196,163.864283,303.972343,243.655165,240.168596
2021-01-08,2021,273.144428,394.644131,163.876522,309.540442,249.890592,244.287393
2021-01-11,2021,270.625551,391.238178,163.888762,305.736126,245.355373,240.675838
2021-01-12,2021,273.956165,396.911942,163.901002,310.748664,247.734865,242.359867
2021-01-13,2021,278.346345,398.217618,163.913244,317.358271,243.822988,238.119337
2021-01-14,2021,279.501733,398.372099,163.925487,319.092121,246.701953,240.797571
2021-01-15,2021,277.318068,390.782816,163.93773,315.793061,240.750227,234.913569
2021-01-18,2021,275.491801,398.274655,163.949975,313.032704,242.228669,236.455587
2021-01-19,2021,277.154238,398.192858,163.96222,315.53082,241.091867,235.359944
2021-01-20,2021,273.463977,395.457001,163.974467,309.960888,239.163899,233.817926
2021-01-21,2021,270.387207,393.168897,163.986714,305.315662,236.636563,230.916505
2021-01-22,2021,270.491749,395.865849,163.998962,305.465583,234.09724,229.638263
2021-01-26,2021,267.707245,393.845161,164.023461,301.253229,232.682731,227.406404
2021-01-27,2021,266.699998,390.428564,164.035712,299.727364,231.519957,226.4122
2021-01-28,2021,269.685774,390.349501,164.047964,304.220126,238.376729,232.33679
2021-01-29,2021,268.571843,384.998965,164.060217,302.533456,231.769693,224.322369
2021-02-01,2021,271.094896,388.168929,164.07247,306.328762,234.482833,229.394781
2021-02-02,2021,274.201592,389.477209,164.084725,311.003783,236.219003,230.997666
2021-02-03,2021,275.240984,391.774952,164.09698,312.562786,239.197863,233.83822
2021-02-04,2021,275.060739,388.30082,164.109237,312.283446,238.270841,232.559977
2021-02-05,2021,276.657896,389.670011,164.121494,314.683159,239.597442,234.994729
2021-02-08,2021,275.324601,391.2193,164.133752,312.665842,238.780303,233.696193
2021-02-09,2021,278.051675,392.285324,164.146012,316.768662,238.606487,233.148379
2021-02-10,2021,275.558126,391.344342,164.158272,313.002509,236.610591,231.139693
2021-02-11,2021,278.327487,392.317724,164.170533,317.169066,238.218895,233.128085
2021-02-12,2021,280.635143,395.208634,164.182794,320.6397,237.981146,233.432433
2021-02-17,2021,288.407095,401.954418,164.195057,332.346593,240.528461,235.07589
2021-02-18,2021,282.244035,397.655576,164.207321,323.049435,238.029095,232.539683
2021-02-19,2021,280.702193,399.180683,164.219586,320.717774,237.245921,230.936799
2021-02-22,2021,274.731372,398.031397,164.231851,311.710373,225.098725,219.635465
2021-02-23,2021,276.790077,399.586333,164.244118,314.805765,230.211336,224.728171
2021-02-24,2021,277.436784,402.998758,164.256385,315.772871,231.092407,226.148441
2021-02-25,2021,270.886147,392.290087,164.268653,305.891521,224.275593,219.310823
2021-02-26,2021,265.33178,386.842735,164.280923,297.511833,219.83827,214.23841
2021-03-01,2021,263.926198,388.381043,164.293193,295.385552,220.437638,214.94856
2021-03-02,2021,264.512016,388.219988,164.305464,296.26088,222.845101,218.113741
2021-03-03,2021,267.495851,390.560842,164.317736,300.750704,222.13385,217.4239
2021-03-04,2021,272.985088,389.31839,164.330009,309.016885,225.142679,220.284733
2021-03-05,2021,275.28535,391.955731,164.342282,312.476367,230.161389,225.073092
2021-03-08,2021,272.18261,385.795733,164.354557,307.79198,220.991055,213.751463
2021-03-09,2021,277.429547,393.6213,164.366833,315.692943,222.427541,217.484767
2021-03-10,2021,274.254683,390.43202,164.379109,310.899844,225.314498,220.406466
2021-03-11,2021,276.028306,392.029735,164.391387,313.565529,229.725848,224.099182
2021-03-12,2021,278.218624,395.220869,164.403665,316.859291,228.079583,222.884561
2021-03-15,2021,285.46823,401.721269,164.415945,327.778849,229.460128,224.240605
2021-03-16,2021,286.462458,403.5556,164.428225,329.26976,227.79788,222.60656
2021-03-17,2021,289.128386,404.861016,164.440506,333.280403,232.852552,227.546992
2021-03-18,2021,290.37628,405.659807,164.457573,335.150671,229.428162,224.197819
2021-03-19,2021,288.952193,398.484057,164.474642,332.993497,232.199241,226.899457
2021-03-22,2021,286.576293,394.489149,164.491713,329.401669,229.715858,224.476904
2021-03-23,2021,290.115334,395.704692,164.508786,334.725347,226.285474,221.127065
2021-03-24,2021,285.646814,391.813124,164.52586,327.979339,223.891997,218.787637
2021-03-25,2021,289.204157,392.940316,164.542936,333.330602,227.260446,222.075201
2021-03-26,2021,288.35959,395.667081,164.560014,332.046926,229.320275,224.092959
2021-03-29,2021,288.32607,394.227234,164.577094,331.985728,230.594932,225.337471
2021-03-30,2021,290.360856,397.83189,164.594175,335.042058,233.453918,228.131802
2021-03-31,2021,294.474623,398.947587,164.611259,341.232007,233.022373,227.704251
2021-04-01,2021,293.559461,396.507075,164.628344,339.841919,230.263281,225.015693
2021-04-05,2021,294.73918,401.767458,164.64543,341.609416,234.788511,229.443698
2021-04-06,2021,295.187205,402.797003,164.662519,342.274039,234.750551,229.401964
2021-04-07,2021,293.404003,400.699463,164.679609,339.575563,235.000288,229.642551
2021-04-08,2021,296.783386,404.704298,164.696701,344.658579,236.376837,230.794772
2021-04-09,2021,298.754591,407.525084,164.713795,347.619067,235.092191,229.293343
2021-04-12,2021,298.039347,406.898293,164.730891,346.530306,237.373786,232.113603
2021-04-13,2021,295.519443,406.651864,164.747988,342.721406,238.342765,232.661416
2021-04-14,2021,297.503141,408.896371,164.765087,345.700721,240.336663,234.548355
2021-04-15,2021,300.822639,412.314986,164.782188,350.693467,241.147808,235.76573
2021-04-16,2021,301.010613,409.74024,164.799291,350.966111,241.972938,236.293266
2021-04-19,2021,300.982601,408.150261,164.816396,350.9132,241.613317,236.049784
2021-04-20,2021,307.649787,407.537266,164.833502,360.951867,239.871154,234.304889
2021-04-22,2021,311.661926,412.986967,164.85061,366.988618,238.490609,233.229524
2021-04-23,2021,311.666521,416.49489,164.86772,366.984851,240.806168,235.299077
2021-04-26,2021,309.470001,416.911286,164.884831,363.663374,240.936031,235.258489
2021-04-27,2021,306.01241,414.990445,164.901945,358.4411,238.524573,232.884604
2021-04-28,2021,305.171639,413.676637,164.91906,357.163122,241.851067,236.171533
2021-04-29,2021,313.38553,416.641495,164.936177,369.53311,239.879145,233.980247
2021-04-30,2021,310.828078,415.225774,164.953296,365.6676,237.537613,232.113603
2021-05-03,2021,311.645547,414.241669,164.970416,366.889061,238.16695,232.68171
2021-05-04,2021,310.135291,412.118061,164.987538,364.601973,235.176103,229.820862
2021-05-05,2021,310.623557,414.190848,165.004663,365.32723,238.876202,233.635326
2021-05-06,2021,311.694358,415.914098,165.026557,366.92755,239.589451,234.203434
2021-05-07,2021,313.979656,414.330391,165.048454,370.358465,243.818992,238.322231
2021-05-10,2021,310.557639,408.077382,165.070355,365.18682,243.561264,237.672963
2021-05-11,2021,311.337001,407.365495,165.092258,366.347855,245.669042,239.681634
2021-05-12,2021,301.557249,400.3127,165.114164,351.593282,239.167895,233.878792
2021-05-13,2021,303.168949,399.706365,165.136073,354.008883,241.157797,235.441104
2021-05-14,2021,307.039962,400.242761,165.157985,359.829914,243.505323,237.875856
2021-05-17,2021,306.667581,401.924708,165.1799,359.254934,245.617097,240.046848
2021-05-18,2021,306.831283,404.578311,165.201817,359.487985,245.701008,239.803382
2021-05-19,2021,312.29636,403.687547,165.223738,367.71172,245.013733,239.438168
2021-05-20,2021,311.453655,402.479321,165.245662,366.427822,245.143596,239.235274
2021-05-21,2021,309.418658,401.534382,165.267588,363.346798,244.925826,239.438168
2021-05-24,2021,313.010073,406.352087,165.289517,368.746384,247.802793,241.974374
2021-05-25,2021,311.30107,405.229906,165.31145,366.156722,245.716992,240.229463
2021-05-26,2021,311.70396,405.484835,165.333385,366.750284,247.716884,241.933786
2021-05-27,2021,310.345734,405.355795,165.355323,364.689341,248.472087,242.643921
2021-05-28,2021,310.73627,409.350311,165.377264,365.264279,250.857573,244.936661
2021-05-31,2021,311.701187,410.077508,165.399208,366.704972,252.166194,246.01201
2021-06-01,2021,310.35358,408.895652,165.421155,364.660029,256.263874,250.232261
2021-06-02,2021,311.541669,405.806022,165.443104,366.437101,258.929065,252.951067
2021-06-04,2021,311.268105,406.764423,165.465057,366.011045,259.977959,253.722083
2021-06-07,2021,310.739101,405.431165,165.487013,365.199964,261.27659,255.142353
2021-06-08,2021,307.660488,403.375196,165.508971,360.545891,259.300673,253.032227
2021-06-09,2021,308.676123,405.914362,165.530932,362.063019,259.54042,253.377148
2021-06-10,2021,309.702728,404.116074,165.552897,363.596682,259.878064,253.620629
2021-06-11,2021,310.028122,406.907299,165.574864,364.073416,258.609402,252.565574
2021-06-14,2021,310.279805,404.328706,165.596834,364.439045,260.141787,253.924977
2021-06-15,2021,310.680568,403.837532,165.618807,365.029378,259.908033,253.985843
2021-06-16,2021,306.392774,398.931378,165.640783,358.552713,258.245785,252.038039
2021-06-17,2021,303.349438,394.935763,165.667512,353.948832,255.844316,249.745298
2021-06-18,2021,307.162887,401.654362,165.694246,359.680084,256.539584,250.110513
2021-06-21,2021,307.526824,401.373837,165.720984,360.211932,258.257772,252.058333
2021-06-22,2021,306.641274,401.059718,165.747727,358.860445,257.262821,251.22645
2021-06-23,2021,304.844059,400.817956,165.774473,356.134813,256.585535,250.658342
2021-06-24,2021,306.75714,402.996789,165.801224,359.001656,258.755248,252.667013
2021-06-25,2021,304.611242,398.849086,165.82798,355.750454,254.244003,248.548216
2021-06-28,2021,306.721359,401.068404,165.854739,358.914282,254.589639,248.446762
2021-06-29,2021,304.821304,404.619673,165.881503,356.033631,254.385854,248.162708
2021-06-30,2021,304.192242,403.367846,165.908272,355.068726,253.336959,247.148226
2021-07-01,2021,303.717425,405.13647,165.935044,354.33631,251.067352,244.956955
2021-07-02,2021,306.54781,412.028016,165.961821,358.585778,254.975233,249.116324
2021-07-05,2021,311.518915,418.729315,165.988603,366.061919,253.572711,247.472867
2021-07-06,2021,309.162229,416.768867,166.015388,362.492981,249.926554,244.084499
2021-07-07,2021,310.789622,421.911901,166.042178,364.929187,253.770502,248.101842
2021-07-08,2021,310.658727,419.301711,166.068972,364.715146,250.591853,244.814928
2021-07-12,2021,312.400962,423.102986,166.122574,367.307698,254.919292,249.116324
2021-07-13,2021,311.628156,424.317531,166.149381,366.126106,256.066083,250.211967
2021-07-14,2021,314.130749,423.334937,166.176192,369.881475,256.543579,250.516315
2021-07-15,2021,311.356103,423.445128,166.203008,365.682532,254.667557,249.156912
2021-07-16,2021,309.606238,418.349418,166.229828,363.028224,251.654733,245.809117
2021-07-19,2021,306.932037,415.968487,166.256653,358.980676,248.528028,242.948269
2021-07-20,2021,310.936326,418.891538,166.283482,364.999519,250.53791,244.69318
2021-07-21,2021,310.40261,419.369085,166.310315,364.178289,251.592798,245.74825
2021-07-22,2021,310.981734,418.38536,166.337152,365.034423,252.028339,246.377224
2021-07-23,2021,311.046698,419.052331,166.363994,365.115569,249.842643,243.881591
2021-07-26,2021,309.718615,417.755342,166.39084,363.096991,251.74264,245.910556
2021-07-27,2021,306.795653,415.148536,166.417691,358.674471,248.961571,242.988856
2021-07-28,2021,307.094357,418.456999,166.444546,359.107922,252.306046,246.417797
2021-07-29,2021,310.038295,422.280437,166.471405,363.528495,251.085333,244.956955
2021-07-30,2021,304.714155,418.389212,166.498268,355.486706,243.345491,237.612096
2021-08-02,2021,307.753134,422.94414,166.525136,360.050526,244.773986,238.606285
2021-08-03,2021,308.729677,423.167437,166.552008,361.505664,246.893751,240.899025
2021-08-04,2021,305.319566,420.452031,166.578885,356.348856,243.345491,237.307748
2021-08-05,2021,301.94437,417.857783,166.612084,351.240723,243.009845,237.246882
2021-08-06,2021,303.208622,419.307824,166.64529,353.125562,245.361366,239.904821
2021-08-09,2021,308.856489,422.42003,166.678502,361.617758,245.778926,239.701928
2021-08-10,2021,307.447885,422.164472,166.711721,359.47383,244.146647,238.545418
2021-08-11,2021,304.873424,418.690857,166.744947,355.572618,243.854954,237.916444
2021-08-12,2021,302.370327,416.196958,166.778179,351.778967,241.147808,235.096184
2021-08-13,2021,300.213873,412.769949,166.811418,348.507804,242.13277,236.496159
2021-08-16,2021,295.818107,405.642094,166.844664,341.861352,238.109011,232.580256
2021-08-17,2021,292.218871,402.8624,166.877916,336.415493,235.559698,229.983183
2021-08-18,2021,293.07076,401.668432,166.911174,337.67875,233.040354,227.365816
2021-08-19,2021,298.72366,403.835708,166.94444,346.178499,234.083255,228.968701
2021-08-20,2021,302.400924,405.427815,166.977712,351.700397,235.857385,230.591879
2021-08-23,2021,302.592945,404.812092,167.010991,351.969032,234.696608,229.374503
2021-08-24,2021,305.354933,407.280432,167.044276,356.111337,240.16884,234.609221
2021-08-25,2021,307.352199,408.547536,167.077568,359.100984,241.381562,235.643998
2021-08-26,2021,303.815182,406.061894,167.110866,353.74888,237.197971,231.444041
2021-08-27,2021,304.658937,407.98927,167.144172,354.999847,241.101856,235.725158
2021-08-30,2021,302.444036,405.352951,167.177483,351.64054,239.227832,233.4933
2021-08-31,2021,297.85385,398.308592,167.210802,344.700997,237.311851,231.464334
2021-09-01,2021,302.642546,398.349883,167.244127,351.898105,238.540556,232.925192
2021-09-02,2021,297.632933,394.492293,167.277459,344.326357,233.108282,227.548431
2021-09-03,2021,296.727564,394.674604,167.310797,342.940873,233.619743,227.426683
2021-09-06,2021,300.100638,396.061337,167.344142,348.004223,235.489772,230.246959
2021-09-08,2021,294.424019,393.345651,167.377494,339.427092,226.587156,221.319509
2021-09-09,2021,298.565582,399.930257,167.410852,345.648767,230.479054,226.249895
2021-09-10,2021,301.124106,399.746982,167.444217,349.484344,228.331318,222.942672
2021-09-13,2021,299.135443,400.11901,167.477589,346.466006,232.562857,227.487565
2021-09-14,2021,302.102744,404.007624,167.510967,350.91772,232.117327,226.635388
2021-09-15,2021,304.735588,409.013737,167.544352,354.865306,229.883681,224.56585
2021-09-16,2021,304.611068,405.4086,167.577744,354.656752,227.348354,222.049938
2021-09-17,2021,300.805989,398.997559,167.611142,348.900539,222.643313,217.383312
2021-09-20,2021,295.267056,394.517824,167.644547,340.530908,217.458778,212.57466
2021-09-21,2021,298.975072,397.034159,167.677958,346.099069,220.267817,214.603625
2021-09-22,2021,303.792971,403.338985,167.711377,353.340138,224.327538,219.107929
2021-09-23,2021,307.944275,406.096269,167.751102,359.572516,227.887785,222.374564
2021-09-24,2021,308.277569,404.455346,167.790838,360.050055,226.32743,221.218055
2021-09-27,2021,310.898948,402.082226,167.830582,363.976387,226.926798,220.934001
2021-09-28,2021,307.779543,397.281319,167.870336,359.249707,220.016083,214.725373
2021-09-29,2021,312.876746,397.730215,167.9101,366.907802,221.980013,216.754338
2021-09-30,2021,312.160602,398.295751,167.949872,365.803514,221.724282,216.064482
2021-10-01,2021,314.446228,401.124498,167.989655,369.223747,225.562237,220.122412
2021-10-04,2021,310.36136,395.046686,168.029446,363.041816,220.553516,215.435508
2021-10-05,2021,309.108824,390.192489,168.069248,361.129013,220.683379,215.313775
2021-10-06,2021,309.116033,391.834282,168.109058,361.115001,220.887165,215.821016
2021-10-07,2021,310.433089,394.151062,168.148878,363.075298,220.937112,215.922455
2021-10-08,2021,312.942152,396.61859,168.188708,366.832285,225.428378,219.919519
2021-10-11,2021,316.418081,399.371527,168.228546,372.046608,224.123753,218.620982
2021-10-13,2021,320.926185,402.772955,168.268395,378.816709,226.673066,221.644136
2021-10-14,2021,326.701614,406.12686,168.308252,387.497025,226.131636,221.096322
2021-10-15,2021,324.376275,404.787484,168.34812,383.967161,229.054555,223.632528
2021-10-18,2021,325.443315,407.313132,168.387996,385.550576,228.615019,223.084699
2021-10-19,2021,322.105371,405.394798,168.427882,380.494415,221.112927,216.693472
2021-10-20,2021,319.93927,405.953053,168.467778,377.20455,221.338689,216.551445
2021-10-21,2021,316.662404,402.648296,168.507683,372.240438,215.243114,210.302229
2021-10-22,2021,311.321135,397.431315,168.547597,364.164676,212.368144,207.623995
2021-10-25,2021,314.850743,400.799566,168.587521,369.459856,217.20105,212.1283
2021-10-26,2021,310.807098,396.223022,168.627454,363.339972,212.615883,207.461674
2021-10-27,2021,314.646113,395.622563,168.667397,369.101504,212.502003,207.766022
2021-10-28,2021,311.225371,392.146667,168.716743,363.914631,211.187389,204.134173
2021-10-29,2021,310.734726,385.746546,168.766102,363.144244,206.784031,202.247235
2021-11-01,2021,309.416179,386.625458,168.815477,361.125962,210.879713,205.980523
2021-11-03,2021,315.374206,390.702768,168.864865,370.07555,211.011574,206.954433
2021-11-04,2021,312.976823,390.241346,168.914268,366.431135,206.606218,202.186368
2021-11-05,2021,317.090889,395.78766,168.963686,372.601329,209.427244,204.53996
2021-11-08,2021,320.285192,396.748729,169.013118,377.385166,209.341335,204.580548
2021-11-09,2021,322.7633,396.234313,169.062564,381.089484,210.847747,205.716763
2021-11-10,2021,322.921121,396.17964,169.112025,381.296458,211.712835,206.995006
2021-11-11,2021,323.568077,395.973009,169.161501,382.240688,215.223135,210.099335
2021-11-12,2021,320.596353,390.50106,169.210991,377.730523,212.400111,207.218193
2021-11-16,2021,314.446627,385.847964,169.260495,368.430191,208.79591,203.626932
2021-11-17,2021,308.951649,383.564936,169.310014,360.116742,205.673201,201.374779
2021-11-18,2021,309.956672,381.982518,169.359547,361.600646,204.832088,200.157403
2021-11-19,2021,310.973863,384.991795,169.409095,363.102882,205.853012,201.415352
2021-11-22,2021,304.789589,381.446025,169.458657,353.750438,204.028935,199.32552
2021-11-23,2021,309.779271,383.224921,169.508234,361.240336,207.107689,202.896503
2021-11-24,2021,309.02811,384.286945,169.557825,360.077132,208.807897,204.235627
2021-11-25,2021,311.591453,389.329316,169.607431,363.909823,211.399166,206.934139
2021-11-26,2021,305.444352,383.843073,169.657052,354.613376,204.23272,199.629868
2021-11-29,2021,306.751138,384.25641,169.706687,356.552059,205.411477,200.887832
2021-11-30,2021,303.258958,382.226113,169.756336,351.257318,203.615371,199.548708
2021-12-01,2021,298.781005,384.228272,169.806,344.476727,201.337771,196.992207
2021-12-02,2021,303.792453,387.018495,169.855678,351.999369,208.711998,203.768959
2021-12-03,2021,299.175856,384.976612,169.905371,345.009783,209.918726,205.574736
2021-12-06,2021,301.812248,390.374364,169.955079,348.952517,213.492959,208.983398
2021-12-07,2021,302.967179,393.538968,170.004801,350.662257,214.889487,210.261641
2021-12-08,2021,312.157633,400.372757,170.054537,364.483819,215.964354,211.41815
2021-12-09,2021,308.927136,401.135505,170.11363,359.57761,212.358155,207.238487
2021-12-10,2021,307.355992,398.340324,170.172742,357.172505,215.289065,210.46455
2021-12-13,2021,307.903929,399.061052,170.231876,357.961451,214.539855,209.997881
2021-12-14,2021,309.642711,394.949538,170.29103,360.545327,213.295167,208.374703
2021-12-15,2021,311.967183,398.871864,170.350204,364.011992,214.513883,209.389185
2021-12-16,2021,308.923192,399.275579,170.409399,359.386836,216.196109,211.844246
2021-12-17,2021,311.367422,397.694274,170.468615,363.033985,214.176238,209.186292
2021-12-20,2021,308.393098,393.956611,170.527851,358.513811,209.818832,204.925468
2021-12-21,2021,308.238556,394.835038,170.587107,358.243842,210.777821,205.77763
2021-12-22,2021,303.102033,394.241252,170.646385,350.46459,210.26636,205.797924
2021-12-23,2021,304.838082,393.353331,170.705683,353.044257,209.561103,204.62112
2021-12-27,2021,305.031357,393.950581,170.82434,353.261427,210.839755,206.142844
2021-12-28,2021,305.151363,393.62728,170.8837,353.405216,209.50716,205.047201
2021-12-29,2021,307.268669,395.740419,170.94308,356.559496,207.994754,203.403744
2021-12-30,2021,305.449046,395.863195,171.002482,353.779683,209.423249,204.519681
2022-01-04,2022,302.229589,390.749069,171.061904,349.271814,208.601049,203.782893
2022-01-05,2022,288.991867,373.503111,171.121346,328.787751,203.546936,198.727716
2022-01-06,2022,287.959046,370.235559,171.180809,327.151755,204.66537,200.262688
2022-01-07,2022,292.360576,373.859292,171.240293,333.908035,206.998968,202.00232
2022-01-10,2022,293.989902,372.324164,171.299797,336.383175,205.439206,201.449737
2022-01-11,2022,301.38503,378.770678,171.359322,347.762452,209.135076,204.867604
2022-01-12,2022,307.020137,388.869572,171.418867,356.423707,212.978056,208.572014
2022-01-13,2022,303.238335,385.856091,171.478434,350.542377,212.663685,207.835226
2022-01-14,2022,303.024516,381.346596,171.538021,350.171083,215.48093,210.946096
2022-01-17,2022,301.571312,378.742041,171.597629,347.885788,215.005343,209.943252
2022-01-18,2022,300.554717,371.971005,171.657257,346.274734,214.66276,210.495835
2022-01-19,2022,301.849483,373.788501,171.716906,348.233111,217.667418,212.9518
2022-01-20,2022,301.662392,375.161801,171.776576,347.903037,219.861967,214.691432
2022-01-21,2022,295.213807,368.141433,171.836267,337.903296,219.539535,214.282097
2022-01-24,2022,296.174613,373.392691,171.895978,339.345894,217.141452,213.013196
2022-01-25,2022,297.113366,376.60867,171.95571,340.754423,221.359258,217.618113
2022-01-26,2022,296.839199,372.894169,172.015463,340.289819,224.841517,219.787535
2022-01-27,2022,297.294117,372.363767,172.075237,340.951129,226.336793,221.4453
2022-01-28,2022,296.388701,376.182223,172.135031,339.511657,224.650074,220.176399
2022-01-31,2022,296.623463,379.877265,172.194846,339.832951,226.483902,220.995054
2022-02-01,2022,303.141337,391.593772,172.254682,349.857266,228.013437,223.389607
2022-02-02,2022,298.701199,385.181,172.314539,342.959065,226.026453,220.40153
2022-02-03,2022,293.779525,372.637115,172.383755,335.31077,225.089386,220.565248
2022-02-04,2022,298.509142,380.310755,172.452998,342.566986,226.195729,221.076906
2022-02-07,2022,301.991186,383.844547,172.522269,347.896551,225.693945,220.462926
2022-02-08,2022,299.407832,384.24158,172.591567,343.859277,226.173562,221.506712
2022-02-09,2022,298.373767,383.570974,172.660894,342.214557,226.631012,221.506712
2022-02-10,2022,301.594776,390.00125,172.730248,347.140948,228.440658,223.287269
2022-02-11,2022,292.443707,380.531478,172.799631,332.961065,228.869895,223.71706
2022-02-14,2022,292.580278,382.985573,172.869041,333.124106,229.343466,224.14685
2022-02-15,2022,293.378676,380.116873,172.938479,334.30919,231.062429,226.357213
2022-02-16,2022,292.617263,378.266821,173.007945,333.085432,232.112346,226.705137
2022-02-17,2022,287.572034,376.837303,173.077439,325.246139,228.781226,223.287269
2022-02-18,2022,285.046692,371.611851,173.14696,321.298299,227.249677,222.079765
2022-02-21,2022,282.467568,363.959481,173.21651,317.267384,225.147827,219.910328
2022-02-22,2022,285.178054,370.026469,173.286088,321.405217,227.499561,223.082609
2022-02-23,2022,281.741637,366.331728,173.355693,316.050343,225.718128,220.176399
2022-02-24,2022,282.384513,373.931806,173.425327,316.995118,224.879806,219.97174
2022-02-25,2022,286.040556,372.879865,173.494988,322.59312,228.003361,222.87795
2022-03-02,2022,301.766313,394.335029,173.564678,346.830413,232.09824,227.380528
2022-03-03,2022,305.018317,394.62148,173.634395,351.804418,232.082118,227.216794
2022-03-04,2022,307.901857,395.341622,173.704141,356.209383,230.687602,225.947894
2022-03-07,2022,302.243411,389.728401,173.773914,347.422906,224.881821,219.214481
2022-03-08,2022,300.930434,389.624204,173.843715,345.347133,224.095895,219.582875
2022-03-09,2022,305.709378,394.709087,173.913545,352.67912,229.53088,224.678978
2022-03-10,2022,308.830898,397.679891,173.983403,357.451521,229.053278,223.901264
2022-03-11,2022,301.605774,386.84611,174.053288,346.245537,225.123645,220.421985
2022-03-14,2022,293.798667,381.308591,174.123202,334.140775,221.526519,217.024588
2022-03-15,2022,291.020175,377.145555,174.193144,329.801705,219.573794,214.691432
2022-03-16,2022,295.316432,383.276381,174.263114,336.38818,223.912512,219.275877
2022-03-17,2022,301.125945,393.478623,174.339335,345.307272,227.870358,222.734686
2022-03-18,2022,305.83542,401.294012,174.415589,352.527548,232.374322,226.623285
2022-03-21,2022,305.412592,400.723104,174.491877,351.821964,234.075148,229.099705
2022-03-22,2022,308.520183,403.357798,174.568198,356.568397,236.326122,231.473787
2022-03-23,2022,307.673751,401.796872,174.644552,355.208594,236.698933,231.064467
2022-03-24,2022,312.046192,406.573141,174.72094,361.908294,239.915187,234.830258
2022-03-25,2022,308.169464,402.759937,174.797361,355.868744,239.971612,234.850729
2022-03-28,2022,310.059327,402.705613,174.873816,358.734543,239.2804,234.359542
2022-03-29,2022,313.356947,409.794301,174.950304,363.774324,241.851791,236.897358
2022-03-30,2022,313.917067,411.712703,175.026825,364.586549,242.347529,237.204356
2022-03-31,2022,310.154453,407.06845,175.10338,358.723135,241.821563,236.590361
2022-04-01,2022,311.006961,408.213674,175.179969,359.986851,244.987437,239.864965
2022-04-04,2022,313.34861,411.169721,175.256591,363.550229,244.40303,239.046325
2022-04-05,2022,319.889125,417.557106,175.333246,373.59791,239.576634,234.359542
2022-04-06,2022,312.941957,411.339347,175.409935,362.816483,238.25265,233.0497
2022-04-07,2022,309.84024,405.985461,175.486658,357.973579,239.530284,234.646069
2022-04-08,2022,309.433414,405.664314,175.563414,357.292384,238.442078,233.274831
2022-04-11,2022,310.530096,405.600776,175.640203,358.933039,235.683274,230.389076
2022-04-12,2022,309.310062,400.224219,175.717027,356.995956,234.059026,228.751766
2022-04-13,2022,304.734251,394.513015,175.793884,349.87651,235.338676,230.286738
2022-04-14,2022,302.802768,390.125214,175.870774,346.840688,234.129558,228.506181
2022-04-18,2022,306.309928,392.29284,175.947698,352.203761,233.132036,228.117316
2022-04-19,2022,311.978118,401.144219,176.024656,360.904099,231.862462,227.012134
2022-04-20,2022,305.69714,399.956237,176.101647,351.151264,230.425627,225.231577
2022-04-22,2022,297.168095,387.753632,176.178672,337.926706,223.843995,218.477693
2022-04-25,2022,300.390744,394.958471,176.255731,342.850315,223.052023,218.498164
2022-04-26,2022,296.118369,392.318279,176.332824,336.199303,218.070457,213.422516
2022-04-27,2022,301.306741,401.202627,176.40995,344.15854,220.35972,215.960332
2022-04-28,2022,304.857215,404.233491,176.48711,349.588341,221.508382,216.656194
2022-04-29,2022,300.79373,398.670117,176.564304,343.259851,217.391336,211.621488
2022-05-02,2022,299.719709,397.313934,176.641531,341.547978,214.898538,210.229779
2022-05-03,2022,303.953549,403.028182,176.718792,348.033034,214.674851,210.229779
2022-05-04,2022,310.135865,410.667258,176.796087,357.527106,218.334448,213.627176
2022-05-05,2022,302.948761,396.654437,176.879675,346.370388,212.208251,207.732889
2022-05-06,2022,301.551422,390.640116,176.963302,344.154801,211.867682,207.180306
2022-05-09,2022,293.936222,376.902225,177.046968,332.336918,208.069037,204.008024
2022-05-10,2022,291.362602,379.943145,177.130674,328.30474,207.786909,203.107502
2022-05-11,2022,292.131836,384.829724,177.21442,329.434919,210.380467,205.972786
2022-05-12,2022,291.69212,386.237149,177.298205,328.698085,212.982086,208.83807
2022-05-13,2022,298.517509,399.601842,177.38203,339.180753,215.472869,211.396357
2022-05-16,2022,297.088504,405.885599,177.465894,336.916101,218.110761,213.668117
2022-05-17,2022,297.996943,404.787447,177.549798,338.261146,219.23121,214.691432
2022-05-18,2022,291.749487,396.462253,177.633742,328.555284,214.108581,209.185994
2022-05-19,2022,296.00528,404.183029,177.717726,335.069605,215.6361,210.966567
2022-05-20,2022,299.058203,410.17545,177.801749,339.726303,218.624636,214.200245
2022-05-23,2022,302.284549,408.656064,177.885812,344.650792,222.368871,218.498164
2022-05-24,2022,302.072708,410.680235,177.969914,344.265646,222.842442,218.252563
2022-05-25,2022,302.650523,412.356712,178.054057,345.099943,222.840427,218.293504
2022-05-26,2022,300.269047,407.384315,178.138239,341.364166,225.480335,221.076906
2022-05-27,2022,301.001408,405.487977,178.222461,342.437072,225.585125,220.83132
2022-05-30,2022,300.075022,407.883059,178.306723,340.948342,223.751296,218.825616
2022-05-31,2022,298.522595,413.923167,178.391024,338.492787,224.394144,219.357744
2022-06-01,2022,302.802776,420.657212,178.475366,345.044524,224.41228,219.951269
2022-06-02,2022,308.061377,427.154947,178.559747,353.107213,226.493978,221.916031
2022-06-03,2022,304.245385,420.053424,178.644168,347.155941,223.89236,219.97174
2022-06-06,2022,302.492224,415.735587,178.72863,344.390282,222.04644,217.802302
2022-06-07,2022,298.604053,409.638945,178.813131,338.32749,221.812677,217.249719
2022-06-08,2022,294.755359,406.534642,178.897672,332.325634,218.382813,214.077437
2022-06-09,2022,289.533713,401.625712,178.982253,324.203495,215.815452,212.194541
2022-06-10,2022,288.521537,400.789481,179.066874,322.582032,212.56494,208.387809
2022-06-13,2022,281.266687,388.496249,179.151535,311.319953,206.755129,202.861916
2022-06-14,2022,276.639093,379.16666,179.236236,304.115129,205.676999,201.306473
2022-06-15,2022,279.276706,383.503072,179.320977,308.129966,207.176305,203.394029
2022-06-17,2022,272.054386,379.081459,179.408911,296.915866,201.166989,196.906217
2022-06-20,2022,272.416502,372.042248,179.496887,297.414414,201.223415,197.069951
2022-06-21,2022,274.294335,374.689642,179.584907,300.253658,200.884861,197.295082
2022-06-22,2022,270.74625,369.023215,179.67297,294.713605,200.556384,196.537823
2022-06-23,2022,269.199159,367.286816,179.761076,292.263666,197.650471,193.733951
2022-06-24,2022,273.906263,372.032447,179.849226,299.472077,198.843467,195.391716
2022-06-27,2022,279.572096,381.781062,179.937419,308.161028,203.059259,199.239373
2022-06-28,2022,276.255515,379.790013,180.025654,302.978369,202.71063,198.625394
2022-06-29,2022,273.314802,370.848616,180.113934,298.376134,200.757904,196.476427
2022-06-30,2022,270.57534,361.655694,180.202256,294.084663,198.581492,194.429797
2022-07-01,2022,274.772319,367.853018,180.290622,300.505137,199.411753,195.719168
2022-07-04,2022,272.565752,363.306006,180.379031,297.036558,198.71651,194.839117
2022-07-05,2022,269.308414,357.374237,180.467484,291.945238,198.083738,194.020478
2022-07-06,2022,271.760908,359.791743,180.555979,295.671606,198.938182,195.289378
2022-07-07,2022,276.714621,366.662443,180.644519,303.260589,202.990742,199.30077
2022-07-08,2022,274.00326,363.441158,180.733101,299.012333,202.10204,198.277455
2022-07-11,2022,272.167901,358.178094,180.821727,296.116863,197.916477,194.020478
2022-07-12,2022,274.691026,359.215931,180.910397,299.952186,198.035374,194.225137
2022-07-13,2022,272.457175,354.46701,180.99911,296.441263,197.249447,193.426953
2022-07-14,2022,268.18386,347.627381,181.087866,289.780757,193.702701,189.415561
2022-07-15,2022,270.570212,345.731496,181.176666,293.404771,194.569236,190.889121
2022-07-18,2022,271.885937,347.418167,181.26551,295.375384,195.304782,191.093797
2022-07-19,2022,275.933663,357.648917,181.354397,301.565005,197.982979,193.815802
2022-07-20,2022,278.89427,364.955442,181.443328,306.075754,198.067617,194.327459
2022-07-21,2022,279.766478,365.984096,181.532302,307.36135,199.570953,195.146114
2022-07-22,2022,279.372645,366.147307,181.62132,306.691765,199.353312,195.289378
2022-07-25,2022,280.792457,367.57837,181.710382,308.822968,202.063751,198.011399
2022-07-26,2022,279.386841,362.965949,181.799487,306.59082,201.060184,196.783424
2022-07-27,2022,282.775392,371.719791,181.888636,311.762295,204.417501,200.221762
2022-07-28,2022,282.782212,369.081433,181.977829,311.711318,206.753114,202.820975
2022-07-29,2022,281.724814,371.327957,182.067066,310.016834,207.897745,203.23031
2022-08-01,2022,276.957516,363.755163,182.156346,302.593107,206.003461,201.715793
2022-08-02,2022,281.824621,367.680012,182.24567,310.047798,208.294739,203.701026
2022-08-03,2022,281.675972,370.934251,182.335038,309.756609,209.127015,205.072264
2022-08-04,2022,284.515926,372.319316,182.427642,314.0785,213.393186,209.738592
2022-08-05,2022,283.37728,372.881384,182.520293,312.25619,214.562,210.270705
2022-08-08,2022,286.593099,377.1587,182.612992,317.158467,218.451329,214.486772
2022-08-09,2022,286.785616,377.162384,182.705737,317.391812,218.953113,214.998429
2022-08-10,2022,288.232485,385.314091,182.79853,319.562226,222.1472,218.088829
2022-08-11,2022,288.485881,385.835121,182.891369,319.889523,221.103328,216.69712
2022-08-12,2022,293.096862,402.576207,182.984256,326.946224,227.241616,222.345822
2022-08-15,2022,293.105209,408.237005,183.07719,326.895025,227.781689,223.021213
2022-08-16,2022,285.534923,401.331147,183.170172,315.140078,228.748983,224.638052
2022-08-17,2022,283.788524,400.541996,183.2632,312.378953,229.143962,225.108768
2022-08-18,2022,282.725516,400.814586,183.356276,310.673158,229.355557,225.006446
2022-08-19,2022,280.427965,395.133733,183.449399,307.060822,224.686347,220.074062
2022-08-22,2022,278.702909,393.782696,183.542569,304.332559,222.681227,218.436767
2022-08-23,2022,285.802083,400.641368,183.635787,315.231559,227.42903,223.287269
2022-08-24,2022,280.206392,399.927933,183.729052,306.525792,227.511653,223.451003
2022-08-25,2022,284.02289,404.850949,183.822364,312.355275,228.789287,224.310584
2022-08-26,2022,279.285655,402.665212,183.915724,304.975161,226.30455,221.772768
2022-08-29,2022,278.170177,406.331979,184.009131,303.188108,226.352915,221.854635
2022-08-30,2022,276.472961,402.157598,184.102585,300.502643,222.540163,217.761376
2022-08-31,2022,277.980232,411.994077,184.196087,302.765848,220.710365,216.594798
2022-09-01,2022,278.845595,419.931523,184.289637,304.037718,222.487768,218.150225
2022-09-02,2022,280.468944,420.960305,184.383234,306.480116,223.412743,219.17354
2022-09-05,2022,278.798366,417.524565,184.476878,303.835656,226.111091,221.956957
2022-09-06,2022,276.829875,411.511474,184.570571,300.731095,221.196027,216.840383
2022-09-08,2022,279.923128,413.192182,184.66431,305.443374,221.502337,217.311115
2022-09-09,2022,282.758386,416.651834,184.758098,309.757197,226.306565,221.854635
2022-09-12,2022,281.515366,413.414732,184.851932,307.772886,228.537388,223.983131
2022-09-13,2022,277.452457,399.924441,184.945815,301.433776,223.271679,218.948425
2022-09-14,2022,276.383125,400.12904,185.039745,299.717625,222.773926,218.477693
2022-09-15,2022,275.498801,404.699466,185.133723,298.28715,221.578914,217.167852
2022-09-16,2022,272.827193,403.371396,185.227749,294.096533,220.220672,216.124066
2022-09-19,2022,279.681795,406.073659,185.321823,304.61725,225.347332,221.486241
2022-09-20,2022,276.906268,398.829525,185.415944,300.266083,226.743863,222.775612
2022-09-21,2022,275.049843,395.966883,185.510113,297.334258,225.573034,221.363448
2022-09-22,2022,277.011868,396.363968,185.60433,300.299247,229.873463,225.395295
2022-09-23,2022,274.891482,393.97151,185.698594,296.95972,225.12969,220.708512
2022-09-26,2022,270.899568,382.021639,185.792907,290.729951,219.886149,215.162148
2022-09-27,2022,269.767633,382.551112,185.887268,288.916826,218.398934,214.241171
2022-09-28,2022,270.605101,382.738664,185.981676,290.145025,218.550074,214.527698
2022-09-29,2022,268.591735,380.05571,186.076132,286.970637,216.964114,212.440143
2022-09-30,2022,273.81422,383.460807,186.170637,294.970571,221.746175,217.884169
2022-10-03,2022,278.367296,398.823436,186.265189,301.936699,234.032828,230.041153
2022-10-04,2022,279.182314,392.525009,186.359789,303.130098,234.226287,229.938815
2022-10-05,2022,279.011814,392.880866,186.454438,302.801521,236.176998,231.924048
2022-10-06,2022,279.032379,392.098028,186.549134,302.767977,236.908514,232.231046
2022-10-07,2022,278.38628,391.858267,186.643879,301.704866,234.518491,230.818866
2022-10-10,2022,280.442544,396.161075,186.738672,304.814992,233.643896,229.386232
2022-10-11,2022,282.316835,397.968828,186.833512,307.644063,231.398967,226.950738
2022-10-13,2022,282.228238,400.794032,186.928401,307.441805,230.336958,225.661367
2022-10-14,2022,279.151807,396.368478,187.023339,302.625388,225.8471,221.486241
2022-10-17,2022,279.263326,401.211496,187.118324,302.732105,228.974685,224.924579
2022-10-18,2022,282.880675,409.464389,187.213358,308.252855,233.244887,229.099705
2022-10-19,2022,281.566041,410.561979,187.30844,306.157089,234.314956,229.938815
2022-10-20,2022,283.291918,411.41503,187.40357,308.756765,236.122587,231.064467
2022-10-21,2022,288.556575,422.366675,187.498748,316.82136,241.680499,238.289067
2022-10-24,2022,287.82737,417.833735,187.593975,315.629575,233.78899,229.509025
2022-10-25,2022,285.067623,410.058737,187.68925,311.301983,230.993912,226.111628
2022-10-26,2022,281.423062,403.59279,187.784574,305.607936,227.241616,222.632348
2022-10-27,2022,285.12833,410.620281,187.879946,311.264226,231.02414,225.129239
2022-10-28,2022,282.321183,409.70329,187.975367,306.863333,230.81859,231.269127
2022-10-31,2022,281.237844,412.380079,188.070835,305.124491,233.837354,229.529495
2022-11-01,2022,286.710341,425.820459,188.166353,313.509821,235.63491,230.880263
2022-11-03,2022,289.40602,434.315245,188.261919,317.606865,235.568408,231.473787
2022-11-04,2022,294.110138,433.896516,188.357533,324.805516,238.105541,233.315757
2022-11-07,2022,288.783245,424.566366,188.453196,316.513202,232.436793,227.626129
2022-11-08,2022,290.480494,425.21549,188.548908,319.068266,234.085224,229.836493
2022-11-09,2022,289.845071,424.453258,188.644668,318.020942,228.886017,224.617582
2022-11-10,2022,283.542903,405.128938,188.740477,308.222405,221.218194,217.147381
2022-11-11,2022,291.775216,410.19454,188.836334,320.869496,226.211851,222.161632
2022-11-14,2022,293.864064,415.482009,188.932241,324.029174,228.041649,223.573796
2022-11-16,2022,292.179832,403.357538,189.028196,321.362036,222.161306,217.024588
2022-11-17,2022,288.338803,390.924062,189.124199,315.364111,221.0731,216.308271
2022-11-18,2022,287.134088,391.029241,189.220252,313.437426,219.414593,214.589094
2022-11-21,2022,290.006757,397.327302,189.316353,317.807427,221.163784,217.106455
2022-11-22,2022,291.294527,393.358214,189.412503,319.729829,219.730979,215.039355
2022-11-23,2022,290.745614,393.126395,189.508702,318.815801,219.017599,215.387278
2022-11-24,2022,293.167173,399.911304,189.604949,322.48905,225.361438,221.4453
2022-11-25,2022,292.566059,394.509805,189.701246,321.494339,219.610067,215.039355
2022-11-28,2022,291.340208,388.986567,189.797591,319.53481,219.217104,215.203089
2022-11-29,2022,300.509398,401.649964,189.893986,333.628354,223.505442,219.582875
2022-11-30,2022,302.694297,402.464836,189.990429,336.935993,226.681392,222.223029
2022-12-01,2022,299.249799,396.580663,190.086921,331.550097,223.537685,219.112143
2022-12-02,2022,301.726598,402.199396,190.183463,335.308451,225.548851,220.933642
2022-12-05,2022,297.091466,395.703407,190.280053,328.083788,220.464511,216.185463
2022-12-06,2022,301.041594,399.536784,190.376693,334.117343,220.730516,218.457223
2022-12-07,2022,300.5403,396.274103,190.473381,333.276514,220.383903,216.103596
2022-12-08,2022,296.344867,386.864281,190.570119,326.730777,216.119747,211.969411
2022-12-09,2022,297.341582,385.913896,190.666905,328.203262,217.014494,212.644802
2022-12-12,2022,294.418128,377.185252,190.763741,323.621779,212.127643,208.346884
2022-12-13,2022,291.947042,373.409199,190.860626,319.738857,209.362793,205.27694
2022-12-14,2022,293.092524,373.063923,190.957561,321.440982,209.183441,206.095579
2022-12-15,2022,290.827624,380.791035,191.054544,317.876406,209.052453,205.686259
2022-12-16,2022,288.094653,368.309479,191.151577,313.588952,207.212578,203.43497
2022-12-19,2022,287.560191,374.065292,191.248659,312.696631,210.648488,207.466832
2022-12-20,2022,291.926003,381.032685,191.34579,319.371789,215.583705,211.928485
2022-12-21,2022,289.743358,377.014774,191.442971,315.934102,216.25678,212.583406
2022-12-22,2022,289.100002,378.985447,191.540201,314.873515,216.264841,212.706199
2022-12-23,2022,286.644568,384.398329,191.637481,311.014491,221.063024,216.942721
2022-12-26,2022,287.332052,385.812964,191.73481,312.009056,219.128435,215.203089
2022-12-27,2022,289.79539,383.895715,191.832188,315.746046,218.340493,214.691432
2022-12-28,2022,290.29437,387.23655,191.929616,316.449434,222.149215,218.580031
2022-12-29,2022,288.461847,383.383904,192.027093,313.552239,221.734084,216.840383
2023-01-03,2023,284.39453,369.355045,192.12462,308.055809,217.127478,212.297798
2023-01-04,2023,283.480983,369.689603,192.222196,306.678691,219.562101,215.340271
2023-01-05,2023,285.560045,372.194773,192.319822,309.638752,224.114511,220.305433
2023-01-06,2023,287.301746,379.691555,192.417497,312.109847,226.861799,222.904229
2023-01-09,2023,287.266472,381.162366,192.515222,312.005534,227.676814,222.5873
2023-01-10,2023,291.86163,386.259604,192.612997,318.61211,231.189091,226.453795
2023-01-11,2023,293.289634,392.980239,192.710821,320.628482,232.962947,230.510436
2023-01-12,2023,294.498818,395.082107,192.808695,322.327688,233.200573,228.735662
2023-01-13,2023,293.56914,392.60897,192.906619,320.927001,231.197429,226.812973
2023-01-16,2023,290.710633,388.553161,193.004592,316.730823,227.647632,222.840846
2023-01-17,2023,292.200496,393.477365,193.102615,318.836739,232.287589,227.763759
2023-01-18,2023,293.545823,396.41564,193.200688,320.73315,234.399124,228.88356
2023-01-19,2023,297.221078,401.699547,193.298811,326.006315,235.553902,230.531569
2023-01-20,2023,300.440351,404.118283,193.396984,330.618595,234.084374,229.13709
2023-01-23,2023,302.65358,407.276372,193.495206,333.772781,232.850387,227.975039
2023-01-24,2023,307.613294,410.94109,193.593478,340.907439,235.59976,231.207676
2023-01-25,2023,309.164282,421.548601,193.691801,343.10178,238.032298,233.785339
2023-01-26,2023,312.335059,421.858159,193.790173,347.643667,237.853036,233.29938
2023-01-27,2023,309.480821,420.568744,193.888595,343.453431,234.503346,229.031457
2023-01-30,2023,310.122047,423.130502,193.987067,344.329167,233.223501,229.665299
2023-01-31,2023,314.424262,424.482265,194.085589,350.510772,236.650316,232.073931
2023-02-01,2023,311.529864,414.383249,194.184162,346.262249,234.088543,229.031457
2023-02-02,2023,309.307542,409.396548,194.282784,342.987745,229.152596,224.594504
2023-02-03,2023,305.93075,407.599699,194.381456,338.040033,226.140584,221.573148
2023-02-06,2023,303.253166,409.66326,194.480179,334.105659,226.069713,222.37602
2023-02-07,2023,301.873858,411.419681,194.578951,332.052859,224.952455,219.946255
2023-02-08,2023,304.243295,415.094999,194.677774,335.433111,229.042121,224.679004
2023-02-09,2023,301.514597,401.680375,194.776647,331.424577,224.666887,220.664628
2023-02-10,2023,303.251258,410.345247,194.87557,333.887688,225.431875,221.319602
2023-02-13,2023,305.067227,411.85074,194.974543,336.465715,226.882644,222.840846
2023-02-14,2023,300.459985,409.591,195.073567,329.734511,224.408417,220.643495
2023-02-15,2023,305.268874,415.13096,195.172641,336.650141,228.124968,224.066295
2023-02-16,2023,299.897288,413.161949,195.271765,328.811115,229.090063,225.017065
2023-02-17,2023,300.180398,410.458305,195.37094,329.167449,227.835231,223.030994
2023-02-22,2023,295.039841,406.242523,195.470165,321.6632,223.351607,218.889837
2023-02-23,2023,295.524224,407.80622,195.56944,322.311184,224.535568,220.051903
2023-02-24,2023,291.443442,398.991939,195.668766,316.342819,220.685612,216.312174
2023-02-27,2023,289.921814,398.065986,195.768142,314.083424,220.347933,216.122026
2023-02-28,2023,289.287161,391.123377,195.867569,313.109501,218.724157,213.713394
2023-03-01,2023,289.19455,386.774112,195.967046,312.921136,217.58397,213.819026
2023-03-02,2023,290.443484,394.482778,196.066574,314.677051,215.376551,211.156864
2023-03-03,2023,290.673933,393.212271,196.166152,314.956844,216.502147,212.171017
2023-03-06,2023,292.150489,398.231721,196.265781,317.042601,218.240567,214.389501
2023-03-07,2023,288.430495,394.332882,196.365461,311.596934,217.256713,213.185185
2023-03-08,2023,293.065914,397.87914,196.465191,318.260796,222.075932,218.086965
2023-03-09,2023,292.754714,394.255604,196.564972,317.755463,219.013894,214.579649
2023-03-10,2023,290.625079,388.852128,196.664803,314.614632,215.985206,211.727323
2023-03-13,2023,289.911097,381.120783,196.764685,313.525489,214.949241,210.818803
2023-03-14,2023,286.967049,380.629832,196.864618,309.204269,214.555283,210.396242
2023-03-15,2023,287.719739,371.32799,196.964602,310.240728,214.019582,209.994798
2023-03-16,2023,287.11911,370.947685,197.064636,309.315785,215.603754,211.283629
2023-03-17,2023,287.253837,365.488915,197.164721,309.456571,212.575067,208.579201
2023-03-20,2023,287.592097,360.705246,197.264857,309.892311,210.367648,206.424099
2023-03-21,2023,281.914049,360.072365,197.365044,301.608549,210.523981,206.910059
2023-03-22,2023,281.733297,361.116305,197.465282,301.292025,208.904373,205.008503
2023-03-23,2023,272.868339,355.843011,197.56557,288.389397,204.12059,199.832061
2023-03-24,2023,281.565623,364.904415,197.66591,300.939816,206.002837,202.536488
2023-03-27,2023,284.046483,366.388979,197.766301,304.480701,207.755849,203.973218
2023-03-28,2023,288.097355,371.689567,197.866742,310.296988,210.913771,207.121339
2023-03-29,2023,284.128325,366.905302,197.967235,304.489951,212.181109,208.220023
2023-03-30,2023,287.612554,366.925694,198.067778,309.484941,216.183228,212.276665
2023-03-31,2023,283.513728,361.30894,198.168373,303.489733,212.366624,208.093242
2023-04-03,2023,280.343276,358.127592,198.269019,298.839998,211.582875,207.691814
2023-04-04,2023,281.986193,366.947228,198.369716,301.16628,212.339526,208.135508
2023-04-05,2023,278.893664,362.860836,198.470464,296.629422,210.482292,206.276202
2023-04-06,2023,279.8033,371.471782,198.571263,297.892899,210.15712,206.191686
2023-04-10,2023,280.075048,374.386597,198.672113,298.231855,212.293668,208.452436
2023-04-11,2023,287.664059,382.835955,198.773015,309.17574,221.396405,217.431991
2023-04-12,2023,287.122624,385.492481,198.873968,308.336087,222.805485,218.361628
2023-04-13,2023,286.211075,382.789201,198.974972,306.959998,221.905008,217.47424
2023-04-14,2023,284.468642,382.771628,199.076027,304.379675,221.531894,217.706654
2023-04-17,2023,282.699352,379.489727,199.177134,301.760401,220.983687,217.009414
2023-04-18,2023,278.768732,376.190125,199.278292,296.008668,221.290099,216.988281
2023-04-19,2023,270.387492,369.179557,199.379501,283.806595,216.600115,212.297798
2023-04-20,2023,270.961324,370.633865,199.480762,284.583139,217.54645,213.396466
2023-04-24,2023,266.773875,368.376996,199.582075,278.459098,216.670986,212.593594
2023-04-25,2023,262.481651,365.814554,199.683438,272.18318,215.1556,211.114599
2023-04-26,2023,263.042867,365.529203,199.784854,272.941355,213.262932,209.191926
2023-04-27,2023,266.09642,363.696891,199.88632,277.311663,214.536523,210.290594
2023-04-28,2023,269.777016,366.575353,199.987839,282.590719,217.681938,213.185185
2023-05-02,2023,261.834873,360.150082,200.089408,271.024836,212.460423,208.093242
2023-05-03,2023,259.851602,355.390348,200.19103,268.095158,212.189446,208.325655
2023-05-04,2023,259.831891,351.832395,200.292703,268.011252,212.975279,209.065145
2023-05-05,2023,267.816082,360.030409,200.394427,279.527425,219.174395,215.319154
2023-05-08,2023,266.180779,360.149773,200.496204,277.101975,221.037882,216.544587
2023-05-09,2023,268.508399,364.485714,200.598032,280.419985,223.272399,219.312414
2023-05-10,2023,270.167271,364.828129,200.699911,282.768748,223.968601,219.671592
2023-05-11,2023,272.55375,366.117766,200.801843,286.172008,225.652826,221.4675
2023-05-12,2023,274.320153,366.196975,200.903826,288.67656,226.086389,221.953459
2023-05-15,2023,277.496296,353.292784,201.005861,293.224229,227.264096,222.840846
2023-05-16,2023,276.428502,354.478287,201.107948,291.621103,225.523591,221.066056
2023-05-17,2023,282.486153,357.947281,201.210087,300.344904,228.162488,223.98178
2023-05-18,2023,288.6466,355.886366,201.312277,309.21766,229.513203,225.545274
2023-05-19,2023,289.356049,356.125203,201.41452,310.190221,230.84099,226.411545
2023-05-22,2023,289.293197,356.47215,201.516814,310.043451,229.732069,225.122714
2023-05-23,2023,284.757671,354.613115,201.619161,303.414378,229.140089,224.8903
2023-05-24,2023,279.488984,355.373262,201.721559,295.722701,226.78676,222.41827
2023-05-25,2023,285.220286,360.521108,201.824009,303.973353,229.400644,225.122714
2023-05-26,2023,291.645148,365.599719,201.926512,313.229157,231.176584,227.151034
2023-05-29,2023,290.971171,366.204665,202.029066,312.196538,229.982202,225.587524
2023-05-30,2023,286.920748,360.507182,202.131673,306.270387,227.134861,222.650683
2023-05-31,2023,287.55758,356.227346,202.234331,307.137477,225.817496,221.509749
2023-06-01,2023,291.441768,355.758593,202.337042,312.710952,230.465791,226.496044
2023-06-02,2023,295.563732,361.401233,202.439805,318.629009,234.620074,230.341406
2023-06-05,2023,297.300616,364.337368,202.54262,321.090326,234.907727,230.594952
2023-06-06,2023,301.103207,365.863136,202.645487,326.545457,238.897339,234.672726
2023-06-07,2023,302.004296,366.220182,202.748407,327.795393,240.727475,236.172838
2023-06-09,2023,303.874556,368.746063,202.851379,330.449928,243.918748,239.194195
2023-06-12,2023,305.263966,365.455714,202.954403,332.407534,244.579515,240.102715
2023-06-13,2023,297.725049,362.422785,203.05748,321.425229,243.343444,238.623736
2023-06-14,2023,304.902524,366.834934,203.160608,331.77146,248.191844,243.208587
2023-06-15,2023,307.136272,367.967697,203.26379,334.952686,248.508679,243.821311
2023-06-16,2023,306.636367,366.994292,203.367023,334.171981,247.543585,242.764893
2023-06-19,2023,309.869815,367.827811,203.470309,338.802021,249.836465,245.363673
2023-06-20,2023,311.027456,367.401809,203.573648,340.423553,249.344538,244.708699
2023-06-21,2023,310.153468,370.828209,203.677039,339.100602,251.007919,245.659469
2023-06-22,2023,308.018298,369.008226,203.780482,335.949784,247.910445,243.525516
2023-06-23,2023,311.554153,371.411211,203.883978,341.017989,248.000076,243.631148
2023-06-26,2023,307.79849,363.964259,203.987527,335.518522,246.470099,241.750725
2023-06-27,2023,307.207726,362.782587,204.091128,334.605936,244.969305,240.377378
2023-06-28,2023,306.637519,365.78406,204.194782,333.723115,243.214209,238.813884
2023-06-29,2023,312.789197,371.544852,204.298488,342.582336,246.761921,242.786026
2023-06-30,2023,316.015641,374.680784,204.402247,347.201967,246.144927,241.222516
2023-07-03,2023,316.765072,380.972879,204.506059,348.231621,249.450844,244.962245
2023-07-04,2023,320.314392,382.750453,204.609924,353.319141,248.206436,243.48325
2023-07-05,2023,322.399291,383.869391,204.713841,356.284238,249.192374,244.750949
2023-07-06,2023,317.309093,378.65568,204.817811,348.850391,244.767114,240.102715
2023-07-07,2023,317.951761,382.245917,204.921834,349.725197,247.835406,243.377618
2023-07-10,2023,313.726453,379.437646,205.02591,343.544782,245.842684,241.074618
2023-07-11,2023,312.829252,379.075956,205.130038,342.187788,244.33772,240.440777
2023-07-12,2023,314.235121,378.201729,205.23422,344.168619,245.267379,240.504159
2023-07-13,2023,317.578262,382.021793,205.338454,348.957122,248.59831,244.201623
2023-07-14,2023,314.142541,377.026128,205.442741,343.920947,245.361179,240.778822
2023-07-17,2023,315.67532,378.568385,205.547082,346.085623,246.420073,242.363449
2023-07-18,2023,317.964907,378.23684,205.651475,349.347116,245.632156,240.757689
2023-07-19,2023,318.203116,379.087637,205.755921,349.635506,245.029753,240.335128
2023-07-20,2023,317.458205,382.4593,205.86042,348.499024,246.136589,241.581694
2023-07-21,2023,320.608291,389.250848,205.964973,353.007558,250.584778,245.934148
2023-07-24,2023,321.94519,393.960277,206.069578,354.888199,252.92977,248.406162
2023-07-25,2023,324.963729,392.410901,206.174237,359.206023,254.318005,249.272433
2023-07-26,2023,323.050253,394.107291,206.278949,356.375817,255.468614,250.878177
2023-07-27,2023,320.6225,388.724645,206.383714,352.800237,250.111611,245.173525
2023-07-28,2023,321.991057,392.766598,206.488532,354.726645,250.522245,246.187678
2023-07-31,2023,327.782324,392.803434,206.593403,363.062886,254.182517,249.209034
2023-08-01,2023,328.991005,394.775831,206.698328,364.757526,252.733833,248.300514
2023-08-02,2023,330.358862,395.640846,206.803306,366.682833,251.922987,247.222979
2023-08-03,2023,331.742457,398.851607,206.904716,368.63289,251.353936,246.589122
2023-08-04,2023,331.100742,400.13956,207.006176,367.647625,249.106912,244.370653
2023-08-07,2023,330.387422,404.2498,207.107685,366.558557,248.840104,244.265005
2023-08-08,2023,332.173218,403.411593,207.209245,369.091444,248.235618,243.546632
2023-08-09,2023,333.979751,405.545945,207.310854,371.65436,246.816116,242.342316
2023-08-10,2023,333.33921,406.210062,207.412513,370.670689,246.693134,241.940888
2023-08-11,2023,330.453025,405.656751,207.514222,366.432364,246.09907,241.391547
2023-08-14,2023,326.98696,407.901271,207.615981,361.353586,243.483101,239.405475
2023-08-15,2023,326.958511,403.342267,207.717789,361.256943,242.151146,237.41942
2023-08-16,2023,327.465258,402.255967,207.819648,361.935934,240.944257,236.363002
2023-08-17,2023,321.092708,390.498833,207.921556,352.644688,239.67275,235.285451
2023-08-18,2023,326.287556,395.078225,208.023515,360.118121,240.562805,236.003808
2023-08-21,2023,325.819151,394.104014,208.125523,359.383738,238.520056,234.081135
2023-08-22,2023,332.112585,398.312614,208.227582,368.449303,242.119879,237.503935
2023-08-23,2023,337.364981,404.430351,208.32969,376.00606,246.24498,241.497195
2023-08-24,2023,337.378844,404.961857,208.431849,375.970547,243.933339,239.384359
2023-08-25,2023,331.308317,402.563073,208.534058,367.116863,241.454944,236.954594
2023-08-28,2023,331.886216,404.524101,208.636317,367.898757,244.131361,239.806919
2023-08-29,2023,334.561705,407.958053,208.738626,371.720676,246.805694,242.173302
2023-08-30,2023,331.766406,404.739888,208.840985,367.613719,244.994318,240.652057
2023-08-31,2023,325.082338,400.207349,208.943394,357.870715,241.256922,237.292639
2023-09-01,2023,331.73625,407.871206,209.045854,367.458506,245.740546,240.968986
2023-09-04,2023,331.098718,409.551162,209.148364,366.478731,245.498752,241.159133
2023-09-05,2023,329.342424,408.429972,209.250924,363.877502,244.569093,240.060465
2023-09-06,2023,326.118647,403.389535,209.353534,359.149411,241.76344,237.165874
2023-09-08,2023,325.749738,403.871978,209.456195,358.558872,240.362699,235.919308
2023-09-11,2023,329.203084,410.455937,209.558906,363.507925,243.635265,239.76467
2023-09-12,2023,333.993388,416.515741,209.661667,370.394613,245.896879,241.328164
2023-09-13,2023,332.720065,415.194431,209.764479,368.493219,246.330442,241.83524
2023-09-14,2023,335.792012,414.683438,209.867341,372.889426,248.865118,244.222739
2023-09-15,2023,334.600124,413.636168,209.970254,371.106,247.543585,242.807143
2023-09-18,2023,333.423968,413.005494,210.073217,369.345348,246.563899,242.236684
2023-09-19,2023,331.947526,411.251193,210.176231,367.149462,245.642578,241.074618
2023-09-20,2023,335.482687,415.164222,210.279295,372.216898,247.412265,243.039556
2023-09-21,2023,329.907642,406.379959,210.378713,364.082837,242.09695,237.905363
2023-09-22,2023,328.51649,404.784394,210.478178,362.012494,241.813467,237.926496
2023-09-25,2023,324.878105,404.871859,210.57769,356.685197,241.638374,237.841981
2023-09-26,2023,320.433994,400.607458,210.677249,350.190129,238.028129,233.785339
2023-09-27,2023,320.817844,400.841958,210.776855,350.692231,238.307444,233.890971
2023-09-28,2023,328.284517,405.157457,210.876508,361.45949,241.233993,237.017976
2023-09-29,2023,330.975941,404.009513,210.976208,365.305922,242.972414,239.06743
2023-10-02,2023,327.602587,403.67791,211.075956,360.362608,239.829083,235.560114
2023-10-03,2023,322.737907,399.809875,211.17575,353.257879,236.414775,232.031681
2023-10-04,2023,323.913077,398.240044,211.275592,354.906717,236.806649,232.792303
2023-10-05,2023,321.92813,394.773368,211.375481,351.975553,236.133376,231.883783
2023-10-06,2023,321.447368,395.877169,211.475417,351.224387,237.980187,233.806472
2023-10-09,2023,324.117528,401.562879,211.575401,355.039849,240.035442,236.088323
2023-10-10,2023,329.129984,404.338887,211.675431,362.249989,243.330937,239.025164
2023-10-11,2023,325.897152,402.981164,211.775509,357.510153,243.98545,239.806919
2023-10-13,2023,320.614364,398.496627,211.875635,349.799276,241.281935,236.76443
2023-10-16,2023,320.608886,401.601548,211.975807,349.736815,242.907796,238.623736
2023-10-17,2023,316.845698,398.377917,212.076027,344.228253,241.602939,237.356021
2023-10-18,2023,310.626265,398.785071,212.176295,335.159814,237.750899,233.193748
2023-10-19,2023,310.12166,398.275476,212.27661,334.373887,237.63417,233.679691
2023-10-20,2023,308.405047,394.706109,212.376972,331.831363,235.864483,231.355574
2023-10-23,2023,313.508144,394.93363,212.477382,339.172664,235.093242,231.038645
2023-10-24,2023,316.699835,396.571161,212.577839,343.743725,237.129737,232.919068
2023-10-25,2023,310.206989,391.936629,212.678344,334.278897,235.187041,231.038645
2023-10-26,2023,316.23307,396.364028,212.778896,342.957808,239.24544,235.369966
2023-10-27,2023,312.597405,389.374804,212.879495,337.633859,236.168811,232.095064
2023-10-30,2023,309.354042,381.499679,212.980143,332.878451,234.565879,230.214641
2023-10-31,2023,312.496059,385.834188,213.080838,337.377391,235.841554,231.60912
2023-11-01,2023,312.999634,388.718245,213.18158,338.052393,239.820745,235.708012
2023-11-03,2023,321.337032,395.137664,213.278605,350.083029,246.297091,242.447965
2023-11-06,2023,319.247861,394.503961,213.375675,347.002346,246.978702,242.57473
2023-11-07,2023,326.335484,398.456745,213.472789,357.221627,248.606647,244.39177
2023-11-08,2023,324.815015,396.110491,213.569946,354.965119,248.254378,244.074842
2023-11-09,2023,324.366401,390.274278,213.667149,354.262035,248.073032,243.356485
2023-11-10,2023,332.151093,394.489602,213.764395,365.49151,251.458157,247.222979
2023-11-13,2023,331.848428,394.110383,213.861685,364.999902,250.916204,246.821535
2023-11-14,2023,338.440043,402.265521,213.95902,374.500195,257.069462,252.71635
2023-11-16,2023,339.503546,404.535032,214.0564,375.988536,259.67084,255.568676
2023-11-17,2023,336.633645,403.150809,214.153823,371.776143,260.683876,256.096885
2023-11-20,2023,338.459078,407.357297,214.251291,374.368704,262.8371,258.294237
2023-11-21,2023,335.996279,406.513086,214.348803,370.746279,261.819894,257.258952
2023-11-22,2023,334.561512,405.64513,214.44636,368.613763,262.712034,258.082956
2023-11-23,2023,336.281598,406.561947,214.543961,371.053572,263.839714,259.519686
2023-11-24,2023,330.504522,401.980128,214.641606,362.627672,261.684406,257.047671
2023-11-27,2023,332.976954,399.430647,214.739296,366.157812,261.978312,257.639263
2023-11-28,2023,338.64566,402.837525,214.83703,374.32031,263.760505,259.287273
2023-11-29,2023,337.787678,399.804767,214.934809,373.023612,262.849606,258.336487
2023-11-30,2023,343.225991,402.557822,215.032632,380.852151,265.413464,261.08318
2023-12-01,2023,345.88457,400.791504,215.1305,384.65198,267.022649,262.245247
2023-12-04,2023,337.964755,394.667415,215.228412,373.120446,264.312881,259.794349
2023-12-05,2023,338.866707,394.17327,215.326369,374.374336,264.521325,259.899997
2023-12-06,2023,336.773325,392.703302,215.424371,371.287043,261.853245,257.174436
2023-12-07,2023,337.975507,397.690496,215.522417,372.976008,262.659923,258.378752
2023-12-08,2023,341.619529,401.073571,215.620508,378.203924,264.919452,260.533838
2023-12-11,2023,342.445949,400.43551,215.718643,379.348246,264.548423,260.111277
2023-12-12,2023,343.8611,401.518588,215.816823,381.345796,263.479106,259.033726
2023-12-13,2023,352.017046,406.249569,215.915048,393.1128,269.861653,266.470919
2023-12-14,2023,357.556052,414.119218,216.009487,401.089116,272.731923,268.076663
2023-12-15,2023,352.770743,410.098997,216.103967,394.102311,271.387461,266.808965
2023-12-18,2023,353.124035,414.403128,216.198489,394.562893,273.236357,268.900668
2023-12-19,2023,355.617458,423.003883,216.293052,398.125158,274.83512,270.548694
2023-12-20,2023,355.215767,419.070758,216.387656,397.491494,272.652714,267.949898
2023-12-21,2023,357.134861,419.824189,216.482302,400.221335,275.525069,271.182551
2023-12-22,2023,357.123248,422.029764,216.576989,400.152967,276.715282,272.429117
2023-12-26,2023,357.665822,424.375055,216.671718,400.887764,278.341143,273.929213
2023-12-27,2023,358.739596,423.529291,216.766488,402.39241,279.718956,275.640637
2023-12-28,2023,360.172729,425.493535,216.861299,404.417855,279.700196,275.492723
2024-01-03,2024,358.647024,426.683138,216.956152,402.53481,279.988966,275.984851
2024-01-04,2024,353.932007,414.959514,217.051046,395.416849,276.599606,272.475919
2024-01-05,2024,355.451175,420.590034,217.145982,397.63222,278.279531,274.401547
2024-01-08,2024,359.507188,427.522665,217.24096,403.645541,279.131087,275.08623
2024-01-09,2024,357.84022,423.983316,217.335979,401.090814,277.065432,272.989415
2024-01-10,2024,357.65215,422.761465,217.431039,400.750157,275.788099,271.598699
2024-01-11,2024,354.722616,414.801105,217.526142,396.305159,275.383399,271.320542
2024-01-12,2024,356.291482,413.561401,217.621285,398.594805,276.097947,272.21918
2024-01-15,2024,354.210434,413.410929,217.716471,395.420046,277.22141,273.481526
2024-01-16,2024,355.696029,413.09688,217.811698,397.584972,272.527315,268.496293
2024-01-17,2024,360.446291,416.932657,217.906966,404.63749,270.904301,266.442295
2024-01-18,2024,357.570381,408.518312,218.002277,400.272645,268.358065,264.366897
2024-01-19,2024,362.869745,413.74118,218.097629,408.147185,269.032565,264.965978
2024-01-22,2024,360.035341,411.71139,218.193022,403.844428,266.853088,262.526854
2024-01-23,2024,364.422114,422.121967,218.288458,410.352653,270.354162,266.485096
2024-01-24,2024,362.910397,426.077217,218.383935,408.030072,269.411971,265.244134
2024-01-25,2024,362.980214,435.408279,218.479454,408.07522,270.156028,266.292525
2024-01-26,2024,363.31386,435.311333,218.575015,408.515327,271.838061,267.619072
2024-01-29,2024,362.583212,431.285684,218.670617,407.362027,270.860037,266.913006
2024-01-30,2024,356.690814,423.638246,218.766262,398.480912,268.539337,264.388297
2024-01-31,2024,358.488075,433.123118,218.861948,401.112157,269.277071,265.201333
2024-02-01,2024,358.063621,436.687183,218.953776,400.419613,270.813665,266.934406
2024-02-02,2024,354.640914,434.415597,219.045642,395.238285,268.075618,263.853401
2024-02-05,2024,353.741631,431.043757,219.137547,393.834815,268.941929,265.008778
2024-02-06,2024,357.390058,435.403847,219.229491,399.239815,274.892279,271.470312
2024-02-07,2024,360.401486,444.828024,219.321473,403.691122,273.189168,269.694471
2024-02-08,2024,359.319165,446.966464,219.413494,402.01355,270.257203,266.399511
2024-02-09,2024,354.674031,447.239628,219.505553,395.001975,269.854611,265.586459
2024-02-14,2024,352.38552,443.007599,219.597651,391.518536,267.729937,263.660847
2024-02-15,2024,352.171866,442.813121,219.689787,391.141395,269.386677,265.436688
2024-02-16,2024,355.810054,450.776827,219.781963,396.530921,271.330079,267.191146
2024-02-19,2024,358.483761,453.152123,219.874177,400.476474,271.9835,267.747442
2024-02-20,2024,365.950076,456.978473,219.966429,411.597139,273.838374,269.994011
2024-02-21,2024,367.116237,461.281579,220.05872,413.285657,274.08288,269.972611
2024-02-22,2024,367.698565,458.577042,220.151051,414.100082,274.523412,270.229367
2024-02-23,2024,363.384566,450.469446,220.243419,407.584065,272.790792,268.753049
2024-02-26,2024,366.080378,459.744425,220.335827,411.562592,273.191276,269.095374
2024-02-27,2024,367.704458,471.335985,220.428273,413.936577,277.575523,273.52431
2024-02-28,2024,363.136837,465.49855,220.520758,407.040782,274.34214,270.143781
2024-02-29,2024,369.413907,473.30562,220.613282,416.380829,271.949775,267.982798
2024-03-01,2024,362.687199,469.123346,220.705845,406.252564,272.287025,267.961397
2024-03-04,2024,362.66173,468.950108,220.798446,406.15687,270.518571,266.37811
2024-03-05,2024,365.203057,472.027395,220.891087,409.903969,270.006373,266.164155
2024-03-06,2024,367.154391,474.131011,220.983766,412.767749,271.67576,267.768843
2024-03-07,2024,366.392131,478.34148,221.076484,411.568915,270.516463,266.741835
2024-03-08,2024,367.75868,467.997637,221.169241,413.55715,267.841651,263.725032
2024-03-11,2024,362.318741,461.769222,221.262037,405.355195,265.845554,261.713818
2024-03-12,2024,365.959353,464.865603,221.354872,410.747939,269.100014,264.901793
2024-03-13,2024,369.129324,472.234369,221.447746,415.436052,269.812455,266.09997
2024-03-14,2024,370.991352,474.886123,221.540659,418.165985,269.146386,264.923193
2024-03-15,2024,363.807158,465.442893,221.633611,407.352564,267.148182,262.890595
2024-03-18,2024,356.277427,464.56254,221.726601,396.021805,267.595037,263.275721
2024-03-19,2024,356.503121,473.136712,221.819631,396.301868,268.807029,265.201333
2024-03-20,2024,357.934252,480.201227,221.9127,398.386597,272.171095,268.410708
2024-03-21,2024,351.342235,478.649217,222.001838,388.462109,270.13495,266.09997
2024-03-22,2024,348.310827,470.654696,222.091012,383.868279,267.748908,263.618046
2024-03-25,2024,345.248669,465.653699,222.180221,379.228389,267.546558,263.575261
2024-03-26,2024,346.615746,461.914808,222.269467,381.219597,267.403227,263.682231
2024-03-27,2024,354.099299,477.538427,222.358748,392.367916,269.148494,265.415304
2024-03-28,2024,354.586308,481.789584,222.448065,393.041509,270.023236,266.014385
2024-04-01,2024,351.950679,478.736378,222.537418,389.040098,267.670919,263.789217
2024-04-02,2024,353.523736,482.367538,222.626807,391.339596,268.849185,264.752022
2024-04-03,2024,350.355963,481.616658,222.716231,386.541453,268.362281,264.324112
2024-04-04,2024,348.89236,481.995727,222.805692,384.294645,268.59414,264.623653
2024-04-05,2024,349.460803,480.491472,222.895189,385.090041,267.259895,262.95478
2024-04-08,2024,352.364386,488.494533,222.984721,389.381415,271.606202,267.726042
2024-04-09,2024,354.667889,493.528632,223.07429,392.77437,273.783571,269.39493
2024-04-10,2024,348.674263,485.255081,223.163894,383.745459,269.91363,265.629259
2024-04-11,2024,351.143019,487.251803,223.253535,387.385774,268.52669,264.709238
2024-04-12,2024,341.263807,463.481435,223.343211,372.539608,265.470364,261.285908
2024-04-15,2024,332.601591,452.715792,223.432924,359.515416,264.180384,260.066346
2024-04-16,2024,330.967993,455.926942,223.522672,357.013925,262.188502,258.568628
2024-04-17,2024,333.455985,455.567374,223.612457,360.682949,261.728999,257.905363
2024-04-18,2024,331.578854,452.425675,223.702277,357.816814,261.781695,257.776993
2024-04-19,2024,333.825865,457.309842,223.792134,361.125015,263.737743,260.002145
2024-04-22,2024,334.813729,456.96557,223.882027,362.548092,264.68415,260.601242
2024-04-23,2024,331.234355,454.751518,223.971956,357.133418,263.788331,259.766806
2024-04-24,2024,330.497859,450.749992,224.061921,355.974866,262.930452,258.825384
2024-04-25,2024,328.968465,449.188314,224.151922,353.629225,262.73021,258.697014
2024-04-26,2024,335.643596,460.79228,224.241959,363.566764,266.692894,262.80501
2024-04-29,2024,338.279024,463.896736,224.332033,367.45634,268.433946,264.816207
2024-04-30,2024,331.133642,441.627226,224.422143,356.702791,265.423992,261.842188
2024-05-02,2024,336.426815,447.466431,224.512289,364.571298,267.94915,263.917586
2024-05-03,2024,344.174371,468.017765,224.602471,376.114304,270.872684,267.340916
2024-05-06,2024,340.72156,452.248565,224.692689,370.888931,270.782048,266.827421
2024-05-07,2024,340.340108,459.309134,224.782944,370.261744,272.350259,268.303738
2024-05-08,2024,342.686498,460.572358,224.873234,373.718458,272.921476,269.052589
2024-05-09,2024,336.445157,451.210981,224.961542,364.319493,270.196076,266.420895
2024-05-10,2024,334.196382,436.446512,225.049884,360.897878,268.956683,265.329719
2024-05-13,2024,336.208346,439.563333,225.138262,363.855105,270.126518,266.50648
2024-05-14,2024,334.638577,441.36726,225.226673,361.450005,270.88533,267.041376
2024-05-15,2024,337.442038,442.887923,225.31512,365.592157,269.858826,265.80043
2024-05-16,2024,337.580288,443.110847,225.403601,365.744132,270.398426,266.485096
2024-05-17,2024,334.606749,435.651358,225.492117,361.237348,270.118087,266.09997
2024-05-20,2024,337.744124,442.164173,225.580668,365.879347,269.274963,265.565075
2024-05-21,2024,336.60757,443.806409,225.669253,364.122716,268.560415,264.666437
2024-05-22,2024,331.109732,437.182623,225.757874,355.836673,264.846452,261.178922
2024-05-23,2024,330.989361,435.419297,225.846529,355.601353,262.905158,259.103524
2024-05-24,2024,329.784123,433.032684,225.935219,353.741829,262.013554,258.119318
2024-05-27,2024,333.039985,440.098128,226.023944,358.56111,262.414038,258.611429
2024-05-28,2024,331.767823,431.705567,226.112703,356.601348,260.904845,257.135111
2024-05-29,2024,330.469372,425.641091,226.201498,354.602208,258.643164,254.867158
2024-05-31,2024,326.376653,421.104613,226.290327,348.419676,257.359507,253.882952
2024-06-03,2024,327.330188,418.175025,226.379191,349.791997,257.220392,253.412241
2024-06-04,2024,326.983419,408.96501,226.46809,349.217578,256.735595,252.813161
2024-06-05,2024,330.935309,413.95569,226.557024,355.078771,255.90301,252.256864
2024-06-06,2024,334.451247,420.87225,226.645993,360.287266,259.047864,255.466239
2024-06-07,2024,329.361955,410.836087,226.734997,352.61263,254.554011,250.609376
2024-06-10,2024,326.02072,406.653507,226.824036,347.555033,254.539256,251.080087
2024-06-11,2024,327.802022,413.680931,226.91311,350.166496,256.383591,252.470819
2024-06-12,2024,326.140178,409.545154,227.002218,347.623115,252.80242,249.175859
2024-06-13,2024,326.532667,404.662655,227.091362,348.155306,252.026745,248.576779
2024-06-14,2024,325.184869,404.650918,227.180541,346.082047,252.22488,248.662364
2024-06-17,2024,324.217601,395.869725,227.269755,344.578468,251.120387,247.635357
2024-06-18,2024,325.260444,400.663604,227.359004,346.084256,252.15743,248.448409
2024-06-19,2024,326.579247,402.025449,227.448288,348.003168,253.487458,249.817741
2024-06-20,2024,325.90132,409.937502,227.537606,346.932705,253.877403,250.587992
2024-06-21,2024,327.694469,409.953413,227.626961,349.561729,255.763894,252.513604
2024-06-24,2024,334.41308,422.386837,227.71635,359.564766,258.495617,254.781573
2024-06-25,2024,337.877946,417.627782,227.805774,364.696518,257.850627,254.396448
2024-06-26,2024,339.057342,415.926305,227.895233,366.406612,258.504049,254.909943
2024-06-27,2024,340.742129,429.160395,227.984728,368.873319,262.01777,258.461659
2024-06-28,2024,338.365184,418.088341,228.074257,365.259079,261.172537,257.563022
2024-07-01,2024,338.691582,413.279959,228.163822,365.692063,262.881972,259.06074
2024-07-02,2024,337.31525,412.743424,228.253422,363.575824,263.027411,259.595635
2024-07-03,2024,344.377156,420.173986,228.343057,374.092664,264.871746,261.328693
2024-07-04,2024,349.41164,431.956669,228.432727,381.574179,265.929867,262.3557
2024-07-05,2024,347.605815,429.690306,228.522433,378.814869,266.146971,262.526854
2024-07-08,2024,343.395823,428.363774,228.612174,372.456196,266.739266,263.040366
2024-07-09,2024,344.285389,428.144061,228.70195,373.732181,267.91964,264.324112
2024-07-10,2024,345.874401,428.553562,228.791761,376.055304,268.1515,264.238527
2024-07-11,2024,348.880504,439.948095,228.881607,380.499966,270.419504,266.52788
2024-07-12,2024,347.598817,435.716637,228.971489,378.525248,271.690514,267.875812
2024-07-15,2024,351.050142,440.900004,229.061406,383.63642,272.584226,268.988404
2024-07-16,2024,354.654397,441.020261,229.151359,388.976526,272.139478,268.239554
2024-07-17,2024,356.715822,449.027813,229.241346,392.006799,272.856134,269.202359
2024-07-18,2024,351.637264,433.596121,229.33137,384.347601,269.06629,265.351103
2024-07-19,2024,350.153128,433.348033,229.421428,382.069679,268.990408,265.308319
2024-07-22,2024,356.330198,436.699167,229.511522,391.261525,269.504714,265.864615
2024-07-23,2024,350.646406,425.52989,229.601651,382.696148,266.827794,263.06175
2024-07-24,2024,351.142503,422.545983,229.691816,383.382819,266.47579,262.869195
2024-07-25,2024,350.486716,416.550367,229.782015,382.344953,265.487226,261.906389
2024-07-26,2024,352.292688,421.64289,229.872251,384.992628,268.72904,265.265534
2024-07-29,2024,351.948508,416.593977,229.962522,384.421232,267.595037,264.152942
2024-07-30,2024,355.477897,418.52202,230.052828,389.649035,265.877171,262.548254
2024-07-31,2024,361.840379,419.876988,230.14317,399.118312,269.06629,265.393904
2024-08-01,2024,358.752075,418.420765,230.233547,394.438552,268.524582,264.752022
2024-08-02,2024,358.591354,436.64673,230.32396,394.141729,265.276445,261.842188
2024-08-05,2024,353.830476,437.905449,230.414408,386.957873,264.045484,260.537041
2024-08-06,2024,354.632963,448.416363,230.504892,388.10305,266.146971,262.612439
2024-08-07,2024,362.715929,455.52501,230.595411,400.147996,268.775412,265.393904
2024-08-08,2024,363.416385,448.353797,230.685966,401.140375,271.193071,268.089783
2024-08-09,2024,372.488418,448.821588,230.776556,414.666035,275.311734,272.005208
2024-08-12,2024,371.688787,457.309633,230.867182,413.412552,276.367747,273.117801
2024-08-13,2024,377.431559,451.853569,230.957844,421.953846,279.069961,275.535524
2024-08-14,2024,375.066019,446.511917,231.048541,418.355955,281.009147,277.461136
2024-08-15,2024,375.891551,448.800643,231.139274,419.53548,282.769169,279.194225
2024-08-16,2024,370.493097,443.482009,231.230042,411.396892,282.347607,278.766283
2024-08-19,2024,375.096662,453.687445,231.320846,418.232562,286.194362,282.382184
2024-08-20,2024,377.380993,456.359623,231.411686,421.596024,286.845675,283.366406
2024-08-21,2024,379.153334,456.893217,231.502561,424.19295,287.64032,284.008288
2024-08-22,2024,373.76064,445.030087,231.593472,416.062898,284.919136,281.504979
2024-08-23,2024,382.327821,461.228329,231.684419,428.832508,285.836034,282.382184
2024-08-26,2024,380.214041,464.1988,231.775401,425.611357,288.53614,285.013894
2024-08-27,2024,384.765994,467.487818,231.866419,432.369624,288.297957,284.585952
2024-08-28,2024,382.055353,468.760909,231.957473,428.254853,289.495194,285.891099
2024-08-29,2024,378.311444,465.067993,232.048563,422.593128,286.748716,282.78871
2024-08-30,2024,380.192183,476.365152,232.139689,425.352184,286.670727,283.708747
2024-09-02,2024,381.424327,481.308972,232.23085,427.140191,284.514436,280.499373
2024-09-03,2024,380.840493,484.949794,232.322047,426.209428,283.190731,279.493766
2024-09-04,2024,387.45137,490.830124,232.41328,436.050028,286.896263,283.238036
2024-09-05,2024,390.725515,496.753227,232.504548,440.8951,287.720417,284.329212
2024-09-06,2024,389.940452,493.493723,232.595853,439.663004,283.652342,280.199832
2024-09-09,2024,386.489392,486.938021,232.687193,434.439555,284.00013,280.37097
2024-09-10,2024,389.344824,483.562431,232.77857,438.657695,283.121173,279.493766
2024-09-11,2024,390.843272,487.457703,232.869982,440.844236,283.873662,280.734728
2024-09-12,2024,390.357398,484.335317,232.96143,440.059974,282.5078,278.809084
2024-09-13,2024,397.999622,501.766483,233.052914,451.444475,284.305763,280.734728
2024-09-16,2024,403.521469,510.098301,233.144434,459.654483,284.803206,281.098453
2024-09-17,2024,401.825973,508.020781,233.23599,457.059199,284.470172,280.991468
2024-09-18,2024,397.752572,502.590559,233.327581,450.903871,281.915505,278.252804
2024-09-19,2024,396.811448,500.021047,233.421304,449.43663,280.598123,276.79787
2024-09-20,2024,389.890039,491.073139,233.515065,439.016128,276.260248,273.075
2024-09-23,2024,385.608324,489.977897,233.608863,432.547554,275.212666,271.727068
2024-09-24,2024,388.097487,489.85766,233.702699,436.215814,278.55987,275.321552
2024-09-25,2024,387.520546,492.878251,233.796573,435.293707,277.358418,273.695481
2024-09-26,2024,388.548567,497.704115,233.890484,436.774406,280.359941,276.712301
2024-09-27,2024,385.467695,498.177148,233.984434,432.103553,279.769754,276.091804
2024-09-30,2024,385.636964,497.038946,234.07842,432.298545,277.843215,274.786657
2024-10-01,2024,391.321523,503.37173,234.172445,440.750595,279.274418,275.706694
2024-10-02,2024,398.452488,516.628553,234.266507,451.368075,281.424385,277.824894
2024-10-03,2024,391.683414,501.919975,234.360608,441.175425,277.53969,273.930836
2024-10-04,2024,389.973443,503.393271,234.454746,438.556867,277.792627,274.294562
2024-10-07,2024,387.724429,501.26009,234.548921,435.131268,278.268992,274.829457
2024-10-08,2024,388.420406,503.694684,234.643135,436.114668,277.20244,273.716881
2024-10-09,2024,382.164527,496.010477,234.737386,426.690242,273.935333,270.336336
2024-10-10,2024,384.423081,507.29763,234.831676,430.012969,274.759487,271.299158
2024-10-11,2024,384.59112,507.900359,234.926003,430.205909,273.998567,270.593092
2024-10-14,2024,387.56546,522.05038,235.020368,434.600209,276.13378,272.79686
2024-10-15,2024,389.049201,525.862897,235.114771,436.762874,276.213877,272.582905
2024-10-16,2024,391.465717,536.609313,235.209212,440.321995,277.704099,274.016438
2024-10-17,2024,392.568183,538.380813,235.303691,441.913795,275.686924,272.390334
2024-10-18,2024,390.16799,536.967422,235.398207,438.261651,275.067227,271.727068
2024-10-21,2024,391.278428,536.056485,235.492762,439.865339,274.778457,271.192172
2024-10-22,2024,390.039181,531.903915,235.587355,437.951228,273.42735,270.657277
2024-10-23,2024,389.021049,521.972433,235.681986,436.368133,272.398739,269.180959
2024-10-24,2024,393.467243,522.966441,235.776654,442.965795,274.156653,270.871232
2024-10-25,2024,392.549382,530.385765,235.871361,441.532771,273.789894,270.336336
2024-10-28,2024,393.509727,528.633534,235.966106,442.911631,276.572204,273.52431
2024-10-29,2024,394.665441,528.799008,236.060889,444.582961,275.554132,272.261964
2024-10-30,2024,398.266637,533.768665,236.15571,449.915461,275.362321,272.21918
2024-10-31,2024,397.358698,534.416348,236.250569,448.497195,273.410488,270.143781
2024-11-01,2024,392.654495,525.539794,236.345466,441.395422,270.054853,266.592065
2024-11-04,2024,398.138235,547.625109,236.440401,449.546256,275.100952,272.048009
2024-11-05,2024,395.808841,542.761651,236.535375,445.999823,275.408693,272.048009
2024-11-06,2024,391.49926,537.044402,236.630386,439.488777,274.734193,270.229367
2024-11-07,2024,387.372698,532.154741,236.729669,433.249079,273.345146,269.715855
2024-11-08,2024,383.763811,535.586161,236.828994,427.784381,269.44148,266.37811
2024-11-11,2024,383.39839,545.442225,236.92836,427.175531,269.534224,266.05717
2024-11-12,2024,380.333602,551.881003,237.027768,422.525364,269.163249,265.736229
2024-11-13,2024,377.402649,545.571966,237.127218,418.075539,269.23913,266.014385
2024-11-14,2024,374.757528,537.586021,237.226709,414.053615,269.361383,265.885999
2024-11-18,2024,373.309532,543.254331,237.326243,411.823911,269.310796,266.185556
2024-11-19,2024,374.61263,545.740293,237.425818,413.712913,270.215047,267.191146
2024-11-21,2024,371.582246,542.675976,237.525434,409.114124,267.527587,264.452482
2024-11-22,2024,376.427146,548.648546,237.625093,416.305598,272.173203,269.63027
2024-11-25,2024,379.612881,553.128263,237.724793,421.013067,271.9835,268.881419
2024-11-26,2024,383.846868,554.98288,237.824535,427.289876,273.85102,270.978217
2024-11-27,2024,373.316324,542.223844,237.924319,411.462301,269.102122,265.522274
2024-11-28,2024,359.522108,505.219489,238.024145,390.748574,262.654328,259.53145
2024-11-29,2024,363.813863,508.561711,238.124013,397.111789,264.884392,261.713818
2024-12-02,2024,359.788935,504.515057,238.223923,391.023861,263.973818,260.772396
2024-12-03,2024,361.898346,503.376069,238.323874,394.119781,265.877171,262.484069
2024-12-04,2024,363.213985,513.147131,238.423868,396.027299,265.767565,262.63384
2024-12-05,2024,365.932889,513.87183,238.523904,400.035656,269.500499,266.399511
2024-12-06,2024,362.119578,492.358192,238.623981,394.26444,265.470364,262.013359
2024-12-09,2024,363.123615,501.196889,238.7241,395.705374,268.134637,264.794823
2024-12-10,2024,366.640586,513.210822,238.824262,400.908457,270.280389,266.977191
2024-12-11,2024,370.524152,519.558233,238.924465,406.660355,273.157551,270.892632
2024-12-12,2024,360.956543,498.274685,239.033207,392.268847,265.672714,262.569655
2024-12-13,2024,356.597639,489.699331,239.141998,385.675394,262.658544,260.237501
2024-12-16,2024,352.38897,483.257306,239.250839,379.306829,260.441127,257.220697
2024-12-17,2024,355.113674,486.099173,239.359729,383.318365,262.839816,260.173316
2024-12-18,2024,344.567368,461.400707,239.468669,367.4615,254.56455,252.898729
2024-12-19,2024,348.331598,462.303238,239.577658,373.029275,255.441399,252.428035
2024-12-20,2024,348.258966,458.524027,239.686697,372.852755,257.367938,254.717388
2024-12-23,2024,342.921255,444.550781,239.795786,364.793719,254.554011,251.828938
2024-12-26,2024,340.156392,439.914372,240.014112,360.518655,255.20954,252.385234
2024-12-27,2024,337.383969,438.509617,240.12335,356.300086,253.504321,250.887532
2024-12-30,2024,336.083231,438.022248,240.232637,354.284782,253.53383,250.908916
2025-01-03,2025,331.882443,431.441683,240.341974,348.511048,250.173781,247.373475
2025-01-06,2025,337.298469,428.853693,240.451361,356.069736,253.31644,250.844638
2025-01-07,2025,336.008105,434.467162,240.560798,354.202275,255.724616,253.158746
2025-01-08,2025,333.858768,429.779827,240.670284,351.127466,252.478538,249.987559
2025-01-09,2025,335.916849,430.837439,240.77982,353.966342,252.807789,250.308966
2025-01-10,2025,335.656183,430.048208,240.889406,353.546095,250.8555,248.466251
2025-01-13,2025,337.73976,427.803482,240.999042,356.420757,251.174198,248.594808
2025-01-14,2025,339.747464,430.085829,241.108728,359.188753,251.790488,249.537596
2025-01-15,2025,347.982067,435.862124,241.218464,370.708904,258.863053,256.201361
2025-01-16,2025,343.09688,435.129926,241.32825,363.788592,255.874467,253.544431
2025-01-17,2025,346.958735,436.597472,241.438086,369.162604,258.229878,255.515701
2025-01-20,2025,349.354835,441.988897,241.547971,372.476409,258.637221,256.715602
2025-01-21,2025,351.479654,441.777737,241.657907,375.408892,260.315134,257.765532
2025-01-22,2025,352.932868,438.278945,241.767893,377.397381,259.542661,256.951299
2025-01-23,2025,352.104488,440.337335,241.877929,376.178964,258.510586,255.665689
2025-01-24,2025,352.908845,438.172967,241.988014,377.255407,258.434605,255.944233
2025-01-27,2025,360.437392,434.557972,242.09815,387.782968,263.531664,261.129553
2025-01-28,2025,357.557968,434.485218,242.208337,383.681646,261.830533,259.329686
2025-01-29,2025,358.054651,433.547925,242.318573,384.325565,260.513529,257.486972
2025-01-30,2025,366.178707,437.241895,242.437399,395.685869,267.86047,265.586335
2025-01-31,2025,364.135186,435.853471,242.556283,392.755169,266.218436,263.550786
2025-02-03,2025,364.911285,433.374687,242.675225,393.787539,265.87019,262.779417
2025-02-04,2025,363.42245,423.009478,242.794226,391.636418,264.13318,261.215263
2025-02-05,2025,361.530833,455.846899,242.913285,388.91914,264.949976,262.200898
2025-02-06,2025,367.249544,450.02523,243.032402,396.898482,266.408389,263.893624
2025-02-07,2025,362.430921,440.321584,243.151578,390.067111,263.018792,260.293906
2025-02-10,2025,365.693096,438.699394,243.270812,394.593628,265.030178,262.586583
2025-02-11,2025,364.762125,435.294015,243.390105,393.226464,267.035232,264.51499
2025-02-12,2025,358.732567,428.999215,243.509456,384.692984,262.514362,259.80108
2025-02-13,2025,358.373101,428.969159,243.628866,384.129039,263.506337,260.722437
2025-02-14,2025,365.265741,431.698498,243.748334,393.758217,270.616892,267.557621
2025-02-17,2025,366.713621,429.914482,243.867861,395.734519,271.988771,268.371837
2025-02-18,2025,367.769076,429.131042,243.987446,397.159221,271.277505,268.478978
2025-02-19,2025,363.536769,429.406219,244.107091,391.151712,268.696261,265.714907
2025-02-20,2025,364.6628,429.002499,244.226793,392.675553,269.312551,266.700542
2025-02-21,2025,366.908573,422.602252,244.346555,395.773213,268.314245,265.564919
2025-02-24,2025,361.329229,424.159125,244.466375,387.872299,264.669268,262.45801
2025-02-25,2025,360.437145,428.316597,244.586254,386.559505,265.891296,263.186533
2025-02-26,2025,358.146569,431.878548,244.706192,383.28104,263.335379,261.022412
2025-02-27,2025,360.051986,457.562161,244.826188,385.900199,263.398697,260.872425
2025-02-28,2025,353.121637,456.572384,244.946244,376.100272,259.17753,257.14415
2025-03-05,2025,355.689812,482.005996,245.066358,379.650908,259.700955,257.229859
2025-03-06,2025,360.15162,477.385345,245.186531,385.8631,260.357346,257.979797
2025-03-07,2025,362.819545,477.403422,245.306763,389.55388,263.896794,261.300956
2025-03-10,2025,361.73208,478.034387,245.427054,387.966267,262.807733,259.908221
2025-03-11,2025,359.678679,472.732826,245.547404,385.02096,260.671823,258.301204
2025-03-12,2025,363.008145,474.975357,245.667814,389.641479,261.425301,258.708304
2025-03-13,2025,367.531068,476.377089,245.788282,395.939426,265.167366,262.500873
2025-03-14,2025,375.373741,478.260253,245.908809,406.903397,272.174503,269.443182
2025-03-17,2025,376.721664,488.277305,246.029395,408.738683,276.136068,273.749992
2025-03-18,2025,380.034065,497.097095,246.150041,413.3351,277.488952,274.82132
2025-03-19,2025,387.304123,502.187226,246.270745,423.494148,279.669184,277.692549
2025-03-20,2025,384.979842,485.895142,246.400114,420.163673,278.502032,276.085532
2025-03-21,2025,383.934612,489.171928,246.52955,418.630928,279.325159,276.364059
2025-03-24,2025,382.388904,474.741642,246.659055,416.394705,277.163922,274.671349
2025-03-25,2025,383.759184,470.196753,246.788627,418.256997,278.740527,276.492615
2025-03-26,2025,386.885096,468.252532,246.918268,422.586875,279.694511,276.921179
2025-03-27,2025,389.228465,467.484973,247.047976,425.816819,281.022068,278.078217
2025-03-28,2025,388.203246,458.910128,247.177753,424.312032,278.390171,275.742694
2025-03-31,2025,386.148666,456.942588,247.307598,421.360401,274.924593,272.764357
2025-04-01,2025,388.482349,459.221472,247.437511,424.576632,276.79668,274.349926
2025-04-02,2025,388.26341,454.882576,247.567493,424.205006,276.887435,276.19264
2025-04-03,2025,390.516191,449.354157,247.697542,427.307457,276.784017,274.478515
2025-04-04,2025,383.054169,435.703262,247.82766,416.755295,268.5844,265.972019
2025-04-07,2025,381.580334,435.938537,247.957847,414.619757,265.063947,262.972267
2025-04-08,2025,382.068984,437.345867,248.088101,415.242545,261.568821,259.351117
2025-04-09,2025,387.841978,451.429348,248.218424,423.292676,269.724115,266.871961
2025-04-10,2025,383.923787,445.690891,248.348816,417.721387,266.682765,264.429297
2025-04-11,2025,386.547557,446.443648,248.479276,421.345079,269.483509,267.236214
2025-04-14,2025,392.548772,454.053217,248.609805,429.715885,273.223462,270.857365
2025-04-15,2025,393.061224,461.795994,248.740402,430.371958,272.782351,270.407386
2025-04-16,2025,388.349739,454.410084,248.871068,423.685526,270.823729,268.436115
2025-04-17,2025,390.895003,459.361289,249.001802,427.198739,273.637137,271.114477
2025-04-22,2025,394.647485,454.508916,249.132605,432.408716,275.355152,272.828635
2025-04-23,2025,398.87717,461.692097,249.263477,438.289388,279.052894,276.578341
2025-04-24,2025,405.970855,464.242183,249.394418,448.195506,284.042313,281.506533
2025-04-25,2025,405.340006,471.756859,249.525427,447.244417,284.377896,281.74223
2025-04-28,2025,407.729659,472.216143,249.656505,450.538743,284.962527,282.085036
2025-04-29,2025,404.795625,472.038861,249.787653,446.35036,285.125042,282.535015
2025-04-30,2025,409.875679,475.040328,249.918868,453.426094,285.070167,282.042206
2025-05-02,2025,409.766857,478.276268,250.050153,453.208602,285.211576,282.5136
2025-05-05,2025,411.951177,472.616881,250.181507,456.214188,281.743888,279.278118
2025-05-06,2025,408.47437,470.109794,250.31293,451.262778,281.796652,279.363844
2025-05-07,2025,408.368746,473.453028,250.444422,451.049679,281.547603,278.999591
2025-05-08,2025,409.143563,481.809248,250.580328,452.071909,287.528997,285.063373
2025-05-09,2025,405.68591,469.831635,250.716308,447.14518,288.11996,285.491937
2025-05-12,2025,405.193495,474.996092,250.852362,446.386187,288.2276,285.813327
2025-05-13,2025,409.257376,480.028701,250.988489,452.031231,293.293,290.5701
2025-05-14,2025,411.567132,478.668007,251.124691,455.21074,292.153285,289.927287
2025-05-15,2025,414.079116,485.56441,251.260966,458.674454,294.076026,291.555751
2025-05-16,2025,413.879476,488.46668,251.397315,458.326823,293.765771,291.641445
2025-05-19,2025,414.969071,492.202523,251.533739,459.791233,294.713423,292.305673
2025-05-20,2025,416.563769,489.166309,251.670236,461.96555,295.713839,293.205599
2025-05-21,2025,409.986552,484.520339,251.806807,452.653847,291.009349,288.384548
2025-05-22,2025,407.46547,485.836365,251.943453,449.043183,289.726114,287.22751
2025-05-23,2025,413.77534,487.011905,252.080172,457.844772,290.889045,288.127435
2025-05-26,2025,415.51553,486.70983,252.216966,460.22344,291.547547,289.284473
2025-05-27,2025,416.121215,490.180829,252.353834,461.007474,294.512917,292.391399
2025-05-28,2025,411.967551,485.701508,252.490777,455.101999,293.134706,290.784382
2025-05-29,2025,411.489571,483.363742,252.627793,454.362822,292.38756,290.034428
2025-05-30,2025,409.327907,479.195174,252.764884,451.257116,289.20691,287.098954
2025-06-02,2025,408.237855,479.436965,252.90205,449.657572,288.70037,286.263306
2025-06-03,2025,412.208551,476.155025,253.039289,455.171094,290.302303,287.977431
2025-06-04,2025,409.974726,486.352999,253.176604,451.963853,289.154146,286.713253
2025-06-05,2025,408.124526,483.500269,253.313993,449.295777,287.537439,285.513352
2025-06-06,2025,405.74486,477.17112,253.451456,445.883477,287.254621,285.106236
2025-06-09,2025,406.953028,489.086923,253.588994,447.513999,286.404056,284.399144
2025-06-10,2025,409.37428,485.430077,253.726606,450.849526,287.959556,285.727634
2025-06-11,2025,405.704722,485.625942,253.864294,445.624116,289.420079,287.056091
2025-06-12,2025,406.145786,492.077142,254.002056,446.17633,290.838391,288.534552
2025-06-13,2025,401.928786,484.756749,254.139893,440.181393,289.599479,287.098954
2025-06-16,2025,407.570296,495.70514,254.277804,448.042987,293.911401,291.555751
2025-06-17,2025,407.78372,495.547501,254.41579,448.275132,293.033398,290.07729
2025-06-18,2025,407.917162,507.396948,254.553852,448.394822,292.773796,290.162984
2025-06-20,2025,405.971186,503.878009,254.69419,445.590679,289.394752,286.906087
2025-06-23,2025,403.287706,510.94203,254.834605,441.749903,288.202273,285.984746
2025-06-24,2025,405.529332,506.925021,254.975098,444.831543,289.498171,287.270373
2025-06-25,2025,404.21317,501.948293,255.115668,442.912517,286.547575,284.013476
2025-06-26,2025,407.808885,506.66476,255.256316,447.897312,289.390531,287.034676
2025-06-27,2025,407.769129,507.399336,255.397042,447.772255,288.867107,286.67039
2025-06-30,2025,413.175848,518.398024,255.537845,455.302418,293.065057,291.084357
2025-07-01,2025,415.649304,530.043031,255.678725,458.709713,294.529802,292.519955
2025-07-02,2025,410.888308,524.950713,255.819683,451.948632,293.478731,291.212913
2025-07-03,2025,416.500746,536.206301,255.960719,459.767829,297.440296,295.519707
2025-07-04,2025,418.990591,540.835716,256.101833,463.198046,298.601117,295.969686
2025-07-07,2025,415.304682,542.819281,256.243025,457.947931,294.405277,292.369951
2025-07-08,2025,415.499339,543.117075,256.384294,458.152084,294.010598,291.727138
2025-07-09,2025,413.188498,531.630556,256.525641,454.834612,290.165115,287.356066
2025-07-10,2025,412.894435,525.769535,256.667066,454.35177,288.607505,286.284721
2025-07-11,2025,411.252779,517.115579,256.808569,451.97479,287.43402,286.049024
2025-07-14,2025,409.508276,510.681402,256.950151,449.453216,285.559822,283.027824
2025-07-15,2025,411.168226,513.161997,257.09181,451.716711,285.456404,283.627775
2025-07-16,2025,410.051233,501.414945,257.233547,450.077052,286.007266,283.692053
2025-07-17,2025,411.194945,500.374893,257.375362,451.614875,286.121238,283.842057
2025-07-18,2025,409.615818,488.710613,257.517256,449.325589,281.513834,279.192425
2025-07-21,2025,412.134378,492.577788,257.659228,452.795745,283.170642,281.120832
2025-07-22,2025,406.75656,493.88473,257.801278,445.167156,282.894156,281.013691
2025-07-23,2025,410.036834,496.157989,257.943406,449.707856,285.705453,283.670638
2025-07-24,2025,407.356211,483.840462,258.085613,445.870216,282.412943,280.220907
2025-07-25,2025,407.301549,484.994219,258.227898,445.723442,281.813537,279.513815
2025-07-28,2025,400.415625,484.039888,258.370262,435.974989,278.869273,276.942594
2025-07-29,2025,404.322195,493.244818,258.512704,441.395822,280.129291,277.478267
2025-07-30,2025,408.282855,523.384728,258.655225,446.892643,282.797069,280.542297
2025-07-31,2025,408.045584,530.745293,258.797824,446.489048,280.857443,278.292499
2025-08-01,2025,410.390113,526.366963,258.940502,449.714247,279.519333,277.628271
2025-08-04,2025,410.117308,527.015345,259.083258,449.260631,280.646384,278.549611
2025-08-05,2025,413.664107,522.081292,259.226093,454.175597,281.026289,278.89245
2025-08-06,2025,421.401121,521.048306,259.369007,464.980056,283.953668,281.74223
2025-08-07,2025,424.792844,523.441479,259.512,469.676977,288.153729,286.091887
2025-08-08,2025,425.112945,526.068211,259.655072,470.056561,286.855721,284.784845
2025-08-11,2025,422.453947,523.211335,259.798222,466.248852,286.243651,283.906335
2025-08-12,2025,425.610215,526.55983,259.941451,470.614715,291.078998,289.47734
2025-08-13,2025,421.327499,524.169532,260.08476,464.524723,288.489312,286.391862
2025-08-14,2025,421.65478,529.487924,260.228147,464.914243,287.790709,285.749049
2025-08-15,2025,421.328299,523.914856,260.371614,464.384834,287.75905,286.17758
2025-08-18,2025,425.64983,528.104493,260.515159,470.38837,289.829533,287.82746
2025-08-19,2025,420.941217,522.716646,260.658784,463.699605,283.729947,281.056554
2025-08-20,2025,420.575991,519.342841,260.802487,463.11562,284.225934,282.406459
2025-08-21,2025,420.374835,521.266448,260.94627,462.762206,283.896683,282.042206
2025-08-22,2025,427.554357,525.103711,261.090133,472.782617,291.192969,289.584448
2025-08-25,2025,429.041092,518.639528,261.234074,474.801529,291.313273,289.498755
2025-08-26,2025,429.815835,521.585483,261.378095,475.819666,290.777185,289.134502
2025-08-27,2025,433.790049,519.188327,261.522196,481.33476,293.805872,291.834279
2025-08-28,2025,437.142048,522.800568,261.666375,485.975264,297.695677,296.355354
2025-08-29,2025,437.919871,527.463691,261.810635,486.997613,298.482925,296.762471
2025-09-01,2025,436.209681,525.681451,261.954974,484.522911,297.856081,296.312492
2025-09-02,2025,435.424484,528.881122,262.099392,483.348288,296.18872,294.341221
2025-09-03,2025,433.709386,527.033694,262.24389,480.86661,295.194636,293.269877
2025-09-04,2025,436.509302,535.975303,262.388468,484.730941,297.577484,295.712541
2025-09-05,2025,439.785873,543.97605,262.533125,489.265194,301.053615,299.22655
2025-09-08,2025,436.888754,535.701604,262.677862,485.122017,299.26384,297.405284
2025-09-09,2025,430.724839,542.153801,262.822679,476.387173,298.896599,296.976753
2025-09-10,2025,430.258675,541.177893,262.967576,475.660731,300.439435,298.176653
2025-09-11,2025,433.87903,540.096648,263.112552,480.67803,302.132123,299.890811
2025-09-12,2025,434.259351,532.754638,263.257609,481.14128,300.27692,298.283795
2025-09-15,2025,433.16876,531.193451,263.402746,479.537059,302.967914,300.940708
2025-09-16,2025,434.661208,537.807443,263.547962,481.563373,304.054865,302.354891
2025-09-17,2025,438.177221,535.497165,263.693259,486.433859,307.288278,305.54751
2025-09-18,2025,438.700405,535.378454,263.838636,487.097752,307.089884,305.397506
2025-09-19,2025,437.470717,521.70888,263.984092,485.297866,307.860247,305.954593
2025-09-22,2025,437.044412,529.192025,264.12963,484.627132,306.264645,304.240468
2025-09-23,2025,439.633828,527.415173,264.275247,488.195086,309.042173,307.111664
2025-09-24,2025,437.770806,529.265815,264.420944,485.504905,309.183582,307.304498
2025-09-25,2025,434.812419,528.37398,264.566722,481.2751,306.68043,304.861834
2025-09-26,2025,436.62944,531.70354,264.712581,483.7573,306.978023,305.204672
2025-09-29,2025,441.805006,525.573952,264.858519,490.960044,308.856442,307.368776
2025-09-30,2025,444.250511,530.441553,265.004538,494.325527,308.645384,306.91883
2025-10-01,2025,446.498948,530.028024,265.150638,497.413983,307.125763,305.376091
2025-10-02,2025,440.852067,513.349667,265.296818,489.405185,303.818479,302.097779
2025-10-03,2025,444.088041,517.170004,265.443079,493.881589,304.348236,302.590588
2025-10-06,2025,442.660341,521.70463,265.58942,491.802955,303.09666,301.412103
2025-10-07,2025,434.767923,518.245385,265.735843,480.637835,298.343626,296.65533
2025-10-08,2025,434.309486,521.005013,265.882345,479.921463,300.008876,298.262347
2025-10-09,2025,432.821845,519.49238,266.028929,477.758461,299.086551,297.298143
2025-10-10,2025,429.508808,519.104095,266.175593,473.029744,296.916872,295.28401
2025-10-13,2025,430.807256,525.347064,266.322339,474.782631,299.244845,297.298143
2025-10-14,2025,431.588183,539.52829,266.469165,475.808081,299.033787,297.276728
2025-10-15,2025,434.644177,532.408893,266.616072,480.031197,300.977634,298.883745
2025-10-16,2025,433.310539,532.862752,266.76306,478.084453,300.124958,298.176653
2025-10-17,2025,436.810251,532.980506,266.910129,482.931155,302.655548,300.833567
2025-10-20,2025,443.260067,536.495817,267.057279,491.924317,304.998295,302.697729
2025-10-21,2025,443.057211,551.392621,267.204511,491.566817,304.103408,303.083398
2025-10-22,2025,445.964836,548.191252,267.351823,495.581194,305.766548,304.004771
2025-10-23,2025,448.310774,553.10299,267.499217,498.806056,307.556323,305.718896
2025-10-24,2025,451.857592,554.396216,267.646692,503.718769,308.508196,
2025-10-27,2025,452.83028,556.06296,267.794248,505.013387,310.190331,308.547262
2025-10-28,2025,454.812112,566.537498,267.941886,507.726363,311.161199,309.232938
2025-10-29,2025,455.849435,561.931894,268.089605,509.111749,313.702341,311.332765
2025-10-30,2025,459.541916,562.026926,268.237406,514.229037,314.012597,312.189827
2025-10-31,2025,461.820508,559.191032,268.385287,517.359001,315.61664,313.711151
2025-11-03,2025,460.935023,559.805303,268.533251,516.041676,317.545714,315.768114
2025-11-04,2025,461.727376,560.339156,268.681296,517.082586,318.07336,316.110953
2025-11-05,2025,462.996315,561.356682,268.829423,518.793319,323.539771,322.21763
2025-11-06,2025,465.717021,561.407331,268.977631,522.544533,323.634747,321.61768
2025-11-07,2025,467.528236,561.270107,269.125921,525.017377,325.16492,323.117556
2025-11-10,2025,469.106003,561.965779,269.274293,527.16206,327.682846,326.224449
2025-11-11,2025,469.04846,563.386886,269.422747,527.008204,332.94242,331.688313
2025-11-12,2025,474.209944,563.330728,269.571282,534.189877,332.697592,330.916944
2025-11-13,2025,475.688455,563.247872,269.719899,536.194932,331.703507,330.188437
2025-11-14,2025,478.078545,561.848935,269.868599,539.481209,332.921314,330.702662
2025-11-17,2025,474.211963,562.921478,270.01738,533.97342,331.346819,329.524176
2025-11-18,2025,473.58048,563.027144,270.166243,533.012664,330.352734,328.967089
2025-11-19,2025,471.029432,562.380829,270.315189,529.353834,327.944558,325.688777
2025-11-21,2025,471.28467,562.406239,270.464216,529.639323,326.654992,325.581636
2025-11-24,2025,471.590736,563.210808,270.613326,529.996213,327.727168,326.438731
2025-11-25,2025,477.987768,563.693195,270.762517,538.914181,329.061057,327.767188
2025-11-26,2025,484.475092,564.471224,270.911792,547.959017,334.64355,333.702446
2025-11-27,2025,483.835011,564.819627,271.061148,546.985934,334.088466,332.802521
2025-11-28,2025,484.248823,565.195048,271.210587,547.494103,335.734721,333.938143
2025-12-01,2025,481.711734,564.845359,271.360108,543.854611,334.761742,333.188189
2025-12-02,2025,485.479845,565.301694,271.509711,549.077314,339.9981,338.480634
2025-12-03,2025,486.090898,565.597019,271.659397,549.862591,341.397417,339.401975
2025-12-04,2025,492.063781,566.322301,271.809166,558.184116,347.098102,345.594346
2025-12-05,2025,473.615447,565.543467,271.959017,532.18051,332.140398,330.359824
2025-12-08,2025,474.976673,565.94673,272.108951,534.020067,333.866855,332.652517
2025-12-09,2025,471.80154,566.108397,272.258967,529.483533,333.432075,331.152641
2025-12-10,2025,475.621868,566.270227,272.409066,534.779385,335.741053,334.259534
2025-12-11,2025,478.281115,566.378494,272.559248,538.443245,335.98166,334.66665
2025-12-12,2025,485.318229,567.13162,272.709513,548.260349,339.31005,337.473568
2025-12-15,2025,486.309559,567.723736,272.85986,549.579799,342.931811,341.480386
2025-12-16,2025,475.736836,567.375838,273.01029,534.645424,334.692093,332.459683
2025-12-17,2025,467.426486,567.61907,273.160804,522.890873,332.051753,330.724109
2025-12-18,2025,468.176568,567.916192,273.3114,523.871115,333.309661,331.816869
2025-12-19,2025,468.081278,568.508961,273.462079,523.663109,334.470482,332.759658
2025-12-22,2025,462.820867,568.69896,273.612842,516.195258,333.771879,332.266848
2025-12-23,2025,471.28755,569.693113,273.763687,528.021398,338.655769,337.323564
2025-12-26,2025,470.311824,570.864006,274.065628,526.501542,339.586536,338.159244
2025-12-29,2025,468.452499,571.050863,274.216723,523.813904,338.727529,337.280734
2025-12-30,2025,472.869928,571.682882,274.367901,529.948478,340.067749,338.544912
