date,decision_year,strategy,mvo,cdi,equity_sleeve,IBOVESPA,BOVA11
2012-01-03,2012,100.855083,100.057133,100.0,101.638775,100.0,102.402249
2012-01-04,2012,100.90825,99.213134,100.0,101.735444,100.168734,102.402249
2012-01-05,2012,100.910307,98.58067,100.0,101.739184,98.786805,101.017012
2012-01-06,2012,101.09207,98.631055,100.0,102.069661,98.877921,101.262496
2012-01-09,2012,101.388547,98.786973,100.0,102.60871,99.692905,102.139227
2012-01-10,2012,102.393947,98.038764,100.0,104.43671,100.912849,103.278981
2012-01-11,2012,102.944838,98.262668,100.0,105.438331,101.176074,103.805018
2012-01-12,2012,102.984948,98.521141,100.0,105.511258,101.106893,103.629668
2012-01-13,2012,102.540205,98.437993,100.0,104.702635,99.800894,102.051555
2012-01-16,2012,103.233595,99.902111,100.0,105.963343,101.16595,102.051555
2012-01-17,2012,104.062746,99.714243,100.0,107.470892,102.330212,102.051555
2012-01-18,2012,104.686122,100.879868,100.0,108.604301,104.147473,106.610557
2012-01-19,2012,104.963803,100.770553,100.0,109.109176,104.49169,106.838509
2012-01-20,2012,105.194581,101.2447,100.0,109.528772,105.141314,107.662639
2012-01-23,2012,104.934718,100.704984,100.0,109.056294,105.266177,107.873052
2012-01-24,2012,104.899897,101.003366,100.0,108.992984,105.434911,108.013326
2012-01-26,2012,105.488056,100.700106,100.0,110.062364,106.222897,108.802386
2012-01-27,2012,105.489472,100.26366,100.0,110.064938,106.140218,108.767316
2012-01-30,2012,105.653773,100.368544,100.0,110.363667,105.914115,108.46923
2012-01-31,2012,106.012931,101.086762,100.0,111.016682,106.42369,109.012799
2012-02-01,2012,107.146404,101.343921,100.0,113.077542,108.946258,111.379979
2012-02-02,2012,108.011651,101.22797,100.0,114.650718,108.990129,111.502721
2012-02-03,2012,108.988708,101.373576,100.0,116.427185,110.043027,112.589866
2012-02-06,2012,108.533917,101.090067,100.0,115.600293,110.054838,112.554802
2012-02-07,2012,109.422194,104.071759,100.0,117.215342,111.224163,113.887425
2012-02-08,2012,109.184369,104.708582,100.0,116.782933,111.079052,113.589339
2012-02-09,2012,109.201323,105.210566,100.0,116.813758,110.571163,113.133435
2012-02-10,2012,107.933577,105.397101,100.0,114.508766,107.986164,110.555849
2012-02-13,2012,108.707385,106.498617,100.0,115.915688,110.844512,110.555849
2012-02-14,2012,108.277482,106.320542,100.0,115.134047,109.742681,112.239179
2012-02-15,2012,108.533247,106.763834,100.0,115.599074,110.297815,112.887951
2012-02-16,2012,110.410341,107.252063,100.0,119.011972,111.603813,113.992642
2012-02-17,2012,110.432631,108.95802,100.0,119.0525,111.708428,114.185524
2012-02-22,2012,110.100337,108.162163,100.0,118.448329,,
2012-02-23,2012,110.306913,107.687782,100.0,118.823923,111.060491,113.729619
2012-02-24,2012,111.389011,109.029543,100.0,120.791373,111.268033,113.782221
2012-02-27,2012,110.849922,109.612004,100.0,119.811211,110.083523,112.660006
2012-02-28,2012,111.551271,109.611775,100.0,121.086391,111.295031,113.975103
2012-02-29,2012,112.396662,110.081345,100.0,122.623466,111.046992,113.519199
2012-03-01,2012,112.705889,110.16938,100.0,123.185696,112.730954,113.519199
2012-03-02,2012,113.660531,111.56756,100.0,124.921409,114.371045,117.043664
2012-03-05,2012,113.733983,111.611684,100.0,125.054958,112.990804,115.640888
2012-03-06,2012,112.226761,110.93668,100.0,122.314555,109.869231,112.256704
2012-03-07,2012,112.126541,112.273513,100.0,122.132337,111.392896,112.256704
2012-03-08,2012,112.90962,113.794704,100.0,123.556117,112.896313,115.500621
2012-03-09,2012,113.311829,114.749945,100.0,124.287406,112.552097,115.097319
2012-03-12,2012,113.022067,115.881148,100.0,123.760566,112.013836,114.658953
2012-03-13,2012,114.547831,116.978449,100.0,126.534681,115.403695,118.008074
2012-03-14,2012,114.674982,117.092837,100.0,126.765866,115.17253,117.657373
2012-03-15,2012,114.26538,115.217119,100.0,126.021134,114.315363,116.815718
2012-03-16,2012,113.66903,114.190509,100.0,124.936862,114.205686,116.833243
2012-03-19,2012,114.032029,114.466275,100.0,125.596859,114.283304,116.833243
2012-03-20,2012,113.548627,114.357905,100.0,124.717946,113.551,115.991589
2012-03-21,2012,112.691806,114.462402,100.0,123.16009,112.815321,115.991589
2012-03-22,2012,112.12444,114.576255,100.0,122.128516,111.07399,115.448006
2012-03-23,2012,112.923874,114.468354,100.0,123.582033,111.04868,113.782221
2012-03-26,2012,114.714269,116.667484,100.0,126.837296,112.520037,115.342802
2012-03-27,2012,114.195661,115.896524,100.0,125.894373,111.426643,113.817298
2012-03-28,2012,113.066771,113.714985,100.0,123.841846,109.810175,112.484662
2012-03-29,2012,112.917155,113.644307,100.0,123.569816,109.460896,112.046296
2012-03-30,2012,112.995298,113.35838,100.0,123.711894,108.851767,112.046296
2012-04-02,2012,114.68527,115.584563,100.0,126.784571,110.04134,112.747684
2012-04-03,2012,114.151849,114.871243,100.0,125.814714,108.468742,111.204628
2012-04-04,2012,113.922586,113.882578,100.0,125.397873,107.194803,109.854468
2012-04-05,2012,114.190741,114.170519,100.0,125.885427,107.468152,109.942139
2012-04-09,2012,113.265864,113.344103,100.0,124.203832,106.172277,108.679644
2012-04-10,2012,112.308268,113.83149,100.0,122.462748,104.172783,106.645627
2012-04-11,2012,112.594475,114.299179,100.0,122.983126,103.421919,106.645627
2012-04-12,2012,113.786854,115.065385,100.0,125.151086,106.400067,108.714714
2012-04-13,2012,113.77688,112.935802,100.0,125.132952,104.793723,107.048923
2012-04-16,2012,112.35588,112.090826,100.0,122.549316,104.538935,107.048923
2012-04-17,2012,113.206825,112.565265,100.0,124.096488,105.794314,108.346488
2012-04-18,2012,113.73499,113.604988,100.0,125.056789,106.319075,108.714714
2012-04-19,2012,113.443307,113.59266,100.0,124.526456,105.657639,108.118536
2012-04-20,2012,113.080843,114.624563,100.0,123.86743,105.44841,107.995794
2012-04-23,2012,109.093301,113.775301,100.0,116.617355,103.837003,106.277401
2012-04-24,2012,109.550691,114.303681,100.0,117.448973,104.565933,107.066461
2012-04-25,2012,109.620463,114.944085,100.0,117.575831,104.193031,106.856041
2012-04-26,2012,111.415254,114.920774,100.0,120.839087,104.948958,107.382085
2012-04-27,2012,111.604508,115.463621,100.0,121.183186,104.093478,106.628095
2012-04-30,2012,112.293372,113.433051,100.0,122.435666,104.311145,106.628095
2012-05-02,2012,113.155861,114.006928,100.0,124.003826,105.330296,106.785907
2012-05-03,2012,112.230282,113.138527,100.0,122.320957,104.790348,107.382085
2012-05-04,2012,110.334739,111.575284,100.0,118.874514,102.625496,105.102577
2012-05-07,2012,110.564348,112.749083,100.0,119.291985,103.298743,105.803965
2012-05-08,2012,109.260617,111.998565,100.0,116.921565,101.85607,104.138174
2012-05-09,2012,109.84633,110.633625,100.0,117.986497,100.879102,103.278981
2012-05-10,2012,110.920586,110.687958,100.0,119.939691,100.737366,103.06856
2012-05-11,2012,111.293606,111.396592,100.0,120.617908,100.303721,103.06856
2012-05-14,2012,109.643246,109.21975,100.0,117.617254,97.089344,99.333689
2012-05-15,2012,108.588384,108.748392,100.0,115.699323,94.892432,97.211993
2012-05-16,2012,107.715858,109.55947,100.0,114.112912,94.301865,97.211993
2012-05-17,2012,106.727814,107.706723,100.0,112.316469,91.180292,93.547255
2012-05-18,2012,106.563428,106.253794,100.0,112.017586,91.981777,94.055761
2012-05-21,2012,107.829621,106.504854,100.0,114.319754,95.486375,94.055761
2012-05-22,2012,106.45004,107.435684,100.0,111.811425,92.869316,95.002633
2012-05-23,2012,105.062907,105.652479,100.0,109.289366,92.160634,94.494127
2012-05-24,2012,104.451132,105.039951,100.0,108.177047,91.222475,93.477122
2012-05-25,2012,105.353165,104.939327,100.0,109.817107,91.89741,94.160971
2012-05-28,2012,106.38135,105.687185,100.0,111.686535,93.162912,95.42346
2012-05-29,2012,106.139752,105.123633,100.0,111.247266,92.184257,94.459057
2012-05-30,2012,106.024409,105.428959,100.0,111.037551,90.775331,92.933546
2012-05-31,2012,106.640518,107.665345,100.0,112.157749,91.942968,92.933546
2012-06-01,2012,105.265343,105.869584,100.0,109.65743,90.108833,92.232158
2012-06-04,2012,105.836091,105.7607,100.0,110.695155,90.132456,92.214626
2012-06-05,2012,105.882794,105.0019,100.0,110.780069,88.553109,90.689115
2012-06-06,2012,108.198959,108.895882,100.0,114.991278,91.379398,93.442052
2012-06-08,2012,108.332664,108.119722,100.0,115.234378,91.841728,94.073299
2012-06-11,2012,108.02857,107.511542,100.0,114.681481,91.11786,93.424513
2012-06-12,2012,109.562877,109.165181,100.0,117.471128,92.886189,95.318257
2012-06-13,2012,109.438907,109.291846,100.0,117.245729,93.901966,96.17745
2012-06-14,2012,108.766862,109.648423,100.0,116.023829,93.397452,95.739084
2012-06-15,2012,108.68356,109.730173,100.0,115.87237,94.668017,96.948978
2012-06-18,2012,109.122751,111.997618,100.0,116.670899,94.819877,96.948978
2012-06-19,2012,110.848164,112.661315,100.0,119.808014,96.507213,98.895323
2012-06-20,2012,110.139252,112.52413,100.0,118.519084,96.459968,98.825183
2012-06-21,2012,108.563176,110.538889,100.0,115.653491,93.655615,95.931966
2012-06-22,2012,107.905727,109.756924,100.0,114.458129,93.545938,95.739084
2012-06-25,2012,107.719052,110.070793,100.0,114.118719,90.787142,92.951077
2012-06-26,2012,107.49476,109.807246,100.0,113.710917,90.841137,92.933546
2012-06-27,2012,107.395798,109.739876,100.0,113.530985,89.612756,91.67105
2012-06-28,2012,107.606948,110.198022,100.0,113.914895,88.841643,91.057341
2012-06-29,2012,109.55726,111.452449,100.0,117.460916,91.715178,93.669997
2012-07-02,2012,109.442778,110.955333,100.0,117.252767,92.285497,94.441525
2012-07-03,2012,110.119614,111.357565,100.0,118.483377,94.119632,96.440472
2012-07-04,2012,110.238101,112.175538,100.0,118.69881,94.620771,96.440472
2012-07-05,2012,110.652663,111.186694,100.0,119.452558,95.130347,97.422414
2012-07-06,2012,109.8972,110.236403,100.0,118.078989,93.46832,95.721552
2012-07-10,2012,108.619359,108.67869,100.0,115.755642,90.620096,92.49518
2012-07-11,2012,108.572004,108.201047,100.0,115.669541,90.388931,92.232158
2012-07-12,2012,108.855869,107.390565,100.0,116.18566,90.139205,92.144486
2012-07-13,2012,109.555121,108.609796,100.0,117.457028,91.674682,93.897949
2012-07-16,2012,109.170602,108.109165,100.0,116.757902,90.107146,93.897949
2012-07-17,2012,109.98946,108.393024,100.0,118.246734,90.962625,93.021218
2012-07-18,2012,110.615047,109.497951,100.0,119.384165,92.09989,94.143433
2012-07-19,2012,111.198604,110.01248,100.0,120.445178,93.389015,95.388397
2012-07-20,2012,110.39765,109.410117,100.0,118.988897,91.445204,93.231631
2012-07-23,2012,109.353712,108.263586,100.0,117.090829,89.486206,91.600917
2012-07-24,2012,108.622216,107.267075,100.0,115.760836,88.819708,90.91706
2012-07-25,2012,108.180578,107.009282,100.0,114.957858,88.767401,90.636507
2012-07-26,2012,109.10008,109.859573,100.0,116.62968,91.121235,93.143959
2012-07-27,2012,111.62826,111.91828,100.0,121.22637,95.423943,97.580226
2012-07-30,2012,112.569687,112.537853,100.0,122.938056,96.584831,98.982995
2012-07-31,2012,111.239738,111.11738,100.0,120.519967,94.654518,96.615816
2012-08-01,2012,110.960256,112.069455,100.0,120.011817,93.85472,97.282133
2012-08-02,2012,111.015291,110.419814,100.0,120.111882,93.680925,95.739084
2012-08-03,2012,112.373499,111.496367,100.0,122.581351,96.608454,98.842715
2012-08-06,2012,113.067835,112.340666,100.0,123.84378,98.44765,100.596178
2012-08-07,2012,112.087227,111.995877,100.0,122.060856,97.403189,100.596178
2012-08-08,2012,113.935858,112.145424,100.0,125.422004,99.470176,100.596178
2012-08-09,2012,113.263793,111.297384,100.0,124.200067,99.210326,101.402776
2012-08-10,2012,114.076182,112.018179,100.0,125.677138,100.026997,101.402776
2012-08-13,2012,113.862972,110.981893,100.0,125.289483,99.760398,101.402776
2012-08-14,2012,113.258763,110.862859,100.0,124.190922,98.005568,100.157812
2012-08-15,2012,113.315255,111.314444,100.0,124.293635,98.184426,100.368232
2012-08-16,2012,114.479041,111.510779,100.0,126.409609,100.305408,102.314571
2012-08-17,2012,114.023698,110.759246,100.0,125.581713,99.691217,101.998947
2012-08-20,2012,113.629426,110.12892,100.0,124.864854,100.030372,102.226899
2012-08-21,2012,112.624116,109.557714,100.0,123.037018,99.414494,101.700861
2012-08-22,2012,112.714345,109.889077,100.0,123.201071,100.195731,102.489921
2012-08-23,2012,111.293898,110.102052,100.0,120.618441,98.729436,100.841661
2012-08-24,2012,111.11485,110.480444,100.0,120.292899,98.584325,100.68385
2012-08-27,2012,110.960971,109.976396,100.0,120.013119,98.052814,100.263022
2012-08-28,2012,111.78474,110.027573,100.0,121.510879,98.550578,100.648786
2012-08-29,2012,111.127703,108.882556,100.0,120.316267,96.80081,98.719973
2012-08-30,2012,111.581964,108.571255,100.0,121.142197,96.610141,98.492021
2012-08-31,2012,111.315767,109.381923,100.0,120.658201,96.28111,98.456957
2012-09-03,2012,111.731446,109.617318,100.0,121.413981,96.652324,98.597231
2012-09-04,2012,111.096731,108.402048,100.0,120.259955,94.885683,96.878838
2012-09-05,2012,112.02082,109.314549,100.0,121.940117,95.948705,97.948451
2012-09-06,2012,113.606989,112.053339,100.0,124.82406,98.407154,100.473436
2012-09-10,2012,112.585889,110.635078,100.0,122.967514,98.547203,100.526044
2012-09-11,2012,113.543065,110.635074,100.0,124.707835,100.266599,102.349641
2012-09-12,2012,113.840926,110.513651,100.0,125.249399,101.10858,103.401723
2012-09-13,2012,114.427053,112.18563,100.0,126.315086,104.543997,106.698229
2012-09-14,2012,114.571195,112.458659,100.0,126.577162,104.792036,107.259336
2012-09-17,2012,114.190683,112.81705,100.0,125.885321,104.287522,106.470283
2012-09-18,2012,114.435074,112.332232,100.0,126.329669,104.284147,106.470283
2012-09-19,2012,114.542311,111.800792,100.0,126.524646,104.027672,106.049449
2012-09-20,2012,115.015198,112.770347,100.0,127.384441,104.088416,106.347541
2012-09-21,2012,114.364124,113.278633,100.0,126.200669,103.467477,105.891637
2012-09-24,2012,114.145823,114.161947,100.0,125.803758,104.463005,106.575487
2012-09-25,2012,111.733724,113.718328,100.0,121.418124,102.085548,104.155712
2012-09-26,2012,112.018166,114.446997,100.0,121.935292,102.046739,104.155712
2012-09-27,2012,111.820019,114.590754,100.0,121.575024,101.645153,103.489395
2012-09-28,2012,110.260411,114.442577,100.0,118.739373,99.849827,101.963884
2012-10-01,2012,110.358707,115.768761,100.0,118.918093,100.516325,102.577593
2012-10-02,2012,110.331663,116.309981,100.0,118.868922,99.927445,101.963884
2012-10-03,2012,109.973911,115.487418,100.0,118.218463,98.923479,100.911802
2012-10-04,2012,110.691189,116.404733,100.0,119.522606,98.638319,100.385764
2012-10-05,2012,110.980768,117.173132,100.0,120.049113,98.830676,100.771528
2012-10-08,2012,111.388857,118.756066,100.0,120.791092,100.087742,102.121695
2012-10-09,2012,111.015311,117.345762,100.0,120.111918,99.449928,101.700861
2012-10-10,2012,110.856603,118.263768,100.0,119.823358,98.634945,100.526044
2012-10-11,2012,111.471063,118.687784,100.0,120.940558,99.826204,102.139227
2012-10-15,2012,111.125142,120.444288,100.0,120.31161,100.568632,102.682803
2012-10-16,2012,111.233389,121.032303,100.0,120.508423,100.808234,102.858147
2012-10-17,2012,111.597541,121.775856,100.0,121.170519,101.386991,104.155712
2012-10-18,2012,110.431023,122.771728,100.0,119.049575,100.791361,102.998427
2012-10-19,2012,108.710863,121.620044,100.0,115.922013,99.421244,101.350167
2012-10-22,2012,107.880935,121.693715,100.0,114.413052,99.046655,101.262496
2012-10-23,2012,106.883334,121.11613,100.0,112.599232,97.342445,99.070667
2012-10-24,2012,107.55528,120.917738,100.0,113.820952,96.449844,98.439419
2012-10-25,2012,108.264297,120.563916,100.0,115.110074,97.590483,99.438892
2012-10-26,2012,108.532741,119.90868,100.0,115.598154,96.645575,98.702441
2012-10-29,2012,109.049457,121.104688,100.0,116.537638,96.476841,98.439419
2012-10-30,2012,110.02089,121.365244,100.0,118.303881,97.332321,99.298619
2012-10-31,2012,109.603386,121.556199,100.0,117.544781,96.292922,98.264075
2012-11-01,2012,111.189491,122.254923,100.0,120.428608,98.511769,100.701388
2012-11-05,2012,111.384328,122.617525,100.0,120.782857,98.21986,100.122742
2012-11-06,2012,112.540738,122.886318,100.0,122.885421,100.327343,102.209367
2012-11-07,2012,111.960782,122.527708,100.0,121.830955,98.737872,100.578646
2012-11-08,2012,111.728307,120.828161,100.0,121.408274,97.062347,98.947925
2012-11-09,2012,110.824269,119.901795,100.0,119.76457,96.782249,98.755043
2012-11-12,2012,110.798773,120.11148,100.0,119.718213,96.286172,98.211467
2012-11-13,2012,111.224376,120.033591,100.0,120.492036,96.998228,98.947925
2012-11-14,2012,110.221764,118.513871,100.0,118.669105,94.961613,96.475542
2012-11-16,2012,110.612652,120.821602,100.0,119.37981,93.481819,94.914961
2012-11-19,2012,111.322067,120.902571,100.0,120.669656,95.251835,96.896369
2012-11-21,2012,111.761721,122.275223,100.0,121.469027,94.899182,96.650886
2012-11-22,2012,111.799002,121.927822,100.0,121.53681,95.228212,96.984048
2012-11-23,2012,113.046812,123.145637,100.0,123.805556,97.146714,99.053135
2012-11-26,2012,112.516385,122.175105,100.0,122.841144,95.734413,97.580226
2012-11-27,2012,112.254226,121.817351,100.0,122.36449,94.909306,96.615816
2012-11-28,2012,113.15487,123.092975,100.0,124.002025,95.400321,97.317204
2012-11-29,2012,113.849324,123.045653,100.0,125.264669,97.617481,98.895323
2012-11-30,2012,112.589767,124.532946,100.0,122.974566,96.979668,99.070667
2012-12-03,2012,112.209787,125.072461,100.0,122.283692,98.206361,100.14028
2012-12-04,2012,111.23243,124.313556,100.0,120.50668,97.128153,98.982995
2012-12-05,2012,111.391629,123.59661,100.0,120.796133,97.323884,99.24601
2012-12-06,2012,111.591013,124.421713,100.0,121.158649,97.285076,99.544103
2012-12-07,2012,112.231391,124.16593,100.0,122.322973,98.687252,100.578646
2012-12-10,2012,112.499971,124.225745,100.0,122.8113,99.971315,101.665791
2012-12-11,2012,113.19452,124.863194,100.0,124.074116,100.604066,102.209367
2012-12-12,2012,112.997312,124.294651,100.0,123.715556,100.352653,102.226899
2012-12-13,2012,112.468817,123.256249,100.0,122.754657,100.087742,101.876205
2012-12-14,2012,112.457711,123.424011,100.0,122.734463,100.573694,102.489921
2012-12-17,2012,112.105502,124.439261,100.0,122.094083,100.509576,102.472383
2012-12-18,2012,113.04982,124.665828,100.0,123.811025,102.018055,103.980362
2012-12-19,2012,112.474796,125.120284,100.0,122.765527,102.924154,104.629142
2012-12-20,2012,111.796394,124.581679,100.0,121.532069,103.393234,105.505873
2012-12-21,2012,111.19012,124.999457,100.0,120.429753,102.93934,104.71682
2012-12-26,2012,111.146675,123.776047,100.0,120.350761,102.860035,104.699282
2012-12-27,2012,111.450045,123.690508,100.0,120.902343,101.942124,104.418728
2012-12-28,2012,112.081722,123.919078,100.0,122.050846,102.846537,104.664212
2013-01-03,2013,112.361558,123.884793,100.026555,122.734799,104.09944,105.774568
2013-01-04,2013,112.060285,124.53413,100.053155,122.111745,102.802143,104.749623
2013-01-07,2013,111.581312,123.06031,100.079724,121.136894,101.832048,103.775923
2013-01-08,2013,111.03356,123.401234,100.106263,120.0259,100.508443,102.340997
2013-01-09,2013,111.325376,125.370045,100.132772,120.577194,101.24999,102.921801
2013-01-10,2013,111.412533,123.605463,100.159326,120.72324,101.412769,103.331782
2013-01-11,2013,110.816075,123.65124,100.185923,119.515751,101.115164,103.007212
2013-01-14,2013,111.158357,123.647751,100.212565,120.166832,102.075394,103.775923
2013-01-15,2013,110.97853,123.172057,100.239252,119.784142,101.494981,103.383028
2013-01-16,2013,111.54535,124.744931,100.265946,120.879734,101.59199,103.417193
2013-01-17,2013,111.950893,124.573977,100.292647,121.656004,102.261191,104.220064
2013-01-18,2013,112.060726,125.26376,100.319279,121.846868,101.869865,103.844255
2013-01-21,2013,112.230711,126.007172,100.345957,122.156781,101.777788,103.775923
2013-01-22,2013,112.422571,126.252728,100.372642,122.509997,101.435788,103.775923
2013-01-23,2013,111.757454,125.543433,100.399334,121.166477,101.886307,103.878421
2013-01-24,2013,111.437531,124.628461,100.426033,120.506399,100.577501,102.340997
2013-01-28,2013,110.896729,123.425742,100.479527,119.382246,98.698147,100.598586
2013-01-29,2013,111.69901,122.397738,100.506322,120.943926,99.32131,101.350218
2013-01-30,2013,111.096033,122.939874,100.533124,119.723326,97.563629,99.214911
2013-01-31,2013,111.479343,124.887583,100.559934,120.45547,98.260782,100.256935
2013-02-01,2013,111.659404,125.076505,100.58675,120.785194,99.230877,100.888991
2013-02-04,2013,111.726157,124.362541,100.613611,120.890536,97.956599,99.761549
2013-02-05,2013,111.6466,124.68118,100.640478,120.706191,97.741205,99.351567
2013-02-06,2013,111.357215,125.342914,100.667353,120.1064,96.928956,98.719518
2013-02-07,2013,110.765426,125.018885,100.694198,118.907909,95.976947,97.694567
2013-02-08,2013,110.57305,124.185459,100.721051,118.50021,96.18412,97.728732
2013-02-13,2013,110.804015,123.444853,100.74791,118.930676,96.032851,97.831229
2013-02-14,2013,110.911262,123.027853,100.774739,119.116223,95.4919,97.335837
2013-02-15,2013,111.468587,122.567405,100.801575,120.192872,95.205804,96.85753
2013-02-18,2013,111.248459,121.923843,100.828419,119.730234,94.730622,96.430468
2013-02-19,2013,111.399649,121.57752,100.855232,120.002799,94.237353,95.832579
2013-02-20,2013,111.180203,120.515776,100.882127,119.541461,92.369508,93.646026
2013-02-21,2013,110.924551,120.992941,100.909029,119.008431,92.331691,93.663112
2013-02-22,2013,111.867996,122.534099,100.935976,120.849449,93.222863,94.688057
2013-02-25,2013,112.951899,122.317641,100.963079,122.968404,93.092969,94.448904
2013-02-26,2013,112.907289,122.127993,100.990115,122.853083,93.637209,95.354272
2013-02-27,2013,113.191253,121.696709,101.017158,123.388298,94.171584,95.88383
2013-02-28,2013,113.321961,122.912292,101.044209,123.620073,94.418218,95.90091
2013-03-01,2013,113.431664,122.899519,101.071266,123.810255,93.530334,95.28594
2013-03-04,2013,113.604665,121.455061,101.098369,124.125715,92.897306,94.465983
2013-03-05,2013,113.219166,121.655574,101.125478,123.335395,91.996268,93.782689
2013-03-06,2013,114.219023,123.046895,101.152595,125.287932,95.26664,96.772119
2013-03-07,2013,114.661618,121.616158,101.179719,126.137141,96.757956,98.360788
2013-03-08,2013,114.904732,121.57163,101.20685,126.591388,96.077245,97.626242
2013-03-11,2013,114.805109,122.203631,101.233989,126.367045,96.261399,98.27537
2013-03-12,2013,114.259352,123.789912,101.261135,125.259392,95.708938,97.404168
2013-03-13,2013,113.464687,123.571229,101.288288,123.658919,94.355737,95.90091
2013-03-14,2013,113.681523,123.433404,101.315449,124.061112,94.183093,95.747168
2013-03-15,2013,113.989398,122.348362,101.342616,124.643544,93.505671,95.029708
2013-03-18,2013,113.601515,122.104696,101.369791,123.848437,93.676671,95.251775
2013-03-19,2013,113.342256,121.892855,101.396974,123.307986,92.670402,94.20975
2013-03-20,2013,111.362316,121.967133,101.424163,119.360751,92.126163,93.714358
2013-03-21,2013,111.234916,119.899688,101.45136,119.081353,91.381327,93.031057
2013-03-22,2013,111.034376,118.703107,101.478564,118.657138,90.832154,92.689406
2013-03-25,2013,110.656175,119.72915,101.505776,117.881163,90.223789,91.85237
2013-03-26,2013,111.490018,119.5536,101.532995,119.504909,91.535884,93.218965
2013-03-27,2013,112.263496,120.780585,101.560221,121.009131,92.132739,93.816848
2013-03-28,2013,113.117381,122.32824,101.587529,122.672468,92.655604,94.124333
2013-04-01,2013,113.156318,120.942691,101.614883,122.722245,91.915701,93.611861
2013-04-02,2013,113.583967,121.407281,101.642243,123.541624,90.250097,91.818204
2013-04-03,2013,113.885563,121.522078,101.669574,124.111461,91.358308,93.013977
2013-04-04,2013,113.39682,120.083341,101.696912,123.116499,89.853838,91.391142
2013-04-05,2013,114.242986,120.21379,101.724257,124.764516,90.516462,92.381928
2013-04-08,2013,114.39321,121.031643,101.75161,125.034631,90.583876,92.159854
2013-04-09,2013,115.724959,121.761606,101.77897,127.644039,91.932144,93.492284
2013-04-10,2013,116.332374,123.0408,101.806337,128.819333,92.384307,93.970591
2013-04-11,2013,115.795729,120.778756,101.833712,127.729493,91.091942,92.501505
2013-04-12,2013,115.85117,120.257365,101.861094,127.811915,90.37177,91.784038
2013-04-15,2013,115.155053,118.238343,101.888483,126.406323,87.061937,88.743363
2013-04-16,2013,115.673094,120.084233,101.915843,127.404671,88.773579,90.314946
2013-04-17,2013,115.065702,119.897377,101.943209,126.174769,86.950129,88.521289
2013-04-18,2013,115.348288,119.9398,101.97149,126.706019,87.41709,88.897105
2013-04-19,2013,115.981708,120.69252,101.999779,127.931878,88.671637,90.075793
2013-04-22,2013,115.744806,120.872048,102.028076,127.434578,89.278358,90.810339
2013-04-23,2013,116.151913,121.634461,102.05638,128.212345,90.24352,91.715707
2013-04-24,2013,115.526127,120.566278,102.084693,126.945078,90.406299,91.85237
2013-04-25,2013,115.150793,122.504293,102.113013,126.173672,90.37177,91.989026
2013-04-26,2013,114.436147,121.537594,102.141304,124.730494,89.202723,90.707842
2013-04-29,2013,111.121823,120.439833,102.169602,118.140206,90.246809,91.818204
2013-04-30,2013,112.880741,122.999439,102.197908,121.59442,91.928855,93.013977
2013-05-02,2013,112.763826,123.718971,102.226222,121.334666,90.962048,92.330676
2013-05-03,2013,112.942362,124.393976,102.254544,121.659869,91.23499,92.501505
2013-05-06,2013,112.444435,124.14727,102.282911,120.645694,91.139625,92.706492
2013-05-07,2013,113.150229,126.0083,102.311286,122.014762,92.528999,94.278075
2013-05-08,2013,113.259923,126.131321,102.339632,122.203638,91.756211,93.441039
2013-05-09,2013,113.20198,127.550958,102.368023,122.060566,91.169221,92.672327
2013-05-10,2013,113.278202,126.022888,102.396384,122.183157,90.610183,92.091523
2013-05-13,2013,112.886022,125.581891,102.424715,121.378389,89.524992,91.049492
2013-05-14,2013,113.511552,126.039661,102.453054,122.588575,89.885078,91.408222
2013-05-15,2013,113.419239,128.062496,102.481401,122.377499,90.327376,91.818204
2013-05-16,2013,113.449959,128.77569,102.509755,122.410006,90.059366,91.681541
2013-05-17,2013,113.406295,129.531174,102.538117,122.295232,90.70226,92.313597
2013-05-20,2013,113.957223,129.181713,102.566488,123.357684,91.585211,93.218965
2013-05-21,2013,114.294656,130.108197,102.594866,123.99743,92.512556,94.073088
2013-05-22,2013,115.342018,131.990476,102.623252,126.042757,92.78221,94.56848
2013-05-23,2013,115.100781,130.771812,102.651646,125.536777,92.652316,94.312241
2013-05-24,2013,115.063774,130.753152,102.680047,125.435145,92.744393,94.534315
2013-05-27,2013,114.927038,130.100189,102.708457,125.136052,92.72795,94.551394
2013-05-28,2013,115.110701,129.932061,102.736874,125.471309,92.136028,93.611861
2013-05-29,2013,114.129718,129.540915,102.765299,123.500675,89.832463,91.339897
2013-05-31,2013,113.480841,127.884958,102.79563,122.185675,87.976128,89.597486
2013-06-03,2013,113.69255,126.757294,102.825969,122.574543,88.6963,90.109958
2013-06-04,2013,113.149656,126.398545,102.856317,121.46936,88.817973,90.297866
2013-06-05,2013,112.260585,124.856742,102.886674,119.678774,86.813658,88.384633
2013-06-06,2013,111.689988,124.090928,102.91704,118.518725,86.955062,88.555455
2013-06-07,2013,110.695303,122.768999,102.947415,116.519016,84.873468,86.368903
2013-06-10,2013,110.631966,121.408033,102.977798,116.363274,84.37691,85.736847
2013-06-11,2013,109.389998,119.290655,103.008191,113.87395,81.833288,83.191565
2013-06-12,2013,108.839602,118.670077,103.038593,112.753863,80.864837,82.388687
2013-06-13,2013,109.420902,119.309522,103.069004,113.87441,82.893816,84.404418
2013-06-14,2013,108.896061,118.122311,103.099424,112.804901,81.113115,82.610761
2013-06-17,2013,109.315766,119.290882,103.129853,113.605489,80.713568,82.252031
2013-06-18,2013,109.450065,118.792968,103.16029,113.840991,81.331798,82.593675
2013-06-19,2013,108.245419,114.564768,103.190737,111.425508,78.747069,80.270466
2013-06-20,2013,107.278493,111.586916,103.221193,109.480678,79.274867,80.85127
2013-06-21,2013,107.724509,109.095867,103.251657,110.333325,77.37085,78.903864
2013-06-24,2013,107.092497,106.805794,103.282131,109.051573,75.576996,77.076042
2013-06-25,2013,107.397859,109.122833,103.312614,109.625718,77.10284,78.5793
2013-06-26,2013,107.945585,112.626754,103.343106,110.679713,77.56158,78.903864
2013-06-27,2013,109.278644,114.327979,103.373606,113.288579,78.280108,79.843405
2013-06-28,2013,110.260892,113.563555,103.404116,115.202864,78.030186,79.433423
2013-07-01,2013,111.153614,111.758803,103.434635,116.93989,77.656946,79.245515
2013-07-02,2013,109.568268,108.11901,103.465162,113.770578,74.366843,75.504459
2013-07-03,2013,109.389678,106.905165,103.495699,113.386493,74.06266,75.111563
2013-07-04,2013,109.663106,108.460745,103.526245,113.89735,75.244861,76.802723
2013-07-05,2013,109.591014,107.076455,103.556799,113.724103,74.335603,75.829024
2013-07-08,2013,109.587063,107.263314,103.587363,113.68576,74.115276,75.470294
2013-07-10,2013,110.04587,107.392024,103.648518,114.533083,74.784477,76.051097
2013-07-11,2013,111.164494,109.922394,103.681015,116.715397,76.663831,78.203484
2013-07-12,2013,110.409617,108.518293,103.713522,115.188353,74.866689,76.358582
2013-07-15,2013,111.008775,111.01804,103.746039,116.342154,76.849629,78.254736
2013-07-16,2013,111.388782,111.144052,103.778567,117.062048,77.063379,78.784288
2013-07-17,2013,110.970112,111.187023,103.811104,116.200632,77.947974,79.553
2013-07-18,2013,111.317814,111.891067,103.843652,116.856544,78.359031,79.689662
2013-07-19,2013,111.193217,111.119979,103.87621,116.577342,77.936464,79.501754
2013-07-22,2013,112.643545,112.986243,103.908779,119.416326,79.86679,81.534564
2013-07-23,2013,112.506743,112.725121,103.941357,119.112938,80.27127,81.705393
2013-07-24,2013,112.017366,112.141174,103.973946,118.111478,79.537944,81.073337
2013-07-25,2013,112.364077,112.547998,104.006545,118.765378,80.677395,82.234945
2013-07-26,2013,112.617408,112.695344,104.039154,119.234384,81.261096,82.832835
2013-07-29,2013,112.352038,111.598483,104.071773,118.676405,80.915808,82.439932
2013-07-30,2013,111.63439,112.665053,104.104403,117.222948,79.847059,81.278331
2013-07-31,2013,111.715581,113.342716,104.137043,117.351104,79.307752,80.834184
2013-08-01,2013,111.454211,112.995175,104.16973,116.800977,80.799068,82.388687
2013-08-02,2013,110.726246,112.217743,104.202428,115.327027,79.702367,81.090423
2013-08-05,2013,110.484821,110.892668,104.235099,114.816403,79.639886,81.22708
2013-08-06,2013,109.090673,110.612806,104.26778,112.023495,77.972638,79.29676
2013-08-07,2013,109.448032,109.855551,104.300471,112.698385,78.013743,79.570086
2013-08-08,2013,110.20472,110.405767,104.333172,114.163896,80.450491,82.166613
2013-08-09,2013,110.529868,111.204422,104.365884,114.77499,82.005932,83.58446
2013-08-12,2013,110.989672,110.825863,104.398605,115.652681,82.703085,84.404418
2013-08-13,2013,111.582307,111.190819,104.431338,116.793354,83.199642,84.814399
2013-08-14,2013,111.115162,109.696677,104.46408,115.835757,83.68469,84.89981
2013-08-15,2013,110.292823,108.808994,104.496833,114.174901,83.704421,85.343951
2013-08-16,2013,110.758735,109.559971,104.529595,115.064642,84.741929,86.385982
2013-08-19,2013,110.497392,108.378642,104.562369,114.514483,84.799477,86.608056
2013-08-20,2013,110.007648,107.200693,104.595152,113.512101,83.045085,84.780234
2013-08-21,2013,110.008491,106.357676,104.627946,113.481022,82.877373,84.489828
2013-08-22,2013,110.083065,106.617347,104.66075,113.595913,84.510093,86.129743
2013-08-23,2013,111.420684,107.628458,104.693564,116.211497,85.823832,87.376768
2013-08-26,2013,111.04731,106.634156,104.726389,115.439475,84.561064,86.385982
2013-08-27,2013,110.197356,105.126985,104.759223,113.723862,82.36273,84.096933
2013-08-28,2013,109.655131,104.823157,104.792069,112.617511,81.992778,84.028601
2013-08-29,2013,109.961836,107.07038,104.826841,113.190034,82.083211,83.806534
2013-08-30,2013,110.313419,108.761735,104.861624,113.851398,82.224614,84.55816
2013-09-02,2013,111.068623,109.602434,104.89642,115.311879,85.228621,86.198074
2013-09-03,2013,109.854513,108.769617,104.931226,112.873306,84.884977,86.21516
2013-09-04,2013,109.499757,109.841882,104.966045,112.136155,85.032958,86.283485
2013-09-05,2013,109.674342,111.847829,105.000874,112.447034,86.078688,87.29135
2013-09-06,2013,110.564103,112.302822,105.035716,114.173881,88.375676,90.332032
2013-09-09,2013,111.976664,113.333334,105.070569,116.935806,89.202723,90.554099
2013-09-10,2013,112.245641,113.50367,105.105433,117.433537,88.753848,90.28078
2013-09-11,2013,112.4484,112.244696,105.140309,117.800152,88.081359,89.494989
2013-09-12,2013,111.960711,113.216542,105.175197,116.799739,87.648926,89.153338
2013-09-13,2013,112.291881,113.844113,105.210096,117.420573,88.456243,90.246621
2013-09-16,2013,112.64631,114.213787,105.245007,118.087445,88.495704,89.648731
2013-09-17,2013,112.971234,114.108338,105.279929,118.695889,89.233963,90.947001
2013-09-18,2013,113.789797,116.411722,105.314863,120.281676,91.5885,93.372707
2013-09-19,2013,114.088816,117.757732,105.349771,120.838846,90.590452,91.989026
2013-09-20,2013,112.696442,117.421971,105.384651,118.047252,88.969242,90.53702
2013-09-23,2013,113.017177,118.114551,105.419543,118.647432,89.778203,91.2374
2013-09-24,2013,112.842847,118.602444,105.454447,118.267423,89.49704,91.134903
2013-09-25,2013,113.113161,118.863891,105.489785,118.767328,89.217521,90.588265
2013-09-26,2013,113.434349,118.773447,105.524789,119.368294,88.43158,90.144124
2013-09-27,2013,114.489966,117.56027,105.559766,121.423381,88.359233,89.717063
2013-09-30,2013,113.749375,116.749778,105.594755,119.922145,86.055668,87.615921
2013-10-01,2013,114.106959,116.400097,105.629756,120.595175,87.438465,88.760443
2013-10-02,2013,113.857504,116.667374,105.664728,120.066355,87.308571,88.675032
2013-10-03,2013,114.061501,116.479147,105.699713,120.435313,86.305591,87.650087
2013-10-04,2013,114.550904,117.556908,105.735211,121.368834,86.895869,88.316302
2013-10-07,2013,114.574677,118.60404,105.770644,121.380519,86.185562,87.29135
2013-10-08,2013,114.481975,118.073497,105.806089,121.161583,86.012918,87.410927
2013-10-09,2013,114.878135,120.019594,105.8417,121.910379,86.400956,87.957572
2013-10-10,2013,115.063336,121.191281,105.879287,122.239525,87.139215,88.657952
2013-10-11,2013,115.563729,122.008735,105.916733,123.192859,87.390782,88.897105
2013-10-14,2013,116.633188,121.56645,105.954308,125.27276,89.06954,90.861584
2013-10-15,2013,116.270264,121.31663,105.991896,124.516671,90.401366,91.818204
2013-10-16,2013,116.594003,121.836322,106.029498,125.120093,92.032441,93.099388
2013-10-17,2013,116.850735,122.585371,106.067113,125.590833,91.021241,92.56983
2013-10-18,2013,117.206416,122.061122,106.104626,126.257587,91.054125,92.228186
2013-10-21,2013,116.949512,122.047832,106.142267,125.711354,92.203441,93.628947
2013-10-22,2013,116.680982,122.561303,106.179922,125.142088,92.833181,94.380572
2013-10-23,2013,116.018049,120.363287,106.217475,123.792047,91.156067,92.501505
2013-10-24,2013,115.822258,119.538696,106.255041,123.366886,90.230366,91.510719
2013-10-25,2013,116.403342,120.155018,106.29262,124.479849,89.041589,90.28078
2013-10-28,2013,116.569255,121.148376,106.330213,124.7708,90.552635,92.245265
2013-10-29,2013,116.520732,120.606781,106.367819,124.637175,89.674617,90.622431
2013-10-30,2013,116.383216,120.240868,106.405438,124.327343,89.072829,90.434523
2013-10-31,2013,117.050893,120.74525,106.44307,125.611696,89.2093,90.024547
2013-11-01,2013,116.643593,119.509494,106.480716,124.767689,88.809752,90.17829
2013-11-04,2013,117.473228,119.132137,106.51822,126.372832,89.506905,90.89575
2013-11-05,2013,116.562097,119.025367,106.555738,124.531418,88.512147,89.887884
2013-11-06,2013,115.830358,117.05888,106.593269,123.04517,87.777176,89.050848
2013-11-07,2013,115.889901,115.323677,106.630814,123.125569,86.718293,88.060062
2013-11-08,2013,114.760091,114.690996,106.668371,120.851151,85.909332,87.120528
2013-11-11,2013,114.661728,115.097401,106.705942,120.618885,86.525918,87.752577
2013-11-12,2013,113.878821,113.96317,106.743526,119.031276,85.17765,86.334737
2013-11-13,2013,113.891072,114.074547,106.781123,119.017987,85.878092,87.274271
2013-11-14,2013,115.418325,116.685046,106.818734,122.004239,87.88734,89.255835
2013-11-18,2013,115.978709,118.331728,106.856357,123.076171,89.293156,90.639517
2013-11-19,2013,114.424236,117.487946,106.893994,119.960886,87.198408,88.367547
2013-11-21,2013,114.432779,116.890043,106.969308,119.902591,86.631149,87.855075
2013-11-22,2013,114.734829,117.780548,107.006985,120.462997,86.816946,88.26505
2013-11-25,2013,114.475282,117.50426,107.044675,119.911483,85.933995,87.274271
2013-11-26,2013,114.848862,118.108988,107.082378,120.613484,84.59066,85.531859
2013-11-27,2013,114.900752,118.72288,107.120094,120.678558,85.271371,86.351817
2013-11-28,2013,114.940932,118.428992,107.159727,120.718532,85.248352,86.778878
2013-11-29,2013,115.405737,119.170567,107.199374,121.599208,86.292437,87.598835
2013-12-02,2013,114.605627,118.955556,107.239035,119.975465,84.258526,85.480614
2013-12-03,2013,113.492407,116.498265,107.278712,117.73178,82.785296,84.096933
2013-12-04,2013,112.779449,115.862687,107.318403,116.280559,82.566614,83.857779
2013-12-05,2013,112.998294,116.511959,107.358108,116.674199,83.507113,84.455663
2013-12-06,2013,112.595471,116.451561,107.39779,115.837023,83.763613,85.173129
2013-12-09,2013,112.783037,117.001366,107.437835,116.168396,84.126987,85.292706
2013-12-10,2013,112.407638,117.052148,107.477585,115.38545,83.84418,85.087718
2013-12-11,2013,111.750822,115.578777,107.51735,114.045311,82.323268,83.379473
2013-12-12,2013,112.22027,114.27349,107.557129,114.935047,82.412056,83.58446
2013-12-13,2013,111.867595,114.20034,107.596923,114.197049,82.295316,83.276976
2013-12-16,2013,111.665791,114.151642,107.637043,113.757434,82.671845,83.926111
2013-12-17,2013,112.258404,113.721687,107.676866,114.890981,82.359441,83.58446
2013-12-18,2013,112.291627,113.534793,107.716704,114.916976,83.137161,84.626491
2013-12-19,2013,112.916813,114.82386,107.756558,116.114985,83.558084,86.23224
2013-12-20,2013,113.581307,115.550304,107.796425,117.390805,84.161516,85.25854
2013-12-23,2013,113.970117,114.986178,107.836308,118.120782,84.441035,85.600191
2013-12-26,2013,113.746391,114.133581,107.916117,117.59813,84.219064,85.480614
2013-12-27,2013,114.040926,115.332247,107.956044,118.141409,84.294699,85.651436
2013-12-30,2013,114.285974,115.97465,107.995985,118.586695,84.689314,85.822265
2014-01-03,2014,114.998074,115.042868,108.035941,119.92965,85.765994,86.13701
2014-01-06,2014,114.983788,114.371085,108.075912,119.866788,85.754218,87.151213
2014-01-07,2014,114.372835,114.251895,108.115898,118.678238,84.83904,86.084554
2014-01-08,2014,114.038858,114.276649,108.155899,118.01222,85.08634,86.171984
2014-01-09,2014,113.180013,113.100187,108.195915,116.35597,82.975037,84.178558
2014-01-10,2014,113.707213,113.749644,108.235945,117.314623,83.604222,84.49331
2014-01-13,2014,113.055983,112.708842,108.27599,116.050033,83.15168,84.388391
2014-01-14,2014,113.728057,114.791441,108.31605,117.281979,83.615998,84.59823
2014-01-15,2014,113.518328,115.768575,108.356125,116.8503,84.292288,85.262701
2014-01-16,2014,113.78202,115.404633,108.398169,117.310008,83.604222,84.878009
2014-01-17,2014,113.079826,113.883793,108.440503,115.947215,82.739513,83.968726
2014-01-20,2014,112.700238,113.274276,108.482892,115.192999,81.942097,83.059442
2014-01-21,2014,112.920949,112.194021,108.525298,115.571295,81.662833,82.797147
2014-01-22,2014,113.518603,112.257579,108.567408,116.660997,82.938026,84.248504
2014-01-23,2014,112.526975,112.072773,108.609535,114.752342,81.291042,82.499885
2014-01-24,2014,112.169275,110.567321,108.651677,114.039643,80.392687,81.398252
2014-01-27,2014,111.577553,109.429451,108.693836,112.885424,80.248008,81.538145
2014-01-28,2014,111.561421,109.763119,108.736012,112.817097,80.483532,81.678031
2014-01-29,2014,110.951232,108.486349,108.778203,111.628009,80.005755,80.873668
2014-01-30,2014,111.20697,106.149998,108.820412,112.072564,79.479191,80.558916
2014-01-31,2014,111.839921,107.096375,108.862636,113.228755,80.143705,81.240876
2014-02-03,2014,110.723687,105.732613,108.904877,111.084916,77.635376,78.845269
2014-02-04,2014,110.617755,107.658926,108.947213,110.847029,79.008143,80.104277
2014-02-05,2014,109.643013,107.096634,108.989565,108.970029,78.436157,79.632149
2014-02-06,2014,111.01245,109.611168,109.031933,111.515547,80.310254,81.608085
2014-02-07,2014,111.197242,110.843974,109.074318,111.826096,80.875511,82.202616
2014-02-10,2014,110.50749,109.723636,109.11672,110.486714,80.264831,81.363279
2014-02-11,2014,110.862934,110.755052,109.159138,111.119186,81.52993,82.604804
2014-02-12,2014,111.794693,110.688556,109.201573,112.838921,81.116081,82.220106
2014-02-13,2014,111.36108,111.164087,109.244024,111.982727,80.436427,81.87038
2014-02-14,2014,111.010109,111.031345,109.286491,111.282431,81.089164,82.255079
2014-02-17,2014,110.257099,109.636092,109.328975,109.823632,80.037719,81.153447
2014-02-18,2014,109.375279,107.588356,109.371476,108.121805,78.395781,79.404827
2014-02-19,2014,109.894965,108.497687,109.413993,109.064048,79.322736,79.999358
2014-02-20,2014,110.296804,109.013916,109.456526,109.783946,79.554895,80.681318
2014-02-21,2014,109.926517,110.643826,109.499077,109.047134,79.707985,80.891151
2014-02-24,2014,110.257447,112.241001,109.541643,109.633225,79.729856,80.453996
2014-02-25,2014,109.743601,112.744964,109.584226,108.625543,78.59093,79.632149
2014-02-26,2014,109.914719,114.357483,109.627063,108.90989,78.394099,79.33488
2014-02-27,2014,111.571168,115.689139,109.670861,111.995602,80.089871,81.398252
2014-02-28,2014,111.38298,116.142341,109.714677,111.601201,79.226844,80.576405
2014-03-05,2014,112.040125,116.865587,109.758353,112.801732,78.377276,79.4398
2014-03-06,2014,112.188823,116.237942,109.802047,113.043011,79.225162,80.174217
2014-03-07,2014,111.422414,115.018267,109.845758,111.557832,77.796878,78.740349
2014-03-10,2014,111.301981,113.994758,109.889486,111.291336,76.600754,77.428884
2014-03-11,2014,112.673885,114.428647,109.933232,113.840271,76.878335,77.848556
2014-03-12,2014,112.822707,114.000005,109.976996,114.08172,77.154234,78.215765
2014-03-13,2014,113.063353,113.662608,110.020776,114.49639,76.451028,77.568777
2014-03-14,2014,111.607352,112.680192,110.064575,111.710148,75.646882,76.589548
2014-03-17,2014,111.774865,113.072918,110.10839,111.986814,75.902594,76.939273
2014-03-18,2014,113.551107,116.189941,110.152223,115.298495,77.638741,78.635436
2014-03-19,2014,114.000131,115.913546,110.196231,116.106086,78.340265,79.33488
2014-03-20,2014,114.912324,116.939043,110.240257,117.787478,79.53639,80.401539
2014-03-21,2014,114.549941,115.282974,110.2843,117.064236,79.709668,80.926124
2014-03-24,2014,114.793914,116.748853,110.328361,117.484932,80.739243,82.115186
2014-03-25,2014,115.276301,116.986113,110.372439,118.355403,81.053836,82.272562
2014-03-26,2014,115.001096,116.127979,110.416535,117.796585,80.693821,81.747978
2014-03-27,2014,117.158508,117.393572,110.460491,121.827272,83.521789,84.790579
2014-03-28,2014,117.173509,118.324402,110.504464,121.816066,83.725349,84.947955
2014-03-31,2014,117.662611,121.021678,110.548455,122.699286,84.813805,85.839748
2014-04-01,2014,117.475361,121.319119,110.592463,122.306482,84.56987,85.769802
2014-04-02,2014,118.871769,123.081253,110.636489,124.901394,86.97726,88.252846
2014-04-03,2014,118.792105,121.779609,110.681523,124.710641,86.484342,87.780717
2014-04-04,2014,117.924695,121.181048,110.726576,123.033707,85.935908,87.20367
2014-04-07,2014,119.187361,120.359309,110.771648,125.375362,87.74103,88.917316
2014-04-08,2014,118.807111,120.043263,110.816737,124.617473,86.856133,88.025523
2014-04-09,2014,118.650499,120.199688,110.861845,124.281483,86.109186,87.22116
2014-04-10,2014,120.034216,120.155117,110.906971,126.851463,86.011612,87.186186
2014-04-11,2014,120.863905,121.637515,110.952116,128.376197,87.256523,88.322785
2014-04-14,2014,120.54587,122.402938,110.997279,127.735617,86.800617,87.955577
2014-04-15,2014,119.990494,122.144868,111.042461,126.647252,84.879415,85.822265
2014-04-16,2014,120.820988,124.265553,111.08766,128.173456,86.136103,87.20367
2014-04-17,2014,122.414781,124.652379,111.132879,131.139684,87.66869,88.75994
2014-04-22,2014,122.935104,123.809959,111.178115,132.080685,87.441578,88.567598
2014-04-23,2014,122.757175,122.874613,111.22337,131.704346,86.756877,87.798201
2014-04-24,2014,122.135554,122.120792,111.268644,130.49092,87.172408,87.850664
2014-04-25,2014,121.054156,122.161072,111.313936,128.41006,86.469201,87.430992
2014-04-28,2014,121.538156,121.287768,111.359246,129.282468,86.443966,87.518422
2014-04-29,2014,121.483209,122.368089,111.404575,129.138081,87.209419,88.340275
2014-04-30,2014,121.244113,123.9009,111.449922,128.646261,86.851086,87.938093
2014-05-02,2014,122.906023,125.418154,111.495288,131.740866,89.128938,90.193815
2014-05-05,2014,123.877894,126.336807,111.540672,133.533628,89.912896,91.015661
2014-05-06,2014,124.46514,126.821954,111.586075,134.600737,90.474788,91.540246
2014-05-07,2014,124.458411,127.537776,111.631496,134.547235,90.93406,92.099804
2014-05-08,2014,123.83661,127.188957,111.676935,133.33332,89.87252,90.910748
2014-05-09,2014,123.961724,128.016622,111.722393,133.528519,89.330815,90.42113
2014-05-12,2014,124.989319,130.248666,111.76787,135.426325,90.93406,91.872488
2014-05-13,2014,125.384579,130.99535,111.813365,136.131151,90.688442,91.959918
2014-05-14,2014,126.151773,131.894818,111.858879,137.537651,91.539692,92.554449
2014-05-15,2014,124.163658,131.50828,111.904411,133.745961,90.602644,91.837515
2014-05-16,2014,125.399215,131.893718,111.949962,136.036042,90.804521,92.064837
2014-05-19,2014,125.552687,133.292217,111.995531,136.284643,89.75644,90.945715
2014-05-20,2014,124.774382,130.789777,112.041119,134.775333,88.095998,89.336988
2014-05-21,2014,125.44253,131.403785,112.086725,135.994889,87.821781,88.86486
2014-05-22,2014,126.326132,133.075664,112.13235,137.620905,88.836215,90.123868
2014-05-23,2014,127.565806,134.571542,112.177993,139.918669,88.533399,89.63425
2014-05-26,2014,128.100578,134.209387,112.223655,140.886548,89.048187,90.228781
2014-05-27,2014,126.346045,131.448612,112.269336,137.535402,87.769629,88.952289
2014-05-28,2014,126.191143,131.396357,112.315035,137.202107,88.556951,89.704197
2014-05-29,2014,126.393608,130.917575,112.360753,137.543005,87.882344,89.039719
2014-05-30,2014,124.919192,131.455993,112.406489,134.720276,86.200031,87.396019
2014-06-02,2014,125.518162,131.689415,112.452245,135.809188,86.81744,87.973067
2014-06-03,2014,126.58677,132.707354,112.498018,137.784101,87.534105,88.655027
2014-06-04,2014,126.522807,133.968172,112.543811,137.62229,87.199325,88.340275
2014-06-05,2014,126.46294,133.253056,112.589622,137.468186,86.738371,87.780717
2014-06-06,2014,128.160955,135.451751,112.635451,140.630491,89.379602,90.578506
2014-06-09,2014,130.192427,138.108162,112.681462,144.421735,91.304168,92.484502
2014-06-10,2014,131.347329,138.537682,112.727329,146.559368,91.861014,93.06155
2014-06-11,2014,131.698838,138.386549,112.773214,147.1813,92.698806,93.970833
2014-06-13,2014,132.274668,138.211766,112.865042,148.185164,92.202523,93.446242
2014-06-16,2014,132.489686,139.525903,112.910983,148.549542,91.904754,93.114007
2014-06-17,2014,132.247093,139.71144,112.956944,148.050574,91.349591,92.379589
2014-06-18,2014,133.964623,140.882937,113.002923,151.249561,92.868719,94.02329
2014-06-20,2014,133.058184,139.502195,113.048921,149.498145,91.918213,93.026577
2014-06-23,2014,132.248745,137.563627,113.094937,147.929714,91.198183,92.25718
2014-06-24,2014,133.704907,138.81462,113.140973,150.635553,91.317627,92.501992
2014-06-25,2014,133.055056,138.126463,113.187027,149.368168,89.879249,90.858285
2014-06-26,2014,132.948669,136.778135,113.233099,149.126066,90.013834,90.928232
2014-06-27,2014,130.76486,137.647089,113.279191,144.964676,89.426707,90.456104
2014-06-30,2014,132.20688,137.819235,113.325301,147.643768,89.445213,90.386157
2014-07-01,2014,131.624931,137.369825,113.37143,146.504419,89.45026,90.648453
2014-07-02,2014,130.752839,137.542863,113.417578,144.817669,89.211371,90.263754
2014-07-03,2014,132.74079,138.956833,113.463745,148.526664,90.634608,91.767568
2014-07-04,2014,133.279163,139.639435,113.50993,149.500867,90.937424,92.047347
2014-07-07,2014,133.612579,139.520441,113.556134,150.08838,90.511799,91.505279
2014-07-08,2014,133.742044,138.677379,113.602357,150.2911,90.230853,91.29544
2014-07-10,2014,136.119289,139.760484,113.69486,154.692911,91.842508,93.079033
2014-07-11,2014,135.58073,140.720245,113.741139,153.635285,92.167195,93.288866
2014-07-14,2014,136.671664,140.967281,113.787438,155.651849,93.778851,94.932573
2014-07-15,2014,136.731401,141.28311,113.833755,155.722937,94.165783,95.282298
2014-07-16,2014,135.47652,139.135009,113.880091,153.313847,93.733428,94.8976
2014-07-17,2014,135.325334,137.195972,113.926446,152.986972,93.600525,94.70525
2014-07-18,2014,137.101978,136.52549,113.97282,156.29713,95.913706,97.083374
2014-07-21,2014,138.969967,139.949723,114.019212,159.779602,96.958422,98.062604
2014-07-22,2014,140.444436,142.331454,114.065624,162.519642,97.545549,98.709591
2014-07-23,2014,139.503183,139.993128,114.112054,160.702158,96.598407,97.800308
2014-07-24,2014,140.377848,141.666787,114.158503,162.310573,97.537138,98.604672
2014-07-25,2014,139.956437,140.124854,114.204972,161.47379,97.273015,98.517242
2014-07-28,2014,139.533101,140.55272,114.251459,160.633357,97.062725,98.20249
2014-07-29,2014,137.619115,138.198014,114.297965,156.980646,96.092031,97.32818
2014-07-30,2014,135.958936,137.155016,114.34449,153.80675,95.686593,96.856052
2014-07-31,2014,133.941384,135.598723,114.391034,149.958615,93.921847,95.002519
2014-08-01,2014,134.554375,137.96073,114.437597,151.073252,94.046338,95.142405
2014-08-04,2014,136.205757,139.067195,114.48422,154.146866,95.245827,96.261521
2014-08-05,2014,135.160405,138.052135,114.530862,152.132799,94.54935,95.544587
2014-08-06,2014,135.303334,136.554128,114.577523,152.360528,95.028809,96.139118
2014-08-07,2014,135.649875,138.595083,114.624203,152.972375,94.525798,95.876829
2014-08-08,2014,134.362477,134.675789,114.670902,150.501612,93.491175,94.582847
2014-08-11,2014,135.437354,135.517469,114.71762,152.487505,95.240781,96.331467
2014-08-12,2014,135.547045,135.299317,114.764357,152.652459,94.953105,96.069172
2014-08-13,2014,135.106617,136.746695,114.811113,151.77954,93.504634,94.617821
2014-08-14,2014,135.627852,137.636221,114.857888,152.72088,93.839414,94.8976
2014-08-15,2014,137.107679,137.131221,114.904724,155.470646,95.831272,96.873542
2014-08-18,2014,136.751321,137.056733,114.951537,154.756282,96.835613,97.992657
2014-08-19,2014,136.761422,137.360031,114.99837,154.733264,98.329507,99.444008
2014-08-20,2014,136.818492,137.788375,115.045345,154.798728,99.051219,100.195916
2014-08-21,2014,137.15928,139.193943,115.092257,155.399513,99.243003,100.475694
2014-08-22,2014,136.570773,137.111854,115.139147,154.247107,98.25885,99.426525
2014-08-25,2014,138.577347,138.388503,115.18618,157.990459,100.492961,101.769676
2014-08-26,2014,136.858591,139.734424,115.233233,154.705578,100.63764,101.769676
2014-08-27,2014,137.442929,141.089325,115.28018,155.765813,102.538654,103.640699
2014-08-28,2014,136.678582,140.549959,115.327271,154.281488,101.428327,102.678959
2014-08-29,2014,138.098968,143.626757,115.374256,156.918977,103.105593,104.375116
2014-09-01,2014,135.428853,142.445319,115.421261,151.839304,102.858293,104.13031
2014-09-02,2014,136.795666,140.751014,115.468285,154.37569,104.12844,105.214453
2014-09-03,2014,137.108965,140.296977,115.515327,154.924495,104.029183,105.336862
2014-09-04,2014,136.644317,140.137911,115.56239,154.005608,102.284625,103.868021
2014-09-05,2014,135.873429,141.573543,115.609471,152.50895,102.084429,103.308463
2014-09-08,2014,134.227335,139.315276,115.656571,149.36111,99.581148,100.545641
2014-09-09,2014,133.478412,138.679971,115.703691,147.905857,98.711392,99.933627
2014-09-10,2014,132.496755,138.533824,115.750955,146.011399,97.908929,99.041827
2014-09-11,2014,131.690061,138.432674,115.798113,144.44712,98.141088,99.129256
2014-09-12,2014,130.2125,135.503837,115.84529,141.617165,95.770709,96.611246
2014-09-15,2014,131.54842,136.198015,115.892487,144.095113,97.488351,98.622162
2014-09-16,2014,132.477702,137.542489,115.939702,145.805879,99.449927,100.563124
2014-09-17,2014,129.915193,136.248618,115.986937,140.929007,99.438151,100.353292
2014-09-18,2014,128.526963,133.109497,116.034192,138.267515,98.203334,99.356579
2014-09-19,2014,128.111961,132.450894,116.081465,137.4421,97.219181,98.412323
2014-09-22,2014,126.571288,131.310124,116.128758,134.492975,95.585655,96.576273
2014-09-23,2014,126.647168,130.4418,116.176195,134.59351,95.119654,95.859339
2014-09-24,2014,126.286781,131.827923,116.223652,133.870968,95.595749,96.646219
2014-09-25,2014,126.200637,131.350803,116.271128,133.665795,94.145595,95.124922
2014-09-26,2014,126.606422,133.194833,116.318498,134.388792,96.248486,97.293207
2014-09-29,2014,126.104469,130.842857,116.365888,133.399231,91.896342,92.536959
2014-09-30,2014,126.449103,131.915509,116.413296,134.006825,91.040045,92.047347
2014-10-01,2014,124.819049,129.763202,116.460724,130.888951,88.923696,89.424418
2014-10-02,2014,124.535354,130.185564,116.508172,130.311105,90.035704,90.578506
2014-10-03,2014,125.367384,132.477016,116.555638,131.838169,91.753346,92.746798
2014-10-06,2014,128.455304,133.979322,116.603124,137.621185,96.086984,97.41561
2014-10-07,2014,131.468946,133.296987,116.650755,143.263934,96.625324,97.695389
2014-10-08,2014,132.218219,133.425621,116.698406,144.634704,95.98941,97.660415
2014-10-09,2014,131.954471,134.559446,116.746076,144.09429,96.342695,97.642932
2014-10-10,2014,130.725276,132.492059,116.793766,141.732443,93.052091,93.656081
2014-10-13,2014,133.392333,131.665646,116.841349,146.721369,97.501809,98.20249
2014-10-14,2014,131.795374,133.055742,116.889077,143.665662,97.599383,98.517242
2014-10-15,2014,130.144514,130.220551,116.936699,140.508362,94.436635,95.387211
2014-10-16,2014,128.112778,130.211267,116.984466,136.632369,91.346226,92.27467
2014-10-17,2014,130.24616,133.159525,117.032253,140.61428,93.745204,94.757707
2014-10-20,2014,127.872826,130.753464,117.08006,136.093793,91.354638,92.449529
2014-10-21,2014,125.3585,128.078059,117.127886,131.307291,88.20703,89.232068
2014-10-22,2014,125.681831,127.931007,117.175731,131.874304,88.171702,89.162129
2014-10-23,2014,123.031867,124.952775,117.223597,126.831871,85.315134,85.979634
2014-10-24,2014,124.625181,125.70982,117.271481,129.794802,87.381015,87.955577
2014-10-27,2014,122.778957,130.834587,117.319385,126.268674,84.963531,85.857232
2014-10-28,2014,125.778796,136.396061,117.367309,131.885121,88.035434,88.86486
2014-10-29,2014,125.077011,135.407596,117.415253,130.518058,85.880392,86.416789
2014-10-30,2014,125.582498,135.814761,117.464265,131.427677,88.047211,88.75994
2014-10-31,2014,127.529004,139.906323,117.513173,135.05602,91.903072,92.641878
2014-11-03,2014,127.135849,139.661695,117.5621,134.270336,90.755734,91.470306
2014-11-04,2014,127.624985,139.592819,117.611049,135.149166,91.490905,92.467019
2014-11-05,2014,126.184257,141.147868,117.660143,132.386977,90.336838,91.29544
2014-11-06,2014,125.021656,140.921156,117.709258,130.149486,88.551904,89.56431
2014-11-07,2014,124.300279,139.338052,117.758393,128.744391,89.53774,90.578506
2014-11-10,2014,125.792003,138.761718,117.807549,131.514518,88.699948,89.581794
2014-11-11,2014,125.739815,137.957668,117.856726,131.371879,88.277687,89.074692
2014-11-12,2014,126.686676,137.447091,117.905923,133.114029,89.127255,89.791626
2014-11-13,2014,125.309367,136.137712,117.95514,130.471378,87.221195,88.043006
2014-11-14,2014,124.180261,135.38212,118.004378,128.296967,87.096704,88.025523
2014-11-17,2014,124.256608,134.055973,118.053637,128.39675,86.230313,87.11624
2014-11-18,2014,126.450457,136.856942,118.102916,132.491397,87.584575,88.550108
2014-11-19,2014,127.967311,138.658318,118.152215,135.308804,89.840556,90.805829
2014-11-21,2014,130.528945,140.920864,118.250877,140.052951,94.350837,95.597044
2014-11-24,2014,130.118211,139.611508,118.300238,139.233711,93.211911,94.128209
2014-11-25,2014,131.731067,139.869722,118.34962,142.232164,93.470987,94.477928
2014-11-26,2014,131.245636,139.484651,118.399023,141.271963,92.692076,93.795967
2014-11-27,2014,131.784443,140.494076,118.448446,142.244076,92.057845,93.183953
2014-11-28,2014,132.102412,140.156044,118.497763,142.799648,91.961953,92.939147
2014-12-01,2014,128.508452,134.154354,118.547101,135.974951,87.944589,88.742457
2014-12-02,2014,128.184009,136.175145,118.596459,135.318511,86.827534,87.623341
2014-12-03,2014,128.178721,134.138464,118.645965,135.264058,88.018611,88.69
2014-12-04,2014,127.741842,133.06587,118.697607,134.393446,86.516306,87.256133
2014-12-05,2014,127.780577,134.517814,118.749271,134.420106,87.466813,88.060496
2014-12-08,2014,125.669769,132.51813,118.800958,130.391415,84.576599,85.524996
2014-12-09,2014,126.058108,133.507989,118.852583,131.077676,84.440332,85.262701
2014-12-10,2014,125.271855,132.889629,118.90423,129.547928,83.35524,84.021182
2014-12-11,2014,126.057646,133.840242,118.955985,130.983907,83.881804,84.58074
2014-12-12,2014,124.729729,129.925382,119.007761,128.432137,80.754384,81.747978
2014-12-15,2014,123.555594,129.329847,119.059561,126.170474,79.100671,79.702096
2014-12-16,2014,122.710182,126.797189,119.111382,124.52896,79.082165,79.911928
2014-12-17,2014,124.414956,130.641461,119.163227,127.698613,81.952191,82.779664
2014-12-18,2014,123.850319,131.173824,119.215094,126.586771,81.585447,81.992783
2014-12-19,2014,124.29303,131.823927,119.266983,127.375371,83.528518,84.283478
2014-12-22,2014,125.45015,132.871826,119.318896,129.511756,84.319205,85.070358
2014-12-23,2014,126.04271,135.043223,119.370746,130.5831,85.612904,86.276903
2014-12-26,2014,126.24723,133.78715,119.474513,130.87572,84.359581,85.035385
2014-12-29,2014,127.881655,134.604239,119.526516,133.912511,85.114939,85.839748
2014-12-30,2014,126.995221,130.142829,119.578456,132.193498,84.127421,84.878009
2015-01-05,2015,125.745598,128.528577,119.630419,129.824075,82.401935,83.18979
2015-01-06,2015,125.328741,128.636693,119.682404,128.98811,83.241267,83.656749
2015-01-07,2015,126.468354,130.747598,119.734412,131.097905,85.776604,86.476437
2015-01-08,2015,127.478685,129.691884,119.786443,132.963001,86.609,87.122984
2015-01-09,2015,126.30503,127.912474,119.838496,130.694655,84.696224,85.362924
2015-01-12,2015,125.206716,130.6222,119.890572,128.568877,83.482315,84.105744
2015-01-13,2015,125.084976,128.739958,119.94267,128.291348,83.312367,83.764503
2015-01-14,2015,126.244637,127.056815,119.994791,130.438986,82.625641,83.477147
2015-01-15,2015,126.530744,127.513972,120.046935,130.933309,83.284621,84.411057
2015-01-16,2015,129.231688,130.110469,120.099101,135.997945,85.00317,85.488642
2015-01-19,2015,126.647138,128.290256,120.151291,131.059208,82.819867,83.171834
2015-01-20,2015,127.541589,128.274482,120.203502,132.704825,83.026231,83.548988
2015-01-21,2015,128.655253,129.10483,120.255737,134.765307,85.362141,85.865803
2015-01-22,2015,128.916756,129.085221,120.310214,135.210953,85.741921,86.422553
2015-01-23,2015,128.050318,129.311089,120.364672,133.521872,84.583504,84.94985
2015-01-26,2015,127.867,129.697171,120.419155,133.125643,84.240141,84.752291
2015-01-27,2015,128.498763,129.174359,120.473663,134.272017,84.264419,85.021691
2015-01-28,2015,129.64546,129.602399,120.528195,136.392939,82.710615,83.207754
2015-01-29,2015,131.170262,130.354222,120.582752,139.22944,82.826803,83.297552
2015-01-30,2015,129.835977,130.337143,120.637334,136.654796,81.345833,81.914646
2015-02-02,2015,131.095103,131.022445,120.691941,138.988434,82.634312,83.099993
2015-02-03,2015,131.346597,133.088725,120.746615,139.414959,84.91126,85.560483
2015-02-04,2015,131.646509,130.980506,120.801315,139.933098,85.495671,85.793963
2015-02-05,2015,132.090087,130.892255,120.856039,140.723119,85.379482,85.991521
2015-02-06,2015,131.584328,131.20636,120.910788,139.716397,84.612985,84.94985
2015-02-09,2015,131.859318,132.993225,120.965562,140.187302,85.637872,86.063355
2015-02-10,2015,130.883262,132.81986,121.02036,138.290447,84.123953,84.698414
2015-02-11,2015,130.109089,132.036836,121.075184,136.775656,83.65573,84.32126
2015-02-12,2015,132.194202,133.976656,121.130032,140.672342,85.897995,86.440516
2015-02-13,2015,133.015243,133.791824,121.184905,142.176615,87.81077,88.703448
2015-02-18,2015,134.512831,136.584667,121.239803,144.961303,88.927567,89.637359
2015-02-19,2015,134.51923,137.970372,121.294726,144.923736,88.951846,89.4398
2015-02-20,2015,134.523936,138.092063,121.349674,144.882943,88.854733,89.511641
2015-02-23,2015,136.798525,138.583021,121.404646,149.13812,88.929302,89.4398
2015-02-24,2015,137.055881,138.0576,121.459644,149.575448,89.957657,90.535349
2015-02-25,2015,137.111243,139.045202,121.514666,149.630459,89.848405,90.445551
2015-02-26,2015,138.459866,139.811157,121.569714,152.13308,89.761697,90.355753
2015-02-27,2015,138.68326,137.828342,121.624786,152.506063,89.453017,89.816954
2015-03-02,2015,137.201355,137.148928,121.679883,149.651567,88.478421,89.062646
2015-03-03,2015,137.53969,137.70722,121.735005,150.242044,88.969187,89.493684
2015-03-04,2015,136.42845,136.708592,121.790153,148.089024,87.519432,88.128735
2015-03-05,2015,137.466543,136.358135,121.847519,150.001836,87.340814,87.913219
2015-03-06,2015,137.072572,135.690563,121.904913,149.204293,86.674898,87.194825
2015-03-09,2015,135.26933,135.274162,121.962334,145.73953,85.287572,85.758042
2015-03-10,2015,135.678016,133.532148,122.019782,146.46105,83.747641,84.32126
2015-03-11,2015,136.525904,134.98443,122.077257,148.013781,84.810679,85.344968
2015-03-12,2015,136.642243,135.090976,122.134759,148.181955,84.765591,85.21925
2015-03-13,2015,135.937114,133.785694,122.192288,146.79539,84.27309,84.788211
2015-03-16,2015,135.565791,133.062111,122.249844,146.040562,84.710098,85.093532
2015-03-17,2015,137.190138,133.091016,122.307428,149.062725,87.202081,87.859335
2015-03-18,2015,139.196911,135.059233,122.365038,152.808645,89.35417,89.978592
2015-03-19,2015,138.336119,136.674655,122.422676,151.127373,88.362232,88.990805
2015-03-20,2015,138.938269,136.405043,122.480341,152.214848,90.118933,90.37371
2015-03-23,2015,139.714971,134.667795,122.538075,153.632617,90.016618,90.571269
2015-03-24,2015,139.120226,135.069739,122.595837,152.454754,89.319487,89.870838
2015-03-25,2015,139.72097,137.333035,122.653627,153.539457,89.92991,90.319833
2015-03-26,2015,138.140349,136.677375,122.711443,150.49567,87.713658,88.200576
2015-03-27,2015,138.072418,137.561329,122.769287,150.314783,86.872591,87.392384
2015-03-30,2015,139.627432,139.725426,122.827115,153.205506,88.863404,89.47572
2015-03-31,2015,139.403653,140.3087,122.88497,152.729651,88.702127,88.901007
2015-04-01,2015,141.578443,139.605617,122.942853,156.793315,90.734559,91.23578
2015-04-02,2015,142.716018,143.517769,123.000762,158.893916,92.123619,92.492967
2015-04-06,2015,143.507845,144.477317,123.058699,160.340128,93.188391,93.570552
2015-04-07,2015,143.166193,144.466641,123.116664,159.641087,93.174518,93.750154
2015-04-08,2015,143.195924,145.377123,123.174655,159.644903,93.056595,93.786075
2015-04-09,2015,143.08652,144.723151,123.232674,159.385366,93.302845,93.875872
2015-04-10,2015,144.301043,144.825918,123.290721,161.631477,94.015584,94.558347
2015-04-13,2015,141.221717,145.139402,123.348794,155.751,94.060672,94.486506
2015-04-14,2015,140.023901,148.64149,123.406895,153.431455,93.613259,94.342824
2015-04-15,2015,140.685025,147.401011,123.465024,154.630126,95.238164,95.635932
2015-04-16,2015,141.195768,147.192178,123.523179,155.544158,94.813296,95.240814
2015-04-17,2015,140.376617,145.983824,123.581362,153.941202,93.566437,94.199149
2015-04-20,2015,139.911575,146.497464,123.639573,153.008411,93.230011,93.821995
2015-04-22,2015,140.643056,146.29023,123.697811,154.340139,94.714449,95.240814
2015-04-23,2015,141.810537,146.695849,123.756076,156.497019,96.566529,97.054758
2015-04-24,2015,141.784406,147.732315,123.814369,156.394837,98.142877,98.742976
2015-04-27,2015,141.342703,147.133887,123.872733,155.506078,96.306405,96.911076
2015-04-28,2015,142.322268,145.313324,123.931167,157.307154,96.786767,97.342114
2015-04-29,2015,142.764614,148.190817,123.989629,158.091461,95.942232,96.408204
2015-04-30,2015,144.093835,152.476128,124.050257,160.552315,97.50991,98.096422
2015-05-04,2015,144.818831,153.92199,124.110913,161.869582,99.460837,100.269563
2015-05-05,2015,144.867655,154.228632,124.171687,161.907019,100.671278,101.329185
2015-05-06,2015,145.893234,155.651476,124.23249,163.793039,99.025563,99.551169
2015-05-07,2015,145.434321,156.75147,124.293323,162.869474,98.709947,99.35361
2015-05-08,2015,145.970567,159.349243,124.354186,163.829325,99.105334,99.676887
2015-05-11,2015,145.079068,160.650701,124.415078,162.086993,99.188574,99.712807
2015-05-12,2015,144.611172,157.858088,124.476,161.146346,98.48624,99.102174
2015-05-13,2015,143.731266,158.119872,124.536953,159.4259,97.757894,98.365822
2015-05-14,2015,144.972652,159.563705,124.597935,161.720196,98.252129,98.904615
2015-05-15,2015,145.122218,163.04539,124.658946,161.948081,99.27875,99.838525
2015-05-18,2015,143.672064,163.188341,124.719988,159.1483,97.466556,97.86295
2015-05-19,2015,143.201079,160.929222,124.78106,158.201672,96.243975,96.857199
2015-05-20,2015,143.013333,161.392412,124.842161,157.791077,95.20695,95.79757
2015-05-21,2015,141.608213,163.130792,124.903293,155.076445,95.572857,96.174724
2015-05-22,2015,140.809127,161.547468,124.964454,153.50877,94.298251,95.061219
2015-05-25,2015,141.7419,164.207024,125.025646,155.218794,94.700576,95.186937
2015-05-26,2015,140.569129,161.169719,125.086867,152.943828,93.002836,93.821995
2015-05-27,2015,142.077036,160.591955,125.148118,155.742299,94.053735,94.558347
2015-05-28,2015,141.515826,159.666872,125.209399,154.624721,93.602854,94.091388
2015-05-29,2015,139.673715,156.967949,125.270711,151.082877,91.49412,92.223567
2015-06-01,2015,140.780711,158.592449,125.332052,153.122501,91.964076,92.421126
2015-06-02,2015,140.839157,159.420593,125.393423,153.177606,94.053735,94.504463
2015-06-03,2015,140.134966,159.879899,125.454825,151.789312,92.817281,93.462798
2015-06-05,2015,140.031516,160.847188,125.518497,151.535931,91.863495,92.259488
2015-06-08,2015,139.692624,160.606506,125.582201,150.836921,91.580827,92.043972
2015-06-09,2015,139.451982,160.050084,125.645938,150.323832,91.591232,92.223567
2015-06-10,2015,141.589969,159.421832,125.709707,154.312518,93.429439,94.019547
2015-06-11,2015,139.941526,159.69378,125.773509,151.134958,93.105151,93.534639
2015-06-12,2015,139.247256,160.931577,125.837342,149.763242,92.513804,92.906042
2015-06-15,2015,138.71208,162.320067,125.901209,148.692598,92.149631,92.726446
2015-06-16,2015,138.689036,163.065795,125.965107,148.591188,93.127695,93.714234
2015-06-17,2015,138.909843,162.985509,126.029038,148.951264,92.342122,92.744403
2015-06-18,2015,140.232534,163.996356,126.093002,151.396741,94.058938,94.486506
2015-06-19,2015,139.202565,163.592858,126.156998,149.389531,93.209201,93.786075
2015-06-22,2015,140.173348,166.792498,126.221026,151.168928,93.408629,93.92975
2015-06-23,2015,139.634873,167.528687,126.285087,150.091865,93.249086,93.857909
2015-06-24,2015,137.512687,166.832114,126.349181,146.017432,93.372212,93.839952
2015-06-25,2015,136.481009,167.069689,126.413307,144.006871,92.215529,92.780323
2015-06-26,2015,137.588782,169.07917,126.477465,146.045415,93.673955,94.073431
2015-06-29,2015,137.362444,164.384006,126.541656,145.558987,91.934595,92.510924
2015-06-30,2015,138.314727,169.413498,126.60588,147.303193,92.050784,92.421126
2015-07-01,2015,138.173388,171.399621,126.670136,146.977575,91.490651,92.026015
2015-07-02,2015,138.958343,174.677844,126.734425,148.405034,92.094138,92.528887
2015-07-03,2015,138.335271,176.520896,126.798747,147.167627,91.076188,91.397418
2015-07-06,2015,138.001912,175.80174,126.863101,146.478502,90.43455,90.966387
2015-07-07,2015,137.267449,180.009163,126.927488,145.030215,90.77271,91.110062
2015-07-08,2015,136.32039,175.313881,126.991907,143.179539,89.798114,90.194115
2015-07-10,2015,137.578081,173.687454,127.120844,145.443229,91.201047,91.594977
2015-07-13,2015,136.998705,174.755122,127.185362,144.288342,92.116682,92.492967
2015-07-14,2015,137.767411,175.543507,127.249912,145.684815,92.324781,92.852164
2015-07-15,2015,138.086916,177.390395,127.314496,146.231097,91.74037,92.241531
2015-07-16,2015,137.918748,177.077391,127.379111,145.854376,92.031708,92.528887
2015-07-17,2015,137.050758,174.853904,127.44376,144.153138,90.769242,91.163939
2015-07-20,2015,136.792593,174.645637,127.508442,143.606031,89.482498,89.996556
2015-07-21,2015,136.206494,178.501504,127.573156,142.438242,89.263994,89.673279
2015-07-22,2015,136.102182,178.628099,127.637903,142.182256,88.296334,88.649571
2015-07-23,2015,134.062488,173.320041,127.702683,138.263328,86.373154,86.638075
2015-07-24,2015,132.67335,173.981614,127.767496,135.575615,85.400292,85.811919
2015-07-27,2015,131.795632,171.796371,127.832342,133.85579,84.515872,85.039647
2015-07-28,2015,133.157208,171.199209,127.897221,136.374032,86.017652,86.530314
2015-07-29,2015,133.642096,173.116078,127.962133,137.233021,87.132715,87.536065
2015-07-30,2015,133.2548,173.094857,128.029263,136.439304,86.529228,86.979309
2015-07-31,2015,134.13724,177.114319,128.096428,138.048662,88.207892,88.667528
2015-08-03,2015,134.132904,174.503598,128.163629,137.979673,86.94716,87.446261
2015-08-04,2015,134.155097,174.747317,128.230865,137.960863,86.808428,87.266666
2015-08-05,2015,133.955719,175.081287,128.298136,137.522672,87.20555,87.607899
2015-08-06,2015,132.202765,173.125732,128.365442,134.144143,86.726922,87.176868
2015-08-07,2015,130.981298,171.688692,128.432784,131.771479,84.240141,84.500855
2015-08-10,2015,132.153358,175.048019,128.500161,133.928783,85.585847,85.991521
2015-08-11,2015,131.944881,173.711246,128.567574,133.473244,85.098549,86.476437
2015-08-12,2015,131.874407,169.756804,128.635022,133.278858,83.912386,84.303296
2015-08-13,2015,131.339233,170.521545,128.702505,132.204947,83.256874,83.531024
2015-08-14,2015,130.483606,168.738395,128.770024,130.524513,82.386327,82.794673
2015-08-17,2015,130.819224,168.802898,128.837578,131.098602,81.881688,82.381598
2015-08-18,2015,131.14985,169.046506,128.905167,131.663211,82.28748,82.686918
2015-08-19,2015,129.854143,164.442447,128.972792,129.149783,80.790903,81.088497
2015-08-20,2015,133.12328,162.174948,129.040452,135.27577,80.896687,81.124411
2015-08-21,2015,132.182888,160.464905,129.108148,133.434749,79.285655,79.56191
2015-08-24,2015,129.907117,157.363239,129.17588,129.06635,76.885582,77.047542
2015-08-25,2015,130.373875,153.881549,129.243647,129.888444,77.24802,77.334899
2015-08-26,2015,130.923755,163.98551,129.311449,130.867823,79.837117,80.208464
2015-08-27,2015,132.157198,163.36275,129.379287,133.140883,82.745298,83.15387
2015-08-28,2015,131.196118,165.645836,129.447161,131.260548,81.772436,82.25588
2015-08-31,2015,129.859652,164.592551,129.51507,128.66972,80.856801,81.429731
2015-09-01,2015,129.020937,161.774619,129.583015,127.020908,78.864255,79.328431
2015-09-02,2015,129.181955,161.896491,129.650996,127.264165,80.575868,80.980736
2015-09-03,2015,130.169959,165.639972,129.719012,129.072545,82.140077,82.2918
2015-09-04,2015,129.136299,163.333299,129.787064,127.054682,80.634829,80.998693
2015-09-08,2015,128.578759,163.300807,129.855151,125.937893,81.092646,81.429731
2015-09-09,2015,129.093211,162.266467,129.923275,126.849931,80.91056,82.076285
2015-09-10,2015,128.662326,164.370148,129.991434,125.972787,80.645234,81.052577
2015-09-11,2015,129.146032,164.357737,130.059629,126.826569,80.466616,80.603582
2015-09-14,2015,129.706898,166.902816,130.127859,127.826353,81.994408,82.794673
2015-09-15,2015,129.886185,170.072917,130.196125,128.103926,82.136609,82.435482
2015-09-16,2015,130.839558,173.222754,130.264428,129.846505,84.198521,84.572696
2015-09-17,2015,130.848671,172.038897,130.332766,129.801941,84.195053,84.626573
2015-09-18,2015,129.382196,168.193177,130.40114,126.964639,81.963193,82.237923
2015-09-21,2015,129.480445,165.536698,130.469549,127.088709,80.794371,81.196251
2015-09-22,2015,128.837847,166.492274,130.537995,125.810615,80.23077,80.711336
2015-09-23,2015,128.581366,165.161416,130.606476,125.263258,78.626675,78.825559
2015-09-24,2015,128.112722,165.151404,130.674994,124.314324,78.543436,79.023117
2015-09-25,2015,127.795018,162.9559,130.743547,123.651031,77.743989,78.771681
2015-09-28,2015,126.868687,162.13132,130.812137,121.835813,76.228336,76.778142
2015-09-29,2015,127.775178,161.722616,130.880762,123.489371,76.531814,77.13734
2015-09-30,2015,129.020699,163.324104,130.949423,125.784546,78.139377,77.999409
2015-10-01,2015,128.9072,164.986256,131.018121,125.507601,78.579853,79.076995
2015-10-02,2015,130.623215,168.798243,131.086854,128.693171,81.562603,81.645246
2015-10-05,2015,130.896577,167.730507,131.155624,129.148335,82.542402,82.848557
2015-10-06,2015,131.0327,167.827501,131.224429,129.343729,82.779981,82.956311
2015-10-07,2015,131.551793,171.450754,131.293271,130.263899,84.824552,85.309047
2015-10-08,2015,131.640923,171.761568,131.362149,130.370287,85.159244,85.470686
2015-10-09,2015,132.226396,169.822244,131.431063,131.416024,85.559835,85.829883
2015-10-13,2015,131.176933,167.982348,131.500013,129.367441,82.134875,82.489359
2015-10-14,2015,130.646272,165.312166,131.568999,128.30071,81.00247,81.35789
2015-10-15,2015,131.182547,166.647189,131.638021,129.253237,81.784575,82.237923
2015-10-16,2015,131.258106,168.025472,131.70708,129.333777,81.914637,82.345678
2015-10-19,2015,131.696295,167.875005,131.776175,130.1006,82.280544,82.615077
2015-10-20,2015,131.876168,169.957846,131.845306,130.378499,81.638906,81.806885
2015-10-21,2015,132.147651,170.125229,131.914473,130.829748,81.550464,81.824849
2015-10-22,2015,133.030757,174.786624,131.983723,132.438483,82.844145,83.15387
2015-10-23,2015,132.268669,173.089789,132.053009,130.933481,82.540667,82.543236
2015-10-26,2015,131.950493,171.234374,132.122332,130.268599,81.867815,82.21996
2015-10-27,2015,131.865601,171.420887,132.191691,130.045196,81.579944,81.806885
2015-10-28,2015,131.431168,171.427677,132.261086,129.160218,81.056229,82.722839
2015-10-29,2015,130.568139,164.360657,132.330518,127.464044,79.126112,79.346394
2015-10-30,2015,130.61769,163.090432,132.399986,127.494991,79.544044,79.741512
2015-11-03,2015,132.465048,166.467295,132.469491,130.928443,83.333177,83.746547
2015-11-04,2015,132.672194,166.607912,132.539032,131.257589,82.736627,82.938354
2015-11-05,2015,133.620326,168.684717,132.60861,132.989097,83.321038,83.42327
2015-11-06,2015,132.231332,167.221182,132.678224,130.297312,81.364909,81.770965
2015-11-09,2015,131.580189,164.348151,132.747875,129.001958,80.109379,80.388059
2015-11-10,2015,132.03748,162.19358,132.817562,129.804397,80.081633,80.693379
2015-11-11,2015,132.622378,165.089366,132.887286,130.848313,81.618096,82.21996
2015-11-12,2015,132.285019,164.440524,132.957046,130.146728,81.304214,81.411774
2015-11-13,2015,131.865212,166.400283,133.026843,129.289067,80.667778,81.214215
2015-11-16,2015,132.056304,167.496196,133.096677,129.587565,81.24005,81.609326
2015-11-17,2015,132.248322,169.879462,133.166548,129.887782,81.935447,82.417518
2015-11-18,2015,134.530644,168.773878,133.236455,134.144085,82.261468,82.758759
2015-11-19,2015,132.863751,169.527164,133.306399,130.92605,83.48058,83.872265
2015-11-23,2015,133.646988,169.908893,133.446396,132.281781,83.499656,83.441226
2015-11-24,2015,133.37928,170.927676,133.51645,131.711753,83.732033,84.033903
2015-11-25,2015,132.13474,170.553942,133.586541,129.292932,81.274733,81.555449
2015-11-26,2015,133.401988,170.580796,133.656669,131.627903,81.758563,81.986487
2015-11-27,2015,131.685411,165.185116,133.726833,128.315636,79.550981,80.082746
2015-11-30,2015,130.163131,163.387426,133.797034,125.371064,78.245161,78.484325
2015-12-01,2015,129.451112,165.560781,133.867273,123.959963,78.118567,78.179005
2015-12-02,2015,129.558655,163.699264,133.937547,124.099936,77.889659,78.053287
2015-12-03,2015,131.042479,164.55783,134.007859,126.844634,80.452742,80.76522
2015-12-04,2015,130.447729,162.190733,134.078208,125.655375,78.663093,79.202713
2015-12-07,2015,130.431893,164.867655,134.148594,125.561741,78.423779,78.93332
2015-12-08,2015,129.989276,162.211943,134.219016,124.660343,77.071136,77.316935
2015-12-09,2015,131.823577,166.472088,134.289476,128.068221,79.958508,80.190507
2015-12-10,2015,131.115661,163.811414,134.359973,126.664652,79.131315,79.59783
2015-12-11,2015,130.746145,163.362505,134.430506,125.901506,78.493145,78.879436
2015-12-14,2015,129.767164,160.999349,134.501077,123.98485,77.59832,77.999409
2015-12-15,2015,130.082755,158.274134,134.571685,124.518276,77.81509,78.125127
2015-12-16,2015,130.838747,157.465239,134.642329,125.885173,78.064808,78.556166
2015-12-17,2015,131.033647,160.533215,134.713011,126.19011,78.489677,78.556166
2015-12-18,2015,129.588763,154.062747,134.78373,123.39155,76.148565,76.472829
2015-12-21,2015,129.270437,153.402005,134.854486,122.725086,74.915579,75.34136
2015-12-22,2015,128.86855,153.6709,134.925279,121.900439,75.383802,75.844232
2015-12-23,2015,129.640817,156.05012,134.99611,123.297971,76.328917,76.778142
2015-12-28,2015,129.695488,156.780484,135.137882,123.273208,75.893644,76.329147
2015-12-29,2015,129.601321,155.524777,135.208824,123.030822,75.702887,76.185466
2015-12-30,2015,129.23165,154.629287,135.279803,122.266979,75.175703,75.664637
2016-01-05,2016,126.859513,157.954923,135.350819,118.325441,75.67163,75.811919
2016-01-06,2016,125.44201,158.556705,135.421873,115.834518,74.519225,74.560047
2016-01-07,2016,123.478698,157.736449,135.492964,112.404669,72.596171,72.66383
2016-01-08,2016,122.4431,158.169931,135.564093,110.570639,72.448106,72.4245
2016-01-11,2016,121.657146,158.134662,135.635258,109.16602,71.267159,71.283089
2016-01-12,2016,122.680598,158.916467,135.706462,110.873903,70.489374,70.657152
2016-01-13,2016,120.513904,158.456084,135.777702,107.094087,69.472546,69.497327
2016-01-14,2016,120.550587,158.60419,135.84898,107.104481,70.4644,70.454642
2016-01-15,2016,118.575444,158.428508,135.920295,103.654114,68.803581,69.000259
2016-01-18,2016,118.384858,157.101645,135.991648,103.273506,67.67615,67.656339
2016-01-19,2016,118.399521,157.653698,136.063038,103.245936,67.890219,67.840435
2016-01-20,2016,116.063489,156.137785,136.134466,99.174688,67.155249,67.196091
2016-01-21,2016,115.265527,157.435443,136.205883,97.749225,67.28369,67.380187
2016-01-22,2016,116.200673,159.447475,136.277338,99.30502,67.843838,67.858848
2016-01-26,2016,115.05944,158.985353,136.420361,97.236116,66.89123,67.104043
2016-01-27,2016,117.655754,160.321164,136.491928,101.649358,68.459286,69.000259
2016-01-28,2016,118.918723,161.447414,136.563533,103.76896,68.912399,68.852984
2016-01-29,2016,123.233155,165.463613,136.635176,111.137645,72.080621,72.148349
2016-02-01,2016,127.196798,166.626524,136.706856,117.902877,72.373182,72.350859
2016-02-02,2016,122.186214,165.880661,136.778574,109.230662,68.851746,69.073901
2016-02-03,2016,123.123706,167.641469,136.850329,110.79027,70.623168,70.693973
2016-02-04,2016,124.52336,168.377862,136.922122,113.144857,72.822727,72.939974
2016-02-05,2016,125.139739,167.636659,136.993953,114.152032,72.412428,72.442907
2016-02-10,2016,125.658231,168.614027,137.065821,114.990794,72.028888,72.093121
2016-02-11,2016,122.673301,167.162865,137.137727,109.802961,70.139728,70.325774
2016-02-12,2016,124.262297,166.717268,137.209671,112.483143,71.013844,71.301496
2016-02-15,2016,123.984045,166.936163,137.281653,111.951265,71.522258,71.890611
2016-02-16,2016,127.804824,168.626477,137.353672,118.470492,73.0475,73.160898
2016-02-17,2016,127.465141,169.277785,137.425729,117.832886,74.265909,74.191847
2016-02-18,2016,127.637975,170.27322,137.497824,118.076882,73.992971,74.007751
2016-02-19,2016,127.033958,171.476836,137.569957,116.984514,74.108926,74.099799
2016-02-22,2016,129.444692,172.14355,137.642127,121.078078,77.127299,77.247888
2016-02-23,2016,127.0338,171.256682,137.714336,116.877478,75.853588,76.05125
2016-02-24,2016,126.977339,171.193318,137.786582,116.726928,75.075804,75.259624
2016-02-25,2016,128.384891,171.085258,137.858866,119.094739,74.724374,74.744143
2016-02-26,2016,126.119228,171.451605,137.931188,115.143878,74.198121,74.099799
2016-02-29,2016,128.657244,173.165754,138.003549,119.456251,76.340595,76.308987
2016-03-01,2016,132.07237,173.815161,138.075947,125.277395,78.709626,78.702271
2016-03-02,2016,133.576716,174.612272,138.148383,127.811598,80.08502,80.083013
2016-03-03,2016,138.924127,174.991091,138.220857,136.956593,84.188011,84.13319
2016-03-04,2016,141.573931,175.002497,138.293369,141.461151,87.563166,84.13319
2016-03-07,2016,140.172052,175.194854,138.365919,138.995997,87.850375,87.944036
2016-03-08,2016,142.466337,176.234216,138.438507,142.888936,87.593493,87.815167
2016-03-09,2016,143.485359,176.172381,138.511133,144.588147,86.813924,86.986721
2016-03-10,2016,145.720283,178.19948,138.583797,148.378918,88.430146,89.472053
2016-03-11,2016,148.020215,177.796091,138.6565,152.281486,88.551452,89.214316
2016-03-14,2016,146.304975,176.383466,138.72924,149.277149,87.174274,86.765804
2016-03-15,2016,141.679837,174.79977,138.802019,141.267193,84.075624,84.243645
2016-03-16,2016,142.896979,175.3054,138.874836,143.307067,85.204839,85.23778
2016-03-17,2016,149.415589,178.369167,138.947691,154.46647,90.825935,91.220994
2016-03-18,2016,148.660874,180.35905,139.020585,153.114312,90.649328,90.576651
2016-03-21,2016,152.240477,182.616466,139.093516,159.217994,91.286184,91.515552
2016-03-22,2016,151.317811,182.641834,139.166486,157.576869,90.997191,91.257814
2016-03-23,2016,149.774568,183.46601,139.239494,154.868202,88.642431,88.735662
2016-03-24,2016,150.375806,182.55161,139.312541,155.848433,88.583562,89.06704
2016-03-28,2016,152.473208,184.299691,139.385625,159.402329,90.690358,91.128946
2016-03-29,2016,153.75804,183.194952,139.458748,161.558415,91.255857,91.405097
2016-03-30,2016,154.281285,183.758298,139.53191,162.404398,91.423545,91.460324
2016-03-31,2016,151.485508,182.790949,139.60511,157.540987,89.293558,89.545694
2016-04-01,2016,154.296701,183.2844,139.678348,162.322628,90.197999,90.429368
2016-04-04,2016,149.912174,180.841504,139.751625,154.726202,87.019074,87.134003
2016-04-05,2016,149.61805,179.49173,139.82494,154.166036,87.507865,87.189231
2016-04-06,2016,147.860617,179.074275,139.898293,151.088667,85.79888,86.195095
2016-04-07,2016,147.281884,182.263661,139.971685,150.03886,86.54277,86.618522
2016-04-08,2016,150.686777,184.374532,140.045116,155.841639,89.718128,86.618522
2016-04-11,2016,152.464016,183.315471,140.118585,158.844507,89.489788,89.472053
2016-04-12,2016,155.56846,184.221554,140.192093,164.130398,92.766828,93.061983
2016-04-13,2016,156.819514,183.57198,140.265639,166.228068,94.814756,94.82933
2016-04-14,2016,155.749832,183.562182,140.339224,164.333594,93.496447,93.706333
2016-04-15,2016,156.818652,186.877315,140.412847,166.117729,94.9539,95.197529
2016-04-18,2016,155.181426,185.365112,140.486509,163.24691,94.358075,94.258628
2016-04-19,2016,156.434213,187.392622,140.560209,165.347447,95.813745,96.173258
2016-04-20,2016,155.341813,185.483172,140.633949,163.413778,95.672816,95.63937
2016-04-22,2016,151.931762,184.835777,140.707727,157.493269,94.38305,94.442724
2016-04-25,2016,150.898565,184.617594,140.781543,155.661383,92.517081,92.693783
2016-04-26,2016,151.587316,185.053997,140.855399,156.791553,94.695234,94.847744
2016-04-27,2016,153.409931,188.025361,140.929293,159.872163,97.183787,97.333076
2016-04-28,2016,153.840299,188.241781,141.003226,160.557808,96.887658,97.333076
2016-04-29,2016,151.81657,188.341377,141.077198,157.021899,96.17231,96.007569
2016-05-02,2016,150.855356,188.146489,141.151208,155.313696,95.549726,95.602549
2016-05-03,2016,148.722626,186.630423,141.225257,151.590227,93.227077,93.52223
2016-05-04,2016,151.042161,186.842599,141.299346,155.525492,93.749762,93.92725
2016-05-05,2016,148.537165,186.048107,141.373473,151.161596,92.176354,92.65697
2016-05-06,2016,149.438138,186.756588,141.447639,152.656601,92.260198,92.620149
2016-05-09,2016,149.621815,187.777632,141.521843,152.917687,90.961512,91.165766
2016-05-10,2016,153.854494,189.159826,141.596087,160.143818,94.673827,94.958206
2016-05-11,2016,154.259679,189.86052,141.67037,160.785884,94.126167,94.313856
2016-05-12,2016,156.709137,192.684625,141.744692,164.94447,94.977091,94.718875
2016-05-13,2016,154.819672,192.45867,141.819052,161.639233,92.413614,92.45446
2016-05-16,2016,154.218987,193.224792,141.893452,160.550922,92.41183,92.25195
2016-05-17,2016,151.033164,191.621716,141.967891,155.015639,90.692142,90.908029
2016-05-18,2016,151.981081,189.985575,142.042369,156.591166,90.197999,90.908029
2016-05-19,2016,150.830816,188.011578,142.116885,154.557383,89.432703,90.024355
2016-05-20,2016,150.929382,190.423259,142.191441,154.671804,88.7013,88.882937
2016-05-23,2016,148.790626,191.606962,142.266036,150.937566,88.000224,87.851988
2016-05-24,2016,149.464085,191.2035,142.340671,152.040855,88.026982,88.091311
2016-05-25,2016,148.668491,190.36606,142.415344,150.61706,88.273162,88.238594
2016-05-27,2016,149.007857,190.28378,142.490056,151.145587,87.502513,87.631064
2016-05-30,2016,148.810063,191.186604,142.564808,150.750066,87.347313,87.465375
2016-05-31,2016,149.296548,192.964157,142.639599,151.531608,86.46963,86.563294
2016-06-01,2016,149.571511,195.622203,142.714429,151.949262,87.434725,87.410148
2016-06-02,2016,149.261621,196.059494,142.789299,151.360827,88.993861,89.103861
2016-06-03,2016,150.872273,197.698295,142.864207,154.076068,90.299682,90.392547
2016-06-06,2016,150.934367,197.868756,142.939155,154.12746,89.966091,89.9323
2016-06-07,2016,150.253407,197.308937,143.014143,152.900625,90.06599,90.116403
2016-06-08,2016,153.58722,198.338741,143.089169,158.579952,92.10143,92.509687
2016-06-09,2016,153.924189,198.626361,143.164235,159.104093,91.189853,91.423504
2016-06-10,2016,150.657895,197.389088,143.239341,153.429892,88.164343,88.257001
2016-06-13,2016,150.767792,198.179087,143.314485,153.563369,88.590698,88.551559
2016-06-14,2016,149.746725,195.547076,143.38967,151.751339,86.783598,86.71057
2016-06-15,2016,150.04454,196.867605,143.464893,152.208012,87.259902,87.262872
2016-06-16,2016,150.558927,197.955465,143.540156,153.037203,88.146504,88.367463
2016-06-17,2016,150.339595,197.025027,143.615459,152.604223,88.364141,88.404283
2016-06-20,2016,152.177739,199.487777,143.690801,155.710475,89.782349,89.619335
2016-06-21,2016,154.911616,200.56694,143.766183,160.357532,90.690358,90.852795
2016-06-22,2016,155.522309,199.167173,143.841604,161.352271,89.473732,89.416826
2016-06-23,2016,158.834798,199.04846,143.917065,166.994595,91.97834,92.25195
2016-06-24,2016,155.961611,197.491255,143.992565,161.996324,89.382753,89.416826
2016-06-27,2016,154.349189,198.659455,144.068105,159.166784,87.850375,88.091311
2016-06-28,2016,158.750896,199.806854,144.143685,166.682687,89.20793,89.564108
2016-06-29,2016,161.389043,201.879627,144.219304,171.164894,90.982919,91.147353
2016-06-30,2016,163.243427,203.661045,144.294963,174.298849,91.919471,91.865344
2016-07-01,2016,164.325805,202.85403,144.370661,176.104771,93.178911,93.356541
2016-07-04,2016,164.730778,203.081405,144.4464,176.745397,93.778305,93.908836
2016-07-05,2016,165.27001,203.778988,144.522178,177.616944,92.481403,92.509687
2016-07-06,2016,163.697918,202.671189,144.597995,174.856574,92.588437,92.785838
2016-07-07,2016,164.535288,201.757298,144.673853,176.240918,92.790019,92.785838
2016-07-08,2016,166.62999,203.498807,144.74975,179.78809,94.7987,94.902971
2016-07-11,2016,169.413678,204.968782,144.825687,184.520421,96.259722,96.283713
2016-07-12,2016,169.733226,206.03043,144.901664,185.013923,96.787759,96.762374
2016-07-13,2016,171.09509,206.143237,144.977681,187.300381,97.397856,97.406717
2016-07-14,2016,172.68073,205.778538,145.053738,189.971748,98.973047,98.695411
2016-07-15,2016,172.004883,204.90494,145.129835,188.752888,99.146086,99.321347
2016-07-18,2016,175.021239,206.193374,145.205971,193.885306,100.762308,101.033467
2016-07-19,2016,177.748122,207.477362,145.282148,198.519745,101.144064,101.346432
2016-07-20,2016,180.244378,206.636535,145.358364,202.757429,100.929995,101.199157
2016-07-21,2016,180.913102,206.926926,145.434621,203.851376,101.042381,101.125516
2016-07-22,2016,181.756772,207.928328,145.510917,205.246233,101.686372,101.346432
2016-07-25,2016,181.931455,208.821105,145.587254,205.490272,101.456248,101.43848
2016-07-26,2016,181.666428,207.510573,145.66363,204.977895,101.295696,101.43848
2016-07-27,2016,180.731383,206.749269,145.740047,203.312928,101.42057,101.346432
2016-07-28,2016,179.100441,209.694022,145.816503,200.450851,101.088763,101.254384
2016-07-29,2016,181.904837,212.213072,145.893,205.218391,102.232249,102.506257
2016-08-01,2016,182.165825,211.370916,145.969537,205.610743,101.247531,101.328025
2016-08-02,2016,181.62625,209.902591,146.046114,204.625942,100.187889,100.149794
2016-08-03,2016,182.10262,210.466236,146.122731,205.388734,101.820166,101.788273
2016-08-04,2016,184.150048,210.991622,146.199389,208.854023,102.742447,102.763994
2016-08-05,2016,183.643486,211.498531,146.276087,207.925921,102.861968,102.763994
2016-08-08,2016,182.580886,210.384465,146.352824,206.041296,102.815587,102.856042
2016-08-09,2016,181.008823,208.689657,146.429603,203.280265,102.911918,102.966504
2016-08-10,2016,182.310785,206.851902,146.506421,205.463088,101.540092,101.493715
2016-08-11,2016,183.188204,207.394436,146.58328,206.915584,104.001886,103.997461
2016-08-12,2016,184.008833,206.381845,146.660179,208.27036,103.998318,104.034274
2016-08-15,2016,185.45763,205.550544,146.737118,210.705679,105.511073,105.378202
2016-08-16,2016,186.400825,203.387915,146.814098,212.271232,104.991956,105.378202
2016-08-17,2016,185.598707,205.484004,146.891118,210.834479,105.828609,105.820036
2016-08-18,2016,184.450577,205.182644,146.968179,208.802487,105.546751,105.562298
2016-08-19,2016,185.192041,205.929106,147.04528,210.020935,105.427229,105.580705
2016-08-22,2016,181.593612,203.805916,147.122421,203.773892,103.076037,103.187421
2016-08-23,2016,179.579434,202.857322,147.199603,200.252039,103.502392,103.095373
2016-08-24,2016,178.648245,201.688341,147.276825,198.593108,102.963651,102.911277
2016-08-25,2016,179.248315,204.06625,147.354088,199.568211,102.970787,103.205835
2016-08-26,2016,178.281504,203.029439,147.431392,197.847944,102.960083,103.021732
2016-08-29,2016,180.816963,203.881534,147.508736,202.152232,104.554898,104.660211
2016-08-30,2016,180.90406,203.555669,147.58612,202.244832,104.492461,104.733852
2016-08-31,2016,180.0721,203.350095,147.663545,200.756445,103.290107,102.966504
2016-09-01,2016,182.0161,203.925021,147.741011,204.043219,103.887716,103.55562
2016-09-02,2016,186.330748,206.400694,147.818518,211.407939,106.34951,106.317103
2016-09-05,2016,185.857306,206.929078,147.896065,210.536182,106.260315,106.188235
2016-09-06,2016,188.376437,208.852165,147.973652,214.812204,107.264655,106.998267
2016-09-08,2016,187.829203,208.574977,148.051281,213.813449,107.448398,107.311239
2016-09-09,2016,181.723133,206.084789,148.12895,203.252385,103.466714,103.205835
2016-09-12,2016,183.790123,208.312955,148.20666,206.750546,104.512084,104.402473
2016-09-13,2016,180.749864,206.800794,148.284411,201.463214,101.363485,101.567349
2016-09-14,2016,180.037664,207.790339,148.362202,200.180565,101.788055,101.585763
2016-09-15,2016,182.544133,209.752918,148.440034,204.434626,103.304378,103.169014
2016-09-16,2016,181.47082,210.104472,148.517908,202.530731,101.825517,101.990783
2016-09-19,2016,182.481202,212.348786,148.595822,204.21117,102.307173,102.193285
2016-09-20,2016,184.852502,215.127323,148.673776,208.232622,102.995762,102.911277
2016-09-21,2016,185.640649,216.358795,148.751772,209.530712,104.169574,104.292019
2016-09-22,2016,187.191941,214.768095,148.829809,212.14153,105.239919,105.23092
2016-09-23,2016,185.737498,215.407094,148.907886,209.581868,104.710098,105.43343
2016-09-26,2016,183.286382,213.338723,148.986005,205.307703,103.563045,103.574027
2016-09-27,2016,184.098532,213.587107,149.064165,206.646962,104.148167,104.292019
2016-09-28,2016,185.133033,214.001678,149.142365,208.368678,105.885694,106.040952
2016-09-29,2016,182.980982,213.10291,149.220607,204.608873,104.092866,103.942226
2016-09-30,2016,181.746435,212.489239,149.298889,202.427323,104.121408,104.126329
2016-10-03,2016,184.642234,213.428835,149.377213,207.350742,106.073004,105.948904
2016-10-04,2016,184.18169,214.173233,149.455578,206.500568,105.855367,105.801629
2016-10-05,2016,186.861952,216.085905,149.533984,211.053161,107.487644,107.127136
2016-10-06,2016,186.988784,215.219779,149.612431,211.213326,108.183369,108.379009
2016-10-07,2016,188.155207,215.622854,149.690919,213.161761,109.012886,109.023359
2016-10-10,2016,187.736293,215.282977,149.769448,212.383076,110.010091,109.999081
2016-10-11,2016,187.099234,214.845783,149.848019,211.22911,108.857686,108.65516
2016-10-13,2016,189.942709,217.743985,149.926631,216.062309,109.030725,109.152228
2016-10-14,2016,192.968953,218.234591,150.005284,221.209875,110.186698,110.275232
2016-10-17,2016,195.316416,220.125985,150.083978,225.189775,111.843949,111.895297
2016-10-18,2016,196.386428,219.723901,150.162713,226.972183,113.781275,113.865155
2016-10-19,2016,195.710987,218.10756,150.24149,225.752037,113.288916,112.871026
2016-10-20,2016,195.308765,219.155456,150.319001,225.00282,113.881173,113.717879
2016-10-21,2016,195.697859,219.589705,150.396552,225.61479,114.362829,113.294453
2016-10-24,2016,197.098372,220.777176,150.474143,227.966568,114.277201,114.380636
2016-10-25,2016,197.695912,220.536328,150.551775,228.937047,113.931123,113.901975
2016-10-26,2016,197.175761,219.674657,150.629446,227.984849,113.859766,114.122899
2016-10-27,2016,199.106377,219.391798,150.707157,231.248419,114.616144,114.343816
2016-10-28,2016,200.654465,221.064473,150.784908,233.853937,114.719611,114.675194
2016-10-31,2016,201.997357,222.759602,150.8627,236.106447,115.820282,115.798199
2016-11-01,2016,197.048879,220.478164,150.940531,227.536546,112.967812,112.94466
2016-11-03,2016,193.249157,216.891518,151.018403,220.942701,110.156372,110.385687
2016-11-04,2016,191.881559,217.113119,151.096315,218.532551,109.885218,109.538834
2016-11-07,2016,196.597515,219.215438,151.174267,226.587269,114.26293,114.509505
2016-11-08,2016,196.670476,218.240933,151.252259,226.655103,114.452024,114.509505
2016-11-09,2016,191.496619,217.632465,151.330292,217.697358,112.846506,112.686923
2016-11-10,2016,182.754881,213.794199,151.408365,202.602134,109.177006,109.041766
2016-11-11,2016,178.575881,210.875328,151.486478,195.355676,105.578862,105.727988
2016-11-14,2016,180.52291,211.837926,151.564631,198.647154,106.42265,106.906219
2016-11-16,2016,182.576361,212.973104,151.642825,202.121666,108.388518,108.526291
2016-11-17,2016,178.883875,211.100455,151.721059,195.712019,106.624232,106.133007
2016-11-18,2016,177.250214,212.77769,151.799333,192.843922,106.966743,106.832578
2016-11-21,2016,180.39244,214.341159,151.877648,198.19125,108.943314,108.802435
2016-11-22,2016,182.110214,214.105573,151.956003,201.088214,110.520289,110.551376
2016-11-23,2016,181.749056,212.554336,152.034399,200.408979,110.577374,110.698659
2016-11-24,2016,180.934079,212.393146,152.112835,198.949058,109.524868,109.317917
2016-11-25,2016,178.914832,212.051638,152.191312,195.41753,109.815645,109.72293
2016-11-28,2016,181.808589,213.362573,152.269829,200.337292,112.127591,112.024166
2016-11-29,2016,178.85419,211.666302,152.348386,195.19706,108.795249,108.968125
2016-11-30,2016,179.329257,212.478479,152.426984,195.956145,110.434661,110.459328
2016-12-01,2016,172.03027,208.66392,152.504292,183.343299,106.155064,106.409151
2016-12-02,2016,173.282985,208.063098,152.581639,185.441017,107.598246,107.476928
2016-12-05,2016,173.609909,206.930682,152.659026,185.946163,106.734835,106.409151
2016-12-06,2016,175.206076,208.96981,152.736451,188.634628,108.975424,108.820849
2016-12-07,2016,176.190641,210.048585,152.813916,190.270987,109.556978,109.557241
2016-12-08,2016,175.571752,209.370384,152.89142,189.149065,108.242238,110.091129
2016-12-09,2016,175.768799,208.049996,152.968964,189.430681,107.92827,107.826714
2016-12-12,2016,172.269863,206.536803,153.046547,183.35446,105.569942,105.396609
2016-12-13,2016,172.828802,205.736452,153.124169,184.258545,105.751901,106.390745
2016-12-14,2016,170.493697,204.383002,153.20183,180.184279,103.844902,103.684489
2016-12-15,2016,169.983314,203.802302,153.279531,179.248863,104.173141,104.199963
2016-12-16,2016,169.622751,204.440244,153.357271,178.571137,104.160654,103.868585
2016-12-19,2016,170.082728,204.430104,153.435051,179.304871,101.880819,101.622583
2016-12-20,2016,170.147789,203.865767,153.51287,179.359243,102.722824,102.561485
2016-12-21,2016,169.902433,205.931584,153.590729,178.879608,102.836994,102.543078
2016-12-22,2016,168.717986,205.94489,153.668627,176.784525,102.137701,103.058552
2016-12-23,2016,171.553248,205.089804,153.746565,181.604093,103.354327,103.75813
2016-12-26,2016,171.240724,206.486053,153.824542,181.008829,104.572737,104.862721
2016-12-27,2016,172.98597,207.13276,153.902559,183.953299,104.710098,104.586576
2016-12-28,2016,174.808456,208.630784,153.980615,187.03061,106.645639,106.482793
2016-12-29,2016,174.822624,209.544242,154.058711,186.997231,107.439479,107.219191
2017-01-03,2017,177.955654,208.846573,154.136846,193.189389,111.451173,111.163397
2017-01-04,2017,177.098684,210.667428,154.215022,191.445117,111.045496,111.163397
2017-01-05,2017,177.057982,215.231074,154.293236,191.288283,111.914546,111.721538
2017-01-06,2017,175.684924,216.562483,154.371491,188.540246,111.182525,111.349441
2017-01-09,2017,177.110424,217.097653,154.449785,191.234802,111.24563,111.144795
2017-01-10,2017,177.124524,218.482879,154.528119,191.18443,112.02453,112.093634
2017-01-11,2017,179.342151,219.814739,154.606492,195.419436,112.590675,112.502941
2017-01-12,2017,185.102151,226.816279,154.680841,206.547645,115.309612,115.349466
2017-01-13,2017,184.027216,225.204664,154.755226,204.383239,114.765103,114.754114
2017-01-16,2017,184.700923,227.808929,154.829646,205.619558,115.087841,115.163421
2017-01-17,2017,187.372502,233.585505,154.904102,210.7413,116.030815,115.870397
2017-01-18,2017,186.044384,226.360087,154.978594,208.084397,115.663001,115.163421
2017-01-19,2017,186.130494,228.285686,155.053121,208.177849,115.304202,115.535511
2017-01-20,2017,187.44461,232.841593,155.127685,210.659492,116.331917,116.409936
2017-01-23,2017,190.18301,235.185212,155.202284,215.911046,118.546012,118.69832
2017-01-24,2017,191.46174,236.065372,155.276919,218.323797,118.710086,118.902973
2017-01-26,2017,192.592562,238.686157,155.426298,220.374671,119.342942,119.442506
2017-01-27,2017,191.515238,235.924909,155.501041,218.205262,119.059869,119.089025
2017-01-30,2017,189.048173,231.42046,155.575819,213.333051,115.937058,115.833186
2017-01-31,2017,192.738805,236.70247,155.650634,220.436291,116.602369,116.07505
2017-02-01,2017,191.369611,234.810519,155.725485,217.699149,116.899865,116.670402
2017-02-02,2017,193.233019,233.131486,155.800372,221.248732,116.434689,116.558778
2017-02-03,2017,193.618631,233.286413,155.875295,221.924264,117.11262,117.377384
2017-02-06,2017,190.246448,232.346221,155.950254,215.291601,115.379929,115.368068
2017-02-07,2017,190.376493,234.231484,156.025249,215.470035,115.751349,115.368068
2017-02-08,2017,191.515496,239.54188,156.10028,217.610652,116.898062,116.968077
2017-02-09,2017,192.362637,243.404233,156.175347,219.183622,117.132453,116.893664
2017-02-10,2017,195.017393,250.622869,156.25045,224.272004,119.223943,119.051815
2017-02-13,2017,197.383165,252.400651,156.325589,228.798334,120.743879,120.33554
2017-02-14,2017,196.8661,250.705296,156.400764,227.71809,120.284112,121.023921
2017-02-15,2017,202.128909,253.992678,156.475976,237.878505,122.561312,122.512293
2017-02-16,2017,205.744594,252.983442,156.551224,244.835558,122.269225,122.047174
2017-02-17,2017,207.593546,251.469238,156.626508,248.356633,122.150226,121.712288
2017-02-20,2017,208.559192,251.524951,156.701828,250.159819,123.565588,123.44253
2017-02-21,2017,210.110149,249.619877,156.777184,253.101283,124.501349,124.447189
2017-02-22,2017,207.235216,247.933493,156.852577,247.435241,123.668359,123.684401
2017-02-23,2017,207.159208,249.54711,156.923854,247.216634,121.632763,121.526243
2017-02-24,2017,207.687107,251.941199,156.995163,248.172474,120.192159,120.000654
2017-03-01,2017,209.1313,254.675486,157.066505,250.910289,120.781743,120.614614
2017-03-02,2017,207.345959,251.214872,157.137879,247.367276,118.737131,118.140179
2017-03-03,2017,209.727091,248.716221,157.209285,251.927187,120.415732,120.186699
2017-03-06,2017,209.585794,250.11268,157.280725,251.581445,119.613393,119.442506
2017-03-07,2017,211.179689,249.001456,157.352196,254.610273,118.533391,118.73553
2017-03-08,2017,207.116802,240.126202,157.4237,246.637759,116.68711,116.521567
2017-03-09,2017,201.140881,222.687229,157.495236,234.944746,116.44731,116.03784
2017-03-10,2017,202.924303,221.981527,157.566805,238.342068,116.609581,116.372726
2017-03-13,2017,206.262692,228.687303,157.638407,244.763459,118.158365,118.084367
2017-03-14,2017,204.306578,225.498837,157.710041,240.888069,116.652853,116.744822
2017-03-15,2017,206.766534,227.556485,157.781708,245.601017,119.422274,119.27507
2017-03-16,2017,208.666317,227.353764,157.853407,249.224508,118.607314,117.991337
2017-03-17,2017,206.564715,221.5526,157.925139,245.066076,115.771182,115.740164
2017-03-20,2017,198.358369,216.403954,157.996903,229.035108,116.986409,116.856453
2017-03-21,2017,194.525882,214.894238,158.0687,221.510386,113.553481,113.45178
2017-03-22,2017,195.337025,218.648543,158.140529,223.016562,114.528909,114.177364
2017-03-23,2017,195.455896,219.785816,158.212392,223.176375,114.546939,114.493649
2017-03-24,2017,197.851532,217.76329,158.284287,227.764007,115.129311,115.126211
2017-03-27,2017,200.083521,215.834233,158.356214,232.033345,115.947877,115.870397
2017-03-28,2017,199.006472,213.365785,158.428174,229.867236,116.546475,116.279704
2017-03-29,2017,200.032596,211.787843,158.500167,231.791344,118.147547,118.102968
2017-03-30,2017,199.655781,211.218006,158.572193,230.986986,117.675159,117.489015
2017-03-31,2017,201.084012,214.690921,158.644251,233.693046,117.16671,116.800634
2017-04-03,2017,200.713301,215.007182,158.716342,232.900494,117.575993,117.358783
2017-04-04,2017,199.294941,215.144175,158.788466,230.07044,118.582072,118.549486
2017-04-05,2017,197.969225,214.735892,158.860623,227.420528,116.789882,116.391335
2017-04-06,2017,197.826185,209.833223,158.932812,227.070651,115.794621,115.349466
2017-04-07,2017,199.36966,212.870049,159.005035,230.000677,116.461734,115.851795
2017-04-10,2017,197.699474,213.157153,159.07729,226.680742,116.564505,116.354124
2017-04-11,2017,199.943679,217.08522,159.149578,230.973481,116.041633,116.130862
2017-04-12,2017,196.760537,211.552109,159.221898,224.711085,115.197825,114.754114
2017-04-13,2017,193.661239,210.005688,159.28859,218.61734,113.275818,113.116894
2017-04-17,2017,197.687335,214.611853,159.35531,226.381029,115.996558,115.814585
2017-04-18,2017,197.844245,213.71587,159.422057,226.6199,115.679228,115.256444
2017-04-19,2017,197.34876,212.813847,159.488833,225.589965,114.323366,113.861087
2017-04-20,2017,198.208642,212.436962,159.555636,227.195919,114.961631,114.43783
2017-04-24,2017,198.863338,214.046967,159.622468,228.402801,116.09392,115.889005
2017-04-25,2017,198.979432,219.590176,159.689327,228.562182,117.462404,117.209941
2017-04-26,2017,195.48188,217.890416,159.756215,221.693717,116.946743,116.837845
2017-04-27,2017,194.958128,219.972856,159.82313,220.608669,116.613187,116.205283
2017-04-28,2017,198.148684,234.185661,159.890074,226.74718,117.922171,117.563429
2017-05-02,2017,200.052033,237.216524,159.957045,230.382302,120.300339,120.112278
2017-05-03,2017,201.295782,236.84866,160.024045,232.734606,119.16805,118.995996
2017-05-04,2017,197.49571,234.084538,160.091072,225.277661,116.948546,116.577379
2017-05-05,2017,197.523778,240.136829,160.158128,225.265653,118.475695,118.437855
2017-05-08,2017,196.321603,237.707289,160.225212,222.861042,118.143941,117.991337
2017-05-09,2017,198.077282,242.871354,160.292324,226.208837,119.499803,119.386694
2017-05-10,2017,199.277234,244.000213,160.359464,228.475826,121.432629,121.302981
2017-05-11,2017,199.392038,249.047295,160.426632,228.63239,121.771594,121.582055
2017-05-12,2017,201.543288,249.04914,160.493828,232.749406,123.004852,122.679743
2017-05-15,2017,200.445832,247.383098,160.561053,230.548314,123.45921,123.293689
2017-05-16,2017,200.849077,245.717543,160.628306,231.265755,123.837842,123.628575
2017-05-17,2017,198.082892,244.585707,160.695586,225.819262,121.7752,121.544852
2017-05-18,2017,179.788467,223.330979,160.762895,190.173427,111.05992,111.014555
2017-05-19,2017,185.839952,229.798578,160.830232,201.875479,112.938655,112.763406
2017-05-22,2017,181.512004,220.518012,160.897598,193.391585,111.196949,110.75409
2017-05-23,2017,184.187135,229.798497,160.964991,198.52725,112.980124,113.00527
2017-05-24,2017,188.169325,232.752478,161.032413,206.204854,114.052915,113.805268
2017-05-25,2017,186.877902,231.578571,161.099863,203.62631,113.998824,114.02853
2017-05-26,2017,188.600215,234.686675,161.167341,206.908849,115.545806,115.256444
2017-05-29,2017,188.899196,234.160718,161.234848,207.423267,114.961631,114.865745
2017-05-30,2017,189.948749,233.110397,161.302383,209.397366,115.324036,115.163421
2017-05-31,2017,188.152535,232.505842,161.369946,205.836992,113.068472,112.670384
2017-06-01,2017,186.027168,231.030898,161.431805,201.642146,112.307602,112.112236
2017-06-02,2017,186.099499,232.131342,161.493689,201.721358,112.70787,112.279679
2017-06-05,2017,187.270465,230.048606,161.555596,203.937172,112.597887,112.465731
2017-06-06,2017,188.862972,234.071306,161.617526,206.972774,113.508406,113.395968
2017-06-07,2017,189.29009,233.925567,161.679481,207.741906,113.897856,113.842478
2017-06-08,2017,187.585388,232.27847,161.741459,204.365051,113.149607,112.949451
2017-06-09,2017,188.633317,232.216178,161.803461,206.341487,112.166968,112.037822
2017-06-12,2017,186.271742,230.432114,161.865487,201.687099,111.24563,110.977352
2017-06-13,2017,186.449867,229.804241,161.927536,201.971895,111.478218,111.293629
2017-06-14,2017,187.312083,230.686658,161.98961,203.587085,111.647701,111.423862
2017-06-15,2017,187.312083,230.686658,161.98961,203.587085,,111.423862
2017-06-16,2017,187.328881,233.786752,162.051707,203.558085,111.112208,110.902931
2017-06-19,2017,186.155589,234.565369,162.113828,201.214573,111.811775,111.795958
2017-06-20,2017,184.170026,230.644712,162.175972,197.291334,109.56162,109.28432
2017-06-21,2017,182.62225,226.209467,162.238141,194.21948,109.554408,109.358733
2017-06-22,2017,185.833391,226.302022,162.300333,200.402741,110.473942,110.419204
2017-06-23,2017,184.402184,224.266548,162.362549,197.557543,110.140386,109.954085
2017-06-26,2017,185.815201,226.269962,162.42479,200.243767,112.125498,112.112236
2017-06-27,2017,185.037713,224.908766,162.487053,198.669874,111.200555,111.163397
2017-06-28,2017,186.193186,224.082953,162.549341,200.855178,111.818987,111.535493
2017-06-29,2017,185.241948,221.66721,162.611653,198.943328,112.217452,111.81456
2017-06-30,2017,186.074204,225.228934,162.673988,200.499993,113.40924,113.358758
2017-07-03,2017,187.397251,224.957424,162.736348,203.011125,114.094384,113.656434
2017-07-04,2017,186.872878,222.388567,162.798731,201.92937,114.007839,113.768065
2017-07-05,2017,188.684585,228.734903,162.861139,205.3908,113.867205,113.582013
2017-07-06,2017,190.537406,235.275783,162.92357,208.932163,112.633947,112.409912
2017-07-07,2017,189.801177,232.773441,162.986025,207.438321,112.367101,112.558753
2017-07-10,2017,191.873084,234.5929,163.048504,211.405716,113.634617,113.37736
2017-07-11,2017,192.170047,233.751694,163.111007,211.921178,115.089644,114.791325
2017-07-12,2017,194.115143,239.680827,163.173534,215.641903,116.899865,116.6518
2017-07-13,2017,194.054957,242.922868,163.236085,215.462733,117.516494,117.582038
2017-07-14,2017,195.001518,240.694654,163.29866,217.24146,117.98167,117.842503
2017-07-17,2017,194.872941,240.668755,163.361259,216.929235,117.577796,117.321572
2017-07-18,2017,195.458266,241.294677,163.423882,218.005384,117.804975,117.433196
2017-07-19,2017,194.644322,239.755565,163.486528,216.360211,117.5201,117.377384
2017-07-20,2017,195.166874,240.675754,163.549199,217.314231,117.083772,116.744822
2017-07-21,2017,195.387993,243.292684,163.611894,217.682,116.625808,116.335515
2017-07-24,2017,195.416865,241.944483,163.674613,217.675862,117.375859,117.079708
2017-07-25,2017,194.759697,244.001128,163.737356,216.335491,118.399968,118.102968
2017-07-26,2017,192.321141,241.466537,163.800123,211.530654,117.215392,116.856453
2017-07-27,2017,192.268725,240.077733,163.856983,211.372247,117.694992,117.302963
2017-07-28,2017,191.854025,240.607988,163.913863,210.509251,118.091654,117.935525
2017-07-31,2017,192.736497,242.1185,163.970762,212.168975,118.854326,118.549486
2017-08-01,2017,192.850519,240.397127,164.027682,212.334198,119.92892,119.498332
2017-08-02,2017,193.683969,242.024927,164.084621,213.898544,121.046785,120.78205
2017-08-03,2017,194.994462,244.427657,164.141579,216.390623,120.399505,119.907625
2017-08-04,2017,196.641506,244.789921,164.198558,219.537209,120.617669,120.391352
2017-08-07,2017,199.508331,248.769104,164.255556,225.056002,122.496404,122.102986
2017-08-08,2017,197.798526,248.373521,164.312574,221.674148,122.42248,122.158812
2017-08-09,2017,195.554281,242.041407,164.369612,217.252897,122.011394,121.749505
2017-08-10,2017,192.542261,239.764392,164.426669,211.338456,120.787152,120.42857
2017-08-11,2017,193.395761,240.643699,164.483747,212.941659,121.448856,121.116936
2017-08-14,2017,194.657895,243.394226,164.540844,215.339554,123.118442,122.82857
2017-08-15,2017,193.489096,239.052544,164.597961,213.009749,123.244652,122.940208
2017-08-16,2017,194.096753,241.420466,164.655098,214.134778,123.675571,123.572763
2017-08-17,2017,192.650531,237.974273,164.712255,211.265403,122.563115,122.419278
2017-08-18,2017,192.285764,238.659805,164.769431,210.49922,123.893735,123.665793
2017-08-21,2017,191.825235,235.329375,164.826628,209.546781,123.749495,123.628575
2017-08-22,2017,198.523575,254.721828,164.883844,222.516887,126.230435,126.103011
2017-08-23,2017,197.004683,252.761087,164.94108,219.506106,127.07244,126.884407
2017-08-24,2017,198.948247,256.230889,164.998336,223.229086,128.25341,128.07511
2017-08-25,2017,197.681338,255.644615,165.055612,220.70832,128.147033,127.721629
2017-08-28,2017,197.371891,254.645005,165.112908,220.049608,128.044261,127.851862
2017-08-29,2017,197.931752,255.12493,165.170223,221.081503,128.608603,128.335589
2017-08-30,2017,198.781017,257.039053,165.227559,222.676213,127.808067,127.498367
2017-08-31,2017,198.455716,260.424798,165.284914,221.986607,127.716114,127.275119
2017-09-01,2017,200.677551,257.270861,165.34229,226.250651,129.677787,129.321639
2017-09-04,2017,203.587768,258.613114,165.399685,231.853439,130.049207,129.935585
2017-09-05,2017,204.750868,261.021865,165.4571,234.058416,130.088873,129.786758
2017-09-06,2017,205.031694,260.504679,165.514535,234.547527,132.362467,132.000714
2017-09-07,2017,205.031694,260.504679,165.514535,234.547527,,132.000714
2017-09-08,2017,205.123602,262.786345,165.565943,234.675217,131.762065,131.554204
2017-09-11,2017,207.418217,265.589405,165.617366,239.086713,133.997796,133.823986
2017-09-12,2017,208.90353,266.936894,165.668805,241.924266,134.394457,134.140263
2017-09-13,2017,207.977309,263.288826,165.72026,240.07185,134.843407,134.456541
2017-09-14,2017,207.911696,264.002555,165.771731,239.893129,134.607212,133.898406
2017-09-15,2017,210.476117,260.79182,165.823218,244.829283,136.590522,136.075159
2017-09-18,2017,211.22302,262.982918,165.874721,246.230711,137.010623,136.744931
2017-09-19,2017,208.890495,259.289414,165.92624,241.643252,136.981775,136.651902
2017-09-20,2017,209.806503,264.36178,165.977775,243.373524,137.035865,136.670511
2017-09-21,2017,208.807105,263.568693,166.029326,241.378699,136.314662,135.944926
2017-09-22,2017,207.920999,262.645773,166.080893,239.604189,135.928818,135.479808
2017-09-25,2017,204.471456,255.74534,166.132476,232.844291,134.221369,133.768174
2017-09-26,2017,204.193609,257.719922,166.184075,232.252691,133.997796,133.675144
2017-09-27,2017,200.568644,255.44846,166.23569,225.151601,133.056625,132.726298
2017-09-28,2017,201.957608,254.697957,166.287322,227.801581,132.641933,132.242585
2017-09-29,2017,204.478215,257.896486,166.338969,232.652366,133.95272,133.172822
2017-10-02,2017,206.619314,258.811037,166.390632,236.765066,134.071719,133.619332
2017-10-03,2017,210.063096,262.037423,166.442311,243.41121,138.404349,137.972852
2017-10-04,2017,209.846559,260.941785,166.494006,242.93875,138.094231,137.712372
2017-10-05,2017,210.516985,260.763587,166.545718,244.191238,138.142912,137.74959
2017-10-06,2017,208.746415,258.80784,166.597445,240.696463,137.127818,136.76354
2017-10-09,2017,209.322844,258.410158,166.649189,241.766114,136.536432,136.205392
2017-10-10,2017,210.666509,259.188504,166.700948,244.327871,138.645952,138.121679
2017-10-11,2017,211.168482,257.868141,166.752724,245.252689,138.218639,137.917026
2017-10-12,2017,211.168482,257.868141,166.752724,245.252689,,137.917026
2017-10-13,2017,211.321107,263.309416,166.804516,245.498079,138.813632,138.512377
2017-10-16,2017,210.036184,260.443599,166.856324,242.94771,138.636937,138.307724
2017-10-17,2017,208.418389,259.356892,166.908147,239.749955,137.391058,137.135629
2017-10-18,2017,210.85056,261.773614,166.959987,244.428557,138.094231,137.842605
2017-10-19,2017,211.303426,260.110779,167.011844,245.257792,137.538904,137.284471
2017-10-20,2017,214.359775,267.497149,167.063716,251.150264,137.733629,136.930976
2017-10-23,2017,214.113051,270.265101,167.115604,250.618905,135.970287,136.930976
2017-10-24,2017,214.637958,268.926112,167.167509,251.588196,137.659706,137.414704
2017-10-25,2017,214.731779,270.892461,167.219429,251.719097,138.238472,137.693778
2017-10-26,2017,215.555397,268.219684,167.266745,253.273876,136.84114,135.907723
2017-10-27,2017,215.164539,264.758667,167.314075,252.466734,136.985381,136.503075
2017-10-30,2017,214.021218,262.045816,167.361418,250.196185,134.865043,134.605382
2017-10-31,2017,213.185744,261.854977,167.408775,248.524326,133.977962,133.526303
2017-11-01,2017,211.01039,257.814708,167.456145,244.246654,133.105306,132.596065
2017-11-02,2017,211.01039,257.814708,167.456145,244.246654,,132.596065
2017-11-03,2017,209.419092,256.423678,167.503528,241.104842,133.26938,132.651891
2017-11-06,2017,209.843059,258.422312,167.550925,241.882303,133.983371,133.56352
2017-11-07,2017,209.424549,256.161693,167.598335,241.021301,130.564867,130.177456
2017-11-08,2017,210.815176,258.729903,167.645759,243.678695,134.077128,133.823986
2017-11-09,2017,209.321538,252.88275,167.693196,240.726757,131.49522,131.163506
2017-11-10,2017,208.669808,251.841524,167.740647,239.41215,130.115918,130.177456
2017-11-13,2017,208.792714,253.699372,167.78811,239.60404,130.673048,131.126302
2017-11-14,2017,206.898514,248.799627,167.835588,235.873049,127.70169,127.368134
2017-11-15,2017,206.898514,248.799627,167.835588,235.873049,,127.368134
2017-11-16,2017,207.624872,252.350779,167.883079,237.238507,130.739759,130.549545
2017-11-17,2017,208.727532,255.437079,167.930583,239.335784,132.407542,131.926307
2017-11-20,2017,208.76908,255.437079,167.9781,239.369396,,131.926307
2017-11-21,2017,210.086518,259.437434,168.025631,241.884344,134.495426,133.954218
2017-11-22,2017,210.614778,258.048598,168.073176,242.864487,134.358397,133.768174
2017-11-23,2017,212.636146,260.456952,168.120734,246.748412,134.300701,133.823986
2017-11-24,2017,211.45915,256.128341,168.168305,244.412147,133.705708,133.265837
2017-11-27,2017,211.502414,255.691246,168.21589,244.44903,133.529013,133.191417
2017-11-28,2017,211.8315,255.133959,168.263489,245.041764,133.675057,133.693753
2017-11-29,2017,210.053832,248.558404,168.311101,241.537273,131.078725,130.698387
2017-11-30,2017,206.817404,240.478046,168.358726,235.195773,129.764331,129.116986
2017-12-01,2017,207.315741,239.158937,168.406365,236.117628,130.292613,129.619308
2017-12-04,2017,208.066602,240.155823,168.454017,237.530578,131.781898,131.219318
2017-12-05,2017,207.128668,236.645829,168.501683,235.659145,130.801061,130.233268
2017-12-06,2017,207.427177,235.185248,168.549362,236.192335,132.102834,135.77749
2017-12-07,2017,206.842969,235.703215,168.593933,235.011904,130.694684,130.233268
2017-12-08,2017,207.25051,241.155266,168.638516,235.760214,131.136421,130.45653
2017-12-11,2017,207.582354,242.618804,168.683111,236.361296,131.259026,131.051882
2017-12-12,2017,207.951452,245.254579,168.727717,237.034818,133.087276,132.837936
2017-12-13,2017,206.655517,242.251117,168.772336,234.470173,131.464568,130.940243
2017-12-14,2017,205.554385,242.348403,168.816966,232.28437,130.590109,130.233268
2017-12-15,2017,207.148861,247.762916,168.861608,235.340972,130.912848,130.140238
2017-12-18,2017,206.82625,245.855987,168.906262,234.669212,131.826973,131.479783
2017-12-19,2017,205.553867,243.727226,168.950927,232.150323,131.042664,130.549545
2017-12-20,2017,206.221265,246.245657,168.995605,233.403908,132.281331,131.907699
2017-12-21,2017,207.906515,250.88219,169.040294,236.637,135.465445,134.958877
2017-12-22,2017,208.436722,253.307091,169.084995,237.623754,135.562807,135.256545
2017-12-25,2017,208.436722,253.307091,169.084995,237.623754,,135.256545
2017-12-26,2017,209.164851,253.976044,169.129708,238.995414,136.466114,136.279813
2017-12-27,2017,210.09948,258.239824,169.174432,240.768663,137.160273,137.024005
2017-12-28,2017,211.306588,265.703152,169.219169,243.071818,137.753462,137.340283
2017-12-29,2017,211.350239,265.717439,169.263917,243.11227,137.753462,137.340283
2018-01-03,2018,210.48251,265.03911,169.308677,241.739911,137.93739,137.706044
2018-01-04,2018,212.123139,268.975607,169.353449,245.118543,139.090479,138.986175
2018-01-05,2018,211.724669,268.018515,169.398233,244.232547,139.840341,139.790836
2018-01-08,2018,212.248805,267.813043,169.443029,245.276094,140.385052,140.37604
2018-01-09,2018,211.046083,265.279351,169.487836,242.708041,139.474253,139.278784
2018-01-10,2018,211.382378,265.581859,169.532656,243.358706,138.30171,138.254666
2018-01-11,2018,212.598902,269.405417,169.577487,245.850285,140.360292,140.193167
2018-01-12,2018,211.653407,267.555786,169.62233,243.820161,140.331995,140.211444
2018-01-15,2018,212.76505,271.023442,169.667185,246.092364,141.044718,140.942953
2018-01-16,2018,212.522261,272.242606,169.712052,245.531863,141.186201,140.924662
2018-01-17,2018,212.843307,276.324255,169.75693,246.150568,143.586112,143.393506
2018-01-18,2018,212.549756,274.922654,169.801821,245.483876,143.186421,142.826579
2018-01-19,2018,212.081009,273.188542,169.846723,244.450761,143.640936,143.411784
2018-01-22,2018,213.536092,271.236886,169.891637,247.441173,144.445623,144.179862
2018-01-23,2018,211.815328,264.763486,169.936563,243.789535,142.682387,142.479123
2018-01-24,2018,218.355069,278.706821,169.981502,257.414078,147.991548,147.819115
2018-01-25,2018,218.380326,278.706821,170.026451,257.414078,,147.819115
2018-01-26,2018,222.703816,285.57052,170.071413,266.403478,151.265119,151.147468
2018-01-29,2018,222.769333,286.879065,170.116387,266.487652,149.791924,149.556437
2018-01-30,2018,222.199453,284.826003,170.161372,265.242928,149.409919,149.24555
2018-01-31,2018,223.722247,290.131915,170.20637,268.374852,150.17216,149.958767
2018-02-01,2018,224.553632,293.028399,170.251379,270.060735,151.201451,150.964594
2018-02-02,2018,222.819498,288.560102,170.296401,266.381024,148.629992,148.568902
2018-02-05,2018,220.203206,282.034702,170.341434,260.856337,144.774572,144.838219
2018-02-06,2018,221.679306,284.600668,170.386479,263.890548,148.370016,148.40432
2018-02-07,2018,220.050755,281.078637,170.431536,260.431615,146.37687,146.228084
2018-02-08,2018,217.770839,276.639222,170.475021,255.612247,144.19449,143.923836
2018-02-09,2018,215.584393,272.435894,170.518518,250.988355,143.073235,142.954592
2018-02-14,2018,218.965798,281.975715,170.562026,258.009167,147.749258,147.398493
2018-02-15,2018,220.993468,286.235662,170.605545,262.198737,149.072127,148.861511
2018-02-16,2018,221.94589,286.921547,170.649075,264.139498,149.485966,149.154106
2018-02-19,2018,225.156106,291.521716,170.692616,270.802245,149.959935,149.702741
2018-02-20,2018,227.776169,293.345381,170.736168,276.230718,151.74793,151.677811
2018-02-21,2018,226.355001,288.851987,170.779732,273.207264,152.186529,151.860685
2018-02-22,2018,227.745378,292.465092,170.823306,276.063922,153.307784,153.159107
2018-02-23,2018,231.432671,300.051763,170.866892,283.724384,154.381289,154.146642
2018-02-26,2018,235.070615,307.316197,170.910488,291.281623,155.017964,154.933012
2018-02-27,2018,232.861631,303.312665,170.954096,286.610462,153.748151,153.780881
2018-02-28,2018,231.724904,300.95668,170.997715,284.18183,151.176692,150.87315
2018-03-01,2018,233.428072,300.50417,171.041345,287.692599,150.994532,150.909719
2018-03-02,2018,233.381407,300.188341,171.084986,287.543717,151.671883,151.696089
2018-03-05,2018,232.161221,298.935376,171.128639,284.940497,152.135241,151.604659
2018-03-06,2018,231.777465,298.048706,171.172302,284.08659,151.480881,151.22062
2018-03-07,2018,232.934104,297.814248,171.215977,286.454286,151.181997,151.056024
2018-03-08,2018,232.545005,300.438485,171.259662,285.589179,150.299495,150.214793
2018-03-09,2018,234.511883,310.839372,171.303359,289.651398,152.750693,152.519042
2018-03-12,2018,237.473374,314.001056,171.347067,295.79376,153.686252,153.524855
2018-03-13,2018,237.994726,311.291796,171.390787,296.832749,152.773685,152.701916
2018-03-14,2018,236.232979,309.01823,171.434517,293.096806,152.18476,152.043559
2018-03-15,2018,237.003597,308.974874,171.478258,294.657088,150.198688,150.08678
2018-03-16,2018,238.454611,310.323087,171.522011,297.640354,150.124409,149.977059
2018-03-19,2018,235.675749,304.756366,171.565775,291.777155,148.403619,148.294584
2018-03-20,2018,236.304269,304.963925,171.60955,293.040212,148.847523,148.861511
2018-03-21,2018,238.270384,310.449598,171.653336,297.100731,150.285347,150.12335
2018-03-22,2018,239.013414,313.551463,171.695534,298.605132,149.915722,149.574728
2018-03-23,2018,240.471417,310.651091,171.737742,301.604828,149.224222,149.190689
2018-03-26,2018,243.760648,318.929641,171.77996,308.434383,150.481655,150.37939
2018-03-27,2018,240.959471,313.873308,171.822189,302.526318,148.217922,148.093433
2018-03-28,2018,241.721597,314.948661,171.864428,304.070606,148.334645,148.166571
2018-03-29,2018,242.495763,321.424698,171.906677,305.640065,150.973309,150.745137
2018-04-02,2018,240.530268,318.449301,171.948937,301.479725,149.73533,149.68445
2018-04-03,2018,239.639317,317.560843,171.991207,299.566698,149.659283,149.501576
2018-04-04,2018,239.234899,317.710459,172.033488,298.671204,149.194157,148.861511
2018-04-05,2018,240.911914,320.081561,172.075779,302.12885,150.697417,150.635416
2018-04-06,2018,240.430205,321.303058,172.11808,301.071683,150.007686,149.849046
2018-04-09,2018,238.875684,317.916909,172.160392,297.770804,147.331882,147.069315
2018-04-10,2018,237.521231,321.421576,172.202714,294.888338,149.459438,149.154106
2018-04-11,2018,238.956811,322.279973,172.245047,297.840992,150.761084,150.781706
2018-04-12,2018,241.730636,325.989616,172.28739,303.592469,151.111256,150.745137
2018-04-13,2018,239.408731,323.98893,172.329743,298.686617,149.148175,148.678637
2018-04-16,2018,237.184194,319.019304,172.372107,293.984389,146.544882,146.264667
2018-04-17,2018,238.337253,321.952601,172.414481,296.346125,148.709576,148.331167
2018-04-18,2018,239.600597,325.649769,172.456866,298.938501,151.698411,151.238898
2018-04-19,2018,237.987326,324.475088,172.499261,295.514652,151.783301,151.604659
2018-04-20,2018,239.931649,324.285635,172.541666,299.531216,151.298721,151.31205
2018-04-23,2018,240.900677,326.126864,172.584082,301.508017,151.390685,151.238898
2018-04-24,2018,241.680246,327.597054,172.626509,303.088567,151.155469,150.836581
2018-04-25,2018,241.522668,329.330515,172.668945,302.709137,150.403839,150.105072
2018-04-26,2018,243.95987,332.729375,172.711393,307.75647,152.771916,152.720207
2018-04-27,2018,244.744749,328.481848,172.75385,309.348088,152.881566,152.647055
2018-04-30,2018,245.558617,331.606454,172.796318,311.000321,152.297947,152.116711
2018-05-02,2018,240.175046,322.485231,172.838797,299.69109,149.524874,149.428424
2018-05-03,2018,234.949666,313.838171,172.881286,288.712692,147.29828,147.197328
2018-05-04,2018,234.321009,314.440153,172.923785,287.347961,146.997628,146.776719
2018-05-07,2018,233.897966,308.159394,172.966295,286.413245,146.283137,145.972058
2018-05-08,2018,240.437635,319.959162,173.008815,300.040478,146.711124,146.703567
2018-05-09,2018,241.80001,322.871413,173.051346,302.839797,149.026145,148.770067
2018-05-10,2018,241.596068,322.875398,173.093887,302.363276,151.848737,151.549798
2018-05-11,2018,238.962148,319.036942,173.136439,296.804636,150.715102,150.489111
2018-05-14,2018,236.563896,315.887895,173.179001,291.738866,150.736325,150.671985
2018-05-15,2018,234.31274,314.983225,173.221574,286.980722,150.555934,150.342807
2018-05-16,2018,239.055273,325.219782,173.264157,296.849313,153.044271,152.555611
2018-05-17,2018,234.004917,314.315818,173.30675,286.236839,147.888973,147.727671
2018-05-18,2018,231.349856,310.447633,173.349354,280.633923,146.933961,146.685276
2018-05-21,2018,233.45105,314.211298,173.391969,284.978327,144.693219,144.838219
2018-05-22,2018,238.039354,326.452867,173.434594,294.524311,146.327351,146.301237
2018-05-23,2018,235.566487,320.693943,173.477229,289.302402,143.016641,143.100897
2018-05-24,2018,237.008481,321.203389,173.519875,292.268102,141.699078,141.637879
2018-05-25,2018,236.178833,315.956429,173.562531,290.482833,139.534383,141.637879
2018-05-28,2018,227.678121,300.391694,173.605198,272.654126,133.270209,132.932966
2018-05-29,2018,229.635512,301.959171,173.647876,276.697702,134.536485,134.231387
2018-05-30,2018,232.02337,308.459139,173.690564,281.641553,135.74263,135.456657
2018-06-01,2018,237.196717,323.192829,173.733262,292.411024,136.602142,136.462483
2018-06-04,2018,243.732644,335.824332,173.775971,306.030208,139.000284,138.711857
2018-06-05,2018,238.254912,324.30283,173.81869,294.523764,135.544554,135.511518
2018-06-06,2018,232.447964,314.39389,173.86142,282.328777,134.616069,134.3594
2018-06-07,2018,225.360689,299.246734,173.90416,267.456075,130.608555,130.518996
2018-06-08,2018,225.755288,298.852095,173.946911,268.231109,129.00095,128.745091
2018-06-11,2018,223.42206,293.618502,173.989673,263.301098,127.879695,127.757556
2018-06-12,2018,225.301111,296.729601,174.032444,267.180721,128.668465,128.507342
2018-06-13,2018,225.269075,299.175052,174.075227,267.063444,127.550746,127.556391
2018-06-14,2018,227.822516,302.065531,174.11802,272.353475,126.310999,125.819069
2018-06-15,2018,226.344202,298.282263,174.160823,269.211398,125.138456,124.557216
2018-06-18,2018,225.539306,296.502469,174.203637,267.477709,123.470721,123.478237
2018-06-19,2018,231.246418,307.714085,174.246462,279.363359,126.263248,125.837347
2018-06-20,2018,231.169615,305.799797,174.289297,279.152393,127.552515,127.117491
2018-06-21,2018,228.955049,298.73725,174.332142,274.470454,123.930542,123.734277
2018-06-22,2018,229.626898,302.48939,174.374998,275.825211,124.931536,124.685229
2018-06-25,2018,230.547918,303.450721,174.417865,277.701076,125.483321,125.453308
2018-06-26,2018,230.827104,309.918277,174.460742,278.234584,126.282702,126.184817
2018-06-27,2018,229.054833,303.28895,174.50363,274.47762,124.874943,124.356051
2018-06-28,2018,230.960588,307.291224,174.546528,278.412945,126.922914,126.916325
2018-06-29,2018,234.747058,313.933721,174.589437,286.281623,128.684381,128.653647
2018-07-02,2018,233.302194,308.462656,174.632356,283.209368,128.820559,128.562217
2018-07-03,2018,234.344342,308.653068,174.675286,285.33849,130.284911,130.025221
2018-07-04,2018,234.759036,310.217626,174.718226,286.155327,132.186094,131.872278
2018-07-05,2018,232.266094,305.827877,174.761177,280.891062,131.850071,131.433378
2018-07-06,2018,232.635367,307.146067,174.804139,281.612882,132.658294,132.494052
2018-07-10,2018,229.396216,305.171448,174.890094,274.737445,132.39655,132.311178
2018-07-11,2018,228.335603,297.753159,174.933087,272.468732,131.577715,131.232213
2018-07-12,2018,232.876284,310.282811,174.976091,281.914672,134.15448,133.975361
2018-07-13,2018,235.713588,317.061667,175.019105,287.79812,135.459664,135.346935
2018-07-16,2018,237.43958,319.64079,175.06213,291.357336,135.564008,135.2372
2018-07-17,2018,240.571181,327.459307,175.105165,297.85626,138.176143,137.834057
2018-07-18,2018,238.299018,323.535039,175.148212,293.053624,136.819672,136.535636
2018-07-19,2018,238.349457,322.812394,175.191268,293.108514,137.038971,136.517344
2018-07-20,2018,241.376413,328.005167,175.234335,299.388544,138.95607,138.620427
2018-07-23,2018,240.794146,324.381125,175.277413,298.120155,137.939159,137.614601
2018-07-24,2018,243.422914,333.777525,175.320502,303.567381,139.988898,139.900557
2018-07-25,2018,245.258014,333.970359,175.363601,307.354699,141.868858,141.491588
2018-07-26,2018,243.848212,330.842355,175.40671,304.355549,140.431034,140.120014
2018-07-27,2018,241.413895,328.369078,175.449831,299.213697,141.246331,141.052675
2018-07-30,2018,241.673832,328.527555,175.492962,299.706648,141.971433,141.583018
2018-07-31,2018,240.117778,325.096795,175.536103,296.401588,140.103854,139.809114
2018-08-01,2018,241.605718,327.380758,175.579255,299.462785,140.248874,139.827405
2018-08-02,2018,243.542642,328.817335,175.622418,303.462987,140.841335,140.723496
2018-08-03,2018,246.086323,334.733872,175.665591,308.732159,144.021173,143.850698
2018-08-06,2018,245.798851,337.249793,175.708775,308.080188,143.342053,143.082605
2018-08-07,2018,249.165107,341.654677,175.751969,315.069684,142.097,141.711031
2018-08-08,2018,245.624916,332.456535,175.795174,307.614883,139.983593,139.571379
2018-08-09,2018,247.38929,334.60773,175.83839,311.254148,139.304473,138.913022
2018-08-10,2018,242.123775,324.885675,175.881616,300.190942,135.31818,134.962896
2018-08-13,2018,244.609728,327.172629,175.924853,305.339306,137.054888,136.956244
2018-08-14,2018,246.471438,333.43609,175.968101,309.182102,139.010895,138.803301
2018-08-15,2018,244.928108,326.370056,176.011359,305.903516,136.315638,136.041861
2018-08-16,2018,243.184557,323.067772,176.054628,302.206169,135.857586,135.58467
2018-08-17,2018,241.184405,320.698895,176.097908,297.972149,134.460438,134.139943
2018-08-20,2018,243.069361,326.991229,176.141198,301.863514,134.989232,134.743439
2018-08-21,2018,238.206827,315.128372,176.184499,291.643023,132.958946,132.603787
2018-08-22,2018,239.253156,320.922417,176.22781,293.78044,136.004375,135.602961
2018-08-23,2018,236.663174,313.152442,176.271132,288.312787,133.761864,133.554739
2018-08-24,2018,237.453666,316.531631,176.314465,289.915117,134.872508,134.743439
2018-08-27,2018,238.599439,322.931335,176.357808,292.260476,137.822435,137.340283
2018-08-28,2018,236.135115,320.998847,176.401162,287.05559,137.014212,136.77337
2018-08-29,2018,239.184499,323.477406,176.444527,293.382176,138.634196,138.40097
2018-08-30,2018,234.618937,313.325691,176.487902,283.782691,135.123641,134.853161
2018-08-31,2018,236.472779,316.106813,176.531288,287.608871,135.608221,135.548101
2018-09-03,2018,234.58068,312.473349,176.574685,283.600699,134.750479,134.377692
2018-09-04,2018,228.302796,297.395496,176.618092,270.41999,132.131269,131.799126
2018-09-05,2018,230.835949,302.643192,176.66151,275.666857,132.803314,132.439191
2018-09-06,2018,233.155642,309.449728,176.704939,280.467275,135.144863,135.511518
2018-09-10,2018,232.439244,306.362344,176.748378,278.917938,135.180234,135.328644
2018-09-11,2018,229.160206,300.428083,176.791829,272.00903,132.033999,131.908847
2018-09-12,2018,230.389674,301.599679,176.835289,274.529292,132.861676,132.713509
2018-09-13,2018,227.856861,294.188972,176.878761,269.181028,132.087055,131.707682
2018-09-14,2018,228.515137,297.822485,176.922243,270.506662,133.399313,133.152408
2018-09-17,2018,231.722755,306.211937,176.965736,277.164031,135.804529,135.456657
2018-09-18,2018,235.090748,315.711911,177.009239,284.156799,138.501555,137.797474
2018-09-19,2018,232.088191,309.094222,177.052753,277.826054,138.245117,137.65117
2018-09-20,2018,231.16111,307.601165,177.096278,275.835989,138.151384,137.760905
2018-09-21,2018,235.962718,318.627626,177.139814,285.827011,140.500007,139.900557
2018-09-24,2018,233.277288,311.219636,177.18336,280.159474,137.917936,137.523157
2018-09-25,2018,233.560267,314.934142,177.226917,280.700116,139.060414,138.766718
2018-09-26,2018,233.469709,313.353774,177.270485,280.459523,139.106396,138.711857
2018-09-27,2018,236.323457,317.902211,177.314063,286.376699,141.483316,140.942953
2018-09-28,2018,235.30154,316.945445,177.357652,284.188217,140.319616,140.101723
2018-10-01,2018,234.869978,315.343843,177.401318,283.234327,139.049803,138.620427
2018-10-02,2018,242.034132,330.084323,177.444994,298.166263,144.334205,144.07014
2018-10-03,2018,249.690322,345.024893,177.488681,314.12724,147.271752,146.83158
2018-10-04,2018,249.120374,341.615611,177.532379,312.883886,146.705819,146.08178
2018-10-05,2018,251.557244,345.257329,177.576087,317.929043,145.589869,145.29541
2018-10-08,2018,260.052915,359.50306,177.619806,335.645691,152.243122,152.957942
2018-10-09,2018,261.419747,358.643368,177.663536,338.452923,152.250196,151.787533
2018-10-10,2018,256.053855,346.520591,177.707277,327.179183,147.98978,147.636241
2018-10-11,2018,258.66391,350.290229,177.751029,332.586492,146.649225,146.575554
2018-10-15,2018,258.665262,349.80093,177.794791,332.537892,147.425615,147.142467
2018-10-16,2018,265.758866,365.797672,177.838564,347.322165,151.595836,151.056024
2018-10-17,2018,267.44786,369.754459,177.882348,350.803108,151.677189,151.275481
2018-10-18,2018,265.786002,363.606214,177.926142,347.276,148.286895,151.275481
2018-10-19,2018,269.546079,372.214349,177.969948,355.088426,148.946561,148.532333
2018-10-22,2018,270.643065,376.430123,178.013764,357.331194,151.381842,151.092607
2018-10-23,2018,270.752732,376.219532,178.057591,357.509051,150.856586,150.489111
2018-10-24,2018,269.223552,369.716375,178.101429,354.259377,146.902127,146.575554
2018-10-25,2018,271.592893,375.587783,178.145277,359.163136,148.706039,148.184863
2018-10-26,2018,273.301246,378.064379,178.189137,362.68448,151.599373,151.257189
2018-10-29,2018,271.31772,373.368743,178.233007,358.484538,148.198468,147.782532
2018-10-30,2018,275.496312,384.797719,178.276888,367.172166,153.661492,153.177399
2018-10-31,2018,275.871435,389.557982,178.32078,367.905128,154.612968,153.762603
2018-11-01,2018,277.051325,392.285122,178.364682,370.321183,156.372666,155.902255
2018-11-05,2018,279.58978,394.281453,178.408596,375.578555,158.457777,157.456703
2018-11-06,2018,272.394518,379.457737,178.45252,360.478616,156.814802,155.957116
2018-11-07,2018,268.457785,370.320207,178.496455,352.193621,155.125845,154.695263
2018-11-08,2018,265.863591,363.410869,178.540401,346.716427,151.422519,151.056024
2018-11-09,2018,265.863337,361.065435,178.584357,346.66424,151.459658,150.909719
2018-11-12,2018,269.996931,372.01259,178.628325,355.257656,151.254507,150.598833
2018-11-13,2018,270.386954,371.22138,178.672303,356.021677,150.173929,149.300411
2018-11-14,2018,270.407642,372.572574,178.716292,356.013251,152.046814,151.147468
2018-11-16,2018,274.215973,380.219413,178.760292,363.926368,156.542446,155.993699
2018-11-19,2018,273.137511,379.41873,178.804303,361.61913,155.456562,154.164934
2018-11-21,2018,272.505639,377.327319,178.892357,360.194144,154.338844,154.12835
2018-11-22,2018,276.201154,380.607981,178.9364,367.871264,154.7067,154.164934
2018-11-23,2018,277.077113,379.684785,178.980454,369.651492,152.501329,151.842394
2018-11-26,2018,274.24932,373.337293,179.024519,363.685606,151.293415,150.580541
2018-11-27,2018,281.592072,388.328767,179.068595,378.990594,155.438876,154.51239
2018-11-28,2018,285.32931,392.723264,179.112682,386.754923,157.844093,157.273829
2018-11-29,2018,286.105568,391.584115,179.156779,388.326584,158.655853,157.968755
2018-11-30,2018,282.776394,384.814839,179.200888,381.312047,158.291534,157.950478
2018-12-03,2018,281.356291,380.163677,179.245007,378.290166,158.850393,158.16992
2018-12-04,2018,281.335326,378.025351,179.289137,378.19446,156.735217,155.865686
2018-12-05,2018,280.522704,379.386832,179.333278,376.443053,157.470931,157.32869
2018-12-06,2018,282.356849,382.913819,179.37743,380.227137,157.127834,156.432599
2018-12-07,2018,280.586868,379.987093,179.421593,376.473465,155.83503,155.317051
2018-12-10,2018,277.473233,373.148787,179.465766,369.909634,151.944239,151.531507
2018-12-11,2018,280.231101,379.908339,179.509951,375.625573,152.837352,152.701916
2018-12-12,2018,284.412442,385.623713,179.554146,384.31858,153.82243,153.433425
2018-12-13,2018,285.296653,388.516863,179.598352,386.115889,155.345144,154.12835
2018-12-14,2018,286.835808,391.514853,179.64257,389.282949,154.65895,154.000337
2018-12-17,2018,284.081238,388.218064,179.686798,383.47001,152.801981,152.226433
2018-12-18,2018,288.615832,396.460943,179.731036,392.901766,153.173375,152.701916
2018-12-19,2018,287.578596,396.227,179.775286,390.680469,151.51802,150.87315
2018-12-20,2018,288.998411,399.157617,179.819547,393.597887,150.801761,150.726846
2018-12-21,2018,290.87841,407.502995,179.863818,397.477731,151.558697,150.763429
2018-12-26,2018,288.540032,401.407531,179.952394,392.483108,150.566545,150.214793
2018-12-27,2018,287.42081,398.729673,179.996699,390.09028,151.139552,151.147468
2018-12-28,2018,293.340044,411.93503,180.041014,402.417813,155.431802,154.713555
2019-01-03,2019,292.334491,405.24943,180.08534,400.2958,156.374517,154.889563
2019-01-04,2019,292.496563,402.440936,180.129677,400.61897,156.847582,155.769618
2019-01-07,2019,292.726149,403.136159,180.174025,401.110519,156.605072,155.734421
2019-01-08,2019,293.629691,404.643397,180.218384,403.283072,157.173775,156.350457
2019-01-09,2019,294.810448,403.984023,180.262754,406.147057,159.873833,158.973015
2019-01-10,2019,295.756756,401.587349,180.307134,408.426242,160.203442,159.149023
2019-01-11,2019,294.356969,396.973244,180.351526,404.853614,159.950685,159.078617
2019-01-14,2019,295.498369,399.725002,180.395928,407.619371,161.344263,160.53951
2019-01-15,2019,294.293706,401.985192,180.440342,404.533398,160.630396,159.483448
2019-01-16,2019,295.337464,410.691364,180.484766,407.055568,161.20593,160.433908
2019-01-17,2019,294.854602,412.920206,180.529202,405.769918,162.842018,161.877197
2019-01-18,2019,294.614498,419.499079,180.573648,405.089755,164.116049,163.003665
2019-01-21,2019,292.311557,418.743685,180.618105,399.264301,163.967469,163.056466
2019-01-22,2019,289.59512,417.892614,180.662573,392.407458,162.41848,160.873935
2019-01-23,2019,295.722705,420.817679,180.707053,407.609957,164.903353,163.866115
2019-01-24,2019,296.094062,425.957376,180.751543,408.454859,166.814399,165.74943
2019-01-28,2019,293.152535,425.181597,180.840556,400.955119,163.000845,162.07081
2019-01-29,2019,297.787451,423.056149,180.885079,412.43442,163.333869,162.264423
2019-01-30,2019,299.132873,420.282377,180.929613,415.708823,165.651376,164.605357
2019-01-31,2019,298.381766,418.022913,180.974157,413.753899,166.331087,165.450215
2019-02-01,2019,297.135259,421.944876,181.018713,410.563294,167.128638,166.083855
2019-02-04,2019,297.264053,422.348438,181.06328,410.803038,168.371928,167.263125
2019-02-05,2019,298.200742,419.700681,181.107858,413.057871,167.897155,166.858308
2019-02-06,2019,291.626267,412.831736,181.152447,396.577824,161.620929,160.645113
2019-02-07,2019,292.011173,411.734705,181.197046,397.456322,161.228131,160.169889
2019-02-08,2019,295.886143,425.31895,181.241657,407.039953,162.828356,161.40196
2019-02-11,2019,292.971875,422.4194,181.286279,399.689386,161.240086,160.152284
2019-02-12,2019,297.182641,434.368457,181.330911,410.110542,164.237304,162.722041
2019-02-13,2019,295.327743,428.035859,181.375555,405.402288,163.680556,162.98606
2019-02-14,2019,301.322146,436.995406,181.42021,420.272273,167.391641,166.048646
2019-02-15,2019,299.675519,432.224955,181.464875,416.083461,166.556519,165.520621
2019-02-18,2019,301.804979,436.901984,181.509552,421.313204,164.821378,163.65491
2019-02-19,2019,301.626674,438.609281,181.55424,420.78674,166.783659,165.062989
2019-02-20,2019,300.058099,434.98084,181.598938,416.792549,164.881151,163.989322
2019-02-21,2019,304.643789,440.847275,181.643648,428.148728,165.542076,164.710973
2019-02-22,2019,313.346649,442.094009,181.688369,449.774211,167.171333,166.224667
2019-02-25,2019,315.842977,441.413194,181.7331,455.918921,166.068084,165.045384
2019-02-26,2019,317.974926,443.683398,181.777843,461.154751,166.688021,165.661433
2019-02-27,2019,313.839999,434.002364,181.822597,450.759288,166.182507,165.168591
2019-02-28,2019,314.279821,428.996964,181.867361,451.77446,163.239939,161.665979
2019-03-01,2019,318.533804,432.834503,181.912137,462.303151,161.566279,160.310701
2019-03-06,2019,321.662048,421.966334,181.956924,470.023926,160.905354,159.747467
2019-03-07,2019,319.564383,417.765349,182.001722,464.709863,161.115416,160.2579
2019-03-08,2019,319.22963,435.381149,182.046531,463.792955,162.865928,161.665979
2019-03-11,2019,325.62753,438.200587,182.09135,479.669068,167.412135,166.41828
2019-03-12,2019,323.677652,435.712856,182.136181,474.723566,167.07228,166.154261
2019-03-13,2019,329.804715,433.426442,182.181023,489.924099,168.90989,167.755953
2019-03-14,2019,328.596298,433.131396,182.225876,486.827958,168.399253,167.122313
2019-03-15,2019,330.726087,431.839934,182.27074,492.058179,169.307812,168.143179
2019-03-18,2019,335.159177,440.054386,182.315615,503.033428,170.77141,169.639269
2019-03-19,2019,332.017788,443.549914,182.360501,495.115875,170.078037,169.076035
2019-03-20,2019,332.101435,442.074831,182.405399,495.242407,167.436045,166.066251
2019-03-21,2019,329.772726,439.279552,182.450307,489.351857,165.195389,163.707711
2019-03-22,2019,322.146016,435.756769,182.495226,470.24665,160.082187,158.849808
2019-03-25,2019,322.829929,441.733272,182.540156,471.870346,159.957516,159.025816
2019-03-26,2019,328.263081,444.340731,182.585098,485.339897,162.766874,161.771595
2019-03-27,2019,318.841986,432.511657,182.63005,461.758952,156.953467,155.065571
2019-03-28,2019,324.28198,433.755967,182.675014,475.245529,161.199099,160.205085
2019-03-29,2019,328.570027,442.926128,182.719988,485.858819,162.951318,161.595573
2019-04-01,2019,330.988196,443.223228,182.764974,491.808114,164.042613,162.546033
2019-04-02,2019,328.504603,437.012808,182.809971,485.531079,162.9035,161.630783
2019-04-03,2019,330.877819,443.278186,182.854978,491.368208,161.373296,160.451513
2019-04-04,2019,331.019878,439.994169,182.899997,491.640213,164.484938,163.461297
2019-04-05,2019,331.826321,450.697072,182.945027,493.569351,165.842652,164.675763
2019-04-08,2019,331.90786,457.888243,182.990068,493.690361,166.288392,165.062989
2019-04-09,2019,328.714606,452.032143,183.035121,485.643139,164.449074,163.162069
2019-04-10,2019,327.856213,450.935765,183.080184,483.419668,163.870124,162.792447
2019-04-11,2019,324.242012,452.569317,183.125258,474.322451,161.824159,160.838726
2019-04-12,2019,325.499342,453.154106,183.170344,477.376119,158.613464,157.547331
2019-04-15,2019,324.933711,451.188772,183.21544,475.882812,158.96869,158.075356
2019-04-16,2019,322.275381,449.453243,183.260548,469.169734,161.103461,160.169889
2019-04-17,2019,319.50128,446.530701,183.305667,462.167872,159.313669,158.409781
2019-04-18,2019,321.845412,445.744791,183.350796,467.932233,161.521876,160.451513
2019-04-22,2019,320.169,451.813292,183.395937,463.668262,161.538954,160.521906
2019-04-23,2019,323.695883,464.495702,183.441089,472.382682,163.818889,162.581243
2019-04-24,2019,321.27067,462.679421,183.486253,466.250957,162.319426,161.225952
2019-04-25,2019,322.302889,467.712532,183.531427,468.742976,164.893106,163.514098
2019-04-26,2019,324.205096,459.356908,183.576612,473.404957,164.353436,163.038862
2019-04-29,2019,322.979648,459.8429,183.621809,470.265707,164.271461,163.197278
2019-04-30,2019,328.351737,462.350123,183.667017,483.582464,164.55325,163.478889
2019-05-02,2019,325.864229,471.226878,183.712235,477.295257,163.144302,162.211622
2019-05-03,2019,333.510699,483.930309,183.757465,496.284891,163.964054,162.98606
2019-05-06,2019,333.757441,480.509717,183.802707,496.817595,162.257945,161.243557
2019-05-07,2019,331.00279,480.272144,183.847959,489.864003,161.199099,160.134693
2019-05-08,2019,332.870103,480.988933,183.893222,494.438805,163.262141,162.123611
2019-05-09,2019,331.227315,479.393805,183.938497,490.258455,161.914674,160.821134
2019-05-10,2019,332.169499,483.411646,183.983782,492.5257,160.975375,159.817873
2019-05-13,2019,325.112894,467.215786,184.029079,474.841798,156.652891,155.435193
2019-05-14,2019,327.083563,470.324128,184.074387,479.674318,157.276244,156.22725
2019-05-15,2019,323.787778,461.689685,184.119706,471.370868,156.475278,154.660754
2019-05-16,2019,323.297041,455.567326,184.165036,470.06394,153.744479,152.355002
2019-05-17,2019,324.263923,463.134163,184.210378,472.392684,153.691537,152.671822
2019-05-20,2019,328.551172,483.428814,184.25573,483.003295,157.026903,156.350457
2019-05-21,2019,338.078678,488.194859,184.301094,506.684492,161.363049,160.504314
2019-05-22,2019,340.998231,487.420916,184.346469,513.883661,161.15128,160.099483
2019-05-23,2019,340.143428,484.562483,184.391855,511.668551,160.381054,159.166628
2019-05-24,2019,338.770818,471.250718,184.437253,508.161874,159.89945,158.849808
2019-05-27,2019,344.352286,469.788944,184.482661,522.00051,162.010311,161.049944
2019-05-28,2019,346.005479,483.982024,184.528081,526.040957,164.621563,163.426088
2019-05-29,2019,342.528486,490.408015,184.573511,517.285321,164.918723,163.795709
2019-05-30,2019,345.112081,499.413206,184.618953,523.646398,166.43868,165.379809
2019-05-31,2019,344.15117,492.975941,184.664407,521.166505,165.709442,164.728564
2019-06-03,2019,342.061754,487.121408,184.709871,515.871798,165.692364,164.534965
2019-06-04,2019,345.130957,493.417687,184.755347,523.444051,166.307178,165.098199
2019-06-05,2019,340.001808,479.8265,184.800833,510.567394,163.948683,163.056466
2019-06-06,2019,342.80612,474.829621,184.846331,517.478895,166.00831,164.904586
2019-06-07,2019,345.782051,489.105375,184.89184,524.81844,167.060325,165.837441
2019-06-10,2019,349.685873,488.238241,184.937361,534.472372,166.455758,165.186196
2019-06-11,2019,355.641943,485.193116,184.982892,549.245143,169.005528,167.949566
2019-06-12,2019,348.158059,479.333176,185.028435,530.495043,167.914233,166.611893
2019-06-13,2019,347.793745,479.322296,185.073989,529.503038,168.687874,167.456738
2019-06-14,2019,344.723292,470.487023,185.119554,521.761178,167.434337,166.347874
2019-06-17,2019,342.72985,479.011762,185.165131,516.705649,166.722177,165.890242
2019-06-18,2019,346.880814,484.004755,185.210718,526.975898,169.763799,168.565602
2019-06-19,2019,346.299707,483.870956,185.256317,525.443074,171.299126,170.079296
2019-06-21,2019,347.944204,489.127149,185.301927,529.46148,174.219492,172.877876
2019-06-24,2019,348.649226,493.122085,185.347549,531.136563,174.303175,173.036279
2019-06-25,2019,344.157555,483.636616,185.393181,519.849682,170.940484,169.604073
2019-06-26,2019,344.922797,487.834544,185.438825,521.674928,171.958343,170.466522
2019-06-27,2019,347.114762,489.114594,185.48448,527.058786,172.018117,170.853748
2019-06-28,2019,349.622439,489.508885,185.530146,533.230091,172.433116,170.924154
2019-07-01,2019,350.752559,497.145994,185.575824,535.965382,173.070132,171.522585
2019-07-02,2019,347.357519,482.100229,185.621513,527.413687,171.814886,170.32571
2019-07-03,2019,352.19636,483.637885,185.667213,539.399481,174.270727,176.010867
2019-07-04,2019,353.779964,484.538561,185.712924,543.265818,176.991278,176.010867
2019-07-05,2019,355.899403,488.371893,185.758647,548.468652,177.764919,176.486091
2019-07-08,2019,358.942406,485.411215,185.80438,555.975082,178.518066,176.996524
2019-07-10,2019,362.426173,507.485504,185.895882,564.497199,180.716026,179.460679
2019-07-11,2019,359.619838,487.408803,185.941649,557.413749,179.570081,178.140597
2019-07-12,2019,357.98309,479.846822,185.987428,553.247543,177.452389,176.098878
2019-07-15,2019,357.797308,473.870671,186.033218,552.700414,177.276484,176.081273
2019-07-16,2019,359.457141,474.968488,186.07902,556.756722,177.228665,175.834859
2019-07-17,2019,360.947834,474.636747,186.124832,560.391131,177.366998,176.028472
2019-07-18,2019,363.515524,470.769412,186.170656,566.711837,178.837428,177.242938
2019-07-19,2019,360.605563,460.738862,186.216491,559.369793,176.67704,175.306821
2019-07-22,2019,362.655277,475.410697,186.262338,564.398486,177.525825,176.010867
2019-07-23,2019,361.008277,482.572123,186.308196,560.206564,177.10741,176.186875
2019-07-24,2019,359.15276,482.296235,186.354065,555.494524,177.817862,176.697309
2019-07-25,2019,357.693103,482.064092,186.399945,551.769844,175.31591,173.898742
2019-07-26,2019,360.130475,484.420371,186.445837,557.765378,175.595992,174.514778
2019-07-29,2019,363.46459,486.460497,186.49174,565.99761,176.729982,175.236415
2019-07-30,2019,361.79758,484.973203,186.537654,561.755675,175.790683,174.461976
2019-07-31,2019,361.083767,487.703414,186.58358,559.891247,173.876221,172.455454
2019-08-01,2019,363.06843,483.297759,186.626029,564.763899,174.412475,173.247497
2019-08-02,2019,362.438316,484.24478,186.668489,563.114576,175.348359,173.863533
2019-08-05,2019,355.133339,480.924761,186.710957,544.816339,170.949023,169.797686
2019-08-06,2019,362.586558,506.492798,186.753436,563.328984,174.477372,173.265102
2019-08-07,2019,361.550183,508.695085,186.795924,560.666288,175.532803,174.338769
2019-08-08,2019,364.827048,507.035241,186.838422,568.761949,177.809323,176.644507
2019-08-09,2019,364.588188,517.480648,186.88093,568.088433,177.606092,176.43329
2019-08-12,2019,360.378584,509.427401,186.923447,557.510796,174.052126,172.772274
2019-08-13,2019,365.33711,523.514629,186.965974,569.800919,176.415744,175.166009
2019-08-14,2019,359.113495,518.756377,187.008511,554.199765,171.222274,170.114506
2019-08-15,2019,354.575523,512.397652,187.051057,542.803038,169.171186,167.87916
2019-08-16,2019,359.454907,526.629583,187.093613,554.895708,170.450341,169.234452
2019-08-19,2019,358.855651,523.933635,187.136179,553.32316,169.874807,168.565602
2019-08-20,2019,357.873297,519.921454,187.178754,550.795045,169.452976,168.160784
2019-08-21,2019,357.996214,528.61055,187.221339,551.023756,172.834453,171.663397
2019-08-22,2019,351.359764,517.069012,187.263934,534.392773,170.800443,169.586468
2019-08-23,2019,347.160564,509.158124,187.306538,523.84093,166.797321,165.485411
2019-08-26,2019,345.600665,501.275577,187.349152,519.872191,164.684752,163.074071
2019-08-27,2019,346.936471,511.185728,187.391776,523.126101,166.129565,164.83418
2019-08-28,2019,347.95093,504.672938,187.43441,525.578468,167.697341,166.471081
2019-08-29,2019,358.867943,527.548779,187.477053,552.730443,171.676553,170.484127
2019-08-30,2019,360.476242,541.424516,187.519706,556.663971,172.720029,171.804209
2019-09-02,2019,359.424872,531.836664,187.562368,553.963553,171.850751,170.308119
2019-09-03,2019,356.173368,523.454054,187.605041,545.775393,170.236864,168.794424
2019-09-04,2019,359.725831,528.153705,187.647723,554.558133,172.832745,171.381786
2019-09-05,2019,359.096033,523.317923,187.690414,552.909175,174.61229,173.265102
2019-09-06,2019,357.442644,515.302352,187.733116,548.70709,175.794099,174.479568
2019-09-09,2019,357.550438,516.540703,187.775827,548.897847,176.214222,174.831598
2019-09-10,2019,354.346137,512.297382,187.818548,540.827335,175.959757,174.585184
2019-09-11,2019,358.177256,525.139168,187.861279,550.305029,176.666793,175.57084
2019-09-12,2019,358.773447,522.892754,187.904019,551.713929,178.246524,176.644507
2019-09-13,2019,354.093914,512.001235,187.946769,539.963739,176.760723,175.271625
2019-09-16,2019,353.411951,525.837367,187.989529,538.184542,177.066422,175.658851
2019-09-17,2019,357.648598,545.357529,188.032298,548.673662,178.666646,177.348554
2019-09-18,2019,359.624688,541.067077,188.075077,553.524327,178.521482,177.119731
2019-09-19,2019,362.158344,545.337194,188.114332,559.772158,178.191873,176.785319
2019-09-20,2019,363.26309,544.03263,188.153596,562.455887,179.00821,177.348554
2019-09-23,2019,362.208098,543.415409,188.192867,559.752637,178.702511,177.38375
2019-09-24,2019,359.235743,540.245398,188.232147,552.266953,177.401154,176.010867
2019-09-25,2019,359.221719,538.554791,188.271435,552.160126,178.434383,176.802911
2019-09-26,2019,358.60709,542.224747,188.310731,550.555213,179.865534,178.527823
2019-09-27,2019,358.429116,546.961756,188.350035,550.039421,179.45395,178.193398
2019-09-30,2019,358.217726,549.520021,188.389347,549.440264,178.885247,177.788581
2019-10-01,2019,358.610187,547.678717,188.428668,550.34726,177.703438,176.116469
2019-10-02,2019,353.221539,537.895914,188.467997,536.834604,172.542416,170.99456
2019-10-03,2019,355.32728,529.771956,188.507334,542.014949,173.370707,171.997822
2019-10-04,2019,359.312537,540.777943,188.546679,551.883295,175.138297,173.705129
2019-10-07,2019,354.807477,527.03366,188.586032,540.574499,171.760236,170.378525
2019-10-08,2019,351.228094,529.042513,188.625394,531.574575,170.749209,169.234452
2019-10-09,2019,356.502751,537.702282,188.664764,544.658988,172.91472,171.610596
2019-10-10,2019,357.874257,533.959681,188.704142,548.007878,173.88476,172.631462
2019-10-11,2019,363.860073,544.578856,188.743528,562.866081,177.32601,175.958066
2019-10-14,2019,367.412124,553.6128,188.782923,571.653806,178.128684,176.626903
2019-10-15,2019,368.132629,552.459203,188.822326,573.378881,178.449754,177.031734
2019-10-16,2019,368.526629,552.165541,188.861737,574.289548,180.043147,178.475022
2019-10-17,2019,370.431145,560.744192,188.901156,578.967836,179.348065,177.858987
2019-10-18,2019,368.751018,557.574109,188.940583,574.705044,178.857922,177.330949
2019-10-21,2019,371.593059,572.072234,188.980019,581.72174,181.066129,179.531085
2019-10-22,2019,374.365071,577.800481,189.019463,588.563747,183.387051,181.713616
2019-10-23,2019,373.569328,576.212885,189.058915,586.506801,183.665426,181.995239
2019-10-24,2019,369.196452,573.295841,189.098375,575.527513,182.712464,181.291193
2019-10-25,2019,364.227239,566.36792,189.137844,563.060785,183.358019,181.942438
2019-10-28,2019,366.649564,567.272498,189.177321,569.03052,184.763552,182.963291
2019-10-29,2019,361.943453,555.282296,189.216806,557.220009,183.685919,182.171248
2019-10-30,2019,367.183415,560.268363,189.256299,570.217655,185.140979,183.561735
2019-10-31,2019,367.378456,566.621659,189.29223,570.638431,183.112093,181.696024
2019-11-01,2019,373.418508,577.36726,189.328167,585.63822,184.778922,183.526525
2019-11-04,2019,370.067204,575.570277,189.364111,577.213437,185.470588,184.160166
2019-11-05,2019,368.669318,572.906692,189.400062,573.66099,185.214415,184.230572
2019-11-06,2019,370.981403,569.148996,189.436019,579.362192,185.018016,183.667337
2019-11-07,2019,368.745658,551.61706,189.471984,573.719873,187.144248,185.35704
2019-11-08,2019,365.68728,538.364044,189.507955,566.025676,183.81059,181.995239
2019-11-11,2019,367.792496,554.508201,189.543933,571.210855,184.811371,183.473724
2019-11-12,2019,362.319631,550.488201,189.579918,557.494254,182.369193,180.323128
2019-11-13,2019,356.632703,547.402077,189.61591,543.243709,180.881685,180.18233
2019-11-14,2019,361.710269,560.314329,189.651908,555.842689,181.979811,180.49915
2019-11-18,2019,361.969153,550.552529,189.687914,556.42257,181.621169,179.531085
2019-11-19,2019,362.127567,554.683203,189.723926,556.751838,180.376171,179.460679
2019-11-21,2019,366.284941,562.3485,189.795971,566.989693,183.585158,182.171248
2019-11-22,2019,367.740906,565.815306,189.832004,570.555365,185.625999,184.107364
2019-11-25,2019,366.257331,561.580578,189.868043,566.789023,185.168304,183.491329
2019-11-26,2019,364.180752,553.744471,189.90409,561.543557,182.837135,182.065645
2019-11-27,2019,369.096677,561.155986,189.940143,573.739261,183.945508,182.488068
2019-11-28,2019,369.382402,568.138564,189.976203,574.38599,184.939457,183.720138
2019-11-29,2019,367.757257,562.799556,190.01227,570.266486,184.842111,183.667337
2019-12-02,2019,370.682623,562.976049,190.048344,577.497161,186.256183,184.476986
2019-12-03,2019,367.236744,560.652781,190.084425,568.836233,186.076863,184.811411
2019-12-04,2019,368.295899,556.634855,190.120512,571.412055,188.373876,186.747527
2019-12-05,2019,370.193415,563.086072,190.156606,576.078961,188.922085,187.345971
2019-12-06,2019,372.691192,563.480527,190.192708,582.243065,189.782825,188.208421
2019-12-09,2019,373.263941,563.106141,190.228816,583.605623,189.52836,187.926797
2019-12-10,2019,375.417639,564.511608,190.264931,588.911477,189.007476,187.592386
2019-12-11,2019,379.181817,568.290034,190.301053,598.23429,189.506158,187.891601
2019-12-12,2019,382.904149,575.772369,190.333573,607.459312,191.61702,189.827718
2019-12-13,2019,385.10329,571.673381,190.366099,612.885077,192.240373,190.637366
2019-12-16,2019,385.294008,575.439516,190.398631,613.301286,191.097843,189.598908
2019-12-17,2019,382.407828,576.800565,190.431168,606.042877,192.327471,190.813388
2019-12-18,2019,384.306734,588.613736,190.463711,610.719746,195.229052,193.893578
2019-12-19,2019,384.247167,590.256078,190.496259,610.511646,196.62263,195.055243
2019-12-20,2019,384.936628,596.957723,190.528813,612.171815,196.605552,195.090439
2019-12-23,2019,390.000322,600.292094,190.561373,624.742481,197.872752,196.551332
2019-12-26,2019,391.634776,610.654493,190.626508,628.700132,200.161226,198.557855
2019-12-27,2019,388.022126,604.798749,190.659084,619.629639,199.018697,197.431387
2019-12-30,2019,386.34267,598.017005,190.691666,615.381042,198.045241,195.776894
2020-01-03,2020,384.475428,604.09903,190.724253,610.985462,196.598814,195.02286
2020-01-06,2020,381.934014,598.422068,190.756846,603.539299,195.214186,192.949231
2020-01-07,2020,386.807503,600.297758,190.789445,617.567182,194.853414,192.349427
2020-01-08,2020,389.188686,591.935116,190.822049,624.377163,194.160265,191.852443
2020-01-09,2020,390.993916,595.634372,190.854658,629.519131,193.659194,191.355472
2020-01-10,2020,390.175931,598.785396,190.887273,627.064075,192.917607,190.704245
2020-01-13,2020,393.106494,611.066496,190.919894,635.465056,195.960783,193.78897
2020-01-14,2020,397.341965,609.389009,190.95252,647.645121,196.473546,194.200262
2020-01-15,2020,400.880808,610.065869,190.985152,657.807693,194.439195,192.246607
2020-01-16,2020,401.964924,604.192397,191.01779,660.86119,194.923564,192.537939
2020-01-17,2020,404.564245,606.254757,191.050433,668.302813,197.886568,195.536972
2020-01-20,2020,406.068203,608.822357,191.083081,672.572174,198.52794,196.068239
2020-01-21,2020,403.914046,590.978906,191.115736,666.247371,195.461381,193.052064
2020-01-22,2020,401.992417,618.573094,191.148395,660.595969,197.741258,195.536972
2020-01-23,2020,404.336902,608.882197,191.181061,667.299507,199.640319,197.439217
2020-01-24,2020,401.8467,601.987817,191.213732,660.001452,197.716204,195.365602
2020-01-27,2020,392.277523,582.087509,191.246408,632.202187,191.212294,189.007653
2020-01-28,2020,400.969317,579.561166,191.27909,657.28792,194.547761,192.45226
2020-01-29,2020,395.382881,568.253896,191.311778,641.022916,192.720519,190.018749
2020-01-30,2020,393.140365,552.385965,191.344471,634.442113,192.959363,190.550015
2020-01-31,2020,392.203472,534.127025,191.37717,631.642472,190.008051,186.625564
2020-02-03,2020,396.293679,541.204262,191.409874,643.401638,191.457819,189.230433
2020-02-04,2020,397.933937,537.096157,191.442584,648.06557,193.0078,190.584284
2020-02-05,2020,401.544233,539.586551,191.4753,658.434853,193.794483,191.543971
2020-02-06,2020,397.562365,532.823807,191.506198,646.82151,192.394823,190.13871
2020-02-07,2020,392.176831,521.224665,191.537102,631.143042,190.023083,187.396739
2020-02-10,2020,387.616591,515.001339,191.56801,617.854666,188.018797,186.437052
2020-02-11,2020,395.287839,532.897191,191.598923,639.989501,192.697136,190.738527
2020-02-12,2020,396.917962,543.553462,191.629842,644.628812,194.873457,192.70931
2020-02-13,2020,399.279267,542.438385,191.660765,651.385663,193.183175,190.053031
2020-02-14,2020,400.488812,538.802197,191.691693,654.806925,191.043599,188.64777
2020-02-17,2020,405.083502,538.799457,191.722627,668.031787,192.593581,189.88166
2020-02-18,2020,409.353534,538.881529,191.753565,680.316401,192.039062,190.464323
2020-02-19,2020,412.450359,538.839887,191.784508,689.203316,194.6129,192.075237
2020-02-20,2020,409.095783,528.107017,191.815457,679.406521,191.385998,188.85341
2020-02-21,2020,409.614667,526.003221,191.84641,680.827516,189.874432,187.56811
2020-02-26,2020,388.551774,490.745702,191.877368,619.746206,176.57432,174.629431
2020-02-27,2020,379.834829,474.183117,191.908331,594.419587,172.007886,170.002343
2020-02-28,2020,379.976283,482.058586,191.9393,594.747479,173.99213,172.401572
2020-03-02,2020,387.270565,491.642353,191.970273,615.790437,178.089226,176.497394
2020-03-03,2020,380.890479,487.943945,192.001251,597.231482,176.272006,174.372368
2020-03-04,2020,386.592169,484.030203,192.032234,613.662156,179.089699,176.685906
2020-03-05,2020,371.221543,443.925934,192.063223,569.065958,170.753537,169.299719
2020-03-06,2020,366.350235,427.422747,192.094216,554.876486,163.678405,161.776431
2020-03-09,2020,334.73826,361.850739,192.125214,463.244212,143.752454,141.725743
2020-03-10,2020,349.818248,392.218247,192.156217,506.835023,154.019413,151.888182
2020-03-11,2020,334.649695,370.439163,192.187225,462.82399,142.25592,140.628954
2020-03-12,2020,302.944759,292.467,192.218239,370.922454,121.230952,120.132705
2020-03-13,2020,324.141528,344.457935,192.249257,432.227839,138.092015,136.22466
2020-03-16,2020,297.504509,299.085612,192.28028,355.003309,118.867564,117.219364
2020-03-17,2020,304.127167,291.842408,192.311309,374.101051,124.628218,121.675068
2020-03-18,2020,286.927475,240.355786,192.342342,324.207636,111.730633,111.409809
2020-03-19,2020,289.599796,248.826165,192.369706,331.874607,114.130767,111.392668
2020-03-20,2020,291.163041,258.976988,192.397075,336.329608,112.021255,110.998503
2020-03-23,2020,289.262558,241.402441,192.424447,330.753409,106.177089,104.777656
2020-03-24,2020,298.539657,263.232297,192.451823,357.548233,116.464091,115.50563
2020-03-25,2020,307.438982,302.745451,192.479203,383.24899,125.194429,122.926099
2020-03-26,2020,312.008519,323.301036,192.506587,396.410378,129.794267,127.793095
2020-03-27,2020,307.42965,298.114905,192.533975,383.077347,122.643975,120.338358
2020-03-30,2020,310.743791,295.664072,192.561367,392.603001,124.666634,123.337391
2020-03-31,2020,307.933482,286.324444,192.588763,384.39182,121.960847,118.847405
2020-04-01,2020,304.764238,271.707226,192.616163,375.141131,118.531846,116.84234
2020-04-02,2020,300.994234,267.43426,192.643566,364.150588,120.679774,119.327248
2020-04-03,2020,298.40604,245.682107,192.670973,356.582636,116.145075,114.648764
2020-04-06,2020,306.227093,266.090552,192.698385,379.160561,123.719608,122.651895
2020-04-07,2020,305.601668,281.69934,192.7258,377.276901,127.536104,125.976542
2020-04-08,2020,308.776991,302.179154,192.753219,386.400457,131.322536,129.781032
2020-04-09,2020,308.922363,303.674687,192.780642,386.749059,129.747501,128.30722
2020-04-13,2020,313.014304,309.501107,192.808069,398.527181,131.674957,130.175184
2020-04-14,2020,314.490029,324.173347,192.8355,402.728554,133.482155,131.700405
2020-04-15,2020,314.788144,323.789084,192.862934,403.519478,131.666605,130.329426
2020-04-16,2020,313.042245,325.790731,192.890373,398.390787,129.964632,128.41004
2020-04-17,2020,313.920721,327.791422,192.917816,400.862455,131.932173,130.243734
2020-04-20,2020,316.334972,333.800635,192.945262,407.781824,131.903779,129.661071
2020-04-22,2020,321.778918,338.491329,192.972712,423.475383,134.766569,133.157076
2020-04-23,2020,321.023989,333.006969,193.000167,421.216567,133.072947,131.357664
2020-04-24,2020,313.967994,308.470984,193.027625,400.709426,125.820769,124.091438
2020-04-27,2020,322.866198,318.187447,193.055087,426.40672,130.677824,129.026985
2020-04-28,2020,332.761862,325.112074,193.082553,454.992717,135.810468,134.185326
2020-04-29,2020,335.028831,350.683996,193.110022,461.485482,138.915442,137.40714
2020-04-30,2020,337.362811,341.402668,193.137496,468.172306,134.464256,132.31735
2020-05-04,2020,330.125557,331.524482,193.164974,447.140176,131.741766,130.415105
2020-05-05,2020,330.023381,329.312472,193.192456,446.771705,132.735558,131.169152
2020-05-06,2020,329.319831,323.232361,193.219941,444.661608,132.055771,130.586476
2020-05-07,2020,331.427597,315.816335,193.241862,450.707962,130.477395,129.215497
2020-05-08,2020,329.735655,311.482879,193.263785,445.750096,134.058387,132.694374
2020-05-11,2020,332.779812,298.825183,193.285711,454.508291,132.057441,130.483656
2020-05-12,2020,333.845966,291.822876,193.307639,457.538046,130.064846,128.530001
2020-05-13,2020,334.728141,283.420324,193.32957,460.034979,129.897822,128.787064
2020-05-14,2020,335.225928,290.984465,193.351503,461.418693,131.967248,130.672168
2020-05-15,2020,330.953327,288.801593,193.373439,448.987033,129.538721,127.775954
2020-05-18,2020,331.160462,300.441716,193.395377,449.528986,135.61338,133.722611
2020-05-19,2020,332.069675,303.044503,193.417318,452.104196,134.858432,133.071397
2020-05-20,2020,331.435191,308.257849,193.439261,450.208749,135.82216,134.442376
2020-05-21,2020,329.354618,319.298383,193.461207,444.125325,138.674928,137.047258
2020-05-22,2020,329.166768,314.60445,193.483155,443.523348,137.248544,136.995848
2020-05-25,2020,330.86639,331.81892,193.505105,448.387612,143.077678,141.554372
2020-05-26,2020,331.540733,333.930555,193.527059,450.282589,142.753651,141.297309
2020-05-27,2020,337.88331,346.18934,193.549014,468.593154,146.890833,145.11894
2020-05-28,2020,336.832178,346.12316,193.570972,465.491025,145.225605,143.353797
2020-05-29,2020,336.967657,344.222986,193.592933,465.825399,145.983893,144.210664
2020-06-01,2020,339.307427,359.317751,193.614896,472.543541,148.016574,146.23287
2020-06-02,2020,341.842145,380.320945,193.636862,479.826259,152.068574,150.431511
2020-06-03,2020,344.596538,408.62628,193.65883,487.745166,155.335561,153.156354
2020-06-04,2020,347.944346,427.332352,193.6808,497.382635,156.716849,154.767254
2020-06-05,2020,348.07952,432.772836,193.702774,497.71609,158.066402,156.035427
2020-06-08,2020,357.883124,454.762199,193.724749,526.049972,163.090481,161.005243
2020-06-09,2020,354.08743,451.756999,193.746727,514.999353,161.590606,159.291509
2020-06-10,2020,349.616466,444.572957,193.768708,501.9931,158.148244,156.241066
2020-06-12,2020,348.804308,432.490189,193.790691,499.582995,154.989822,152.950701
2020-06-15,2020,347.990745,425.782119,193.812676,497.168811,154.289992,152.642229
2020-06-16,2020,350.555274,423.159274,193.834664,504.537803,156.219118,154.236001
2020-06-17,2020,352.297369,429.57081,193.856655,509.524967,159.586319,157.577776
2020-06-18,2020,354.655168,431.836486,193.87302,516.310103,160.551717,158.743115
2020-06-19,2020,354.140355,440.155345,193.889387,514.775955,161.298314,158.760256
2020-06-22,2020,351.082067,445.672897,193.905755,505.875727,159.233899,157.235035
2020-06-23,2020,350.916827,462.532097,193.922125,505.35396,160.301182,158.109042
2020-06-24,2020,351.019798,456.863771,193.938496,505.608945,157.63214,155.55557
2020-06-25,2020,351.135816,454.391877,193.954868,505.901714,160.314544,158.331823
2020-06-26,2020,346.540486,437.727883,193.971242,492.550093,156.7252,154.613025
2020-06-29,2020,348.587494,444.538851,193.987617,498.43513,159.900324,158.177593
2020-06-30,2020,347.425877,442.147709,194.003993,495.02777,158.766232,157.012254
2020-07-01,2020,347.67068,450.771585,194.020371,495.693492,160.681996,158.828807
2020-07-02,2020,346.126753,445.483902,194.03675,491.178928,160.735444,158.520335
2020-07-03,2020,348.411639,460.806633,194.053131,497.752863,161.62067,159.702815
2020-07-06,2020,351.665222,467.967882,194.069513,507.132208,165.248429,163.335921
2020-07-07,2020,357.150332,460.193603,194.085896,522.974201,163.284228,161.262305
2020-07-08,2020,356.238583,464.234347,194.102281,520.290452,166.639738,164.689772
2020-07-09,2020,353.113582,459.195419,194.118667,511.196972,165.620893,163.507305
2020-07-10,2020,355.630631,459.779066,194.135054,518.443246,167.077341,165.101064
2020-07-13,2020,352.198987,463.885927,194.151443,508.4617,164.847572,162.89036
2020-07-14,2020,351.669029,462.34224,194.167834,506.883629,167.758798,165.546639
2020-07-15,2020,356.787061,468.396187,194.184225,521.66252,170.015291,167.997278
2020-07-16,2020,356.425288,463.856956,194.200618,520.571516,167.947535,165.923662
2020-07-17,2020,364.383928,473.364466,194.217013,543.576992,171.847543,169.882382
2020-07-20,2020,368.319168,481.577883,194.233408,554.930423,174.416371,172.230201
2020-07-21,2020,369.229479,476.019234,194.249806,557.52345,174.222623,171.870319
2020-07-22,2020,370.731321,472.775545,194.266204,561.82959,174.189218,172.024549
2020-07-23,2020,367.583599,463.903147,194.282604,552.670271,170.853751,168.631364
2020-07-24,2020,365.355684,466.756694,194.299005,546.174771,171.002402,168.956964
2020-07-27,2020,367.164818,461.515598,194.315408,551.370837,174.501553,172.161651
2020-07-28,2020,368.008784,463.200893,194.331812,553.771707,173.886905,171.459027
2020-07-29,2020,364.787848,467.865778,194.348218,544.400343,176.385583,173.909666
2020-07-30,2020,365.626213,472.772857,194.364625,546.784986,175.39012,173.618321
2020-07-31,2020,362.955397,462.268256,194.381033,539.006796,171.887629,170.156586
2020-08-03,2020,363.8201,465.5366,194.397443,541.467707,171.750669,170.002343
2020-08-04,2020,360.245719,458.392911,194.413854,531.072726,169.054904,167.260372
2020-08-05,2020,360.340209,469.479032,194.430266,531.30304,171.703903,169.64246
2020-08-06,2020,362.340503,477.374163,194.444788,537.057685,173.915299,171.664666
2020-08-07,2020,360.492763,477.283933,194.459311,531.668159,171.660477,169.36827
2020-08-10,2020,363.380652,467.470818,194.473835,539.993332,172.776196,170.585019
2020-08-11,2020,364.120976,468.72328,194.488361,542.099009,170.654993,168.28861
2020-08-12,2020,367.734656,456.532459,194.502887,552.526119,170.561459,168.511403
2020-08-13,2020,365.04893,456.709801,194.517414,544.709716,167.793873,165.392409
2020-08-14,2020,369.047113,451.610485,194.531943,556.250363,169.283727,167.037592
2020-08-17,2020,370.872809,433.516776,194.546472,561.499339,166.347447,164.22707
2020-08-18,2020,374.570347,449.838132,194.561003,572.169295,170.472937,168.374301
2020-08-19,2020,379.313357,444.736267,194.575535,585.867007,168.450277,166.232135
2020-08-20,2020,381.131866,446.926121,194.590068,591.09516,169.475804,167.380333
2020-08-21,2020,381.83179,456.467856,194.604602,593.083814,169.564327,167.260372
2020-08-24,2020,385.477929,459.561812,194.619137,603.604903,170.862102,168.802735
2020-08-25,2020,385.655591,460.031933,194.633673,604.081041,170.561459,168.545672
2020-08-26,2020,385.35818,453.849575,194.64821,603.181337,168.071133,165.598049
2020-08-27,2020,385.172878,455.882372,194.662748,602.606304,168.066122,166.009354
2020-08-28,2020,386.193385,465.161668,194.677288,605.523373,170.603215,168.459993
2020-08-31,2020,383.674202,459.269765,194.691828,598.189256,165.969973,164.004276
2020-09-01,2020,382.438864,465.230261,194.70637,594.573236,170.644971,168.545672
2020-09-02,2020,385.276746,471.060896,194.720912,602.753537,170.21572,168.202931
2020-09-03,2020,381.710596,465.914383,194.735456,592.387325,168.228136,166.163584
2020-09-04,2020,381.528718,473.170709,194.750001,591.82219,169.09833,166.9519
2020-09-08,2020,380.179627,471.832511,194.764547,587.876724,167.107405,165.889393
2020-09-09,2020,380.779775,475.173959,194.779093,589.576385,169.181842,167.089001
2020-09-10,2020,381.6853,462.401426,194.793642,592.160434,165.078065,162.873219
2020-09-11,2020,377.430451,447.228576,194.808191,579.799689,164.289712,161.913532
2020-09-14,2020,383.071379,465.426073,194.822741,596.097781,167.483209,165.392409
2020-09-15,2020,386.515186,461.560375,194.837292,606.03286,167.521624,165.306717
2020-09-16,2020,385.820026,463.547177,194.851845,603.981206,166.482736,164.364172
2020-09-17,2020,384.527983,458.562267,194.866398,600.200935,167.187577,165.152487
2020-09-18,2020,381.448907,449.950799,194.880953,591.245292,164.167785,162.187723
2020-09-21,2020,378.633165,440.9092,194.895508,583.052281,161.998144,160.062697
2020-09-22,2020,377.592177,440.22113,194.910065,579.999072,162.504227,160.5254
2020-09-23,2020,372.637259,429.375561,194.924623,565.610856,159.900324,157.9548
2020-09-24,2020,374.459296,439.422953,194.939182,570.849159,162.033219,159.891327
2020-09-25,2020,374.425154,441.027147,194.953742,570.711837,162.011506,160.234068
2020-09-28,2020,367.299278,437.644329,194.968303,550.036369,158.114839,156.292476
2020-09-29,2020,364.527288,428.373978,194.982865,541.970048,156.300959,154.0989
2020-09-30,2020,366.091127,435.983519,194.997428,546.460582,158.009614,156.035427
2020-10-01,2020,368.297069,438.885045,195.011993,552.810685,159.472743,157.509238
2020-10-02,2020,364.418798,435.665374,195.026558,541.540491,157.029184,154.424513
2020-10-05,2020,366.026351,440.725786,195.041125,546.157612,160.491589,158.760256
2020-10-06,2020,364.144045,438.132391,195.055692,540.667863,159.699896,157.714878
2020-10-07,2020,362.989272,434.211348,195.070261,537.285094,159.551244,157.577776
2020-10-08,2020,365.0907,445.024867,195.084831,543.332502,163.549796,161.553637
2020-10-09,2020,362.017445,446.760463,195.099402,534.393675,162.819902,160.491131
2020-10-13,2020,366.259842,449.897641,195.113974,546.641471,164.523546,162.461927
2020-10-14,2020,370.597195,453.792811,195.128547,559.164261,165.911514,163.815764
2020-10-15,2020,371.76371,449.906718,195.143121,562.504088,165.443847,163.387331
2020-10-16,2020,371.349091,441.822048,195.157696,561.264839,164.199519,162.016352
2020-10-19,2020,370.480136,442.203324,195.172272,558.7098,164.782433,162.804668
2020-10-20,2020,371.783311,452.214987,195.18685,562.445394,167.925822,165.6666
2020-10-21,2020,371.177632,456.21772,195.201428,560.652814,167.945865,165.632331
2020-10-22,2020,371.949711,457.817342,195.216008,562.850311,170.227412,168.048688
2020-10-23,2020,368.775849,450.430049,195.230589,553.620092,169.128394,166.986182
2020-10-26,2020,369.350317,446.665572,195.24517,555.245291,168.722526,166.626299
2020-10-27,2020,366.340997,445.632568,195.259753,546.491592,166.365819,163.970007
2020-10-28,2020,359.185331,421.148386,195.274337,525.729788,159.289017,156.909421
2020-10-29,2020,358.434492,428.311384,195.288922,523.516798,161.315017,159.03446
2020-10-30,2020,354.132303,414.423857,195.303508,511.018854,156.922288,155.367072
2020-11-03,2020,355.389989,411.103394,195.318096,514.622683,159.653129,158.109042
2020-11-04,2020,360.029791,433.628199,195.332684,528.021348,163.36774,161.365138
2020-11-05,2020,367.237451,444.450682,195.347273,548.856699,168.316658,166.146443
2020-11-06,2020,368.292758,458.264368,195.361864,551.874415,168.358414,166.557748
2020-11-09,2020,373.842875,458.662486,195.376455,567.909404,173.559538,170.516468
2020-11-10,2020,376.468946,451.777047,195.391048,575.476154,175.961342,173.087068
2020-11-11,2020,377.496562,455.72223,195.405642,578.413668,174.593416,172.898556
2020-11-12,2020,374.446233,449.159159,195.420237,569.541174,170.656663,169.145476
2020-11-13,2020,376.349695,468.914992,195.434833,575.015188,174.560011,172.795737
2020-11-16,2020,379.792043,470.606807,195.44943,584.945922,177.76353,175.674809
2020-11-17,2020,381.207915,466.070112,195.464028,589.007839,179.098051,176.685906
2020-11-18,2020,384.162271,467.623258,195.478627,597.525307,177.852052,174.6637
2020-11-19,2020,383.14214,467.290457,195.493227,594.53239,177.90884,176.051833
2020-11-23,2020,385.817269,469.165235,195.522431,602.202634,179.348586,176.994378
2020-11-24,2020,388.198302,478.036598,195.537035,609.05971,183.368851,181.175892
2020-11-25,2020,388.520286,489.636761,195.551639,609.953636,183.948424,181.364403
2020-11-26,2020,391.043951,484.52935,195.566245,617.223778,184.105427,181.690004
2020-11-27,2020,391.709586,482.915687,195.580852,619.112933,184.68667,182.409782
2020-11-30,2020,389.516133,473.334829,195.59546,612.721974,181.868977,179.942002
2020-12-01,2020,389.412396,476.560098,195.610069,612.382972,185.956052,183.45516
2020-12-02,2020,391.843782,486.265493,195.624679,619.385857,186.756096,184.654768
2020-12-03,2020,392.8175,489.517488,195.63929,622.16723,188.60171,185.340264
2020-12-04,2020,392.000618,492.28587,195.653903,619.762903,189.876102,187.533841
2020-12-07,2020,394.212872,489.061712,195.668516,626.131156,189.780899,187.328188
2020-12-08,2020,392.694158,493.074302,195.68313,621.694271,189.690706,187.550982
2020-12-09,2020,390.998364,487.573644,195.697746,616.744545,188.272673,186.40277
2020-12-10,2020,391.512779,488.034398,195.712363,618.195732,192.064115,189.710276
2020-12-11,2020,394.177792,485.504662,195.72698,625.875195,192.616964,189.864519
2020-12-14,2020,392.423524,489.565368,195.741599,620.756117,192.035721,188.85341
2020-12-15,2020,392.471978,491.601835,195.756219,620.857841,193.991571,191.526843
2020-12-16,2020,395.6919,494.409811,195.77084,630.144351,196.999671,194.251672
2020-12-17,2020,394.188516,498.111973,195.785462,625.751841,197.350422,195.348461
2020-12-18,2020,393.989159,493.743092,195.800086,625.135876,196.552047,194.508735
2020-12-21,2020,388.945395,494.755444,195.81471,610.490182,193.77444,190.961307
2020-12-22,2020,391.906178,496.31987,195.829335,619.026193,194.328959,192.366568
2020-12-23,2020,393.46206,499.047212,195.843962,623.493516,196.84935,193.89179
2020-12-28,2020,394.197777,501.331036,195.873218,625.546955,198.843615,196.56521
2020-12-29,2020,395.510068,502.841108,195.887848,629.308809,199.551797,197.027925
2020-12-30,2020,395.55494,494.297726,195.902479,629.400132,199.269526,196.479531
2021-01-05,2021,394.524139,501.224116,195.917111,626.875408,200.387243,197.512829
2021-01-06,2021,398.64232,512.892509,195.931744,638.751084,201.44277,198.993874
2021-01-07,2021,395.190753,515.77555,195.946378,628.727028,204.980805,203.850323
2021-01-08,2021,397.63804,521.72868,195.961013,635.768702,210.226509,207.346276
2021-01-11,2021,395.681531,517.225821,195.97565,630.069933,206.411146,204.280859
2021-01-12,2021,400.541063,524.726853,195.990287,644.090369,208.412951,205.71023
2021-01-13,2021,405.083174,526.45303,196.004926,657.192484,205.121991,202.110953
2021-01-14,2021,405.547609,526.657261,196.019565,658.497641,207.54399,204.384184
2021-01-15,2021,402.248518,516.623807,196.034206,648.91469,202.536956,199.38996
2021-01-18,2021,401.621353,526.528436,196.048848,647.061775,203.780731,200.698794
2021-01-19,2021,405.724106,526.420295,196.063491,658.892791,202.824369,199.768834
2021-01-20,2021,401.607285,522.803341,196.078135,646.94409,201.202419,198.460001
2021-01-21,2021,398.459964,519.778339,196.09278,637.800208,199.076237,195.997332
2021-01-22,2021,398.369478,523.34386,196.107426,637.499926,196.939969,194.912386
2021-01-26,2021,394.941401,520.672398,196.136721,627.505288,195.74998,193.018029
2021-01-27,2021,392.382073,516.155467,196.151371,620.062492,194.771768,192.174168
2021-01-28,2021,394.28857,516.050942,196.166021,625.539587,200.540193,197.202842
2021-01-29,2021,394.399426,508.977234,196.180673,625.821786,194.981865,190.400361
2021-02-01,2021,397.25572,513.168103,196.195326,634.046696,197.264359,194.705724
2021-02-02,2021,401.20557,514.897723,196.20998,645.435328,198.724954,196.06622
2021-02-03,2021,401.752293,517.935466,196.224635,646.978506,201.230992,198.477226
2021-02-04,2021,402.036551,513.342471,196.239291,647.762356,200.451112,197.392279
2021-02-05,2021,403.511394,515.152618,196.253948,651.990636,201.567148,199.458848
2021-02-08,2021,402.208021,517.200864,196.268606,648.181368,200.87971,198.356676
2021-02-09,2021,405.269353,518.610207,196.283265,656.999449,200.733483,197.891703
2021-02-10,2021,402.827178,517.366176,196.297926,649.895555,199.054387,196.186769
2021-02-11,2021,405.916481,518.653041,196.312587,658.79455,200.407412,197.874477
2021-02-12,2021,409.923006,522.474985,196.32725,670.347123,200.207399,198.132802
2021-02-17,2021,423.455841,531.393286,196.341913,709.459869,202.35039,199.527735
2021-02-18,2021,415.360385,525.709978,196.356578,686.000687,200.247738,197.375054
2021-02-19,2021,413.937886,527.726254,196.371244,681.846761,199.588874,196.014558
2021-02-22,2021,407.247415,526.206835,196.385911,662.452277,189.369751,186.42221
2021-02-23,2021,410.183584,528.262546,196.400579,670.908229,193.670859,190.744798
2021-02-24,2021,410.78665,532.773963,196.415248,672.614376,194.412081,191.950294
2021-02-25,2021,403.607782,518.616503,196.429919,651.806921,188.677271,186.14666
2021-02-26,2021,397.700026,511.414802,196.44459,634.676868,184.944266,181.841297
2021-03-01,2021,397.90429,513.44853,196.459262,635.229245,185.448499,182.444059
2021-03-02,2021,399.471139,513.235606,196.473936,639.72366,187.473835,185.130601
2021-03-03,2021,402.641011,516.330346,196.48861,648.855715,186.875478,184.545078
2021-03-04,2021,406.836227,514.687756,196.503286,660.954143,189.406728,186.973296
2021-03-05,2021,411.101965,518.174466,196.517963,673.256596,193.628839,191.037559
2021-03-08,2021,409.072213,510.030607,196.532641,667.345821,185.914074,181.427986
2021-03-09,2021,417.75035,520.376442,196.54732,692.4136,187.122553,184.59674
2021-03-10,2021,411.677434,516.160036,196.562,674.805702,189.551275,187.07662
2021-03-11,2021,412.955037,518.272304,196.576681,678.463291,193.26243,190.210924
2021-03-12,2021,416.472242,522.491161,196.591364,688.60018,191.87747,189.179978
2021-03-15,2021,427.238612,531.085051,196.606047,719.709327,193.038887,190.330961
2021-03-16,2021,428.157001,533.510138,196.620732,722.327681,191.64048,188.944016
2021-03-17,2021,430.466164,535.235971,196.635417,728.969621,195.892846,193.137356
2021-03-18,2021,433.250948,536.292017,196.655826,736.972521,193.011994,190.294645
2021-03-19,2021,427.626136,526.805277,196.676237,720.645953,195.343232,192.587742
2021-03-22,2021,424.91661,521.523786,196.69665,712.753474,193.254026,190.531527
2021-03-23,2021,430.354297,523.130801,196.717065,728.43136,190.368133,187.68825
2021-03-24,2021,425.611045,517.985932,196.737482,714.655181,188.354562,185.702591
2021-03-25,2021,428.111513,519.476143,196.757902,721.835507,191.188352,188.493009
2021-03-26,2021,426.331935,523.081078,196.778323,716.6334,192.921232,190.205642
2021-03-29,2021,426.782735,521.17752,196.798747,717.883905,193.993568,191.261959
2021-03-30,2021,428.358131,525.943076,196.819173,722.387926,196.398759,193.633732
2021-03-31,2021,430.958212,527.418089,196.8396,729.856417,196.035712,193.270835
2021-04-01,2021,428.975791,524.191596,196.86003,724.067452,193.714559,190.98884
2021-04-05,2021,431.17264,531.146115,196.880462,730.369356,197.521518,194.747243
2021-04-06,2021,431.156126,532.507231,196.900897,730.267865,197.489583,194.71182
2021-04-07,2021,429.291942,529.734167,196.921333,724.820948,197.699681,194.916025
2021-04-08,2021,434.043125,535.02878,196.941772,738.512676,198.857736,195.894008
2021-04-09,2021,437.372231,538.758017,196.962212,748.090247,197.776996,194.619624
2021-04-12,2021,435.75803,537.929364,196.982655,743.366531,199.696443,197.013405
2021-04-13,2021,432.264044,537.603572,197.0031,733.20448,200.51162,197.478378
2021-04-14,2021,435.873219,540.570934,197.023547,743.592287,202.189035,199.079974
2021-04-15,2021,439.28468,545.090534,197.043996,753.408093,202.871431,200.113258
2021-04-16,2021,437.462185,541.686576,197.064447,748.081746,203.565591,200.56102
2021-04-19,2021,438.348591,539.584536,197.0849,750.592405,203.263051,200.354358
2021-04-20,2021,445.880114,538.774122,197.105356,772.327778,201.797414,198.873325
2021-04-22,2021,452.730733,545.97893,197.125813,792.093249,200.635997,197.960577
2021-04-23,2021,452.592584,550.6166,197.146273,791.639793,202.584018,199.717172
2021-04-26,2021,449.80188,551.167098,197.166735,783.512333,202.693268,199.682722
2021-04-27,2021,445.152198,548.627639,197.187199,770.006734,200.664571,197.667815
2021-04-28,2021,441.26328,546.890712,197.207665,758.702068,203.463064,200.457695
2021-04-29,2021,452.106614,550.810419,197.228133,790.018669,201.804137,198.597775
2021-04-30,2021,450.83928,548.938757,197.248603,786.298387,199.834267,197.013405
2021-05-03,2021,449.7585,547.637716,197.269076,783.117812,200.363712,197.495603
2021-05-04,2021,449.269565,544.830188,197.28955,781.649475,197.847589,195.067373
2021-05-05,2021,450.41683,547.570528,197.310027,784.914752,200.960387,198.305014
2021-05-06,2021,452.436291,549.84876,197.336208,790.688352,201.560425,198.787212
2021-05-07,2021,453.912873,547.755011,197.362392,794.891359,205.118629,202.283165
2021-05-10,2021,450.171781,539.488185,197.38858,783.99932,204.901809,201.732079
2021-05-11,2021,451.46982,538.547031,197.414772,787.685775,206.675028,203.436999
2021-05-12,2021,438.8652,529.222844,197.440967,751.151003,201.205781,198.511663
2021-05-13,2021,437.434681,528.421236,197.467165,746.943561,202.879834,199.837722
2021-05-14,2021,440.371084,529.130381,197.493367,755.369871,204.854747,201.904291
2021-05-17,2021,440.429061,531.354009,197.519573,755.468718,206.631328,203.746986
2021-05-18,2021,440.924008,534.862219,197.545782,756.831734,206.701921,203.540337
2021-05-19,2021,448.164577,533.68458,197.571994,777.710224,206.123733,203.23035
2021-05-20,2021,446.721768,532.087237,197.59821,773.467182,206.232984,203.058138
2021-05-21,2021,443.465602,530.837976,197.624429,763.977978,206.049779,203.23035
2021-05-24,2021,447.858802,537.20725,197.650652,776.618835,208.470098,205.383031
2021-05-25,2021,446.103719,535.723665,197.676878,771.472335,206.715367,203.901985
2021-05-26,2021,447.735587,536.060695,197.703108,776.124476,208.397824,205.348581
2021-05-27,2021,446.45048,535.890096,197.729341,772.337627,209.033158,205.951329
2021-05-28,2021,447.63124,541.171068,197.755578,775.684668,211.040005,207.897362
2021-05-31,2021,449.139457,542.132463,197.781818,779.979052,212.140914,208.810096
2021-06-01,2021,446.540315,540.569985,197.808062,772.390594,215.588187,212.392161
2021-06-02,2021,447.558301,536.485322,197.834309,775.266692,217.830343,214.69983
2021-06-04,2021,447.096635,537.752381,197.860559,773.86206,218.712751,215.354253
2021-06-07,2021,446.221385,535.989739,197.886814,771.260899,219.805256,216.559749
2021-06-08,2021,442.678694,533.271634,197.913071,760.942659,218.142968,214.768717
2021-06-09,2021,445.124419,536.628553,197.939332,767.949254,218.344661,215.061478
2021-06-10,2021,445.834056,534.251116,197.965597,769.933237,218.628712,215.268141
2021-06-11,2021,447.173423,537.94127,197.991865,773.739055,217.561419,214.372631
2021-06-14,2021,445.732753,534.532227,198.018136,769.502051,218.850575,215.526465
2021-06-15,2021,446.461764,533.882868,198.044411,771.542055,218.653924,215.578127
2021-06-16,2021,441.751987,527.396659,198.07069,757.847313,217.255518,213.92487
2021-06-17,2021,437.84542,522.114234,198.102653,746.461364,215.235224,211.978837
2021-06-18,2021,443.851443,530.996597,198.13462,763.753111,215.820134,212.288824
2021-06-21,2021,443.690237,530.625726,198.166593,763.202686,217.265602,213.942095
2021-06-22,2021,443.867548,530.210444,198.198572,763.631598,216.428576,213.236009
2021-06-23,2021,441.857922,529.89082,198.230555,757.733558,215.858792,212.75381
2021-06-24,2021,443.757543,532.77136,198.262543,763.145186,217.684116,214.45873
2021-06-25,2021,440.996998,527.287866,198.294537,755.074664,213.888922,210.962778
2021-06-28,2021,444.582268,530.221927,198.326536,765.362949,214.179696,210.876665
2021-06-29,2021,443.216985,534.916902,198.35854,761.328977,214.008257,210.635566
2021-06-30,2021,443.641294,533.261917,198.390549,762.472387,213.125849,209.774493
2021-07-01,2021,445.838341,535.600136,198.422563,768.744417,211.216487,207.914587
2021-07-02,2021,449.653022,544.711144,198.454583,779.696348,214.504086,211.444976
2021-07-05,2021,458.107521,553.570634,198.486607,804.07153,213.324181,210.050043
2021-07-06,2021,455.927869,550.978812,198.518637,797.681472,210.256763,207.174064
2021-07-07,2021,457.722161,557.77819,198.550672,802.788256,213.490578,210.583904
2021-07-08,2021,458.769243,554.327373,198.582712,805.733303,210.816462,207.794037
2021-07-12,2021,459.306896,559.35287,198.646808,807.12028,214.457024,211.444976
2021-07-13,2021,459.767676,560.958566,198.678863,808.36908,215.42179,212.374936
2021-07-14,2021,462.325083,559.659522,198.710924,815.683531,215.823496,212.633261
2021-07-15,2021,459.686002,559.8052,198.74299,807.964223,214.245247,211.479427
2021-07-16,2021,457.266252,553.068388,198.775061,800.879437,211.710635,208.637885
2021-07-19,2021,454.152584,549.920665,198.807138,791.787095,209.08022,206.209654
2021-07-20,2021,460.207705,553.785101,198.839219,809.220586,210.771081,207.690699
2021-07-21,2021,459.243087,554.416444,198.871306,806.345543,211.658531,208.586222
2021-07-22,2021,458.60527,553.115905,198.903398,804.415943,212.024941,209.120083
2021-07-23,2021,459.980429,553.997678,198.935495,808.309985,210.186171,207.001839
2021-07-26,2021,457.895825,552.282987,198.967597,802.194718,211.784589,208.723984
2021-07-27,2021,453.415105,548.836644,198.999704,789.14733,209.444948,206.244104
2021-07-28,2021,452.748689,553.210616,199.031817,787.134934,212.258568,209.15452
2021-07-29,2021,457.576365,558.265414,199.063935,801.01726,211.231614,207.914587
2021-07-30,2021,451.571686,553.120999,199.096058,783.560926,204.720285,201.680417
2021-08-02,2021,455.807951,559.142866,199.128186,795.732238,205.92204,202.524264
2021-08-03,2021,456.830567,559.438078,199.160319,798.60626,207.705344,204.470296
2021-08-04,2021,451.114296,555.84816,199.192458,781.984266,204.720285,201.422092
2021-08-05,2021,448.166061,552.41842,199.232157,773.350493,204.437914,201.37043
2021-08-06,2021,449.741312,554.335454,199.271864,777.803409,206.416189,203.626436
2021-08-09,2021,458.179742,558.449964,199.311579,802.111889,206.767471,203.454224
2021-08-10,2021,456.9632,558.112102,199.351301,798.487944,205.394276,202.472602
2021-08-11,2021,452.799367,553.51979,199.391032,786.337288,205.148883,201.938741
2021-08-12,2021,449.752809,550.222717,199.430771,777.418957,202.871431,199.54496
2021-08-13,2021,445.462583,545.69202,199.470517,764.902598,203.700053,200.733232
2021-08-16,2021,438.762375,536.268599,199.510272,745.413998,200.314969,197.409491
2021-08-17,2021,434.644857,532.593689,199.550034,733.397251,198.170298,195.205147
2021-08-18,2021,437.31133,531.015197,199.589804,741.006973,196.050839,192.983578
2021-08-19,2021,442.536123,533.880457,199.629583,756.018046,196.928204,194.344075
2021-08-20,2021,444.959813,535.98531,199.669369,762.925337,198.420734,195.721796
2021-08-23,2021,446.834044,535.17129,199.709163,768.242994,197.444202,194.688512
2021-08-24,2021,449.711941,538.434574,199.748965,776.464295,202.04785,199.131636
2021-08-25,2021,451.524196,540.109755,199.788775,781.602607,203.068081,200.009934
2021-08-26,2021,447.147318,536.823599,199.828593,768.835371,199.548535,196.445094
2021-08-27,2021,448.594098,539.371697,199.868419,772.916304,202.832773,200.078821
2021-08-30,2021,445.477922,535.886336,199.908252,763.796311,201.256204,198.184464
2021-08-31,2021,438.6597,526.573302,199.948094,743.96606,199.644339,196.462319
2021-09-01,2021,442.855727,526.627891,199.987944,756.000664,200.678017,197.702266
2021-09-02,2021,436.209629,521.527942,200.027801,736.668335,196.107985,193.138578
2021-09-03,2021,436.171258,521.768967,200.067667,736.452532,196.538264,193.035241
2021-09-06,2021,441.048699,523.602306,200.10754,750.458443,198.111471,195.429035
2021-09-08,2021,435.252779,520.012019,200.147422,733.585668,190.62193,187.851593
2021-09-09,2021,440.302715,528.717234,200.187311,748.090576,193.896083,192.036407
2021-09-10,2021,443.996739,528.474934,200.227209,758.67273,192.089248,189.229302
2021-09-13,2021,438.795571,528.966776,200.267114,743.520544,195.649133,193.086916
2021-09-14,2021,443.847839,534.107739,200.307027,758.032137,195.27432,192.363605
2021-09-15,2021,447.875122,540.726099,200.346948,769.578364,193.395211,190.607023
2021-09-16,2021,447.028415,535.959908,200.386877,767.02383,191.262306,188.471567
2021-09-17,2021,440.422192,527.484154,200.426815,747.806655,187.304077,184.510628
2021-09-20,2021,433.347028,521.561696,200.46676,727.232783,182.942461,180.429139
2021-09-21,2021,437.376286,524.888431,200.506713,738.78464,185.305633,182.151284
2021-09-22,2021,444.334408,533.223761,200.546674,758.809857,188.720971,185.974448
2021-09-23,2021,450.112205,536.869044,200.594177,775.400495,191.716115,188.747103
2021-09-24,2021,450.67578,534.699652,200.641692,776.906048,190.403429,187.765481
2021-09-27,2021,455.106365,531.562256,200.689218,789.599065,190.907662,187.524382
2021-09-28,2021,451.794925,525.215189,200.736755,779.893913,185.093855,182.254622
2021-09-29,2021,459.082284,525.808655,200.784304,800.851684,186.746059,183.976767
2021-09-30,2021,459.595769,526.556326,200.831863,802.212206,186.530919,183.391231
2021-10-01,2021,463.005352,530.296086,200.879434,811.951283,189.759691,186.835521
2021-10-04,2021,458.651772,522.26088,200.927017,799.23104,185.545984,182.85737
2021-10-05,2021,457.057584,515.843363,200.97461,794.493852,185.655235,182.754045
2021-10-06,2021,457.766919,518.013904,201.022215,796.420861,185.826674,183.184582
2021-10-07,2021,459.773628,521.076816,201.069831,802.101224,185.868693,183.270681
2021-10-08,2021,462.15024,524.339025,201.117459,808.851705,189.647079,186.663309
2021-10-11,2021,467.74619,527.978561,201.165097,824.915893,188.549532,185.561137
2021-10-13,2021,472.603902,532.475438,201.212747,838.844287,190.694203,188.12713
2021-10-14,2021,481.217527,536.909487,201.260409,863.638728,190.238713,187.662156
2021-10-15,2021,478.157262,535.138757,201.308081,854.659884,192.697689,189.814838
2021-10-18,2021,479.540984,538.477804,201.355765,858.53773,192.327918,189.349851
2021-10-19,2021,476.906065,535.941661,201.40346,850.789377,186.016602,183.925105
2021-10-20,2021,474.126297,536.679705,201.451167,842.621939,186.206529,183.804555
2021-10-21,2021,470.526505,532.310632,201.498884,832.082094,181.07848,178.500345
2021-10-22,2021,463.624147,525.413493,201.546613,811.987698,178.659842,176.227114
2021-10-25,2021,466.411239,529.866508,201.594354,819.925427,182.725641,180.050278
2021-10-26,2021,460.401923,523.816062,201.642105,802.414597,178.868258,176.089339
2021-10-27,2021,464.90395,523.022223,201.689868,815.313674,178.772454,176.347663
2021-10-28,2021,462.266538,518.426894,201.748875,807.528377,177.666503,173.265022
2021-10-29,2021,462.625503,509.965578,201.807898,808.411729,173.962071,171.663427
2021-11-01,2021,459.092463,511.12755,201.866939,798.035234,177.407663,174.832167
2021-11-03,2021,467.150688,516.517979,201.925998,821.192913,177.518595,175.658803
2021-11-04,2021,469.847682,515.907954,201.985073,828.840186,173.812482,171.611764
2021-11-05,2021,476.303374,523.24049,202.044166,847.36155,176.185739,173.609446
2021-11-08,2021,480.845062,524.511077,202.103276,860.345541,176.113465,173.643896
2021-11-09,2021,483.151667,523.83099,202.162403,866.863261,177.380771,174.608293
2021-11-10,2021,481.201138,523.758709,202.221548,861.064793,178.108547,175.69324
2021-11-11,2021,480.145102,523.485531,202.28071,857.854101,181.061672,178.328133
2021-11-12,2021,476.193037,516.25131,202.339889,846.26498,178.686734,175.882677
2021-11-16,2021,468.400426,510.099659,202.399086,823.564885,175.654613,172.834486
2021-11-17,2021,461.598544,507.081368,202.458299,803.730985,173.027559,170.922904
2021-11-18,2021,463.018468,504.989324,202.517531,807.683209,172.319952,169.889619
2021-11-19,2021,464.073072,508.967755,202.576779,810.578494,173.178829,170.957341
2021-11-22,2021,456.559444,504.28005,202.636045,788.685335,171.64428,169.183533
2021-11-23,2021,462.417843,506.63185,202.695328,805.478193,174.234357,172.214512
2021-11-24,2021,462.505305,508.035905,202.754629,805.575343,175.664698,173.351135
2021-11-25,2021,465.884827,514.7022,202.813947,815.196573,177.844665,175.641578
2021-11-26,2021,457.85649,507.449082,202.873282,791.814147,171.815719,169.441858
2021-11-29,2021,459.4661,507.995536,202.932635,796.314825,172.807377,170.509593
2021-11-30,2021,455.335572,505.311371,202.992004,784.208898,171.296359,169.37297
2021-12-01,2021,449.010193,507.958337,203.051392,765.753093,169.380274,167.203064
2021-12-02,2021,453.227077,511.647166,203.110797,777.796632,175.584021,172.955035
2021-12-03,2021,445.588785,508.947684,203.170219,755.5424,176.59921,174.487744
2021-12-06,2021,450.911455,516.083812,203.229658,770.784952,179.606119,177.380948
2021-12-07,2021,452.29347,520.267594,203.289115,774.62691,180.780982,178.465895
2021-12-08,2021,465.105168,529.302243,203.348589,811.535572,181.68524,179.447517
2021-12-09,2021,460.687122,530.310639,203.419251,798.568159,178.651438,175.899902
2021-12-10,2021,458.922866,526.615254,203.489937,793.278249,181.117137,178.63812
2021-12-13,2021,459.677354,527.568096,203.560648,795.275154,180.486846,178.24202
2021-12-14,2021,461.906589,522.132446,203.631383,801.538522,179.439722,176.864299
2021-12-15,2021,465.420366,527.317979,203.702143,811.518082,180.464996,177.725372
2021-12-16,2021,461.973044,527.851712,203.772927,801.358705,181.88021,179.809179
2021-12-17,2021,465.422556,525.761139,203.843736,811.152216,180.180945,177.55316
2021-12-20,2021,461.966661,520.819741,203.91457,800.967907,176.515171,173.936658
2021-12-21,2021,462.279406,521.98107,203.985428,801.686434,177.321944,174.659955
2021-12-22,2021,455.095099,521.196052,204.056311,780.715479,176.891665,174.677181
2021-12-23,2021,458.51706,520.022171,204.127219,790.429023,176.298351,173.678333
2021-12-27,2021,458.205188,520.811769,204.269108,789.153779,177.374048,174.969942
2021-12-28,2021,459.467048,520.384347,204.340089,792.617827,176.25297,174.039982
2021-12-29,2021,463.676213,523.178035,204.411095,804.608539,174.980622,172.645049
2021-12-30,2021,459.919066,523.340351,204.482126,793.552173,176.182377,173.592234
2022-01-04,2022,456.86944,516.563435,204.553181,785.126169,175.490681,172.966863
2022-01-05,2022,444.24638,493.763899,204.624262,745.300399,171.238787,168.676129
2022-01-06,2022,443.056067,489.444114,204.695367,741.340469,172.179696,169.978983
2022-01-07,2022,447.401698,494.234767,204.766496,754.747395,174.142892,171.455548
2022-01-10,2022,448.611567,492.205304,204.83765,758.316971,172.830704,170.986527
2022-01-11,2022,457.779557,500.727732,204.90883,786.852067,175.939944,173.887544
2022-01-12,2022,463.408047,514.078692,204.980033,804.283239,179.172944,177.031774
2022-01-13,2022,458.680638,510.09485,205.051262,789.226618,178.908472,176.406403
2022-01-14,2022,459.007735,504.133239,205.122515,790.026519,181.278547,179.046847
2022-01-17,2022,457.412907,500.689954,205.193793,784.797027,180.878449,178.195653
2022-01-18,2022,454.955324,491.738469,205.265096,776.86089,180.590242,178.664675
2022-01-19,2022,456.604732,494.141233,205.336423,781.808806,183.117984,180.749249
2022-01-20,2022,456.036754,495.956749,205.407776,779.80043,184.964201,182.225814
2022-01-21,2022,449.092146,486.675674,205.479153,757.787714,184.692948,181.878378
2022-01-24,2022,449.98829,493.617999,205.550555,760.372311,182.675502,180.801361
2022-01-25,2022,450.966304,497.86959,205.621982,763.213666,186.223833,184.709922
2022-01-26,2022,450.899524,492.958914,205.693433,762.777298,189.153368,186.551284
2022-01-27,2022,451.37395,492.257682,205.76491,764.038677,190.411305,187.958362
2022-01-28,2022,449.744538,497.305766,205.836411,758.699984,188.992312,186.881345
2022-01-31,2022,449.72947,502.190682,205.907937,758.425605,190.535065,187.576203
2022-02-01,2022,457.502798,517.680155,205.979488,782.584293,191.821822,189.608652
2022-02-02,2022,451.578334,509.2023,206.051064,763.771262,190.150224,187.072431
2022-02-03,2022,445.556494,492.618941,206.13383,744.617217,189.361894,187.211392
2022-02-04,2022,450.79319,502.763672,206.21663,760.782463,190.292632,187.645677
2022-02-07,2022,454.946392,507.43544,206.299463,773.548553,189.870494,187.124543
2022-02-08,2022,451.170274,507.960369,206.38233,761.439294,190.273983,188.010487
2022-02-09,2022,449.617168,507.073826,206.465229,756.303789,190.658824,188.010487
2022-02-10,2022,454.542752,515.574816,206.548162,771.492618,192.181233,189.521789
2022-02-11,2022,444.331375,503.055574,206.631129,739.194851,192.542339,189.886587
2022-02-14,2022,444.326324,506.29991,206.714128,738.915466,192.940742,190.251384
2022-02-15,2022,445.564793,502.50743,206.797161,742.53705,194.386861,192.127497
2022-02-16,2022,444.287635,500.061599,206.880227,738.266697,195.270129,192.422807
2022-02-17,2022,440.205849,498.171789,206.963327,725.19778,192.467744,189.521789
2022-02-18,2022,436.850674,491.263617,207.04646,714.408223,191.179291,188.496884
2022-02-21,2022,433.05041,481.146979,207.129626,702.222265,189.411059,186.655508
2022-02-22,2022,436.073502,489.167703,207.212826,711.441895,191.389512,189.348078
2022-02-23,2022,430.850001,484.283178,207.296059,694.790854,189.890838,186.881345
2022-02-24,2022,432.550687,494.330675,207.379326,699.861729,189.18558,186.707634
2022-02-25,2022,435.74913,492.93996,207.462626,709.631138,191.813346,189.174367
2022-03-02,2022,458.092379,521.304174,207.54596,779.460033,195.258262,192.996066
2022-03-03,2022,461.260973,521.682827,207.629327,789.135591,195.244699,192.857092
2022-03-04,2022,467.68038,522.634832,207.712727,809.009241,194.071529,191.780074
2022-03-07,2022,463.065863,515.214033,207.796162,794.26802,189.187275,186.064888
2022-03-08,2022,461.437435,515.076313,207.879629,788.894416,188.526095,186.377573
2022-03-09,2022,464.820403,521.79867,207.96313,799.242066,193.098408,190.703044
2022-03-10,2022,465.767464,525.726102,208.046665,801.947875,192.696614,190.042936
2022-03-11,2022,457.912423,511.403537,208.130233,777.04031,189.390715,187.089793
2022-03-14,2022,448.380956,504.082822,208.213835,746.873485,186.364546,184.20615
2022-03-15,2022,443.940971,498.579188,208.29747,732.679154,184.721768,182.225814
2022-03-16,2022,448.996955,506.684294,208.381139,748.274724,188.37182,186.117
2022-03-17,2022,454.415654,520.171898,208.472283,764.984444,191.701454,189.052768
2022-03-18,2022,460.021826,530.504035,208.563467,782.282164,195.490522,192.353333
2022-03-21,2022,459.490349,529.749275,208.65469,780.325205,196.921383,194.455269
2022-03-22,2022,465.62909,533.232386,208.745954,799.293404,198.81507,196.470343
2022-03-23,2022,463.322352,531.168791,208.837257,791.766979,199.128707,196.12292
2022-03-24,2022,469.494053,537.483131,208.9286,810.838325,201.834458,199.319248
2022-03-25,2022,465.777752,532.441973,209.019984,798.889674,201.881927,199.336624
2022-03-28,2022,469.929715,532.370192,209.111407,811.624603,201.300428,198.919714
2022-03-29,2022,473.433954,541.741601,209.20287,822.327414,203.463673,201.073762
2022-03-30,2022,475.206802,544.277761,209.294373,827.598515,203.880725,201.334335
2022-03-31,2022,470.54708,538.137945,209.385917,812.68973,203.438243,200.813188
2022-04-01,2022,473.866816,539.651948,209.4775,822.813353,206.101611,203.592607
2022-04-04,2022,478.350947,543.559939,209.569123,836.589695,205.609964,202.897762
2022-04-05,2022,489.032791,552.004209,209.660787,869.808892,201.549642,198.919714
2022-04-06,2022,478.258842,543.78418,209.75249,835.718526,200.435808,197.807947
2022-04-07,2022,473.270411,536.706245,209.844234,819.777906,201.510649,199.162912
2022-04-08,2022,475.703096,536.281719,209.936018,827.118104,200.59517,197.999033
2022-04-11,2022,478.667654,536.197696,210.027842,836.126726,198.274259,195.549661
2022-04-12,2022,476.430859,529.089728,210.119706,828.817942,196.907821,194.159945
2022-04-13,2022,468.464018,521.539361,210.21161,803.533177,197.984357,195.462799
2022-04-14,2022,464.492173,515.738562,210.303554,790.781074,196.967157,193.951497
2022-04-18,2022,468.657892,518.604184,210.395539,803.557375,196.127968,193.621437
2022-04-19,2022,474.607834,530.305909,210.487564,821.930869,195.059908,192.683381
2022-04-20,2022,469.529868,528.735364,210.579629,805.708348,193.851136,191.172079
2022-04-22,2022,458.565664,512.603235,210.671735,771.01985,188.314179,185.439517
2022-04-25,2022,461.607475,522.128187,210.76388,780.269802,187.647913,185.456892
2022-04-26,2022,455.377022,518.637774,210.856066,760.431403,183.45705,181.148783
2022-04-27,2022,462.108628,530.383107,210.948293,781.256437,185.382948,183.302831
2022-04-28,2022,465.499885,534.38995,211.040559,791.602259,186.349288,183.893465
2022-04-29,2022,460.45761,527.035054,211.132866,775.490933,182.885723,179.620106
2022-05-02,2022,458.810332,525.242133,211.225214,770.030002,180.788596,178.438852
2022-05-03,2022,464.805082,532.796469,211.317601,788.542915,180.600414,178.438852
2022-05-04,2022,472.88974,542.895437,211.41003,813.611993,183.679139,181.322494
2022-05-05,2022,463.644031,524.370143,211.509982,784.289711,178.525327,176.319541
2022-05-06,2022,463.358173,516.419093,211.609982,783.075419,178.238816,175.850519
2022-05-09,2022,454.218954,498.25729,211.710029,754.086909,175.043113,173.157949
2022-05-10,2022,453.930571,502.27743,211.810123,752.864397,174.805767,172.393604
2022-05-11,2022,457.030342,508.737582,211.910265,762.270786,176.98766,174.825601
2022-05-12,2022,457.885693,510.598235,212.010454,764.636006,179.176335,177.257597
2022-05-13,2022,466.413884,528.266681,212.110691,791.071711,181.271766,179.42902
2022-05-16,2022,462.692073,536.573925,212.210974,779.077516,183.490957,181.357244
2022-05-17,2022,463.916129,535.122128,212.311306,782.59896,184.433562,182.225814
2022-05-18,2022,455.889477,524.116035,212.411684,757.099653,180.124026,177.552907
2022-05-19,2022,460.971356,534.323063,212.512111,772.723255,181.409088,179.064222
2022-05-20,2022,464.784753,542.245178,212.612584,784.367322,183.923267,181.808904
2022-05-23,2022,468.136946,540.236521,212.713105,794.564385,187.073195,185.456892
2022-05-24,2022,468.021005,542.912517,212.813674,793.881339,187.471598,185.248431
2022-05-25,2022,468.487049,545.128844,212.91429,795.023899,187.469903,185.283181
2022-05-26,2022,466.322599,538.555202,213.014954,787.91413,189.690789,187.645677
2022-05-27,2022,467.019558,536.04819,213.115665,789.780798,189.778946,187.437229
2022-05-30,2022,465.826745,539.214551,213.216424,785.718868,188.236193,185.734827
2022-05-31,2022,465.569059,547.199751,213.317231,784.590395,188.777004,186.186487
2022-06-01,2022,470.622643,556.102304,213.418085,800.123874,188.792262,186.690259
2022-06-02,2022,476.284456,564.692454,213.518987,817.565289,190.543541,188.35791
2022-06-03,2022,472.224555,555.304089,213.619936,804.508349,188.354867,186.707634
2022-06-06,2022,470.559823,549.595822,213.720934,798.965198,186.801942,184.866258
2022-06-07,2022,466.495519,541.535923,213.821979,785.894143,186.605283,184.397237
2022-06-08,2022,463.434118,537.431951,213.923072,775.969163,183.719827,181.704667
2022-06-09,2022,457.564933,530.942241,214.024213,757.235674,181.559973,180.106503
2022-06-10,2022,456.674401,529.836738,214.125401,754.120675,178.825401,176.875424
2022-06-13,2022,448.472907,513.584794,214.226637,728.070144,173.937756,172.185156
2022-06-14,2022,443.33149,501.250854,214.327922,711.619297,173.030753,170.864927
2022-06-15,2022,447.125384,506.983673,214.429254,723.199454,174.292081,172.636803
2022-06-17,2022,439.298882,501.138187,214.534403,698.312896,169.236598,167.130077
2022-06-20,2022,440.426924,491.832188,214.639605,701.517665,169.284068,167.269052
2022-06-21,2022,442.699551,495.332091,214.744857,708.312976,168.999252,167.460138
2022-06-22,2022,438.585994,487.840972,214.850162,695.073885,168.722913,166.817392
2022-06-23,2022,436.834123,485.545451,214.955518,689.243527,166.278243,164.437521
2022-06-24,2022,442.345275,491.819276,215.060926,706.197991,167.28188,165.844599
2022-06-27,2022,450.295969,504.707169,215.166385,730.805434,170.828516,169.110414
2022-06-28,2022,445.308673,502.074966,215.271896,714.824659,170.535223,168.58928
2022-06-29,2022,442.043684,490.254206,215.377459,704.246808,168.892446,166.76528
2022-06-30,2022,440.554469,478.100966,215.483074,699.239612,167.061486,165.028141
2022-07-01,2022,445.856727,486.293991,215.58874,715.537931,167.759964,166.122534
2022-07-04,2022,444.234931,480.282747,215.694458,710.114486,167.175074,165.375564
2022-07-05,2022,439.780544,472.44082,215.800229,695.804691,166.642739,164.680719
2022-07-06,2022,443.162271,475.636839,215.906051,706.077574,167.36156,165.757736
2022-07-07,2022,448.154796,484.720037,216.011924,721.403564,170.770875,169.162526
2022-07-08,2022,445.325345,480.461414,216.11785,712.190897,170.023233,168.293957
2022-07-11,2022,443.601048,473.503529,216.223828,706.445068,166.502027,164.680719
2022-07-12,2022,446.691923,474.875594,216.329858,715.804853,166.602051,164.85443
2022-07-13,2022,443.937284,468.597417,216.435939,706.826386,165.940871,164.176947
2022-07-14,2022,439.013978,459.555283,216.542073,691.044382,162.957086,160.772158
2022-07-15,2022,443.01743,457.04887,216.648259,703.266538,163.686079,162.022886
2022-07-18,2022,443.914215,459.278652,216.754496,705.742534,164.304875,162.196611
2022-07-19,2022,448.224469,472.803966,216.860786,718.926838,166.557973,164.506995
2022-07-20,2022,450.941187,482.463366,216.967128,727.111857,166.629177,164.941279
2022-07-21,2022,451.573345,483.823275,217.073523,728.757189,167.893895,165.636137
2022-07-22,2022,451.813825,484.039028,217.179969,729.173618,167.710799,165.757736
2022-07-25,2022,452.675996,485.930925,217.286467,731.5402,169.991022,168.068134
2022-07-26,2022,451.943017,479.833208,217.393018,728.902435,169.146746,167.025853
2022-07-27,2022,455.206045,491.40598,217.499621,738.800467,171.97117,169.944246
2022-07-28,2022,456.356314,487.917984,217.606276,742.07035,173.936061,172.150406
2022-07-29,2022,456.459883,490.887932,217.712984,742.056443,174.89901,172.497842
2022-08-01,2022,449.221578,480.876541,217.819744,719.010015,173.305397,171.21235
2022-08-02,2022,456.531493,486.065276,217.926556,741.60296,175.232991,172.897376
2022-08-03,2022,456.139026,490.367457,218.033421,740.032428,175.933163,174.061256
2022-08-04,2022,457.873266,492.198541,218.144156,745.121345,179.522183,178.021942
2022-08-05,2022,456.877421,492.9416,218.254947,741.645473,180.505476,178.473588
2022-08-08,2022,460.96602,498.596297,218.365794,754.119946,183.777468,182.052102
2022-08-09,2022,461.947111,498.60114,218.476698,756.845609,184.199606,182.486387
2022-08-10,2022,464.70115,509.37787,218.587658,765.133043,186.886708,185.109456
2022-08-11,2022,463.920889,510.066707,218.698674,762.332773,186.008526,183.928202
2022-08-12,2022,468.469756,532.198801,218.809747,776.250446,191.17251,188.722707
2022-08-15,2022,468.736109,539.682524,218.920876,776.733172,191.626859,189.295966
2022-08-16,2022,455.943953,530.552839,219.032061,736.249583,192.440619,190.668307
2022-08-17,2022,452.309764,529.509565,219.143303,724.495476,192.772904,191.067841
2022-08-18,2022,452.060297,529.869945,219.254602,723.359474,192.950914,190.980992
2022-08-19,2022,450.490668,522.359744,219.365957,718.081784,189.022828,186.794483
2022-08-22,2022,448.146699,520.573598,219.477368,710.374712,187.335972,185.40478
2022-08-23,2022,456.304541,529.6409,219.588837,735.612925,191.330176,189.521789
2022-08-24,2022,447.753197,528.697695,219.700361,708.432205,191.399684,189.660764
2022-08-25,2022,452.164208,535.206022,219.811943,721.91579,192.474525,190.390358
2022-08-26,2022,447.327059,532.316418,219.923581,706.386592,190.38418,188.236311
2022-08-29,2022,446.969045,537.163949,220.035276,704.908807,190.424868,188.305798
2022-08-30,2022,445.31607,531.645306,220.147027,699.368389,187.217298,184.831521
2022-08-31,2022,447.585791,544.649334,220.258835,706.133769,185.677936,183.841353
2022-09-01,2022,448.689344,555.142799,220.3707,709.240557,187.17322,185.161568
2022-09-02,2022,450.762699,556.502881,220.482622,715.38955,187.951377,186.030138
2022-09-05,2022,448.626236,551.96074,220.594601,708.33165,190.221428,188.392647
2022-09-06,2022,447.163144,544.011308,220.706637,703.386018,186.086511,184.049801
2022-09-08,2022,452.713519,546.233225,220.818729,720.442307,186.344202,184.449349
2022-09-09,2022,454.755327,550.806945,220.930879,726.491611,190.385875,188.305798
2022-09-12,2022,453.383929,546.527432,221.043085,721.83309,192.262609,190.112423
2022-09-13,2022,448.963599,528.69298,221.155348,707.609519,187.832704,185.839065
2022-09-14,2022,447.868304,528.963455,221.267669,703.816806,187.413957,185.439517
2022-09-15,2022,447.284434,535.005669,221.380046,701.628317,186.408625,184.327749
2022-09-16,2022,445.104753,533.249937,221.492481,694.43339,185.26597,183.441805
2022-09-19,2022,451.988371,536.822386,221.604972,715.670957,189.578897,187.993112
2022-09-20,2022,449.878929,527.245472,221.717521,708.696015,190.753763,189.087505
2022-09-21,2022,448.280971,523.460982,221.830127,703.325482,189.768774,187.888888
2022-09-22,2022,450.677846,523.985917,221.94279,710.487043,193.386614,191.31104
2022-09-23,2022,448.564255,520.823037,222.05551,703.498543,189.395801,187.332991
2022-09-26,2022,444.062094,505.02505,222.168288,689.016625,184.984545,182.625348
2022-09-27,2022,443.039322,505.725025,222.281123,685.449793,183.733389,181.843641
2022-09-28,2022,444.502391,505.972956,222.394015,689.681163,183.860539,182.086839
2022-09-29,2022,442.755126,502.426033,222.506964,683.841145,182.526312,180.314964
2022-09-30,2022,447.007334,506.92764,222.619971,696.822019,186.549337,184.935745
2022-10-03,2022,452.498343,527.237371,222.733035,713.688983,196.885781,195.254351
2022-10-04,2022,453.217244,518.910716,222.846157,715.585082,197.048533,195.167489
2022-10-05,2022,453.448718,519.381173,222.959336,715.951877,198.689615,196.852515
2022-10-06,2022,453.942959,518.346254,223.072573,717.142825,199.305021,197.113089
2022-10-07,2022,453.773249,518.029287,223.185867,716.250691,197.294357,195.914459
2022-10-10,2022,455.438708,523.717679,223.299218,721.115528,196.558582,194.698467
2022-10-11,2022,457.282862,526.107561,223.412628,726.540766,194.669981,192.631269
2022-10-13,2022,458.389658,529.842555,223.526094,729.652641,193.776541,191.536876
2022-10-14,2022,454.756278,523.99187,223.639619,717.893823,189.999339,187.993112
2022-10-17,2022,455.703736,530.394451,223.753201,720.505472,192.630496,190.911505
2022-10-18,2022,459.888822,541.304971,223.866841,733.273767,196.222906,194.455269
2022-10-19,2022,458.12189,542.756006,223.980538,727.369674,197.123128,195.167489
2022-10-20,2022,460.637481,543.883755,224.094293,734.900194,198.643841,196.12292
2022-10-21,2022,466.884583,558.362073,224.208106,754.136737,203.319569,202.255016
2022-10-24,2022,466.333496,552.369429,224.321977,752.046349,196.680646,194.802691
2022-10-25,2022,462.971429,542.090724,224.435906,741.13739,194.329219,191.919049
2022-10-26,2022,459.879279,533.542589,224.549892,731.075009,191.17251,188.965906
2022-10-27,2022,463.908596,542.833082,224.663937,743.353354,194.354649,191.085216
2022-10-28,2022,460.312912,541.620805,224.778039,731.710958,194.181726,196.296631
2022-10-31,2022,460.986808,545.159557,224.892199,733.462572,196.721334,194.820067
2022-11-01,2022,467.906771,562.928037,225.006418,754.808675,198.233571,195.966571
2022-11-03,2022,471.225761,574.158347,225.120694,764.857901,198.177625,196.470343
2022-11-04,2022,476.008534,573.604786,225.235028,779.499009,200.312049,198.03377
2022-11-07,2022,470.460097,561.270148,225.349421,761.729669,195.543078,193.204527
2022-11-08,2022,472.881817,562.128306,225.463871,768.963496,196.92986,195.08064
2022-11-09,2022,473.257868,561.120629,225.57838,769.779628,192.555901,190.650932
2022-11-10,2022,466.925037,535.57345,225.692946,749.548993,186.10516,184.310374
2022-11-11,2022,477.230719,542.270332,225.807571,781.515217,190.306195,188.566371
2022-11-14,2022,478.747679,549.260443,225.922254,785.909967,191.845557,189.764988
2022-11-16,2022,476.479391,533.231612,226.036996,778.429744,186.898576,184.20615
2022-11-17,2022,473.118864,516.794286,226.151795,767.52285,185.983096,183.598155
2022-11-18,2022,472.671176,516.933334,226.266653,765.753703,184.587837,182.138951
2022-11-21,2022,478.301228,525.259505,226.38157,783.050979,186.059386,184.275637
2022-11-22,2022,479.438641,520.012271,226.496544,786.254117,184.854004,182.521124
2022-11-23,2022,479.086291,519.705817,226.611577,784.7835,184.253857,182.816434
2022-11-24,2022,481.511371,528.675601,226.726669,792.025835,189.590764,187.958362
2022-11-25,2022,481.53021,521.534701,226.841819,791.719312,184.752284,182.521124
2022-11-28,2022,482.054625,514.232842,226.957027,792.998654,184.421694,182.660098
2022-11-29,2022,494.207786,530.974133,227.072294,830.758607,188.029363,186.377573
2022-11-30,2022,496.23541,532.051398,227.18762,836.753331,190.701207,188.618483
2022-12-01,2022,492.000119,524.272373,227.303004,823.10034,188.056488,185.978026
2022-12-02,2022,494.739441,531.70045,227.418446,831.327376,189.74843,187.524078
2022-12-05,2022,489.355407,523.112613,227.533948,814.070265,185.471106,183.493917
2022-12-06,2022,494.805732,528.180426,227.649508,830.801675,185.694889,185.422142
2022-12-07,2022,494.139924,523.867095,227.765126,828.345842,185.403292,183.42443
2022-12-08,2022,490.268839,511.427097,227.880804,815.834479,181.815968,179.915416
2022-12-09,2022,491.36384,510.170658,227.99654,818.902144,182.568696,180.488675
2022-12-12,2022,487.848365,498.631208,228.112335,807.506001,178.457514,176.840687
2022-12-13,2022,485.617096,493.639179,228.228188,800.138382,176.131517,174.23498
2022-12-14,2022,486.884586,493.182689,228.344101,803.746608,175.980632,174.929825
2022-12-15,2022,483.899026,503.398112,228.460072,794.01231,175.870436,174.582402
2022-12-16,2022,481.302095,486.897225,228.576103,785.497004,174.322597,172.671553
2022-12-19,2022,482.961813,494.506547,228.692192,790.335135,177.213139,176.093717
2022-12-20,2022,486.940812,503.717537,228.80834,802.448946,181.365009,179.88068
2022-12-21,2022,484.877993,498.405772,228.924547,795.608652,181.931251,180.436563
2022-12-22,2022,483.416508,501.011067,229.040813,790.654629,181.938032,180.540787
2022-12-23,2022,479.772155,508.167021,229.157139,778.852494,185.974619,184.136663
2022-12-26,2022,480.756628,510.037189,229.273523,781.571362,184.3471,182.660098
2022-12-27,2022,483.975753,507.502552,229.389966,791.300419,183.684225,182.225814
2022-12-28,2022,484.254348,511.91922,229.506469,791.80449,186.888404,185.526379
2022-12-29,2022,482.061892,506.825944,229.623031,784.556382,186.539165,184.049801
2023-01-03,2023,476.589608,488.239141,229.739652,769.219546,182.663746,180.194145
2023-01-04,2023,474.765233,488.681421,229.856332,763.494869,184.711931,182.776536
2023-01-05,2023,476.311577,491.993206,229.973072,767.744301,188.541757,186.990867
2023-01-06,2023,478.314087,501.903803,230.08987,773.343406,190.85298,189.196673
2023-01-09,2023,478.474486,503.848187,230.206728,773.491365,191.538631,188.92767
2023-01-10,2023,485.125352,510.586634,230.323646,792.845058,194.493418,192.209473
2023-01-11,2023,485.909232,519.471181,230.440622,794.837625,195.985718,195.65267
2023-01-12,2023,486.44066,522.249809,230.557659,796.082994,196.185626,194.146277
2023-01-13,2023,484.961239,518.980371,230.674754,791.377911,194.500433,192.514337
2023-01-16,2023,483.246202,513.618671,230.791909,785.97545,191.51408,189.142875
2023-01-17,2023,484.576253,520.128372,230.909124,789.583522,195.417557,193.321345
2023-01-18,2023,487.873932,524.012713,231.026398,799.013822,197.193936,194.27181
2023-01-19,2023,493.664676,530.997934,231.143732,815.821169,198.165422,195.670607
2023-01-20,2023,498.089925,534.195455,231.261125,828.58772,196.929145,194.487001
2023-01-23,2023,500.098276,538.370386,231.378578,834.20228,195.891024,193.500676
2023-01-24,2023,506.144869,543.215071,231.496091,851.766209,198.204,196.244474
2023-01-25,2023,507.127222,557.237991,231.613663,854.344409,200.250432,198.432342
2023-01-26,2023,512.06295,557.64722,231.731295,868.620851,200.099624,198.01987
2023-01-27,2023,509.638323,555.94264,231.848986,861.117146,197.281616,194.397342
2023-01-30,2023,510.475808,559.329233,231.966738,863.26617,196.204916,194.935334
2023-01-31,2023,515.775211,561.116236,232.084549,878.618258,199.087806,196.979733
2023-02-01,2023,512.981257,547.765537,232.20242,870.021177,196.932653,194.397342
2023-02-02,2023,511.15938,541.173217,232.320351,864.300399,192.780168,190.631345
2023-02-03,2023,506.26112,538.797818,232.438342,849.476147,190.24624,188.066878
2023-02-06,2023,503.231577,541.525805,232.556393,840.181438,190.186618,188.748339
2023-02-07,2023,501.635809,543.847759,232.674504,835.129231,189.246697,186.686003
2023-02-08,2023,505.130682,548.706456,232.792674,845.140541,192.687228,190.703066
2023-02-09,2023,501.34762,530.972589,232.910905,833.615595,189.006457,187.295744
2023-02-10,2023,504.070058,542.427378,233.029196,841.340861,189.650022,187.851673
2023-02-13,2023,506.674991,544.41761,233.147547,848.718253,190.870515,189.142875
2023-02-14,2023,500.430915,541.430278,233.265958,829.910431,188.789012,187.277807
2023-02-15,2023,506.53521,548.753996,233.384429,847.642426,191.915651,190.183012
2023-02-16,2023,498.820167,546.151003,233.50296,824.481539,192.72756,190.990006
2023-02-17,2023,498.640907,542.576839,233.621552,823.619572,191.671903,189.304268
2023-02-22,2023,492.087966,537.003658,233.740203,803.897117,187.899946,185.789337
2023-02-23,2023,492.812995,539.070835,233.858915,805.710686,188.895981,186.775675
2023-02-24,2023,487.699517,527.418529,233.977688,790.247401,185.657113,183.601468
2023-02-27,2023,486.570052,526.194439,234.09652,786.573013,185.373032,183.440074
2023-02-28,2023,484.777503,517.016446,234.215413,780.936328,184.006991,181.395675
2023-03-01,2023,483.583721,511.266803,234.334366,777.071283,183.047781,181.485334
2023-03-02,2023,486.592204,521.457508,234.45338,785.640961,181.190736,179.225743
2023-03-03,2023,485.98346,519.777923,234.572454,783.506761,182.137671,180.086536
2023-03-06,2023,488.520378,526.413537,234.691589,790.680697,183.60016,181.969541
2023-03-07,2023,484.874632,521.259348,234.810784,779.559384,182.772468,180.947342
2023-03-08,2023,491.486674,525.947431,234.93004,798.791656,186.826753,185.107875
2023-03-09,2023,491.042314,521.157188,235.049356,797.143206,184.250739,182.130935
2023-03-10,2023,486.846246,514.0139,235.168733,784.392933,181.702783,179.709937
2023-03-13,2023,484.507507,503.793214,235.28817,777.138499,180.831252,178.938804
2023-03-14,2023,481.435446,503.144188,235.407669,767.713926,180.499825,178.580142
2023-03-15,2023,482.434931,490.847335,235.527227,770.337269,180.049154,178.239405
2023-03-16,2023,480.77847,490.34458,235.646847,765.101251,181.381877,179.333339
2023-03-17,2023,482.786625,483.128195,235.766527,770.709005,178.83392,177.037875
2023-03-20,2023,484.353471,476.804278,235.886268,775.010713,176.976876,175.208667
2023-03-21,2023,475.782176,475.967622,236.00607,749.312545,177.108395,175.62114
2023-03-22,2023,475.223789,477.34769,236.125933,747.325151,175.74586,174.007137
2023-03-23,2023,464.505122,470.3765,236.245857,715.272368,171.721387,169.613475
2023-03-24,2023,476.406117,482.355497,236.365841,750.153105,173.304873,171.90894
2023-03-27,2023,480.163772,484.318061,236.485887,760.936771,174.779636,173.128407
2023-03-28,2023,485.416167,491.325334,236.605993,776.143342,177.436315,175.80047
2023-03-29,2023,479.261694,485.00063,236.726161,757.595753,178.502493,176.733011
2023-03-30,2023,484.111061,485.027587,236.846389,771.609385,181.869373,180.176208
2023-03-31,2023,477.358841,477.60235,236.966679,751.292668,178.658562,176.625402
2023-04-03,2023,472.590324,473.39667,237.087029,736.845741,177.999215,176.284678
2023-04-04,2023,475.107341,485.056054,237.207441,743.95722,178.635766,176.661276
2023-04-05,2023,470.219585,479.653926,237.327914,729.157112,177.073323,175.083134
2023-04-06,2023,472.19258,491.037425,237.448448,734.658436,176.799764,175.011399
2023-04-10,2023,473.635822,494.890753,237.569043,738.592002,178.597187,176.930279
2023-04-11,2023,482.251856,506.060639,237.6897,763.750355,186.255085,184.551946
2023-04-12,2023,481.378698,509.572513,237.810418,760.829134,187.440507,185.341003
2023-04-13,2023,481.819335,505.99883,237.931197,761.795381,186.682959,184.587806
2023-04-14,2023,479.129026,505.9756,238.052038,753.496696,186.369067,184.785074
2023-04-17,2023,477.361345,501.63699,238.172939,747.927984,185.907875,184.193271
2023-04-18,2023,471.893524,497.274983,238.293903,731.410039,186.165652,184.175334
2023-04-19,2023,461.72538,488.00715,238.414927,700.983228,182.22009,180.194145
2023-04-20,2023,464.602859,489.929717,238.536014,709.159459,183.016216,181.126672
2023-04-24,2023,460.410635,486.946181,238.657161,696.41561,182.279711,180.445211
2023-04-25,2023,455.238596,483.558682,238.77837,680.772224,181.004856,179.189869
2023-04-26,2023,454.872382,483.181455,238.899641,679.34955,179.412603,177.557943
2023-04-27,2023,456.254929,480.759174,239.020974,683.101454,180.484042,178.49047
2023-04-28,2023,461.245397,484.564443,239.142367,697.529359,183.130199,180.947342
2023-05-02,2023,452.421295,476.070362,239.263823,671.078487,178.737473,176.625402
2023-05-03,2023,450.74132,469.778087,239.38534,665.767584,178.509508,176.82267
2023-05-04,2023,451.741885,465.074545,239.506919,668.388477,179.170608,177.450334
2023-05-05,2023,462.321387,475.912157,239.62856,699.354165,184.385765,182.758612
2023-05-08,2023,460.208347,476.069954,239.750263,692.761263,185.953468,183.798735
2023-05-09,2023,461.914717,481.801982,239.872027,697.470179,187.833309,186.148011
2023-05-10,2023,465.027894,482.254647,239.993853,706.341797,188.419006,186.452875
2023-05-11,2023,468.549351,483.959523,240.115741,716.42138,189.835901,187.977206
2023-05-12,2023,471.973751,484.064235,240.237691,726.213587,190.200647,188.389678
2023-05-15,2023,476.559774,467.00515,240.359703,739.442974,191.191421,189.142875
2023-05-16,2023,474.09188,468.572361,240.481777,731.798991,189.727179,187.636468
2023-05-17,2023,482.423599,473.158303,240.603913,756.111894,191.947216,190.111277
2023-05-18,2023,491.843096,470.433814,240.726111,783.643461,193.083537,191.438339
2023-05-19,2023,491.438336,470.749552,240.848371,782.103963,194.20057,192.173613
2023-05-22,2023,491.999248,471.208209,240.970693,783.421802,193.267664,191.079678
2023-05-23,2023,486.272353,468.750602,241.093077,766.133261,192.769646,190.882411
2023-05-24,2023,479.986088,469.755501,241.215524,747.189319,190.789851,188.7842
2023-05-25,2023,487.278986,476.560852,241.338032,768.427213,192.988844,191.079678
2023-05-26,2023,495.849212,483.274675,241.460603,793.444664,194.482897,192.801277
2023-05-29,2023,495.459946,484.074401,241.583236,791.949971,193.478094,191.4742
2023-05-30,2023,489.691895,476.542442,241.705931,774.538776,191.082699,188.981468
2023-05-31,2023,490.543135,470.884583,241.828689,776.714505,189.974434,188.013066
2023-06-01,2023,495.737007,470.264901,241.951509,791.740317,193.884925,192.245334
2023-06-02,2023,499.641174,477.724359,242.074391,802.949594,197.379816,195.5092
2023-06-05,2023,501.561714,481.605872,242.197336,808.288961,197.621811,195.724405
2023-06-06,2023,506.625325,483.622907,242.320343,822.928792,200.978169,199.185539
2023-06-07,2023,509.486164,484.094915,242.443413,831.050241,202.517815,200.458804
2023-06-09,2023,511.743242,487.434079,242.566545,837.384931,205.202551,203.023272
2023-06-12,2023,514.085924,483.084303,242.68974,843.972754,205.758437,203.794405
2023-06-13,2023,505.226562,479.074831,242.812997,817.41251,204.718562,202.539078
2023-06-14,2023,512.92679,484.907604,242.936317,839.853464,208.797396,206.430608
2023-06-15,2023,515.142563,486.405095,243.059699,846.06523,209.063941,206.950676
2023-06-16,2023,514.504053,485.118272,243.183144,843.830727,208.252032,206.054009
2023-06-19,2023,518.946889,486.220168,243.306652,856.632229,210.180974,208.259802
2023-06-20,2023,521.077863,485.657002,243.430223,862.592538,209.767128,207.703873
2023-06-21,2023,521.634959,490.186635,243.553856,863.895421,211.166487,208.510867
2023-06-22,2023,519.550183,487.780654,243.677552,857.380583,208.560663,206.69961
2023-06-23,2023,522.426383,490.957352,243.801311,865.54556,208.636067,206.789269
2023-06-26,2023,517.718017,481.11263,243.925133,851.266922,207.348937,205.193203
2023-06-27,2023,517.260555,479.550482,244.049018,849.566931,206.086357,204.027534
2023-06-28,2023,516.546824,483.518371,244.172965,847.10844,204.60984,202.700471
2023-06-29,2023,523.503401,491.134023,244.296976,867.346928,207.594438,206.071947
2023-06-30,2023,527.672134,495.279663,244.421049,879.335753,207.075378,204.74487
2023-07-03,2023,530.091482,503.597689,244.545186,886.147807,209.856561,207.919078
2023-07-04,2023,534.609674,505.947606,244.669386,899.170358,208.809671,206.663736
2023-07-05,2023,537.535953,507.426821,244.793648,907.482116,209.639116,207.739733
2023-07-06,2023,531.300263,500.534397,244.917974,888.682575,205.916259,203.794405
2023-07-07,2023,532.290312,505.280619,245.042363,891.264493,208.497534,206.574078
2023-07-10,2023,526.149007,501.568141,245.166815,872.743893,206.821108,204.619337
2023-07-11,2023,525.017491,501.089994,245.29133,869.047551,205.555021,204.081345
2023-07-12,2023,525.104739,499.934284,245.415909,868.957468,206.337119,204.135143
2023-07-13,2023,528.735943,504.984333,245.540551,879.354102,209.139345,207.273477
2023-07-14,2023,524.615644,498.380162,245.665256,866.813143,206.41603,204.368272
2023-07-17,2023,527.428699,500.418996,245.790024,874.788445,207.306851,205.713272
2023-07-18,2023,529.217437,499.9807,245.914856,879.732522,206.643996,204.350334
2023-07-19,2023,529.146266,501.105435,246.039752,879.172774,206.137211,203.991673
2023-07-20,2023,528.044352,505.562708,246.16471,875.562788,207.068363,205.049733
2023-07-21,2023,531.58952,514.541,246.289732,885.703773,210.81051,208.744009
2023-07-24,2023,533.672367,520.766772,246.414818,891.517434,212.783291,210.842206
2023-07-25,2023,535.645036,518.718528,246.539967,897.004893,213.951177,211.577479
2023-07-26,2023,533.183066,520.961122,246.66518,889.369662,214.919155,212.940403
2023-07-27,2023,531.032339,513.84537,246.790456,882.655252,210.412446,208.098408
2023-07-28,2023,532.258904,519.188752,246.915796,885.934386,210.757902,208.959201
2023-07-31,2023,538.764368,519.237448,247.0412,904.834094,213.837194,211.523668
2023-08-01,2023,541.533449,521.844919,247.166667,912.677322,212.618454,210.752534
2023-08-02,2023,544.130746,522.988451,247.292198,920.012044,211.93631,209.837944
2023-08-03,2023,546.536188,527.233013,247.413463,926.790978,211.457582,209.299938
2023-08-04,2023,546.283719,528.935662,247.534787,925.704738,209.567219,207.416947
2023-08-07,2023,544.94835,534.369318,247.65617,921.413927,209.342761,207.327274
2023-08-08,2023,547.273775,533.261225,247.777614,927.955583,208.834222,206.717534
2023-08-09,2023,549.60292,536.082796,247.899116,934.508083,207.640031,205.695334
2023-08-10,2023,548.493087,536.960746,248.020679,930.884156,207.53657,205.35461
2023-08-11,2023,544.321763,536.229279,248.1423,918.200826,207.036799,204.88834
2023-08-14,2023,541.341056,539.19649,248.263982,909.040476,204.836052,203.202602
2023-08-15,2023,541.205578,533.169577,248.385723,908.299256,203.715512,201.516878
2023-08-16,2023,542.087029,531.73351,248.507524,910.567059,202.700188,200.620211
2023-08-17,2023,534.899552,516.190811,248.629385,888.957983,201.630502,199.705608
2023-08-18,2023,542.303171,522.244677,248.751305,910.525153,202.379282,200.315334
2023-08-21,2023,543.162403,520.956789,248.873285,912.726706,200.66077,198.683408
2023-08-22,2023,550.683275,526.520475,248.995325,934.640508,203.689209,201.588613
2023-08-23,2023,556.02747,534.608003,249.117425,950.11315,207.15955,204.978012
2023-08-24,2023,556.938864,535.310643,249.239585,952.468553,205.214826,203.184679
2023-08-25,2023,551.128033,532.139498,249.361805,934.932099,203.129816,201.122343
2023-08-28,2023,551.683343,534.731939,249.484084,936.23348,205.381416,203.54334
2023-08-29,2023,555.451857,539.271555,249.606424,947.042865,207.631264,205.551878
2023-08-30,2023,550.464995,535.017205,249.728823,931.944108,206.1074,204.260676
2023-08-31,2023,541.214493,529.025278,249.851283,904.228674,202.963225,201.409269
2023-09-01,2023,550.421751,539.156745,249.973802,931.131308,206.735183,204.529679
2023-09-04,2023,551.144828,541.377614,250.096382,932.92829,206.531767,204.691072
2023-09-05,2023,548.502079,539.895423,250.219022,924.76531,205.749669,203.758545
2023-09-06,2023,544.681792,533.232065,250.341721,913.117718,203.389346,201.301673
2023-09-08,2023,544.708235,533.869845,250.464482,912.852789,202.210938,200.243613
2023-09-11,2023,547.989004,542.573709,250.587302,922.217548,204.964064,203.507479
2023-09-12,2023,554.254334,550.584649,250.710182,940.413733,206.866701,204.834542
2023-09-13,2023,552.849132,548.837904,250.833123,935.911928,207.231447,205.264938
2023-09-14,2023,557.819978,548.162381,250.956124,950.277277,209.363804,207.2914
2023-09-15,2023,555.634664,546.777911,251.079185,943.46671,208.252032,206.08987
2023-09-18,2023,553.8745,545.944172,251.202307,937.914035,207.427848,205.605676
2023-09-19,2023,552.194053,543.625021,251.325489,932.597083,206.652764,204.619337
2023-09-20,2023,555.372168,548.797968,251.448732,941.656896,208.141556,206.287138
2023-09-21,2023,549.445015,537.185346,251.567614,923.785563,203.669919,201.929337
2023-09-22,2023,547.275168,535.076041,251.686553,917.03229,203.431432,201.947274
2023-09-25,2023,544.918039,535.191667,251.805548,909.724678,203.284131,201.875539
2023-09-26,2023,538.609732,529.554214,251.924599,890.725,200.246925,198.432342
2023-09-27,2023,538.524033,529.864218,252.043706,890.138445,200.481905,198.522001
2023-09-28,2023,545.738085,535.569223,252.16287,911.152378,202.943936,201.17614
2023-09-29,2023,548.854522,534.051664,252.28209,920.040926,204.406424,202.915676
2023-10-02,2023,544.280063,533.61329,252.401367,906.171239,201.762021,199.938736
2023-10-03,2023,538.555922,528.499825,252.520699,888.899375,198.889651,196.943872
2023-10-04,2023,542.141052,526.424539,252.640089,899.174357,199.219325,197.589474
2023-10-05,2023,540.446347,521.841662,252.759534,893.82566,198.652918,196.81834
2023-10-06,2023,540.37168,523.300866,252.879037,893.270645,200.206592,198.45028
2023-10-09,2023,544.430235,530.817262,252.998595,904.946061,201.935625,200.387069
2023-10-10,2023,550.038366,534.487089,253.11821,921.206663,204.70804,202.879802
2023-10-11,2023,546.867959,532.692206,253.237882,911.490588,205.258666,203.54334
2023-10-13,2023,539.959688,526.763737,253.357611,890.71367,202.984268,200.960935
2023-10-16,2023,539.644503,530.868381,253.477395,889.446151,204.352063,202.539078
2023-10-17,2023,535.327783,526.606805,253.597237,876.337556,203.25432,201.463067
2023-10-18,2023,527.357171,527.145055,253.717135,852.416597,200.013698,197.930211
2023-10-19,2023,526.18956,526.47138,253.83709,848.626194,199.915498,198.34267
2023-10-20,2023,525.698502,521.752747,253.957102,846.837617,198.426705,196.370006
2023-10-23,2023,531.696548,522.053525,254.07717,864.250743,197.77788,196.101004
2023-10-24,2023,535.263021,524.218309,254.197295,874.468461,199.49113,197.697069
2023-10-25,2023,526.182282,518.09155,254.317477,847.261739,197.856791,196.101004
2023-10-26,2023,531.109949,523.944483,254.437716,861.507039,201.271017,199.777343
2023-10-27,2023,525.711206,514.704867,254.558012,845.195369,198.682729,196.99767
2023-10-30,2023,521.721027,504.294108,254.678364,833.051612,197.334223,195.401605
2023-10-31,2023,527.308037,510.024242,254.798774,849.247493,198.407416,196.585211
2023-11-01,2023,525.572771,513.836909,254.91924,843.775916,201.755006,200.064269
2023-11-03,2023,534.243881,522.323255,255.035261,869.110202,207.203389,205.785007
2023-11-06,2023,530.352944,521.485512,255.151335,857.272071,207.776811,205.892602
2023-11-07,2023,541.015363,526.711013,255.267462,888.498531,209.146359,207.43487
2023-11-08,2023,540.626676,523.609313,255.383642,887.02359,208.850004,207.165867
2023-11-09,2023,539.740588,515.893954,255.499875,884.076645,208.697442,206.556141
2023-11-10,2023,549.709911,521.46653,255.616161,913.251727,211.545261,209.837944
2023-11-13,2023,548.190293,520.965209,255.732499,908.429813,211.08933,209.497206
2023-11-14,2023,556.814055,531.746141,255.848891,933.622959,216.265907,214.500608
2023-11-16,2023,558.104451,534.746389,255.965335,937.115839,218.454379,216.921605
2023-11-17,2023,554.081006,532.916474,256.081833,924.884421,219.30662,217.369939
2023-11-20,2023,556.922009,538.477367,256.198383,932.9654,221.118072,219.235007
2023-11-21,2023,553.291316,537.361338,256.314987,921.895876,220.262323,218.356278
2023-11-22,2023,552.541932,536.213916,256.431644,919.352265,221.012857,219.055676
2023-11-23,2023,554.848322,537.425931,256.548353,925.850828,221.961545,220.275144
2023-11-24,2023,547.319882,531.368857,256.665116,903.247061,220.14834,218.176947
2023-11-27,2023,549.658288,527.998493,256.781932,909.840063,220.395596,218.679078
2023-11-28,2023,556.622711,532.502319,256.898801,930.121733,221.894909,220.077876
2023-11-29,2023,556.570555,528.493073,257.015724,929.640544,221.128593,219.270868
2023-11-30,2023,562.19764,532.132557,257.132699,945.96461,223.285501,221.602207
2023-12-01,2023,564.231865,529.79752,257.249728,951.656917,224.639267,222.588545
2023-12-04,2023,554.980829,521.701595,257.36681,923.954937,222.359609,220.508272
2023-12-05,2023,558.101914,521.048344,257.483946,932.863068,222.534967,220.597944
2023-12-06,2023,556.666592,519.105076,257.601134,928.288216,220.290381,218.284543
2023-12-07,2023,557.675262,525.698048,257.718376,930.945216,220.969017,219.306742
2023-12-08,2023,563.933388,530.170406,257.835672,949.135695,222.869901,221.135936
2023-12-11,2023,566.234157,529.326902,257.95302,955.615837,222.557764,220.777275
2023-12-12,2023,567.333295,530.758709,258.070422,958.540094,221.658175,219.862671
2023-12-13,2023,576.60959,537.012973,258.187878,985.66117,227.027647,226.175212
2023-12-14,2023,584.266461,547.416494,258.300807,1008.002874,229.442331,227.538136
2023-12-15,2023,580.935918,542.10184,258.413785,997.831658,228.31127,226.462138
2023-12-18,2023,581.373467,547.791817,258.526813,998.810436,229.866698,228.237535
2023-12-19,2023,582.560567,559.161846,258.63989,1002.007071,231.211697,229.636346
2023-12-20,2023,581.551843,553.962332,258.753016,998.705918,229.375695,227.43054
2023-12-21,2023,584.106535,554.958353,258.866192,1005.949108,231.792133,230.174352
2023-12-22,2023,584.593941,557.874079,258.979418,1007.074865,232.793429,231.232412
2023-12-26,2023,585.436502,560.974507,259.092693,1009.251424,234.161224,232.505663
2023-12-27,2023,586.503538,559.856424,259.206017,1012.092083,235.320342,233.958286
2023-12-28,2023,587.766436,562.453116,259.319391,1015.512179,235.30456,233.83274
2024-01-03,2024,586.710918,563.991217,259.432815,1013.033572,235.547495,234.250448
2024-01-04,2024,580.62927,548.493946,259.546288,993.565352,232.696114,231.272137
2024-01-05,2024,582.433574,555.936841,259.659811,998.869587,234.109392,232.906572
2024-01-08,2024,589.382845,565.100975,259.773384,1020.335854,234.825783,233.487717
2024-01-09,2024,589.061911,560.422366,259.887006,1018.963633,233.088001,231.707982
2024-01-10,2024,589.294564,558.807221,260.000678,1019.330266,232.013414,230.52757
2024-01-11,2024,586.263288,548.284548,260.1144,1009.443569,231.67295,230.291476
2024-01-12,2024,588.071652,546.645803,260.228171,1014.759761,232.274081,231.054222
2024-01-15,2024,586.466244,546.446896,260.341992,1009.351907,233.219222,232.125676
2024-01-16,2024,587.598592,546.031759,260.455863,1012.544171,229.2702,227.89431
2024-01-17,2024,591.667297,551.102212,260.569784,1024.960428,227.9048,226.150917
2024-01-18,2024,588.232824,539.979423,260.683755,1013.806346,225.762718,224.38936
2024-01-19,2024,593.244393,546.88345,260.797775,1029.184157,226.330157,224.897848
2024-01-22,2024,591.577896,544.200302,260.911845,1023.583603,224.496619,222.827568
2024-01-23,2024,593.615025,557.961878,261.025966,1029.617312,227.441983,226.187245
2024-01-24,2024,591.180214,563.190259,261.140136,1021.602887,226.649341,225.133941
2024-01-25,2024,592.211478,575.524841,261.254356,1024.47649,227.275297,226.023795
2024-01-26,2024,593.357817,575.396691,261.368626,1027.711424,228.690349,227.149742
2024-01-29,2024,592.898051,570.075249,261.482946,1025.900849,227.867562,226.550447
2024-01-30,2024,587.133014,559.966223,261.597316,1007.424345,225.915217,224.407524
2024-01-31,2024,589.300319,572.504125,261.711736,1013.866023,226.535853,225.097613
2024-02-01,2024,589.966461,577.215405,261.821542,1015.606787,227.828551,226.568611
2024-02-02,2024,584.258386,574.212631,261.931395,997.323697,225.525103,223.953515
2024-02-05,2024,582.982389,569.755449,262.041293,992.96321,226.253907,224.934176
2024-02-06,2024,587.029041,575.518983,262.151238,1005.322932,231.259784,230.418598
2024-02-07,2024,590.329378,587.976652,262.261229,1015.33806,229.827,228.911299
2024-02-08,2024,587.130749,590.803422,262.371266,1004.937453,227.360413,226.114602
2024-02-09,2024,582.191887,591.164514,262.481349,989.069997,227.021723,225.4245
2024-02-14,2024,577.558613,585.570262,262.591478,974.162358,225.23429,223.790079
2024-02-15,2024,579.229956,585.313185,262.701654,979.059638,226.628062,225.297378
2024-02-16,2024,581.453433,595.840281,262.811875,985.691221,228.262996,226.786527
2024-02-19,2024,584.485138,598.980147,262.922143,994.861593,228.812703,227.2587
2024-02-20,2024,592.257946,604.038138,263.032458,1018.925327,230.37316,229.165543
2024-02-21,2024,592.849386,609.726345,263.142818,1020.42965,230.578857,229.147379
2024-02-22,2024,595.314593,606.15126,263.253225,1027.820002,230.949465,229.365308
2024-02-23,2024,591.656773,595.433959,263.363678,1015.975578,229.491856,228.112239
2024-02-26,2024,594.421517,607.694405,263.474178,1024.306586,229.828773,228.402797
2024-02-27,2024,594.806875,623.017103,263.584724,1025.162938,233.517127,232.161991
2024-02-28,2024,588.752608,615.300691,263.695316,1005.789965,230.796966,229.292665
2024-02-29,2024,594.65661,625.620733,263.805954,1023.982068,228.784331,227.458465
2024-03-01,2024,589.886425,620.092251,263.916639,1008.64256,229.06805,227.440301
2024-03-04,2024,588.682703,619.86325,264.027371,1004.506447,227.580296,226.096438
2024-03-05,2024,590.565832,623.931067,264.138149,1010.067091,227.149397,225.914837
2024-03-06,2024,594.256801,626.711804,264.248973,1021.306666,228.553809,227.276864
2024-03-07,2024,592.65363,632.277554,264.359844,1015.915293,227.578523,226.405161
2024-03-08,2024,594.364029,618.604193,264.470762,1020.932886,225.328272,223.844558
2024-03-11,2024,589.532441,610.37095,264.581726,1005.399596,223.649007,222.13748
2024-03-12,2024,595.36107,614.464007,264.692736,1023.353732,226.386901,224.843369
2024-03-13,2024,599.579793,624.204661,264.803793,1036.250424,226.986258,225.860358
2024-03-14,2024,598.65539,627.709972,264.914897,1032.990561,226.425912,224.861533
2024-03-15,2024,592.718267,615.227117,265.026048,1013.983789,224.744874,223.136305
2024-03-18,2024,578.217072,614.063392,265.137245,968.074039,225.120802,223.463192
2024-03-19,2024,575.982435,625.397453,265.248488,960.697811,226.140419,225.097613
2024-03-20,2024,581.797292,634.735923,265.359778,978.607786,228.970522,227.821666
2024-03-21,2024,573.384626,632.684347,265.466368,951.839057,227.257565,225.860358
2024-03-22,2024,571.35256,622.116517,265.573001,945.113951,225.250249,223.75375
2024-03-25,2024,568.315367,615.505778,265.679676,935.23124,225.080018,223.717436
2024-03-26,2024,569.056546,610.563399,265.786394,937.21762,224.959437,223.808229
2024-03-27,2024,575.335752,631.216012,265.893155,956.600795,226.427685,225.279228
2024-03-28,2024,574.823964,636.835547,265.999959,954.650881,227.163583,225.787715
2024-04-01,2024,572.450804,632.799564,266.106806,946.853586,225.184639,223.899037
2024-04-02,2024,574.552467,637.599536,266.213696,953.113188,226.175884,224.716247
2024-04-03,2024,571.105166,636.60696,266.320629,941.941355,225.766264,224.353046
2024-04-04,2024,570.06517,637.108045,266.427604,938.3316,225.961321,224.607289
2024-04-05,2024,570.938745,635.119594,266.534623,940.732917,224.838856,223.190784
2024-04-08,2024,574.277406,645.698713,266.641685,950.877823,228.495291,227.240536
2024-04-09,2024,575.912955,652.353208,266.748789,955.672499,230.327056,228.657055
2024-04-10,2024,568.245151,641.416533,266.855937,931.241862,227.071374,225.460828
2024-04-11,2024,569.351579,644.055968,266.963128,934.374107,225.904578,224.679933
2024-04-12,2024,559.863272,612.634297,267.070361,904.224338,223.333369,221.774278
2024-04-15,2024,547.699629,598.403365,267.177638,865.67024,222.248142,220.739138
2024-04-16,2024,548.168975,602.648135,267.284958,866.800766,220.572424,219.467905
2024-04-17,2024,551.827231,602.172827,267.392321,877.948667,220.185856,218.904939
2024-04-18,2024,550.793142,598.019865,267.499727,874.356085,220.230187,218.795981
2024-04-19,2024,552.096855,604.476167,267.607177,878.107245,221.87576,220.684646
2024-04-22,2024,553.938517,604.021079,267.714669,883.548153,222.671948,221.193147
2024-04-23,2024,551.593076,601.094359,267.822205,875.835731,221.918318,220.484895
2024-04-24,2024,551.987376,595.804805,267.929783,876.72968,221.196607,219.685834
2024-04-25,2024,551.151779,593.740449,268.037406,873.759942,221.028148,219.576877
2024-04-26,2024,559.557218,609.079546,268.145071,899.819484,224.361853,223.063662
2024-04-29,2024,561.646829,613.183277,268.252779,906.038601,225.826555,224.770726
2024-04-30,2024,555.017662,583.745566,268.360531,884.868759,223.294358,222.246438
2024-05-02,2024,562.09596,591.464318,268.468326,906.758857,225.418708,224.007994
2024-05-03,2024,570.367149,618.630798,268.576164,932.39612,227.878201,226.913649
2024-05-06,2024,567.442576,597.785745,268.684046,922.863323,227.801952,226.477804
2024-05-07,2024,569.077549,607.118999,268.791971,927.653563,229.121248,227.730873
2024-05-08,2024,572.473775,608.788833,268.89994,937.976396,229.601798,228.366483
2024-05-09,2024,565.881645,596.414179,269.005537,916.929805,227.308989,226.132753
2024-05-10,2024,564.906448,576.897263,269.111175,913.527888,226.26632,225.206585
2024-05-13,2024,566.611526,581.017339,269.216855,918.545548,227.250472,226.205396
2024-05-14,2024,565.243541,583.401921,269.322576,913.909477,227.888841,226.659405
2024-05-15,2024,568.027985,585.412062,269.428339,922.317547,227.02527,225.606115
2024-05-16,2024,569.339386,585.706742,269.534144,926.098127,227.479221,226.187245
2024-05-17,2024,565.097196,575.846161,269.63999,912.432746,227.243379,225.860358
2024-05-20,2024,568.829676,584.455348,269.745878,923.818536,226.53408,225.40635
2024-05-21,2024,567.910023,586.626194,269.851807,920.590175,225.932949,224.643604
2024-05-22,2024,560.062892,577.870316,269.957778,895.599975,222.808488,221.683471
2024-05-23,2024,561.191715,575.539404,270.06379,898.806345,221.175328,219.921914
2024-05-24,2024,560.34363,572.384579,270.169844,895.802404,220.425244,219.086539
2024-05-27,2024,562.801489,581.724276,270.27594,903.183485,220.762161,219.504234
2024-05-28,2024,561.326631,570.630284,270.382077,898.210357,219.492516,218.251165
2024-05-29,2024,561.143623,562.613751,270.488256,897.295259,217.589822,216.326171
2024-05-31,2024,555.109491,556.617051,270.594477,877.999543,216.509915,215.490797
2024-06-03,2024,557.53129,552.744476,270.700739,885.266815,216.392881,215.091267
2024-06-04,2024,555.30409,540.569904,270.807044,877.929774,215.985034,214.582779
2024-06-05,2024,559.767508,547.167005,270.913389,891.610237,215.284601,214.110606
2024-06-06,2024,565.773013,556.309896,271.019777,910.134815,217.930286,216.834659
2024-06-07,2024,560.93055,543.043251,271.126207,894.58189,214.149723,212.71225
2024-06-10,2024,556.75493,537.514366,271.232678,881.123628,214.13731,213.11178
2024-06-11,2024,557.727947,546.803805,271.339191,883.838951,215.688901,214.292206
2024-06-12,2024,554.467177,541.336787,271.445746,873.254291,212.676155,211.49551
2024-06-13,2024,554.348126,534.88269,271.552343,872.538767,212.0236,210.987022
2024-06-14,2024,552.526437,534.867175,271.658981,866.474509,212.190285,211.059665
2024-06-17,2024,551.861034,523.259456,271.765662,864.04243,211.261104,210.187962
2024-06-18,2024,552.812069,529.596409,271.872384,866.688028,212.133541,210.878064
2024-06-19,2024,554.64588,531.39661,271.979148,872.106611,213.25246,212.040326
2024-06-20,2024,555.270125,541.855427,272.085955,873.725375,213.580511,212.6941
2024-06-21,2024,557.595181,541.87646,272.192803,880.686865,215.167567,214.328521
2024-06-24,2024,566.57992,558.312004,272.299693,908.568678,217.465695,216.253528
2024-06-25,2024,570.45198,552.021085,272.406625,920.389597,216.923081,215.926641
2024-06-26,2024,571.46509,549.771929,272.513599,923.229388,217.472788,216.362486
2024-06-27,2024,573.721694,567.265862,272.620615,929.975308,220.428791,219.377112
2024-06-28,2024,571.941407,552.62989,272.727673,924.039768,219.717719,218.614366
2024-07-01,2024,573.026055,546.273767,272.834773,927.10388,221.155822,219.8856
2024-07-02,2024,573.036321,545.56453,272.941916,926.792839,221.278176,220.339608
2024-07-03,2024,581.613073,555.386872,273.0491,953.392078,222.829767,221.810593
2024-07-04,2024,588.786362,570.962212,273.156326,975.582402,223.719937,222.682296
2024-07-05,2024,587.250758,567.966344,273.263595,970.414823,223.902582,222.827568
2024-07-08,2024,582.5156,566.212822,273.370905,955.196159,224.400864,223.263427
2024-07-09,2024,584.582077,565.922387,273.478258,961.343741,225.393882,224.353046
2024-07-10,2024,586.438071,566.463699,273.585653,966.829986,225.58894,224.280402
2024-07-11,2024,588.382815,581.525951,273.69309,972.594894,227.496953,226.22356
2024-07-12,2024,585.757073,575.932453,273.800569,964.002125,228.566221,227.367658
2024-07-15,2024,589.564293,582.784265,273.908091,975.617467,229.318078,228.312004
2024-07-16,2024,593.740797,582.94323,274.015655,988.392726,228.943923,227.676394
2024-07-17,2024,594.528204,593.528285,274.123261,990.521481,229.546827,228.493605
2024-07-18,2024,588.91127,573.129377,274.230909,972.531762,226.358529,225.224735
2024-07-19,2024,587.919527,572.801435,274.338599,969.071293,226.294692,225.18842
2024-07-22,2024,593.233715,577.231245,274.446332,985.419887,226.727364,225.660593
2024-07-23,2024,588.636336,562.466755,274.554107,970.632548,224.47534,223.281577
2024-07-24,2024,588.032834,558.522377,274.661924,968.391278,224.179208,223.118141
2024-07-25,2024,586.781382,550.596867,274.769784,964.114428,223.347555,222.30093
2024-07-26,2024,590.296224,557.328593,274.877686,974.810087,226.074809,225.152106
2024-07-29,2024,589.020404,550.654515,274.985631,970.456419,225.120802,224.207759
2024-07-30,2024,591.972227,553.203164,275.093618,979.383161,223.675606,222.845733
2024-07-31,2024,600.643701,554.994274,275.201647,1006.277249,226.358529,225.261063
2024-08-01,2024,597.362203,553.069317,275.309719,995.622615,225.902804,224.716247
2024-08-02,2024,597.782681,577.161929,275.417833,996.597083,223.170231,222.246438
2024-08-05,2024,592.405352,578.82581,275.525989,979.35842,222.134654,221.138655
2024-08-06,2024,593.201685,592.720019,275.634188,981.513311,223.902582,222.900211
2024-08-07,2024,604.078948,602.116826,275.74243,1015.335896,226.113821,225.261063
2024-08-08,2024,604.132762,592.637315,275.850714,1015.157996,228.147735,227.549272
2024-08-09,2024,616.992691,593.25568,275.95904,1055.208573,231.61266,230.872607
2024-08-12,2024,616.499383,604.475891,276.06741,1053.311697,232.501056,231.816953
2024-08-13,2024,624.167536,597.263608,276.175821,1077.052767,234.774359,233.869068
2024-08-14,2024,622.529776,590.202563,276.284276,1071.560478,236.405746,235.503489
2024-08-15,2024,623.41708,593.227993,276.392772,1074.00019,237.886408,236.974502
2024-08-16,2024,617.226396,586.197376,276.501312,1054.20526,237.531758,236.611272
2024-08-19,2024,622.271892,599.687779,276.609894,1069.707074,240.767934,239.680377
2024-08-20,2024,624.852277,603.220088,276.718519,1077.464952,241.315867,240.515766
2024-08-21,2024,626.764075,603.925437,276.827186,1083.122422,241.984382,241.060582
2024-08-22,2024,620.789522,588.243754,276.935896,1064.005889,239.69512,238.935823
2024-08-23,2024,630.440251,609.655953,277.044649,1093.973848,240.466482,239.680377
2024-08-26,2024,627.330788,613.58257,277.153444,1083.857322,242.738012,241.914121
2024-08-27,2024,631.434969,617.93027,277.262282,1096.401306,242.537635,241.550892
2024-08-28,2024,629.105647,619.61315,277.371163,1088.735206,243.544839,242.658674
2024-08-29,2024,623.999063,614.731543,277.480087,1072.344591,241.234298,240.025428
2024-08-30,2024,627.958969,629.665076,277.589053,1084.434947,241.168688,240.806338
2024-09-02,2024,630.037803,636.200233,277.698062,1090.616042,239.354656,238.082284
2024-09-03,2024,629.549525,641.012978,277.807115,1088.732776,238.241057,237.228746
2024-09-04,2024,638.027627,648.786092,277.916209,1115.015998,241.358425,240.406808
2024-09-05,2024,641.122086,656.615748,278.025347,1124.387123,242.051765,241.332976
2024-09-06,2024,641.359342,652.307061,278.134528,1124.782609,238.629398,237.828041
2024-09-09,2024,638.2171,643.641184,278.243751,1114.561738,238.921984,237.973299
2024-09-10,2024,643.770144,639.179046,278.353017,1131.65575,238.18254,237.228746
2024-09-11,2024,644.587374,644.328143,278.462327,1133.872732,238.815589,238.28205
2024-09-12,2024,644.255475,640.200712,278.571679,1132.479749,237.666525,236.647601
2024-09-13,2024,652.917201,663.242692,278.681074,1159.338836,239.179105,238.28205
2024-09-16,2024,658.347835,674.25639,278.790512,1176.047765,239.597591,238.590772
2024-09-17,2024,655.274471,671.510148,278.899993,1166.04244,239.317418,238.499965
2024-09-18,2024,652.094977,664.332024,279.009517,1155.703587,237.168243,236.175442
2024-09-19,2024,650.505056,660.935428,279.12159,1150.349986,236.059963,234.940523
2024-09-20,2024,641.386353,649.107332,279.233707,1121.345629,232.410621,231.780625
2024-09-23,2024,633.871889,647.659549,279.34587,1097.380618,231.529317,230.636527
2024-09-24,2024,636.214749,647.50061,279.458077,1104.380867,234.345233,233.687454
2024-09-25,2024,635.035928,651.493481,279.57033,1100.318101,233.334483,232.307277
2024-09-26,2024,634.082532,657.872713,279.682628,1096.963333,235.859586,234.867894
2024-09-27,2024,631.775715,658.498007,279.794971,1089.356839,235.363077,234.341228
2024-09-30,2024,629.910796,656.993436,279.907359,1083.138358,233.742329,233.233445
2024-10-01,2024,636.755202,665.364643,280.019792,1104.27886,234.946364,234.014355
2024-10-02,2024,644.994636,682.888625,280.13227,1129.801497,236.755076,235.81224
2024-10-03,2024,637.519636,663.445592,280.244794,1105.959301,233.486982,232.507042
2024-10-04,2024,635.026918,665.393117,280.357363,1097.768101,233.699771,232.815764
2024-10-07,2024,634.080363,662.5733,280.469977,1094.433812,234.100525,233.269773
2024-10-08,2024,634.823684,665.791551,280.582636,1096.407883,233.203262,232.325441
2024-10-09,2024,627.457543,655.63392,280.69534,1072.907074,230.454729,229.456101
2024-10-10,2024,628.701081,670.554228,280.80809,1076.452219,231.148069,230.273326
2024-10-11,2024,628.639829,671.350965,280.920885,1075.898402,230.507927,229.674031
2024-10-14,2024,630.711416,690.055653,281.033725,1082.044456,232.304226,231.544545
2024-10-15,2024,632.142215,695.095358,281.146611,1086.177416,232.371609,231.362944
2024-10-16,2024,636.317202,709.300874,281.259542,1098.930716,233.625295,232.579699
2024-10-17,2024,637.16492,711.642591,281.372518,1101.23172,231.928298,231.199494
2024-10-18,2024,635.574201,709.774252,281.48554,1095.872572,231.406963,230.636527
2024-10-21,2024,635.93167,708.570099,281.598607,1096.633239,231.164028,230.182518
2024-10-22,2024,634.543138,703.080883,281.711719,1091.90894,230.027377,229.728509
2024-10-23,2024,633.80423,689.952616,281.824877,1089.2252,229.162032,228.47544
2024-10-24,2024,640.820361,691.266578,281.938081,1110.902681,230.64092,229.91011
2024-10-25,2024,639.696705,701.074065,282.05133,1107.010019,230.332375,229.456101
2024-10-28,2024,642.77778,698.757818,282.164624,1116.325782,232.673061,232.161991
2024-10-29,2024,644.595793,698.976556,282.277964,1121.673668,231.816583,231.090536
2024-10-30,2024,648.366266,705.545867,282.391349,1133.154786,231.655218,231.054222
2024-10-31,2024,644.652784,706.402028,282.50478,1121.125966,230.013191,229.292665
2024-11-01,2024,638.236868,694.668253,282.618257,1100.607678,227.190182,226.278039
2024-11-04,2024,645.265718,723.862478,282.731779,1122.324096,231.435335,230.908935
2024-11-05,2024,641.797762,717.433551,282.845347,1111.066121,231.694229,230.908935
2024-11-06,2024,638.732985,709.87601,282.95896,1101.074529,231.12679,229.365308
2024-11-07,2024,631.599147,703.412446,283.077681,1078.284191,229.95822,228.929449
2024-11-08,2024,629.405012,707.948385,283.196452,1071.011074,226.674167,226.096438
2024-11-11,2024,628.067659,720.976958,283.315273,1066.429259,226.75219,225.82403
2024-11-12,2024,625.17187,729.488277,283.434143,1056.951678,226.440098,225.551622
2024-11-13,2024,623.160227,721.148461,283.553064,1050.251356,226.503935,225.787715
2024-11-14,2024,619.250685,710.591968,283.672034,1037.588888,226.606783,225.678744
2024-11-18,2024,617.094159,718.084816,283.791054,1030.433119,226.564225,225.933002
2024-11-19,2024,617.770982,721.37097,283.910125,1032.177755,227.324948,226.786527
2024-11-21,2024,614.093757,717.320298,284.029245,1020.244603,225.064058,224.462003
2024-11-22,2024,620.287312,725.215343,284.148415,1039.318959,228.972295,228.856806
2024-11-25,2024,622.749794,731.137009,284.267635,1046.672511,228.812703,228.221196
2024-11-26,2024,628.603909,733.588598,284.386905,1064.680243,230.3838,230.000918
2024-11-27,2024,613.573072,716.722632,284.506225,1017.08067,226.388674,225.370021
2024-11-28,2024,596.571976,667.807165,284.625596,963.291645,220.964311,220.28513
2024-11-29,2024,602.54386,672.225196,284.745016,981.668851,222.840407,222.13748
2024-12-02,2024,598.574512,666.875988,284.864487,968.816909,222.074364,221.33842
2024-12-03,2024,601.64448,665.370378,284.984007,978.077834,223.675606,222.791254
2024-12-04,2024,603.615226,678.286589,285.103578,983.885543,223.583397,222.918376
2024-12-05,2024,608.35788,679.244556,285.223199,998.400654,226.723818,226.114602
2024-12-06,2024,603.566918,650.806021,285.34287,982.967086,223.333369,222.391724
2024-12-09,2024,603.570368,662.489754,285.462591,982.594332,225.574754,224.752576
2024-12-10,2024,607.248339,678.37078,285.582363,993.764405,227.379919,226.604926
2024-12-11,2024,611.402569,686.761321,285.702185,1006.430421,229.800401,229.928274
2024-12-12,2024,599.937369,658.626939,285.832216,969.997476,223.503601,222.863897
2024-12-13,2024,594.43821,647.291315,285.962307,952.30582,220.967858,220.884411
2024-12-16,2024,589.437646,638.775705,286.092457,936.180241,219.102402,218.323808
2024-12-17,2024,591.865349,642.532323,286.222666,943.389333,221.120357,220.829932
2024-12-18,2024,579.783252,609.883816,286.352935,905.017735,214.158589,214.655408
2024-12-19,2024,584.938071,611.076856,286.483263,920.793297,214.89626,214.255892
2024-12-20,2024,585.240533,606.081177,286.61365,921.325672,216.517008,216.199049
2024-12-23,2024,578.290018,587.610167,286.744096,899.073645,214.149723,213.74739
2024-12-26,2024,575.392549,581.481372,287.005167,889.135169,214.701203,214.219563
2024-12-27,2024,572.305528,579.624449,287.135792,879.019195,213.266646,212.948344
2024-12-30,2024,569.644548,578.980204,287.266476,870.241382,213.291471,212.966494
2025-01-03,2025,564.657717,570.247928,287.39722,856.394793,210.464749,209.965682
2025-01-06,2025,573.087945,566.827108,287.528023,879.486571,213.108586,212.911936
2025-01-07,2025,573.78246,574.247022,287.658885,881.091314,215.134522,214.876105
2025-01-08,2025,571.85209,568.051278,287.789808,875.404975,212.403681,212.184464
2025-01-09,2025,574.830563,569.449235,287.920789,883.353396,212.680672,212.457268
2025-01-10,2025,572.163271,568.406025,288.051831,875.619872,211.038261,210.893209
2025-01-13,2025,574.638855,565.438934,288.182932,882.171161,211.306373,211.002325
2025-01-14,2025,580.347311,568.455753,288.314092,897.701999,211.824842,211.802545
2025-01-15,2025,592.172412,576.090891,288.445313,930.222413,217.774809,217.458616
2025-01-16,2025,585.916643,575.123067,288.576593,912.520866,215.260589,215.203467
2025-01-17,2025,588.695288,577.062878,288.707933,919.913352,217.242135,216.876642
2025-01-20,2025,592.579035,584.189293,288.839332,930.375245,217.584822,217.895094
2025-01-21,2025,595.438141,583.91018,288.970792,937.990927,218.996407,218.786253
2025-01-22,2025,599.216158,579.285459,289.102311,948.158845,218.346545,218.095149
2025-01-23,2025,597.139716,582.006249,289.23389,942.065145,217.478287,217.003948
2025-01-24,2025,600.036157,579.145376,289.365529,949.784084,217.414366,217.240371
2025-01-27,2025,610.735952,574.367056,289.497228,979.17764,221.70239,221.641567
2025-01-28,2025,606.187506,574.270889,289.628987,966.217201,220.271273,220.113876
2025-01-29,2025,608.13166,573.031969,289.760806,971.2906,219.163312,218.549817
2025-01-30,2025,618.836563,577.91468,289.902896,1000.672589,225.344104,225.424395
2025-01-31,2025,616.551015,576.079453,290.045056,993.971846,223.962703,223.696662
2025-02-03,2025,619.680117,572.802983,290.187285,1002.310777,223.669732,223.041939
2025-02-04,2025,617.974591,559.102192,290.329584,997.220771,222.208431,221.714316
2025-02-05,2025,614.37124,602.506875,290.471953,986.859151,222.89558,222.550903
2025-02-06,2025,621.809858,594.811762,290.614392,1007.16777,224.122505,223.987656
2025-02-07,2025,614.463979,581.985429,290.7569,986.410477,221.270925,220.932286
2025-02-10,2025,619.589894,579.84121,290.899479,1000.294936,222.963052,222.878265
2025-02-11,2025,619.508532,575.339961,291.042127,999.715378,224.649852,224.515059
2025-02-12,2025,612.700624,567.01946,291.184846,980.451844,220.846561,220.513986
2025-02-13,2025,609.92565,566.979731,291.327634,972.390103,221.681083,221.296015
2025-02-14,2025,618.129948,570.587387,291.470492,994.824451,227.66301,227.097584
2025-02-17,2025,621.302792,568.229266,291.613421,1003.283151,228.817137,227.788674
2025-02-18,2025,623.807029,567.19371,291.756419,1009.884539,228.218767,227.879613
2025-02-19,2025,616.067579,567.55744,291.899488,988.032666,226.047233,225.533525
2025-02-20,2025,618.384083,567.023802,292.042626,994.112256,226.565702,226.370112
2025-02-21,2025,622.96979,558.563919,292.185835,1006.49466,225.725853,225.406218
2025-02-24,2025,613.155627,560.621803,292.329115,978.879498,222.659428,222.769135
2025-02-25,2025,609.989927,566.117172,292.472464,969.731077,223.687488,223.387491
2025-02-26,2025,605.041669,570.825378,292.615884,955.63121,221.537262,221.550628
2025-02-27,2025,608.194914,604.774119,292.759374,964.034077,221.590529,221.423322
2025-02-28,2025,598.506022,603.465826,292.902934,936.766174,218.03937,218.258836
2025-03-05,2025,599.4917,637.084114,293.046565,939.148013,218.479714,218.331585
2025-03-06,2025,605.038234,630.976511,293.190266,954.198009,219.031919,218.968117
2025-03-07,2025,611.629877,631.000405,293.334038,972.150749,222.009566,221.787051
2025-03-10,2025,610.233556,631.834418,293.47788,967.915771,221.093367,220.604925
2025-03-11,2025,609.112475,624.826786,293.621793,964.445133,219.29648,219.240921
2025-03-12,2025,615.007245,627.790976,293.765776,980.461696,219.930362,219.586459
2025-03-13,2025,615.609895,629.643793,293.90983,981.778579,223.078464,222.805516
2025-03-14,2025,623.988119,632.13297,294.053955,1004.692891,228.973388,228.69801
2025-03-17,2025,623.960927,645.373563,294.19815,1004.259961,232.30615,232.353545
2025-03-18,2025,630.99135,657.031611,294.342416,1023.430241,233.444297,233.262867
2025-03-19,2025,642.920028,663.759774,294.486753,1056.205844,235.27847,235.699908
2025-03-20,2025,638.069409,642.224808,294.641449,1042.34923,234.296575,234.335904
2025-03-21,2025,636.733673,646.556082,294.796227,1038.255428,234.989051,234.572313
2025-03-24,2025,634.104936,627.48205,294.951087,1030.569959,233.170858,233.135574
2025-03-25,2025,637.887679,621.474591,295.106028,1040.692953,234.497215,234.681429
2025-03-26,2025,643.101035,618.904709,295.26105,1054.789449,235.299777,235.045185
2025-03-27,2025,648.79439,617.890146,295.416153,1070.218996,236.416617,236.027256
2025-03-28,2025,647.247287,606.555868,295.571338,1065.53709,234.202469,234.04491
2025-03-31,2025,644.678777,603.955164,295.726605,1058.017899,231.286968,231.516957
2025-04-01,2025,649.677233,606.967405,295.881953,1071.516675,232.861907,232.862757
2025-04-02,2025,652.480665,601.232228,296.037383,1078.918302,232.938257,234.426816
2025-04-03,2025,657.977694,593.924733,296.192894,1093.801519,232.851253,232.9719
2025-04-04,2025,647.401437,575.880906,296.348487,1064.039027,225.953127,225.751756
2025-04-07,2025,644.359034,576.191894,296.504162,1055.202529,222.991461,223.205627
2025-04-08,2025,648.681807,578.05211,296.659919,1066.8235,220.051102,220.132066
2025-04-09,2025,654.791618,596.667733,296.815757,1083.407984,226.91194,226.515609
2025-04-10,2025,648.796684,589.082609,296.971678,1066.369863,224.35333,224.442324
2025-04-11,2025,651.978682,590.077608,297.12768,1074.821583,226.709524,226.82478
2025-04-14,2025,659.055247,600.135977,297.283764,1094.090737,229.855851,229.89834
2025-04-15,2025,661.564936,610.370423,297.43993,1100.674632,229.484755,229.516407
2025-04-16,2025,656.004566,600.607686,297.596178,1084.842751,227.837017,227.843232
2025-04-17,2025,661.900234,607.152215,297.752508,1100.831208,230.203864,230.116572
2025-04-22,2025,667.714857,600.738323,297.908921,1116.594349,231.649186,231.571515
2025-04-23,2025,670.522865,610.233091,298.065415,1124.006047,234.760001,234.754191
2025-04-24,2025,679.594169,613.603808,298.221992,1148.81461,238.957471,238.937142
2025-04-25,2025,680.361022,623.536748,298.378651,1150.556344,239.239788,239.137198
2025-04-28,2025,685.064413,624.143832,298.535392,1163.232085,239.731623,239.428164
2025-04-29,2025,679.767299,623.9095,298.692216,1148.130005,239.868343,239.810097
2025-04-30,2025,689.270158,627.876855,298.849122,1174.136448,239.822178,239.391811
2025-05-02,2025,690.682339,632.154139,299.00611,1177.669843,239.941142,239.791921
2025-05-05,2025,695.437172,624.673529,299.163181,1190.487655,237.023865,237.045708
2025-05-06,2025,690.317979,621.359648,299.320335,1175.878954,237.068254,237.11847
2025-05-07,2025,689.809008,625.778754,299.477571,1174.075504,236.858736,236.8093
2025-05-08,2025,692.38613,636.824051,299.640085,1180.830966,241.890728,241.956117
2025-05-09,2025,690.040922,620.991977,299.802688,1173.913839,242.38789,242.319874
2025-05-12,2025,688.52008,627.818384,299.965379,1169.286273,242.478445,242.592663
2025-05-13,2025,695.79987,634.470514,300.128158,1189.103311,246.739835,246.630117
2025-05-14,2025,701.351043,632.671941,300.291026,1204.118691,245.781022,246.08451
2025-05-15,2025,705.851269,641.787645,300.453981,1216.214715,247.398575,247.466719
2025-05-16,2025,705.829641,645.623881,300.617026,1215.750518,247.137565,247.539454
2025-05-19,2025,708.551677,650.561939,300.780159,1222.906965,247.9348,248.103237
2025-05-20,2025,711.23057,646.548654,300.94338,1229.943357,248.776425,248.867076
2025-05-21,2025,700.626557,640.407585,301.10669,1200.084644,244.818658,244.775064
2025-05-22,2025,696.117052,642.147116,301.270089,1187.153946,243.739106,243.792994
2025-05-23,2025,708.496207,643.700951,301.433576,1221.133339,244.71745,244.556832
2025-05-26,2025,711.444066,643.301666,301.597152,1228.915939,245.271431,245.538903
2025-05-27,2025,717.701026,647.889653,301.760816,1245.889748,247.76612,248.176
2025-05-28,2025,710.917099,641.968861,301.92457,1226.640687,246.606667,246.811996
2025-05-29,2025,709.98482,638.878789,302.088412,1223.645071,245.978111,246.175449
2025-05-30,2025,707.424508,633.368754,302.252344,1216.127176,243.302313,243.683878
2025-06-02,2025,708.192934,633.688354,302.416364,1217.855034,242.876174,242.974597
2025-06-03,2025,715.623826,629.350267,302.580473,1238.08848,244.223839,244.429512
2025-06-04,2025,712.174677,642.830006,302.744671,1228.101069,243.257924,243.356502
2025-06-05,2025,707.891459,639.059252,302.908959,1215.796709,241.89783,242.33805
2025-06-06,2025,703.576158,630.693348,303.073335,1203.403013,241.659902,241.992498
2025-06-09,2025,706.117743,646.443722,303.237801,1210.05493,240.944344,241.392333
2025-06-10,2025,709.915543,641.610082,303.402356,1220.195917,242.252946,242.519929
2025-06-11,2025,703.800803,641.868977,303.567001,1202.803399,243.481647,243.647496
2025-06-12,2025,703.731768,650.39621,303.731734,1202.203338,244.674836,244.902385
2025-06-13,2025,697.866145,640.720073,303.896557,1185.502329,243.632571,243.683878
2025-06-16,2025,705.859249,655.191716,304.06147,1207.295398,247.26008,247.466719
2025-06-17,2025,707.370728,654.983349,304.226472,1211.084741,246.521439,246.211831
2025-06-18,2025,707.812368,670.646013,304.391563,1211.902255,246.303043,246.284565
2025-06-20,2025,704.786653,665.99466,304.559377,1203.082023,243.46034,243.520176
2025-06-23,2025,700.006223,675.331921,304.727284,1189.387624,242.457138,242.73816
2025-06-24,2025,704.387474,670.022216,304.895283,1201.14068,243.547343,243.829375
2025-06-25,2025,704.069407,663.443951,305.063375,1199.840581,241.065083,241.064985
2025-06-26,2025,709.567571,669.678202,305.23156,1214.695539,243.456789,243.62932
2025-06-27,2025,709.677824,670.649169,305.399837,1214.584691,243.016445,243.320121
2025-06-30,2025,718.078509,685.187296,305.568207,1237.501294,246.548072,247.066609
2025-07-01,2025,722.906944,700.579728,305.73667,1250.495312,247.780325,248.285116
2025-07-02,2025,712.001393,693.848675,305.905225,1219.786035,246.896086,247.175725
2025-07-03,2025,720.587584,708.726373,306.073874,1243.217216,250.228848,250.831245
2025-07-04,2025,724.716608,714.845559,306.242615,1254.267841,251.205417,251.213179
2025-07-07,2025,719.338892,717.467446,306.41145,1238.912109,247.675565,248.157795
2025-07-08,2025,720.226239,717.861072,306.580378,1240.958122,247.343532,247.612188
2025-07-09,2025,718.077108,702.678129,306.749399,1234.569714,244.108426,243.902109
2025-07-10,2025,715.20357,694.930998,306.918513,1226.16895,242.798049,242.992773
2025-07-11,2025,711.990371,683.492152,307.08772,1216.824502,241.810827,242.792718
2025-07-14,2025,709.344012,674.987421,307.25702,1209.054291,240.234112,240.228384
2025-07-15,2025,713.103564,678.266286,307.426414,1219.077048,240.147109,240.73761
2025-07-16,2025,710.041647,662.738968,307.595902,1210.152109,240.610535,240.792168
2025-07-17,2025,713.033901,661.364222,307.765482,1218.04314,240.706416,240.919488
2025-07-18,2025,711.432048,645.946313,307.935156,1213.173245,236.830327,236.972973
2025-07-21,2025,712.156053,651.057966,308.104924,1214.763471,238.224156,238.609767
2025-07-22,2025,701.404216,652.785488,308.274785,1184.477919,237.991556,238.518828
2025-07-23,2025,707.423558,655.790295,308.44474,1200.776126,240.356627,240.773991
2025-07-24,2025,703.521308,639.50892,308.614789,1189.515672,237.586723,237.845928
2025-07-25,2025,705.287821,641.033963,308.784932,1194.000664,237.082459,237.245763
2025-07-28,2025,692.924124,639.772523,308.955168,1159.237045,234.605526,235.063362
2025-07-29,2025,700.784607,651.93965,309.125498,1180.648313,235.665547,235.51803
2025-07-30,2025,708.168137,691.778747,309.295922,1200.734555,237.909879,238.118718
2025-07-31,2025,708.784784,701.507982,309.46644,1202.024723,236.278121,236.209134
2025-08-01,2025,713.959173,695.720682,309.637052,1215.974342,235.152404,235.645351
2025-08-04,2025,714.814606,696.577717,309.807758,1217.9273,236.100563,236.427366
2025-08-05,2025,721.961935,690.055859,309.978558,1237.356533,236.420168,236.71836
2025-08-06,2025,737.34546,688.690453,310.149452,1279.662569,238.882896,239.137198
2025-08-07,2025,742.65111,691.853761,310.320441,1293.97585,242.416299,242.8291
2025-08-08,2025,742.830608,695.325791,310.491523,1294.050383,241.324318,241.719709
2025-08-11,2025,737.01372,691.549556,310.6627,1277.46899,240.8094,240.974046
2025-08-12,2025,741.604661,695.975615,310.833972,1289.796377,244.877252,245.702605
2025-08-13,2025,735.480003,692.816106,311.005338,1272.359648,242.698616,243.083713
2025-08-14,2025,737.030574,699.845986,311.176798,1276.241567,242.1109,242.538105
2025-08-15,2025,737.167274,692.479474,311.348353,1276.196054,242.084266,242.901834
2025-08-18,2025,744.545139,698.017359,311.520002,1296.263523,243.826109,244.302219
2025-08-19,2025,737.611569,690.895673,311.691747,1276.579005,238.694685,238.555209
2025-08-20,2025,737.112365,686.436159,311.863585,1274.766488,239.111946,239.700981
2025-08-21,2025,737.076317,688.978793,312.035519,1274.240206,238.834956,239.391811
2025-08-22,2025,747.920287,694.050909,312.207547,1303.934267,244.973134,245.793516
2025-08-25,2025,749.205427,685.506516,312.37967,1307.077275,245.074342,245.720781
2025-08-26,2025,750.524409,689.400496,312.551888,1310.314051,244.623344,245.411611
2025-08-27,2025,756.934822,686.231921,312.724201,1327.692661,247.171301,247.703127
2025-08-28,2025,762.31923,691.006602,312.896609,1342.221181,250.443694,251.540526
2025-08-29,2025,763.278165,697.170344,313.069112,1344.457174,251.105985,251.886079
2025-09-01,2025,760.589648,694.814569,313.24171,1336.561692,250.578638,251.504145
2025-09-02,2025,759.873671,699.043911,313.414404,1334.144944,249.17593,249.83097
2025-09-03,2025,757.532453,696.601971,313.587192,1327.213654,248.339632,248.921634
2025-09-04,2025,762.103561,708.421038,313.760076,1339.481955,250.344261,250.994919
2025-09-05,2025,767.566021,718.996469,313.933055,1354.225857,253.26864,253.97754
2025-09-08,2025,762.121287,708.059262,314.106129,1338.673466,251.762949,252.431686
2025-09-09,2025,750.276522,716.587811,314.279299,1305.343972,251.453998,252.067957
2025-09-10,2025,750.614199,715.29785,314.452565,1305.852458,252.751947,253.086409
2025-09-11,2025,757.581218,713.868655,314.625925,1324.77451,254.175961,254.541352
2025-09-12,2025,757.952047,704.163946,314.799382,1325.374606,252.615227,253.177348
2025-09-15,2025,755.978549,702.10036,314.972934,1319.462812,254.879091,255.432484
2025-09-16,2025,757.565948,710.842771,315.146582,1323.441603,255.793514,256.632814
2025-09-17,2025,763.735063,707.789033,315.320325,1340.146434,258.513702,259.342645
2025-09-18,2025,765.06298,707.63212,315.494164,1343.404007,258.346797,259.215325
2025-09-19,2025,761.893865,689.563602,315.668099,1334.17029,258.994884,259.688169
2025-09-22,2025,760.100003,699.454865,315.84213,1328.75627,257.652546,258.233254
2025-09-23,2025,763.238867,697.106212,316.016257,1337.043257,259.989208,260.670268
2025-09-24,2025,760.510215,699.5524,316.19048,1329.032266,260.108172,260.833942
2025-09-25,2025,755.038016,698.373568,316.364799,1313.400504,258.002335,258.760657
2025-09-26,2025,758.827999,702.774599,316.539214,1323.495339,258.252692,259.051651
2025-09-29,2025,765.252418,694.672476,316.713726,1340.907403,259.832957,260.8885
2025-09-30,2025,769.494343,701.106498,316.888333,1352.257086,259.655399,260.506594
2025-10-01,2025,772.506502,700.559892,317.063037,1360.190705,258.376982,259.197148
2025-10-02,2025,762.917657,678.514349,317.237837,1333.123263,255.594649,256.414582
2025-10-03,2025,768.925958,683.564091,317.412733,1349.378554,256.04032,256.832869
2025-10-06,2025,762.97879,689.557985,317.587726,1332.425836,254.987401,255.832594
2025-10-07,2025,748.490582,684.985536,317.762815,1291.7491,250.988796,251.795139
2025-10-08,2025,748.092,688.633228,317.938001,1290.207778,252.389729,253.159143
2025-10-09,2025,744.509442,686.63382,318.113283,1279.822333,251.6138,252.340747
2025-10-10,2025,741.657098,686.120584,318.288663,1271.464907,249.788505,250.63119
2025-10-13,2025,742.209874,694.372574,318.464138,1272.565379,251.746969,252.340747
2025-10-14,2025,743.226393,713.117397,318.639711,1274.953713,251.569411,252.32257
2025-10-15,2025,750.090459,703.706938,318.81538,1293.584079,253.20472,253.686574
2025-10-16,2025,748.687312,704.306852,318.991146,1289.251014,252.487385,253.086409
2025-10-17,2025,755.646664,704.4625,319.167009,1308.14557,254.616305,255.341544
2025-10-20,2025,764.200221,709.109057,319.342969,1331.467982,256.587198,256.923808
2025-10-21,2025,766.198972,728.799734,319.519026,1336.583383,255.834353,257.251156
2025-10-22,2025,771.408463,724.568147,319.69518,1350.616766,257.233509,258.033199
2025-10-23,2025,774.805785,731.060509,319.871431,1359.616387,258.7392,259.488114
2025-10-24,2025,781.408787,732.769902,320.04778,1377.519932,259.539987,
2025-10-27,2025,783.401771,734.973013,320.224225,1382.618352,260.955123,261.888775
2025-10-28,2025,784.129266,748.818315,320.400768,1384.201481,261.77189,262.470763
2025-10-29,2025,785.747399,742.730603,320.577408,1388.258225,263.909687,264.253054
2025-10-30,2025,792.143352,742.856217,320.754146,1405.585702,264.170698,264.980512
2025-10-31,2025,795.954422,739.107716,320.930981,1415.733112,265.520138,266.271781
2025-11-03,2025,793.290949,739.919663,321.107913,1407.896447,267.143018,268.017691
2025-11-04,2025,796.635675,740.625313,321.284943,1416.748046,267.586912,268.308685
2025-11-05,2025,799.20271,741.970285,321.462071,1423.439273,272.185663,273.491911
2025-11-06,2025,805.763055,742.037232,321.639296,1441.222162,272.265564,272.982685
2025-11-07,2025,810.737848,741.855849,321.816619,1454.600744,273.552859,274.25575
2025-11-10,2025,814.257858,742.775391,321.99404,1463.938244,275.671125,276.892819
2025-11-11,2025,813.204431,744.653819,322.171558,1460.57223,280.095869,281.530439
2025-11-12,2025,819.623957,744.579589,322.349174,1477.963006,279.889902,280.875715
2025-11-13,2025,823.175544,744.47007,322.526889,1487.387489,279.053604,280.257374
2025-11-14,2025,827.911127,742.620947,322.704701,1500.100425,280.078113,280.693837
2025-11-17,2025,823.004199,744.03864,322.882611,1486.029867,278.753531,279.693562
2025-11-18,2025,822.471437,744.17831,323.06062,1484.108846,277.917233,279.220717
2025-11-19,2025,819.482023,743.324007,323.238726,1475.363933,275.891297,276.438151
2025-11-21,2025,819.508734,743.357594,323.416931,1474.996429,274.806418,276.347212
2025-11-24,2025,825.81712,744.421079,323.595234,1492.076797,275.708412,277.074698
2025-11-25,2025,835.825751,745.0587,323.773635,1519.434807,276.830579,278.202265
2025-11-26,2025,847.19026,746.087103,323.952135,1550.558685,281.526986,283.239995
2025-11-27,2025,846.389182,746.547624,324.130733,1547.890924,281.060009,282.476156
2025-11-28,2025,847.585151,747.043857,324.30943,1550.769956,282.44496,283.44005
2025-12-01,2025,843.119723,746.581637,324.488225,1537.923526,281.626418,282.803503
2025-12-02,2025,848.848447,747.184822,324.667118,1553.392352,286.031631,287.295626
2025-12-03,2025,847.787735,747.575185,324.84611,1550.002447,287.20884,288.077641
2025-12-04,2025,858.248565,748.533866,325.025201,1578.614781,292.00468,293.333602
2025-12-05,2025,825.570833,747.5044,325.204391,1487.404268,279.421149,280.402843
2025-12-08,2025,827.182706,748.037435,325.383679,1491.437059,280.873573,282.348835
2025-12-09,2025,820.256224,748.251127,325.563067,1471.753285,280.507803,281.075771
2025-12-10,2025,825.074224,748.465035,325.742553,1484.690992,282.450287,283.712839
2025-12-11,2025,829.782159,748.608143,325.922138,1497.322738,282.652703,284.058392
2025-12-12,2025,842.550693,749.603629,326.101822,1532.343532,285.452792,286.440847
2025-12-15,2025,845.917336,750.38629,326.281605,1541.249184,288.499686,289.841755
2025-12-16,2025,826.32732,749.926437,326.461488,1486.389674,281.567824,282.185162
2025-12-17,2025,811.778757,750.247943,326.641469,1445.53317,279.346574,280.712042
2025-12-18,2025,813.601955,750.64068,326.82155,1450.150979,280.40482,281.639554
2025-12-19,2025,817.222898,751.424206,327.00173,1459.761998,281.381388,282.439775
2025-12-22,2025,806.209124,751.675347,327.182009,1428.723061,280.793672,282.021488
2025-12-23,2025,820.724246,752.989424,327.362388,1468.593494,284.902362,286.313527
2025-12-26,2025,817.912122,754.537117,327.723444,1459.887567,285.685393,287.022836
2025-12-29,2025,814.82243,754.784105,327.904121,1450.857748,284.962732,286.277174
2025-12-30,2025,822.582174,755.619512,328.084898,1471.963308,286.090225,287.350184
