date,decision_year,strategy,mvo,cdi,equity_sleeve,IBOVESPA,BOVA11
2012-01-03,2012,98.619539,98.407026,100.0,98.255341,100.0,102.402249
2012-01-04,2012,97.632491,97.646994,100.0,96.939277,100.168734,102.402249
2012-01-05,2012,97.363881,97.583118,100.0,96.58113,98.786805,101.017012
2012-01-06,2012,97.394205,97.629989,100.0,96.621562,98.877921,101.262496
2012-01-09,2012,97.425611,97.621611,100.0,96.663436,99.692905,102.139227
2012-01-10,2012,97.542699,97.135745,100.0,96.819554,100.912849,103.278981
2012-01-11,2012,97.618347,97.306338,100.0,96.920418,101.176074,103.805018
2012-01-12,2012,97.924288,97.572971,100.0,97.328339,101.106893,103.629668
2012-01-13,2012,98.1739,97.962073,100.0,97.661156,99.800894,102.051555
2012-01-16,2012,98.690945,98.544249,100.0,98.350548,101.16595,102.051555
2012-01-17,2012,99.092228,98.638595,100.0,98.885593,102.330212,102.051555
2012-01-18,2012,100.611227,100.290155,100.0,100.910925,104.147473,106.610557
2012-01-19,2012,99.977804,99.485537,100.0,100.066361,104.49169,106.838509
2012-01-20,2012,100.649313,100.240336,100.0,100.961705,105.141314,107.662639
2012-01-23,2012,100.009221,99.516544,100.0,100.10825,105.266177,107.873052
2012-01-24,2012,100.250824,99.717115,100.0,100.430388,105.434911,108.013326
2012-01-26,2012,100.617414,100.037317,100.0,100.919173,106.222897,108.802386
2012-01-27,2012,100.148483,99.466677,100.0,100.293933,106.140218,108.767316
2012-01-30,2012,100.366773,99.885279,100.0,100.584987,105.914115,108.46923
2012-01-31,2012,101.295131,101.054512,100.0,101.822796,106.42369,109.012799
2012-02-01,2012,102.047753,101.698212,100.0,102.826293,108.946258,111.379979
2012-02-02,2012,102.019936,101.782868,100.0,102.789204,108.990129,111.502721
2012-02-03,2012,102.631451,102.187655,100.0,103.604557,110.043027,112.589866
2012-02-06,2012,101.969948,101.942145,100.0,102.722553,110.054838,112.554802
2012-02-07,2012,101.676628,102.420527,100.0,102.331459,111.224163,113.887425
2012-02-08,2012,101.654624,102.065894,100.0,102.30212,111.079052,113.589339
2012-02-09,2012,102.845963,103.554738,100.0,103.890572,110.571163,113.133435
2012-02-10,2012,103.166194,103.78696,100.0,104.317547,107.986164,110.555849
2012-02-13,2012,104.587113,105.455632,100.0,106.212106,110.844512,110.555849
2012-02-14,2012,104.410998,105.119833,100.0,105.977286,109.742681,112.239179
2012-02-15,2012,105.142938,105.728651,100.0,106.953205,110.297815,112.887951
2012-02-16,2012,106.127559,107.352073,100.0,108.266034,111.603813,113.992642
2012-02-17,2012,107.438247,108.629417,100.0,110.013619,111.708428,114.185524
2012-02-22,2012,107.220146,108.176292,100.0,109.722816,,
2012-02-23,2012,107.167105,108.087418,100.0,109.652095,111.060491,113.729619
2012-02-24,2012,108.662151,109.808316,100.0,111.645491,111.268033,113.782221
2012-02-27,2012,108.601678,109.73846,100.0,111.564859,110.083523,112.660006
2012-02-28,2012,109.1714,110.104221,100.0,112.324489,111.295031,113.975103
2012-02-29,2012,109.917089,111.042991,100.0,113.318741,111.046992,113.519199
2012-03-01,2012,109.792528,111.423026,100.0,113.152659,112.730954,113.519199
2012-03-02,2012,110.624883,112.051419,100.0,114.262465,114.371045,117.043664
2012-03-05,2012,111.452047,113.603794,100.0,115.365351,112.990804,115.640888
2012-03-06,2012,110.694451,113.09866,100.0,114.355224,109.869231,112.256704
2012-03-07,2012,111.942448,113.572656,100.0,116.01922,111.392896,112.256704
2012-03-08,2012,113.262115,114.87233,100.0,117.778775,112.896313,115.500621
2012-03-09,2012,115.331273,117.519139,100.0,120.537652,112.552097,115.097319
2012-03-12,2012,115.569451,118.020483,100.0,120.855224,112.013836,114.658953
2012-03-13,2012,117.352641,119.415084,100.0,123.23281,115.403695,118.008074
2012-03-14,2012,117.372782,119.329373,100.0,123.259665,115.17253,117.657373
2012-03-15,2012,116.552512,118.199247,100.0,122.165971,114.315363,116.815718
2012-03-16,2012,115.917209,117.402041,100.0,121.318901,114.205686,116.833243
2012-03-19,2012,116.862933,118.114235,100.0,122.579866,114.283304,116.833243
2012-03-20,2012,117.281268,118.343945,100.0,123.137647,113.551,115.991589
2012-03-21,2012,117.67638,118.919546,100.0,123.664462,112.815321,115.991589
2012-03-22,2012,117.628152,118.805618,100.0,123.600159,111.07399,115.448006
2012-03-23,2012,117.353603,118.390965,100.0,123.234093,111.04868,113.782221
2012-03-26,2012,121.030121,121.855329,100.0,128.136116,112.520037,115.342802
2012-03-27,2012,120.373204,121.615412,100.0,127.260227,111.426643,113.817298
2012-03-28,2012,117.866961,119.039215,100.0,123.918569,109.810175,112.484662
2012-03-29,2012,118.130036,119.233775,100.0,124.269336,109.460896,112.046296
2012-03-30,2012,118.288951,119.183506,100.0,124.481223,108.851767,112.046296
2012-04-02,2012,120.442715,122.306354,100.0,127.352909,110.04134,112.747684
2012-04-03,2012,120.587007,121.872825,100.0,127.545298,108.468742,111.204628
2012-04-04,2012,119.346269,120.363297,100.0,125.890981,107.194803,109.854468
2012-04-05,2012,119.884529,121.50046,100.0,126.608661,107.468152,109.942139
2012-04-09,2012,119.058897,120.381574,100.0,125.507818,106.172277,108.679644
2012-04-10,2012,119.752072,121.452059,100.0,126.432051,104.172783,106.645627
2012-04-11,2012,120.976115,121.98959,100.0,128.064109,103.421919,106.645627
2012-04-12,2012,121.09878,122.007084,100.0,128.227662,106.400067,108.714714
2012-04-13,2012,121.197213,121.330939,100.0,128.358906,104.793723,107.048923
2012-04-16,2012,121.508208,120.748663,100.0,128.773567,104.538935,107.048923
2012-04-17,2012,122.47318,121.601618,100.0,130.060195,105.794314,108.346488
2012-04-18,2012,124.179138,122.805387,100.0,132.334806,106.319075,108.714714
2012-04-19,2012,124.163002,122.897094,100.0,132.313291,105.657639,108.118536
2012-04-20,2012,124.469201,123.050671,100.0,132.721557,105.44841,107.995794
2012-04-23,2012,124.207982,121.985361,100.0,132.373265,103.837003,106.277401
2012-04-24,2012,124.904544,122.940418,100.0,133.302013,104.565933,107.066461
2012-04-25,2012,125.610277,124.149687,100.0,134.242991,104.193031,106.856041
2012-04-26,2012,125.593646,124.29077,100.0,134.220816,104.948958,107.382085
2012-04-27,2012,126.71036,125.730619,100.0,135.709769,104.093478,106.628095
2012-04-30,2012,116.968033,116.36231,100.0,122.719999,104.311145,106.628095
2012-05-02,2012,116.534935,116.528688,100.0,122.142535,105.330296,106.785907
2012-05-03,2012,115.806605,115.131846,100.0,121.171429,104.790348,107.382085
2012-05-04,2012,113.983832,113.732018,100.0,118.741064,102.625496,105.102577
2012-05-07,2012,115.58002,115.079965,100.0,120.869316,103.298743,105.803965
2012-05-08,2012,114.811523,114.143037,100.0,119.844653,101.85607,104.138174
2012-05-09,2012,113.810829,113.310126,100.0,118.510394,100.879102,103.278981
2012-05-10,2012,113.724976,113.638685,100.0,118.395924,100.737366,103.06856
2012-05-11,2012,113.476807,113.341814,100.0,118.065032,100.303721,103.06856
2012-05-14,2012,111.982773,111.226483,100.0,116.072986,97.089344,99.333689
2012-05-15,2012,111.193365,110.616143,100.0,115.020442,94.892432,97.211993
2012-05-16,2012,110.892994,110.612867,100.0,114.619947,94.301865,97.211993
2012-05-17,2012,110.323297,109.651783,100.0,113.860351,91.180292,93.547255
2012-05-18,2012,110.836182,109.881707,100.0,114.544198,91.981777,94.055761
2012-05-21,2012,110.664367,108.840287,100.0,114.315112,95.486375,94.055761
2012-05-22,2012,110.904123,109.360768,100.0,114.634786,92.869316,95.002633
2012-05-23,2012,109.854378,108.09234,100.0,113.235127,92.160634,94.494127
2012-05-24,2012,109.523161,107.820492,100.0,112.793504,91.222475,93.477122
2012-05-25,2012,109.32812,107.306306,100.0,112.533449,91.89741,94.160971
2012-05-28,2012,109.749191,108.366957,100.0,113.094877,93.162912,95.42346
2012-05-29,2012,109.530945,107.893288,100.0,112.803883,92.184257,94.459057
2012-05-30,2012,110.045042,108.129017,100.0,113.489345,90.775331,92.933546
2012-05-31,2012,110.666175,109.559481,100.0,114.317522,91.942968,92.933546
2012-06-01,2012,107.620363,106.47054,100.0,110.256439,90.108833,92.232158
2012-06-04,2012,107.743193,106.872981,100.0,110.420212,90.132456,92.214626
2012-06-05,2012,106.892886,105.84353,100.0,109.28647,88.553109,90.689115
2012-06-06,2012,109.85223,109.340716,100.0,113.232262,91.379398,93.442052
2012-06-08,2012,109.273742,108.629015,100.0,112.460944,91.841728,94.073299
2012-06-11,2012,108.641558,108.398527,100.0,111.618033,91.11786,93.424513
2012-06-12,2012,110.65332,111.299116,100.0,114.300382,92.886189,95.318257
2012-06-13,2012,110.420061,111.09773,100.0,113.98937,93.901966,96.17745
2012-06-14,2012,109.009576,109.931273,100.0,112.108723,93.397452,95.739084
2012-06-15,2012,109.142043,109.797926,100.0,112.285346,94.668017,96.948978
2012-06-18,2012,110.996716,111.807417,100.0,114.758244,94.819877,96.948978
2012-06-19,2012,113.370759,113.731685,100.0,117.923634,96.507213,98.895323
2012-06-20,2012,112.694289,113.207451,100.0,117.021674,96.459968,98.825183
2012-06-21,2012,111.243627,111.098242,100.0,115.087459,93.655615,95.931966
2012-06-22,2012,110.176041,109.683993,100.0,113.66401,93.545938,95.739084
2012-06-25,2012,110.229436,110.035531,100.0,113.735203,90.787142,92.951077
2012-06-26,2012,110.796337,111.284481,100.0,114.491071,90.841137,92.933546
2012-06-27,2012,109.457521,110.449201,100.0,112.705984,89.612756,91.67105
2012-06-28,2012,110.797301,111.774114,100.0,114.492357,88.841643,91.057341
2012-06-29,2012,112.424138,112.937529,100.0,116.661473,91.715178,93.669997
2012-07-02,2012,111.454009,112.346721,100.0,115.367967,92.285497,94.441525
2012-07-03,2012,112.703486,112.761313,100.0,117.033936,94.119632,96.440472
2012-07-04,2012,113.41463,113.623898,100.0,117.982129,94.620771,96.440472
2012-07-05,2012,112.654591,112.571804,100.0,116.968743,95.130347,97.422414
2012-07-06,2012,111.862766,111.723754,100.0,115.912976,93.46832,95.721552
2012-07-10,2012,110.63628,110.009484,100.0,114.277662,90.620096,92.49518
2012-07-11,2012,110.958862,109.801102,100.0,114.707771,90.388931,92.232158
2012-07-12,2012,110.277583,108.881134,100.0,113.799399,90.139205,92.144486
2012-07-13,2012,110.468666,109.388305,100.0,114.054177,91.674682,93.897949
2012-07-16,2012,110.05486,109.025568,100.0,113.502435,90.107146,93.897949
2012-07-17,2012,110.317342,109.19695,100.0,113.852411,90.962625,93.021218
2012-07-18,2012,110.994055,110.055797,100.0,114.754696,92.09989,94.143433
2012-07-19,2012,111.461373,110.866685,100.0,115.377786,93.389015,95.388397
2012-07-20,2012,110.534421,110.207305,100.0,114.14185,91.445204,93.231631
2012-07-23,2012,110.492958,109.757524,100.0,114.086567,89.486206,91.600917
2012-07-24,2012,109.628971,108.67525,100.0,112.934583,88.819708,90.91706
2012-07-25,2012,110.069329,109.082062,100.0,113.521728,88.767401,90.636507
2012-07-26,2012,112.034365,111.214648,100.0,116.141775,91.121235,93.143959
2012-07-27,2012,114.865915,114.427135,100.0,119.917175,95.423943,97.580226
2012-07-30,2012,116.108905,115.496199,100.0,121.574495,96.584831,98.982995
2012-07-31,2012,115.16552,113.812374,100.0,120.316649,94.654518,96.615816
2012-08-01,2012,115.456442,114.263359,100.0,120.704544,93.85472,97.282133
2012-08-02,2012,114.349451,112.999372,100.0,119.228557,93.680925,95.739084
2012-08-03,2012,114.603671,113.565293,100.0,119.567516,96.608454,98.842715
2012-08-06,2012,116.168214,115.414039,100.0,121.653574,98.44765,100.596178
2012-08-07,2012,115.270423,114.777129,100.0,120.456519,97.403189,100.596178
2012-08-08,2012,115.867571,115.284335,100.0,121.252717,99.470176,100.596178
2012-08-09,2012,115.24736,114.459788,100.0,120.425769,99.210326,101.402776
2012-08-10,2012,115.304224,114.888141,100.0,120.501587,100.026997,101.402776
2012-08-13,2012,115.074656,113.894192,100.0,120.195496,99.760398,101.402776
2012-08-14,2012,115.353772,114.222111,100.0,120.567651,98.005568,100.157812
2012-08-15,2012,115.671927,114.625065,100.0,120.991859,98.184426,100.368232
2012-08-16,2012,116.31693,114.595611,100.0,121.851862,100.305408,102.314571
2012-08-17,2012,115.065285,113.445439,100.0,120.183001,99.691217,101.998947
2012-08-20,2012,115.026706,112.762962,100.0,120.131564,100.030372,102.226899
2012-08-21,2012,113.662495,111.385345,100.0,118.312615,99.414494,101.700861
2012-08-22,2012,114.390194,111.760314,100.0,119.282881,100.195731,102.489921
2012-08-23,2012,113.305727,110.84804,100.0,117.836924,98.729436,100.841661
2012-08-24,2012,113.348934,110.797166,100.0,117.894535,98.584325,100.68385
2012-08-27,2012,113.346884,110.763856,100.0,117.8918,98.052814,100.263022
2012-08-28,2012,113.398582,110.947098,100.0,117.960732,98.550578,100.648786
2012-08-29,2012,113.038767,109.997736,100.0,117.480978,96.80081,98.719973
2012-08-30,2012,111.990941,108.518508,100.0,116.083877,96.610141,98.492021
2012-08-31,2012,112.43934,108.454228,100.0,116.681742,96.28111,98.456957
2012-09-03,2012,113.341333,109.962401,100.0,117.8844,96.652324,98.597231
2012-09-04,2012,111.236511,107.694706,100.0,115.07797,94.885683,96.878838
2012-09-05,2012,111.746718,108.402016,100.0,115.758246,95.948705,97.948451
2012-09-06,2012,112.77816,110.753167,100.0,117.133502,98.407154,100.473436
2012-09-10,2012,110.876185,108.141695,100.0,114.597535,98.547203,100.526044
2012-09-11,2012,109.015029,106.203902,100.0,112.115994,100.266599,102.349641
2012-09-12,2012,104.044266,101.096939,100.0,105.488309,101.10858,103.401723
2012-09-13,2012,105.668965,102.810598,100.0,107.654576,104.543997,106.698229
2012-09-14,2012,105.78471,103.595324,100.0,107.808902,104.792036,107.259336
2012-09-17,2012,106.351438,104.203138,100.0,108.56454,104.287522,106.470283
2012-09-18,2012,106.10269,104.266278,100.0,108.232875,104.284147,106.470283
2012-09-19,2012,105.878074,103.95225,100.0,107.933388,104.027672,106.049449
2012-09-20,2012,105.499417,103.316087,100.0,107.428511,104.088416,106.347541
2012-09-21,2012,106.266099,103.407136,100.0,108.450754,103.467477,105.891637
2012-09-24,2012,106.616256,103.747408,100.0,108.91763,104.463005,106.575487
2012-09-25,2012,106.238495,103.031273,100.0,108.413949,102.085548,104.155712
2012-09-26,2012,106.467148,103.593477,100.0,108.71882,102.046739,104.155712
2012-09-27,2012,106.205617,103.299403,100.0,108.370111,101.645153,103.489395
2012-09-28,2012,106.573566,102.348486,100.0,108.86071,99.849827,101.963884
2012-10-01,2012,107.061849,102.900553,100.0,109.511754,100.516325,102.577593
2012-10-02,2012,108.466107,104.011447,100.0,111.384099,99.927445,101.963884
2012-10-03,2012,107.094582,102.713688,100.0,109.555398,98.923479,100.911802
2012-10-04,2012,107.86343,103.622512,100.0,110.580528,98.638319,100.385764
2012-10-05,2012,109.310749,105.162222,100.0,112.510288,98.830676,100.771528
2012-10-08,2012,110.471317,106.35709,100.0,114.057711,100.087742,102.121695
2012-10-09,2012,109.026008,104.526721,100.0,112.130632,99.449928,101.700861
2012-10-10,2012,109.146851,104.79221,100.0,112.291756,98.634945,100.526044
2012-10-11,2012,110.067528,105.824741,100.0,113.519327,99.826204,102.139227
2012-10-15,2012,110.746574,107.091143,100.0,114.424721,100.568632,102.682803
2012-10-16,2012,111.63763,107.967998,100.0,115.612796,100.808234,102.858147
2012-10-17,2012,111.758503,108.473779,100.0,115.773959,101.386991,104.155712
2012-10-18,2012,111.853482,108.492907,100.0,115.900598,100.791361,102.998427
2012-10-19,2012,111.012205,107.542505,100.0,114.778895,99.421244,101.350167
2012-10-22,2012,110.746227,107.028181,100.0,114.424258,99.046655,101.262496
2012-10-23,2012,110.1523,106.478535,100.0,113.632356,97.342445,99.070667
2012-10-24,2012,109.647309,105.998329,100.0,112.959034,96.449844,98.439419
2012-10-25,2012,109.841422,106.420334,100.0,113.217852,97.590483,99.438892
2012-10-26,2012,109.96216,106.452938,100.0,113.378836,96.645575,98.702441
2012-10-29,2012,110.598061,107.395377,100.0,114.226704,96.476841,98.439419
2012-10-30,2012,110.268964,107.361578,100.0,113.787907,97.332321,99.298619
2012-10-31,2012,110.102693,107.077153,100.0,113.566212,96.292922,98.264075
2012-11-01,2012,111.150759,108.260154,100.0,114.963634,98.511769,100.701388
2012-11-05,2012,111.470632,108.204435,100.0,115.390132,98.21986,100.122742
2012-11-06,2012,111.397919,108.225489,100.0,115.293181,100.327343,102.209367
2012-11-07,2012,110.995187,107.633605,100.0,114.756205,98.737872,100.578646
2012-11-08,2012,109.628209,105.856298,100.0,112.933567,97.062347,98.947925
2012-11-09,2012,108.764684,104.838471,100.0,111.782201,96.782249,98.755043
2012-11-12,2012,108.448097,104.432708,100.0,111.360085,96.286172,98.211467
2012-11-13,2012,109.43259,105.514408,100.0,112.672742,96.998228,98.947925
2012-11-14,2012,109.074126,104.535134,100.0,112.19479,94.961613,96.475542
2012-11-16,2012,111.720822,106.410174,100.0,115.723719,93.481819,94.914961
2012-11-19,2012,112.204657,106.356213,100.0,116.368831,95.251835,96.896369
2012-11-21,2012,112.975045,107.10398,100.0,117.396016,94.899182,96.650886
2012-11-22,2012,113.327726,107.435302,100.0,117.866256,95.228212,96.984048
2012-11-23,2012,115.056139,109.743337,100.0,120.170807,97.146714,99.053135
2012-11-26,2012,114.811947,109.060374,100.0,119.845218,95.734413,97.580226
2012-11-27,2012,113.935777,108.331934,100.0,118.676991,94.909306,96.615816
2012-11-28,2012,114.465792,109.463677,100.0,119.383678,95.400321,97.317204
2012-11-29,2012,114.480745,109.961909,100.0,119.403615,97.617481,98.895323
2012-11-30,2012,116.961365,111.594535,100.0,122.711109,96.979668,99.070667
2012-12-03,2012,117.574306,112.031164,100.0,123.528364,98.206361,100.14028
2012-12-04,2012,115.920455,110.632147,100.0,121.323229,97.128153,98.982995
2012-12-05,2012,115.287454,109.301686,100.0,120.479227,97.323884,99.24601
2012-12-06,2012,116.172689,110.097814,100.0,121.659541,97.285076,99.544103
2012-12-07,2012,115.784498,110.060971,100.0,121.141953,98.687252,100.578646
2012-12-10,2012,119.111593,110.270013,100.0,125.57808,99.971315,101.665791
2012-12-11,2012,119.894753,110.878018,100.0,126.622292,100.604066,102.209367
2012-12-12,2012,120.167578,110.845687,100.0,126.986059,100.352653,102.226899
2012-12-13,2012,120.486026,111.097569,100.0,127.410657,100.087742,101.876205
2012-12-14,2012,119.95713,110.582361,100.0,126.705462,100.573694,102.489921
2012-12-17,2012,119.990031,110.992169,100.0,126.74933,100.509576,102.472383
2012-12-18,2012,120.15523,111.005618,100.0,126.969596,102.018055,103.980362
2012-12-19,2012,120.395521,111.113493,100.0,127.289983,102.924154,104.629142
2012-12-20,2012,118.249628,109.026044,100.0,124.428792,103.393234,105.505873
2012-12-21,2012,120.40166,110.953945,100.0,127.298168,102.93934,104.71682
2012-12-26,2012,115.769886,106.330768,100.0,121.12247,102.860035,104.699282
2012-12-27,2012,115.981417,106.504542,100.0,121.404512,101.942124,104.418728
2012-12-28,2012,116.214026,106.964367,100.0,121.714656,102.846537,104.664212
2013-01-03,2013,115.919753,105.355851,100.026555,121.45508,104.09944,105.774568
2013-01-04,2013,115.731522,105.912606,100.053155,121.181434,102.802143,104.749623
2013-01-07,2013,117.306145,108.083307,100.079724,123.369525,101.832048,103.775923
2013-01-08,2013,116.791762,107.325832,100.106263,122.640451,100.508443,102.340997
2013-01-09,2013,117.630796,107.9448,100.132772,123.801359,101.24999,102.921801
2013-01-10,2013,117.322389,107.721742,100.159326,123.359914,101.412769,103.331782
2013-01-11,2013,116.99309,107.995165,100.185923,122.889275,101.115164,103.007212
2013-01-14,2013,117.942505,109.667338,100.212565,124.20427,102.075394,103.775923
2013-01-15,2013,117.774827,108.780766,100.239252,123.95929,101.494981,103.383028
2013-01-16,2013,119.564474,110.686983,100.265946,126.447599,101.59199,103.417193
2013-01-17,2013,119.928873,111.355641,100.292647,126.945629,102.261191,104.220064
2013-01-18,2013,120.183631,111.176489,100.319279,127.290577,101.869865,103.844255
2013-01-21,2013,119.94427,111.198006,100.345957,126.945501,101.777788,103.775923
2013-01-22,2013,120.090504,111.330178,100.372642,127.13888,101.435788,103.775923
2013-01-23,2013,119.262386,109.619772,100.399334,125.971633,101.886307,103.878421
2013-01-24,2013,119.888623,109.945641,100.426033,126.835304,100.577501,102.340997
2013-01-28,2013,118.945913,109.797853,100.479527,125.497161,98.698147,100.598586
2013-01-29,2013,120.046991,110.69355,100.506322,127.023881,99.32131,101.350218
2013-01-30,2013,120.712947,110.794809,100.533124,127.942976,97.563629,99.214911
2013-01-31,2013,121.419979,112.359615,100.559934,128.91943,98.260782,100.256935
2013-02-01,2013,122.017302,113.283828,100.58675,129.742677,99.230877,100.888991
2013-02-04,2013,122.284094,113.603117,100.613611,130.104338,97.956599,99.761549
2013-02-05,2013,122.225301,114.083732,100.640478,130.011336,97.741205,99.351567
2013-02-06,2013,122.062628,113.5302,100.667353,129.77327,96.928956,98.719518
2013-02-07,2013,121.143314,112.507081,100.694198,128.478609,95.976947,97.694567
2013-02-08,2013,122.552698,113.52264,100.721051,130.435839,96.18412,97.728732
2013-02-13,2013,124.437014,116.890618,100.74791,133.05628,96.032851,97.831229
2013-02-14,2013,124.189749,116.77442,100.774739,132.700104,95.4919,97.335837
2013-02-15,2013,124.173475,117.204717,100.801575,132.666491,95.205804,96.85753
2013-02-18,2013,124.470193,117.586404,100.828419,133.069949,94.730622,96.430468
2013-02-19,2013,124.161133,117.247372,100.855232,132.627487,94.237353,95.832579
2013-02-20,2013,122.649709,114.021292,100.882127,130.505957,92.369508,93.646026
2013-02-21,2013,122.167799,113.863284,100.909029,129.822084,92.331691,93.663112
2013-02-22,2013,123.13204,114.617182,100.935976,131.157657,93.222863,94.688057
2013-02-25,2013,122.947416,115.943894,100.963079,130.888845,93.092969,94.448904
2013-02-26,2013,123.58019,117.043122,100.990115,131.761508,93.637209,95.354272
2013-02-27,2013,122.687333,117.363834,101.017158,130.503713,94.171584,95.88383
2013-02-28,2013,123.148026,117.32324,101.044209,131.136069,94.418218,95.90091
2013-03-01,2013,123.959535,119.427842,101.071266,132.258318,93.530334,95.28594
2013-03-04,2013,123.604308,119.338462,101.098369,131.751268,92.897306,94.465983
2013-03-05,2013,125.650348,121.939789,101.125478,134.597447,91.996268,93.782689
2013-03-06,2013,127.900277,124.789645,101.152595,137.728341,95.26664,96.772119
2013-03-07,2013,127.870965,125.60797,101.179719,137.676404,96.757956,98.360788
2013-03-08,2013,128.233112,125.892126,101.20685,138.171114,96.077245,97.626242
2013-03-11,2013,128.580702,126.566555,101.233989,138.645493,96.261399,98.27537
2013-03-12,2013,128.594997,127.533712,101.261135,138.654441,95.708938,97.404168
2013-03-13,2013,127.474085,126.07276,101.288288,137.078136,94.355737,95.90091
2013-03-14,2013,128.518422,127.220901,101.315449,138.525472,94.183093,95.747168
2013-03-15,2013,127.523699,125.82848,101.342616,137.125377,93.505671,95.029708
2013-03-18,2013,128.254576,126.883054,101.369791,138.13498,93.676671,95.251775
2013-03-19,2013,128.303758,127.208316,101.396974,138.192631,92.670402,94.20975
2013-03-20,2013,128.298874,126.764717,101.424163,138.17478,92.126163,93.714358
2013-03-21,2013,127.140528,125.044425,101.45136,136.546182,91.381327,93.031057
2013-03-22,2013,127.624613,126.386456,101.478564,137.211141,90.832154,92.689406
2013-03-25,2013,126.765107,126.490861,101.505776,135.999851,90.223789,91.85237
2013-03-26,2013,126.373806,126.023354,101.532995,135.442378,91.535884,93.218965
2013-03-27,2013,125.86237,125.395831,101.560221,134.717141,92.132739,93.816848
2013-03-28,2013,126.518662,126.14879,101.587529,135.622536,92.655604,94.124333
2013-04-01,2013,126.626836,125.937376,101.614883,135.762496,91.915701,93.611861
2013-04-02,2013,127.751279,127.873145,101.642243,137.321616,90.250097,91.818204
2013-04-03,2013,126.039695,126.460514,101.669574,134.920398,91.358308,93.013977
2013-04-04,2013,126.672996,127.147275,101.696912,135.793676,89.853838,91.391142
2013-04-05,2013,127.186854,128.143701,101.724257,136.500154,90.516462,92.381928
2013-04-08,2013,126.685388,127.614979,101.75161,135.788789,90.583876,92.159854
2013-04-09,2013,127.142365,128.023594,101.77897,136.415831,91.932144,93.492284
2013-04-10,2013,128.119992,129.815994,101.806337,137.769928,92.384307,93.970591
2013-04-11,2013,126.772092,128.19301,101.833712,135.876556,91.091942,92.501505
2013-04-12,2013,125.966615,127.693111,101.861094,134.740643,90.37177,91.784038
2013-04-15,2013,123.18228,124.103855,101.888483,130.841368,87.061937,88.743363
2013-04-16,2013,126.307386,128.305202,101.915843,135.194299,88.773579,90.314946
2013-04-17,2013,127.110345,129.522566,101.943209,136.304482,86.950129,88.521289
2013-04-18,2013,127.343672,129.801463,101.97149,136.618835,87.41709,88.897105
2013-04-19,2013,128.520322,131.432964,101.999779,138.250483,88.671637,90.075793
2013-04-22,2013,128.350656,130.894094,102.028076,138.002073,89.278358,90.810339
2013-04-23,2013,129.900816,132.643005,102.05638,140.155299,90.24352,91.715707
2013-04-24,2013,128.145873,130.798093,102.084693,137.693135,90.406299,91.85237
2013-04-25,2013,128.436974,131.385078,102.113013,138.088151,90.37177,91.989026
2013-04-26,2013,128.017365,131.169506,102.141304,137.490714,89.202723,90.707842
2013-04-29,2013,126.979013,128.842236,102.169602,136.029234,90.246809,91.818204
2013-04-30,2013,129.287047,130.207576,102.197908,139.240786,91.928855,93.013977
2013-05-02,2013,127.935784,129.427509,102.226222,137.342337,90.962048,92.330676
2013-05-03,2013,128.131383,128.228985,102.254544,137.60399,91.23499,92.501505
2013-05-06,2013,127.649467,127.104435,102.282911,136.919513,91.139625,92.706492
2013-05-07,2013,128.247722,128.131477,102.311286,137.743429,92.528999,94.278075
2013-05-08,2013,129.022128,129.673474,102.339632,138.813342,91.756211,93.441039
2013-05-09,2013,128.183676,127.194766,102.368023,137.630973,91.169221,92.672327
2013-05-10,2013,128.737129,127.8697,102.396384,138.392332,90.610183,92.091523
2013-05-13,2013,128.748338,127.405705,102.424715,138.396491,89.524992,91.049492
2013-05-14,2013,128.925186,127.108765,102.453054,138.631951,89.885078,91.408222
2013-05-15,2013,130.012888,127.837175,102.481401,140.139364,90.327376,91.818204
2013-05-16,2013,127.808332,124.728706,102.509755,137.049324,90.059366,91.681541
2013-05-17,2013,128.992234,125.722744,102.538117,138.691068,90.70226,92.313597
2013-05-20,2013,128.765829,126.076081,102.566488,138.363397,91.585211,93.218965
2013-05-21,2013,129.081743,126.977062,102.594866,138.793039,92.512556,94.073088
2013-05-22,2013,129.19461,127.752169,102.623252,138.939134,92.78221,94.56848
2013-05-23,2013,127.648037,125.636087,102.651646,136.767914,92.652316,94.312241
2013-05-24,2013,127.609512,125.72923,102.680047,136.702594,92.744393,94.534315
2013-05-27,2013,128.375098,126.938634,102.708457,137.760164,92.72795,94.551394
2013-05-28,2013,129.028192,127.078721,102.736874,138.660643,92.136028,93.611861
2013-05-29,2013,127.33755,125.010775,102.765299,136.288226,89.832463,91.339897
2013-05-31,2013,122.94721,117.969164,102.79563,130.145063,87.976128,89.597486
2013-06-03,2013,122.308173,117.973403,102.825969,129.240376,88.6963,90.109958
2013-06-04,2013,123.368735,120.4783,102.856317,130.709077,88.817973,90.297866
2013-06-05,2013,122.446349,119.611321,102.886674,129.408701,86.813658,88.384633
2013-06-06,2013,122.774632,119.677099,102.91704,129.85481,86.955062,88.555455
2013-06-07,2013,122.387754,119.255409,102.947415,129.302233,84.873468,86.368903
2013-06-10,2013,121.084895,116.781442,102.977798,127.470539,84.37691,85.736847
2013-06-11,2013,120.251714,116.151316,103.008191,126.294719,81.833288,83.191565
2013-06-12,2013,120.470286,116.821499,103.038593,126.587607,80.864837,82.388687
2013-06-13,2013,120.697915,117.463357,103.069004,126.89314,82.893816,84.404418
2013-06-14,2013,121.495673,117.544674,103.099424,127.994821,81.113115,82.610761
2013-06-17,2013,121.540627,117.385744,103.129853,128.045252,80.713568,82.252031
2013-06-18,2013,119.847589,115.207936,103.16029,125.668672,81.331798,82.593675
2013-06-19,2013,118.156856,112.333921,103.190737,123.295308,78.747069,80.270466
2013-06-20,2013,117.127657,110.5716,103.221193,121.845733,79.274867,80.85127
2013-06-21,2013,119.276262,112.896062,103.251657,124.833778,77.37085,78.903864
2013-06-24,2013,117.086134,109.942682,103.282131,121.763026,75.576996,77.076042
2013-06-25,2013,117.813952,111.446754,103.312614,122.767015,77.10284,78.5793
2013-06-26,2013,120.618579,114.283396,103.343106,126.671144,77.56158,78.903864
2013-06-27,2013,121.861866,116.086048,103.373606,128.394949,78.280108,79.843405
2013-06-28,2013,122.403691,115.294133,103.404116,129.139198,78.030186,79.433423
2013-07-01,2013,122.958468,116.295009,103.434635,129.901531,77.656946,79.245515
2013-07-02,2013,120.56088,113.328605,103.465162,126.54105,74.366843,75.504459
2013-07-03,2013,118.91546,110.413126,103.495699,124.230927,74.06266,75.111563
2013-07-04,2013,118.991069,110.698716,103.526245,124.324118,75.244861,76.802723
2013-07-05,2013,118.772639,109.637543,103.556799,124.006696,74.335603,75.829024
2013-07-08,2013,118.8936,109.998532,103.587363,124.163211,74.115276,75.470294
2013-07-10,2013,118.781587,109.70834,103.648518,123.98198,74.784477,76.051097
2013-07-11,2013,118.532246,109.429062,103.681015,123.620605,76.663831,78.203484
2013-07-12,2013,118.762676,109.454051,103.713522,123.929198,74.866689,76.358582
2013-07-15,2013,119.830159,110.833773,103.746039,125.406684,76.849629,78.254736
2013-07-16,2013,120.564718,112.778837,103.778567,126.419257,77.063379,78.784288
2013-07-17,2013,120.632098,113.654769,103.811104,126.500148,77.947974,79.553
2013-07-18,2013,120.773,114.893526,103.843652,126.683705,78.359031,79.689662
2013-07-19,2013,121.239045,115.492382,103.87621,127.3213,77.936464,79.501754
2013-07-22,2013,123.157264,118.107799,103.908779,129.98677,79.86679,81.534564
2013-07-23,2013,124.1549,119.482635,103.941357,131.366693,80.27127,81.705393
2013-07-24,2013,124.386605,119.909303,103.973946,131.677034,79.537944,81.073337
2013-07-25,2013,124.802762,120.582619,104.006545,132.244948,80.677395,82.234945
2013-07-26,2013,124.954124,120.690858,104.039154,132.443086,81.261096,82.832835
2013-07-29,2013,125.825868,121.837818,104.071773,133.647192,80.915808,82.439932
2013-07-30,2013,126.295568,122.184958,104.104403,134.289863,79.847059,81.278331
2013-07-31,2013,126.992007,120.809373,104.137043,135.249158,79.307752,80.834184
2013-08-01,2013,128.922669,122.433051,104.16973,137.931954,80.799068,82.388687
2013-08-02,2013,128.116366,120.957549,104.202428,136.792732,79.702367,81.090423
2013-08-05,2013,128.461025,122.093436,104.235099,137.260774,79.639886,81.22708
2013-08-06,2013,128.394499,121.972331,104.26778,137.154615,77.972638,79.29676
2013-08-07,2013,127.13851,120.308983,104.300471,135.387435,78.013743,79.570086
2013-08-08,2013,128.387603,121.656131,104.333172,137.118454,80.450491,82.166613
2013-08-09,2013,128.738062,122.54079,104.365884,137.594579,82.005932,83.58446
2013-08-12,2013,128.340701,122.167918,104.398605,137.02641,82.703085,84.404418
2013-08-13,2013,128.793447,122.319163,104.431338,137.645365,83.199642,84.814399
2013-08-14,2013,128.333296,121.735202,104.46408,136.989506,83.68469,84.89981
2013-08-15,2013,127.725729,120.055163,104.496833,136.127786,83.704421,85.343951
2013-08-16,2013,128.365773,121.123973,104.529595,137.008278,84.741929,86.385982
2013-08-19,2013,128.597293,121.162085,104.562369,137.318285,84.799477,86.608056
2013-08-20,2013,125.0596,117.031052,104.595152,132.364801,83.045085,84.780234
2013-08-21,2013,125.143695,116.974931,104.627946,132.468929,82.877373,84.489828
2013-08-22,2013,124.739161,115.971395,104.66075,131.890712,84.510093,86.129743
2013-08-23,2013,124.213763,115.449811,104.693564,131.14371,85.823832,87.376768
2013-08-26,2013,123.555916,114.474339,104.726389,130.211746,84.561064,86.385982
2013-08-27,2013,122.207329,112.19352,104.759223,128.315202,82.36273,84.096933
2013-08-28,2013,121.481783,111.742064,104.792069,127.288693,81.992778,84.028601
2013-08-29,2013,124.345201,114.714827,104.826841,131.273183,82.083211,83.806534
2013-08-30,2013,124.355889,113.847135,104.861624,131.273996,82.224614,84.55816
2013-09-02,2013,123.309208,112.783649,104.89642,129.798249,85.228621,86.198074
2013-09-03,2013,122.006374,111.372844,104.931226,127.964795,84.884977,86.21516
2013-09-04,2013,122.649394,112.907532,104.966045,128.848609,85.032958,86.283485
2013-09-05,2013,122.94435,113.658341,105.000874,129.246367,86.078688,87.29135
2013-09-06,2013,122.457965,113.628892,105.035716,128.553022,88.375676,90.332032
2013-09-09,2013,123.360437,114.149935,105.070569,129.799132,89.202723,90.554099
2013-09-10,2013,125.087834,116.089349,105.105433,132.197199,88.753848,90.28078
2013-09-11,2013,125.42229,116.187382,105.140309,132.650097,88.081359,89.494989
2013-09-12,2013,125.233674,116.075997,105.175197,132.372551,87.648926,89.153338
2013-09-13,2013,124.526673,114.684112,105.210096,131.371106,88.456243,90.246621
2013-09-16,2013,125.962966,117.038989,105.245007,133.362643,88.495704,89.648731
2013-09-17,2013,126.404637,117.970829,105.279929,133.965242,89.233963,90.947001
2013-09-18,2013,125.868879,117.142683,105.314863,133.202914,91.5885,93.372707
2013-09-19,2013,127.930234,119.922771,105.349771,136.067315,90.590452,91.989026
2013-09-20,2013,126.761725,117.945939,105.384651,134.421407,88.969242,90.53702
2013-09-23,2013,125.80169,116.60892,105.419543,133.066618,89.778203,91.2374
2013-09-24,2013,126.293292,117.482636,105.454447,133.738952,89.49704,91.134903
2013-09-25,2013,126.323797,117.241815,105.489785,133.767211,89.217521,90.588265
2013-09-26,2013,126.945283,117.442786,105.524789,134.620879,88.43158,90.144124
2013-09-27,2013,127.259915,118.008514,105.559766,135.046055,88.359233,89.717063
2013-09-30,2013,125.650281,116.480489,105.594755,132.784098,86.055668,87.615921
2013-10-01,2013,126.39573,117.390157,105.629756,133.810875,87.438465,88.760443
2013-10-02,2013,126.305431,117.122101,105.664728,133.670588,87.308571,88.675032
2013-10-03,2013,126.599091,117.935389,105.699713,134.066473,86.305591,87.650087
2013-10-04,2013,127.694925,119.434526,105.735211,135.582341,86.895869,88.316302
2013-10-07,2013,128.358535,121.058989,105.770644,136.494658,86.185562,87.29135
2013-10-08,2013,127.59658,120.248374,105.806089,135.416251,86.012918,87.410927
2013-10-09,2013,126.324122,118.248784,105.8417,133.624888,86.400956,87.957572
2013-10-10,2013,126.367398,117.740565,105.879287,133.670072,87.139215,88.657952
2013-10-11,2013,127.449191,119.526652,105.916733,135.16554,87.390782,88.897105
2013-10-14,2013,128.635226,121.26031,105.954308,136.806526,89.06954,90.861584
2013-10-15,2013,129.022445,122.118656,105.991896,137.332005,90.401366,91.818204
2013-10-16,2013,129.187138,123.035022,106.029498,137.546733,92.032441,93.099388
2013-10-17,2013,129.976843,123.379989,106.067113,138.63425,91.021241,92.56983
2013-10-18,2013,130.64375,124.219572,106.104626,139.550327,91.054125,92.228186
2013-10-21,2013,129.747755,122.752394,106.142267,138.28385,92.203441,93.628947
2013-10-22,2013,129.321193,122.22361,106.179922,137.672904,92.833181,94.380572
2013-10-23,2013,127.797634,121.09616,106.217475,135.530105,91.156067,92.501505
2013-10-24,2013,127.143324,119.756407,106.255041,134.601159,90.230366,91.510719
2013-10-25,2013,127.587331,119.790187,106.29262,135.205942,89.041589,90.28078
2013-10-28,2013,127.375915,119.57317,106.330213,134.89546,90.552635,92.245265
2013-10-29,2013,127.248621,119.881628,106.367819,134.702444,89.674617,90.622431
2013-10-30,2013,127.610879,120.403102,106.405438,135.193054,89.072829,90.434523
2013-10-31,2013,127.852321,121.062297,106.44307,135.514945,89.2093,90.024547
2013-11-01,2013,129.127996,123.035529,106.480716,137.281078,88.809752,90.17829
2013-11-04,2013,129.149269,123.129167,106.51822,137.295569,89.506905,90.89575
2013-11-05,2013,128.378493,123.285008,106.555738,136.204003,88.512147,89.887884
2013-11-06,2013,127.785147,121.213309,106.593269,135.360202,87.777176,89.050848
2013-11-07,2013,127.914797,120.778262,106.630814,135.526019,86.718293,88.060062
2013-11-08,2013,127.951655,119.622745,106.668371,135.562251,85.909332,87.120528
2013-11-11,2013,129.930019,122.539292,106.705942,138.30968,86.525918,87.752577
2013-11-12,2013,129.608684,121.994127,106.743526,137.845706,85.17765,86.334737
2013-11-13,2013,129.671686,122.179775,106.781123,137.918431,85.878092,87.274271
2013-11-14,2013,129.809864,122.717256,106.818734,138.096129,87.88734,89.255835
2013-11-18,2013,130.326964,123.673107,106.856357,138.802966,89.293156,90.639517
2013-11-19,2013,129.190217,121.483444,106.893994,137.200293,87.198408,88.367547
2013-11-21,2013,128.2384,119.182101,106.969308,135.84058,86.631149,87.855075
2013-11-22,2013,127.24529,117.344216,107.006985,134.438472,86.816946,88.26505
2013-11-25,2013,126.084747,115.268898,107.044675,132.80255,85.933995,87.274271
2013-11-26,2013,125.320327,113.69488,107.082378,131.719785,84.59066,85.531859
2013-11-27,2013,126.357852,115.319714,107.120094,133.153326,85.271371,86.351817
2013-11-28,2013,126.1331,114.942351,107.159727,132.823394,85.248352,86.778878
2013-11-29,2013,126.472097,115.825296,107.199374,133.280698,86.292437,87.598835
2013-12-02,2013,124.450676,112.442016,107.239035,130.441809,84.258526,85.480614
2013-12-03,2013,124.720571,112.477551,107.278712,130.802603,82.785296,84.096933
2013-12-04,2013,125.432921,113.431187,107.318403,131.781257,82.566614,83.857779
2013-12-05,2013,125.250211,113.10829,107.358108,131.510003,83.507113,84.455663
2013-12-06,2013,125.285844,113.77489,107.39779,131.543663,83.763613,85.173129
2013-12-09,2013,125.37239,114.103506,107.437835,131.648273,84.126987,85.292706
2013-12-10,2013,124.562177,112.194622,107.477585,130.500729,83.84418,85.087718
2013-12-11,2013,124.313438,111.347225,107.51735,130.137247,82.323268,83.379473
2013-12-12,2013,124.117599,111.105849,107.557129,129.847629,82.412056,83.58446
2013-12-13,2013,124.057499,111.428245,107.596923,129.747558,82.295316,83.276976
2013-12-16,2013,123.650257,110.677068,107.637043,129.162591,82.671845,83.926111
2013-12-17,2013,124.269461,111.944635,107.676866,130.011118,82.359441,83.58446
2013-12-18,2013,124.667408,112.967975,107.716704,130.550664,83.137161,84.626491
2013-12-19,2013,124.953377,113.533424,107.756558,130.933834,83.558084,86.23224
2013-12-20,2013,125.998881,115.28997,107.796425,132.377646,84.161516,85.25854
2013-12-23,2013,125.542971,114.86351,107.836308,131.724813,84.441035,85.600191
2013-12-26,2013,125.636939,114.966297,107.916117,131.823654,84.219064,85.480614
2013-12-27,2013,125.215402,114.610439,107.956044,131.218803,84.294699,85.651436
2013-12-30,2013,126.145005,115.777295,107.995985,132.500734,84.689314,85.822265
2014-01-03,2014,127.642536,117.133765,108.035941,134.855823,85.765994,86.13701
2014-01-06,2014,126.405032,115.680763,108.075912,133.106336,85.754218,87.151213
2014-01-07,2014,125.834627,115.75451,108.115898,132.291125,84.83904,86.084554
2014-01-08,2014,124.622548,115.351765,108.155899,130.577233,85.08634,86.171984
2014-01-09,2014,122.708928,113.132363,108.195915,127.88082,82.975037,84.178558
2014-01-10,2014,123.188723,114.071564,108.235945,128.536408,83.604222,84.49331
2014-01-13,2014,122.740774,113.11921,108.27599,127.892672,83.15168,84.388391
2014-01-14,2014,123.858836,113.895632,108.31605,129.442149,83.615998,84.59823
2014-01-15,2014,124.564704,114.418183,108.356125,130.414336,84.292288,85.262701
2014-01-16,2014,123.921422,113.546106,108.398169,129.496217,83.604222,84.878009
2014-01-17,2014,124.252948,112.972229,108.440503,129.94321,82.739513,83.968726
2014-01-20,2014,123.959436,113.126983,108.482892,129.514807,81.942097,83.059442
2014-01-21,2014,122.78436,111.365368,108.525298,127.851756,81.662833,82.797147
2014-01-22,2014,123.392274,111.763886,108.567408,128.685926,82.938026,84.248504
2014-01-23,2014,122.148949,110.640821,108.609535,126.927405,81.291042,82.499885
2014-01-24,2014,121.697005,109.698098,108.651677,126.277217,80.392687,81.398252
2014-01-27,2014,121.127133,108.343399,108.693836,125.461862,80.248008,81.538145
2014-01-28,2014,121.1119,108.75817,108.736012,125.42328,80.483532,81.678031
2014-01-29,2014,120.303819,108.210546,108.778203,124.274297,80.005755,80.873668
2014-01-30,2014,120.808891,107.388262,108.820412,124.964395,79.479191,80.558916
2014-01-31,2014,120.991671,107.291331,108.862636,125.203112,80.143705,81.240876
2014-02-03,2014,119.604897,105.375546,108.904877,123.243643,77.635376,78.845269
2014-02-04,2014,118.815156,105.230377,108.947213,122.120287,79.008143,80.104277
2014-02-05,2014,118.601265,103.791934,108.989565,121.803409,78.436157,79.632149
2014-02-06,2014,121.456035,107.225926,109.031933,125.784222,80.310254,81.608085
2014-02-07,2014,121.710981,107.694636,109.074318,126.123943,80.875511,82.202616
2014-02-10,2014,121.54198,106.638833,109.11672,125.869914,80.264831,81.363279
2014-02-11,2014,123.123021,108.372735,109.159138,128.066834,81.52993,82.604804
2014-02-12,2014,123.22898,108.071727,109.201573,128.197877,81.116081,82.220106
2014-02-13,2014,123.491598,108.326464,109.244024,128.548316,80.436427,81.87038
2014-02-14,2014,122.738755,107.997463,109.286491,127.476583,81.089164,82.255079
2014-02-17,2014,121.27647,107.596681,109.328975,125.411259,80.037719,81.153447
2014-02-18,2014,120.307345,106.812041,109.371476,124.036606,78.395781,79.404827
2014-02-19,2014,122.717424,108.383288,109.413993,127.394564,79.322736,79.999358
2014-02-20,2014,122.952059,107.410897,109.456526,127.705778,79.554895,80.681318
2014-02-21,2014,123.808887,108.869964,109.499077,128.888375,79.707985,80.891151
2014-02-24,2014,124.555197,109.228821,109.541643,129.916183,79.729856,80.453996
2014-02-25,2014,122.638529,107.063634,109.584226,127.21445,78.59093,79.632149
2014-02-26,2014,122.989461,107.523209,109.627063,127.688416,78.394099,79.33488
2014-02-27,2014,124.611355,109.194936,109.670861,129.941986,80.089871,81.398252
2014-02-28,2014,124.761078,108.923802,109.714677,130.133756,79.226844,80.576405
2014-03-05,2014,126.10548,110.314876,109.758353,131.998745,78.377276,79.4398
2014-03-06,2014,126.307155,110.749006,109.802047,132.263325,79.225162,80.174217
2014-03-07,2014,124.252686,109.794903,109.845758,129.368139,77.796878,78.740349
2014-03-10,2014,122.680884,108.80259,109.889486,127.148927,76.600754,77.428884
2014-03-11,2014,121.962652,107.874455,109.933232,126.125144,76.878335,77.848556
2014-03-12,2014,123.058327,108.089805,109.976996,127.641752,77.154234,78.215765
2014-03-13,2014,123.899685,108.086176,110.020776,128.802179,76.451028,77.568777
2014-03-14,2014,123.573335,107.28666,110.064575,128.32721,75.646882,76.589548
2014-03-17,2014,123.865226,108.098307,110.10839,128.718088,75.902594,76.939273
2014-03-18,2014,125.019105,110.039628,110.152223,130.316184,77.638741,78.635436
2014-03-19,2014,126.66718,110.846869,110.196231,132.606336,78.340265,79.33488
2014-03-20,2014,127.750108,111.370771,110.240257,134.104984,79.53639,80.401539
2014-03-21,2014,130.327831,113.659198,110.2843,137.697106,79.709668,80.926124
2014-03-24,2014,132.482489,115.054507,110.328361,140.69671,80.739243,82.115186
2014-03-25,2014,133.57446,116.20471,110.372439,142.208003,81.053836,82.272562
2014-03-26,2014,132.477478,115.49198,110.416535,140.653632,80.693821,81.747978
2014-03-27,2014,133.556539,117.14168,110.460491,142.146895,83.521789,84.790579
2014-03-28,2014,132.295392,116.52645,110.504464,140.362659,83.725349,84.947955
2014-03-31,2014,135.707022,118.95382,110.548455,145.122698,84.813805,85.839748
2014-04-01,2014,135.962018,119.885628,110.592463,145.461825,84.56987,85.769802
2014-04-02,2014,137.169289,121.290845,110.636489,147.134618,86.97726,88.252846
2014-04-03,2014,136.460963,119.88491,110.681523,146.124181,86.484342,87.780717
2014-04-04,2014,135.580848,119.122291,110.726576,144.873144,85.935908,87.20367
2014-04-07,2014,134.77904,118.525245,110.771648,143.731769,87.74103,88.917316
2014-04-08,2014,133.940423,117.907464,110.816737,142.538835,86.856133,88.025523
2014-04-09,2014,133.442457,118.06539,110.861845,141.82298,86.109186,87.22116
2014-04-10,2014,134.777167,119.153687,110.906971,143.673803,86.011612,87.186186
2014-04-11,2014,135.378877,119.850264,110.952116,144.498043,87.256523,88.322785
2014-04-14,2014,137.767424,121.255699,110.997279,147.824761,86.800617,87.955577
2014-04-15,2014,138.176733,121.123737,111.042461,148.379527,84.879415,85.822265
2014-04-16,2014,140.928226,124.272286,111.08766,152.21454,86.136103,87.20367
2014-04-17,2014,142.649869,125.775877,111.132879,154.607231,87.66869,88.75994
2014-04-22,2014,142.6995,125.058411,111.178115,154.658239,87.441578,88.567598
2014-04-23,2014,142.111023,124.344103,111.22337,153.815562,86.756877,87.798201
2014-04-24,2014,141.797574,123.652065,111.268644,153.358057,87.172408,87.850664
2014-04-25,2014,141.929739,123.684419,111.313936,153.524633,86.469201,87.430992
2014-04-28,2014,141.63871,123.322206,111.359246,153.098513,86.443966,87.518422
2014-04-29,2014,141.533523,123.107463,111.404575,152.932659,87.209419,88.340275
2014-04-30,2014,138.138612,121.804259,111.449922,148.159498,86.851086,87.938093
2014-05-02,2014,140.292061,124.237367,111.495288,151.156878,89.128938,90.193815
2014-05-05,2014,139.700041,124.059952,111.540672,150.309186,89.912896,91.015661
2014-05-06,2014,140.703079,125.248035,111.586075,151.695384,90.474788,91.540246
2014-05-07,2014,141.684908,125.40395,111.631496,153.051872,90.93406,92.099804
2014-05-08,2014,140.281002,123.566253,111.676935,151.067101,89.87252,90.910748
2014-05-09,2014,140.344906,123.689087,111.722393,151.138009,89.330815,90.42113
2014-05-12,2014,141.139931,125.008717,111.76787,152.232852,90.93406,91.872488
2014-05-13,2014,141.220004,125.018089,111.813365,152.326389,90.688442,91.959918
2014-05-14,2014,143.602536,126.976303,111.858879,155.644541,91.539692,92.554449
2014-05-15,2014,141.61894,125.584042,111.904411,152.84787,90.602644,91.837515
2014-05-16,2014,141.666798,125.471398,111.949962,152.896266,90.804521,92.064837
2014-05-19,2014,141.26996,123.285961,111.995531,152.321854,89.75644,90.945715
2014-05-20,2014,140.466377,122.325987,112.041119,151.177782,88.095998,89.336988
2014-05-21,2014,139.74961,121.708899,112.086725,150.15529,87.821781,88.86486
2014-05-22,2014,140.859777,123.211336,112.13235,151.691433,88.836215,90.123868
2014-05-23,2014,141.772284,123.044371,112.177993,152.950743,88.533399,89.63425
2014-05-26,2014,142.014611,123.392329,112.223655,153.27145,89.048187,90.228781
2014-05-27,2014,139.332402,120.988544,112.269336,149.496302,87.769629,88.952289
2014-05-28,2014,139.852236,121.609977,112.315035,150.205647,88.556951,89.704197
2014-05-29,2014,139.21896,121.493762,112.360753,149.300039,87.882344,89.039719
2014-05-30,2014,137.963151,120.37261,112.406489,147.522558,86.200031,87.396019
2014-06-02,2014,139.322987,121.28888,112.452245,149.408313,86.81744,87.973067
2014-06-03,2014,140.834494,122.578563,112.498018,151.506477,87.534105,88.655027
2014-06-04,2014,140.01649,121.231327,112.543811,150.342125,87.199325,88.340275
2014-06-05,2014,139.829471,120.629243,112.589622,150.061466,86.738371,87.780717
2014-06-06,2014,139.403226,121.282097,112.635451,149.445762,89.379602,90.578506
2014-06-09,2014,140.522912,122.940178,112.681462,150.995081,91.304168,92.484502
2014-06-10,2014,141.738452,124.41677,112.727329,152.678701,91.861014,93.06155
2014-06-11,2014,143.390761,124.668811,112.773214,154.974014,92.698806,93.970833
2014-06-13,2014,143.144109,123.821029,112.865042,154.591021,92.202523,93.446242
2014-06-16,2014,144.146065,124.603555,112.910983,155.975483,91.904754,93.114007
2014-06-17,2014,143.564559,124.055566,112.956944,155.142281,91.349591,92.379589
2014-06-18,2014,146.39441,126.713445,113.002923,159.086718,92.868719,94.02329
2014-06-20,2014,144.4776,124.959723,113.048921,156.383391,91.918213,93.026577
2014-06-23,2014,142.466486,123.565752,113.094937,153.547982,91.198183,92.25718
2014-06-24,2014,142.123022,123.265942,113.140973,153.048128,91.317627,92.501992
2014-06-25,2014,141.567084,122.410221,113.187027,152.250697,89.879249,90.858285
2014-06-26,2014,140.531222,121.475912,113.233099,150.781116,90.013834,90.928232
2014-06-27,2014,140.863529,122.201746,113.279191,151.227667,89.426707,90.456104
2014-06-30,2014,141.341212,121.969798,113.325301,151.877809,89.445213,90.386157
2014-07-01,2014,142.1814,121.682185,113.37143,153.035638,89.45026,90.648453
2014-07-02,2014,141.576801,120.514333,113.417578,152.170017,89.211371,90.263754
2014-07-03,2014,142.849984,120.956512,113.463745,153.934245,90.634608,91.767568
2014-07-04,2014,143.043442,121.954919,113.50993,154.186297,90.937424,92.047347
2014-07-07,2014,144.578621,122.60105,113.556134,156.317438,90.511799,91.505279
2014-07-08,2014,144.379132,122.323233,113.602357,156.019148,90.230853,91.29544
2014-07-10,2014,146.30486,123.480218,113.69486,158.678323,91.842508,93.079033
2014-07-11,2014,147.303506,124.723555,113.741139,160.058012,92.167195,93.288866
2014-07-14,2014,146.833504,124.483163,113.787438,159.380834,93.778851,94.932573
2014-07-15,2014,147.196564,125.319847,113.833755,159.870361,94.165783,95.282298
2014-07-16,2014,146.586579,124.34224,113.880091,158.997119,93.733428,94.8976
2014-07-17,2014,146.035236,123.683737,113.926446,158.206,93.600525,94.70525
2014-07-18,2014,147.281953,124.183822,113.97282,159.933077,95.913706,97.083374
2014-07-21,2014,150.409416,127.797613,114.019212,164.294154,96.958422,98.062604
2014-07-22,2014,150.349841,128.163532,114.065624,164.191738,97.545549,98.709591
2014-07-23,2014,148.821693,126.15193,114.112054,162.03256,96.598407,97.800308
2014-07-24,2014,148.631761,126.450613,114.158503,161.74756,97.537138,98.604672
2014-07-25,2014,147.237027,125.751879,114.204972,159.775214,97.273015,98.517242
2014-07-28,2014,147.579883,125.711345,114.251459,160.236377,97.062725,98.20249
2014-07-29,2014,145.205148,123.824707,114.297965,156.891511,96.092031,97.32818
2014-07-30,2014,143.120385,121.562869,114.34449,153.952748,95.686593,96.856052
2014-07-31,2014,140.590425,119.154534,114.391034,150.390472,93.921847,95.002519
2014-08-01,2014,141.524768,119.287516,114.437597,151.679988,94.046338,95.142405
2014-08-04,2014,141.999525,120.403012,114.48422,152.325825,95.245827,96.261521
2014-08-05,2014,142.311689,119.813109,114.530862,152.743938,94.54935,95.544587
2014-08-06,2014,141.727396,119.523257,114.577523,151.906547,95.028809,96.139118
2014-08-07,2014,141.386274,119.926419,114.624203,151.40971,94.525798,95.876829
2014-08-08,2014,141.173147,119.80545,114.670902,151.092125,93.491175,94.582847
2014-08-11,2014,142.446141,121.621353,114.71762,152.855862,95.240781,96.331467
2014-08-12,2014,142.143028,122.510975,114.764357,152.412235,94.953105,96.069172
2014-08-13,2014,142.765133,122.503204,114.811113,153.264379,93.504634,94.617821
2014-08-14,2014,142.716764,123.444376,114.857888,153.177508,93.839414,94.8976
2014-08-15,2014,143.366408,124.341185,114.904724,154.068188,95.831272,96.873542
2014-08-18,2014,144.226889,125.130158,114.951537,155.254157,96.835613,97.992657
2014-08-19,2014,144.605677,125.998718,114.99837,155.765501,98.329507,99.444008
2014-08-20,2014,144.508301,125.658984,115.045345,155.609914,99.051219,100.195916
2014-08-21,2014,145.786709,126.586047,115.092257,157.381155,99.243003,100.475694
2014-08-22,2014,144.980656,125.907007,115.139147,156.233091,98.25885,99.426525
2014-08-25,2014,146.31425,127.53928,115.18618,158.081571,100.492961,101.769676
2014-08-26,2014,146.278071,127.125323,115.233233,158.011659,100.63764,101.769676
2014-08-27,2014,147.967838,127.879417,115.28018,160.358999,102.538654,103.640699
2014-08-28,2014,147.296709,127.253108,115.327271,159.399815,101.428327,102.678959
2014-08-29,2014,149.600699,130.20637,115.374256,162.607366,103.105593,104.375116
2014-09-01,2014,148.325463,128.434672,115.421261,160.802159,102.858293,104.13031
2014-09-02,2014,148.119936,128.302259,115.468285,160.495085,104.12844,105.214453
2014-09-03,2014,147.305237,128.80264,115.515327,159.33485,104.029183,105.336862
2014-09-04,2014,146.198194,128.477588,115.56239,157.765175,102.284625,103.868021
2014-09-05,2014,145.496166,128.196897,115.609471,156.762721,102.084429,103.308463
2014-09-08,2014,144.19845,127.112029,115.656571,154.925992,99.581148,100.545641
2014-09-09,2014,142.767431,126.17192,115.703691,152.902562,98.711392,99.933627
2014-09-10,2014,143.089536,126.208332,115.750955,153.334345,97.908929,99.041827
2014-09-11,2014,142.997965,126.063638,115.798113,153.186812,98.141088,99.129256
2014-09-12,2014,139.99208,122.714242,115.84529,148.957739,95.770709,96.611246
2014-09-15,2014,140.468691,122.763352,115.892487,149.605936,97.488351,98.622162
2014-09-16,2014,142.566231,125.449201,115.939702,152.524257,99.449927,100.563124
2014-09-17,2014,142.240914,124.756841,115.986937,152.04933,99.438151,100.353292
2014-09-18,2014,141.032645,123.329763,116.034192,150.337807,98.203334,99.356579
2014-09-19,2014,139.842103,122.527515,116.081465,148.651106,97.219181,98.412323
2014-09-22,2014,140.085988,122.231797,116.128758,148.973328,95.585655,96.576273
2014-09-23,2014,138.890813,120.869841,116.176195,147.28007,95.119654,95.859339
2014-09-24,2014,139.288843,121.31951,116.223652,147.818108,95.595749,96.646219
2014-09-25,2014,139.176776,120.572891,116.271128,147.641741,94.145595,95.124922
2014-09-26,2014,139.746505,121.879358,116.318498,148.420281,96.248486,97.293207
2014-09-29,2014,137.254582,119.283988,116.365888,144.91093,91.896342,92.536959
2014-09-30,2014,135.789587,118.542148,116.413296,142.839798,91.040045,92.047347
2014-10-01,2014,135.223918,116.834573,116.460724,142.028175,88.923696,89.424418
2014-10-02,2014,135.908339,116.857155,116.508172,142.967311,90.035704,90.578506
2014-10-03,2014,137.455249,118.951557,116.555638,145.114365,91.753346,92.746798
2014-10-06,2014,139.469558,121.940489,116.603124,147.91601,96.086984,97.41561
2014-10-07,2014,138.835741,120.346977,116.650755,147.008862,96.625324,97.695389
2014-10-08,2014,138.114436,120.031657,116.698406,145.979177,95.98941,97.660415
2014-10-09,2014,137.954474,119.946966,116.746076,145.735653,96.342695,97.642932
2014-10-10,2014,135.532802,117.569877,116.793766,142.324568,93.052091,93.656081
2014-10-13,2014,136.615251,118.933548,116.841349,143.821091,97.501809,98.20249
2014-10-14,2014,137.056576,118.713488,116.889077,144.419653,97.599383,98.517242
2014-10-15,2014,135.383388,116.694521,116.936699,142.056857,94.436635,95.387211
2014-10-16,2014,134.931069,116.045545,116.984466,141.403843,91.346226,92.27467
2014-10-17,2014,137.331491,119.134102,117.032253,144.746121,93.745204,94.757707
2014-10-20,2014,137.724466,118.494444,117.08006,145.276936,91.354638,92.449529
2014-10-21,2014,134.469551,115.744241,117.127886,140.698828,88.20703,89.232068
2014-10-22,2014,134.531252,116.00376,117.175731,140.765673,88.171702,89.162129
2014-10-23,2014,132.549384,113.44381,117.223597,137.970467,85.315134,85.979634
2014-10-24,2014,133.681206,114.800685,117.271481,139.536015,87.381015,87.955577
2014-10-27,2014,131.726015,113.692614,117.319385,136.778154,84.963531,85.857232
2014-10-28,2014,133.67757,116.961179,117.367309,139.491732,88.035434,88.86486
2014-10-29,2014,132.548223,114.882751,117.415253,137.89046,85.880392,86.416789
2014-10-30,2014,133.503123,115.987442,117.464265,139.207764,88.047211,88.75994
2014-10-31,2014,135.603637,120.302595,117.513173,142.129558,91.903072,92.641878
2014-11-03,2014,137.442944,121.090358,117.5621,144.685521,90.755734,91.470306
2014-11-04,2014,137.126845,120.444306,117.611049,144.222802,91.490905,92.467019
2014-11-05,2014,136.877179,120.665171,117.660143,143.853063,90.336838,91.29544
2014-11-06,2014,135.992077,117.911669,117.709258,142.59338,88.551904,89.56431
2014-11-07,2014,136.33284,117.846926,117.758393,143.05053,89.53774,90.578506
2014-11-10,2014,137.175433,118.573839,117.807549,144.210489,88.699948,89.581794
2014-11-11,2014,137.940726,119.421116,117.856726,145.262179,88.277687,89.074692
2014-11-12,2014,137.512423,119.565585,117.905923,144.642215,89.127255,89.791626
2014-11-13,2014,135.146564,116.878536,117.95514,141.308671,87.221195,88.043006
2014-11-14,2014,134.919339,116.994708,118.004378,140.970303,87.096704,88.025523
2014-11-17,2014,135.977305,117.744525,118.053637,142.431853,86.230313,87.11624
2014-11-18,2014,138.404243,120.716045,118.102916,145.810656,87.584575,88.550108
2014-11-19,2014,139.908757,122.258474,118.152215,147.897584,89.840556,90.805829
2014-11-21,2014,143.070364,125.506348,118.250877,152.285106,94.350837,95.597044
2014-11-24,2014,143.597873,125.100277,118.300238,153.003701,93.211911,94.128209
2014-11-25,2014,142.991438,125.72486,118.34962,152.134185,93.470987,94.477928
2014-11-26,2014,141.018018,123.4547,118.399023,149.350182,92.692076,93.795967
2014-11-27,2014,142.22689,124.58783,118.448446,151.02301,92.057845,93.183953
2014-11-28,2014,140.022852,123.38307,118.497763,147.916058,91.961953,92.939147
2014-12-01,2014,137.735721,119.35618,118.547101,144.692726,87.944589,88.742457
2014-12-02,2014,139.553861,120.505838,118.596459,147.218867,86.827534,87.623341
2014-12-03,2014,138.960367,119.89437,118.645965,146.367424,88.018611,88.69
2014-12-04,2014,139.576132,119.700457,118.697607,147.208691,86.516306,87.256133
2014-12-05,2014,139.038317,119.76018,118.749271,146.434346,87.466813,88.060496
2014-12-08,2014,136.436712,116.64451,118.800958,142.769627,84.576599,85.524996
2014-12-09,2014,136.65824,117.305059,118.852583,143.058768,84.440332,85.262701
2014-12-10,2014,136.631182,116.614629,118.90423,142.999749,83.35524,84.021182
2014-12-11,2014,136.536245,117.022408,118.955985,142.845624,83.881804,84.58074
2014-12-12,2014,135.763335,115.050511,119.007761,141.741979,80.754384,81.747978
2014-12-15,2014,135.468385,114.464635,119.059561,141.307714,79.100671,79.702096
2014-12-16,2014,132.901132,112.692292,119.111382,137.691051,79.082165,79.911928
2014-12-17,2014,135.856229,115.697808,119.163227,141.808498,81.952191,82.779664
2014-12-18,2014,135.442936,115.564295,119.215094,141.208464,81.585447,81.992783
2014-12-19,2014,137.798616,117.531695,119.266983,144.486401,83.528518,84.283478
2014-12-22,2014,137.987054,117.883304,119.318896,144.72908,84.319205,85.070358
2014-12-23,2014,140.658253,119.757338,119.370746,148.448923,85.612904,86.276903
2014-12-26,2014,139.869063,119.037805,119.474513,147.301215,84.359581,85.035385
2014-12-29,2014,140.260091,119.506729,119.526516,147.827587,85.114939,85.839748
2014-12-30,2014,139.523395,118.477847,119.578456,146.774594,84.127421,84.878009
2015-01-05,2015,137.546589,117.362208,119.630419,144.238799,82.401935,83.18979
2015-01-06,2015,137.634912,116.290173,119.682404,144.341413,83.241267,83.656749
2015-01-07,2015,137.847133,116.720827,119.734412,144.617802,85.776604,86.476437
2015-01-08,2015,138.177688,116.85117,119.786443,145.06016,86.609,87.122984
2015-01-09,2015,136.610395,115.873873,119.838496,142.840533,84.696224,85.362924
2015-01-12,2015,136.272403,116.11914,119.890572,142.345149,83.482315,84.105744
2015-01-13,2015,135.29384,115.503657,119.94267,140.951273,83.312367,83.764503
2015-01-14,2015,134.959462,115.10027,119.994791,140.46094,82.625641,83.477147
2015-01-15,2015,135.77875,115.60643,120.046935,141.588763,83.284621,84.411057
2015-01-16,2015,138.356146,117.254677,120.099101,145.182547,85.00317,85.488642
2015-01-19,2015,136.29468,116.563309,120.151291,142.269724,82.819867,83.171834
2015-01-20,2015,136.035032,116.553837,120.203502,141.884172,83.026231,83.548988
2015-01-21,2015,137.806578,117.384412,120.255737,144.347622,85.362141,85.865803
2015-01-22,2015,138.283064,117.873139,120.310214,144.993665,85.741921,86.422553
2015-01-23,2015,137.636265,117.915871,120.364672,144.064165,84.583504,84.94985
2015-01-26,2015,136.727765,117.124091,120.419155,142.767586,84.240141,84.752291
2015-01-27,2015,137.326262,117.85978,120.473663,143.584753,84.264419,85.021691
2015-01-28,2015,137.049941,117.824693,120.528195,143.174866,82.710615,83.207754
2015-01-29,2015,139.115907,119.41274,120.582752,146.050327,82.826803,83.297552
2015-01-30,2015,137.899226,117.879777,120.637334,144.321444,81.345833,81.914646
2015-02-02,2015,139.486748,119.301498,120.691941,146.525805,82.634312,83.099993
2015-02-03,2015,140.059182,119.983357,120.746615,147.306347,84.91126,85.560483
2015-02-04,2015,140.213254,119.523741,120.801315,147.500073,85.495671,85.793963
2015-02-05,2015,140.06067,119.518146,120.856039,147.263665,85.379482,85.991521
2015-02-06,2015,138.71077,118.640648,120.910788,145.347856,84.612985,84.94985
2015-02-09,2015,140.04568,120.092081,120.965562,147.197828,85.637872,86.063355
2015-02-10,2015,139.509228,120.377917,121.02036,146.422965,84.123953,84.698414
2015-02-11,2015,139.166447,119.6663,121.075184,145.91974,83.65573,84.32126
2015-02-12,2015,140.828943,120.249647,121.130032,148.229163,85.897995,86.440516
2015-02-13,2015,142.032491,120.870443,121.184905,149.894842,87.81077,88.703448
2015-02-18,2015,143.180776,121.729045,121.239803,151.482998,88.927567,89.637359
2015-02-19,2015,144.774525,122.837159,121.294726,153.695965,88.951846,89.4398
2015-02-20,2015,144.596848,122.528676,121.349674,153.424268,88.854733,89.511641
2015-02-23,2015,145.131509,122.686336,121.404646,154.151707,88.929302,89.4398
2015-02-24,2015,146.050037,123.377164,121.459644,155.417558,89.957657,90.535349
2015-02-25,2015,146.153222,123.208515,121.514666,155.539776,89.848405,90.445551
2015-02-26,2015,147.011017,123.237351,121.569714,156.720422,89.761697,90.355753
2015-02-27,2015,145.151717,121.13569,121.624786,154.089982,89.453017,89.816954
2015-03-02,2015,145.130829,121.58984,121.679883,154.038141,88.478421,89.062646
2015-03-03,2015,145.702233,122.344485,121.735005,154.817056,88.969187,89.493684
2015-03-04,2015,143.945405,121.095995,121.790153,152.330315,87.519432,88.128735
2015-03-05,2015,144.136339,121.207825,121.847519,152.574654,87.340814,87.913219
2015-03-06,2015,142.71159,120.42416,121.904913,150.552779,86.674898,87.194825
2015-03-09,2015,140.820875,119.544254,121.962334,147.877314,85.287572,85.758042
2015-03-10,2015,140.804286,119.613395,122.019782,147.830542,83.747641,84.32126
2015-03-11,2015,142.544424,121.195914,122.077257,150.247793,84.810679,85.344968
2015-03-12,2015,142.489571,121.543141,122.134759,150.147329,84.765591,85.21925
2015-03-13,2015,141.414147,120.762679,122.192288,148.61537,84.27309,84.788211
2015-03-16,2015,141.823898,120.834425,122.249844,149.16655,84.710098,85.093532
2015-03-17,2015,144.361046,122.27264,122.307428,152.701666,87.202081,87.859335
2015-03-18,2015,147.413871,124.942904,122.365038,156.960073,89.35417,89.978592
2015-03-19,2015,147.111833,125.259301,122.422676,156.512844,88.362232,88.990805
2015-03-20,2015,147.468135,124.580871,122.480341,156.98901,90.118933,90.37371
2015-03-23,2015,147.495697,124.091277,122.538075,157.004048,90.016618,90.571269
2015-03-24,2015,147.233667,123.69362,122.595837,156.612884,89.319487,89.870838
2015-03-25,2015,147.492265,124.339447,122.653627,156.951956,89.92991,90.319833
2015-03-26,2015,145.318931,122.789299,122.711443,153.879922,87.713658,88.200576
2015-03-27,2015,146.30029,124.122639,122.769287,155.232737,86.872591,87.392384
2015-03-30,2015,148.585231,126.112819,122.827115,158.414,88.863404,89.47572
2015-03-31,2015,148.196145,125.747939,122.88497,157.844585,88.702127,88.901007
2015-04-01,2015,149.995468,126.164891,122.942853,160.344685,90.734559,91.23578
2015-04-02,2015,152.002543,127.368448,123.000762,163.136172,92.123619,92.492967
2015-04-06,2015,154.313754,128.748851,123.058699,166.354237,93.188391,93.570552
2015-04-07,2015,152.904817,127.772323,123.116664,164.354305,93.174518,93.750154
2015-04-08,2015,151.750226,127.363993,123.174655,162.711118,93.056595,93.786075
2015-04-09,2015,151.632904,126.612954,123.232674,162.52282,93.302845,93.875872
2015-04-10,2015,154.159265,129.120081,123.290721,166.042616,94.015584,94.558347
2015-04-13,2015,151.904379,127.120315,123.348794,162.856088,94.060672,94.486506
2015-04-14,2015,151.470412,127.7486,123.406895,162.223623,93.613259,94.342824
2015-04-15,2015,152.993054,128.55375,123.465024,164.335541,95.238164,95.635932
2015-04-16,2015,153.470369,128.842141,123.523179,164.981242,94.813296,95.240814
2015-04-17,2015,152.784466,128.896964,123.581362,163.99537,93.566437,94.199149
2015-04-20,2015,151.718437,128.231666,123.639573,162.476311,93.230011,93.821995
2015-04-22,2015,152.427119,128.183535,123.697811,163.4465,94.714449,95.240814
2015-04-23,2015,154.239579,128.932059,123.756076,165.964869,96.566529,97.054758
2015-04-24,2015,154.239593,129.023106,123.814369,165.941038,98.142877,98.742976
2015-04-27,2015,151.384778,127.095406,123.872733,161.912914,96.306405,96.911076
2015-04-28,2015,152.185946,126.84363,123.931167,163.012748,96.786767,97.342114
2015-04-29,2015,152.229613,127.225329,123.989629,163.050076,95.942232,96.408204
2015-04-30,2015,153.58058,129.067228,124.050257,164.920177,97.50991,98.096422
2015-05-04,2015,155.342089,130.933977,124.110913,167.3661,99.460837,100.269563
2015-05-05,2015,155.937336,130.851585,124.171687,168.176146,100.671278,101.329185
2015-05-06,2015,156.968143,131.179359,124.23249,169.597108,99.025563,99.551169
2015-05-07,2015,157.130207,131.536304,124.293323,169.799535,98.709947,99.35361
2015-05-08,2015,159.532373,133.770145,124.354186,173.143979,99.105334,99.676887
2015-05-11,2015,159.326347,133.427003,124.415078,172.830087,99.188574,99.712807
2015-05-12,2015,158.629943,133.214433,124.476,171.828365,98.48624,99.102174
2015-05-13,2015,157.356578,132.382039,124.536953,170.017368,97.757894,98.365822
2015-05-14,2015,158.721102,133.681112,124.597935,171.906338,98.252129,98.904615
2015-05-15,2015,159.934818,134.727333,124.658946,173.583768,99.27875,99.838525
2015-05-18,2015,158.165522,133.799372,124.719988,171.077128,97.466556,97.86295
2015-05-19,2015,157.049085,133.242166,124.78106,169.486195,96.243975,96.857199
2015-05-20,2015,156.51063,133.124325,124.842161,168.705943,95.20695,95.79757
2015-05-21,2015,156.04095,133.363715,124.903293,168.022145,95.572857,96.174724
2015-05-22,2015,153.975581,131.669068,124.964454,165.100177,94.298251,95.061219
2015-05-25,2015,155.850258,133.716672,125.025646,167.704615,94.700576,95.186937
2015-05-26,2015,153.576946,131.145243,125.086867,164.490956,93.002836,93.821995
2015-05-27,2015,155.059576,132.871231,125.148118,166.545473,94.053735,94.558347
2015-05-28,2015,154.5827,131.985293,125.209399,165.851521,93.602854,94.091388
2015-05-29,2015,152.272407,130.667756,125.270711,162.585953,91.49412,92.223567
2015-06-01,2015,153.421191,131.879501,125.332052,164.172174,91.964076,92.421126
2015-06-02,2015,155.300943,133.601715,125.393423,166.783656,94.053735,94.504463
2015-06-03,2015,154.382637,133.440545,125.454825,165.470492,92.817281,93.462798
2015-06-05,2015,154.567158,134.116873,125.518497,165.703255,91.863495,92.259488
2015-06-08,2015,154.937254,134.612773,125.582201,166.196298,91.580827,92.043972
2015-06-09,2015,153.353465,133.28956,125.645938,163.948754,91.591232,92.223567
2015-06-10,2015,154.829723,133.761821,125.709707,165.993304,93.429439,94.019547
2015-06-11,2015,154.086983,133.953927,125.773509,164.925412,93.105151,93.534639
2015-06-12,2015,152.62776,132.557932,125.837342,162.852548,92.513804,92.906042
2015-06-15,2015,152.299287,132.786802,125.901209,162.365692,92.149631,92.726446
2015-06-16,2015,153.417979,133.922011,125.965107,163.908657,93.127695,93.714234
2015-06-17,2015,153.45067,134.259666,126.029038,163.928352,92.342122,92.744403
2015-06-18,2015,155.372677,135.307069,126.093002,166.598045,94.058938,94.486506
2015-06-19,2015,154.830174,135.378473,126.156998,165.810931,93.209201,93.786075
2015-06-22,2015,156.109693,136.348947,126.221026,167.579423,93.408629,93.92975
2015-06-23,2015,156.404006,137.028933,126.285087,167.966024,93.249086,93.857909
2015-06-24,2015,155.217987,136.700901,126.349181,166.276257,93.372212,93.839952
2015-06-25,2015,156.279807,138.30714,126.413307,167.739359,92.215529,92.780323
2015-06-26,2015,156.795518,138.942409,126.477465,168.436459,93.673955,94.073431
2015-06-29,2015,155.659173,137.366028,126.541656,166.816327,91.934595,92.510924
2015-06-30,2015,155.82465,137.521117,126.60588,167.022153,92.050784,92.421126
2015-07-01,2015,157.17579,140.00215,126.670136,168.89101,91.490651,92.026015
2015-07-02,2015,158.637528,141.867291,126.734425,170.914982,92.094138,92.528887
2015-07-03,2015,158.163193,141.920878,126.798747,170.223349,91.076188,91.397418
2015-07-06,2015,157.510838,141.42013,126.863101,169.282007,90.43455,90.966387
2015-07-07,2015,157.255296,141.678216,126.927488,168.897234,90.77271,91.110062
2015-07-08,2015,155.165501,139.58394,126.991907,165.939671,89.798114,90.194115
2015-07-10,2015,156.324071,139.83241,127.120844,167.511961,91.201047,91.594977
2015-07-13,2015,156.536976,140.02632,127.185362,167.78419,92.116682,92.492967
2015-07-14,2015,157.058595,140.723249,127.249912,168.489417,92.324781,92.852164
2015-07-15,2015,157.005736,140.772285,127.314496,168.388852,91.74037,92.241531
2015-07-16,2015,156.68281,140.777623,127.379111,167.909468,92.031708,92.528887
2015-07-17,2015,155.019754,139.387153,127.44376,165.550369,90.769242,91.163939
2015-07-20,2015,154.94321,139.964443,127.508442,165.416542,89.482498,89.996556
2015-07-21,2015,155.204447,140.768866,127.573156,165.756483,89.263994,89.673279
2015-07-22,2015,154.352776,140.390113,127.637903,164.535413,88.296334,88.649571
2015-07-23,2015,150.753544,137.867022,127.702683,159.460525,86.373154,86.638075
2015-07-24,2015,150.407709,138.437131,127.767496,158.94893,85.400292,85.811919
2015-07-27,2015,149.974116,137.354363,127.832342,158.314228,84.515872,85.039647
2015-07-28,2015,149.904393,135.922197,127.897221,158.189888,86.017652,86.530314
2015-07-29,2015,149.906613,135.340763,127.962133,158.166443,87.132715,87.536065
2015-07-30,2015,150.029391,135.473641,128.029263,158.31119,86.529228,86.979309
2015-07-31,2015,151.43559,136.657761,128.096428,160.256084,88.207892,88.667528
2015-08-03,2015,151.508644,136.642801,128.163629,160.331056,86.94716,87.446261
2015-08-04,2015,151.253965,137.392392,128.230865,159.946327,86.808428,87.266666
2015-08-05,2015,149.472539,135.519355,128.298136,157.420125,87.20555,87.607899
2015-08-06,2015,147.39793,134.019145,128.365442,154.482682,86.726922,87.176868
2015-08-07,2015,146.490776,133.178964,128.432784,153.18273,84.240141,84.500855
2015-08-10,2015,149.353322,135.276165,128.500161,157.170251,85.585847,85.991521
2015-08-11,2015,150.077982,135.655185,128.567574,158.159098,85.098549,86.476437
2015-08-12,2015,147.032377,132.655244,128.635022,153.859649,83.912386,84.303296
2015-08-13,2015,147.48732,133.37167,128.702505,154.470156,83.256874,83.531024
2015-08-14,2015,145.374094,131.158945,128.770024,151.478461,82.386327,82.794673
2015-08-17,2015,145.357424,130.642089,128.837578,151.427439,81.881688,82.381598
2015-08-18,2015,147.489134,132.35436,128.905167,154.389781,82.28748,82.686918
2015-08-19,2015,145.913894,131.386952,128.972792,152.152638,80.790903,81.088497
2015-08-20,2015,143.123397,127.32597,129.040452,148.210924,80.896687,81.124411
2015-08-21,2015,142.233014,126.794654,129.108148,146.934351,79.285655,79.56191
2015-08-24,2015,139.523485,124.939457,129.17588,143.106177,76.885582,77.047542
2015-08-25,2015,138.086704,122.703262,129.243647,141.063181,77.24802,77.334899
2015-08-26,2015,141.339939,126.611671,129.311449,145.598519,79.837117,80.208464
2015-08-27,2015,143.791243,128.918398,129.379287,149.009031,82.745298,83.15387
2015-08-28,2015,142.751481,128.717938,129.447161,147.522862,81.772436,82.25588
2015-08-31,2015,140.23024,127.117678,129.51507,143.958714,80.856801,81.429731
2015-09-01,2015,137.72727,124.619733,129.583015,140.420178,78.864255,79.328431
2015-09-02,2015,138.721969,125.92337,129.650996,141.787557,80.575868,80.980736
2015-09-03,2015,141.363326,128.705928,129.719012,145.46457,82.140077,82.2918
2015-09-04,2015,138.389506,126.070864,129.787064,141.265563,80.634829,80.998693
2015-09-08,2015,136.375693,124.273213,129.855151,138.413075,81.092646,81.429731
2015-09-09,2015,135.570705,123.128438,129.923275,137.256103,80.91056,82.076285
2015-09-10,2015,134.739655,122.627685,129.991434,136.062562,80.645234,81.052577
2015-09-11,2015,136.393354,123.522381,130.059629,138.354186,80.466616,80.603582
2015-09-14,2015,138.917998,125.991975,130.127859,141.867407,81.994408,82.794673
2015-09-15,2015,139.660609,126.828462,130.196125,142.881083,82.136609,82.435482
2015-09-16,2015,141.590182,128.08001,130.264428,145.559612,84.198521,84.572696
2015-09-17,2015,140.811563,127.826057,130.332766,144.439537,84.195053,84.626573
2015-09-18,2015,137.491944,124.965067,130.40114,139.755372,81.963193,82.237923
2015-09-21,2015,135.901861,123.264265,130.469549,137.497087,80.794371,81.196251
2015-09-22,2015,135.018292,122.246062,130.537995,136.229764,80.23077,80.711336
2015-09-23,2015,134.383684,122.818377,130.606476,135.311625,78.626675,78.825559
2015-09-24,2015,134.148519,122.623591,130.674994,134.953743,78.543436,79.023117
2015-09-25,2015,132.775796,120.780933,130.743547,133.000274,77.743989,78.771681
2015-09-28,2015,131.368496,119.895744,130.812137,130.998293,76.228336,76.778142
2015-09-29,2015,131.348918,119.691954,130.880762,130.942754,76.531814,77.13734
2015-09-30,2015,132.547659,120.035522,130.949423,132.59605,78.139377,77.999409
2015-10-01,2015,133.758267,121.735561,131.018121,134.265976,78.579853,79.076995
2015-10-02,2015,137.969428,125.463201,131.086854,140.144548,81.562603,81.645246
2015-10-05,2015,139.403051,127.412407,131.155624,142.127251,82.542402,82.848557
2015-10-06,2015,139.090961,126.646213,131.224429,141.661354,82.779981,82.956311
2015-10-07,2015,141.360139,128.317298,131.293271,144.816001,84.824552,85.309047
2015-10-08,2015,140.580426,126.852457,131.362149,143.694172,85.159244,85.470686
2015-10-09,2015,141.266974,126.458494,131.431063,144.628948,85.559835,85.829883
2015-10-13,2015,140.362668,126.627813,131.500013,143.332332,82.134875,82.489359
2015-10-14,2015,139.028914,125.747701,131.568999,141.433346,81.00247,81.35789
2015-10-15,2015,138.808483,125.211,131.638021,141.095923,81.784575,82.237923
2015-10-16,2015,139.088161,125.331547,131.70708,141.459952,81.914637,82.345678
2015-10-19,2015,139.669317,125.453175,131.776175,142.246829,82.280544,82.615077
2015-10-20,2015,138.892923,124.803896,131.845306,141.129552,81.638906,81.806885
2015-10-21,2015,138.943904,124.705403,131.914473,141.172759,81.550464,81.824849
2015-10-22,2015,139.978883,125.299341,131.983723,142.596118,82.844145,83.15387
2015-10-23,2015,139.731474,125.423512,132.053009,142.220746,82.540667,82.543236
2015-10-26,2015,138.852743,124.797936,132.122332,140.95985,81.867815,82.21996
2015-10-27,2015,137.773852,123.92283,132.191691,139.418189,81.579944,81.806885
2015-10-28,2015,137.765697,123.312494,132.261086,139.378358,81.056229,82.722839
2015-10-29,2015,133.601418,119.088921,132.330518,133.509016,79.126112,79.346394
2015-10-30,2015,133.208895,117.983192,132.399986,132.930029,79.544044,79.741512
2015-11-03,2015,136.453799,119.822431,132.469491,137.452985,83.333177,83.746547
2015-11-04,2015,136.401513,119.491123,132.539032,137.351195,82.736627,82.938354
2015-11-05,2015,139.509365,122.642738,132.60861,141.68189,83.321038,83.42327
2015-11-06,2015,137.996871,122.169459,132.678224,139.531939,81.364909,81.770965
2015-11-09,2015,135.831067,120.327438,132.747875,136.465624,80.109379,80.388059
2015-11-10,2015,136.356065,119.957723,132.817562,137.17349,80.081633,80.693379
2015-11-11,2015,136.333101,119.668637,132.887286,137.112752,81.618096,82.21996
2015-11-12,2015,135.957358,119.272688,132.957046,136.557183,81.304214,81.411774
2015-11-13,2015,134.813481,118.373751,133.026843,134.924191,80.667778,81.214215
2015-11-16,2015,136.201914,119.714055,133.096677,136.843074,81.24005,81.609326
2015-11-17,2015,136.879824,120.75032,133.166548,137.765344,81.935447,82.417518
2015-11-18,2015,136.256261,119.555619,133.236455,136.862114,82.261468,82.758759
2015-11-19,2015,138.37154,121.477101,133.306399,139.800447,83.48058,83.872265
2015-11-23,2015,137.891393,121.004944,133.446396,139.0697,83.499656,83.441226
2015-11-24,2015,138.528608,121.917907,133.51645,139.934813,83.732033,84.033903
2015-11-25,2015,137.274313,121.865732,133.586541,138.146826,81.274733,81.555449
2015-11-26,2015,138.437081,122.90559,133.656669,139.749065,81.758563,81.986487
2015-11-27,2015,136.262799,121.915428,133.726833,136.670649,79.550981,80.082746
2015-11-30,2015,133.183073,119.236243,133.797034,132.322216,78.245161,78.484325
2015-12-01,2015,134.42192,121.106475,133.867273,134.03112,78.118567,78.179005
2015-12-02,2015,134.016611,121.092511,133.937547,133.433869,77.889659,78.053287
2015-12-03,2015,138.30386,124.425215,134.007859,139.418518,80.452742,80.76522
2015-12-04,2015,134.695552,120.31437,134.078208,134.328621,78.663093,79.202713
2015-12-07,2015,136.462418,122.875422,134.148594,136.778079,78.423779,78.93332
2015-12-08,2015,133.672968,119.954172,134.219016,132.836704,77.071136,77.316935
2015-12-09,2015,137.026578,121.515367,134.289476,137.511745,79.958508,80.190507
2015-12-10,2015,136.845145,122.169338,134.359973,137.228418,79.131315,79.59783
2015-12-11,2015,137.234291,122.906183,134.430506,137.745387,78.493145,78.879436
2015-12-14,2015,134.874814,120.45659,134.501077,134.407044,77.59832,77.999409
2015-12-15,2015,133.600544,119.240153,134.571685,132.590828,77.81509,78.125127
2015-12-16,2015,134.448534,119.930456,134.642329,133.751339,78.064808,78.556166
2015-12-17,2015,134.994988,120.0843,134.713011,134.488892,78.489677,78.556166
2015-12-18,2015,130.964688,117.519183,134.78373,128.806945,76.148565,76.472829
2015-12-21,2015,130.164993,117.033826,134.854486,127.65632,74.915579,75.34136
2015-12-22,2015,130.330369,117.669089,134.925279,127.859317,75.383802,75.844232
2015-12-23,2015,131.453324,118.456994,134.99611,129.405426,76.328917,76.778142
2015-12-28,2015,131.127097,118.512275,135.137882,128.889845,75.893644,76.329147
2015-12-29,2015,130.551847,117.820696,135.208824,128.053958,75.702887,76.185466
2015-12-30,2015,130.251038,117.236513,135.279803,127.602994,75.175703,75.664637
2016-01-05,2016,130.817368,117.926894,135.350819,128.643142,75.67163,75.811919
2016-01-06,2016,130.558832,117.885995,135.421873,128.283095,74.519225,74.560047
2016-01-07,2016,126.529332,116.200323,135.492964,122.997305,72.596171,72.66383
2016-01-08,2016,128.177405,117.031192,135.564093,125.127697,72.448106,72.4245
2016-01-11,2016,127.303855,116.773108,135.635258,123.964267,71.267159,71.283089
2016-01-12,2016,127.863935,116.967722,135.706462,124.67347,70.489374,70.657152
2016-01-13,2016,126.616316,116.284868,135.777702,123.021398,69.472546,69.497327
2016-01-14,2016,126.239123,116.351502,135.84898,122.506288,70.4644,70.454642
2016-01-15,2016,125.523058,116.161834,135.920295,121.548523,68.803581,69.000259
2016-01-18,2016,124.631417,115.884305,135.991648,120.361403,67.67615,67.656339
2016-01-19,2016,124.700853,115.894964,136.063038,120.429656,67.890219,67.840435
2016-01-20,2016,123.367879,115.452838,136.134466,118.666032,67.155249,67.196091
2016-01-21,2016,123.219385,115.166287,136.205883,118.44961,67.28369,67.380187
2016-01-22,2016,124.923039,116.13893,136.277338,120.652501,67.843838,67.858848
2016-01-26,2016,122.961944,115.648422,136.420361,118.045899,66.89123,67.104043
2016-01-27,2016,125.166742,116.925131,136.491928,120.903362,68.459286,69.000259
2016-01-28,2016,125.015682,116.888629,136.563533,120.683529,68.912399,68.852984
2016-01-29,2016,128.83308,118.832201,136.635176,125.647389,72.080621,72.148349
2016-02-01,2016,128.666272,118.825349,136.706856,125.406962,72.373182,72.350859
2016-02-02,2016,126.648233,118.066693,136.778574,122.748397,68.851746,69.073901
2016-02-03,2016,127.34434,118.456157,136.850329,123.63511,70.623168,70.693973
2016-02-04,2016,130.519689,119.331794,136.922122,127.760261,72.822727,72.939974
2016-02-05,2016,131.889437,119.79147,136.993953,129.526877,72.412428,72.442907
2016-02-10,2016,130.860301,119.446654,137.065821,128.159995,72.028888,72.093121
2016-02-11,2016,130.199085,119.226572,137.137727,127.27369,70.139728,70.325774
2016-02-12,2016,129.836889,119.083023,137.209671,126.777959,71.013844,71.301496
2016-02-15,2016,130.724149,119.354583,137.281653,127.91429,71.522258,71.890611
2016-02-16,2016,132.319167,119.9134,137.353672,129.975099,73.0475,73.160898
2016-02-17,2016,134.025288,120.778411,137.425729,132.181023,74.265909,74.191847
2016-02-18,2016,133.427287,120.697887,137.497824,131.377231,73.992971,74.007751
2016-02-19,2016,132.396863,120.30688,137.569957,130.008585,74.108926,74.099799
2016-02-22,2016,135.411336,121.327587,137.642127,133.923477,77.127299,77.247888
2016-02-23,2016,135.14299,121.142233,137.714336,133.550252,75.853588,76.05125
2016-02-24,2016,134.979103,121.070665,137.786582,133.313464,75.075804,75.259624
2016-02-25,2016,134.640304,121.300748,137.858866,132.848188,74.724374,74.744143
2016-02-26,2016,134.525664,121.079383,137.931188,132.675703,74.198121,74.099799
2016-02-29,2016,136.899539,121.769372,138.003549,135.753769,76.340595,76.308987
2016-03-01,2016,140.121845,122.840353,138.075947,139.940067,78.709626,78.702271
2016-03-02,2016,142.184244,123.388719,138.148383,142.611251,80.08502,80.083013
2016-03-03,2016,149.133054,125.384905,138.220857,151.665182,84.188011,84.13319
2016-03-04,2016,147.834823,125.10247,138.293369,149.9466,87.563166,84.13319
2016-03-07,2016,148.160104,125.2704,138.365919,150.348679,87.850375,87.944036
2016-03-08,2016,148.484846,125.371263,138.438507,150.750042,87.593493,87.815167
2016-03-09,2016,147.382711,125.152594,138.511133,149.28757,86.813924,86.986721
2016-03-10,2016,145.740864,125.033325,138.583797,147.1201,88.430146,89.472053
2016-03-11,2016,143.796957,124.688722,138.6565,144.558059,88.551452,89.214316
2016-03-14,2016,145.028828,124.385857,138.72924,146.14429,87.174274,86.765804
2016-03-15,2016,141.37775,123.279138,138.802019,141.352273,84.075624,84.243645
2016-03-16,2016,144.30613,124.331942,138.874836,145.154505,85.204839,85.23778
2016-03-17,2016,149.364716,125.841674,138.947691,151.739256,90.825935,91.220994
2016-03-18,2016,146.736265,124.930537,139.020585,148.282985,90.649328,90.576651
2016-03-21,2016,149.363229,126.153701,139.093516,151.691464,91.286184,91.515552
2016-03-22,2016,148.227317,125.886665,139.166486,150.184762,90.997191,91.257814
2016-03-23,2016,147.6608,125.839569,139.239494,149.421808,88.642431,88.735662
2016-03-24,2016,146.941495,125.338211,139.312541,148.459266,88.583562,89.06704
2016-03-28,2016,149.654754,126.243747,139.385625,151.980416,90.690358,91.128946
2016-03-29,2016,148.448704,126.181932,139.458748,150.382051,91.255857,91.405097
2016-03-30,2016,150.191671,126.317617,139.53191,152.635757,91.423545,91.460324
2016-03-31,2016,144.98446,124.683427,139.60511,145.810947,89.293558,89.545694
2016-04-01,2016,146.607119,124.983325,139.678348,147.907479,90.197999,90.429368
2016-04-04,2016,143.376636,124.09479,139.751625,143.664697,87.019074,87.134003
2016-04-05,2016,144.044561,124.362957,139.82494,144.514108,87.507865,87.189231
2016-04-06,2016,142.92778,123.798189,139.898293,143.032275,85.79888,86.195095
2016-04-07,2016,143.124101,123.916733,139.971685,143.265639,86.54277,86.618522
2016-04-08,2016,144.624081,124.448998,140.045116,145.201864,89.718128,86.618522
2016-04-11,2016,143.426516,124.087772,140.118585,143.614473,89.489788,89.472053
2016-04-12,2016,144.943647,124.597498,140.192093,145.573078,92.766828,93.061983
2016-04-13,2016,144.877218,124.861787,140.265639,145.463182,94.814756,94.82933
2016-04-14,2016,142.737208,123.999906,140.339224,142.644709,93.496447,93.706333
2016-04-15,2016,143.385202,124.338933,140.412847,143.467986,94.9539,95.197529
2016-04-18,2016,145.161452,124.669383,140.486509,145.765011,94.358075,94.258628
2016-04-19,2016,146.34397,125.08563,140.560209,147.286474,95.813745,96.173258
2016-04-20,2016,145.044607,124.728205,140.633949,145.566026,95.672816,95.63937
2016-04-22,2016,145.454367,124.92349,140.707727,146.078069,94.38305,94.442724
2016-04-25,2016,145.779024,125.160527,140.781543,146.478936,92.517081,92.693783
2016-04-26,2016,146.86572,125.64944,140.855399,147.875185,94.695234,94.847744
2016-04-27,2016,149.62079,126.780176,140.929293,151.450696,97.183787,97.333076
2016-04-28,2016,149.759535,126.902567,141.003226,151.608683,96.887658,97.333076
2016-04-29,2016,152.461014,127.650733,141.077198,155.114167,96.17231,96.007569
2016-05-02,2016,152.488924,127.768353,141.151208,155.127354,95.549726,95.602549
2016-05-03,2016,149.992226,126.819002,141.225257,151.84282,93.227077,93.52223
2016-05-04,2016,150.816822,127.049422,141.299346,152.896633,93.749762,93.92725
2016-05-05,2016,149.537359,126.473963,141.373473,151.202058,92.176354,92.65697
2016-05-06,2016,150.301712,126.770211,141.447639,152.177157,92.260198,92.620149
2016-05-09,2016,150.547737,126.895158,141.521843,152.47519,90.961512,91.165766
2016-05-10,2016,153.39488,127.920549,141.596087,156.170859,94.673827,94.958206
2016-05-11,2016,152.7258,127.677587,141.67037,155.273534,94.126167,94.313856
2016-05-12,2016,153.719013,128.154624,141.744692,156.547528,94.977091,94.718875
2016-05-13,2016,149.771712,127.037169,141.819052,151.368078,92.413614,92.45446
2016-05-16,2016,150.503078,127.196473,141.893452,152.300015,92.41183,92.25195
2016-05-17,2016,147.844023,126.295861,141.967891,148.803283,90.692142,90.908029
2016-05-18,2016,147.295889,125.916291,142.042369,148.063879,90.197999,90.908029
2016-05-19,2016,146.963512,125.957242,142.116885,147.60629,89.432703,90.024355
2016-05-20,2016,146.809891,125.91548,142.191441,147.382184,88.7013,88.882937
2016-05-23,2016,145.526311,125.530991,142.266036,145.682084,88.000224,87.851988
2016-05-24,2016,147.250066,126.099081,142.340671,147.910233,88.026982,88.091311
2016-05-25,2016,148.163184,126.475119,142.415344,149.079492,88.273162,88.238594
2016-05-27,2016,147.28467,126.35137,142.490056,147.908463,87.502513,87.631064
2016-05-30,2016,147.254965,126.24914,142.564808,147.846159,87.347313,87.465375
2016-05-31,2016,147.501649,126.669259,142.639599,148.144868,86.46963,86.563294
2016-06-01,2016,148.183527,126.998586,142.714429,149.012027,87.434725,87.410148
2016-06-02,2016,149.755847,127.506216,142.789299,151.042293,88.993861,89.103861
2016-06-03,2016,151.067,128.18498,142.864207,152.731403,90.299682,90.392547
2016-06-06,2016,151.165054,128.152682,142.939155,152.835919,89.966091,89.9323
2016-06-07,2016,149.728902,127.705973,143.014143,150.936402,90.06599,90.116403
2016-06-08,2016,153.148294,128.833983,143.089169,155.379312,92.10143,92.509687
2016-06-09,2016,152.213573,128.595129,143.164235,154.134753,91.189853,91.423504
2016-06-10,2016,147.847445,127.298261,143.239341,148.407987,88.164343,88.257001
2016-06-13,2016,150.626705,128.223121,143.314485,152.014702,88.590698,88.551559
2016-06-14,2016,147.162706,127.239642,143.38967,147.466297,86.783598,86.71057
2016-06-15,2016,146.803283,127.147001,143.464893,146.973157,87.259902,87.262872
2016-06-16,2016,146.516332,127.20459,143.540156,146.574671,88.146504,88.367463
2016-06-17,2016,147.011563,127.274023,143.615459,147.197878,88.364141,88.404283
2016-06-20,2016,149.808058,128.126577,143.690801,150.827044,89.782349,89.619335
2016-06-21,2016,150.264723,128.3508,143.766183,151.399851,90.690358,90.852795
2016-06-22,2016,150.099617,128.32266,143.841604,151.160471,89.473732,89.416826
2016-06-23,2016,152.455188,129.074096,143.917065,154.213653,91.97834,92.25195
2016-06-24,2016,148.925994,128.205644,143.992565,149.579989,89.382753,89.416826
2016-06-27,2016,148.194627,128.120762,144.068105,148.600907,87.850375,88.091311
2016-06-28,2016,149.853229,128.728157,144.143685,150.743653,89.20793,89.564108
2016-06-29,2016,152.133049,129.512941,144.219304,153.697838,90.982919,91.147353
2016-06-30,2016,153.491974,130.07888,144.294963,155.449113,91.919471,91.865344
2016-07-01,2016,154.029857,130.263598,144.370661,156.127908,93.178911,93.356541
2016-07-04,2016,156.854237,131.203366,144.4464,159.793374,93.778305,93.908836
2016-07-05,2016,154.304659,130.767515,144.522178,156.439223,92.481403,92.509687
2016-07-06,2016,154.221389,130.742077,144.597995,156.306616,92.588437,92.785838
2016-07-07,2016,156.036663,131.186926,144.673853,158.653923,92.790019,92.785838
2016-07-08,2016,157.587475,131.784505,144.74975,160.65577,94.7987,94.902971
2016-07-11,2016,159.550731,132.513454,144.825687,163.196351,96.259722,96.283713
2016-07-12,2016,159.894127,132.854734,144.901664,163.621016,96.787759,96.762374
2016-07-13,2016,160.463214,133.029746,144.977681,164.340471,97.397856,97.406717
2016-07-14,2016,161.903227,133.496055,145.053738,166.19754,98.973047,98.695411
2016-07-15,2016,160.22739,132.880369,145.129835,163.984591,99.146086,99.321347
2016-07-18,2016,160.205042,132.993313,145.205971,163.931462,100.762308,101.033467
2016-07-19,2016,163.049273,133.881266,145.282148,167.622719,101.144064,101.346432
2016-07-20,2016,161.596706,133.44851,145.358364,165.701374,100.929995,101.199157
2016-07-21,2016,161.921098,133.738864,145.434621,166.101127,101.042381,101.125516
2016-07-22,2016,164.139428,134.331058,145.510917,168.97478,101.686372,101.346432
2016-07-25,2016,165.335683,134.71991,145.587254,170.513357,101.456248,101.43848
2016-07-26,2016,166.340164,135.142464,145.66363,171.801423,101.295696,101.43848
2016-07-27,2016,165.462323,134.674972,145.740047,170.630737,101.42057,101.346432
2016-07-28,2016,163.587664,134.266834,145.816503,168.157969,101.088763,101.254384
2016-07-29,2016,165.407944,134.436242,145.893,170.511614,102.232249,102.506257
2016-08-01,2016,164.263469,134.016098,145.969537,168.992607,101.247531,101.328025
2016-08-02,2016,162.645642,133.468563,146.046114,166.855282,100.187889,100.149794
2016-08-03,2016,163.700913,134.008787,146.122731,168.209614,101.820166,101.788273
2016-08-04,2016,165.441139,134.459384,146.199389,170.458641,102.742447,102.763994
2016-08-05,2016,165.529325,134.570391,146.276087,170.549717,102.861968,102.763994
2016-08-08,2016,165.902843,134.46715,146.352824,171.013488,102.815587,102.856042
2016-08-09,2016,166.616332,134.638638,146.429603,171.921325,102.911918,102.966504
2016-08-10,2016,165.353674,134.187461,146.506421,170.247856,101.540092,101.493715
2016-08-11,2016,167.768101,134.920421,146.58328,173.377478,104.001886,103.997461
2016-08-12,2016,169.941258,135.579596,146.660179,176.191934,103.998318,104.034274
2016-08-15,2016,171.710702,136.138518,146.737118,178.479037,105.511073,105.378202
2016-08-16,2016,172.013032,136.734033,146.814098,178.849746,104.991956,105.378202
2016-08-17,2016,171.82254,136.694119,146.891118,178.576703,105.828609,105.820036
2016-08-18,2016,173.288763,137.091561,146.968179,180.467693,105.546751,105.562298
2016-08-19,2016,173.382178,137.245727,147.04528,180.565472,105.427229,105.580705
2016-08-22,2016,173.632788,137.467365,147.122421,180.868571,103.076037,103.187421
2016-08-23,2016,172.491605,137.058893,147.199603,179.35366,103.502392,103.095373
2016-08-24,2016,173.755336,137.221817,147.276825,180.980099,102.963651,102.911277
2016-08-25,2016,172.827666,136.996856,147.354088,179.744059,102.970787,103.205835
2016-08-26,2016,172.929707,136.98855,147.431392,179.853042,102.960083,103.021732
2016-08-29,2016,176.612455,138.259624,147.508736,184.639226,104.554898,104.660211
2016-08-30,2016,175.488073,138.139639,147.58612,183.146198,104.492461,104.733852
2016-08-31,2016,172.72379,137.292191,147.663545,179.511075,103.290107,102.966504
2016-09-01,2016,175.743077,138.43913,147.741011,183.430591,103.887716,103.55562
2016-09-02,2016,176.118161,138.6387,147.818518,183.896166,106.34951,106.317103
2016-09-05,2016,177.252401,138.783071,147.896065,185.353357,106.260315,106.188235
2016-09-06,2016,177.82286,139.164112,147.973652,186.074111,107.264655,106.998267
2016-09-08,2016,176.143793,138.615497,148.051281,183.856461,107.448398,107.311239
2016-09-09,2016,171.658933,137.122056,148.12895,177.973799,103.466714,103.205835
2016-09-12,2016,171.070383,136.809328,148.20666,177.180586,104.512084,104.402473
2016-09-13,2016,169.353744,136.403266,148.284411,174.913821,101.363485,101.567349
2016-09-14,2016,170.135613,136.761683,148.362202,175.91066,101.788055,101.585763
2016-09-15,2016,172.659545,137.771694,148.440034,179.183015,103.304378,103.169014
2016-09-16,2016,171.745018,137.517541,148.517908,177.963951,101.825517,101.990783
2016-09-19,2016,171.292258,137.697516,148.595822,177.348047,102.307173,102.193285
2016-09-20,2016,171.324424,137.728554,148.673776,177.365551,102.995762,102.911277
2016-09-21,2016,172.812993,138.168463,148.751772,179.285437,104.169574,104.292019
2016-09-22,2016,173.122275,138.365784,148.829809,179.664893,105.239919,105.23092
2016-09-23,2016,173.239718,138.523186,148.907886,179.79375,104.710098,105.43343
2016-09-26,2016,171.29602,138.005404,148.986005,177.23028,103.563045,103.574027
2016-09-27,2016,171.510033,138.138387,149.064165,177.485255,104.148167,104.292019
2016-09-28,2016,173.97303,138.800467,149.142365,180.677898,105.885694,106.040952
2016-09-29,2016,173.478441,138.681736,149.220607,180.007253,104.092866,103.942226
2016-09-30,2016,174.069417,138.905768,149.298889,180.754588,104.121408,104.126329
2016-10-03,2016,174.010563,138.767373,149.377213,180.653084,106.073004,105.948904
2016-10-04,2016,171.900762,138.110965,149.455578,177.872568,105.855367,105.801629
2016-10-05,2016,175.028857,139.07775,149.533984,181.933915,107.487644,107.127136
2016-10-06,2016,174.012132,139.118419,149.612431,180.581177,108.183369,108.379009
2016-10-07,2016,174.920956,139.325059,149.690919,181.743629,109.012886,109.023359
2016-10-10,2016,176.104263,139.904697,149.769448,183.264605,110.010091,109.999081
2016-10-11,2016,175.725561,140.038524,149.848019,182.74523,108.857686,108.65516
2016-10-13,2016,175.13436,140.035965,149.926631,181.948271,109.030725,109.152228
2016-10-14,2016,183.465146,142.434641,150.005284,192.805432,110.186698,110.275232
2016-10-17,2016,185.513846,143.149814,150.083978,195.456756,111.843949,111.895297
2016-10-18,2016,188.649868,143.90044,150.162713,199.528354,113.781275,113.865155
2016-10-19,2016,187.719017,143.602406,150.24149,198.287683,113.288916,112.871026
2016-10-20,2016,187.847211,143.766568,150.319001,198.430762,113.881173,113.717879
2016-10-21,2016,187.333055,143.88434,150.396552,197.734775,114.362829,113.294453
2016-10-24,2016,187.223629,143.771593,150.474143,197.567445,114.277201,114.380636
2016-10-25,2016,186.471354,143.682655,150.551775,196.560395,113.931123,113.901975
2016-10-26,2016,189.359579,144.319335,150.629446,200.308648,113.859766,114.122899
2016-10-27,2016,188.506194,144.15604,150.707157,199.169501,114.616144,114.343816
2016-10-28,2016,189.601667,144.156083,150.784908,200.57599,114.719611,114.675194
2016-10-31,2016,190.470276,144.33759,150.8627,201.686131,115.820282,115.798199
2016-11-01,2016,189.913734,144.117281,150.940531,200.934689,112.967812,112.94466
2016-11-03,2016,188.088455,143.267423,151.018403,198.525978,110.156372,110.385687
2016-11-04,2016,187.31822,143.016713,151.096315,197.49538,109.885218,109.538834
2016-11-07,2016,192.048278,144.453514,151.174267,203.649397,114.26293,114.509505
2016-11-08,2016,192.696149,144.767824,151.252259,204.47114,114.452024,114.509505
2016-11-09,2016,190.461234,143.843823,151.330292,201.527301,112.846506,112.686923
2016-11-10,2016,185.350945,141.996815,151.408365,194.82756,109.177006,109.041766
2016-11-11,2016,179.792608,140.001363,151.486478,187.542553,105.578862,105.727988
2016-11-14,2016,182.210904,140.79464,151.564631,190.676823,106.42265,106.906219
2016-11-16,2016,190.775618,143.70167,151.642825,201.839691,108.388518,108.526291
2016-11-17,2016,185.851059,142.153766,151.721059,195.382505,106.624232,106.133007
2016-11-18,2016,192.217176,143.488836,151.799333,203.673483,106.966743,106.832578
2016-11-21,2016,196.264096,144.901758,151.877648,208.935052,108.943314,108.802435
2016-11-22,2016,196.890627,144.865161,151.956003,209.728808,110.520289,110.551376
2016-11-23,2016,192.861529,143.822627,152.034399,204.441245,110.577374,110.698659
2016-11-24,2016,192.731635,143.835083,152.112835,204.246913,109.524868,109.317917
2016-11-25,2016,194.309669,144.270408,152.191312,206.283508,109.815645,109.72293
2016-11-28,2016,196.65704,145.236361,152.269829,209.325018,112.127591,112.024166
2016-11-29,2016,192.597706,144.045138,152.348386,203.99791,108.795249,108.968125
2016-11-30,2016,192.093788,143.814272,152.426984,203.314966,110.434661,110.459328
2016-12-01,2016,183.116929,140.984798,152.504292,191.564851,106.155064,106.409151
2016-12-02,2016,185.781604,141.788891,152.581639,195.021199,107.598246,107.476928
2016-12-05,2016,183.310068,141.003618,152.659026,191.768482,106.734835,106.409151
2016-12-06,2016,187.499887,142.403283,152.736451,197.216991,108.975424,108.820849
2016-12-07,2016,187.030951,142.459562,152.813916,196.580098,109.556978,109.557241
2016-12-08,2016,187.468966,142.679994,152.89142,197.127875,108.242238,110.091129
2016-12-09,2016,181.307996,140.858869,152.968964,189.055874,107.92827,107.826714
2016-12-12,2016,182.014161,140.704234,153.046547,189.953891,105.569942,105.396609
2016-12-13,2016,181.626812,140.777289,153.124169,189.423521,105.751901,106.390745
2016-12-14,2016,181.885422,140.647864,153.20183,189.736905,103.844902,103.684489
2016-12-15,2016,181.43662,140.793855,153.279531,189.126239,104.173141,104.199963
2016-12-16,2016,187.088898,142.29899,153.357271,196.484949,104.160654,103.868585
2016-12-19,2016,184.663698,141.637406,153.435051,193.292634,101.880819,101.622583
2016-12-20,2016,185.405321,141.771695,153.51287,194.236893,102.722824,102.561485
2016-12-21,2016,186.210355,141.962254,153.590729,195.26397,102.836994,102.543078
2016-12-22,2016,187.162801,142.518606,153.668627,196.483588,102.137701,103.058552
2016-12-23,2016,188.601937,142.872816,153.746565,198.338919,103.354327,103.75813
2016-12-26,2016,190.730137,143.595966,153.824542,201.094313,104.572737,104.862721
2016-12-27,2016,191.468076,143.863941,153.902559,202.033699,104.710098,104.586576
2016-12-28,2016,195.585106,145.184888,153.980615,207.386929,106.645639,106.482793
2016-12-29,2016,197.012195,145.206944,154.058711,209.226475,107.439479,107.219191
2017-01-03,2017,199.534838,145.877806,154.136846,213.184026,111.451173,111.163397
2017-01-04,2017,200.482268,146.583268,154.215022,214.490195,111.045496,111.163397
2017-01-05,2017,204.088638,149.058402,154.293236,219.561395,111.914546,111.721538
2017-01-06,2017,206.222367,149.654569,154.371491,222.547322,111.182525,111.349441
2017-01-09,2017,209.450917,151.570657,154.449785,227.083495,111.24563,111.144795
2017-01-10,2017,210.728676,152.393786,154.528119,228.857336,112.02453,112.093634
2017-01-11,2017,211.028564,154.1225,154.606492,229.246497,112.590675,112.502941
2017-01-12,2017,213.097681,155.45533,154.680841,232.142702,115.309612,115.349466
2017-01-13,2017,212.405031,154.204667,154.755226,231.128239,114.765103,114.754114
2017-01-16,2017,214.147487,156.719106,154.829646,233.561861,115.087841,115.163421
2017-01-17,2017,218.71461,160.952583,154.904102,239.995186,116.030815,115.870397
2017-01-18,2017,215.553887,157.593713,154.978594,235.485889,115.663001,115.163421
2017-01-19,2017,213.945428,158.350047,155.053121,233.174579,115.304202,115.535511
2017-01-20,2017,218.147185,161.266411,155.127685,239.090498,116.331917,116.409936
2017-01-23,2017,220.084089,161.18456,155.202284,241.799377,118.546012,118.69832
2017-01-24,2017,219.828847,162.341945,155.276919,241.404168,118.710086,118.902973
2017-01-26,2017,226.034782,166.727809,155.426298,250.124128,119.342942,119.442506
2017-01-27,2017,224.056237,166.750911,155.501041,247.288679,119.059869,119.089025
2017-01-30,2017,220.496768,165.187791,155.575819,242.214631,115.937058,115.833186
2017-01-31,2017,225.171338,169.042826,155.650634,248.799938,116.602369,116.07505
2017-02-01,2017,225.547232,167.235482,155.725485,249.298318,116.899865,116.670402
2017-02-02,2017,223.925844,165.511054,155.800372,246.968536,116.434689,116.558778
2017-02-03,2017,223.200802,164.907473,155.875295,245.907962,117.11262,117.377384
2017-02-06,2017,222.290235,164.146772,155.950254,244.584668,115.379929,115.368068
2017-02-07,2017,222.187737,164.525941,156.025249,244.405581,115.751349,115.368068
2017-02-08,2017,225.4876,167.824261,156.10028,249.044211,116.898062,116.968077
2017-02-09,2017,230.109506,171.381548,156.175347,255.554831,117.132453,116.893664
2017-02-10,2017,236.315949,175.427803,156.25045,264.309135,119.223943,119.051815
2017-02-13,2017,239.141565,177.161108,156.325589,268.276183,120.743879,120.33554
2017-02-14,2017,236.564045,176.47116,156.400764,264.592392,120.284112,121.023921
2017-02-15,2017,239.592152,179.671808,156.475976,268.846133,122.561312,122.512293
2017-02-16,2017,239.088094,180.000809,156.551224,268.098323,122.269225,122.047174
2017-02-17,2017,237.018737,178.147191,156.626508,265.13404,122.150226,121.712288
2017-02-20,2017,237.609137,178.154977,156.701828,265.935947,123.565588,123.44253
2017-02-21,2017,238.715639,177.617527,156.777184,267.468637,124.501349,124.447189
2017-02-22,2017,238.06682,176.414951,156.852577,266.515781,123.668359,123.684401
2017-02-23,2017,236.554637,176.431297,156.923854,264.342268,121.632763,121.526243
2017-02-24,2017,237.786358,176.579127,156.995163,266.054099,120.192159,120.000654
2017-03-01,2017,238.965898,177.990544,157.066505,267.692028,120.781743,120.614614
2017-03-02,2017,238.186605,177.788558,157.137879,266.55624,118.737131,118.140179
2017-03-03,2017,238.20453,175.962192,157.209285,266.549296,120.415732,120.186699
2017-03-06,2017,236.873071,175.303514,157.280725,264.631615,119.613393,119.442506
2017-03-07,2017,236.811282,175.554171,157.352196,264.511766,118.533391,118.73553
2017-03-08,2017,228.609759,169.245739,157.4237,252.866066,116.68711,116.521567
2017-03-09,2017,216.12121,156.542948,157.495236,235.149936,116.44731,116.03784
2017-03-10,2017,216.205173,156.964817,157.566805,235.236429,116.609581,116.372726
2017-03-13,2017,220.772956,161.698845,157.638407,241.67198,118.158365,118.084367
2017-03-14,2017,219.727556,161.0656,157.710041,240.15927,116.652853,116.744822
2017-03-15,2017,222.048304,162.443,157.781708,243.412998,119.422274,119.27507
2017-03-16,2017,220.867206,162.545391,157.853407,241.708109,118.607314,117.991337
2017-03-17,2017,219.176532,158.956306,157.925139,239.281646,115.771182,115.740164
2017-03-20,2017,213.990396,154.176437,157.996903,231.905608,116.986409,116.856453
2017-03-21,2017,212.095142,153.825184,158.0687,229.189431,113.553481,113.45178
2017-03-22,2017,212.265236,155.2659,158.140529,229.397767,114.528909,114.177364
2017-03-23,2017,214.790114,157.149012,158.212392,232.940453,114.546939,114.493649
2017-03-24,2017,213.381733,155.674423,158.284287,230.913644,115.129311,115.126211
2017-03-27,2017,213.434648,156.077437,158.356214,230.956011,115.947877,115.870397
2017-03-28,2017,208.630587,153.698975,158.428174,224.120899,116.546475,116.279704
2017-03-29,2017,206.791349,152.822868,158.500167,221.483953,118.147547,118.102968
2017-03-30,2017,206.692314,152.437733,158.572193,221.311114,117.675159,117.489015
2017-03-31,2017,208.180704,155.681214,158.644251,223.386049,117.16671,116.800634
2017-04-03,2017,209.376858,155.877468,158.716342,225.047164,117.575993,117.358783
2017-04-04,2017,208.698605,155.813778,158.788466,224.054109,118.582072,118.549486
2017-04-05,2017,207.356975,155.238127,158.860623,222.121699,116.789882,116.391335
2017-04-06,2017,202.780841,152.181984,158.932812,215.609229,115.794621,115.349466
2017-04-07,2017,205.299065,154.591452,159.005035,219.142331,116.461734,115.851795
2017-04-10,2017,204.653826,155.124177,159.07729,218.195965,116.564505,116.354124
2017-04-11,2017,206.959759,157.28988,159.149578,221.428434,116.041633,116.130862
2017-04-12,2017,202.615617,153.018159,159.221898,215.244403,115.197825,114.754114
2017-04-13,2017,201.777682,153.406096,159.28859,214.027699,113.275818,113.116894
2017-04-17,2017,204.665384,155.998601,159.35531,218.086472,115.996558,115.814585
2017-04-18,2017,206.076883,156.007084,159.422057,220.054933,115.679228,115.256444
2017-04-19,2017,206.056803,155.578511,159.488833,219.996271,114.323366,113.861087
2017-04-20,2017,205.720421,153.992441,159.555636,219.489714,114.961631,114.43783
2017-04-24,2017,207.022502,154.755772,159.622468,221.303201,116.09392,115.889005
2017-04-25,2017,210.227808,155.233259,159.689327,225.811637,117.462404,117.209941
2017-04-26,2017,209.09523,153.916292,159.756215,224.17763,116.946743,116.837845
2017-04-27,2017,209.980227,155.802215,159.82313,225.40049,116.613187,116.205283
2017-04-28,2017,220.434739,164.557723,159.890074,240.17374,117.922171,117.563429
2017-05-02,2017,223.777433,167.030505,159.957045,244.876666,120.300339,120.112278
2017-05-03,2017,222.030888,166.629918,160.024045,242.373234,119.16805,118.995996
2017-05-04,2017,220.889369,166.253494,160.091072,240.726504,116.948546,116.577379
2017-05-05,2017,228.151682,171.44104,160.158128,250.979559,118.475695,118.437855
2017-05-08,2017,226.594839,170.542237,160.225212,248.744705,118.143941,117.991337
2017-05-09,2017,229.167683,172.980659,160.292324,252.357462,119.499803,119.386694
2017-05-10,2017,230.661501,174.517269,160.359464,254.442311,121.432629,121.302981
2017-05-11,2017,231.808822,175.443288,160.426632,256.036507,121.771594,121.582055
2017-05-12,2017,233.25313,175.785697,160.493828,258.051221,123.004852,122.679743
2017-05-15,2017,234.111315,175.972323,160.561053,259.235976,123.45921,123.293689
2017-05-16,2017,234.245928,175.691444,160.628306,259.396144,123.837842,123.628575
2017-05-17,2017,232.708087,175.251305,160.695586,257.188107,121.7752,121.544852
2017-05-18,2017,217.75631,165.108312,160.762895,235.985968,111.05992,111.014555
2017-05-19,2017,221.664866,168.976094,160.830232,241.489989,112.938655,112.763406
2017-05-22,2017,216.919772,162.743668,160.897598,234.740454,111.196949,110.75409
2017-05-23,2017,223.538562,169.026737,160.964991,244.082131,112.980124,113.00527
2017-05-24,2017,224.663102,169.623979,161.032413,245.643954,114.052915,113.805268
2017-05-25,2017,222.670153,168.933696,161.099863,242.79141,113.998824,114.02853
2017-05-26,2017,224.883305,169.385692,161.167341,245.894679,115.545806,115.256444
2017-05-29,2017,224.904887,169.385692,161.234848,245.894679,114.961631,114.865745
2017-05-30,2017,224.912441,169.294893,161.302383,245.874802,115.324036,115.163421
2017-05-31,2017,223.766546,168.933477,161.369946,244.221632,113.068472,112.670384
2017-06-01,2017,222.429252,168.782786,161.431805,242.300025,112.307602,112.112236
2017-06-02,2017,223.434207,170.398395,161.493689,243.695024,112.70787,112.279679
2017-06-05,2017,224.565839,170.520568,161.555596,245.269386,112.597887,112.465731
2017-06-06,2017,226.502322,173.39596,161.617526,247.983403,113.508406,113.395968
2017-06-07,2017,228.062701,173.524783,161.679481,250.164848,113.897856,113.842478
2017-06-08,2017,225.902053,172.624775,161.741459,247.07732,113.149607,112.949451
2017-06-09,2017,223.419716,171.586535,161.803461,243.534271,112.166968,112.037822
2017-06-12,2017,221.271669,170.128754,161.865487,240.464564,111.24563,110.977352
2017-06-13,2017,222.019616,170.444922,161.927536,241.495564,111.478218,111.293629
2017-06-14,2017,222.821059,171.450011,161.98961,242.602305,111.647701,111.423862
2017-06-15,2017,222.821059,171.450011,161.98961,242.602305,,111.423862
2017-06-16,2017,226.913364,173.464601,162.051707,248.368884,111.112208,110.902931
2017-06-19,2017,227.538446,173.960988,162.113828,249.225877,111.811775,111.795958
2017-06-20,2017,224.207807,172.274297,162.175972,244.481569,109.56162,109.28432
2017-06-21,2017,221.530844,169.092702,162.238141,240.662854,109.554408,109.358733
2017-06-22,2017,220.165653,167.78686,162.300333,238.701595,110.473942,110.419204
2017-06-23,2017,220.017536,167.98958,162.362549,238.463697,110.140386,109.954085
2017-06-26,2017,223.05477,169.482217,162.42479,242.736233,112.125498,112.112236
2017-06-27,2017,221.871338,166.857555,162.487053,241.032311,111.200555,111.163397
2017-06-28,2017,219.538844,165.128086,162.549341,237.701309,111.818987,111.535493
2017-06-29,2017,218.899035,164.481822,162.611653,236.767134,112.217452,111.81456
2017-06-30,2017,221.112044,167.240563,162.673988,239.872528,113.40924,113.358758
2017-07-03,2017,220.912369,166.930523,162.736348,239.561558,114.094384,113.656434
2017-07-04,2017,221.29999,165.78792,162.798731,240.082188,114.007839,113.768065
2017-07-05,2017,223.235413,168.042507,162.861139,242.794489,113.867205,113.582013
2017-07-06,2017,222.441293,167.9524,162.92357,241.641756,112.633947,112.409912
2017-07-07,2017,221.384725,166.157613,162.986025,240.117386,112.367101,112.558753
2017-07-10,2017,224.023433,168.685821,163.048504,243.825503,113.634617,113.37736
2017-07-11,2017,226.302377,169.625454,163.111007,247.024186,115.089644,114.791325
2017-07-12,2017,230.923526,173.243973,163.173534,253.539411,116.899865,116.6518
2017-07-13,2017,232.191693,174.93308,163.236085,255.306815,117.516494,117.582038
2017-07-14,2017,231.969969,174.751946,163.29866,254.964526,117.98167,117.842503
2017-07-17,2017,232.642662,175.453811,163.361259,255.88872,117.577796,117.321572
2017-07-18,2017,233.107061,175.460984,163.423882,256.517958,117.804975,117.433196
2017-07-19,2017,230.647704,174.967697,163.486528,253.007156,117.5201,117.377384
2017-07-20,2017,231.604366,175.603253,163.549199,254.333415,117.083772,116.744822
2017-07-21,2017,232.968007,177.262588,163.611894,256.235945,116.625808,116.335515
2017-07-24,2017,231.19872,176.302354,163.674613,253.702248,117.375859,117.079708
2017-07-25,2017,232.600841,177.060356,163.737356,255.659243,118.399968,118.102968
2017-07-26,2017,232.930789,176.435043,163.800123,256.098033,117.215392,116.856453
2017-07-27,2017,232.106489,175.640822,163.856983,254.905087,117.694992,117.302963
2017-07-28,2017,230.962492,175.100807,163.913863,253.259441,118.091654,117.935525
2017-07-31,2017,231.866401,176.501246,163.970762,254.513615,118.854326,118.549486
2017-08-01,2017,231.893217,175.691609,164.027682,254.52582,119.92892,119.498332
2017-08-02,2017,234.233141,177.302299,164.084621,257.813368,121.046785,120.78205
2017-08-03,2017,235.275844,177.952337,164.141579,259.264046,120.399505,119.907625
2017-08-04,2017,234.504557,177.289175,164.198558,258.146113,120.617669,120.391352
2017-08-07,2017,237.137245,179.496387,164.255556,261.848187,122.496404,122.102986
2017-08-08,2017,238.247777,179.727486,164.312574,263.394885,122.42248,122.158812
2017-08-09,2017,234.30266,175.187469,164.369612,257.782792,122.011394,121.749505
2017-08-10,2017,233.063373,174.381986,164.426669,256.002135,120.787152,120.42857
2017-08-11,2017,234.862159,175.744977,164.483747,258.523372,121.448856,121.116936
2017-08-14,2017,238.507152,178.776577,164.540844,263.658822,123.118442,122.82857
2017-08-15,2017,235.405097,175.834108,164.597961,259.240466,123.244652,122.940208
2017-08-16,2017,235.896047,175.802525,164.655098,259.909783,123.675571,123.572763
2017-08-17,2017,233.421528,173.698494,164.712255,256.379997,122.563115,122.419278
2017-08-18,2017,233.933772,173.748032,164.769431,257.07945,123.893735,123.665793
2017-08-21,2017,231.353721,170.799137,164.826628,253.400213,123.749495,123.628575
2017-08-22,2017,231.941375,171.331299,164.883844,254.206428,126.230435,126.103011
2017-08-23,2017,235.676122,172.64337,164.94108,259.468907,127.07244,126.884407
2017-08-24,2017,237.157911,174.144419,164.998336,261.541195,128.25341,128.07511
2017-08-25,2017,235.62748,173.183866,165.055612,259.348182,128.147033,127.721629
2017-08-28,2017,235.59513,171.964343,165.112908,259.276437,128.044261,127.851862
2017-08-29,2017,237.641924,173.76363,165.170223,262.148743,128.608603,128.335589
2017-08-30,2017,239.353837,175.697462,165.227559,264.546851,127.808067,127.498367
2017-08-31,2017,242.512732,178.865388,165.284914,268.993871,127.716114,127.275119
2017-09-01,2017,240.753021,176.82894,165.34229,266.476152,129.677787,129.321639
2017-09-04,2017,241.208437,177.160486,165.399685,267.095037,130.049207,129.935585
2017-09-05,2017,240.614646,175.02634,165.4571,266.228238,130.088873,129.786758
2017-09-06,2017,241.285505,174.369029,165.514535,267.152173,132.362467,132.000714
2017-09-07,2017,241.285505,174.369029,165.514535,267.152173,,132.000714
2017-09-08,2017,241.562534,175.442412,165.565943,267.521173,131.762065,131.554204
2017-09-11,2017,241.709958,175.030206,165.617366,267.706646,133.997796,133.823986
2017-09-12,2017,240.952337,174.742533,165.668805,266.61057,134.394457,134.140263
2017-09-13,2017,239.253025,172.119241,165.72026,264.181057,134.843407,134.456541
2017-09-14,2017,238.00054,171.548412,165.771731,262.384241,134.607212,133.898406
2017-09-15,2017,231.455609,167.903953,165.823218,253.093331,136.590522,136.075159
2017-09-18,2017,234.826655,169.704187,165.874721,257.843406,137.010623,136.744931
2017-09-19,2017,233.334993,167.864665,165.92624,255.707895,136.981775,136.651902
2017-09-20,2017,235.211731,169.770999,165.977775,258.342019,137.035865,136.670511
2017-09-21,2017,235.549653,170.345417,166.029326,258.79718,136.314662,135.944926
2017-09-22,2017,237.019819,170.644629,166.080893,260.855585,135.928818,135.479808
2017-09-25,2017,232.909693,166.902988,166.132476,255.012309,134.221369,133.768174
2017-09-26,2017,232.91101,169.144927,166.184075,254.990814,133.997796,133.675144
2017-09-27,2017,232.363048,169.175587,166.23569,254.191536,133.056625,132.726298
2017-09-28,2017,232.765627,169.353158,166.287322,254.738214,132.641933,132.242585
2017-09-29,2017,234.865265,171.163763,166.338969,257.687914,133.95272,133.172822
2017-10-02,2017,233.457412,170.488962,166.390632,255.671011,134.071719,133.619332
2017-10-03,2017,235.677099,170.560182,166.442311,258.790685,138.404349,137.972852
2017-10-04,2017,232.882765,170.182372,166.494006,254.810514,138.094231,137.712372
2017-10-05,2017,234.835211,171.113013,166.545718,257.551762,138.142912,137.74959
2017-10-06,2017,234.535098,171.676328,166.597445,257.103385,137.127818,136.76354
2017-10-09,2017,236.28374,172.187371,166.649189,259.556034,136.536432,136.205392
2017-10-10,2017,237.988765,172.296421,166.700948,261.946912,138.645952,138.121679
2017-10-11,2017,236.653373,170.996141,166.752724,260.032563,138.218639,137.917026
2017-10-12,2017,236.653373,170.996141,166.752724,260.032563,,137.917026
2017-10-13,2017,241.142305,175.531342,166.804516,266.365429,138.813632,138.512377
2017-10-16,2017,242.246733,173.452821,166.856324,267.905842,138.636937,138.307724
2017-10-17,2017,240.552864,172.834948,166.908147,265.483869,137.391058,137.135629
2017-10-18,2017,242.12486,174.040818,166.959987,267.686342,138.094231,137.842605
2017-10-19,2017,240.888181,173.514264,167.011844,265.911733,137.538904,137.284471
2017-10-20,2017,245.593474,176.971885,167.063716,272.55093,137.733629,136.930976
2017-10-23,2017,243.651446,176.643059,167.115604,269.777536,135.970287,136.930976
2017-10-24,2017,243.441527,175.834379,167.167509,269.456793,137.659706,137.414704
2017-10-25,2017,244.296955,176.846709,167.219429,270.644573,138.238472,137.693778
2017-10-26,2017,240.430205,175.018078,167.266745,265.147847,136.84114,135.907723
2017-10-27,2017,238.341748,173.011945,167.314075,262.169172,136.985381,136.503075
2017-10-30,2017,237.5611,172.669589,167.361418,261.042345,134.865043,134.605382
2017-10-31,2017,237.097814,173.045828,167.408775,260.364895,133.977962,133.526303
2017-11-01,2017,237.751943,172.945601,167.456145,261.269695,133.105306,132.596065
2017-11-02,2017,237.751943,172.945601,167.456145,261.269695,,132.596065
2017-11-03,2017,236.267964,171.908297,167.503528,259.146936,133.26938,132.651891
2017-11-06,2017,235.350758,171.144156,167.550925,257.826719,133.983371,133.56352
2017-11-07,2017,232.488682,168.62258,167.598335,253.752565,130.564867,130.177456
2017-11-08,2017,236.263297,169.351069,167.645759,259.07594,134.077128,133.823986
2017-11-09,2017,233.375572,167.661122,167.693196,254.965456,131.49522,131.163506
2017-11-10,2017,231.427677,167.374841,167.740647,252.185763,130.115918,130.177456
2017-11-13,2017,234.002149,168.673418,167.78811,255.809719,130.673048,131.126302
2017-11-14,2017,230.410527,166.467577,167.835588,250.702501,127.70169,127.368134
2017-11-15,2017,230.410527,166.467577,167.835588,250.702501,,127.368134
2017-11-16,2017,235.021411,169.571228,167.883079,257.21,130.739759,130.549545
2017-11-17,2017,237.924484,171.802534,167.930583,261.299237,132.407542,131.926307
2017-11-20,2017,237.939676,171.802534,167.9781,261.299237,,131.926307
2017-11-21,2017,240.821347,175.28407,168.025631,265.358156,134.495426,133.954218
2017-11-22,2017,239.821704,173.134005,168.073176,263.921142,134.358397,133.768174
2017-11-23,2017,239.79886,173.918049,168.120734,263.867266,134.300701,133.823986
2017-11-24,2017,237.556215,171.506887,168.168305,260.670151,133.705708,133.265837
2017-11-27,2017,238.119255,171.602379,168.21589,261.445873,133.529013,133.191417
2017-11-28,2017,236.456495,171.171201,168.263489,259.069863,133.675057,133.693753
2017-11-29,2017,231.942993,166.988036,168.311101,252.657204,131.078725,130.698387
2017-11-30,2017,228.148913,162.456197,168.358726,247.263239,129.764331,129.116986
2017-12-01,2017,227.676291,162.112456,168.406365,246.572442,130.292613,129.619308
2017-12-04,2017,230.454771,163.55949,168.454017,250.485188,131.781898,131.219318
2017-12-05,2017,229.149571,161.146975,168.501683,248.615451,130.801061,130.233268
2017-12-06,2017,227.575663,160.509084,168.549362,246.365219,132.102834,135.77749
2017-12-07,2017,229.562535,161.613595,168.593933,249.158446,130.694684,130.233268
2017-12-08,2017,234.705284,165.494863,168.638516,256.420379,131.136421,130.45653
2017-12-11,2017,236.422909,167.483407,168.683111,258.832343,131.259026,131.051882
2017-12-12,2017,238.410841,168.947962,168.727717,261.627055,133.087276,132.837936
2017-12-13,2017,236.669076,168.546509,168.772336,259.140522,131.464568,130.940243
2017-12-14,2017,237.544492,169.702834,168.816966,260.359905,130.590109,130.233268
2017-12-15,2017,240.635136,173.100518,168.861608,264.716036,130.912848,130.140238
2017-12-18,2017,239.380604,171.615916,168.906262,262.919409,131.826973,131.479783
2017-12-19,2017,237.849405,170.419364,168.950927,260.731016,131.042664,130.549545
2017-12-20,2017,239.478282,172.02332,168.995605,263.017275,132.281331,131.907699
2017-12-21,2017,242.338267,173.95542,169.040294,267.046774,135.465445,134.958877
2017-12-22,2017,242.655465,174.227058,169.084995,267.47569,135.562807,135.256545
2017-12-25,2017,242.655465,174.227058,169.084995,267.47569,,135.256545
2017-12-26,2017,243.207745,170.524291,169.129708,268.237474,136.466114,136.279813
2017-12-27,2017,246.215657,174.211191,169.174432,272.476422,137.160273,137.024005
2017-12-28,2017,249.480288,176.629319,169.219169,277.078877,137.753462,137.340283
2017-12-29,2017,249.494594,176.629319,169.263917,277.078877,137.753462,137.340283
2018-01-03,2018,249.025002,175.208886,169.308677,278.500484,137.93739,137.706044
2018-01-04,2018,245.337707,174.926447,169.353449,273.016101,139.090479,138.986175
2018-01-05,2018,250.156548,176.725291,169.398233,280.127152,139.840341,139.790836
2018-01-08,2018,249.18626,175.676577,169.443029,278.665958,140.385052,140.37604
2018-01-09,2018,245.292278,173.638661,169.487836,272.875504,139.474253,139.278784
2018-01-10,2018,242.804446,173.499054,169.532656,269.167196,138.30171,138.254666
2018-01-11,2018,240.731509,172.89877,169.577487,266.073238,140.360292,140.193167
2018-01-12,2018,239.863368,172.255619,169.62233,264.763271,140.331995,140.211444
2018-01-15,2018,241.135669,173.218585,169.667185,266.622753,141.044718,140.942953
2018-01-16,2018,238.766545,172.643504,169.712052,263.090196,141.186201,140.924662
2018-01-17,2018,238.17102,175.206514,169.75693,262.183886,143.586112,143.393506
2018-01-18,2018,243.17247,175.101073,169.801821,269.565276,143.186421,142.826579
2018-01-19,2018,246.378067,175.867033,169.846723,274.287454,143.640936,143.411784
2018-01-22,2018,246.205681,176.909302,169.891637,274.007687,144.445623,144.179862
2018-01-23,2018,253.565873,176.335189,169.936563,284.881759,142.682387,142.479123
2018-01-24,2018,254.067781,179.83328,169.981502,285.600437,147.991548,147.819115
2018-01-25,2018,254.084345,179.83328,170.026451,285.600437,,147.819115
2018-01-26,2018,258.347414,181.536173,170.071413,291.888432,151.265119,151.147468
2018-01-29,2018,255.071585,179.038269,170.116387,287.013217,149.791924,149.556437
2018-01-30,2018,257.027991,178.852401,170.161372,289.885614,149.409919,149.24555
2018-01-31,2018,259.147597,180.016858,170.20637,292.999661,150.17216,149.958767
2018-02-01,2018,260.885344,180.757653,170.251379,295.548266,151.201451,150.964594
2018-02-02,2018,257.526132,178.360055,170.296401,290.549555,148.629992,148.568902
2018-02-05,2018,259.07838,176.946234,170.341434,292.82347,144.774572,144.838219
2018-02-06,2018,257.03106,177.096757,170.386479,289.767327,148.370016,148.40432
2018-02-07,2018,257.493282,178.498861,170.431536,290.427176,146.37687,146.228084
2018-02-08,2018,254.484298,176.822799,170.475021,285.947902,144.19449,143.923836
2018-02-09,2018,266.01715,178.722526,170.518518,303.00141,143.073235,142.954592
2018-02-14,2018,270.214571,181.691639,170.562026,309.19299,147.749258,147.398493
2018-02-15,2018,268.40049,180.387308,170.605545,306.483048,149.072127,148.861511
2018-02-16,2018,267.973388,179.514515,170.649075,305.826866,149.485966,149.154106
2018-02-19,2018,259.898042,177.569853,170.692616,293.845559,149.959935,149.702741
2018-02-20,2018,258.14822,177.550863,170.736168,291.23075,151.74793,151.677811
2018-02-21,2018,256.261414,178.153173,170.779732,288.413096,152.186529,151.860685
2018-02-22,2018,257.667404,178.554407,170.823306,290.471235,153.307784,153.159107
2018-02-23,2018,256.261478,178.520126,170.866892,288.365631,154.381289,154.146642
2018-02-26,2018,256.379631,177.510066,170.910488,288.516797,155.017964,154.933012
2018-02-27,2018,252.081535,174.23773,170.954096,282.128607,153.748151,153.780881
2018-02-28,2018,255.185541,174.613764,170.997715,286.701055,151.176692,150.87315
2018-03-01,2018,255.360937,174.438589,171.041345,286.936967,150.994532,150.909719
2018-03-02,2018,255.742544,175.311378,171.084986,287.478216,151.671883,151.696089
2018-03-05,2018,256.872695,176.191312,171.128639,289.127866,152.135241,151.604659
2018-03-06,2018,254.779021,175.111018,171.172302,286.003839,151.480881,151.22062
2018-03-07,2018,254.73054,174.842949,171.215977,285.908218,151.181997,151.056024
2018-03-08,2018,256.050697,173.415475,171.259662,287.839201,150.299495,150.214793
2018-03-09,2018,259.960656,174.198038,171.303359,293.60502,152.750693,152.519042
2018-03-12,2018,264.468331,175.553018,171.347067,300.255899,153.686252,153.524855
2018-03-13,2018,264.416147,174.879526,171.390787,300.154771,152.773685,152.701916
2018-03-14,2018,265.231345,173.663648,171.434517,301.338013,152.18476,152.043559
2018-03-15,2018,266.391618,173.098024,171.478258,303.032216,150.198688,150.08678
2018-03-16,2018,261.454222,168.451307,171.522011,295.697305,150.124409,149.977059
2018-03-19,2018,257.460387,167.450091,171.565775,289.759564,148.403619,148.294584
2018-03-20,2018,259.090662,168.35529,171.60955,292.149704,148.847523,148.861511
2018-03-21,2018,262.902593,168.351633,171.653336,297.770319,150.285347,150.12335
2018-03-22,2018,259.738333,167.364162,171.695534,293.061824,149.915722,149.574728
2018-03-23,2018,261.400692,164.146016,171.737742,295.500326,149.224222,149.190689
2018-03-26,2018,265.465754,165.356747,171.77996,301.496621,150.481655,150.37939
2018-03-27,2018,261.50984,163.19753,171.822189,295.615868,148.217922,148.093433
2018-03-28,2018,265.441778,163.212318,171.864428,301.415027,148.334645,148.166571
2018-03-29,2018,267.702327,167.104029,171.906677,304.739276,150.973309,150.745137
2018-04-02,2018,261.501143,163.592744,171.948937,295.53383,149.73533,149.68445
2018-04-03,2018,263.028297,163.578598,171.991207,297.772094,149.659283,149.501576
2018-04-04,2018,260.159018,162.486328,172.033488,293.500346,149.194157,148.861511
2018-04-05,2018,258.099965,161.402918,172.075779,290.428332,150.697417,150.635416
2018-04-06,2018,256.21885,160.495246,172.11808,287.619793,150.007686,149.849046
2018-04-09,2018,257.523092,159.728076,172.160392,289.527958,147.331882,147.069315
2018-04-10,2018,259.274908,160.581803,172.202714,292.098863,149.459438,149.154106
2018-04-11,2018,258.838757,160.774146,172.245047,291.429935,150.761084,150.781706
2018-04-12,2018,256.570475,161.437351,172.28739,288.048077,151.111256,150.745137
2018-04-13,2018,257.748787,160.83342,172.329743,289.769748,149.148175,148.678637
2018-04-16,2018,261.16508,160.959438,172.372107,294.805301,146.544882,146.264667
2018-04-17,2018,264.276917,161.525177,172.414481,299.390024,148.709576,148.331167
2018-04-18,2018,261.692609,161.474987,172.456866,295.540188,151.698411,151.238898
2018-04-19,2018,260.654735,161.040199,172.499261,293.980226,151.783301,151.604659
2018-04-20,2018,265.490705,162.525718,172.541666,301.117938,151.298721,151.31205
2018-04-23,2018,264.297491,161.579197,172.584082,299.327944,151.390685,151.238898
2018-04-24,2018,265.919193,162.612799,172.626509,301.706126,151.155469,150.836581
2018-04-25,2018,267.860894,164.859352,172.668945,304.558139,150.403839,150.105072
2018-04-26,2018,272.119633,166.506649,172.711393,310.841094,152.771916,152.720207
2018-04-27,2018,255.831172,161.110487,172.75385,286.698829,152.881566,152.647055
2018-04-30,2018,253.34258,160.580374,172.796318,282.99068,152.297947,152.116711
2018-05-02,2018,249.454802,158.997412,172.838797,277.210684,149.524874,149.428424
2018-05-03,2018,247.036169,156.400562,172.881286,273.606115,147.29828,147.197328
2018-05-04,2018,248.112489,156.655637,172.923785,275.176683,146.997628,146.776719
2018-05-07,2018,248.843228,155.504709,172.966295,276.235528,146.283137,145.972058
2018-05-08,2018,249.260172,155.77853,173.008815,276.829715,146.711124,146.703567
2018-05-09,2018,252.641268,158.927898,173.051346,281.813057,149.026145,148.770067
2018-05-10,2018,251.559286,158.797582,173.093887,280.187701,151.848737,151.549798
2018-05-11,2018,250.261597,157.767512,173.136439,278.242934,150.715102,150.489111
2018-05-14,2018,247.136731,153.768436,173.179001,273.592571,150.736325,150.671985
2018-05-15,2018,241.242119,150.515864,173.221574,264.84091,150.555934,150.342807
2018-05-16,2018,240.931479,152.45711,173.264157,264.357695,153.044271,152.555611
2018-05-17,2018,235.711146,148.621083,173.30675,256.604458,147.888973,147.727671
2018-05-18,2018,231.119674,147.012747,173.349354,249.782401,146.933961,146.685276
2018-05-21,2018,227.440233,146.681114,173.391969,244.310824,144.693219,144.838219
2018-05-22,2018,235.178904,151.015885,173.434594,255.746584,146.327351,146.301237
2018-05-23,2018,231.15958,146.87397,173.477229,249.771716,143.016641,143.100897
2018-05-24,2018,233.929881,147.545518,173.519875,253.850562,141.699078,141.637879
2018-05-25,2018,233.292447,146.426417,173.562531,252.883408,139.534383,141.637879
2018-05-28,2018,226.279583,141.933899,173.605198,242.475845,133.270209,132.932966
2018-05-29,2018,226.758707,142.020354,173.647876,243.162019,134.536485,134.231387
2018-05-30,2018,227.186204,142.945426,173.690564,243.771741,135.74263,135.456657
2018-06-01,2018,231.842883,147.69519,173.733262,250.64381,136.602142,136.462483
2018-06-04,2018,233.773414,148.91477,173.775971,253.479135,139.000284,138.711857
2018-06-05,2018,228.282887,145.282985,173.81869,245.325739,135.544554,135.511518
2018-06-06,2018,221.724169,141.639729,173.86142,235.590618,134.616069,134.3594
2018-06-07,2018,218.360708,139.343339,173.90416,230.586861,130.608555,130.518996
2018-06-08,2018,212.583133,139.38016,173.946911,222.008403,129.00095,128.745091
2018-06-11,2018,212.457096,139.191938,173.989673,221.798441,127.879695,127.757556
2018-06-12,2018,213.186916,139.546681,174.032444,222.855781,128.668465,128.507342
2018-06-13,2018,211.622371,139.570269,174.075227,220.515741,127.550746,127.556391
2018-06-14,2018,211.347013,138.8311,174.11802,220.084655,126.310999,125.819069
2018-06-15,2018,207.78175,137.808683,174.160823,214.782046,125.138456,124.557216
2018-06-18,2018,209.586371,137.393771,174.203637,217.430873,123.470721,123.478237
2018-06-19,2018,215.953057,139.939966,174.246462,226.834959,126.263248,125.837347
2018-06-20,2018,215.478454,140.039116,174.289297,226.108819,127.552515,127.117491
2018-06-21,2018,216.539942,139.235716,174.332142,227.657236,123.930542,123.734277
2018-06-22,2018,219.922385,140.495145,174.374998,232.642395,124.931536,124.685229
2018-06-25,2018,216.316937,139.910733,174.417865,227.280246,125.483321,125.453308
2018-06-26,2018,212.399653,140.432325,174.460742,221.456342,126.282702,126.184817
2018-06-27,2018,211.135814,139.676309,174.50363,219.561514,124.874943,124.356051
2018-06-28,2018,214.556727,141.202897,174.546528,224.603614,126.922914,126.916325
2018-06-29,2018,217.179983,141.417811,174.589437,228.46458,128.684381,128.653647
2018-07-02,2018,216.784441,140.443845,174.632356,227.855464,128.820559,128.562217
2018-07-03,2018,217.751894,142.253245,174.675286,229.264593,130.284911,130.025221
2018-07-04,2018,218.642032,143.407878,174.718226,230.559231,132.186094,131.872278
2018-07-05,2018,216.359346,142.623473,174.761177,227.155714,131.850071,131.433378
2018-07-06,2018,218.379241,145.559417,174.804139,230.123225,132.658294,132.494052
2018-07-10,2018,218.677942,146.19418,174.890094,230.518625,132.39655,132.311178
2018-07-11,2018,219.282016,146.31573,174.933087,231.389647,131.577715,131.232213
2018-07-12,2018,219.461031,145.968567,174.976091,231.631257,134.15448,133.975361
2018-07-13,2018,221.179685,146.161268,175.019105,234.152679,135.459664,135.346935
2018-07-16,2018,220.494016,146.383447,175.06213,233.113899,135.564008,135.2372
2018-07-17,2018,218.777743,147.185925,175.105165,230.549051,138.176143,137.834057
2018-07-18,2018,216.883994,145.923452,175.148212,227.721397,136.819672,136.535636
2018-07-19,2018,214.562036,146.183427,175.191268,224.259671,137.038971,136.517344
2018-07-20,2018,221.996384,149.14274,175.234335,235.244563,138.95607,138.620427
2018-07-23,2018,220.346694,147.732853,175.277413,232.778283,137.939159,137.614601
2018-07-24,2018,220.642868,148.135769,175.320502,233.19333,139.988898,139.900557
2018-07-25,2018,220.424739,147.479267,175.363601,232.846819,141.868858,141.491588
2018-07-26,2018,219.730363,147.615485,175.40671,231.7951,140.431034,140.120014
2018-07-27,2018,220.291933,147.521338,175.449831,232.603115,141.246331,141.052675
2018-07-30,2018,220.238145,146.046735,175.492962,232.499934,141.971433,141.583018
2018-07-31,2018,218.415467,144.921449,175.536103,229.777469,140.103854,139.809114
2018-08-01,2018,220.454485,146.253345,175.579255,232.773193,140.248874,139.827405
2018-08-02,2018,219.346101,146.896368,175.622418,231.108404,140.841335,140.723496
2018-08-03,2018,216.125295,146.992828,175.665591,226.315646,144.021173,143.850698
2018-08-06,2018,217.142185,147.430813,175.708775,227.79784,143.342053,143.082605
2018-08-07,2018,213.983228,143.998524,175.751969,223.096652,142.097,141.711031
2018-08-08,2018,222.397641,145.78419,175.795174,235.532699,139.983593,139.571379
2018-08-09,2018,228.58783,146.124033,175.83839,244.675224,139.304473,138.913022
2018-08-10,2018,223.166526,141.878795,175.881616,236.624055,135.31818,134.962896
2018-08-13,2018,220.230744,140.93905,175.924853,232.253311,137.054888,136.956244
2018-08-14,2018,223.719446,144.691863,175.968101,237.3956,139.010895,138.803301
2018-08-15,2018,220.256049,141.62063,176.011359,232.243579,136.315638,136.041861
2018-08-16,2018,220.822869,142.208394,176.054628,233.059286,135.857586,135.58467
2018-08-17,2018,217.176583,139.768483,176.097908,227.636443,134.460438,134.139943
2018-08-20,2018,216.873163,139.93771,176.141198,227.163533,134.989232,134.743439
2018-08-21,2018,213.567643,135.87573,176.184499,222.245264,132.958946,132.603787
2018-08-22,2018,215.571902,137.464153,176.22781,225.189433,136.004375,135.602961
2018-08-23,2018,213.846215,135.774569,176.271132,222.610487,133.761864,133.554739
2018-08-24,2018,215.425962,135.569132,176.314465,224.926049,134.872508,134.743439
2018-08-27,2018,208.713674,135.261761,176.357808,214.963195,137.822435,137.340283
2018-08-28,2018,208.796665,135.50259,176.401162,215.062427,137.014212,136.77337
2018-08-29,2018,208.959951,135.47694,176.444527,215.28055,138.634196,138.40097
2018-08-30,2018,209.130701,133.143552,176.487902,215.50972,135.123641,134.853161
2018-08-31,2018,209.377315,132.543639,176.531288,215.851219,135.608221,135.548101
2018-09-03,2018,206.078371,132.146272,176.574685,210.942637,134.750479,134.377692
2018-09-04,2018,204.273089,130.28967,176.618092,208.245784,132.131269,131.799126
2018-09-05,2018,204.378338,129.491429,176.66151,208.377941,132.803314,132.439191
2018-09-06,2018,203.013759,129.48257,176.704939,206.333647,135.144863,135.511518
2018-09-10,2018,202.393835,128.784937,176.748378,205.391992,135.180234,135.328644
2018-09-11,2018,201.691041,127.302904,176.791829,204.327623,132.033999,131.908847
2018-09-12,2018,202.055697,126.576758,176.835289,204.843872,132.861676,132.713509
2018-09-13,2018,199.31022,123.317659,176.878761,200.754794,132.087055,131.707682
2018-09-14,2018,199.286016,123.919093,176.922243,200.695227,133.399313,133.152408
2018-09-17,2018,201.448794,125.112585,176.965736,203.874024,135.804529,135.456657
2018-09-18,2018,201.18824,126.358034,177.009239,203.46447,138.501555,137.797474
2018-09-19,2018,203.570831,126.585449,177.052753,206.968742,138.245117,137.65117
2018-09-20,2018,202.358443,126.566688,177.096278,205.149753,138.151384,137.760905
2018-09-21,2018,203.108046,126.584164,177.139814,206.23597,140.500007,139.900557
2018-09-24,2018,203.464403,125.86656,177.18336,206.739884,137.917936,137.523157
2018-09-25,2018,203.721202,125.817823,177.226917,207.096372,139.060414,138.766718
2018-09-26,2018,203.889985,125.536616,177.270485,207.322523,139.106396,138.711857
2018-09-27,2018,205.332715,126.610203,177.314063,209.435064,141.483316,140.942953
2018-09-28,2018,204.659264,125.50763,177.357652,208.414068,140.319616,140.101723
2018-10-01,2018,204.512118,120.173772,177.401318,208.172356,139.049803,138.620427
2018-10-02,2018,208.435167,124.218434,177.444994,213.957568,144.334205,144.07014
2018-10-03,2018,212.440857,127.067855,177.488681,219.865146,147.271752,146.83158
2018-10-04,2018,210.759862,125.892638,177.532379,217.352173,146.705819,146.08178
2018-10-05,2018,208.930828,126.904523,177.576087,214.619986,145.589869,145.29541
2018-10-08,2018,215.63939,131.598449,177.619806,224.529817,152.243122,152.957942
2018-10-09,2018,216.018116,132.396551,177.663536,225.066752,152.250196,151.787533
2018-10-10,2018,214.418874,130.876581,177.707277,222.674812,147.98978,147.636241
2018-10-11,2018,214.003579,129.475221,177.751029,222.035991,146.649225,146.575554
2018-10-15,2018,215.63563,129.817881,177.794791,224.428768,147.425615,147.142467
2018-10-16,2018,215.538159,130.090474,177.838564,224.260553,151.595836,151.056024
2018-10-17,2018,216.947601,130.960427,177.882348,226.32369,151.677189,151.275481
2018-10-18,2018,218.0379,130.889177,177.926142,227.91425,148.286895,151.275481
2018-10-19,2018,217.519983,132.265625,177.969948,227.123444,148.946561,148.532333
2018-10-22,2018,220.414994,132.579241,178.013764,231.386315,151.381842,151.092607
2018-10-23,2018,222.94831,135.577449,178.057591,235.113603,150.856586,150.489111
2018-10-24,2018,219.939598,133.912688,178.101429,230.63454,146.902127,146.575554
2018-10-25,2018,220.012766,135.14059,178.145277,230.718957,148.706039,148.184863
2018-10-26,2018,218.515622,132.307881,178.189137,228.478132,151.599373,151.257189
2018-10-29,2018,222.249024,131.504951,178.233007,233.98242,148.198468,147.782532
2018-10-30,2018,228.368886,133.938025,178.276888,243.020446,153.661492,153.177399
2018-10-31,2018,228.564381,133.884551,178.32078,243.285975,154.612968,153.762603
2018-11-01,2018,226.648945,136.208275,178.364682,240.425743,156.372666,155.902255
2018-11-05,2018,231.234737,139.205907,178.408596,247.192182,158.457777,157.456703
2018-11-06,2018,232.653763,139.374257,178.45252,249.269433,156.814802,155.957116
2018-11-07,2018,232.752065,138.87907,178.496455,249.39102,155.125845,154.695263
2018-11-08,2018,231.37978,137.768567,178.540401,247.335034,151.422519,151.056024
2018-11-09,2018,230.854913,137.287817,178.584357,246.533854,151.459658,150.909719
2018-11-12,2018,231.862758,136.712215,178.628325,248.002226,151.254507,150.598833
2018-11-13,2018,232.49655,137.595252,178.672303,248.916714,150.173929,149.300411
2018-11-14,2018,235.477436,139.454675,178.716292,253.306652,152.046814,151.147468
2018-11-16,2018,235.379745,141.664264,178.760292,253.137987,156.542446,155.993699
2018-11-19,2018,235.378836,141.338786,178.804303,253.112626,155.456562,154.164934
2018-11-21,2018,238.623562,140.984256,178.892357,257.869199,154.338844,154.12835
2018-11-22,2018,239.235984,141.720098,178.9364,258.75201,154.7067,154.164934
2018-11-23,2018,243.562711,142.12207,178.980454,265.134762,152.501329,151.842394
2018-11-26,2018,244.563878,142.064319,179.024519,266.593192,151.293415,150.580541
2018-11-27,2018,248.351371,144.387264,179.068595,272.177463,155.438876,154.51239
2018-11-28,2018,254.266899,146.926925,179.112682,280.91281,157.844093,157.273829
2018-11-29,2018,255.031986,147.167402,179.156779,282.021649,158.655853,157.968755
2018-11-30,2018,253.917206,145.415569,179.200888,280.346874,158.291534,157.950478
2018-12-03,2018,251.969403,145.265261,179.245007,277.438596,158.850393,158.16992
2018-12-04,2018,255.036541,145.267324,179.289137,281.956172,156.735217,155.865686
2018-12-05,2018,255.237966,146.788774,179.333278,282.230346,157.470931,157.32869
2018-12-06,2018,256.893157,147.710138,179.37743,284.657175,157.127834,156.432599
2018-12-07,2018,254.222644,145.993368,179.421593,280.678722,155.83503,155.317051
2018-12-10,2018,250.146675,143.193052,179.465766,274.619137,151.944239,151.531507
2018-12-11,2018,253.977453,144.494837,179.509951,280.267442,152.837352,152.701916
2018-12-12,2018,246.995501,143.818194,179.554146,269.904819,153.82243,153.433425
2018-12-13,2018,248.858695,143.648023,179.598352,272.639617,155.345144,154.12835
2018-12-14,2018,249.442816,143.828934,179.64257,273.480427,154.65895,154.000337
2018-12-17,2018,252.331929,143.221949,179.686798,277.734339,152.801981,152.226433
2018-12-18,2018,253.13316,143.739469,179.731036,278.896622,153.173375,152.701916
2018-12-19,2018,254.735131,143.717222,179.775286,281.244592,151.51802,150.87315
2018-12-20,2018,253.456581,143.55637,179.819547,279.32723,150.801761,150.726846
2018-12-21,2018,262.376758,146.215523,179.863818,292.511602,151.558697,150.763429
2018-12-26,2018,258.085381,144.196797,179.952394,286.108826,150.566545,150.214793
2018-12-27,2018,260.58419,145.700169,179.996699,289.784756,151.139552,151.147468
2018-12-28,2018,262.467609,148.102978,180.041014,292.549443,155.431802,154.713555
2019-01-03,2019,257.446096,145.595569,180.08534,287.030686,156.374517,154.889563
2019-01-04,2019,257.054718,144.437352,180.129677,286.425026,156.847582,155.769618
2019-01-07,2019,257.076784,145.331204,180.174025,286.433798,156.605072,155.734421
2019-01-08,2019,258.670425,147.026576,180.218384,288.778159,157.173775,156.350457
2019-01-09,2019,257.320844,146.344586,180.262754,286.748449,159.873833,158.973015
2019-01-10,2019,256.043888,144.029244,180.307134,284.826665,160.203442,159.149023
2019-01-11,2019,256.05481,142.044102,180.351526,284.818852,159.950685,159.078617
2019-01-14,2019,258.272346,141.943595,180.395928,288.090391,161.344263,160.53951
2019-01-15,2019,261.389657,143.533895,180.440342,292.699123,160.630396,159.483448
2019-01-16,2019,264.765641,147.621045,180.484766,297.692275,161.20593,160.433908
2019-01-17,2019,263.303558,148.179997,180.529202,295.495334,162.842018,161.877197
2019-01-18,2019,264.122361,151.361333,180.573648,296.688124,164.116049,163.003665
2019-01-21,2019,266.438635,151.700875,180.618105,300.106373,163.967469,163.056466
2019-01-22,2019,263.784962,151.591038,180.662573,296.138534,162.41848,160.873935
2019-01-23,2019,264.179588,151.59188,180.707053,296.700916,164.903353,163.866115
2019-01-24,2019,265.321625,153.344572,180.751543,298.374056,166.814399,165.74943
2019-01-28,2019,265.647838,153.626887,180.840556,298.810643,163.000845,162.07081
2019-01-29,2019,264.609591,151.401365,180.885079,297.243539,163.333869,162.264423
2019-01-30,2019,264.90986,150.629052,180.929613,297.665662,165.651376,164.605357
2019-01-31,2019,263.322101,149.987075,180.974157,295.28189,166.331087,165.450215
2019-02-01,2019,263.975206,152.071719,181.018713,296.228367,167.128638,166.083855
2019-02-04,2019,268.806381,154.435198,181.06328,303.384074,168.371928,167.263125
2019-02-05,2019,268.541118,153.533715,181.107858,302.965709,167.897155,166.858308
2019-02-06,2019,264.989397,152.052124,181.152447,297.663171,161.620929,160.645113
2019-02-07,2019,265.158297,152.433497,181.197046,297.890025,161.228131,160.169889
2019-02-08,2019,269.420226,156.805218,181.241657,304.199724,162.828356,161.40196
2019-02-11,2019,268.32091,156.439548,181.286279,302.541808,161.240086,160.152284
2019-02-12,2019,272.127519,161.359779,181.330911,308.17482,164.237304,162.722041
2019-02-13,2019,269.914813,158.084815,181.375555,304.862229,163.680556,162.98606
2019-02-14,2019,274.338013,160.68543,181.42021,311.411576,167.391641,166.048646
2019-02-15,2019,273.180622,159.4378,181.464875,309.667328,166.556519,165.520621
2019-02-18,2019,275.830613,160.709697,181.509552,313.581411,164.821378,163.65491
2019-02-19,2019,277.777397,161.810861,181.55424,316.450418,166.783659,165.062989
2019-02-20,2019,274.540842,161.94195,181.598938,311.616205,164.881151,163.989322
2019-02-21,2019,274.8183,164.093822,181.643648,312.004333,165.542076,164.710973
2019-02-22,2019,272.682667,161.871527,181.688369,308.806241,167.171333,166.224667
2019-02-25,2019,273.079758,162.315019,181.7331,309.37215,166.068084,165.045384
2019-02-26,2019,272.481964,162.41071,181.777843,308.459504,166.688021,165.661433
2019-02-27,2019,269.041457,157.366378,181.822597,303.322159,166.182507,165.168591
2019-02-28,2019,267.506513,156.118306,181.867361,301.016758,163.239939,161.665979
2019-03-01,2019,268.624418,157.215096,181.912137,302.653879,161.566279,160.310701
2019-03-06,2019,266.326667,154.144998,181.956924,299.214821,160.905354,159.747467
2019-03-07,2019,267.659549,154.185018,182.001722,301.171418,161.115416,160.2579
2019-03-08,2019,270.924288,159.611148,182.046531,305.999035,162.865928,161.665979
2019-03-11,2019,274.160315,161.007097,182.09135,310.783977,167.412135,166.41828
2019-03-12,2019,273.448079,159.905725,182.136181,309.701207,167.07228,166.154261
2019-03-13,2019,275.599624,159.415708,182.181023,312.874435,168.90989,167.755953
2019-03-14,2019,275.334899,158.981346,182.225876,312.45672,168.399253,167.122313
2019-03-15,2019,273.463058,156.858493,182.27074,309.650586,169.307812,168.143179
2019-03-18,2019,277.163325,159.817086,182.315615,315.125427,170.77141,169.639269
2019-03-19,2019,278.993201,161.805089,182.360501,317.820583,170.078037,169.076035
2019-03-20,2019,278.681961,161.75051,182.405399,317.333717,167.436045,166.066251
2019-03-21,2019,275.251866,160.030903,182.450307,312.211762,165.195389,163.707711
2019-03-22,2019,270.240508,159.443484,182.495226,304.739808,160.082187,158.849808
2019-03-25,2019,270.682294,160.645902,182.540156,305.372031,159.957516,159.025816
2019-03-26,2019,271.069176,160.791002,182.585098,305.922655,162.766874,161.771595
2019-03-27,2019,264.757265,157.708481,182.63005,296.517867,156.953467,155.065571
2019-03-28,2019,265.756889,157.525775,182.675014,297.979103,161.199099,160.205085
2019-03-29,2019,268.157757,160.796103,182.719988,301.522791,162.951318,161.595573
2019-04-01,2019,270.933865,162.460691,182.764974,305.624135,164.042613,162.546033
2019-04-02,2019,271.484847,162.946696,182.809971,306.418604,162.9035,161.630783
2019-04-03,2019,271.105573,164.415364,182.854978,305.830568,161.373296,160.451513
2019-04-04,2019,269.963592,162.252282,182.899997,304.109031,164.484938,163.461297
2019-04-05,2019,272.772481,166.229037,182.945027,308.259068,165.842652,164.675763
2019-04-08,2019,275.816043,168.690976,182.990068,312.757858,166.288392,165.062989
2019-04-09,2019,273.683491,166.629116,183.035121,309.564168,164.449074,163.162069
2019-04-10,2019,272.42065,164.234683,183.080184,307.66299,163.870124,162.792447
2019-04-11,2019,273.399701,165.702152,183.125258,309.093591,161.824159,160.838726
2019-04-12,2019,272.625781,166.462577,183.170344,307.919011,158.613464,157.547331
2019-04-15,2019,271.948274,166.577109,183.21544,306.88771,158.96869,158.075356
2019-04-16,2019,271.953291,166.361277,183.260548,306.870734,161.103461,160.169889
2019-04-17,2019,271.710787,166.546258,183.305667,306.485898,159.313669,158.409781
2019-04-18,2019,270.374558,163.701836,183.350796,304.475619,161.521876,160.451513
2019-04-22,2019,271.437535,165.694331,183.395937,306.030911,161.538954,160.521906
2019-04-23,2019,274.952998,170.418635,183.441089,311.230957,163.818889,162.581243
2019-04-24,2019,274.656219,169.473853,183.486253,310.765437,162.319426,161.225952
2019-04-25,2019,275.308387,170.392703,183.531427,311.710187,164.893106,163.514098
2019-04-26,2019,270.709744,165.275359,183.576612,304.851445,164.353436,163.038862
2019-04-29,2019,270.254188,165.38117,183.621809,304.149942,164.271461,163.197278
2019-04-30,2019,272.685922,165.064965,183.667017,307.739374,164.55325,163.478889
2019-05-02,2019,275.408245,168.517405,183.712235,311.760659,163.144302,162.211622
2019-05-03,2019,277.82181,173.038633,183.757465,315.323078,163.964054,162.98606
2019-05-06,2019,277.049659,170.882873,183.802707,314.151043,162.257945,161.243557
2019-05-07,2019,275.7418,171.505468,183.847959,312.18286,161.199099,160.134693
2019-05-08,2019,276.864987,171.954516,183.893222,313.827566,163.262141,162.123611
2019-05-09,2019,277.072576,172.121267,183.938497,314.111551,161.914674,160.821134
2019-05-10,2019,276.321954,173.753053,183.983782,312.971487,160.975375,159.817873
2019-05-13,2019,269.119028,168.173826,184.029079,302.242333,156.652891,155.435193
2019-05-14,2019,266.941887,167.684248,184.074387,298.982237,157.276244,156.22725
2019-05-15,2019,264.189967,165.50025,184.119706,294.867928,156.475278,154.660754
2019-05-16,2019,261.861262,164.893334,184.165036,291.382573,153.744479,152.355002
2019-05-17,2019,265.357946,169.112799,184.210378,296.554608,153.691537,152.671822
2019-05-20,2019,271.683031,176.041242,184.25573,305.93006,157.026903,156.350457
2019-05-21,2019,273.225257,176.555544,184.301094,308.197467,161.363049,160.504314
2019-05-22,2019,269.732156,174.526507,184.346469,302.981624,161.15128,160.099483
2019-05-23,2019,268.527776,173.615109,184.391855,301.167153,160.381054,159.166628
2019-05-24,2019,267.242745,170.415023,184.437253,299.232816,159.89945,158.849808
2019-05-27,2019,268.44533,169.989201,184.482661,300.995443,162.010311,161.049944
2019-05-28,2019,272.485855,173.907769,184.528081,306.975663,164.621563,163.426088
2019-05-29,2019,272.73416,174.328161,184.573511,307.320074,164.918723,163.795709
2019-05-30,2019,274.877876,176.262708,184.618953,310.481342,166.43868,165.379809
2019-05-31,2019,275.189866,173.972567,184.664407,310.920387,165.709442,164.728564
2019-06-03,2019,274.97606,171.820432,184.709871,310.578014,165.692364,164.534965
2019-06-04,2019,278.490125,174.163222,184.755347,315.775806,166.307178,165.098199
2019-06-05,2019,277.082508,169.336703,184.800833,313.659241,163.948683,163.056466
2019-06-06,2019,276.099338,166.5419,184.846331,312.173461,166.00831,164.904586
2019-06-07,2019,278.391325,171.745806,184.89184,315.555045,167.060325,165.837441
2019-06-10,2019,276.969284,171.225743,184.937361,313.417025,166.455758,165.186196
2019-06-11,2019,276.55378,169.619749,184.982892,312.774862,169.005528,167.949566
2019-06-12,2019,276.213088,169.927013,185.028435,312.243876,167.914233,166.611893
2019-06-13,2019,273.696856,168.389941,185.073989,308.479707,168.687874,167.456738
2019-06-14,2019,270.761104,165.150643,185.119554,304.092063,167.434337,166.347874
2019-06-17,2019,275.151381,169.370857,185.165131,310.591982,166.722177,165.890242
2019-06-18,2019,278.448496,172.717758,185.210718,315.467294,169.763799,168.565602
2019-06-19,2019,278.808451,173.093275,185.256317,315.977542,171.299126,170.079296
2019-06-21,2019,276.20429,173.15431,185.301927,312.082667,174.219492,172.877876
2019-06-24,2019,278.773517,175.804742,185.347549,315.876212,174.303175,173.036279
2019-06-25,2019,277.566078,173.240189,185.393181,314.057062,170.940484,169.604073
2019-06-26,2019,278.524674,174.936606,185.438825,315.456955,171.958343,170.466522
2019-06-27,2019,277.644431,173.834252,185.48448,314.124054,172.018117,170.853748
2019-06-28,2019,276.814494,172.510386,185.530146,312.86591,172.433116,170.924154
2019-07-01,2019,279.785955,176.20356,185.575824,317.257204,173.070132,171.522585
2019-07-02,2019,275.27362,170.151689,185.621513,310.526456,171.814886,170.32571
2019-07-03,2019,274.950654,169.011248,185.667213,310.021727,174.270727,176.010867
2019-07-04,2019,276.584502,169.199389,185.712924,312.42511,176.991278,176.010867
2019-07-05,2019,277.993492,170.247377,185.758647,314.494313,177.764919,176.486091
2019-07-08,2019,278.229256,168.757989,185.80438,314.819922,178.518066,176.996524
2019-07-10,2019,281.690439,176.833606,185.895882,319.914196,180.716026,179.460679
2019-07-11,2019,276.323689,169.596786,185.941649,311.913618,179.570081,178.140597
2019-07-12,2019,272.764801,166.250665,185.987428,306.599785,177.452389,176.098878
2019-07-15,2019,270.845816,164.340378,186.033218,303.723086,177.276484,176.081273
2019-07-16,2019,268.882544,163.545508,186.07902,300.780564,177.228665,175.834859
2019-07-17,2019,269.953514,162.143781,186.124832,302.34737,177.366998,176.028472
2019-07-18,2019,269.087826,160.431132,186.170656,301.03601,178.837428,177.242938
2019-07-19,2019,267.281828,158.442753,186.216491,298.327202,176.67704,175.306821
2019-07-22,2019,269.835426,163.244536,186.262338,302.097397,177.525825,176.010867
2019-07-23,2019,271.086757,166.78245,186.308196,303.932222,177.10741,176.186875
2019-07-24,2019,272.066606,167.499394,186.354065,305.36358,177.817862,176.697309
2019-07-25,2019,272.363026,167.226736,186.399945,305.779253,175.31591,173.898742
2019-07-26,2019,272.674117,166.817942,186.445837,306.216725,175.595992,174.514778
2019-07-29,2019,272.130217,165.817392,186.49174,305.383546,176.729982,175.236415
2019-07-30,2019,271.768264,164.779286,186.537654,304.82076,175.790683,174.461976
2019-07-31,2019,271.142545,166.233112,186.58358,303.865974,173.876221,172.455454
2019-08-01,2019,266.946474,161.344712,186.626029,297.606996,174.412475,173.247497
2019-08-02,2019,266.291861,160.604139,186.668489,296.611146,175.348359,173.863533
2019-08-05,2019,263.813521,159.723529,186.710957,292.904962,170.949023,169.797686
2019-08-06,2019,268.486783,166.946784,186.753436,299.827116,174.477372,173.265102
2019-08-07,2019,270.014753,169.188767,186.795924,302.074895,175.532803,174.338769
2019-08-08,2019,269.469647,166.828552,186.838422,301.241767,177.809323,176.644507
2019-08-09,2019,273.236481,171.021125,186.88093,306.816819,177.606092,176.43329
2019-08-12,2019,270.651229,168.692214,186.923447,302.951722,174.052126,172.772274
2019-08-13,2019,272.923601,172.104007,186.965974,306.30577,176.415744,175.166009
2019-08-14,2019,265.939497,169.736915,187.008511,295.903313,171.222274,170.114506
2019-08-15,2019,259.91994,166.049963,187.051057,286.934311,169.171186,167.87916
2019-08-16,2019,263.449196,169.473957,187.093613,292.156261,170.450341,169.234452
2019-08-19,2019,263.357825,168.214789,187.136179,291.997415,169.874807,168.565602
2019-08-20,2019,263.263243,168.352732,187.178754,291.833791,169.452976,168.160784
2019-08-21,2019,264.126992,170.062884,187.221339,293.094386,172.834453,171.663397
2019-08-22,2019,262.063732,167.925226,187.263934,290.005003,170.800443,169.586468
2019-08-23,2019,260.463981,167.483093,187.306538,287.60446,166.797321,165.485411
2019-08-26,2019,254.714673,163.839694,187.349152,279.037051,164.684752,163.074071
2019-08-27,2019,259.357181,167.228205,187.391776,285.913423,166.129565,164.83418
2019-08-28,2019,259.297912,166.611765,187.43441,285.802247,167.697341,166.471081
2019-08-29,2019,267.645919,174.082966,187.477053,298.185531,171.676553,170.484127
2019-08-30,2019,273.48983,180.847475,187.519706,306.847351,172.720029,171.804209
2019-09-02,2019,268.031024,174.782121,187.562368,298.711645,171.850751,170.308119
2019-09-03,2019,266.723767,172.662997,187.605041,296.745753,170.236864,168.794424
2019-09-04,2019,271.338592,174.854945,187.647723,303.580953,172.832745,171.381786
2019-09-05,2019,270.358199,173.167386,187.690414,302.10082,174.61229,173.265102
2019-09-06,2019,271.587533,172.24378,187.733116,303.904663,175.794099,174.479568
2019-09-09,2019,274.082458,175.566632,187.775827,307.58936,176.214222,174.831598
2019-09-10,2019,273.67945,175.632868,187.818548,306.967291,175.959757,174.585184
2019-09-11,2019,277.376278,178.784017,187.861279,312.438184,176.666793,175.57084
2019-09-12,2019,276.228509,177.871483,187.904019,310.709277,178.246524,176.644507
2019-09-13,2019,272.705101,174.589747,187.946769,305.449814,176.760723,175.271625
2019-09-16,2019,276.071242,179.988949,187.989529,310.429241,177.066422,175.658851
2019-09-17,2019,281.924751,187.674727,188.032298,319.105261,178.666646,177.348554
2019-09-18,2019,281.300101,186.162496,188.075077,318.153767,178.521482,177.119731
2019-09-19,2019,280.76755,186.519971,188.114332,317.341054,178.191873,176.785319
2019-09-20,2019,279.246875,184.985883,188.153596,315.059839,179.00821,177.348554
2019-09-23,2019,280.801958,186.336011,188.192867,317.349653,178.702511,177.38375
2019-09-24,2019,280.874033,184.977545,188.232147,317.435492,177.401154,176.010867
2019-09-25,2019,279.814406,184.58489,188.271435,315.839449,178.434383,176.802911
2019-09-26,2019,280.014924,185.607382,188.310731,316.116165,179.865534,178.527823
2019-09-27,2019,280.350167,187.097535,188.350035,316.593097,179.45395,178.193398
2019-09-30,2019,281.141866,188.084712,188.389347,317.748387,178.885247,177.788581
2019-10-01,2019,280.669448,186.797899,188.428668,317.025005,177.703438,176.116469
2019-10-02,2019,274.343372,182.564181,188.467997,307.602214,172.542416,170.99456
2019-10-03,2019,271.75289,178.40136,188.507334,303.731066,173.370707,171.997822
2019-10-04,2019,272.376214,180.9343,188.546679,304.636106,175.138297,173.705129
2019-10-07,2019,266.357546,175.179545,188.586032,295.670155,171.760236,170.378525
2019-10-08,2019,268.39621,177.068168,188.625394,298.678595,170.749209,169.234452
2019-10-09,2019,269.057874,178.386327,188.664764,299.640602,172.91472,171.610596
2019-10-10,2019,269.578404,178.03627,188.704142,300.392857,173.88476,172.631462
2019-10-11,2019,274.475399,181.738234,188.743528,307.649188,177.32601,175.958066
2019-10-14,2019,275.187676,183.108661,188.782923,308.6864,178.128684,176.626903
2019-10-15,2019,274.010895,183.212065,188.822326,306.916186,178.449754,177.031734
2019-10-16,2019,275.103599,183.128003,188.861737,308.518761,180.043147,178.475022
2019-10-17,2019,276.153373,185.436788,188.901156,310.05753,179.348065,177.858987
2019-10-18,2019,275.29977,184.34457,188.940583,308.767594,178.857922,177.330949
2019-10-21,2019,281.481967,190.565914,188.980019,317.933898,181.066129,179.531085
2019-10-22,2019,283.567165,193.096215,189.019463,321.011449,183.387051,181.713616
2019-10-23,2019,282.361811,192.464807,189.058915,319.198745,183.665426,181.995239
2019-10-24,2019,280.858413,191.164891,189.098375,316.943098,182.712464,181.291193
2019-10-25,2019,281.462166,190.861344,189.137844,317.818988,183.358019,181.942438
2019-10-28,2019,280.448102,190.222109,189.177321,316.290555,184.763552,182.963291
2019-10-29,2019,279.420981,187.118122,189.216806,314.742715,183.685919,182.171248
2019-10-30,2019,278.11811,185.23136,189.256299,312.785064,185.140979,183.561735
2019-10-31,2019,276.550785,186.142316,189.29223,310.436325,183.112093,181.696024
2019-11-01,2019,280.139752,189.18177,189.328167,315.750599,184.778922,183.526525
2019-11-04,2019,282.400259,191.031574,189.364111,319.09058,185.470588,184.160166
2019-11-05,2019,280.488725,190.573841,189.400062,316.230284,185.214415,184.230572
2019-11-06,2019,279.592359,188.005034,189.436019,314.878675,185.018016,183.667337
2019-11-07,2019,276.818383,181.904003,189.471984,310.736655,187.144248,185.35704
2019-11-08,2019,271.867522,176.049753,189.507955,303.359454,183.81059,181.995239
2019-11-11,2019,276.384088,181.861895,189.543933,310.052256,184.811371,183.473724
2019-11-12,2019,276.31728,182.380242,189.579918,309.933479,182.369193,180.323128
2019-11-13,2019,274.330786,181.534482,189.61591,306.96176,180.881685,180.18233
2019-11-14,2019,273.663188,184.148453,189.651908,305.950112,181.979811,180.49915
2019-11-18,2019,271.884406,180.406854,189.687914,303.287074,181.621169,179.531085
2019-11-19,2019,273.05268,182.751238,189.723926,305.003798,180.376171,179.460679
2019-11-21,2019,274.733622,185.483077,189.795971,307.462906,183.585158,182.171248
2019-11-22,2019,275.465917,186.081393,189.832004,308.531688,185.625999,184.107364
2019-11-25,2019,275.384175,185.408128,189.868043,308.390688,185.168304,183.491329
2019-11-26,2019,279.010206,184.573609,189.90409,313.759985,182.837135,182.065645
2019-11-27,2019,279.071799,185.156001,189.940143,313.831994,183.945508,182.488068
2019-11-28,2019,279.804984,187.414082,189.976203,314.902085,184.939457,183.720138
2019-11-29,2019,278.509887,185.465729,190.01227,312.957842,184.842111,183.667337
2019-12-02,2019,279.246783,185.987784,190.048344,314.033441,186.256183,184.476986
2019-12-03,2019,278.891115,185.781066,190.084425,313.485323,186.076863,184.811411
2019-12-04,2019,277.990647,184.457407,190.120512,312.127548,188.373876,186.747527
2019-12-05,2019,278.962383,185.635888,190.156606,313.552141,188.922085,187.345971
2019-12-06,2019,279.290266,185.095913,190.192708,314.01987,189.782825,188.208421
2019-12-09,2019,280.659722,184.493262,190.228816,316.035528,189.52836,187.926797
2019-12-10,2019,279.993899,184.467093,190.264931,315.026456,189.007476,187.592386
2019-12-11,2019,282.414437,184.748293,190.301053,318.60417,189.506158,187.891601
2019-12-12,2019,284.694214,188.153543,190.333573,321.974643,191.61702,189.827718
2019-12-13,2019,285.816337,186.264082,190.366099,323.624668,192.240373,190.637366
2019-12-16,2019,292.449345,188.481,190.398631,333.464684,191.097843,189.598908
2019-12-17,2019,295.455426,191.116027,190.431168,337.914545,192.327471,190.813388
2019-12-18,2019,301.261564,196.275446,190.463711,346.525705,195.229052,193.893578
2019-12-19,2019,299.88849,196.007784,190.496259,344.467483,196.62263,195.055243
2019-12-20,2019,302.515446,198.513185,190.528813,348.353898,196.605552,195.090439
2019-12-23,2019,306.726186,200.656631,190.561373,354.594048,197.872752,196.551332
2019-12-26,2019,312.516767,205.105815,190.626508,363.164435,200.161226,198.557855
2019-12-27,2019,311.838982,203.629142,190.659084,362.139501,199.018697,197.431387
2019-12-30,2019,309.418642,200.529082,190.691666,358.524867,198.045241,195.776894
2020-01-03,2020,310.430451,202.681291,190.724253,362.884788,196.598814,195.02286
2020-01-06,2020,313.103503,203.705243,190.756846,366.994066,195.214186,192.949231
2020-01-07,2020,322.247331,208.749656,190.789445,381.1003,194.853414,192.349427
2020-01-08,2020,320.846518,207.449874,190.822049,378.915695,194.160265,191.852443
2020-01-09,2020,330.257953,212.633097,190.854658,393.435359,193.659194,191.355472
2020-01-10,2020,348.822266,223.337862,190.887273,422.095662,192.917607,190.704245
2020-01-13,2020,351.290853,225.308078,190.919894,425.889038,195.960783,193.78897
2020-01-14,2020,366.764767,233.536336,190.95252,449.774855,196.473546,194.200262
2020-01-15,2020,358.634522,231.019261,190.985152,437.193665,194.439195,192.246607
2020-01-16,2020,358.90732,230.501581,191.01779,437.594668,194.923564,192.537939
2020-01-17,2020,352.841205,228.131531,191.050433,428.202428,197.886568,195.536972
2020-01-20,2020,338.432636,220.740441,191.083081,405.921596,198.52794,196.068239
2020-01-21,2020,331.737141,217.36615,191.115736,395.556995,195.461381,193.052064
2020-01-22,2020,334.248057,218.896264,191.148395,399.415741,197.741258,195.536972
2020-01-23,2020,338.429269,221.570651,191.181061,405.85499,199.640319,197.439217
2020-01-24,2020,335.023987,218.696558,191.213732,400.57356,197.716204,195.365602
2020-01-27,2020,330.377114,214.882846,191.246408,393.373941,191.212294,189.007653
2020-01-28,2020,330.626891,217.366494,191.27909,393.73935,194.547761,192.45226
2020-01-29,2020,330.01812,216.759589,191.311778,392.778349,192.720519,190.018749
2020-01-30,2020,328.678091,214.46436,191.344471,390.687596,192.959363,190.550015
2020-01-31,2020,325.797513,213.572887,191.37717,386.216784,190.008051,186.625564
2020-02-03,2020,328.399832,217.284456,191.409874,390.216713,191.457819,189.230433
2020-02-04,2020,326.510605,215.536169,191.442584,387.277472,193.0078,190.584284
2020-02-05,2020,330.979316,218.562285,191.4753,394.160859,193.794483,191.543971
2020-02-06,2020,329.926256,216.786372,191.506198,392.51458,192.394823,190.13871
2020-02-07,2020,328.28893,214.646382,191.537102,389.965643,190.023083,187.396739
2020-02-10,2020,322.803867,209.498179,191.56801,381.47218,188.018797,186.437052
2020-02-11,2020,338.66445,219.141729,191.598923,405.956452,192.697136,190.738527
2020-02-12,2020,332.520849,219.288565,191.629842,396.445582,194.873457,192.70931
2020-02-13,2020,334.515859,220.401712,191.660765,399.508372,193.183175,190.053031
2020-02-14,2020,328.073047,216.874761,191.691693,389.535232,191.043599,188.64777
2020-02-17,2020,328.143887,218.184733,191.722627,389.625289,192.593581,189.88166
2020-02-18,2020,328.611092,217.681133,191.753565,390.327704,192.039062,190.464323
2020-02-19,2020,328.158213,217.598409,191.784508,389.608641,194.6129,192.075237
2020-02-20,2020,324.523712,214.289935,191.815457,383.974161,191.385998,188.85341
2020-02-21,2020,323.341617,213.766698,191.84641,382.128496,189.874432,187.56811
2020-02-26,2020,312.640889,202.34555,191.877368,365.577114,176.57432,174.629431
2020-02-27,2020,312.206782,198.692907,191.908331,364.887041,172.007886,170.002343
2020-02-28,2020,313.864979,198.783964,191.9393,367.429447,173.99213,172.401572
2020-03-02,2020,313.362754,201.389437,191.970273,366.634127,178.089226,176.497394
2020-03-03,2020,308.66436,199.225271,192.001251,359.355977,176.272006,174.372368
2020-03-04,2020,309.410363,200.107447,192.032234,360.489089,179.089699,176.685906
2020-03-05,2020,298.152842,189.60388,192.063223,343.077478,170.753537,169.299719
2020-03-06,2020,296.503678,185.199127,192.094216,340.510195,163.678405,161.776431
2020-03-09,2020,270.34483,164.076775,192.125214,300.076925,143.752454,141.725743
2020-03-10,2020,290.718448,177.424917,192.156217,331.533507,154.019413,151.888182
2020-03-11,2020,282.592553,169.283215,192.187225,318.960055,142.25592,140.628954
2020-03-12,2020,251.597732,144.16337,192.218239,271.055488,121.230952,120.132705
2020-03-13,2020,258.735053,155.359526,192.249257,282.062779,138.092015,136.22466
2020-03-16,2020,240.440555,138.352304,192.28028,253.77944,118.867564,117.219364
2020-03-17,2020,248.560665,142.415726,192.311309,266.305075,124.628218,121.675068
2020-03-18,2020,235.947379,128.388665,192.342342,246.79886,111.730633,111.409809
2020-03-19,2020,229.785931,128.128703,192.369706,237.262644,114.130767,111.392668
2020-03-20,2020,234.958498,131.127986,192.397075,245.236796,112.021255,110.998503
2020-03-23,2020,226.705692,125.685686,192.424447,232.469553,106.177089,104.777656
2020-03-24,2020,229.551719,129.053386,192.451823,236.849336,116.464091,115.50563
2020-03-25,2020,239.438853,139.307707,192.479203,252.107203,125.194429,122.926099
2020-03-26,2020,249.370462,145.821113,192.506587,267.433779,129.794267,127.793095
2020-03-27,2020,242.532615,136.952322,192.533975,256.852553,122.643975,120.338358
2020-03-30,2020,249.327717,140.852792,192.561367,267.33341,124.666634,123.337391
2020-03-31,2020,243.936182,136.422777,192.588763,258.986644,121.960847,118.847405
2020-04-01,2020,236.850286,130.383431,192.616163,248.022189,118.531846,116.84234
2020-04-02,2020,238.631249,132.278988,192.643566,250.756497,120.679774,119.327248
2020-04-03,2020,229.258362,125.584888,192.670973,236.258775,116.145075,114.648764
2020-04-06,2020,233.189386,130.237237,192.698385,242.314791,123.719608,122.651895
2020-04-07,2020,235.694896,136.438299,192.7258,246.168471,127.536104,125.976542
2020-04-08,2020,237.166681,137.630645,192.753219,248.425107,131.322536,129.781032
2020-04-09,2020,240.213457,139.030104,192.780642,253.115006,129.747501,128.30722
2020-04-13,2020,241.182339,139.861349,192.808069,254.594682,131.674957,130.175184
2020-04-14,2020,246.550206,145.37936,192.8355,262.870522,133.482155,131.700405
2020-04-15,2020,240.819357,142.310153,192.862934,253.999511,131.666605,130.329426
2020-04-16,2020,241.133016,142.947185,192.890373,254.4669,129.964632,128.41004
2020-04-17,2020,243.6716,144.577776,192.917816,258.371661,131.932173,130.243734
2020-04-20,2020,242.857288,144.155214,192.945262,257.096396,131.903779,129.661071
2020-04-22,2020,244.656355,147.29931,192.972712,259.858644,134.766569,133.157076
2020-04-23,2020,243.948123,145.961788,193.000167,258.747261,133.072947,131.357664
2020-04-24,2020,240.919359,139.544667,193.027625,254.050796,125.820769,124.091438
2020-04-27,2020,241.442953,142.542445,193.055087,254.842507,130.677824,129.026985
2020-04-28,2020,243.695391,145.177659,193.082553,258.305174,135.810468,134.185326
2020-04-29,2020,247.353646,148.179012,193.110022,263.939742,138.915442,137.40714
2020-04-30,2020,240.935252,143.886351,193.137496,254.006492,134.464256,132.31735
2020-05-04,2020,238.73088,141.401938,193.164974,250.58365,131.741766,130.415105
2020-05-05,2020,236.27201,140.833731,193.192456,246.76762,132.735558,131.169152
2020-05-06,2020,232.39739,137.672838,193.219941,240.764341,132.055771,130.586476
2020-05-07,2020,231.372071,134.731612,193.241862,239.166546,130.477395,129.215497
2020-05-08,2020,236.794595,136.580007,193.263785,247.530279,134.058387,132.694374
2020-05-11,2020,234.817414,134.397778,193.285711,244.461913,132.057441,130.483656
2020-05-12,2020,234.381687,133.688068,193.307639,243.774998,130.064846,128.530001
2020-05-13,2020,228.694182,129.523655,193.32957,234.974403,129.897822,128.787064
2020-05-14,2020,234.732441,132.627804,193.351503,244.289403,131.967248,130.672168
2020-05-15,2020,232.377493,131.817968,193.373439,240.637402,129.538721,127.775954
2020-05-18,2020,238.915794,137.019046,193.395377,250.724934,135.61338,133.722611
2020-05-19,2020,237.402253,136.64752,193.417318,248.372855,134.858432,133.071397
2020-05-20,2020,238.648071,137.869084,193.439261,250.283816,135.82216,134.442376
2020-05-21,2020,242.818103,142.827555,193.461207,256.71251,138.674928,137.047258
2020-05-22,2020,242.226562,141.483478,193.483155,255.784861,137.248544,136.995848
2020-05-25,2020,247.550888,146.392283,193.505105,263.996866,143.077678,141.554372
2020-05-26,2020,248.689742,147.920637,193.527059,265.742569,142.753651,141.297309
2020-05-27,2020,250.853106,150.389011,193.549014,269.071076,146.890833,145.11894
2020-05-28,2020,251.548148,149.850246,193.570972,270.131112,145.225605,143.353797
2020-05-29,2020,249.143357,147.938866,193.592933,266.402093,145.983893,144.210664
2020-06-01,2020,254.407021,151.866546,193.614896,274.520372,148.016574,146.23287
2020-06-02,2020,261.131641,156.955629,193.636862,284.895738,152.068574,150.431511
2020-06-03,2020,280.347721,170.740294,193.65883,314.569657,155.335561,153.156354
2020-06-04,2020,287.234471,174.569455,193.6808,325.195502,156.716849,154.767254
2020-06-05,2020,288.646073,174.524685,193.702774,327.36257,158.066402,156.035427
2020-06-08,2020,296.051391,180.275998,193.724749,338.789569,163.090481,161.005243
2020-06-09,2020,301.320816,182.71057,193.746727,346.916738,161.590606,159.291509
2020-06-10,2020,298.837748,180.60135,193.768708,343.066772,158.148244,156.241066
2020-06-12,2020,297.873881,179.182407,193.790691,341.56388,154.989822,152.950701
2020-06-15,2020,290.136595,175.360506,193.812676,329.59646,154.289992,152.642229
2020-06-16,2020,289.288811,175.307522,193.834664,328.272904,156.219118,154.236001
2020-06-17,2020,290.396474,178.803782,193.856655,329.970395,159.586319,157.577776
2020-06-18,2020,291.873603,180.621592,193.87302,332.242214,160.551717,158.743115
2020-06-19,2020,295.528384,183.839029,193.889387,337.878373,161.298314,158.760256
2020-06-22,2020,304.697478,188.780087,193.905755,352.033813,159.233899,157.235035
2020-06-23,2020,315.527362,195.602272,193.922125,368.755072,160.301182,158.109042
2020-06-24,2020,319.481445,196.508887,193.938496,374.853632,157.63214,155.55557
2020-06-25,2020,317.488992,196.167973,193.954868,371.765151,160.314544,158.331823
2020-06-26,2020,311.35999,190.239941,193.971242,362.285951,156.7252,154.613025
2020-06-29,2020,310.449883,190.527142,193.987617,360.869629,159.900324,158.177593
2020-06-30,2020,314.264697,192.647954,194.003993,366.753024,158.766232,157.012254
2020-07-01,2020,313.223283,193.621142,194.020371,365.133837,160.681996,158.828807
2020-07-02,2020,313.071039,193.395371,194.03675,364.888365,160.735444,158.520335
2020-07-03,2020,317.928142,196.123591,194.053131,372.38203,161.62067,159.702815
2020-07-06,2020,314.5036,196.011271,194.069513,367.081053,165.248429,163.335921
2020-07-07,2020,313.317192,195.093884,194.085896,365.237856,163.284228,161.262305
2020-07-08,2020,314.89978,196.635788,194.102281,367.67259,166.639738,164.689772
2020-07-09,2020,315.57263,197.421732,194.118667,368.701834,165.620893,163.507305
2020-07-10,2020,311.371408,194.922342,194.135054,362.200929,167.077341,165.101064
2020-07-13,2020,316.570128,196.93846,194.151443,370.222367,164.847572,162.89036
2020-07-14,2020,315.856414,196.254071,194.167834,369.10945,167.758798,165.546639
2020-07-15,2020,319.790244,198.686223,194.184225,375.176707,170.015291,167.997278
2020-07-16,2020,319.447114,198.719226,194.200618,374.636319,167.947535,165.923662
2020-07-17,2020,323.719615,202.720067,194.217013,381.2268,171.847543,169.882382
2020-07-20,2020,333.875574,209.540195,194.233408,396.906871,174.416371,172.230201
2020-07-21,2020,361.397206,223.335397,194.249806,439.415856,174.222623,171.870319
2020-07-22,2020,371.776684,228.939541,194.266204,455.441248,174.189218,172.024549
2020-07-23,2020,369.999453,227.998596,194.282604,452.685254,170.853751,168.631364
2020-07-24,2020,358.392347,221.246366,194.299005,434.742696,171.002402,168.956964
2020-07-27,2020,356.824974,221.18691,194.315408,432.31092,174.501553,172.161651
2020-07-28,2020,350.689895,216.964701,194.331812,422.822312,173.886905,171.459027
2020-07-29,2020,359.58583,222.9761,194.348218,436.555714,176.385583,173.909666
2020-07-30,2020,357.506634,222.779929,194.364625,433.3332,175.39012,173.618321
2020-07-31,2020,354.158295,220.120891,194.381033,428.149934,171.887629,170.156586
2020-08-03,2020,356.722943,220.863403,194.397443,432.101876,171.750669,170.002343
2020-08-04,2020,351.192917,217.398723,194.413854,423.548034,169.054904,167.260372
2020-08-05,2020,350.439941,218.333495,194.430266,422.374447,171.703903,169.64246
2020-08-06,2020,351.74087,223.90115,194.444788,424.375201,173.915299,171.664666
2020-08-07,2020,350.356059,222.201686,194.459311,422.226651,171.660477,169.36827
2020-08-10,2020,352.144844,220.198853,194.473835,424.981113,172.776196,170.585019
2020-08-11,2020,348.001493,218.942312,194.488361,418.570783,170.654993,168.28861
2020-08-12,2020,341.741634,215.330338,194.502887,408.890574,170.561459,168.511403
2020-08-13,2020,340.456899,215.014314,194.517414,406.896631,167.793873,165.392409
2020-08-14,2020,334.491978,211.568899,194.531943,397.672082,169.283727,167.037592
2020-08-17,2020,328.2615,206.37053,194.546472,388.037264,166.347447,164.22707
2020-08-18,2020,337.588936,213.915317,194.561003,402.438483,170.472937,168.374301
2020-08-19,2020,342.469784,215.405669,194.575535,409.969992,168.450277,166.232135
2020-08-20,2020,339.963169,213.88484,194.590068,406.088316,169.475804,167.380333
2020-08-21,2020,339.767896,216.365865,194.604602,405.777522,169.564327,167.260372
2020-08-24,2020,341.049324,216.774542,194.619137,407.748142,170.862102,168.802735
2020-08-25,2020,339.019417,215.572445,194.633673,404.602947,170.561459,168.545672
2020-08-26,2020,334.801532,212.404729,194.64821,398.077459,168.071133,165.598049
2020-08-27,2020,333.951138,211.81637,194.662748,396.75454,168.066122,166.009354
2020-08-28,2020,334.483421,215.293309,194.677288,397.567774,170.603215,168.459993
2020-08-31,2020,329.383859,211.853753,194.691828,389.680145,165.969973,164.004276
2020-09-01,2020,333.021494,214.022893,194.70637,395.290959,170.644971,168.545672
2020-09-02,2020,334.398024,216.60079,194.720912,397.408501,170.21572,168.202931
2020-09-03,2020,333.520316,213.820576,194.735456,396.043379,168.228136,166.163584
2020-09-04,2020,339.820185,217.489653,194.750001,405.767183,169.09833,166.9519
2020-09-08,2020,337.506347,216.240266,194.764547,402.183326,167.107405,165.889393
2020-09-09,2020,336.127341,217.414108,194.779093,400.043727,169.181842,167.089001
2020-09-10,2020,331.238154,213.230512,194.793642,392.481112,165.078065,162.873219
2020-09-11,2020,328.848335,210.421573,194.808191,388.779867,164.289712,161.913532
2020-09-14,2020,328.752828,212.608446,194.822741,388.623195,167.483209,165.392409
2020-09-15,2020,327.289689,211.466386,194.837292,386.353615,167.521624,165.306717
2020-09-16,2020,325.727938,210.56371,194.851845,383.931684,166.482736,164.364172
2020-09-17,2020,322.371199,208.311224,194.866398,378.736603,167.187577,165.152487
2020-09-18,2020,317.033374,203.740647,194.880953,370.480863,164.167785,162.187723
2020-09-21,2020,310.521996,200.402983,194.895508,360.412055,161.998144,160.062697
2020-09-22,2020,312.961303,202.091145,194.910065,364.171514,162.504227,160.5254
2020-09-23,2020,312.246593,198.954903,194.924623,363.058207,159.900324,157.9548
2020-09-24,2020,310.525261,200.832438,194.939182,360.389728,162.033219,159.891327
2020-09-25,2020,306.807907,200.145065,194.953742,354.637516,162.011506,160.234068
2020-09-28,2020,305.103267,197.132204,194.968303,351.994824,158.114839,156.292476
2020-09-29,2020,304.230567,196.197033,194.982865,350.637429,156.300959,154.0989
2020-09-30,2020,307.524918,199.524314,194.997428,355.717876,158.009614,156.035427
2020-10-01,2020,313.365999,202.94088,195.011993,364.732867,159.472743,157.509238
2020-10-02,2020,311.779829,200.704762,195.026558,362.2732,157.029184,154.424513
2020-10-05,2020,314.475896,202.501586,195.041125,366.429332,160.491589,158.760256
2020-10-06,2020,313.830658,202.221954,195.055692,365.423349,159.699896,157.714878
2020-10-07,2020,309.210863,199.828927,195.070261,358.276913,159.551244,157.577776
2020-10-08,2020,314.874439,204.473303,195.084831,367.017667,163.549796,161.553637
2020-10-09,2020,315.046186,203.650255,195.099402,367.273874,162.819902,160.491131
2020-10-13,2020,313.881683,203.59319,195.113974,365.465655,164.523546,162.461927
2020-10-14,2020,321.374177,207.493586,195.128547,377.031973,165.911514,163.815764
2020-10-15,2020,316.496712,205.974121,195.143121,369.487449,165.443847,163.387331
2020-10-16,2020,313.110154,204.450336,195.157696,364.246287,164.199519,162.016352
2020-10-19,2020,314.490761,204.694131,195.172272,366.370106,164.782433,162.804668
2020-10-20,2020,318.952333,208.188576,195.18685,373.253831,167.925822,165.6666
2020-10-21,2020,325.583535,212.511449,195.201428,383.489502,167.945865,165.632331
2020-10-22,2020,328.014518,214.4813,195.216008,387.236087,170.227412,168.048688
2020-10-23,2020,324.481281,211.583223,195.230589,381.76831,169.128394,166.986182
2020-10-26,2020,320.379416,209.379646,195.24517,375.422038,168.722526,166.626299
2020-10-27,2020,319.919835,209.094593,195.259753,374.702873,166.365819,163.970007
2020-10-28,2020,305.827489,199.300727,195.274337,352.921908,159.289017,156.909421
2020-10-29,2020,310.23853,202.943697,195.288922,359.72756,161.315017,159.03446
2020-10-30,2020,303.33931,196.313692,195.303508,349.059539,156.922288,155.367072
2020-11-03,2020,303.019675,197.342767,195.318096,348.556582,159.653129,158.109042
2020-11-04,2020,308.917554,202.999874,195.332684,357.659306,163.36774,161.365138
2020-11-05,2020,310.326363,206.676473,195.347273,359.826689,168.316658,166.146443
2020-11-06,2020,315.30248,210.256993,195.361864,367.505345,168.358414,166.557748
2020-11-09,2020,314.389744,206.6101,195.376455,366.086078,173.559538,170.516468
2020-11-10,2020,313.786335,204.383958,195.391048,365.144703,175.961342,173.087068
2020-11-11,2020,321.479842,208.552718,195.405642,377.021561,174.593416,172.898556
2020-11-12,2020,319.701074,206.619847,195.420237,374.264325,170.656663,169.145476
2020-11-13,2020,326.04068,213.337458,195.434833,384.049486,174.560011,172.795737
2020-11-16,2020,327.644111,214.177906,195.44943,386.517543,177.76353,175.674809
2020-11-17,2020,329.471458,214.471938,195.464028,389.331535,179.098051,176.685906
2020-11-18,2020,328.480168,213.660225,195.478627,387.790902,177.852052,174.6637
2020-11-19,2020,328.596782,213.755571,195.493227,387.961914,177.90884,176.051833
2020-11-23,2020,326.842648,212.985402,195.522431,385.23358,179.348586,176.994378
2020-11-24,2020,330.677622,215.037844,195.537035,391.149232,183.368851,181.175892
2020-11-25,2020,332.384216,217.049128,195.551639,393.776664,183.948424,181.364403
2020-11-26,2020,330.087683,215.76464,195.566245,390.219504,184.105427,181.690004
2020-11-27,2020,329.450476,215.669952,195.580852,389.225904,184.68667,182.409782
2020-11-30,2020,328.638879,212.408627,195.59546,387.962881,181.868977,179.942002
2020-12-01,2020,331.016578,212.573924,195.610069,391.627127,185.956052,183.45516
2020-12-02,2020,330.359667,212.888584,195.624679,390.603083,186.756096,184.654768
2020-12-03,2020,330.912878,213.33086,195.63929,391.448603,188.60171,185.340264
2020-12-04,2020,330.391544,214.375951,195.653903,390.634015,189.876102,187.533841
2020-12-07,2020,336.845431,217.574707,195.668516,400.595724,189.780899,187.328188
2020-12-08,2020,341.109253,220.762307,195.68313,407.173914,189.690706,187.550982
2020-12-09,2020,338.807365,218.57376,195.697746,403.608475,188.272673,186.40277
2020-12-10,2020,331.053422,214.783117,195.712363,391.61994,192.064115,189.710276
2020-12-11,2020,328.92629,213.42399,195.72698,388.324488,192.616964,189.864519
2020-12-14,2020,330.092021,214.490685,195.741599,390.116311,192.035721,188.85341
2020-12-15,2020,333.709348,216.842216,195.756219,395.6957,193.991571,191.526843
2020-12-16,2020,338.376881,221.067805,195.77084,402.897594,196.999671,194.251672
2020-12-17,2020,333.478181,220.14037,195.785462,395.320235,197.350422,195.348461
2020-12-18,2020,335.274826,220.818619,195.800086,398.086778,196.552047,194.508735
2020-12-21,2020,334.010721,219.722348,195.81471,396.124647,193.77444,190.961307
2020-12-22,2020,334.79739,219.718895,195.829335,397.330837,194.328959,192.366568
2020-12-23,2020,335.554932,221.304135,195.843962,398.492028,196.84935,193.89179
2020-12-28,2020,338.535176,224.500454,195.873218,403.07799,198.843615,196.56521
2020-12-29,2020,334.911015,222.249578,195.887848,397.469711,199.551797,197.027925
2020-12-30,2020,333.81037,221.642673,195.902479,395.760111,199.269526,196.479531
2021-01-05,2021,432.36098,275.065906,195.917111,555.129687,200.387243,197.512829
2021-01-06,2021,666.088198,400.653596,195.931744,924.590719,201.44277,198.993874
2021-01-07,2021,755.441138,447.76688,195.946378,1065.828041,204.980805,203.850323
2021-01-08,2021,717.225367,429.790937,195.961013,1005.40753,210.226509,207.346276
2021-01-11,2021,635.39229,384.782862,195.97565,876.037731,206.411146,204.280859
2021-01-12,2021,656.96681,398.075424,195.990287,910.132404,208.412951,205.71023
2021-01-13,2021,628.537287,383.607403,196.004926,865.181777,205.121991,202.110953
2021-01-14,2021,612.839033,373.988377,196.019565,840.356461,207.54399,204.384184
2021-01-15,2021,601.32898,367.233772,196.034206,822.151762,202.536956,199.38996
2021-01-18,2021,603.455672,370.753835,196.048848,825.503731,203.780731,200.698794
2021-01-19,2021,598.551791,368.792746,196.063491,817.741922,202.824369,199.768834
2021-01-20,2021,593.253833,364.055192,196.078135,809.357165,201.202419,198.460001
2021-01-21,2021,590.144718,362.34728,196.09278,804.432482,199.076237,195.997332
2021-01-22,2021,591.225009,362.784284,196.107426,806.130319,196.939969,194.912386
2021-01-26,2021,593.190652,362.236628,196.136721,809.217837,195.74998,193.018029
2021-01-27,2021,590.046496,361.917781,196.151371,804.23776,194.771768,192.174168
2021-01-28,2021,591.847577,363.430822,196.166021,807.075003,200.540193,197.202842
2021-01-29,2021,586.024706,360.240529,196.180673,797.86047,194.981865,190.400361
2021-02-01,2021,555.467096,342.087558,196.195326,749.5458,197.264359,194.705724
2021-02-02,2021,543.55052,334.078572,196.20998,730.698469,198.724954,196.06622
2021-02-03,2021,574.244943,349.261621,196.224635,779.209674,201.230992,198.477226
2021-02-04,2021,562.769964,343.181429,196.239291,761.060408,200.451112,197.392279
2021-02-05,2021,574.486708,349.210021,196.253948,779.572111,201.567148,199.458848
2021-02-08,2021,574.281222,349.647357,196.268606,779.237412,200.87971,198.356676
2021-02-09,2021,552.163518,338.135199,196.283265,744.264357,200.733483,197.891703
2021-02-10,2021,557.101125,342.379639,196.297926,752.059746,199.054387,196.186769
2021-02-11,2021,555.248984,341.04591,196.312587,749.12205,200.407412,197.874477
2021-02-12,2021,565.789248,347.43496,196.32725,765.773994,200.207399,198.132802
2021-02-17,2021,563.965371,344.069703,196.341913,762.880976,202.35039,199.527735
2021-02-18,2021,565.018318,344.041807,196.356578,764.535576,200.247738,197.375054
2021-02-19,2021,561.918414,343.425027,196.371244,759.62544,199.588874,196.014558
2021-02-22,2021,552.67178,339.277325,196.385911,744.998685,189.369751,186.42221
2021-02-23,2021,566.66923,346.011853,196.400579,767.115671,193.670859,190.744798
2021-02-24,2021,560.89628,343.093063,196.415248,757.98004,194.412081,191.950294
2021-02-25,2021,550.103841,335.168616,196.429919,740.90971,188.677271,186.14666
2021-02-26,2021,549.534017,332.983241,196.44459,739.999065,184.944266,181.841297
2021-03-01,2021,526.806198,322.014009,196.459262,704.061544,185.448499,182.444059
2021-03-02,2021,526.355162,320.51438,196.473936,703.338674,187.473835,185.130601
2021-03-03,2021,552.931643,336.336263,196.48861,745.340313,186.875478,184.545078
2021-03-04,2021,507.103026,312.79729,196.503286,672.885553,189.406728,186.973296
2021-03-05,2021,499.027951,307.27867,196.517963,660.110768,193.628839,191.037559
2021-03-08,2021,472.147543,293.219397,196.532641,617.608922,185.914074,181.427986
2021-03-09,2021,474.8534,295.427111,196.54732,621.876396,187.122553,184.59674
2021-03-10,2021,474.290019,295.655032,196.562,620.97593,189.551275,187.07662
2021-03-11,2021,475.075609,295.957702,196.576681,622.207888,193.26243,190.210924
2021-03-12,2021,473.358761,294.887403,196.591364,619.484045,191.87747,189.179978
2021-03-15,2021,478.662955,296.805246,196.606047,627.858911,193.038887,190.330961
2021-03-16,2021,491.378365,302.047876,196.620732,647.949265,191.64048,188.944016
2021-03-17,2021,484.041088,298.128015,196.635417,636.340769,195.892846,193.137356
2021-03-18,2021,491.638756,301.927582,196.655826,648.337254,193.011994,190.294645
2021-03-19,2021,494.92623,302.392296,196.676237,653.520276,195.343232,192.587742
2021-03-22,2021,497.6832,302.516123,196.69665,657.864688,193.254026,190.531527
2021-03-23,2021,488.02697,297.73291,196.717065,642.586583,190.368133,187.68825
2021-03-24,2021,488.635943,296.531876,196.737482,643.535485,188.354562,185.702591
2021-03-25,2021,489.29906,297.334388,196.757902,644.569976,191.188352,188.493009
2021-03-26,2021,493.4098,299.897723,196.778323,651.054393,192.921232,190.205642
2021-03-29,2021,495.831382,300.451175,196.798747,654.868623,193.993568,191.261959
2021-03-30,2021,498.40695,303.33148,196.819173,658.926269,196.398759,193.633732
2021-03-31,2021,497.228694,303.59329,196.8396,657.049952,196.035712,193.270835
2021-04-01,2021,499.175075,302.475724,196.86003,660.112991,193.714559,190.98884
2021-04-05,2021,494.189264,301.88269,196.880462,652.217772,197.521518,194.747243
2021-04-06,2021,493.030901,301.481699,196.900897,650.372896,197.489583,194.71182
2021-04-07,2021,491.846359,299.295229,196.921333,648.486636,197.699681,194.916025
2021-04-08,2021,492.086216,297.606246,196.941772,648.852034,198.857736,195.894008
2021-04-09,2021,492.124542,296.650697,196.962212,648.898854,197.776996,194.619624
2021-04-12,2021,487.286011,294.38894,196.982655,641.236443,199.696443,197.013405
2021-04-13,2021,483.387888,291.796675,197.0031,635.060608,200.51162,197.478378
2021-04-14,2021,482.338929,291.107133,197.023547,633.388667,202.189035,199.079974
2021-04-15,2021,485.323829,292.760243,197.043996,638.093362,202.871431,200.113258
2021-04-16,2021,476.585785,288.386864,197.064447,624.266681,203.565591,200.56102
2021-04-19,2021,471.141201,284.733433,197.0849,615.646229,203.263051,200.354358
2021-04-20,2021,465.794266,280.28493,197.105356,607.180136,201.797414,198.873325
2021-04-22,2021,463.841451,280.053398,197.125813,604.079392,200.635997,197.960577
2021-04-23,2021,465.466981,280.029804,197.146273,606.635217,202.584018,199.717172
2021-04-26,2021,465.784728,280.095041,197.166735,607.123727,202.693268,199.682722
2021-04-27,2021,463.028155,277.922579,197.187199,602.752415,200.664571,197.667815
2021-04-28,2021,460.833096,277.204474,197.207665,599.268731,203.463064,200.457695
2021-04-29,2021,460.734854,276.325898,197.228133,599.09965,201.804137,198.597775
2021-04-30,2021,454.597515,275.733127,197.248603,589.384093,199.834267,197.013405
2021-05-03,2021,449.146309,275.46128,197.269076,580.753161,200.363712,197.495603
2021-05-04,2021,447.315623,274.398318,197.28955,577.845464,197.847589,195.067373
2021-05-05,2021,453.661446,275.904084,197.310027,587.863014,200.960387,198.305014
2021-05-06,2021,449.862616,271.766454,197.336208,581.840276,201.560425,198.787212
2021-05-07,2021,453.077106,272.219524,197.362392,586.904039,205.118629,202.283165
2021-05-10,2021,449.429937,269.760573,197.38858,581.121039,204.901809,201.732079
2021-05-11,2021,449.118695,269.732048,197.414772,580.611397,206.675028,203.436999
2021-05-12,2021,439.12664,264.933631,197.440967,564.798535,201.205781,198.511663
2021-05-13,2021,446.945484,267.654807,197.467165,577.140752,202.879834,199.837722
2021-05-14,2021,441.795462,267.574054,197.493367,568.982064,204.854747,201.904291
2021-05-17,2021,450.825334,268.644006,197.519573,583.238642,206.631328,203.746986
2021-05-18,2021,452.883329,268.834221,197.545782,586.474227,206.701921,203.540337
2021-05-19,2021,453.187001,268.045178,197.571994,586.936614,206.123733,203.23035
2021-05-20,2021,454.015514,269.338538,197.59821,588.228655,206.232984,203.058138
2021-05-21,2021,451.408843,268.98406,197.624429,584.090431,206.049779,203.23035
2021-05-24,2021,454.978926,271.205982,197.650652,589.716282,208.470098,205.383031
2021-05-25,2021,454.145168,272.211972,197.676878,588.380635,206.715367,203.901985
2021-05-26,2021,455.891865,272.993083,197.703108,591.124113,208.397824,205.348581
2021-05-27,2021,462.764842,273.555455,197.729341,601.9711,209.033158,205.951329
2021-05-28,2021,474.417565,275.828097,197.755578,620.373802,211.040005,207.897362
2021-05-31,2021,483.772581,276.406814,197.781818,635.144336,212.140914,208.810096
2021-06-01,2021,479.490222,276.828499,197.808062,628.357204,215.588187,212.392161
2021-06-02,2021,483.502315,272.874809,197.834309,634.681758,217.830343,214.69983
2021-06-04,2021,498.055276,281.150123,197.860559,657.669084,218.712751,215.354253
2021-06-07,2021,484.828263,282.698189,197.886814,636.742432,219.805256,216.559749
2021-06-08,2021,470.16426,278.106233,197.913071,613.544215,218.142968,214.768717
2021-06-09,2021,469.275514,276.649845,197.939332,612.121619,218.344661,215.061478
2021-06-10,2021,470.832688,277.547568,197.965597,614.56548,218.628712,215.268141
2021-06-11,2021,469.252096,276.616362,197.991865,612.049226,217.561419,214.372631
2021-06-14,2021,473.035192,278.549278,198.018136,618.01177,218.850575,215.526465
2021-06-15,2021,474.747216,280.055199,198.044411,620.700407,218.653924,215.578127
2021-06-16,2021,464.485642,274.917936,198.07069,604.461438,217.255518,213.92487
2021-06-17,2021,456.705401,274.47133,198.102653,592.14108,215.235224,211.978837
2021-06-18,2021,464.619857,275.458238,198.13462,604.630553,215.820134,212.288824
2021-06-21,2021,474.167681,277.411632,198.166593,619.702013,217.265602,213.942095
2021-06-22,2021,468.292053,274.200024,198.198572,610.392415,216.428576,213.236009
2021-06-23,2021,468.570998,273.287765,198.230555,610.811828,215.858792,212.75381
2021-06-24,2021,473.479037,274.731371,198.262543,618.548808,217.684116,214.45873
2021-06-25,2021,467.868133,272.966608,198.294537,609.65767,213.888922,210.962778
2021-06-28,2021,471.646118,273.653626,198.326536,615.608278,214.179696,210.876665
2021-06-29,2021,476.090041,272.607905,198.35854,622.611583,214.008257,210.635566
2021-06-30,2021,468.329596,268.201655,198.390549,610.322486,213.125849,209.774493
2021-07-01,2021,470.382646,269.255964,198.422563,613.546344,211.216487,207.914587
2021-07-02,2021,471.920801,272.144234,198.454583,615.956265,214.504086,211.444976
2021-07-05,2021,470.83684,273.692277,198.486607,614.221197,213.324181,210.050043
2021-07-06,2021,465.593167,272.83635,198.518637,605.910544,210.256763,207.174064
2021-07-07,2021,468.884007,274.835034,198.550672,611.09106,213.490578,210.583904
2021-07-08,2021,464.087746,271.094064,198.582712,603.48766,210.816462,207.794037
2021-07-12,2021,468.431376,272.195077,198.646808,610.310814,214.457024,211.444976
2021-07-13,2021,465.42769,271.811627,198.678863,605.541067,215.42179,212.374936
2021-07-14,2021,468.281124,271.923087,198.710924,610.030123,215.823496,212.633261
2021-07-15,2021,470.343011,271.665567,198.74299,613.267916,214.245247,211.479427
2021-07-16,2021,468.538214,270.767854,198.775061,610.393335,211.710635,208.637885
2021-07-19,2021,463.879918,269.846115,198.807138,603.008002,209.08022,206.209654
2021-07-20,2021,467.480051,272.009782,198.839219,608.67741,210.771081,207.690699
2021-07-21,2021,471.304263,272.788578,198.871306,614.701035,211.658531,208.586222
2021-07-22,2021,470.013458,271.769756,198.903398,612.638947,212.024941,209.120083
2021-07-23,2021,471.342847,273.883888,198.935495,614.718802,210.186171,207.001839
2021-07-26,2021,470.192297,273.367505,198.967597,612.878421,211.784589,208.723984
2021-07-27,2021,469.174539,273.0531,198.999704,611.24795,209.444948,206.244104
2021-07-28,2021,476.638864,277.400008,199.031817,623.025767,212.258568,209.15452
2021-07-29,2021,476.045434,277.000014,199.063935,622.066058,211.231614,207.914587
2021-07-30,2021,464.285211,272.320316,199.096058,603.454123,204.720285,201.680417
2021-08-02,2021,480.933879,282.551668,199.128186,629.750339,205.92204,202.524264
2021-08-03,2021,477.113336,279.848584,199.160319,623.68927,207.705344,204.470296
2021-08-04,2021,468.051848,274.337711,199.192458,609.343426,204.720285,201.422092
2021-08-05,2021,459.62124,268.191994,199.232157,595.989771,204.437914,201.37043
2021-08-06,2021,462.308839,269.822135,199.271864,600.21153,206.416189,203.626436
2021-08-09,2021,466.105908,270.291592,199.311579,606.187111,206.767471,203.454224
2021-08-10,2021,465.804589,270.054313,199.351301,605.684042,205.394276,202.472602
2021-08-11,2021,468.480091,269.201277,199.391032,609.886663,205.148883,201.938741
2021-08-12,2021,466.712419,268.687995,199.430771,607.065605,202.871431,199.54496
2021-08-13,2021,466.341555,268.398017,199.470517,606.452587,203.700053,200.733232
2021-08-16,2021,457.316286,266.364842,199.510272,592.158868,200.314969,197.409491
2021-08-17,2021,449.152229,263.681087,199.550034,579.226529,198.170298,195.205147
2021-08-18,2021,447.791375,262.359333,199.589804,577.048539,196.050839,192.983578
2021-08-19,2021,450.20743,263.828275,199.629583,580.841,196.928204,194.344075
2021-08-20,2021,454.377023,266.400635,199.669369,587.40541,198.420734,195.721796
2021-08-23,2021,453.420432,265.592862,199.709163,585.866455,197.444202,194.688512
2021-08-24,2021,457.657149,265.856198,199.748965,592.536962,202.04785,199.131636
2021-08-25,2021,459.384706,266.815558,199.788775,595.241038,203.068081,200.009934
2021-08-26,2021,458.802177,265.772114,199.828593,594.293375,199.548535,196.445094
2021-08-27,2021,459.338678,265.571881,199.868419,595.114646,202.832773,200.078821
2021-08-30,2021,456.380508,265.210263,199.908252,590.411611,201.256204,198.184464
2021-08-31,2021,452.390627,264.104135,199.948094,584.077666,199.644339,196.462319
2021-09-01,2021,447.697728,261.989702,199.987944,576.632399,200.678017,197.702266
2021-09-02,2021,444.655149,259.460715,200.027801,571.795917,196.107985,193.138578
2021-09-03,2021,449.975434,262.345536,200.067667,580.179262,196.538264,193.035241
2021-09-06,2021,452.551434,262.534041,200.10754,584.224496,198.111471,195.429035
2021-09-08,2021,446.556989,261.278043,200.147422,574.721752,190.62193,187.851593
2021-09-09,2021,448.900602,262.422019,200.187311,578.399622,193.896083,192.036407
2021-09-10,2021,445.384647,258.704276,200.227209,572.81481,192.089248,189.229302
2021-09-13,2021,451.516627,261.825298,200.267114,582.481239,195.649133,193.086916
2021-09-14,2021,453.533463,263.086638,200.307027,585.642532,195.27432,192.363605
2021-09-15,2021,454.568719,262.844173,200.346948,587.25216,193.395211,190.607023
2021-09-16,2021,451.011786,262.589443,200.386877,581.602549,191.262306,188.471567
2021-09-17,2021,447.325036,260.896665,200.426815,575.747721,187.304077,184.510628
2021-09-20,2021,431.799459,257.375427,200.46676,551.178329,182.942461,180.429139
2021-09-21,2021,430.15018,259.398941,200.506713,548.544281,185.305633,182.151284
2021-09-22,2021,433.841836,261.328471,200.546674,554.35306,188.720971,185.974448
2021-09-23,2021,438.7374,261.917801,200.594177,562.059873,191.716115,188.747103
2021-09-24,2021,440.592674,261.932437,200.641692,564.960653,190.403429,187.765481
2021-09-27,2021,440.060565,261.056641,200.689218,564.087503,190.907662,187.524382
2021-09-28,2021,428.461728,258.404481,200.736755,545.720303,185.093855,182.254622
2021-09-29,2021,427.956774,257.77704,200.784304,544.890063,186.746059,183.976767
2021-09-30,2021,426.252512,256.266943,200.831863,542.163978,186.530919,183.391231
2021-10-01,2021,428.360266,257.061544,200.879434,545.463835,189.759691,186.835521
2021-10-04,2021,424.271586,255.713998,200.927017,538.968497,185.545984,182.85737
2021-10-05,2021,421.513154,253.743962,200.97461,534.575978,185.655235,182.754045
2021-10-06,2021,417.074494,251.892573,201.022215,527.527384,185.826674,183.184582
2021-10-07,2021,416.446506,251.840908,201.069831,526.502609,185.868693,183.270681
2021-10-08,2021,426.55754,256.872829,201.117459,542.45384,189.647079,186.663309
2021-10-11,2021,424.851418,256.410334,201.165097,539.72476,188.549532,185.561137
2021-10-13,2021,435.991983,260.063045,201.212747,557.303434,190.694203,188.12713
2021-10-14,2021,433.819927,260.037664,201.260409,553.837801,190.238713,187.662156
2021-10-15,2021,436.229423,260.010929,201.308081,557.614576,192.697689,189.814838
2021-10-18,2021,441.121865,260.72413,201.355765,565.316331,192.327918,189.349851
2021-10-19,2021,433.906555,258.720377,201.40346,553.878409,186.016602,183.925105
2021-10-20,2021,434.18704,257.662931,201.451167,554.289669,186.206529,183.804555
2021-10-21,2021,425.778516,254.89992,201.498884,540.965524,181.07848,178.500345
2021-10-22,2021,422.764526,253.179864,201.546613,536.168935,178.659842,176.227114
2021-10-25,2021,431.807638,255.050687,201.594354,550.43194,182.725641,180.050278
2021-10-26,2021,432.270188,254.351194,201.642105,551.130974,178.868258,176.089339
2021-10-27,2021,424.715019,254.185364,201.689868,539.155764,178.772454,176.347663
2021-10-28,2021,418.502811,251.673596,201.748875,529.295907,177.666503,173.265022
2021-10-29,2021,408.651646,249.337872,201.807898,513.683654,173.962071,171.663427
2021-11-01,2021,410.467579,249.621296,201.866939,516.514483,177.407663,174.832167
2021-11-03,2021,411.157641,252.151344,201.925998,517.565549,177.518595,175.658803
2021-11-04,2021,409.385881,251.497003,201.985073,514.725007,173.812482,171.611764
2021-11-05,2021,415.181492,251.491374,202.044166,523.84679,176.185739,173.609446
2021-11-08,2021,413.485934,250.300237,202.103276,521.126684,176.113465,173.643896
2021-11-09,2021,418.004554,249.880636,202.162403,528.229804,177.380771,174.608293
2021-11-10,2021,416.130494,249.969639,202.221548,525.227503,178.108547,175.69324
2021-11-11,2021,421.0548,249.92631,202.28071,532.971899,181.061672,178.328133
2021-11-12,2021,431.103535,249.330112,202.339889,548.816869,178.686734,175.882677
2021-11-16,2021,431.508738,247.872779,202.399086,549.417543,175.654613,172.834486
2021-11-17,2021,430.949587,247.799571,202.458299,548.493774,173.027559,170.922904
2021-11-18,2021,427.190884,247.368079,202.517531,542.512212,172.319952,169.889619
2021-11-19,2021,440.321277,252.349158,202.576779,563.228553,173.178829,170.957341
2021-11-22,2021,442.556038,250.091897,202.636045,566.721306,171.64428,169.183533
2021-11-23,2021,443.13969,249.513676,202.695328,567.604009,174.234357,172.214512
2021-11-24,2021,437.235601,248.702558,202.754629,558.231021,175.664698,173.351135
2021-11-25,2021,439.538383,249.736601,202.813947,561.831265,177.844665,175.641578
2021-11-26,2021,426.442826,242.753057,202.873282,541.090137,171.815719,169.441858
2021-11-29,2021,425.506054,242.630066,202.932635,539.56934,172.807377,170.509593
2021-11-30,2021,423.328476,242.466309,202.992004,536.087093,171.296359,169.37297
2021-12-01,2021,426.021681,242.904741,203.051392,540.304462,169.380274,167.203064
2021-12-02,2021,429.144761,245.100347,203.110797,545.201356,175.584021,172.955035
2021-12-03,2021,428.196241,245.541658,203.170219,543.661941,176.59921,174.487744
2021-12-06,2021,431.651995,246.529718,203.229658,549.084696,179.606119,177.380948
2021-12-07,2021,442.541525,249.883547,203.289115,566.258589,180.780982,178.465895
2021-12-08,2021,444.248309,253.489188,203.348589,568.916586,181.68524,179.447517
2021-12-09,2021,442.286078,252.990203,203.419251,565.767151,178.651438,175.899902
2021-12-10,2021,444.289768,250.800954,203.489937,568.88694,181.117137,178.63812
2021-12-13,2021,442.501484,249.840568,203.560648,566.012444,180.486846,178.24202
2021-12-14,2021,436.367212,246.749091,203.631383,556.267887,179.439722,176.864299
2021-12-15,2021,440.641228,247.74065,203.702143,562.976509,180.464996,177.725372
2021-12-16,2021,447.830953,250.623011,203.772927,574.294203,181.88021,179.809179
2021-12-17,2021,447.609638,249.976261,203.843736,573.896672,180.180945,177.55316
2021-12-20,2021,448.757454,248.349619,203.91457,575.663414,176.515171,173.936658
2021-12-21,2021,440.11694,245.249715,203.985428,561.956962,177.321944,174.659955
2021-12-22,2021,436.776977,245.129377,204.056311,556.62949,176.891665,174.677181
2021-12-23,2021,444.403795,246.293053,204.127219,568.638048,176.298351,173.678333
2021-12-27,2021,472.536759,260.201797,204.269108,613.014477,177.374048,174.969942
2021-12-28,2021,448.616493,246.514389,204.340089,575.154043,176.25297,174.039982
2021-12-29,2021,460.88121,251.489643,204.411095,594.494025,174.980622,172.645049
2021-12-30,2021,463.52047,252.051809,204.482126,598.618278,176.182377,173.592234
2022-01-04,2022,460.899974,249.804587,204.553181,597.385799,175.490681,172.966863
2022-01-05,2022,448.959127,245.706784,204.624262,576.754931,171.238787,168.676129
2022-01-06,2022,443.258185,244.051093,204.695367,566.868824,172.179696,169.978983
2022-01-07,2022,442.886337,244.643727,204.766496,566.159112,174.142892,171.455548
2022-01-10,2022,441.021834,243.805827,204.83765,562.879102,172.830704,170.986527
2022-01-11,2022,441.243515,244.457184,204.90883,563.191366,175.939944,173.887544
2022-01-12,2022,447.357828,247.222125,204.980033,573.650407,179.172944,177.031774
2022-01-13,2022,447.255974,246.070556,205.051262,573.405513,178.908472,176.406403
2022-01-14,2022,441.857666,243.574762,205.122515,564.040381,181.278547,179.046847
2022-01-17,2022,436.616756,242.428322,205.193793,554.946257,180.878449,178.195653
2022-01-18,2022,431.238729,240.587451,205.265096,545.615999,180.590242,178.664675
2022-01-19,2022,433.775862,241.896639,205.336423,549.915204,183.117984,180.749249
2022-01-20,2022,429.642882,240.919777,205.407776,542.728804,184.964201,182.225814
2022-01-21,2022,427.549813,239.1482,205.479153,539.054999,184.692948,181.878378
2022-01-24,2022,430.996063,239.578704,205.550555,544.919582,182.675502,180.801361
2022-01-25,2022,433.751551,240.572477,205.621982,549.594686,186.223833,184.709922
2022-01-26,2022,426.19228,238.298743,205.693433,536.508297,189.153368,186.551284
2022-01-27,2022,421.167534,237.570428,205.76491,527.786203,190.411305,187.958362
2022-01-28,2022,431.955738,240.805458,205.836411,546.293146,188.992312,186.881345
2022-01-31,2022,434.455487,242.185619,205.907937,550.527783,190.535065,187.576203
2022-02-01,2022,442.58039,241.43155,205.979488,564.448615,191.821822,189.608652
2022-02-02,2022,438.944173,238.673049,206.051064,558.117396,190.150224,187.072431
2022-02-03,2022,435.626368,238.3686,206.13383,552.323546,189.361894,187.211392
2022-02-04,2022,445.414019,243.096931,206.21663,569.096563,190.292632,187.645677
2022-02-07,2022,444.869034,243.251373,206.299463,568.077298,189.870494,187.124543
2022-02-08,2022,445.6147,244.495311,206.38233,569.280433,190.273983,188.010487
2022-02-09,2022,445.89135,245.282071,206.465229,569.675913,190.658824,188.010487
2022-02-10,2022,451.579266,247.291301,206.548162,579.389274,192.181233,189.521789
2022-02-11,2022,448.462095,245.667543,206.631129,573.940711,192.542339,189.886587
2022-02-14,2022,446.658697,246.153837,206.714128,570.754361,192.940742,190.251384
2022-02-15,2022,441.071555,243.983647,206.797161,561.052573,194.386861,192.127497
2022-02-16,2022,441.174939,244.153129,206.880227,561.149537,195.270129,192.422807
2022-02-17,2022,436.156625,242.321902,206.963327,552.427174,192.467744,189.521789
2022-02-18,2022,433.370157,241.292577,207.04646,547.5479,191.179291,188.496884
2022-02-21,2022,429.780398,239.899629,207.129626,541.28537,189.411059,186.655508
2022-02-22,2022,426.230382,238.928612,207.212826,535.091242,191.389512,189.348078
2022-02-23,2022,429.937981,239.203886,207.296059,541.394309,189.890838,186.881345
2022-02-24,2022,430.198513,240.035856,207.379326,541.761677,189.18558,186.707634
2022-02-25,2022,437.425657,243.005996,207.462626,554.125149,191.813346,189.174367
2022-03-02,2022,438.489213,244.416675,207.54596,555.875218,195.258262,192.996066
2022-03-03,2022,438.287966,244.58709,207.629327,555.447329,195.244699,192.857092
2022-03-04,2022,436.904144,245.026791,207.712727,552.983076,194.071529,191.780074
2022-03-07,2022,430.504585,242.78224,207.796162,541.881957,189.187275,186.064888
2022-03-08,2022,430.261838,242.032719,207.879629,541.382509,188.526095,186.377573
2022-03-09,2022,433.70567,242.48092,207.96313,547.231122,193.098408,190.703044
2022-03-10,2022,437.53568,244.854838,208.046665,553.744682,192.696614,190.042936
2022-03-11,2022,433.58414,243.869313,208.130233,546.858792,189.390715,187.089793
2022-03-14,2022,434.449503,243.241664,208.213835,548.267319,186.364546,184.20615
2022-03-15,2022,437.355934,241.740868,208.29747,553.190425,184.721768,182.225814
2022-03-16,2022,439.684216,242.116868,208.381139,557.117958,188.37182,186.117
2022-03-17,2022,444.01702,246.037034,208.472283,564.489877,191.701454,189.052768
2022-03-18,2022,448.987283,248.824982,208.563467,572.959426,195.490522,192.353333
2022-03-21,2022,444.80594,247.258433,208.65469,565.670357,196.921383,194.455269
2022-03-22,2022,443.632156,248.652601,208.745954,563.560105,198.81507,196.470343
2022-03-23,2022,444.597918,249.893569,208.837257,565.133999,199.128707,196.12292
2022-03-24,2022,446.777957,251.034191,208.9286,568.798777,201.834458,199.319248
2022-03-25,2022,443.557307,249.86626,209.019984,563.163813,201.881927,199.336624
2022-03-28,2022,441.878311,250.354566,209.111407,560.183458,201.300428,198.919714
2022-03-29,2022,443.129842,250.852239,209.20287,562.249274,203.463673,201.073762
2022-03-30,2022,442.77642,252.02919,209.294373,561.551409,203.880725,201.334335
2022-03-31,2022,442.900215,251.163225,209.385917,561.675248,203.438243,200.813188
2022-04-01,2022,439.317184,249.505996,209.4775,555.416089,206.101611,203.592607
2022-04-04,2022,434.490439,245.511876,209.569123,547.015281,205.609964,202.897762
2022-04-05,2022,431.810589,242.329957,209.660787,542.311273,201.549642,198.919714
2022-04-06,2022,431.281784,240.908914,209.75249,541.311212,200.435808,197.807947
2022-04-07,2022,434.870299,242.674097,209.844234,547.400919,201.510649,199.162912
2022-04-08,2022,431.643388,243.18317,209.936018,541.754784,200.59517,197.999033
2022-04-11,2022,432.982182,244.961421,210.027842,543.970511,198.274259,195.549661
2022-04-12,2022,433.686175,245.377852,210.119706,545.093108,196.907821,194.159945
2022-04-13,2022,431.792948,245.199437,210.21161,541.743387,197.984357,195.462799
2022-04-14,2022,431.033899,245.324075,210.303554,540.346624,196.967157,193.951497
2022-04-18,2022,431.643679,245.604794,210.395539,541.306871,196.127968,193.621437
2022-04-19,2022,437.016249,247.975377,210.487564,550.468352,195.059908,192.683381
2022-04-20,2022,440.364128,248.920606,210.579629,556.143383,193.851136,191.172079
2022-04-22,2022,437.397818,247.723108,210.671735,550.945675,188.314179,185.439517
2022-04-25,2022,443.287306,249.969213,210.76388,560.997141,187.647913,185.456892
2022-04-26,2022,443.946461,249.85141,210.856066,562.042215,183.45705,181.148783
2022-04-27,2022,446.597187,251.380704,210.948293,566.516628,185.382948,183.302831
2022-04-28,2022,447.179825,252.520304,211.040559,567.429862,186.349288,183.893465
2022-04-29,2022,446.481701,252.591968,211.132866,566.137655,182.885723,179.620106
2022-05-02,2022,452.240504,253.243476,211.225214,575.963893,180.788596,178.438852
2022-05-03,2022,453.453155,254.287479,211.317601,577.961859,180.600414,178.438852
2022-05-04,2022,459.446916,256.844946,211.41003,588.192604,183.679139,181.322494
2022-05-05,2022,453.694793,255.251669,211.509982,578.190216,178.525327,176.319541
2022-05-06,2022,449.082485,253.195458,211.609982,570.150484,178.238816,175.850519
2022-05-09,2022,441.119602,250.457925,211.710029,556.341193,175.043113,173.157949
2022-05-10,2022,441.627099,249.976696,211.810123,557.117401,174.805767,172.393604
2022-05-11,2022,448.615768,252.492312,211.910265,569.053798,176.98766,174.825601
2022-05-12,2022,446.721093,252.266358,212.010454,565.693499,179.176335,177.257597
2022-05-13,2022,449.410825,254.620008,212.110691,570.227262,181.271766,179.42902
2022-05-16,2022,455.445472,258.062919,212.210974,580.520745,183.490957,181.357244
2022-05-17,2022,457.62182,258.064369,212.311306,584.170395,184.433562,182.225814
2022-05-18,2022,449.714917,255.020083,212.411684,570.457174,180.124026,177.552907
2022-05-19,2022,455.699827,258.200291,212.512111,580.664873,181.409088,179.064222
2022-05-20,2022,460.47105,259.890241,212.612584,588.782622,183.923267,181.808904
2022-05-23,2022,461.990581,259.858307,212.713105,591.301083,187.073195,185.456892
2022-05-24,2022,461.454634,260.542697,212.813674,590.280073,187.471598,185.248431
2022-05-25,2022,464.617333,261.681801,212.91429,595.627889,187.469903,185.283181
2022-05-26,2022,458.842323,259.762419,213.014954,585.585397,189.690789,187.645677
2022-05-27,2022,458.696303,258.854792,213.115665,585.235681,189.778946,187.437229
2022-05-30,2022,460.297182,259.167928,213.216424,587.893987,188.236193,185.734827
2022-05-31,2022,463.802478,262.829284,213.317231,593.831551,188.777004,186.186487
2022-06-01,2022,463.892254,260.77938,213.418085,593.887723,188.792262,186.690259
2022-06-02,2022,463.723959,261.32392,213.518987,593.499466,190.543541,188.35791
2022-06-03,2022,457.453752,259.112817,213.619936,582.603992,188.354867,186.707634
2022-06-06,2022,458.225594,258.718989,213.720934,583.834507,186.801942,184.866258
2022-06-07,2022,453.259167,257.918624,213.821979,575.183979,186.605283,184.397237
2022-06-08,2022,451.178596,256.553268,213.923072,571.502698,183.719827,181.704667
2022-06-09,2022,447.958454,254.399928,214.024213,565.859088,181.559973,180.106503
2022-06-10,2022,448.578899,254.5578,214.125401,566.828718,178.825401,176.875424
2022-06-13,2022,440.102044,250.811787,214.226637,552.133233,173.937756,172.185156
2022-06-14,2022,432.912618,248.019481,214.327922,539.654587,173.030753,170.864927
2022-06-15,2022,436.74478,248.815506,214.429254,546.154484,174.292081,172.636803
2022-06-17,2022,431.134066,246.904505,214.534403,536.390523,169.236598,167.130077
2022-06-20,2022,426.846089,244.384775,214.639605,528.904196,169.284068,167.269052
2022-06-21,2022,426.076071,244.622329,214.744857,527.475557,168.999252,167.460138
2022-06-22,2022,423.498762,243.664756,214.850162,522.934809,168.722913,166.817392
2022-06-23,2022,424.3051,243.570578,214.955518,524.220471,166.278243,164.437521
2022-06-24,2022,428.553112,244.860683,215.060926,531.432462,167.28188,165.844599
2022-06-27,2022,435.873491,248.283226,215.166385,543.934857,170.828516,169.110414
2022-06-28,2022,435.290962,248.357003,215.271896,542.828811,170.535223,168.58928
2022-06-29,2022,433.108611,246.766469,215.377459,538.967908,168.892446,166.76528
2022-06-30,2022,427.458431,243.753146,215.483074,529.135536,167.061486,165.028141
2022-07-01,2022,430.985016,243.8583,215.58874,535.105015,167.759964,166.122534
2022-07-04,2022,424.084857,242.091909,215.694458,523.120145,167.175074,165.375564
2022-07-05,2022,417.972546,237.697868,215.800229,512.491855,166.642739,164.680719
2022-07-06,2022,412.128595,235.225712,215.906051,502.325618,167.36156,165.757736
2022-07-07,2022,417.906159,235.017526,216.011924,512.170962,170.770875,169.162526
2022-07-08,2022,416.506848,232.702981,216.11785,509.658057,170.023233,168.293957
2022-07-11,2022,412.032462,228.898039,216.223828,501.849984,166.502027,164.680719
2022-07-12,2022,416.530813,230.585504,216.329858,509.492441,166.602051,164.85443
2022-07-13,2022,414.671966,230.101047,216.435939,506.188087,165.940871,164.176947
2022-07-14,2022,408.399138,228.620978,216.542073,495.283041,162.957086,160.772158
2022-07-15,2022,410.449841,232.410838,216.648259,498.710624,163.686079,162.022886
2022-07-18,2022,409.96671,232.309758,216.754496,497.775028,164.304875,162.196611
2022-07-19,2022,416.887322,234.49954,216.860786,509.588235,166.557973,164.506995
2022-07-20,2022,419.97914,235.60517,216.967128,514.80841,166.629177,164.941279
2022-07-21,2022,419.780243,237.079024,217.073523,514.362098,167.893895,165.636137
2022-07-22,2022,420.035464,238.794964,217.179969,514.697701,167.710799,165.757736
2022-07-25,2022,420.975735,242.446805,217.286467,516.212873,169.991022,168.068134
2022-07-26,2022,419.12532,241.827769,217.393018,512.922582,169.146746,167.025853
2022-07-27,2022,421.715504,245.047699,217.499621,517.278716,171.97117,169.944246
2022-07-28,2022,419.547529,244.604257,217.606276,513.4415,173.936061,172.150406
2022-07-29,2022,424.242351,247.199138,217.712984,521.421607,174.89901,172.497842
2022-08-01,2022,416.842133,243.393834,217.819744,508.574643,173.305397,171.21235
2022-08-02,2022,418.505263,243.791478,217.926556,511.334235,175.232991,172.897376
2022-08-03,2022,421.078001,244.140775,218.033421,515.660072,175.933163,174.061256
2022-08-04,2022,423.324316,244.816441,218.144156,519.42005,179.522183,178.021942
2022-08-05,2022,423.477964,243.039261,218.254947,519.57651,180.505476,178.473588
2022-08-08,2022,422.724518,242.89195,218.365794,518.170949,183.777468,182.052102
2022-08-09,2022,423.552459,243.319674,218.476698,519.488396,184.199606,182.486387
2022-08-10,2022,427.613088,245.207191,218.587658,526.372305,186.886708,185.109456
2022-08-11,2022,424.281063,244.424811,218.698674,520.526403,186.008526,183.928202
2022-08-12,2022,441.126563,250.163557,218.809747,549.425074,191.17251,188.722707
2022-08-15,2022,441.318547,252.738405,218.920876,549.647217,191.626859,189.295966
2022-08-16,2022,443.084924,254.660668,219.032061,552.580326,192.440619,190.668307
2022-08-17,2022,444.788407,253.554251,219.143303,555.405082,192.772904,191.067841
2022-08-18,2022,448.955376,254.440975,219.254602,562.471774,192.950914,190.980992
2022-08-19,2022,443.954362,252.385363,219.365957,553.751628,189.022828,186.794483
2022-08-22,2022,442.02268,251.61847,219.477368,550.316656,187.335972,185.40478
2022-08-23,2022,446.016954,253.67798,219.588837,557.08581,191.330176,189.521789
2022-08-24,2022,450.821446,255.421429,219.700361,565.250062,191.399684,189.660764
2022-08-25,2022,452.77334,256.126425,219.811943,568.502235,192.474525,190.390358
2022-08-26,2022,451.677218,254.839934,219.923581,566.505833,190.38418,188.236311
2022-08-29,2022,452.755219,254.940314,220.035276,568.253098,190.424868,188.305798
2022-08-30,2022,450.519498,254.297144,220.147027,564.294255,187.217298,184.831521
2022-08-31,2022,458.296526,256.874933,220.258835,577.576779,185.677936,183.841353
2022-09-01,2022,456.961695,258.334796,220.3707,575.16911,187.17322,185.161568
2022-09-02,2022,453.778977,254.299166,220.482622,569.579421,187.951377,186.030138
2022-09-05,2022,453.280725,252.681013,220.594601,568.612185,190.221428,188.392647
2022-09-06,2022,449.3956,251.160229,220.706637,561.81288,186.086511,184.049801
2022-09-08,2022,448.706567,251.301189,220.818729,560.517017,186.344202,184.449349
2022-09-09,2022,451.079829,253.851142,220.930879,564.49421,190.385875,188.305798
2022-09-12,2022,450.593787,253.660969,221.043085,563.547778,192.262609,190.112423
2022-09-13,2022,443.268393,248.305284,221.155348,550.824288,187.832704,185.839065
2022-09-14,2022,442.115999,246.3166,221.267669,548.730321,187.413957,185.439517
2022-09-15,2022,441.16564,244.690972,221.380046,546.984192,186.408625,184.327749
2022-09-16,2022,444.444523,244.753132,221.492481,552.520537,185.26597,183.441805
2022-09-19,2022,448.860313,245.874267,221.604972,560.014521,189.578897,187.993112
2022-09-20,2022,445.725664,245.8259,221.717521,554.506994,190.753763,189.087505
2022-09-21,2022,441.49596,244.723384,221.830127,547.113784,189.768774,187.888888
2022-09-22,2022,440.771802,245.306988,221.94279,545.756882,193.386614,191.31104
2022-09-23,2022,440.279048,245.36469,222.05551,544.798391,189.395801,187.332991
2022-09-26,2022,431.851557,242.121777,222.168288,530.176646,184.984545,182.625348
2022-09-27,2022,431.928299,240.635014,222.281123,530.198683,183.733389,181.843641
2022-09-28,2022,431.263164,242.957198,222.394015,528.943193,183.860539,182.086839
2022-09-29,2022,430.760375,245.526553,222.506964,527.967198,182.526312,180.314964
2022-09-30,2022,435.411808,243.305476,222.619971,535.866444,186.549337,184.935745
2022-10-03,2022,444.47862,248.644652,222.733035,551.368682,196.885781,195.254351
2022-10-04,2022,440.78375,246.48977,222.846157,544.895925,197.048533,195.167489
2022-10-05,2022,440.549787,247.376046,222.959336,544.38261,198.689615,196.852515
2022-10-06,2022,440.361334,246.860548,223.072573,543.947604,199.305021,197.113089
2022-10-07,2022,438.468501,244.147627,223.185867,540.577691,197.294357,195.914459
2022-10-10,2022,440.174829,243.852258,223.299218,543.405284,196.558582,194.698467
2022-10-11,2022,446.274798,243.889404,223.412628,553.798441,194.669981,192.631269
2022-10-13,2022,453.82665,247.207507,223.526094,566.691605,193.776541,191.536876
2022-10-14,2022,449.468221,246.746243,223.639619,559.075842,189.999339,187.993112
2022-10-17,2022,449.26911,248.123082,223.753201,558.622147,192.630496,190.911505
2022-10-18,2022,454.432412,249.693158,223.866841,567.402187,196.222906,194.455269
2022-10-19,2022,458.463239,252.587225,223.980538,574.232107,197.123128,195.167489
2022-10-20,2022,455.939688,252.221454,224.094293,569.775681,198.643841,196.12292
2022-10-21,2022,465.019408,255.478083,224.208106,585.299417,203.319569,202.255016
2022-10-24,2022,460.627554,254.071723,224.321977,577.625758,196.680646,194.802691
2022-10-25,2022,456.866561,252.358575,224.435906,571.038352,194.329219,191.919049
2022-10-26,2022,455.642307,251.871148,224.549892,568.819021,191.17251,188.965906
2022-10-27,2022,460.51031,253.353765,224.663937,577.090176,194.354649,191.085216
2022-10-28,2022,459.419081,252.962272,224.778039,575.099794,194.181726,196.296631
2022-10-31,2022,459.775734,255.589096,224.892199,575.602529,196.721334,194.820067
2022-11-01,2022,468.356697,256.142987,225.006418,590.267036,198.233571,195.966571
2022-11-03,2022,470.242176,257.00412,225.120694,593.402218,198.177625,196.470343
2022-11-04,2022,472.287815,258.000614,225.235028,596.813128,200.312049,198.03377
2022-11-07,2022,466.837912,255.228027,225.349421,587.317057,195.543078,193.204527
2022-11-08,2022,466.210138,256.086637,225.463871,586.12438,196.92986,195.08064
2022-11-09,2022,464.298819,255.579369,225.57838,582.721448,192.555901,190.650932
2022-11-10,2022,452.20273,251.246409,225.692946,561.780827,186.10516,184.310374
2022-11-11,2022,463.35055,257.957734,225.807571,580.864928,190.306195,188.566371
2022-11-14,2022,473.189876,260.51798,225.922254,597.695815,191.845557,189.764988
2022-11-16,2022,464.474037,258.02568,226.036996,582.575634,186.898576,184.20615
2022-11-17,2022,447.12201,252.749472,226.151795,552.584337,185.983096,183.598155
2022-11-18,2022,439.766048,251.605496,226.266653,539.805679,184.587837,182.138951
2022-11-21,2022,441.123027,252.655115,226.38157,542.030186,186.059386,184.275637
2022-11-22,2022,439.026384,249.413673,226.496544,538.307682,184.854004,182.521124
2022-11-23,2022,439.301683,252.271147,226.611577,538.66948,184.253857,182.816434
2022-11-24,2022,445.526127,254.853537,226.726669,549.275334,189.590764,187.958362
2022-11-25,2022,443.651665,253.512446,226.841819,545.935243,184.752284,182.521124
2022-11-28,2022,439.167853,251.643787,226.957027,538.101933,184.421694,182.660098
2022-11-29,2022,445.996952,254.674912,227.072294,549.748799,188.029363,186.377573
2022-11-30,2022,442.007865,253.938456,227.18762,542.767265,190.701207,188.618483
2022-12-01,2022,442.033267,252.372507,227.303004,542.698411,188.056488,185.978026
2022-12-02,2022,444.53436,254.136768,227.418446,546.892507,189.74843,187.524078
2022-12-05,2022,439.734616,251.497596,227.533948,538.514892,185.471106,183.493917
2022-12-06,2022,439.426103,251.992985,227.649508,537.870883,185.694889,185.422142
2022-12-07,2022,436.383662,250.497913,227.765126,532.519138,185.403292,183.42443
2022-12-08,2022,432.111826,248.569516,227.880804,525.050381,181.815968,179.915416
2022-12-09,2022,433.73252,249.870648,227.99654,527.728192,182.568696,180.488675
2022-12-12,2022,429.328521,242.890942,228.112335,520.031743,178.457514,176.840687
2022-12-13,2022,427.0945,242.445415,228.228188,516.071823,176.131517,174.23498
2022-12-14,2022,426.484938,242.100623,228.344101,514.909078,175.980632,174.929825
2022-12-15,2022,424.700089,241.559575,228.460072,511.722496,175.870436,174.582402
2022-12-16,2022,415.588335,238.391944,228.576103,495.919313,174.322597,172.671553
2022-12-19,2022,415.231531,239.161664,228.692192,495.19163,177.213139,176.093717
2022-12-20,2022,423.749973,242.239607,228.80834,509.746596,181.365009,179.88068
2022-12-21,2022,419.625393,241.238807,228.924547,502.53089,181.931251,180.436563
2022-12-22,2022,419.835485,241.694455,229.040813,502.779201,181.938032,180.540787
2022-12-23,2022,421.210165,242.317884,229.157139,505.032814,185.974619,184.136663
2022-12-26,2022,420.725736,245.084529,229.273523,504.085082,184.3471,182.660098
2022-12-27,2022,420.736748,246.741023,229.389966,503.990416,183.684225,182.225814
2022-12-28,2022,424.773719,249.329862,229.506469,510.828179,186.888404,185.526379
2022-12-29,2022,424.451137,248.794719,229.623031,510.158966,186.539165,184.049801
2023-01-03,2023,413.105294,243.955861,229.739652,493.104086,182.663746,180.194145
2023-01-04,2023,411.702701,242.028241,229.856332,490.769925,184.711931,182.776536
2023-01-05,2023,417.470112,246.087417,229.973072,499.926142,188.541757,186.990867
2023-01-06,2023,421.878071,249.035765,230.08987,506.903699,190.85298,189.196673
2023-01-09,2023,424.428466,251.599595,230.206728,510.904339,191.538631,188.92767
2023-01-10,2023,428.425653,254.4233,230.323646,517.223519,194.493418,192.209473
2023-01-11,2023,439.332966,258.404473,230.440622,534.616603,195.985718,195.65267
2023-01-12,2023,441.504293,256.788854,230.557659,538.009628,196.185626,194.146277
2023-01-13,2023,438.759724,256.085435,230.674754,533.524551,194.500433,192.514337
2023-01-16,2023,435.285986,255.768128,230.791909,527.870886,191.51408,189.142875
2023-01-17,2023,437.478693,257.775209,230.909124,531.298043,195.417557,193.321345
2023-01-18,2023,436.821017,258.510022,231.026398,530.157222,197.193936,194.27181
2023-01-19,2023,440.864659,260.483097,231.143732,536.550541,198.165422,195.670607
2023-01-20,2023,443.645621,261.289727,231.261125,540.920284,196.929145,194.487001
2023-01-23,2023,450.076787,262.695722,231.378578,551.139684,195.891024,193.500676
2023-01-24,2023,453.732783,264.748643,231.496091,556.911641,198.204,196.244474
2023-01-25,2023,462.79391,271.337983,231.613663,571.345645,200.250432,198.432342
2023-01-26,2023,462.795833,272.090824,231.731295,571.261612,200.099624,198.01987
2023-01-27,2023,461.44355,273.577843,231.848986,569.007326,197.281616,194.397342
2023-01-30,2023,463.7455,275.635618,231.966738,572.609155,196.204916,194.935334
2023-01-31,2023,468.355771,274.796275,232.084549,579.910181,199.087806,196.979733
2023-02-01,2023,460.109386,268.823504,232.20242,566.607493,196.932653,194.397342
2023-02-02,2023,458.396888,268.794683,232.320351,563.775762,192.780168,190.631345
2023-02-03,2023,455.962173,267.503714,232.438342,559.786583,190.24624,188.066878
2023-02-06,2023,457.828004,269.07447,232.556393,562.68928,190.186618,188.748339
2023-02-07,2023,457.891452,269.742852,232.674504,562.703489,189.246697,186.686003
2023-02-08,2023,462.112334,270.973578,232.792674,569.380227,192.687228,190.703066
2023-02-09,2023,453.175141,262.895129,232.910905,554.970205,189.006457,187.295744
2023-02-10,2023,460.199448,268.908505,233.029196,566.139535,189.650022,187.851673
2023-02-13,2023,459.763405,268.934677,233.147547,565.353097,190.870515,189.142875
2023-02-14,2023,454.986778,266.74086,233.265958,557.610535,188.789012,187.277807
2023-02-15,2023,458.971273,272.095509,233.384429,563.908224,191.915651,190.183012
2023-02-16,2023,457.202071,271.391477,233.50296,560.985175,192.72756,190.990006
2023-02-17,2023,454.183375,270.448564,233.621552,556.059682,191.671903,189.304268
2023-02-22,2023,449.938117,268.224242,233.740203,549.168496,187.899946,185.789337
2023-02-23,2023,449.207891,267.472397,233.858915,547.910344,188.895981,186.775675
2023-02-24,2023,445.656459,263.835923,233.977688,542.130971,185.657113,183.601468
2023-02-27,2023,443.169547,263.713742,234.09652,538.057521,185.373032,183.440074
2023-02-28,2023,435.096653,260.571951,234.215413,525.032107,184.006991,181.395675
2023-03-01,2023,431.472027,258.851851,234.334366,519.135303,183.047781,181.485334
2023-03-02,2023,432.626569,259.680709,234.45338,520.897396,181.190736,179.225743
2023-03-03,2023,433.960297,258.4125,234.572454,522.946604,182.137671,180.086536
2023-03-06,2023,438.147845,263.213999,234.691589,529.569207,183.60016,181.969541
2023-03-07,2023,433.191095,261.211125,234.810784,521.537404,182.772468,180.947342
2023-03-08,2023,438.017163,262.848079,234.93004,529.18319,186.826753,185.107875
2023-03-09,2023,436.362823,262.202806,235.049356,526.443635,184.250739,182.130935
2023-03-10,2023,436.198545,259.009229,235.168733,526.09196,181.702783,179.709937
2023-03-13,2023,432.053742,255.792559,235.28817,519.361177,180.831252,178.938804
2023-03-14,2023,427.790145,252.616074,235.407669,512.439976,180.499825,178.580142
2023-03-15,2023,428.618845,253.900626,235.527227,513.679481,180.049154,178.239405
2023-03-16,2023,433.244532,256.818365,235.646847,521.003873,181.381877,179.333339
2023-03-17,2023,427.408624,254.161112,235.766527,511.562799,178.83392,177.037875
2023-03-20,2023,423.013806,250.391817,235.886268,504.431127,176.976876,175.208667
2023-03-21,2023,425.359598,250.139515,236.00607,508.101695,177.108395,175.62114
2023-03-22,2023,424.795135,249.314215,236.125933,507.108339,175.74586,174.007137
2023-03-23,2023,416.240785,247.040461,236.245857,493.310595,171.721387,169.613475
2023-03-24,2023,423.337857,252.039588,236.365841,504.59528,173.304873,171.90894
2023-03-27,2023,426.966859,252.156758,236.485887,510.322102,174.779636,173.128407
2023-03-28,2023,430.623834,253.268586,236.605993,516.093706,177.436315,175.80047
2023-03-29,2023,426.96836,248.611806,236.726161,510.146566,178.502493,176.733011
2023-03-30,2023,429.332107,249.839,236.846389,513.845595,181.869373,180.176208
2023-03-31,2023,425.778712,248.597876,236.966679,508.061953,178.658562,176.625402
2023-04-03,2023,426.36859,247.550593,237.087029,508.918144,177.999215,176.284678
2023-04-04,2023,435.068981,251.761235,237.207441,522.771942,178.635766,176.661276
2023-04-05,2023,433.554454,249.463458,237.327914,520.255589,177.073323,175.083134
2023-04-06,2023,442.014957,258.3185,237.448448,533.724859,176.799764,175.011399
2023-04-10,2023,440.941751,260.117208,237.569043,531.915662,178.597187,176.930279
2023-04-11,2023,449.483915,263.904075,237.6897,545.515709,186.255085,184.551946
2023-04-12,2023,454.341515,266.967032,237.810418,553.210945,187.440507,185.341003
2023-04-13,2023,451.112055,265.80386,237.931197,547.946069,186.682959,184.587806
2023-04-14,2023,450.685456,265.662755,238.052038,547.172923,186.369067,184.785074
2023-04-17,2023,447.235454,264.020886,238.172939,541.554523,185.907875,184.193271
2023-04-18,2023,440.941213,264.763121,238.293903,531.377988,186.165652,184.175334
2023-04-19,2023,432.711492,261.164463,238.414927,518.099671,182.22009,180.194145
2023-04-20,2023,430.901092,259.918276,238.536014,515.108708,183.016216,181.126672
2023-04-24,2023,431.310342,260.583024,238.657161,515.674839,182.279711,180.445211
2023-04-25,2023,429.550931,262.346928,238.77837,512.765499,181.004856,179.189869
2023-04-26,2023,428.142436,261.832858,238.899641,510.418479,179.412603,177.557943
2023-04-27,2023,434.181187,261.642763,239.020974,520.006134,180.484042,178.49047
2023-04-28,2023,438.702746,261.172234,239.142367,527.162341,183.130199,180.947342
2023-05-02,2023,431.557545,260.825445,239.263823,515.62172,178.737473,176.625402
2023-05-03,2023,427.580079,257.136561,239.38534,509.157567,178.509508,176.82267
2023-05-04,2023,423.172542,255.728235,239.506919,502.004149,179.170608,177.450334
2023-05-05,2023,432.353948,259.956246,239.62856,516.627896,184.385765,182.758612
2023-05-08,2023,430.583414,259.442342,239.750263,513.700364,185.953468,183.798735
2023-05-09,2023,435.713885,261.572256,239.872027,521.832119,187.833309,186.148011
2023-05-10,2023,436.854476,262.130525,239.993853,523.569772,188.419006,186.452875
2023-05-11,2023,440.969686,263.632971,240.115741,530.074411,189.835901,187.977206
2023-05-12,2023,441.236723,263.7994,240.237691,530.412043,190.200647,188.389678
2023-05-15,2023,435.591383,256.132202,240.359703,521.274641,191.191421,189.142875
2023-05-16,2023,437.080011,255.936635,240.481777,523.569864,189.727179,187.636468
2023-05-17,2023,443.985673,257.269971,240.603913,534.546208,191.947216,190.111277
2023-05-18,2023,443.611676,256.43727,240.726111,533.856357,193.083537,191.438339
2023-05-19,2023,448.097803,257.119805,240.848371,540.955138,194.20057,192.173613
2023-05-22,2023,445.379272,255.82825,240.970693,536.507918,193.267664,191.079678
2023-05-23,2023,442.280768,253.149278,241.093077,531.451719,192.769646,190.882411
2023-05-24,2023,440.0373,253.383449,241.215524,527.765727,190.789851,188.7842
2023-05-25,2023,445.715231,255.605299,241.338032,536.774273,192.988844,191.079678
2023-05-26,2023,447.640277,254.252827,241.460603,539.768519,194.482897,192.801277
2023-05-29,2023,445.958552,253.401985,241.583236,536.98262,193.478094,191.4742
2023-05-30,2023,442.511828,250.759423,241.705931,531.368144,191.082699,188.981468
2023-05-31,2023,442.126314,247.701824,241.828689,530.65942,189.974434,188.013066
2023-06-01,2023,443.593732,246.026106,241.951509,532.9201,193.884925,192.245334
2023-06-02,2023,451.412822,250.269263,242.074391,545.359723,197.379816,195.5092
2023-06-05,2023,452.64456,251.321544,242.197336,547.242618,197.621811,195.724405
2023-06-06,2023,452.488311,249.841559,242.320343,546.901123,200.978169,199.185539
2023-06-07,2023,452.19968,249.908472,242.443413,546.347429,202.517815,200.458804
2023-06-09,2023,452.780642,250.850128,242.566545,547.187273,205.202551,203.023272
2023-06-12,2023,449.459728,248.323489,242.68974,541.774045,205.758437,203.794405
2023-06-13,2023,444.003839,245.913132,242.812997,532.939329,204.718562,202.539078
2023-06-14,2023,453.145912,249.269023,242.936317,547.498798,208.797396,206.430608
2023-06-15,2023,455.61003,249.531464,243.059699,551.356342,209.063941,206.950676
2023-06-16,2023,457.95125,250.732799,243.183144,555.016888,208.252032,206.054009
2023-06-19,2023,457.881826,250.436079,243.306652,554.814163,210.180974,208.259802
2023-06-20,2023,457.750442,249.062269,243.430223,554.512098,209.767128,207.703873
2023-06-21,2023,462.279014,251.15486,243.553856,561.677885,211.166487,208.510867
2023-06-22,2023,459.174376,249.859391,243.677552,556.610884,208.560663,206.69961
2023-06-23,2023,465.708221,252.317994,243.801311,566.990164,208.636067,206.789269
2023-06-26,2023,457.427507,249.18075,243.925133,553.628056,207.348937,205.193203
2023-06-27,2023,454.222893,249.048566,244.049018,548.400696,206.086357,204.027534
2023-06-28,2023,458.446732,251.115366,244.172965,555.077895,204.60984,202.700471
2023-06-29,2023,465.548998,254.73794,244.296976,566.367921,207.594438,206.071947
2023-06-30,2023,470.843457,256.868017,244.421049,574.760769,207.075378,204.74487
2023-07-03,2023,473.454811,262.401754,244.545186,578.853709,209.856561,207.919078
2023-07-04,2023,478.641087,263.326978,244.669386,587.073093,208.809671,206.663736
2023-07-05,2023,481.584727,263.620784,244.793648,591.69845,209.639116,207.739733
2023-07-06,2023,475.507559,261.339059,244.917974,581.8673,205.916259,203.794405
2023-07-07,2023,478.976532,262.813024,245.042363,587.334448,208.497534,206.574078
2023-07-10,2023,477.507157,261.088621,245.166815,584.887509,206.821108,204.619337
2023-07-11,2023,476.944264,259.53488,245.29133,583.89322,205.555021,204.081345
2023-07-12,2023,482.238367,258.988703,245.415909,592.285122,206.337119,204.135143
2023-07-13,2023,488.495543,260.523726,245.540551,602.220369,209.139345,207.273477
2023-07-14,2023,482.141339,260.405597,245.665256,591.944969,206.41603,204.368272
2023-07-17,2023,483.439007,260.268044,245.790024,593.93217,207.306851,205.713272
2023-07-18,2023,490.560756,262.04238,245.914856,605.252812,206.643996,204.350334
2023-07-19,2023,495.539322,264.115115,246.039752,613.13881,206.137211,203.991673
2023-07-20,2023,496.67894,265.550235,246.16471,614.872585,207.068363,205.049733
2023-07-21,2023,502.898667,267.087782,246.289732,624.747534,210.81051,208.744009
2023-07-24,2023,505.756122,269.763061,246.414818,629.234166,212.783291,210.842206
2023-07-25,2023,504.962805,268.808804,246.539967,627.870139,213.951177,211.577479
2023-07-26,2023,505.725468,269.441597,246.66518,628.99963,214.919155,212.940403
2023-07-27,2023,501.874305,268.846867,246.790456,622.7351,210.412446,208.098408
2023-07-28,2023,507.229111,270.859418,246.915796,631.22372,210.757902,208.959201
2023-07-31,2023,513.664557,272.674121,247.0412,641.444091,213.837194,211.523668
2023-08-01,2023,513.483391,272.820907,247.166667,641.060843,212.618454,210.752534
2023-08-02,2023,511.804927,272.356506,247.292198,638.278025,211.93631,209.837944
2023-08-03,2023,515.402642,272.586454,247.413463,643.953803,211.457582,209.299938
2023-08-04,2023,517.480157,275.848911,247.534787,647.193313,209.567219,207.416947
2023-08-07,2023,520.806722,278.665736,247.65617,652.434466,209.342761,207.327274
2023-08-08,2023,524.056194,280.792956,247.777614,657.552029,208.834222,206.717534
2023-08-09,2023,527.273316,282.039619,247.899116,662.617706,207.640031,205.695334
2023-08-10,2023,525.988485,281.940993,248.020679,660.46865,207.53657,205.35461
2023-08-11,2023,528.316262,282.726416,248.1423,664.109002,207.036799,204.88834
2023-08-14,2023,526.216138,282.950075,248.263982,660.653296,204.836052,203.202602
2023-08-15,2023,522.642253,279.888312,248.385723,654.835742,203.715512,201.516878
2023-08-16,2023,520.334557,279.124275,248.507524,651.0473,202.700188,200.620211
2023-08-17,2023,507.063036,271.856494,248.629385,629.688533,201.630502,199.705608
2023-08-18,2023,509.86353,273.300279,248.751305,634.086225,202.379282,200.315334
2023-08-21,2023,505.386656,270.810244,248.873285,626.821392,200.66077,198.683408
2023-08-22,2023,511.294656,272.525654,248.995325,636.198986,203.689209,201.588613
2023-08-23,2023,519.744993,275.976776,249.117425,649.650805,207.15955,204.978012
2023-08-24,2023,518.487259,273.479068,249.239585,647.544732,205.214826,203.184679
2023-08-25,2023,513.313165,274.780777,249.361805,639.16238,203.129816,201.122343
2023-08-28,2023,514.602933,275.95983,249.484084,641.138765,205.381416,203.54334
2023-08-29,2023,512.36723,275.760009,249.606424,637.465296,207.631264,205.551878
2023-08-30,2023,509.999982,272.935557,249.728823,633.580973,206.1074,204.260676
2023-08-31,2023,505.528741,269.503503,249.851283,626.324814,202.963225,201.409269
2023-09-01,2023,510.423997,272.172219,249.973802,634.079061,206.735183,204.529679
2023-09-04,2023,508.178066,272.380587,250.096382,630.389025,206.531767,204.691072
2023-09-05,2023,509.469974,270.707775,250.219022,632.368571,205.749669,203.758545
2023-09-06,2023,502.544011,264.949449,250.341721,621.178373,203.389346,201.301673
2023-09-08,2023,505.746886,265.931185,250.464482,626.220286,202.210938,200.243613
2023-09-11,2023,515.67468,273.718115,250.587302,642.039298,204.964064,203.507479
2023-09-12,2023,519.564785,277.268875,250.710182,648.182455,206.866701,204.834542
2023-09-13,2023,519.465131,277.613025,250.833123,647.931705,207.231447,205.264938
2023-09-14,2023,518.835596,278.698665,250.956124,646.831741,209.363804,207.2914
2023-09-15,2023,518.679114,278.280118,251.079185,646.489832,208.252032,206.08987
2023-09-18,2023,517.161923,278.535091,251.202307,643.967248,207.427848,205.605676
2023-09-19,2023,516.743217,278.630207,251.325489,643.205018,206.652764,204.619337
2023-09-20,2023,523.27749,282.75062,251.448732,653.585367,208.141556,206.287138
2023-09-21,2023,511.256633,277.091121,251.567614,634.23308,203.669919,201.929337
2023-09-22,2023,510.87862,274.918772,251.686553,633.539205,203.431432,201.947274
2023-09-25,2023,507.390722,274.669754,251.805548,627.861486,203.284131,201.875539
2023-09-26,2023,504.768719,272.855692,251.924599,623.571381,200.246925,198.432342
2023-09-27,2023,509.210265,273.127426,252.043706,630.601054,200.481905,198.522001
2023-09-28,2023,515.462804,275.053915,252.16287,640.532925,202.943936,201.17614
2023-09-29,2023,515.325153,273.46625,252.28209,640.22404,204.406424,202.915676
2023-10-02,2023,512.139577,273.568504,252.401367,635.030603,201.762021,199.938736
2023-10-03,2023,508.525147,272.280733,252.520699,629.149856,198.889651,196.943872
2023-10-04,2023,505.129585,270.766517,252.640089,623.61982,199.219325,197.589474
2023-10-05,2023,500.386359,268.686644,252.759534,615.930018,198.652918,196.81834
2023-10-06,2023,501.447723,269.846522,252.879037,617.542426,200.206592,198.45028
2023-10-09,2023,514.290769,275.62511,252.998595,638.035742,201.935625,200.387069
2023-10-10,2023,518.362092,275.764432,253.11821,644.471732,204.70804,202.879802
2023-10-11,2023,511.908172,273.361119,253.237882,634.040258,205.258666,203.54334
2023-10-13,2023,514.832933,271.987667,253.357611,638.63872,202.984268,200.960935
2023-10-16,2023,515.746181,272.510226,253.477395,640.013553,204.352063,202.539078
2023-10-17,2023,512.570212,271.662582,253.597237,634.835094,203.25432,201.463067
2023-10-18,2023,510.239091,271.454768,253.717135,631.010518,200.013698,197.930211
2023-10-19,2023,511.363767,272.568467,253.83709,632.724054,199.915498,198.34267
2023-10-20,2023,505.948401,268.578293,253.957102,623.956681,198.426705,196.370006
2023-10-23,2023,508.727339,268.78423,254.07717,628.3212,197.77788,196.101004
2023-10-24,2023,511.025882,268.838208,254.197295,631.915812,199.49113,197.697069
2023-10-25,2023,506.043451,267.681525,254.317477,623.842121,197.856791,196.101004
2023-10-26,2023,513.465514,270.569746,254.437716,635.647439,201.271017,199.777343
2023-10-27,2023,509.433557,267.573964,254.558012,629.096864,198.682729,196.99767
2023-10-30,2023,500.323219,261.617602,254.678364,614.407795,197.334223,195.401605
2023-10-31,2023,504.482305,262.913246,254.798774,620.983843,198.407416,196.585211
2023-11-01,2023,509.34469,265.502313,254.91924,628.686933,201.755006,200.064269
2023-11-03,2023,519.598925,268.750499,255.035261,645.034123,207.203389,205.785007
2023-11-06,2023,519.408985,268.225783,255.151335,644.643768,207.776811,205.892602
2023-11-07,2023,518.539058,266.662804,255.267462,643.163651,209.146359,207.43487
2023-11-08,2023,510.882797,263.038407,255.383642,630.807929,208.850004,207.165867
2023-11-09,2023,506.6577,259.804872,255.499875,623.950843,208.697442,206.556141
2023-11-10,2023,518.557695,264.454611,255.616161,642.93528,211.545261,209.837944
2023-11-13,2023,520.310741,265.186876,255.732499,645.6585,211.08933,209.497206
2023-11-14,2023,524.909741,267.407386,255.848891,652.942514,216.265907,214.500608
2023-11-16,2023,522.454373,268.105354,255.965335,648.921384,218.454379,216.921605
2023-11-17,2023,522.53304,267.727735,256.081833,648.961177,219.30662,217.369939
2023-11-20,2023,525.157212,269.228033,256.198383,653.080278,221.118072,219.235007
2023-11-21,2023,522.149851,267.851211,256.314987,648.174422,220.262323,218.356278
2023-11-22,2023,519.347029,267.396702,256.431644,643.596317,221.012857,219.055676
2023-11-23,2023,522.419731,268.916154,256.548353,648.434098,221.961545,220.275144
2023-11-24,2023,518.30145,266.889086,256.665116,641.7478,220.14834,218.176947
2023-11-27,2023,518.79591,266.577494,256.781932,642.453696,220.395596,218.679078
2023-11-28,2023,523.982545,268.417163,256.898801,650.679082,221.894909,220.077876
2023-11-29,2023,521.130284,265.948235,257.015724,646.02155,221.128593,219.270868
2023-11-30,2023,525.918195,266.174532,257.132699,653.607874,223.285501,221.602207
2023-12-01,2023,525.490862,265.039476,257.249728,652.836376,224.639267,222.588545
2023-12-04,2023,517.660099,261.597105,257.36681,640.200335,222.359609,220.508272
2023-12-05,2023,512.301638,259.371272,257.483946,631.526288,222.534967,220.597944
2023-12-06,2023,504.745826,256.803664,257.601134,619.330796,220.290381,218.284543
2023-12-07,2023,511.066204,260.491045,257.718376,629.372806,220.969017,219.306742
2023-12-08,2023,517.239935,262.767071,257.835672,639.179767,222.869901,221.135936
2023-12-11,2023,516.76309,262.590768,257.95302,638.328684,222.557764,220.777275
2023-12-12,2023,516.048925,262.206914,258.070422,637.09724,221.658175,219.862671
2023-12-13,2023,529.394085,266.47564,258.187878,658.396787,227.027647,226.175212
2023-12-14,2023,539.970938,271.570402,258.300807,675.263286,229.442331,227.538136
2023-12-15,2023,530.177582,268.983216,258.413785,659.485095,228.31127,226.462138
2023-12-18,2023,532.620823,273.782445,258.526813,663.31685,229.866698,228.237535
2023-12-19,2023,541.196634,278.197669,258.63989,676.976431,231.211697,229.636346
2023-12-20,2023,536.874373,274.400048,258.753016,669.965933,229.375695,227.43054
2023-12-21,2023,537.432418,276.783329,258.866192,670.776424,231.792133,230.174352
2023-12-22,2023,536.931838,275.327794,258.979418,669.890357,232.793429,231.232412
2023-12-26,2023,539.131825,277.359417,259.092693,673.332099,234.161224,232.505663
2023-12-27,2023,539.904759,276.684611,259.206017,674.486853,235.320342,233.958286
2023-12-28,2023,543.400791,279.001514,259.319391,680.005522,235.30456,233.83274
2024-01-03,2024,545.550128,278.827811,259.432815,684.945645,235.547495,234.250448
2024-01-04,2024,538.040704,274.873051,259.546288,672.31685,232.696114,231.272137
2024-01-05,2024,541.303831,277.144625,259.659811,677.662208,234.109392,232.906572
2024-01-08,2024,541.32494,276.88033,259.773384,677.598155,234.825783,233.487717
2024-01-09,2024,534.685713,275.218386,259.887006,666.421169,233.088001,231.707982
2024-01-10,2024,532.21937,273.497548,260.000678,662.206672,232.013414,230.52757
2024-01-11,2024,528.271066,270.790233,260.1144,655.519453,231.67295,230.291476
2024-01-12,2024,530.391641,272.613698,260.228171,658.958224,232.274081,231.054222
2024-01-15,2024,525.940573,271.336324,260.341992,651.432047,233.219222,232.125676
2024-01-16,2024,526.935704,270.204947,260.455863,652.992907,229.2702,227.89431
2024-01-17,2024,532.423513,274.111495,260.569784,662.049838,227.9048,226.150917
2024-01-18,2024,527.150767,270.185369,260.683755,653.152546,225.762718,224.38936
2024-01-19,2024,534.364658,275.460434,260.797775,665.089389,226.330157,224.897848
2024-01-22,2024,527.812201,272.914268,260.911845,654.056788,224.496619,222.827568
2024-01-23,2024,540.98222,279.799568,261.025966,675.931451,227.441983,226.187245
2024-01-24,2024,540.857583,279.058995,261.140136,675.623698,226.649341,225.133941
2024-01-25,2024,546.184383,280.736074,261.254356,684.411721,227.275297,226.023795
2024-01-26,2024,549.096786,281.592585,261.368626,689.171236,228.690349,227.149742
2024-01-29,2024,548.961414,280.450603,261.482946,688.845439,227.867562,226.550447
2024-01-30,2024,540.264346,276.480998,261.597316,674.234254,225.915217,224.407524
2024-01-31,2024,542.21982,278.633065,261.711736,677.396985,226.535853,225.097613
2024-02-01,2024,542.983865,278.240074,261.821542,678.575827,227.828551,226.568611
2024-02-02,2024,539.211427,274.894412,261.931395,672.185424,225.525103,223.953515
2024-02-05,2024,536.960767,274.29084,262.041293,668.334097,226.253907,224.934176
2024-02-06,2024,541.068221,277.001422,262.151238,675.091355,231.259784,230.418598
2024-02-07,2024,546.557402,280.103956,262.261229,684.154012,229.827,228.911299
2024-02-08,2024,551.469527,281.810578,262.371266,692.253798,227.360413,226.114602
2024-02-09,2024,543.698997,280.541719,262.481349,679.192307,227.021723,225.4245
2024-02-14,2024,541.475629,277.330953,262.591478,675.386314,225.23429,223.790079
2024-02-15,2024,543.676725,277.105324,262.701654,678.962579,226.628062,225.297378
2024-02-16,2024,554.882622,282.4543,262.811875,697.563476,228.262996,226.786527
2024-02-19,2024,557.912917,283.744781,262.922143,702.523194,228.812703,227.2587
2024-02-20,2024,564.934281,289.066508,263.032458,714.142043,230.37316,229.165543
2024-02-21,2024,569.170724,291.48783,263.142818,721.11416,230.578857,229.147379
2024-02-22,2024,564.273412,289.11911,263.253225,712.846401,230.949465,229.365308
2024-02-23,2024,556.381104,284.483825,263.363678,699.581397,229.491856,228.112239
2024-02-26,2024,563.441458,287.264374,263.474178,711.265137,229.828773,228.402797
2024-02-27,2024,567.936052,290.105581,263.584724,718.667821,233.517127,232.161991
2024-02-28,2024,553.184378,285.084613,263.695316,693.95772,230.796966,229.292665
2024-02-29,2024,562.457099,287.370985,263.805954,709.332715,228.784331,227.458465
2024-03-01,2024,550.457571,281.734246,263.916639,689.214537,229.06805,227.440301
2024-03-04,2024,552.411841,281.837057,264.027371,692.378481,227.580296,226.096438
2024-03-05,2024,556.611341,283.240754,264.138149,699.288593,227.149397,225.914837
2024-03-06,2024,560.458233,282.838441,264.248973,705.610331,228.553809,227.276864
2024-03-07,2024,558.989546,282.453425,264.359844,703.06289,227.578523,226.405161
2024-03-08,2024,545.874969,281.937591,264.470762,681.084029,225.328272,223.844558
2024-03-11,2024,531.906938,274.940026,264.581726,657.681125,223.649007,222.13748
2024-03-12,2024,538.545318,276.617295,264.692736,668.660348,226.386901,224.843369
2024-03-13,2024,539.933125,277.361879,264.803793,670.878856,226.986258,225.860358
2024-03-14,2024,545.230292,280.376956,264.914897,679.620159,226.425912,224.861533
2024-03-15,2024,531.151619,273.056597,265.026048,656.032484,224.744874,223.136305
2024-03-18,2024,532.451131,273.001474,265.137245,658.103547,225.120802,223.463192
2024-03-19,2024,537.441184,275.112427,265.248488,666.332303,226.140419,225.097613
2024-03-20,2024,534.901463,274.063325,265.359778,661.997455,228.970522,227.821666
2024-03-21,2024,526.644543,270.405378,265.466368,648.127467,227.257565,225.860358
2024-03-22,2024,520.359485,265.682488,265.573001,637.547528,225.250249,223.75375
2024-03-25,2024,518.532902,263.180147,265.679676,634.406597,225.080018,223.717436
2024-03-26,2024,519.209651,263.296122,265.786394,635.442484,224.959437,223.808229
2024-03-27,2024,532.211649,270.624154,265.893155,657.043233,226.427685,225.279228
2024-03-28,2024,538.389902,273.096408,265.999959,667.258404,227.163583,225.787715
2024-04-01,2024,534.823302,269.827128,266.106806,661.214074,225.184639,223.899037
2024-04-02,2024,540.080818,271.955411,266.213696,669.892903,226.175884,224.716247
2024-04-03,2024,535.363811,271.309458,266.320629,661.929022,225.766264,224.353046
2024-04-04,2024,530.448472,269.076962,266.427604,653.634184,225.961321,224.607289
2024-04-05,2024,529.739526,267.910096,266.534623,652.35775,224.838856,223.190784
2024-04-08,2024,536.183001,272.691063,266.641685,663.015224,228.495291,227.240536
2024-04-09,2024,541.025962,275.088139,266.748789,671.002172,230.327056,228.657055
2024-04-10,2024,537.657586,269.607747,266.855937,665.288319,227.071374,225.460828
2024-04-11,2024,541.492612,271.808402,266.963128,671.593435,225.904578,224.679933
2024-04-12,2024,526.007162,263.553836,267.070361,645.66195,223.333369,221.774278
2024-04-15,2024,520.241808,260.57009,267.177638,635.948584,222.248142,220.739138
2024-04-16,2024,515.025178,256.86134,267.284958,627.150736,220.572424,219.467905
2024-04-17,2024,519.015073,257.441422,267.392321,633.714101,220.185856,218.904939
2024-04-18,2024,516.389406,255.894118,267.499727,629.239246,220.230187,218.795981
2024-04-19,2024,523.780573,258.842584,267.607177,641.477622,221.87576,220.684646
2024-04-22,2024,527.27907,260.254486,267.714669,647.220969,222.671948,221.193147
2024-04-23,2024,520.148811,256.267397,267.822205,635.230007,221.918318,220.484895
2024-04-24,2024,517.795758,254.441509,267.929783,631.209862,221.196607,219.685834
2024-04-25,2024,518.108491,254.139663,268.037406,631.637591,221.028148,219.576877
2024-04-26,2024,527.575258,258.090221,268.145071,647.338954,224.361853,223.063662
2024-04-29,2024,534.139979,263.2731,268.252779,658.198162,225.826555,224.770726
2024-04-30,2024,522.096698,257.358519,268.360531,638.009546,223.294358,222.246438
2024-05-02,2024,528.161106,264.026059,268.468326,648.033898,225.418708,224.007994
2024-05-03,2024,535.872798,267.853296,268.576164,660.806735,227.878201,226.913649
2024-05-06,2024,529.405402,262.099331,268.684046,649.92147,227.801952,226.477804
2024-05-07,2024,529.427693,262.44502,268.791971,649.864326,229.121248,227.730873
2024-05-08,2024,534.331868,264.333832,268.89994,657.952656,229.601798,228.366483
2024-05-09,2024,527.294334,256.991328,269.005537,646.118103,227.308989,226.132753
2024-05-10,2024,519.881347,252.876494,269.111175,633.657063,226.26632,225.206585
2024-05-13,2024,524.565025,255.091483,269.216855,641.37949,227.250472,226.205396
2024-05-14,2024,516.718859,252.825229,269.322576,628.195611,227.888841,226.659405
2024-05-15,2024,509.818604,253.600599,269.428339,616.589964,227.02527,225.606115
2024-05-16,2024,503.283353,251.965537,269.534144,605.593297,227.479221,226.187245
2024-05-17,2024,499.708375,251.558506,269.63999,599.535863,227.243379,225.860358
2024-05-20,2024,505.978749,254.167564,269.745878,609.905539,226.53408,225.40635
2024-05-21,2024,503.685781,252.987923,269.851807,605.98709,225.932949,224.643604
2024-05-22,2024,502.656528,251.055662,269.957778,604.177134,222.808488,221.683471
2024-05-23,2024,498.729421,248.505634,270.06379,597.532021,221.175328,219.921914
2024-05-24,2024,497.268699,247.73881,270.169844,595.00208,220.425244,219.086539
2024-05-27,2024,504.979346,250.956127,270.27594,607.774696,220.762161,219.504234
2024-05-28,2024,506.939273,249.988594,270.382077,610.952095,219.492516,218.251165
2024-05-29,2024,502.233014,247.622815,270.488256,603.006807,217.589822,216.326171
2024-05-31,2024,503.981315,246.319554,270.594477,605.831033,216.509915,215.490797
2024-06-03,2024,501.893618,243.517446,270.700739,602.25479,216.392881,215.091267
2024-06-04,2024,500.899135,243.157566,270.807044,600.502557,215.985034,214.582779
2024-06-05,2024,505.500168,246.189559,270.913389,608.086509,215.284601,214.110606
2024-06-06,2024,508.243275,246.709,271.019777,612.57044,217.930286,216.834659
2024-06-07,2024,495.033607,240.899017,271.126207,590.43684,214.149723,212.71225
2024-06-10,2024,494.231994,240.041476,271.232678,589.00627,214.13731,213.11178
2024-06-11,2024,498.766005,242.993982,271.339191,596.478247,215.688901,214.292206
2024-06-12,2024,495.917019,241.435226,271.445746,591.631524,212.676155,211.49551
2024-06-13,2024,496.639924,241.421256,271.552343,592.744529,212.0236,210.987022
2024-06-14,2024,491.901763,239.366846,271.658981,584.745609,212.190285,211.059665
2024-06-17,2024,490.683935,237.534646,271.765662,582.620393,211.261104,210.187962
2024-06-18,2024,498.108497,239.427913,271.872384,594.915124,212.133541,210.878064
2024-06-19,2024,499.110206,240.15547,271.979148,596.493171,213.25246,212.040326
2024-06-20,2024,498.627541,238.706372,272.085955,595.594478,213.580511,212.6941
2024-06-21,2024,500.888958,240.451863,272.192803,599.274298,215.167567,214.328521
2024-06-24,2024,506.822388,244.758748,272.299693,609.080903,217.465695,216.253528
2024-06-25,2024,511.379836,246.264411,272.406625,616.591617,216.923081,215.926641
2024-06-26,2024,515.75751,248.885476,272.513599,623.80234,217.472788,216.362486
2024-06-27,2024,520.585484,251.998619,272.620615,631.764361,220.428791,219.377112
2024-06-28,2024,517.461622,249.292273,272.727673,626.458562,219.717719,218.614366
2024-07-01,2024,521.053719,251.022139,272.834773,632.358426,221.155822,219.8856
2024-07-02,2024,516.241069,247.314776,272.941916,624.23478,221.278176,220.339608
2024-07-03,2024,521.753289,252.034195,273.0491,633.33833,222.829767,221.810593
2024-07-04,2024,522.483815,254.937917,273.156326,634.463501,223.719937,222.682296
2024-07-05,2024,520.505585,253.649321,273.263595,631.069026,223.902582,222.827568
2024-07-08,2024,518.217352,251.600203,273.370905,627.15727,224.400864,223.263427
2024-07-09,2024,517.315909,251.798921,273.478258,625.559358,225.393882,224.353046
2024-07-10,2024,517.792023,252.061342,273.585653,626.25989,225.58894,224.280402
2024-07-11,2024,524.926117,255.493634,273.69309,638.069346,227.496953,226.22356
2024-07-12,2024,524.077403,254.524694,273.800569,636.559305,228.566221,227.367658
2024-07-15,2024,530.467342,256.515183,273.908091,647.127049,229.318078,228.312004
2024-07-16,2024,533.375428,258.487513,274.015655,651.885223,228.943923,227.676394
2024-07-17,2024,538.601763,262.016271,274.123261,660.5114,229.546827,228.493605
2024-07-18,2024,531.024734,256.377903,274.230909,647.774897,226.358529,225.224735
2024-07-19,2024,529.122747,256.383094,274.338599,644.507265,226.294692,225.18842
2024-07-22,2024,536.108985,260.946159,274.446332,656.069761,226.727364,225.660593
2024-07-23,2024,523.241216,255.305791,274.554107,634.505453,224.47534,223.281577
2024-07-24,2024,527.50101,256.26016,274.661924,641.518752,224.179208,223.118141
2024-07-25,2024,527.648553,254.179479,274.769784,641.670652,223.347555,222.30093
2024-07-26,2024,525.948791,255.282041,274.877686,638.740251,226.074809,225.152106
2024-07-29,2024,523.581622,254.625591,274.985631,634.696234,225.120802,224.207759
2024-07-30,2024,527.755144,257.351342,275.093618,641.565442,223.675606,222.845733
2024-07-31,2024,537.232623,260.636239,275.201647,657.284359,226.358529,225.261063
2024-08-01,2024,530.002194,258.895829,275.309719,645.125793,225.902804,224.716247
2024-08-02,2024,524.044838,258.666009,275.417833,635.091335,223.170231,222.246438
2024-08-05,2024,518.645799,253.737777,275.525989,625.988403,222.134654,221.138655
2024-08-06,2024,521.736069,255.32633,275.634188,631.049998,223.902582,222.900211
2024-08-07,2024,528.52998,262.651554,275.74243,642.291148,226.113821,225.261063
2024-08-08,2024,530.011128,259.526456,275.850714,644.667822,228.147735,227.549272
2024-08-09,2024,536.499571,263.502698,275.95904,655.399218,231.61266,230.872607
2024-08-12,2024,537.212168,263.41726,276.06741,656.493475,232.501056,231.816953
2024-08-13,2024,542.0848,266.853417,276.175821,664.528787,234.774359,233.869068
2024-08-14,2024,537.968888,263.848567,276.284276,657.566515,236.405746,235.503489
2024-08-15,2024,542.721194,265.666836,276.392772,665.400988,237.886408,236.974502
2024-08-16,2024,536.244766,263.655788,276.501312,654.500077,237.531758,236.611272
2024-08-19,2024,543.080186,267.465986,276.609894,665.810188,240.767934,239.680377
2024-08-20,2024,545.436502,267.305223,276.718519,669.646796,241.315867,240.515766
2024-08-21,2024,547.998187,269.129329,276.827186,673.82603,241.984382,241.060582
2024-08-22,2024,541.53775,265.523604,276.935896,662.95165,239.69512,238.935823
2024-08-23,2024,549.181424,270.068701,277.044649,675.610199,240.466482,239.680377
2024-08-26,2024,561.133556,271.462048,277.153444,695.457451,242.738012,241.914121
2024-08-27,2024,567.114162,274.350848,277.262282,705.341065,242.537635,241.550892
2024-08-28,2024,565.194957,272.620464,277.371163,702.043665,243.544839,242.658674
2024-08-29,2024,560.711865,270.24168,277.480087,694.468335,241.234298,240.025428
2024-08-30,2024,560.078677,270.514899,277.589053,693.316604,241.168688,240.806338
2024-09-02,2024,559.354886,269.249988,277.698062,692.013662,239.354656,238.082284
2024-09-03,2024,555.185247,268.452175,277.807115,684.961223,238.241057,237.228746
2024-09-04,2024,561.245112,271.776667,277.916209,694.976858,241.358425,240.406808
2024-09-05,2024,568.045061,276.483632,278.025347,706.227299,242.051765,241.332976
2024-09-06,2024,564.180319,275.223813,278.134528,699.683475,238.629398,237.828041
2024-09-09,2024,559.203959,275.48869,278.243751,691.284857,238.921984,237.973299
2024-09-10,2024,556.531658,273.380812,278.353017,686.730566,238.18254,237.228746
2024-09-11,2024,561.581115,275.252059,278.462327,695.06013,238.815589,238.28205
2024-09-12,2024,560.920622,275.215687,278.571679,693.862501,237.666525,236.647601
2024-09-13,2024,571.649762,280.635541,278.681074,711.668643,239.179105,238.28205
2024-09-16,2024,584.282837,286.096804,278.790512,732.651498,239.597591,238.590772
2024-09-17,2024,583.601299,286.24624,278.899993,731.418645,239.317418,238.499965
2024-09-18,2024,570.321332,280.032524,279.009517,709.165045,237.168243,236.175442
2024-09-19,2024,571.685811,279.44125,279.12159,711.343741,236.059963,234.940523
2024-09-20,2024,565.721245,274.818426,279.233707,701.293756,232.410621,231.780625
2024-09-23,2024,565.97624,273.58548,279.34587,701.621179,231.529317,230.636527
2024-09-24,2024,571.335409,276.797386,279.458077,710.464969,234.345233,233.687454
2024-09-25,2024,573.770914,274.969358,279.57033,714.430535,233.334483,232.307277
2024-09-26,2024,577.286908,277.785718,279.682628,720.198875,235.859586,234.867894
2024-09-27,2024,569.602387,274.483358,279.794971,707.278915,235.363077,234.341228
2024-09-30,2024,572.331041,275.818722,279.907359,711.733487,233.742329,233.233445
2024-10-01,2024,583.759765,279.699258,280.019792,730.704242,234.946364,234.014355
2024-10-02,2024,597.102065,285.316767,280.13227,752.867795,236.755076,235.81224
2024-10-03,2024,590.60196,280.507922,280.244794,741.923895,233.486982,232.507042
2024-10-04,2024,587.321963,279.060523,280.357363,736.352767,233.699771,232.815764
2024-10-07,2024,586.039944,277.418446,280.469977,734.11526,234.100525,233.269773
2024-10-08,2024,582.696958,276.884944,280.582636,728.438953,233.203262,232.325441
2024-10-09,2024,574.147974,271.910063,280.69534,714.076305,230.454729,229.456101
2024-10-10,2024,581.22212,274.677053,280.80809,725.781092,231.148069,230.273326
2024-10-11,2024,582.124262,274.947323,280.920885,727.187739,230.507927,229.674031
2024-10-14,2024,588.389497,278.502816,281.033725,737.542764,232.304226,231.544545
2024-10-15,2024,589.329049,278.529906,281.146611,739.011752,232.371609,231.362944
2024-10-16,2024,588.802658,279.141544,281.259542,738.034747,233.625295,232.579699
2024-10-17,2024,590.146484,280.07194,281.372518,740.178193,231.928298,231.199494
2024-10-18,2024,585.338463,277.455109,281.48554,732.057133,231.406963,230.636527
2024-10-21,2024,585.752514,278.416868,281.598607,732.649153,231.164028,230.182518
2024-10-22,2024,582.159463,275.700425,281.711719,726.555213,230.027377,229.728509
2024-10-23,2024,577.674823,274.027667,281.824877,718.9736,229.162032,228.47544
2024-10-24,2024,581.062096,275.435863,281.938081,724.526375,230.64092,229.91011
2024-10-25,2024,582.170289,275.074712,282.05133,726.276425,230.332375,229.456101
2024-10-28,2024,580.408633,275.152083,282.164624,723.238041,232.673061,232.161991
2024-10-29,2024,580.137397,274.449235,282.277964,722.686411,231.816583,231.090536
2024-10-30,2024,584.950329,276.912534,282.391349,730.617765,231.655218,231.054222
2024-10-31,2024,590.198843,279.60659,282.50478,739.275856,230.013191,229.292665
2024-11-01,2024,583.598485,275.156408,282.618257,728.163851,227.190182,226.278039
2024-11-04,2024,589.326458,278.578543,282.731779,737.621849,231.435335,230.908935
2024-11-05,2024,585.282614,276.939762,282.845347,730.775353,231.694229,230.908935
2024-11-06,2024,578.28017,274.336007,282.95896,718.992341,231.12679,229.365308
2024-11-07,2024,577.236757,271.145203,283.077681,717.147614,229.95822,228.929449
2024-11-08,2024,572.150255,267.629068,283.196452,708.556878,226.674167,226.096438
2024-11-11,2024,573.423523,268.309798,283.315273,710.577489,226.75219,225.82403
2024-11-12,2024,571.648974,266.742422,283.434143,707.512719,226.440098,225.551622
2024-11-13,2024,564.574784,262.868651,283.553064,695.605357,226.503935,225.787715
2024-11-14,2024,565.33,260.849411,283.672034,696.761457,226.606783,225.678744
2024-11-18,2024,568.206501,258.890156,283.791054,701.456917,226.564225,225.933002
2024-11-19,2024,567.081599,258.785376,283.910125,699.47592,227.324948,226.786527
2024-11-21,2024,565.740745,257.576131,284.029245,697.134559,225.064058,224.462003
2024-11-22,2024,576.840391,260.877505,284.148415,715.550353,228.972295,228.856806
2024-11-25,2024,581.586525,264.317808,284.267635,723.365154,228.812703,228.221196
2024-11-26,2024,584.609928,268.04409,284.386905,728.305505,230.3838,230.000918
2024-11-27,2024,577.556664,265.643808,284.506225,716.432709,226.388674,225.370021
2024-11-28,2024,560.544376,256.377243,284.625596,687.943059,220.964311,220.28513
2024-11-29,2024,566.565694,262.395231,284.745016,697.885352,222.840407,222.13748
2024-12-02,2024,561.121243,259.709717,284.864487,688.69676,222.074364,221.33842
2024-12-03,2024,559.366216,258.491335,284.984007,685.663993,223.675606,222.791254
2024-12-04,2024,559.53193,257.110848,285.103578,685.835975,223.583397,222.918376
2024-12-05,2024,561.531359,260.163112,285.223199,689.067499,226.723818,226.114602
2024-12-06,2024,554.325276,254.485583,285.34287,676.939417,223.333369,222.391724
2024-12-09,2024,563.442435,255.058027,285.462591,692.046914,225.574754,224.752576
2024-12-10,2024,568.830557,258.989632,285.582363,700.932401,227.379919,226.604926
2024-12-11,2024,573.237475,260.084279,285.702185,708.180688,229.800401,229.928274
2024-12-12,2024,559.338376,251.556943,285.832216,684.876131,223.503601,222.863897
2024-12-13,2024,552.95384,247.770806,285.962307,674.109707,220.967858,220.884411
2024-12-16,2024,549.246073,245.172634,286.092457,667.809468,219.102402,218.323808
2024-12-17,2024,553.98816,247.509024,286.222666,675.607911,221.120357,220.829932
2024-12-18,2024,534.435306,238.416673,286.352935,642.869755,214.158589,214.655408
2024-12-19,2024,535.088398,238.246418,286.483263,643.845532,214.89626,214.255892
2024-12-20,2024,535.140423,242.376365,286.61365,643.818366,216.517008,216.199049
2024-12-23,2024,530.25062,239.082409,286.744096,635.54562,214.149723,213.74739
2024-12-26,2024,528.182857,236.798183,287.005167,631.867321,214.701203,214.219563
2024-12-27,2024,523.574627,235.612341,287.135792,624.064228,213.266646,212.948344
2024-12-30,2024,527.690928,237.462758,287.266476,630.818121,213.291471,212.966494
2025-01-03,2025,515.886853,229.902171,287.39722,614.73806,210.464749,209.965682
2025-01-06,2025,527.135936,235.99298,287.528023,632.572319,213.108586,212.911936
2025-01-07,2025,527.826717,237.271051,287.658885,633.577572,215.134522,214.876105
2025-01-08,2025,527.120444,236.307982,287.789808,632.356006,212.403681,212.184464
2025-01-09,2025,526.266366,236.020692,287.920789,630.898809,212.680672,212.457268
2025-01-10,2025,522.731668,234.173334,288.051831,625.168906,211.038261,210.893209
2025-01-13,2025,525.660302,235.61879,288.182932,629.740916,211.306373,211.002325
2025-01-14,2025,525.099107,235.22677,288.314092,628.750416,211.824842,211.802545
2025-01-15,2025,524.618395,236.440431,288.445313,627.888154,217.774809,217.458616
2025-01-16,2025,523.482067,235.47745,288.576593,625.980858,215.260589,215.203467
2025-01-17,2025,525.749099,236.370798,288.707933,629.49816,217.242135,216.876642
2025-01-20,2025,523.57219,235.302649,288.839332,625.932187,217.584822,217.895094
2025-01-21,2025,523.928506,236.9161,288.970792,626.403896,218.996407,218.786253
2025-01-22,2025,517.370434,234.932532,289.102311,615.854663,218.346545,218.095149
2025-01-23,2025,520.918052,236.298753,289.23389,621.412927,217.478287,217.003948
2025-01-24,2025,529.31485,239.956656,289.365529,634.700295,217.414366,217.240371
2025-01-27,2025,529.849355,242.101023,289.497228,635.455846,221.70239,221.641567
2025-01-28,2025,528.977084,241.162299,289.628987,633.969081,220.271273,220.113876
2025-01-29,2025,527.576459,240.492083,289.760806,631.640125,219.163312,218.549817
2025-01-30,2025,530.755346,243.539301,289.902896,636.602972,225.344104,225.424395
2025-01-31,2025,531.184507,243.651921,290.045056,637.182958,223.962703,223.696662
2025-02-03,2025,548.500654,251.565966,290.187285,664.679195,223.669732,223.041939
2025-02-04,2025,547.188594,250.535373,290.329584,662.483732,222.208431,221.714316
2025-02-05,2025,557.267646,254.373799,290.471953,678.444604,222.89558,222.550903
2025-02-06,2025,565.707958,255.835085,290.614392,691.793423,224.122505,223.987656
2025-02-07,2025,565.910269,255.160942,290.7569,692.011575,221.270925,220.932286
2025-02-10,2025,564.50893,255.833467,290.899479,689.673605,222.963052,222.878265
2025-02-11,2025,560.409871,255.021602,291.042127,683.035666,224.649852,224.515059
2025-02-12,2025,564.049273,254.584585,291.184846,688.732072,220.846561,220.513986
2025-02-13,2025,562.370444,253.50311,291.327634,685.951655,221.681083,221.296015
2025-02-14,2025,560.988455,253.174091,291.470492,683.644322,227.66301,227.097584
2025-02-17,2025,554.402481,251.654363,291.613421,673.042265,228.817137,227.788674
2025-02-18,2025,549.936294,249.336319,291.756419,665.818902,228.218767,227.879613
2025-02-19,2025,547.451219,248.130497,291.899488,661.753198,226.047233,225.533525
2025-02-20,2025,546.709827,247.451961,292.042626,660.466712,226.565702,226.370112
2025-02-21,2025,550.753396,248.567569,292.185835,666.806964,225.725853,225.406218
2025-02-24,2025,548.142981,246.357352,292.329115,662.541325,222.659428,222.769135
2025-02-25,2025,544.794204,245.743427,292.472464,657.098753,223.687488,223.387491
2025-02-26,2025,543.791495,245.117764,292.615884,655.395548,221.537262,221.550628
2025-02-27,2025,543.437092,244.741047,292.759374,654.72563,221.590529,221.423322
2025-02-28,2025,540.478134,242.943069,292.902934,649.904241,218.03937,218.258836
2025-03-05,2025,538.721027,243.845877,293.046565,646.998438,218.479714,218.331585
2025-03-06,2025,536.172508,241.70143,293.190266,642.831148,219.031919,218.968117
2025-03-07,2025,540.707397,243.485649,293.334038,649.954107,222.009566,221.787051
2025-03-10,2025,541.199859,242.30462,293.47788,650.633756,221.093367,220.604925
2025-03-11,2025,541.683322,242.309919,293.621793,651.29901,219.29648,219.240921
2025-03-12,2025,542.130513,243.341754,293.765776,651.9064,219.930362,219.586459
2025-03-13,2025,541.611414,243.63268,293.90983,650.973559,223.078464,222.805516
2025-03-14,2025,536.938283,241.953294,294.053955,643.419522,228.973388,228.69801
2025-03-17,2025,539.787353,244.693619,294.19815,647.85513,232.30615,232.353545
2025-03-18,2025,541.840908,246.31235,294.342416,651.022708,233.444297,233.262867
2025-03-19,2025,544.423793,248.798835,294.486753,655.033938,235.27847,235.699908
2025-03-20,2025,542.668086,247.705393,294.641449,652.122269,234.296575,234.335904
2025-03-21,2025,537.215736,245.95335,294.796227,643.318428,234.989051,234.572313
2025-03-24,2025,533.433932,243.808495,294.951087,637.177228,233.170858,233.135574
2025-03-25,2025,531.775532,243.87434,295.106028,634.420477,234.497215,234.681429
2025-03-26,2025,529.791274,243.035656,295.26105,631.144279,235.299777,235.045185
2025-03-27,2025,529.419875,242.678359,295.416153,630.438771,236.416617,236.027256
2025-03-28,2025,537.5493,245.535534,295.571338,643.282735,234.202469,234.04491
2025-03-31,2025,537.024595,245.554886,295.726605,642.332753,231.286968,231.516957
2025-04-01,2025,535.287303,244.690837,295.881953,639.449957,232.861907,232.862757
2025-04-02,2025,528.365932,241.854749,296.037383,628.304157,232.938257,234.426816
2025-04-03,2025,529.344495,242.270422,296.192894,629.750065,232.851253,232.9719
2025-04-04,2025,527.570664,240.546348,296.348487,626.808851,225.953127,225.751756
2025-04-07,2025,527.37315,238.398286,296.504162,626.380081,222.991461,223.205627
2025-04-08,2025,519.81731,235.841091,296.659919,614.222757,220.051102,220.132066
2025-04-09,2025,516.175443,236.438017,296.815757,608.303886,226.91194,226.515609
2025-04-10,2025,522.53087,237.789465,296.971678,618.319722,224.35333,224.442324
2025-04-11,2025,522.567935,238.378477,297.12768,618.26461,226.709524,226.82478
2025-04-14,2025,533.255622,242.397543,297.283764,635.18555,229.855851,229.89834
2025-04-15,2025,523.55582,240.525394,297.43993,619.610647,229.484755,229.516407
2025-04-16,2025,522.764757,239.864782,297.596178,618.235396,227.837017,227.843232
2025-04-17,2025,524.446214,240.919602,297.752508,620.801053,230.203864,230.116572
2025-04-22,2025,523.747339,241.149507,297.908921,619.57262,231.649186,231.571515
2025-04-23,2025,524.428206,242.147361,298.065415,620.543309,234.760001,234.754191
2025-04-24,2025,537.126826,248.240706,298.221992,640.66913,238.957471,238.937142
2025-04-25,2025,540.897284,250.904619,298.378651,646.564223,239.239788,239.137198
2025-04-28,2025,534.214936,247.363231,298.535392,635.798444,239.731623,239.428164
2025-04-29,2025,531.304204,247.135298,298.692216,631.044213,239.868343,239.810097
2025-04-30,2025,541.586178,252.9105,298.849122,647.317883,239.822178,239.391811
2025-05-02,2025,542.952844,252.000419,299.00611,649.381311,239.941142,239.791921
2025-05-05,2025,540.374583,250.228727,299.163181,645.156827,237.023865,237.045708
2025-05-06,2025,537.893831,249.132788,299.320335,641.087704,237.068254,237.11847
2025-05-07,2025,541.663378,251.006611,299.477571,646.980922,236.858736,236.8093
2025-05-08,2025,544.046674,252.469237,299.640085,650.66072,241.890728,241.956117
2025-05-09,2025,536.644933,253.092415,299.802688,638.744004,242.38789,242.319874
2025-05-12,2025,531.085893,249.774171,299.965379,629.764319,242.478445,242.592663
2025-05-13,2025,532.411273,250.344074,300.128158,631.757701,246.739835,246.630117
2025-05-14,2025,535.658093,253.699228,300.291026,636.813619,245.781022,246.08451
2025-05-15,2025,545.102077,257.61701,300.453981,651.74718,247.398575,247.466719
2025-05-16,2025,547.972926,259.512221,300.617026,656.203705,247.137565,247.539454
2025-05-19,2025,552.671711,260.13234,300.780159,663.573728,247.9348,248.103237
2025-05-20,2025,556.142455,262.840903,300.94338,668.986299,248.776425,248.867076
2025-05-21,2025,550.355852,258.620222,301.10669,659.643447,244.818658,244.775064
2025-05-22,2025,548.358098,258.402782,301.270089,656.339607,243.739106,243.792994
2025-05-23,2025,548.784125,260.918937,301.433576,656.898986,244.71745,244.556832
2025-05-26,2025,550.371379,262.33296,301.597152,659.309189,245.271431,245.538903
2025-05-27,2025,553.722739,265.776447,301.760816,664.531149,247.76612,248.176
2025-05-28,2025,551.478345,265.888224,301.92457,660.833928,246.606667,246.811996
2025-05-29,2025,554.64625,270.551362,302.088412,665.763349,245.978111,246.175449
2025-05-30,2025,552.315651,267.988976,302.252344,661.928594,243.302313,243.683878
2025-06-02,2025,548.999008,265.534158,302.416364,656.522111,242.876174,242.974597
2025-06-03,2025,547.064145,264.99798,302.580473,653.317992,244.223839,244.429512
2025-06-04,2025,546.704559,263.453613,302.744671,652.624656,243.257924,243.356502
2025-06-05,2025,543.403244,261.202869,302.908959,647.242408,241.89783,242.33805
2025-06-06,2025,541.779557,260.461189,303.073335,644.53408,241.659902,241.992498
2025-06-09,2025,541.83229,259.9686,303.237801,644.497747,240.944344,241.392333
2025-06-10,2025,542.391293,260.281981,303.402356,645.268296,242.252946,242.519929
2025-06-11,2025,540.491392,259.50531,303.567001,642.119511,243.481647,243.647496
2025-06-12,2025,549.148267,263.402529,303.731734,655.797193,244.674836,244.902385
2025-06-13,2025,549.373749,263.346981,303.896557,656.035944,243.632571,243.683878
2025-06-16,2025,550.312693,264.250983,304.06147,657.411822,247.26008,247.466719
2025-06-17,2025,550.380385,264.988506,304.226472,657.398939,246.521439,246.211831
2025-06-18,2025,551.149997,264.989136,304.391563,658.504786,246.303043,246.284565
2025-06-20,2025,549.617665,264.711848,304.559377,655.939554,243.46034,243.520176
2025-06-23,2025,549.317776,264.080381,304.727284,655.338655,242.457138,242.73816
2025-06-24,2025,548.552473,264.153918,304.895283,653.995859,243.547343,243.829375
2025-06-25,2025,546.097347,262.259401,305.063375,649.959575,241.065083,241.064985
2025-06-26,2025,550.002658,265.384013,305.23156,656.061176,243.456789,243.62932
2025-06-27,2025,545.610579,264.097761,305.399837,648.93743,243.016445,243.320121
2025-06-30,2025,549.825788,266.822073,305.568207,655.532841,246.548072,247.066609
2025-07-01,2025,555.065833,269.269581,305.73667,663.761681,247.780325,248.285116
2025-07-02,2025,552.408153,268.087148,305.905225,659.402205,246.896086,247.175725
2025-07-03,2025,559.58347,272.459548,306.073874,670.715553,250.228848,250.831245
2025-07-04,2025,554.64573,270.67876,306.242615,662.721734,251.205417,251.213179
2025-07-07,2025,564.021891,273.34357,306.41145,677.542889,247.675565,248.157795
2025-07-08,2025,562.960729,271.823978,306.580378,675.727844,247.343532,247.612188
2025-07-09,2025,558.195839,268.016871,306.749399,668.009327,244.108426,243.902109
2025-07-10,2025,548.529824,264.505847,306.918513,652.4788,242.798049,242.992773
2025-07-11,2025,548.846529,264.180111,307.08772,652.859743,241.810827,242.792718
2025-07-14,2025,546.328456,262.932583,307.25702,648.722242,240.234112,240.228384
2025-07-15,2025,545.894872,262.690992,307.426414,647.907157,240.147109,240.73761
2025-07-16,2025,546.762148,260.850104,307.595902,649.165453,240.610535,240.792168
2025-07-17,2025,544.655279,260.169806,307.765482,645.683169,240.706416,240.919488
2025-07-18,2025,548.945054,262.23471,307.935156,652.396479,236.830327,236.972973
2025-07-21,2025,572.338184,272.977143,308.104924,689.55871,238.224156,238.609767
2025-07-22,2025,564.709155,268.879938,308.274785,677.274404,237.991556,238.518828
2025-07-23,2025,564.85663,269.591244,308.44474,677.385064,240.356627,240.773991
2025-07-24,2025,553.668551,265.06634,308.614789,659.427822,237.586723,237.845928
2025-07-25,2025,556.814462,266.314938,308.784932,664.317575,237.082459,237.245763
2025-07-28,2025,554.622313,264.613133,308.955168,660.698881,234.605526,235.063362
2025-07-29,2025,548.348948,263.605323,309.125498,650.575036,235.665547,235.51803
2025-07-30,2025,544.347051,262.402744,309.295922,644.071635,237.909879,238.118718
2025-07-31,2025,544.734065,262.062767,309.46644,644.563683,236.278121,236.209134
2025-08-01,2025,551.743068,263.931991,309.637052,655.610505,235.152404,235.645351
2025-08-04,2025,550.986024,264.210382,309.807758,654.278894,236.100563,236.427366
2025-08-05,2025,557.10856,266.416847,309.978558,663.912632,236.420168,236.71836
2025-08-06,2025,564.178702,269.150816,310.149452,675.056698,238.882896,239.137198
2025-08-07,2025,554.481087,265.486479,310.320441,659.474431,242.416299,242.8291
2025-08-08,2025,560.191246,267.876223,310.491523,668.45067,241.324318,241.719709
2025-08-11,2025,560.799709,268.077427,310.6627,669.295207,240.8094,240.974046
2025-08-12,2025,565.985103,272.243111,310.833972,677.434881,244.877252,245.702605
2025-08-13,2025,565.834731,272.179263,311.005338,677.069766,242.698616,243.083713
2025-08-14,2025,568.508388,270.637913,311.176798,681.205824,242.1109,242.538105
2025-08-15,2025,567.257372,269.008406,311.348353,679.086246,242.084266,242.901834
2025-08-18,2025,565.982349,269.427726,311.520002,676.928332,243.826109,244.302219
2025-08-19,2025,563.294046,266.62048,311.691747,672.517712,238.694685,238.555209
2025-08-20,2025,571.182001,270.853485,311.863585,684.964605,239.111946,239.700981
2025-08-21,2025,588.619656,272.516633,312.035519,712.632772,238.834956,239.391811
2025-08-22,2025,589.35958,274.602391,312.207547,713.686223,244.973134,245.793516
2025-08-25,2025,584.100927,273.853251,312.37967,705.178422,245.074342,245.720781
2025-08-26,2025,591.167604,275.470012,312.551888,716.315996,244.623344,245.411611
2025-08-27,2025,592.287591,276.439333,312.724201,717.975023,247.171301,247.703127
2025-08-28,2025,604.349922,281.284754,312.896609,737.075071,250.443694,251.540526
2025-08-29,2025,602.195276,279.481897,313.069112,733.514494,251.105985,251.886079
2025-09-01,2025,591.739436,275.728291,313.24171,716.722509,250.578638,251.504145
2025-09-02,2025,589.780993,274.365145,313.414404,713.474522,249.17593,249.83097
2025-09-03,2025,590.611088,274.014033,313.587192,714.671141,248.339632,248.921634
2025-09-04,2025,595.02718,276.950719,313.760076,721.583438,250.344261,250.994919
2025-09-05,2025,600.165043,278.298973,313.933055,729.646103,253.26864,253.97754
2025-09-08,2025,600.043579,276.984934,314.106129,729.325815,251.762949,252.431686
2025-09-09,2025,600.260554,277.032317,314.279299,729.544896,251.453998,252.067957
2025-09-10,2025,610.119457,280.192775,314.452565,745.132254,252.751947,253.086409
2025-09-11,2025,606.152958,278.494856,314.625925,738.683122,254.175961,254.541352
2025-09-12,2025,600.937726,276.468087,314.799382,730.243556,252.615227,253.177348
2025-09-15,2025,595.796703,275.320975,314.972934,721.922201,254.879091,255.432484
2025-09-16,2025,595.729091,275.426828,315.146582,721.687329,255.793514,256.632814
2025-09-17,2025,598.559119,277.095964,315.320325,726.070956,258.513702,259.342645
2025-09-18,2025,600.437293,277.371938,315.494164,728.937347,258.346797,259.215325
2025-09-19,2025,602.669451,278.175132,315.668099,732.367885,258.994884,259.688169
2025-09-22,2025,602.502317,277.493061,315.84213,731.974102,257.652546,258.233254
2025-09-23,2025,612.947755,281.029285,316.016257,748.495713,259.989208,260.670268
2025-09-24,2025,610.305396,279.949577,316.19048,744.156507,260.108172,260.833942
2025-09-25,2025,606.411582,276.550555,316.364799,737.822529,258.002335,258.760657
2025-09-26,2025,611.653031,277.326919,316.539214,746.049249,258.252692,259.051651
2025-09-29,2025,611.972466,278.494562,316.713726,746.43066,259.832957,260.8885
2025-09-30,2025,616.370148,280.555901,316.888333,753.312352,259.655399,260.506594
2025-10-01,2025,608.014639,275.801099,317.063037,739.86656,258.376982,259.197148
2025-10-02,2025,607.02993,275.096725,317.237837,738.169074,255.594649,256.414582
2025-10-03,2025,606.907942,274.124047,317.412733,737.846617,256.04032,256.832869
2025-10-06,2025,606.977666,272.936387,317.587726,737.82966,254.987401,255.832594
2025-10-07,2025,599.848446,269.213425,317.762815,726.338176,250.988796,251.795139
2025-10-08,2025,599.96169,268.743444,317.938001,726.390445,252.389729,253.159143
2025-10-09,2025,595.677933,267.944285,318.113283,719.434228,251.6138,252.340747
2025-10-10,2025,591.778981,267.148042,318.288663,713.091282,249.788505,250.63119
2025-10-13,2025,597.094204,269.124633,318.464138,721.434815,251.746969,252.340747
2025-10-14,2025,597.65661,269.901438,318.639711,722.202724,251.569411,252.32257
2025-10-15,2025,596.575156,269.096427,318.81538,720.350399,253.20472,253.686574
2025-10-16,2025,591.184707,267.057953,318.991146,711.629863,252.487385,253.086409
2025-10-17,2025,593.95798,267.884765,319.167009,715.921477,254.616305,255.341544
2025-10-20,2025,596.323171,269.279922,319.342969,719.562575,256.587198,256.923808
2025-10-21,2025,592.82035,267.186539,319.519026,713.85053,255.834353,257.251156
2025-10-22,2025,584.45405,263.819239,319.69518,700.386477,257.233509,258.033199
2025-10-23,2025,588.629875,265.821527,319.871431,706.913346,258.7392,259.488114
2025-10-24,2025,587.194712,264.947173,320.04778,704.496745,259.539987,
2025-10-27,2025,593.254321,267.793709,320.224225,714.02605,260.955123,261.888775
2025-10-28,2025,596.492762,269.442441,320.400768,719.058602,261.77189,262.470763
2025-10-29,2025,597.334479,269.791294,320.577408,720.270925,263.909687,264.253054
2025-10-30,2025,600.16651,270.929311,320.754146,724.655554,264.170698,264.980512
2025-10-31,2025,597.605514,270.634382,320.930981,720.444122,265.520138,266.271781
2025-11-03,2025,605.523937,273.159158,321.107913,732.93585,267.143018,268.017691
2025-11-04,2025,605.705576,273.721568,321.284943,733.095784,267.586912,268.308685
2025-11-05,2025,613.590998,276.91005,321.462071,745.534767,272.185663,273.491911
2025-11-06,2025,611.087937,276.227095,321.639296,741.415394,272.265564,272.982685
2025-11-07,2025,613.317778,276.462347,321.816619,744.839758,273.552859,274.25575
2025-11-10,2025,615.776376,278.399563,321.99404,748.62867,275.671125,276.892819
2025-11-11,2025,636.39701,281.938726,322.171558,781.366126,280.095869,281.530439
2025-11-12,2025,634.627213,280.700159,322.349174,778.41522,279.889902,280.875715
2025-11-13,2025,632.947386,280.747261,322.526889,775.607647,279.053604,280.257374
2025-11-14,2025,620.174631,274.725193,322.704701,755.118896,280.078113,280.693837
2025-11-17,2025,620.341339,275.000944,322.882611,755.254387,278.753531,279.693562
2025-11-18,2025,623.182459,274.666503,323.06062,759.652573,277.917233,279.220717
2025-11-19,2025,619.663457,272.400336,323.238726,753.913237,275.891297,276.438151
2025-11-21,2025,610.124366,269.960747,323.416931,738.578361,274.806418,276.347212
2025-11-24,2025,615.346195,272.942346,323.595234,746.770962,275.708412,277.074698
2025-11-25,2025,615.241935,273.216828,323.773635,746.474196,276.830579,278.202265
2025-11-26,2025,625.77999,277.511516,323.952135,763.140228,281.526986,283.239995
2025-11-27,2025,627.50914,278.087346,324.130733,765.765605,281.060009,282.476156
2025-11-28,2025,628.156289,278.025891,324.30943,766.666299,282.44496,283.44005
2025-12-01,2025,622.965182,276.272216,324.488225,758.261277,281.626418,282.803503
2025-12-02,2025,623.747623,277.187966,324.667118,759.377471,286.031631,287.295626
2025-12-03,2025,626.132453,278.46862,324.84611,763.047652,287.20884,288.077641
2025-12-04,2025,629.17496,280.496464,325.025201,767.766039,292.00468,293.333602
2025-12-05,2025,623.634471,276.049388,325.204391,758.803845,279.421149,280.402843
2025-12-08,2025,626.770302,278.163501,325.383679,763.670836,280.873573,282.348835
2025-12-09,2025,626.232112,278.46035,325.563067,762.681704,280.507803,281.075771
2025-12-10,2025,625.604921,277.619628,325.742553,761.550639,282.450287,283.712839
2025-12-11,2025,621.628922,276.568886,325.922138,755.081809,282.652703,284.058392
2025-12-12,2025,632.245404,280.695419,326.101822,771.87198,285.452792,286.440847
2025-12-15,2025,633.150903,281.466471,326.281605,773.183665,288.499686,289.841755
2025-12-16,2025,629.944797,279.247212,326.461488,767.941757,281.567824,282.185162
2025-12-17,2025,641.717727,281.198011,326.641469,786.574984,279.346574,280.712042
2025-12-18,2025,638.965587,280.33948,326.82155,782.05651,280.40482,281.639554
2025-12-19,2025,643.50815,280.262016,327.00173,789.165049,281.381388,282.439775
2025-12-22,2025,642.789993,279.843365,327.182009,787.888414,280.793672,282.021488
2025-12-23,2025,646.329514,282.8026,327.362388,793.398052,284.902362,286.313527
2025-12-26,2025,708.388041,301.188517,327.723444,892.049353,285.685393,287.022836
2025-12-29,2025,680.396021,293.002956,327.904121,847.300395,284.962732,286.277174
2025-12-30,2025,680.297458,294.515902,328.084898,847.010971,286.090225,287.350184
