decision_date,ticker,ticker_raw,asset_class,issuer_name,specification,isin,observed_at,close_price_brl,average_daily_value_brl,trading_days,trade_count,quantity,source,universe_year
2021-01-04,TSLA34.SA,TSLA34,bdr,TESLA INC,DRN,BRTSLABDR008,2021-01-04,120.46,31400027.042999998,60,6089,522481,B3 COTAHIST official annual file; last trading session 2021-01-04; 60-session average traded value,2021
2021-01-04,MELI34.SA,MELI34,bdr,MERCADOLIBRE,DRN,BRMELIBDR006,2021-01-04,72.5,20841324.916,60,4554,473415,B3 COTAHIST official annual file; last trading session 2021-01-04; 60-session average traded value,2021
2021-01-04,AAPL34.SA,AAPL34,bdr,APPLE,DRN,BRAAPLBDR004,2021-01-04,68.54,13272897.269333333,60,2431,283897,B3 COTAHIST official annual file; last trading session 2021-01-04; 60-session average traded value,2021
2021-01-04,AMZO34.SA,AMZO34,bdr,AMAZON,DRN,BRAMZOBDR002,2021-01-04,107.41,12006714.704499999,60,2285,151994,B3 COTAHIST official annual file; last trading session 2021-01-04; 60-session average traded value,2021
2021-01-04,BABA34.SA,BABA34,bdr,ALIBABAGR,DRN,BRBABABDR005,2021-01-04,43.28,11091595.762833333,60,4943,777183,B3 COTAHIST official annual file; last trading session 2021-01-04; 60-session average traded value,2021
2021-01-04,AURA33.SA,AURA33,bdr,AURA 360,DR3,BRAURABDR001,2021-01-04,63.0,9908938.948333332,36,6930,177888,B3 COTAHIST official annual file; last trading session 2021-01-04; 60-session average traded value,2021
2021-01-04,FBOK34.SA,FBOK34,bdr,FACEBOOK,DRN,BRFBOKBDR006,2021-01-04,50.81,9032781.279333333,60,2195,132315,B3 COTAHIST official annual file; last trading session 2021-01-04; 60-session average traded value,2021
2021-01-04,MSFT34.SA,MSFT34,bdr,MICROSOFT,DRN,BRMSFTBDR005,2021-01-04,48.1,8007899.731666666,60,1591,183434,B3 COTAHIST official annual file; last trading session 2021-01-04; 60-session average traded value,2021
2021-01-04,GOGL34.SA,GOGL34,bdr,ALPHABET,DRN A,BRGOGLBDR001,2021-01-04,61.15,7873664.1625,60,1782,92065,B3 COTAHIST official annual file; last trading session 2021-01-04; 60-session average traded value,2021
2021-01-04,PFIZ34.SA,PFIZ34,bdr,PFIZER,DRN,BRPFIZBDR006,2021-01-04,49.0,5202976.525833334,60,1155,147620,B3 COTAHIST official annual file; last trading session 2021-01-04; 60-session average traded value,2021
2021-01-04,DISB34.SA,DISB34,bdr,WALT DISNEY,DRN,BRDISBBDR006,2021-01-04,919.0,5090775.047166666,60,660,5971,B3 COTAHIST official annual file; last trading session 2021-01-04; 60-session average traded value,2021
2021-01-04,BERK34.SA,BERK34,bdr,BERKSHIRE,DRN,BRBERKBDR002,2021-01-04,1210.4,3934360.4560000002,60,400,2453,B3 COTAHIST official annual file; last trading session 2021-01-04; 60-session average traded value,2021
2021-01-04,BEGU39.SA,BEGU39,bdr,TRUSTMSCI US,DRN,BRBEGUBDR004,2021-01-04,44.77,3744496.8215789474,19,250,252657,B3 COTAHIST official annual file; last trading session 2021-01-04; 60-session average traded value,2021
2021-01-04,MSCD34.SA,MSCD34,bdr,MASTERCARD,DRN,BRMSCDBDR006,2021-01-04,1856.0,3534938.2315254235,59,108,629,B3 COTAHIST official annual file; last trading session 2021-01-04; 60-session average traded value,2021
2021-01-04,NVDC34.SA,NVDC34,bdr,NVIDIA CORP,DRN,BRNVDCBDR008,2021-01-04,57.8,3465352.682666667,60,393,59387,B3 COTAHIST official annual file; last trading session 2021-01-04; 60-session average traded value,2021
2021-01-04,A1LB34.SA,A1LB34,bdr,ALBEMARLE CO,DRN,BRA1LBBDR008,2021-01-04,805.86,3115488.0445,40,16,1376,B3 COTAHIST official annual file; last trading session 2021-01-04; 60-session average traded value,2021
2021-01-04,M1RN34.SA,M1RN34,bdr,MODERNA INC,DRN,BRM1RNBDR006,2021-01-04,57.8,2955091.9596226416,53,534,294595,B3 COTAHIST official annual file; last trading session 2021-01-04; 60-session average traded value,2021
2021-01-04,VISA34.SA,VISA34,bdr,VISA INC,DRN,BRVISABDR000,2021-01-04,1147.9,2715647.6126666665,60,103,2532,B3 COTAHIST official annual file; last trading session 2021-01-04; 60-session average traded value,2021
2021-01-04,JNJB34.SA,JNJB34,bdr,JOHNSON,DRN,BRJNJBBDR002,2021-01-04,829.25,2589272.8646666664,60,308,4630,B3 COTAHIST official annual file; last trading session 2021-01-04; 60-session average traded value,2021
2021-01-04,SSFO34.SA,SSFO34,bdr,SALESFORCE,DRN,BRSSFOBDR003,2021-01-04,52.36,2474787.0725,60,186,30975,B3 COTAHIST official annual file; last trading session 2021-01-04; 60-session average traded value,2021
2021-01-04,N1EM34.SA,N1EM34,bdr,NEWMONT GOLD,DRN,BRN1EMBDR005,2021-01-04,334.6,2470511.315833333,60,79,661,B3 COTAHIST official annual file; last trading session 2021-01-04; 60-session average traded value,2021
2021-01-04,NFLX34.SA,NFLX34,bdr,NETFLIX,DRN,BRNFLXBDR000,2021-01-04,55.3,2415018.7563333334,60,477,20426,B3 COTAHIST official annual file; last trading session 2021-01-04; 60-session average traded value,2021
2021-01-04,HOME34.SA,HOME34,bdr,HOME DEPOT,DRN,BRHOMEBDR002,2021-01-04,49.82,2370744.9483333332,60,174,13583,B3 COTAHIST official annual file; last trading session 2021-01-04; 60-session average traded value,2021
2021-01-04,WSON33.SA,WSON33,bdr,WILSON SONS,DR3,BRWSONBDR009,2021-01-04,45.0,2339817.6245,60,385,8540,B3 COTAHIST official annual file; last trading session 2021-01-04; 60-session average traded value,2021
2021-01-04,S1PL34.SA,S1PL34,bdr,SPLUNK INC,DRN,BRS1PLBDR008,2021-01-04,43.93,2181877.0104,25,2,8809,B3 COTAHIST official annual file; last trading session 2021-01-04; 60-session average traded value,2021
2021-01-04,ASML34.SA,ASML34,bdr,ASML HOLD,DRN,BRASMLBDR003,2021-01-04,2620.1,1795217.6596153846,26,1,2,B3 COTAHIST official annual file; last trading session 2021-01-04; 60-session average traded value,2021
2021-01-04,JPMC34.SA,JPMC34,bdr,JPMORGAN,DRN,BRJPMCBDR009,2021-01-04,66.82,1764782.8246666668,60,322,19128,B3 COTAHIST official annual file; last trading session 2021-01-04; 60-session average traded value,2021
2021-01-04,PYPL34.SA,PYPL34,bdr,PAYPAL HOLD,DRN,BRPYPLBDR002,2021-01-04,61.19,1755862.0238333335,60,291,31345,B3 COTAHIST official annual file; last trading session 2021-01-04; 60-session average traded value,2021
2021-01-04,U1BE34.SA,U1BE34,bdr,UBER TECH IN,DRN,BRU1BEBDR009,2021-01-04,67.6,1537206.6003333332,60,384,81844,B3 COTAHIST official annual file; last trading session 2021-01-04; 60-session average traded value,2021
2021-01-04,JDCO34.SA,JDCO34,bdr,JD COM,DRN,BRJDCOBDR001,2021-01-04,487.88,1473276.5593333333,60,153,791,B3 COTAHIST official annual file; last trading session 2021-01-04; 60-session average traded value,2021
2021-01-04,CMCS34.SA,CMCS34,bdr,COMCAST,DRN,BRCMCSBDR008,2021-01-04,53.54,1446774.6101666666,60,161,5015,B3 COTAHIST official annual file; last trading session 2021-01-04; 60-session average traded value,2021
2021-01-04,MCDC34.SA,MCDC34,bdr,MCDONALDS,DRN,BRMCDCBDR000,2021-01-04,55.61,1396176.929322034,59,390,37699,B3 COTAHIST official annual file; last trading session 2021-01-04; 60-session average traded value,2021
2021-01-04,WALM34.SA,WALM34,bdr,WAL MART,DRN,BRWALMBDR005,2021-01-04,48.53,1383204.4761666665,60,326,127531,B3 COTAHIST official annual file; last trading session 2021-01-04; 60-session average traded value,2021
2021-01-04,W1DA34.SA,W1DA34,bdr,WORKDAY INC,DRN,BRW1DABDR001,2021-01-04,296.65,1337859.2705882355,17,4,600,B3 COTAHIST official annual file; last trading session 2021-01-04; 60-session average traded value,2021
2021-01-04,GMCO34.SA,GMCO34,bdr,GENERAL MOT,DRN,BRGMCOBDR008,2021-01-04,54.8,1290225.626,60,2194,16593,B3 COTAHIST official annual file; last trading session 2021-01-04; 60-session average traded value,2021
2021-01-04,TSMC34.SA,TSMC34,bdr,TAIWANSMFAC,DRN,BRTSMCBDR002,2021-01-04,73.89,1276629.4670175437,57,148,10202,B3 COTAHIST official annual file; last trading session 2021-01-04; 60-session average traded value,2021
2021-01-04,GPIV33.SA,GPIV33,bdr,GP INVEST,DR3,BRGPIVBDR003,2021-01-04,4.19,1234655.7706666666,60,336,183594,B3 COTAHIST official annual file; last trading session 2021-01-04; 60-session average traded value,2021
2021-01-04,AXPB34.SA,AXPB34,bdr,AMERICAN EXP,DRN,BRAXPBBDR007,2021-01-04,623.0,1211639.737777778,45,76,275,B3 COTAHIST official annual file; last trading session 2021-01-04; 60-session average traded value,2021
2021-01-04,PEPB34.SA,PEPB34,bdr,PEPSICO INC,DRN,BRPEPBBDR005,2021-01-04,763.27,1153980.7272413792,58,150,1114,B3 COTAHIST official annual file; last trading session 2021-01-04; 60-session average traded value,2021
2021-01-04,BIDU34.SA,BIDU34,bdr,BAIDU INC,DRN,BRBIDUBDR002,2021-01-04,1141.81,1138105.8398245613,57,48,461,B3 COTAHIST official annual file; last trading session 2021-01-04; 60-session average traded value,2021
2021-01-04,GOGL35.SA,GOGL35,bdr,ALPHABET,DRN C,BRGOGLBDR019,2021-01-04,61.18,1071618.7733898305,59,54,4873,B3 COTAHIST official annual file; last trading session 2021-01-04; 60-session average traded value,2021
2021-01-04,NIKE34.SA,NIKE34,bdr,NIKE,DRN,BRNIKEBDR006,2021-01-04,738.02,1048940.9203333333,60,193,1111,B3 COTAHIST official annual file; last trading session 2021-01-04; 60-session average traded value,2021
2021-01-04,COCA34.SA,COCA34,bdr,COCA COLA,DRN,BRCOCABDR002,2021-01-04,279.07,1023991.6085,60,495,4129,B3 COTAHIST official annual file; last trading session 2021-01-04; 60-session average traded value,2021
2021-01-04,BKNG34.SA,BKNG34,bdr,BOOKING,DRN,BRBKNGBDR006,2021-01-04,65.4,997719.3269999999,60,260,7997,B3 COTAHIST official annual file; last trading session 2021-01-04; 60-session average traded value,2021
2021-01-04,SBUB34.SA,SBUB34,bdr,STARBUCKS,DRN,BRSBUBBDR005,2021-01-04,544.0,994043.6262264152,53,129,1160,B3 COTAHIST official annual file; last trading session 2021-01-04; 60-session average traded value,2021
2021-01-04,RIGG34.SA,RIGG34,bdr,TRANSOCEAN,DRN,BRRIGGBDR000,2021-01-04,12.21,976075.3028333334,60,320,114089,B3 COTAHIST official annual file; last trading session 2021-01-04; 60-session average traded value,2021
2021-01-04,NETE34.SA,NETE34,bdr,NETEASE,DRN,BRNETEBDR006,2021-01-04,509.5,930254.9990740741,54,66,83,B3 COTAHIST official annual file; last trading session 2021-01-04; 60-session average traded value,2021
2021-01-04,COWC34.SA,COWC34,bdr,COSTCO,DRN,BRCOWCBDR006,2021-01-04,50.32,859923.547,60,181,19285,B3 COTAHIST official annual file; last trading session 2021-01-04; 60-session average traded value,2021
2021-01-04,B1NT34.SA,B1NT34,bdr,BIONTECH SE,DRN,BRB1NTBDR005,2021-01-04,55.9,855501.2779545453,44,353,22936,B3 COTAHIST official annual file; last trading session 2021-01-04; 60-session average traded value,2021
2021-01-04,ADBE34.SA,ADBE34,bdr,ADOBE INC,DRN,BRADBEBDR003,2021-01-04,51.36,838160.2388333332,60,172,10871,B3 COTAHIST official annual file; last trading session 2021-01-04; 60-session average traded value,2021
2021-01-04,BOAC34.SA,BOAC34,bdr,BANK AMERICA,DRN,BRBOACBDR004,2021-01-04,39.82,835857.0528333334,60,221,24615,B3 COTAHIST official annual file; last trading session 2021-01-04; 60-session average traded value,2021
2021-01-04,UPSS34.SA,UPSS34,bdr,UPS,DRN,BRUPSSBDR009,2021-01-04,54.0,832863.0471666666,60,169,12512,B3 COTAHIST official annual file; last trading session 2021-01-04; 60-session average traded value,2021
2021-01-04,MUTC34.SA,MUTC34,bdr,MICRON TECHN,DRN,BRMUTCBDR008,2021-01-04,390.69,814126.0676363636,55,118,3267,B3 COTAHIST official annual file; last trading session 2021-01-04; 60-session average traded value,2021
2021-01-04,ROST34.SA,ROST34,bdr,ROSS STORES,DRN,BRROSTBDR006,2021-01-04,309.3,793725.179347826,46,1,2100,B3 COTAHIST official annual file; last trading session 2021-01-04; 60-session average traded value,2021
2021-01-04,TJXC34.SA,TJXC34,bdr,TJX COMPANIE,DRN,BRTJXCBDR008,2021-01-04,352.4,781570.6139130435,46,2,501,B3 COTAHIST official annual file; last trading session 2021-01-04; 60-session average traded value,2021
2021-01-04,UNHH34.SA,UNHH34,bdr,UNITEDHEALTH,DRN,BRUNHHBDR000,2021-01-04,52.87,772856.5923333333,60,148,15190,B3 COTAHIST official annual file; last trading session 2021-01-04; 60-session average traded value,2021
2021-01-04,ITLC34.SA,ITLC34,bdr,INTEL,DRN,BRITLCBDR005,2021-01-04,43.86,744534.4026666667,60,294,34720,B3 COTAHIST official annual file; last trading session 2021-01-04; 60-session average traded value,2021
2021-01-04,ORLY34.SA,ORLY34,bdr,OREILLY AUT,DRN,BRORLYBDR001,2021-01-04,473.75,715312.6428571428,28,1,200,B3 COTAHIST official annual file; last trading session 2021-01-04; 60-session average traded value,2021
2021-01-04,A1ZN34.SA,A1ZN34,bdr,ASTRAZENECA,DRN,BRA1ZNBDR003,2021-01-04,44.48,703129.1398,50,400,31009,B3 COTAHIST official annual file; last trading session 2021-01-04; 60-session average traded value,2021
2021-01-04,BAAX39.SA,BAAX39,bdr,MSCI ASIA JP,DRN,BRBAAXBDR009,2021-01-04,47.81,698039.2709090909,22,41,24618,B3 COTAHIST official annual file; last trading session 2021-01-04; 60-session average traded value,2021
2021-01-04,SNEC34.SA,SNEC34,bdr,SONY CORP,DRN,BRSNECBDR002,2021-01-04,528.08,689321.6122033898,59,131,140,B3 COTAHIST official annual file; last trading session 2021-01-04; 60-session average traded value,2021
2021-01-04,AZOI34.SA,AZOI34,bdr,AUTOZONE INC,DRN,BRAZOIBDR000,2021-01-04,305.0,639571.293939394,33,1,2,B3 COTAHIST official annual file; last trading session 2021-01-04; 60-session average traded value,2021
2021-01-04,BIBB39.SA,BIBB39,bdr,NASDAQ BIOTC,DRN,BRBIBBBDR006,2021-01-04,52.91,634112.7618181818,22,14,10222,B3 COTAHIST official annual file; last trading session 2021-01-04; 60-session average traded value,2021
2021-01-04,HONB34.SA,HONB34,bdr,HONEYWELL,DRN,BRHONBBDR006,2021-01-04,1091.83,632986.7293103448,29,10,1120,B3 COTAHIST official annual file; last trading session 2021-01-04; 60-session average traded value,2021
2021-01-04,PGCO34.SA,PGCO34,bdr,PG,DRN,BRPGCOBDR001,2021-01-04,52.13,613004.5477966102,59,206,6629,B3 COTAHIST official annual file; last trading session 2021-01-04; 60-session average traded value,2021
2021-01-04,TGTB34.SA,TGTB34,bdr,TARGET CORP,DRN,BRTGTBBDR004,2021-01-04,929.78,609089.8564150943,53,15,1184,B3 COTAHIST official annual file; last trading session 2021-01-04; 60-session average traded value,2021
2021-01-04,F1NI34.SA,F1NI34,bdr,FIDELITY NAT,DRN,BRF1NIBDR004,2021-01-04,46.13,599068.9694871794,39,129,10838,B3 COTAHIST official annual file; last trading session 2021-01-04; 60-session average traded value,2021
2021-01-04,EXXO34.SA,EXXO34,bdr,EXXON MOBIL,DRN,BREXXOBDR006,2021-01-04,55.01,541039.7768333333,60,200,13178,B3 COTAHIST official annual file; last trading session 2021-01-04; 60-session average traded value,2021
2021-01-04,A1MD34.SA,A1MD34,bdr,ADVANCED MIC,DRN,BRA1MDBDR002,2021-01-04,486.77,536154.7176666666,60,85,1803,B3 COTAHIST official annual file; last trading session 2021-01-04; 60-session average traded value,2021
2021-01-04,TMOS34.SA,TMOS34,bdr,THERMFISCHER,DRN,BRTMOSBDR007,2021-01-04,51.75,526868.0621052631,57,147,10579,B3 COTAHIST official annual file; last trading session 2021-01-04; 60-session average traded value,2021
2021-01-04,TEXA34.SA,TEXA34,bdr,TEXAS INC,DRN,BRTEXABDR003,2021-01-04,855.55,520996.5956363636,55,91,862,B3 COTAHIST official annual file; last trading session 2021-01-04; 60-session average traded value,2021
2021-01-04,RYTT34.SA,RYTT34,bdr,RAYTHEONTECH,DRN,BRRYTTBDR003,2021-01-04,363.07,520330.5589189189,37,6,1478,B3 COTAHIST official annual file; last trading session 2021-01-04; 60-session average traded value,2021
2021-01-04,BIAU39.SA,BIAU39,bdr,GOLD TRUST,DRN,BRBIAUBDR008,2021-01-04,48.77,517219.88727272727,22,24,3121,B3 COTAHIST official annual file; last trading session 2021-01-04; 60-session average traded value,2021
2021-01-04,Z1OM34.SA,Z1OM34,bdr,ZOOM VIDEO,DRN,BRZ1OMBDR000,2021-01-04,76.4,515364.5674074074,54,74,2562,B3 COTAHIST official annual file; last trading session 2021-01-04; 60-session average traded value,2021
2021-01-04,BOEI34.SA,BOEI34,bdr,BOEING,DRN,BRBOEIBDR003,2021-01-04,1072.3,484226.8845454545,55,86,1003,B3 COTAHIST official annual file; last trading session 2021-01-04; 60-session average traded value,2021
2021-01-04,WFCO34.SA,WFCO34,bdr,WELLS FARGO,DRN,BRWFCOBDR009,2021-01-04,39.45,480394.1903333334,60,250,16205,B3 COTAHIST official annual file; last trading session 2021-01-04; 60-session average traded value,2021
2021-01-04,AMGN34.SA,AMGN34,bdr,AMGEN,DRN,BRAMGNBDR004,2021-01-04,42.63,480229.2423333333,60,143,11755,B3 COTAHIST official annual file; last trading session 2021-01-04; 60-session average traded value,2021
2021-01-04,BIEU39.SA,BIEU39,bdr,COREMSCI EUR,DRN,BRBIEUBDR000,2021-01-04,45.65,474819.135,22,6,4500,B3 COTAHIST official annual file; last trading session 2021-01-04; 60-session average traded value,2021
2021-01-04,ATTB34.SA,ATTB34,bdr,ATT INC,DRN,BRATTBBDR007,2021-01-04,155.57,459500.36799999996,60,183,2025,B3 COTAHIST official annual file; last trading session 2021-01-04; 60-session average traded value,2021
2021-01-04,AVGO34.SA,AVGO34,bdr,BROADCOM INC,DRN ED,BRAVGOBDR003,2021-01-04,64.05,448125.20981481485,54,137,3212,B3 COTAHIST official annual file; last trading session 2021-01-04; 60-session average traded value,2021
2021-01-04,TIFF34.SA,TIFF34,bdr,TIFFANY,DRN,BRTIFFBDR000,2021-01-04,691.0,430063.61600000004,20,1,1,B3 COTAHIST official annual file; last trading session 2021-01-04; 60-session average traded value,2021
2021-01-04,MRCK34.SA,MRCK34,bdr,MERCK,DRN,BRMRCKBDR003,2021-01-04,53.35,427058.2162711865,59,154,4684,B3 COTAHIST official annual file; last trading session 2021-01-04; 60-session average traded value,2021
2021-01-04,AALL34.SA,AALL34,bdr,AMERICAN AIR,DRN,BRAALLBDR003,2021-01-04,80.1,426333.6556666667,60,88,10707,B3 COTAHIST official annual file; last trading session 2021-01-04; 60-session average traded value,2021
2021-01-04,VERZ34.SA,VERZ34,bdr,VERIZON,DRN,BRVERZBDR008,2021-01-04,52.02,423949.9794915254,59,161,5747,B3 COTAHIST official annual file; last trading session 2021-01-04; 60-session average traded value,2021
2021-01-04,U1LT34.SA,U1LT34,bdr,ULTA BEAUTY,DRN,BRU1LTBDR006,2021-01-04,74.8,423138.1275757576,33,1,401,B3 COTAHIST official annual file; last trading session 2021-01-04; 60-session average traded value,2021
2021-01-04,SAPP34.SA,SAPP34,bdr,SAP SE,DRN,BRSAPPBDR007,2021-01-04,650.0,418561.57137254905,51,120,240,B3 COTAHIST official annual file; last trading session 2021-01-04; 60-session average traded value,2021
2021-01-04,QCOM34.SA,QCOM34,bdr,QUALCOMM,DRN,BRQCOMBDR007,2021-01-04,65.36,412160.68813559326,59,160,1547,B3 COTAHIST official annual file; last trading session 2021-01-04; 60-session average traded value,2021
2021-01-04,BEEM39.SA,BEEM39,bdr,MSCI EMGMARK,DRN,BRBEEMBDR006,2021-01-04,45.88,391177.5104545455,22,13,8707,B3 COTAHIST official annual file; last trading session 2021-01-04; 60-session average traded value,2021
2021-01-04,C1AB34.SA,C1AB34,bdr,CABLE ONE IN,DRN,BRC1ABBDR009,2021-01-04,57.25,390876.26,10,14,18200,B3 COTAHIST official annual file; last trading session 2021-01-04; 60-session average traded value,2021
2021-01-04,ATVI34.SA,ATVI34,bdr,ACTIVISION,DRN,BRATVIBDR008,2021-01-04,483.0,390166.5415,60,197,1130,B3 COTAHIST official annual file; last trading session 2021-01-04; 60-session average traded value,2021
2021-01-04,NEXT34.SA,NEXT34,bdr,NEXTERA ENER,DRN,BRNEXTBDR006,2021-01-04,98.1,384220.3486538462,52,155,1630,B3 COTAHIST official annual file; last trading session 2021-01-04; 60-session average traded value,2021
2021-01-04,GEOO34.SA,GEOO34,bdr,GE,DRN ED,BRGEOOBDR000,2021-01-04,55.5,383900.8238333333,60,208,44340,B3 COTAHIST official annual file; last trading session 2021-01-04; 60-session average traded value,2021
2021-01-04,GSGI34.SA,GSGI34,bdr,GOLDMANSACHS,DRN,BRGSGIBDR008,2021-01-04,139.9,383036.5016666667,60,135,4101,B3 COTAHIST official annual file; last trading session 2021-01-04; 60-session average traded value,2021
2021-01-04,BIWM39.SA,BIWM39,bdr,RUSSELL 2000,DRN,BRBIWMBDR009,2021-01-04,51.04,381368.8409090909,22,24,23638,B3 COTAHIST official annual file; last trading session 2021-01-04; 60-session average traded value,2021
2021-01-04,ABBV34.SA,ABBV34,bdr,ABBVIE,DRN,BRABBVBDR001,2021-01-04,555.19,368664.53038461535,52,158,285,B3 COTAHIST official annual file; last trading session 2021-01-04; 60-session average traded value,2021
2021-01-04,CSCO34.SA,CSCO34,bdr,CISCO,DRN ED,BRCSCOBDR004,2021-01-04,46.47,367999.2563793104,58,148,2343,B3 COTAHIST official annual file; last trading session 2021-01-04; 60-session average traded value,2021
2021-01-04,EBAY34.SA,EBAY34,bdr,EBAY,DRN,BREBAYBDR009,2021-01-04,135.75,353689.6379310345,58,143,1881,B3 COTAHIST official annual file; last trading session 2021-01-04; 60-session average traded value,2021
2021-01-04,ABTT34.SA,ABTT34,bdr,ABBOTT,DRN,BRABTTBDR007,2021-01-04,143.3,350591.33981481486,54,132,1403,B3 COTAHIST official annual file; last trading session 2021-01-04; 60-session average traded value,2021
2021-01-04,CHCM34.SA,CHCM34,bdr,CHARTER COMM,DRN,BRCHCMBDR001,2021-01-04,57.03,346961.24666666664,51,137,1701,B3 COTAHIST official annual file; last trading session 2021-01-04; 60-session average traded value,2021
2021-01-04,BCSA34.SA,BCSA34,bdr,SANTANDER,DRN,BRBCSABDR005,2021-01-04,16.16,333513.5328333333,60,252,10413,B3 COTAHIST official annual file; last trading session 2021-01-04; 60-session average traded value,2021
2021-01-04,BACW39.SA,BACW39,bdr,MSCI ACWI,DRN,BRBACWBDR007,2021-01-04,47.5,332208.91318181815,22,24,12455,B3 COTAHIST official annual file; last trading session 2021-01-04; 60-session average traded value,2021
2021-01-04,CVSH34.SA,CVSH34,bdr,CVS HEALTH,DRN,BRCVSHBDR008,2021-01-04,185.15,331012.00457627117,59,192,12269,B3 COTAHIST official annual file; last trading session 2021-01-04; 60-session average traded value,2021
2021-01-04,MMMC34.SA,MMMC34,bdr,3M,DRN,BRMMMCBDR000,2021-01-04,225.91,325270.9495,60,117,996,B3 COTAHIST official annual file; last trading session 2021-01-04; 60-session average traded value,2021
2021-01-04,BMYB34.SA,BMYB34,bdr,BRISTOLMYERS,DRN ED,BRBMYBBDR000,2021-01-04,322.2,322025.0525454545,55,140,464,B3 COTAHIST official annual file; last trading session 2021-01-04; 60-session average traded value,2021
2021-01-04,LILY34.SA,LILY34,bdr,LILLY,DRN,BRLILYBDR006,2021-01-04,434.38,321708.32,51,159,997,B3 COTAHIST official annual file; last trading session 2021-01-04; 60-session average traded value,2021
2021-01-04,P1HC34.SA,P1HC34,bdr,PARKER-HANNI,DRN,BRP1HCBDR007,2021-01-04,347.96,319211.62,1,7,911,B3 COTAHIST official annual file; last trading session 2021-01-04; 60-session average traded value,2021
2021-01-04,CHVX34.SA,CHVX34,bdr,CHEVRON,DRN,BRCHVXBDR008,2021-01-04,224.57,312208.46,59,145,1009,B3 COTAHIST official annual file; last trading session 2021-01-04; 60-session average traded value,2021
2021-01-04,ULEV34.SA,ULEV34,bdr,UNILEVER,DRN,BRULEVBDR002,2021-01-04,319.33,307503.84745454544,55,136,550,B3 COTAHIST official annual file; last trading session 2021-01-04; 60-session average traded value,2021
2021-01-04,CTGP34.SA,CTGP34,bdr,CITIGROUP,DRN,BRCTGPBDR000,2021-01-04,53.22,294274.7111666667,60,148,2462,B3 COTAHIST official annual file; last trading session 2021-01-04; 60-session average traded value,2021
2021-01-04,ORCL34.SA,ORCL34,bdr,ORACLE,DRN,BRORCLBDR007,2021-01-04,336.1,289098.6436538462,52,159,424,B3 COTAHIST official annual file; last trading session 2021-01-04; 60-session average traded value,2021
2021-01-04,TWTR34.SA,TWTR34,bdr,TWITTER,DRN,BRTWTRBDR007,2021-01-04,144.05,282422.3733333333,57,103,735,B3 COTAHIST official annual file; last trading session 2021-01-04; 60-session average traded value,2021
2021-01-04,ABUD34.SA,ABUD34,bdr,AB INBEV,DRN,BRABUDBDR009,2021-01-04,61.54,278606.45,50,131,1160,B3 COTAHIST official annual file; last trading session 2021-01-04; 60-session average traded value,2021
2021-01-04,MDTC34.SA,MDTC34,bdr,MEDTRONIC,DRN ED,BRMDTCBDR004,2021-01-04,306.6,274885.44060000003,50,134,693,B3 COTAHIST official annual file; last trading session 2021-01-04; 60-session average traded value,2021
2021-01-04,IBMB34.SA,IBMB34,bdr,IBM,DRN,BRIBMBBDR003,2021-01-04,652.16,274875.25905660377,53,84,183,B3 COTAHIST official annual file; last trading session 2021-01-04; 60-session average traded value,2021
2021-01-04,S1PO34.SA,S1PO34,bdr,SPOTIFY TECH,DRN,BRS1POBDR002,2021-01-04,411.38,270760.33849999995,60,94,936,B3 COTAHIST official annual file; last trading session 2021-01-04; 60-session average traded value,2021
2021-01-04,P1FG34.SA,P1FG34,bdr,PRINCIPAL FI,DRN,BRP1FGBDR002,2021-01-04,253.9,269422.60000000003,7,2,301,B3 COTAHIST official annual file; last trading session 2021-01-04; 60-session average traded value,2021
2021-01-04,SCHW34.SA,SCHW34,bdr,SCHWAB,DRN,BRSCHWBDR006,2021-01-04,69.74,267901.6011111111,45,122,720,B3 COTAHIST official annual file; last trading session 2021-01-04; 60-session average traded value,2021
2021-01-04,GILD34.SA,GILD34,bdr,GILEAD,DRN,BRGILDBDR000,2021-01-04,157.7,266891.93824561406,57,136,1589,B3 COTAHIST official annual file; last trading session 2021-01-04; 60-session average traded value,2021
2021-01-04,BSLV39.SA,BSLV39,bdr,SILVER TRUST,DRN,BRBSLVBDR002,2021-01-04,44.5,266301.6068181818,22,15,6167,B3 COTAHIST official annual file; last trading session 2021-01-04; 60-session average traded value,2021
2021-01-04,C1CL34.SA,C1CL34,bdr,CARNIVAL COR,DRN,BRC1CLBDR004,2021-01-04,107.05,264785.01754385966,57,20,805,B3 COTAHIST official annual file; last trading session 2021-01-04; 60-session average traded value,2021
2021-01-04,T1SO34.SA,T1SO34,bdr,THE SOUTHERN,DRN,BRT1SOBDR005,2021-01-04,311.8,261204.40000000002,9,5,499,B3 COTAHIST official annual file; last trading session 2021-01-04; 60-session average traded value,2021
2021-01-04,N1LS34.SA,N1LS34,bdr,NIELSEN HOLD,DRN,BRN1LSBDR007,2021-01-04,106.61,260822.275,4,1,700,B3 COTAHIST official annual file; last trading session 2021-01-04; 60-session average traded value,2021
2021-01-04,M1CH34.SA,M1CH34,bdr,MICROCHIP TE,DRN,BRM1CHBDR000,2021-01-04,360.44,257740.24777777778,9,5,381,B3 COTAHIST official annual file; last trading session 2021-01-04; 60-session average traded value,2021
2021-01-04,FDXB34.SA,FDXB34,bdr,FEDEX CORP,DRN,BRFDXBBDR002,2021-01-04,1334.0,250089.0801724138,58,43,983,B3 COTAHIST official annual file; last trading session 2021-01-04; 60-session average traded value,2021
2021-01-04,LMTB34.SA,LMTB34,bdr,LOCKHEED,DRN,BRLMTBBDR009,2021-01-04,1794.71,246339.65375,40,3,202,B3 COTAHIST official annual file; last trading session 2021-01-04; 60-session average traded value,2021
2021-01-04,EQIX34.SA,EQIX34,bdr,EQUINIX INC,DRN,BREQIXBDR002,2021-01-04,45.66,234490.12634615385,52,136,1941,B3 COTAHIST official annual file; last trading session 2021-01-04; 60-session average traded value,2021
2021-01-04,W1IX34.SA,W1IX34,bdr,WIX.COM LTD,DRN,BRW1IXBDR002,2021-01-04,44.55,234048.16166666665,24,10,3013,B3 COTAHIST official annual file; last trading session 2021-01-04; 60-session average traded value,2021
2021-01-04,MSBR34.SA,MSBR34,bdr,MORGAN STAN,DRN,BRMSBRBDR008,2021-01-04,361.4,219967.03294117647,51,144,146,B3 COTAHIST official annual file; last trading session 2021-01-04; 60-session average traded value,2021
2021-01-04,APTV34.SA,APTV34,bdr,APTIV PLC,DRN,BRAPTVBDR003,2021-01-04,342.5,211646.15523809523,21,2,88,B3 COTAHIST official annual file; last trading session 2021-01-04; 60-session average traded value,2021
2021-01-04,BIIB34.SA,BIIB34,bdr,BIOGEN,DRN,BRBIIBBDR001,2021-01-04,212.87,195892.3296491228,57,95,928,B3 COTAHIST official annual file; last trading session 2021-01-04; 60-session average traded value,2021
2021-01-04,I1NF34.SA,I1NF34,bdr,IHS MARKIT L,DRN,BRI1NFBDR007,2021-01-04,60.24,188632.7827027027,37,5,2807,B3 COTAHIST official annual file; last trading session 2021-01-04; 60-session average traded value,2021
2021-01-04,K1RC34.SA,K1RC34,bdr,KROGER CO,DRN,BRK1RCBDR001,2021-01-04,169.3,184884.2245,40,17,10749,B3 COTAHIST official annual file; last trading session 2021-01-04; 60-session average traded value,2021
2021-01-04,A1LX34.SA,A1LX34,bdr,ALEXION PHAR,DRN,BRA1LXBDR002,2021-01-04,412.0,182696.88621621623,37,5,902,B3 COTAHIST official annual file; last trading session 2021-01-04; 60-session average traded value,2021
2021-01-04,COPH34.SA,COPH34,bdr,COPHILLIPS,DRN,BRCOPHBDR009,2021-01-04,52.1,182569.57826086954,46,204,46595,B3 COTAHIST official annual file; last trading session 2021-01-04; 60-session average traded value,2021
2021-01-04,A1TT34.SA,A1TT34,bdr,ALLSTATE COR,DRN,BRA1TTBDR003,2021-01-04,282.29,175467.8190909091,11,1,300,B3 COTAHIST official annual file; last trading session 2021-01-04; 60-session average traded value,2021
2021-01-04,W1BO34.SA,W1BO34,bdr,WEIBO CORP,DRN,BRW1BOBDR006,2021-01-04,53.88,174946.60322580647,31,7,868,B3 COTAHIST official annual file; last trading session 2021-01-04; 60-session average traded value,2021
2021-01-04,HALI34.SA,HALI34,bdr,HALLIBURTON,DRN,BRHALIBDR004,2021-01-04,99.19,174850.4118181818,33,87,2890,B3 COTAHIST official annual file; last trading session 2021-01-04; 60-session average traded value,2021
2021-01-04,BLAK34.SA,BLAK34,bdr,BLACKROCK,DRN,BRBLAKBDR003,2021-01-04,625.81,174611.25449999998,60,95,157,B3 COTAHIST official annual file; last trading session 2021-01-04; 60-session average traded value,2021
2021-01-04,G1WW34.SA,G1WW34,bdr,WW GRAINGER,DRN,BRG1WWBDR005,2021-01-04,52.15,172954.74176470586,34,8,6738,B3 COTAHIST official annual file; last trading session 2021-01-04; 60-session average traded value,2021
2021-01-04,B1MR34.SA,B1MR34,bdr,BIOMARIN PHA,DRN,BRB1MRBDR001,2021-01-04,227.45,172699.52577777777,45,15,634,B3 COTAHIST official annual file; last trading session 2021-01-04; 60-session average traded value,2021
2021-01-04,EAIN34.SA,EAIN34,bdr,ELECTR ARTS,DRN,BREAINBDR007,2021-01-04,366.99,171861.6716666667,60,79,243,B3 COTAHIST official annual file; last trading session 2021-01-04; 60-session average traded value,2021
2021-01-04,A1OS34.SA,A1OS34,bdr,AO SMITH COR,DRN,BRA1OSBDR006,2021-01-04,282.5,169100.5,1,4,599,B3 COTAHIST official annual file; last trading session 2021-01-04; 60-session average traded value,2021
2021-01-04,CRIP34.SA,CRIP34,bdr,CTRIPCOM,DRN,BRCRIPBDR000,2021-01-04,178.2,167074.4775,36,4,430,B3 COTAHIST official annual file; last trading session 2021-01-04; 60-session average traded value,2021
2021-01-04,DGCO34.SA,DGCO34,bdr,DOLLAR GENER,DRN ED,BRDGCOBDR007,2021-01-04,554.0,166629.68399999998,45,90,3686,B3 COTAHIST official annual file; last trading session 2021-01-04; 60-session average traded value,2021
2021-01-04,A1ON34.SA,A1ON34,bdr,AON PLC,DRN,BRA1ONBDR007,2021-01-04,268.12,162731.0476923077,13,1,300,B3 COTAHIST official annual file; last trading session 2021-01-04; 60-session average traded value,2021
2021-01-04,REGN34.SA,REGN34,bdr,REGENERON PH,DRN,BRREGNBDR005,2021-01-04,508.41,161619.4074137931,58,63,114,B3 COTAHIST official annual file; last trading session 2021-01-04; 60-session average traded value,2021
2021-01-04,MOOO34.SA,MOOO34,bdr,ALTRIA GROUP,DRN ED,BRMOOOBDR007,2021-01-04,214.9,156935.00215686273,51,155,606,B3 COTAHIST official annual file; last trading session 2021-01-04; 60-session average traded value,2021
2021-01-04,C1NC34.SA,C1NC34,bdr,CENTENE CORP,DRN,BRC1NCBDR000,2021-01-04,311.92,156792.3947368421,19,1,1,B3 COTAHIST official annual file; last trading session 2021-01-04; 60-session average traded value,2021
2021-01-04,N1OW34.SA,N1OW34,bdr,SERVICENOW,DRN,BRN1OWBDR003,2021-01-04,55.85,145418.33578947367,19,64,45340,B3 COTAHIST official annual file; last trading session 2021-01-04; 60-session average traded value,2021
2021-01-04,P1DD34.SA,P1DD34,bdr,PINDUODUO IN,DRN,BRP1DDBDR004,2021-01-04,88.06,144158.57045454544,44,36,11032,B3 COTAHIST official annual file; last trading session 2021-01-04; 60-session average traded value,2021
2021-01-04,BEGE39.SA,BEGE39,bdr,INC ESG AWAR,DRN,BRBEGEBDR008,2021-01-04,55.89,143104.62722222222,18,1,534,B3 COTAHIST official annual file; last trading session 2021-01-04; 60-session average traded value,2021
2021-01-04,FDMO34.SA,FDMO34,bdr,FORD MOTORS,DRN,BRFDMOBDR008,2021-01-04,44.85,142023.03673076924,52,157,2260,B3 COTAHIST official annual file; last trading session 2021-01-04; 60-session average traded value,2021
2021-01-04,B1SX34.SA,B1SX34,bdr,BOSTON SCIEN,DRN,BRB1SXBDR006,2021-01-04,185.64,140632.211,50,134,739,B3 COTAHIST official annual file; last trading session 2021-01-04; 60-session average traded value,2021
2021-01-04,A1KA34.SA,A1KA34,bdr,AKAMAI TECHN,DRN,BRA1KABDR002,2021-01-04,46.29,139561.46022222223,45,4,9007,B3 COTAHIST official annual file; last trading session 2021-01-04; 60-session average traded value,2021
2021-01-04,COTY34.SA,COTY34,bdr,COTY INC,DRN,BRCOTYBDR006,2021-01-04,17.79,137772.62137931035,58,160,2082,B3 COTAHIST official annual file; last trading session 2021-01-04; 60-session average traded value,2021
2021-01-04,E1XC34.SA,E1XC34,bdr,EXELON CORP,DRN,BRE1XCBDR007,2021-01-04,215.89,135845.3538888889,18,1,300,B3 COTAHIST official annual file; last trading session 2021-01-04; 60-session average traded value,2021
2021-01-04,P1NR34.SA,P1NR34,bdr,PENTAIR PLC,DRN,BRP1NRBDR003,2021-01-04,270.75,134400.71,4,4,599,B3 COTAHIST official annual file; last trading session 2021-01-04; 60-session average traded value,2021
2021-01-04,S1TT34.SA,S1TT34,bdr,STATE STREET,DRN ED,BRS1TTBDR003,2021-01-04,374.36,132751.88,4,3,202,B3 COTAHIST official annual file; last trading session 2021-01-04; 60-session average traded value,2021
2021-01-04,OXYP34.SA,OXYP34,bdr,OCCIDENT PTR,DRN,BROXYPBDR000,2021-01-04,45.97,130274.60596491228,57,190,30147,B3 COTAHIST official annual file; last trading session 2021-01-04; 60-session average traded value,2021
2021-01-04,G1AR34.SA,G1AR34,bdr,GARTNER INC,DRN,BRG1ARBDR001,2021-01-04,205.3,129658.88599999998,5,4,801,B3 COTAHIST official annual file; last trading session 2021-01-04; 60-session average traded value,2021
2021-01-04,A1NE34.SA,A1NE34,bdr,ARISTA NETWO,DRN,BRA1NEBDR008,2021-01-04,372.5,127464.63799999999,5,4,601,B3 COTAHIST official annual file; last trading session 2021-01-04; 60-session average traded value,2021
2021-01-04,FCXO34.SA,FCXO34,bdr,FREEPORT,DRN,BRFCXOBDR007,2021-01-04,142.64,124854.15052631579,57,144,1983,B3 COTAHIST official annual file; last trading session 2021-01-04; 60-session average traded value,2021
2021-01-04,N1VR34.SA,N1VR34,bdr,NVR INC,DRN,BRN1VRBDR008,2021-01-04,421.62,122912.0,2,1,150,B3 COTAHIST official annual file; last trading session 2021-01-04; 60-session average traded value,2021
2021-01-04,RDSA34.SA,RDSA34,bdr,RD SHELL,DRN,BRRDSABDR009,2021-01-04,190.13,120605.06568965517,58,151,513,B3 COTAHIST official annual file; last trading session 2021-01-04; 60-session average traded value,2021
2021-01-04,L1EN34.SA,L1EN34,bdr,LENNAR CORP,DRN,BRL1ENBDR005,2021-01-04,385.2,120159.95842105262,19,3,208,B3 COTAHIST official annual file; last trading session 2021-01-04; 60-session average traded value,2021
2021-01-04,GPSI34.SA,GPSI34,bdr,GAP,DRN,BRGPSIBDR009,2021-01-04,101.52,118655.17479166666,48,17,5594,B3 COTAHIST official annual file; last trading session 2021-01-04; 60-session average traded value,2021
2021-01-04,N1WL34.SA,N1WL34,bdr,NEWELL BRAND,DRN,BRN1WLBDR009,2021-01-04,114.03,118223.331,10,6,2399,B3 COTAHIST official annual file; last trading session 2021-01-04; 60-session average traded value,2021
2021-01-04,BIYF39.SA,BIYF39,bdr,US FINANCIAL,DRN,BRBIYFBDR009,2021-01-04,23.09,118019.06238095238,21,51,69575,B3 COTAHIST official annual file; last trading session 2021-01-04; 60-session average traded value,2021
2021-01-04,CATP34.SA,CATP34,bdr,CATERPILLAR,DRN,BRCATPBDR003,2021-01-04,959.0,117808.7841509434,53,6,127,B3 COTAHIST official annual file; last trading session 2021-01-04; 60-session average traded value,2021
2021-01-04,XRAY34.SA,XRAY34,bdr,DENTSPLY SIR,DRN ED,BRXRAYBDR005,2021-01-04,279.1,117620.83,4,4,601,B3 COTAHIST official annual file; last trading session 2021-01-04; 60-session average traded value,2021
2021-01-04,F1RA34.SA,F1RA34,bdr,FRANKLIN RES,DRN ED,BRF1RABDR002,2021-01-04,127.44,115459.99653846152,26,5,2399,B3 COTAHIST official annual file; last trading session 2021-01-04; 60-session average traded value,2021
2021-01-04,C1ER34.SA,C1ER34,bdr,CERNER CORP,DRN ED,BRC1ERBDR007,2021-01-04,202.12,112613.96599999999,5,1,400,B3 COTAHIST official annual file; last trading session 2021-01-04; 60-session average traded value,2021
2021-01-04,P1VH34.SA,P1VH34,bdr,PVH CORP,DRN,BRP1VHBDR007,2021-01-04,253.92,111167.72666666667,3,3,306,B3 COTAHIST official annual file; last trading session 2021-01-04; 60-session average traded value,2021
2021-01-04,BCHI39.SA,BCHI39,bdr,MSCI CHINA,DRN,BRBCHIBDR001,2021-01-04,53.7,110791.20761904761,21,7,636,B3 COTAHIST official annual file; last trading session 2021-01-04; 60-session average traded value,2021
2021-01-04,C1DN34.SA,C1DN34,bdr,CADENCE DESI,DRN,BRC1DNBDR008,2021-01-04,355.35,109758.42857142857,7,4,801,B3 COTAHIST official annual file; last trading session 2021-01-04; 60-session average traded value,2021
2021-01-04,G1LW34.SA,G1LW34,bdr,CORNING INC,DRN,BRG1LWBDR008,2021-01-04,183.38,108482.75533333333,15,4,1000,B3 COTAHIST official annual file; last trading session 2021-01-04; 60-session average traded value,2021
2021-01-04,M1NS34.SA,M1NS34,bdr,MONSTER BEVE,DRN,BRM1NSBDR004,2021-01-04,59.4,107939.34204545454,44,1,1,B3 COTAHIST official annual file; last trading session 2021-01-04; 60-session average traded value,2021
2021-01-04,KHCB34.SA,KHCB34,bdr,KRAFT HEINZ,DRN,BRKHCBBDR007,2021-01-04,179.55,106643.40357142859,56,63,788,B3 COTAHIST official annual file; last trading session 2021-01-04; 60-session average traded value,2021
2021-01-04,I1LM34.SA,I1LM34,bdr,ILLUMINA INC,DRN,BRI1LMBDR007,2021-01-04,387.79,104009.44488372093,43,74,364,B3 COTAHIST official annual file; last trading session 2021-01-04; 60-session average traded value,2021
2021-01-04,A1AP34.SA,A1AP34,bdr,ADVANCE AUTO,DRN,BRA1APBDR001,2021-01-04,51.9,103285.29163265307,49,22,6425,B3 COTAHIST official annual file; last trading session 2021-01-04; 60-session average traded value,2021
2021-01-04,BIYW39.SA,BIYW39,bdr,US TECHNOLOG,DRN,BRBIYWBDR004,2021-01-04,12.63,102898.96818181817,22,12,14807,B3 COTAHIST official annual file; last trading session 2021-01-04; 60-session average traded value,2021
2021-01-04,K1SS34.SA,K1SS34,bdr,KOHLS CORP,DRN,BRK1SSBDR005,2021-01-04,205.5,101376.29681818181,22,1,10,B3 COTAHIST official annual file; last trading session 2021-01-04; 60-session average traded value,2021
2021-01-04,P1GR34.SA,P1GR34,bdr,THE PROGRESS,DRN,BRP1GRBDR007,2021-01-04,252.59,101302.55,4,1,400,B3 COTAHIST official annual file; last trading session 2021-01-04; 60-session average traded value,2021
2021-01-04,S1BS34.SA,S1BS34,bdr,SIBANYE STIL,DRN,BRS1BSBDR003,2021-01-04,44.37,100348.94,4,13,2160,B3 COTAHIST official annual file; last trading session 2021-01-04; 60-session average traded value,2021
2021-01-04,SIMN34.SA,SIMN34,bdr,SIMON PROP,DRN ED,BRSIMNBDR002,2021-01-04,109.06,95989.08450000001,60,57,802,B3 COTAHIST official annual file; last trading session 2021-01-04; 60-session average traded value,2021
2021-01-04,C1NS34.SA,C1NS34,bdr,CELANESE COR,DRN,BRC1NSBDR006,2021-01-04,332.5,95713.62,6,3,399,B3 COTAHIST official annual file; last trading session 2021-01-04; 60-session average traded value,2021
2021-01-04,T1SC34.SA,T1SC34,bdr,TRACTOR SUPP,DRN,BRT1SCBDR000,2021-01-04,366.23,95090.22777777778,9,2,305,B3 COTAHIST official annual file; last trading session 2021-01-04; 60-session average traded value,2021
2021-01-04,MOSC34.SA,MOSC34,bdr,MOSAIC CO,DRN,BRMOSCBDR003,2021-01-04,61.55,95053.44833333333,36,12,4102,B3 COTAHIST official annual file; last trading session 2021-01-04; 60-session average traded value,2021
2021-01-04,H1LT34.SA,H1LT34,bdr,HILTON WORLD,DRN,BRH1LTBDR003,2021-01-04,280.98,94516.19,8,3,304,B3 COTAHIST official annual file; last trading session 2021-01-04; 60-session average traded value,2021
2021-01-04,S1YF34.SA,S1YF34,bdr,SYNCHRONY FI,DRN,BRS1YFBDR002,2021-01-04,179.6,93603.03333333334,18,1,400,B3 COTAHIST official annual file; last trading session 2021-01-04; 60-session average traded value,2021
2021-01-04,C1OG34.SA,C1OG34,bdr,CABOT OIL,DRN,BRC1OGBDR009,2021-01-04,87.6,92757.34772727272,22,5,441,B3 COTAHIST official annual file; last trading session 2021-01-04; 60-session average traded value,2021
2021-01-04,BBYY34.SA,BBYY34,bdr,BEST BUY,DRN,BRBBYYBDR005,2021-01-04,527.17,92270.12487804878,41,27,32,B3 COTAHIST official annual file; last trading session 2021-01-04; 60-session average traded value,2021
2021-01-04,Q1RV34.SA,Q1RV34,bdr,QORVO INC,DRN,BRQ1RVBDR005,2021-01-04,428.14,91615.05785714286,14,2,305,B3 COTAHIST official annual file; last trading session 2021-01-04; 60-session average traded value,2021
2021-01-04,EXGR34.SA,EXGR34,bdr,EXPEDIA GROU,DRN,BREXGRBDR004,2021-01-04,343.25,91199.9875,12,1,200,B3 COTAHIST official annual file; last trading session 2021-01-04; 60-session average traded value,2021
2021-01-04,G1DS34.SA,G1DS34,bdr,GDS HOLDINGS,DRN,BRG1DSBDR003,2021-01-04,49.22,89591.69409090909,22,4,1384,B3 COTAHIST official annual file; last trading session 2021-01-04; 60-session average traded value,2021
2021-01-04,BIGF39.SA,BIGF39,bdr,GLOBAL INFRA,DRN,BRBIGFBDR006,2021-01-04,57.31,89382.54045454545,22,12,2014,B3 COTAHIST official annual file; last trading session 2021-01-04; 60-session average traded value,2021
2021-01-04,L1CA34.SA,L1CA34,bdr,LABORATORY C,DRN,BRL1CABDR006,2021-01-04,268.4,89356.85666666667,3,4,112,B3 COTAHIST official annual file; last trading session 2021-01-04; 60-session average traded value,2021
2021-01-04,P1AC34.SA,P1AC34,bdr,PACCAR INC,DRN,BRP1ACBDR002,2021-01-04,221.91,88870.0,2,1,400,B3 COTAHIST official annual file; last trading session 2021-01-04; 60-session average traded value,2021
2021-01-04,F1BH34.SA,F1BH34,bdr,FORTUNE BRAN,DRN,BRF1BHBDR001,2021-01-04,443.61,88566.4075,4,1,200,B3 COTAHIST official annual file; last trading session 2021-01-04; 60-session average traded value,2021
2021-01-04,F1IS34.SA,F1IS34,bdr,FISERV INC,DRN,BRF1ISBDR003,2021-01-04,288.5,88180.66,16,1,300,B3 COTAHIST official annual file; last trading session 2021-01-04; 60-session average traded value,2021
2021-01-04,L1BT34.SA,L1BT34,bdr,LIBERTY GLOB,DRN,BRL1BTBDR016,2021-01-04,124.33,88171.51181818183,22,12,1447,B3 COTAHIST official annual file; last trading session 2021-01-04; 60-session average traded value,2021
2021-01-04,W1DC34.SA,W1DC34,bdr,WESTERN DIG,DRN,BRW1DCBDR007,2021-01-04,278.5,88095.44857142857,14,5,603,B3 COTAHIST official annual file; last trading session 2021-01-04; 60-session average traded value,2021
2021-01-04,BIVB39.SA,BIVB39,bdr,CORE SP 500,DRN,BRBIVBBDR004,2021-01-04,48.81,87751.57142857143,14,2,1242,B3 COTAHIST official annual file; last trading session 2021-01-04; 60-session average traded value,2021
2021-01-04,M1LM34.SA,M1LM34,bdr,MARTIN MARIE,DRN,BRM1LMBDR001,2021-01-04,292.56,86870.11600000001,5,1,300,B3 COTAHIST official annual file; last trading session 2021-01-04; 60-session average traded value,2021
2021-01-04,BITO39.SA,BITO39,bdr,CORE SP TOTA,DRN,BRBITOBDR001,2021-01-04,44.3,86503.93266666666,15,1,2230,B3 COTAHIST official annual file; last trading session 2021-01-04; 60-session average traded value,2021
2021-01-04,R1CL34.SA,R1CL34,bdr,ROYAL CARIBB,DRN,BRR1CLBDR007,2021-01-04,186.69,86350.88,41,49,370,B3 COTAHIST official annual file; last trading session 2021-01-04; 60-session average traded value,2021
2021-01-04,DEAI34.SA,DEAI34,bdr,DELTA,DRN,BRDEAIBDR008,2021-01-04,203.88,86211.60264150944,53,32,476,B3 COTAHIST official annual file; last trading session 2021-01-04; 60-session average traded value,2021
2021-01-04,E1IX34.SA,E1IX34,bdr,EDISON INTER,DRN ED,BRE1IXBDR004,2021-01-04,159.61,85503.77,7,1,400,B3 COTAHIST official annual file; last trading session 2021-01-04; 60-session average traded value,2021
2021-01-04,I1PH34.SA,I1PH34,bdr,INTERPUBLIC,DRN,BRI1PHBDR008,2021-01-04,121.73,84509.896,10,2,800,B3 COTAHIST official annual file; last trading session 2021-01-04; 60-session average traded value,2021
2021-01-04,MACY34.SA,MACY34,bdr,MACY S,DRN,BRMACYBDR000,2021-01-04,59.65,84135.62166666667,54,54,3576,B3 COTAHIST official annual file; last trading session 2021-01-04; 60-session average traded value,2021
2021-01-04,BIJH39.SA,BIJH39,bdr,CORE MIDCAP,DRN,BRBIJHBDR006,2021-01-04,59.78,83183.07363636364,11,1,761,B3 COTAHIST official annual file; last trading session 2021-01-04; 60-session average traded value,2021
2021-01-04,J1NP34.SA,J1NP34,bdr,JUNIPER NETW,DRN,BRJ1NPBDR005,2021-01-04,117.81,82629.29999999999,9,1,600,B3 COTAHIST official annual file; last trading session 2021-01-04; 60-session average traded value,2021
2021-01-04,BEWG39.SA,BEWG39,bdr,MSCI GERMANY,DRN,BRBEWGBDR000,2021-01-04,56.3,82406.84666666665,21,5,12287,B3 COTAHIST official annual file; last trading session 2021-01-04; 60-session average traded value,2021
2021-01-04,L1YV34.SA,L1YV34,bdr,LIVE NATION,DRN,BRL1YVBDR006,2021-01-04,74.16,82022.7,1,5,1106,B3 COTAHIST official annual file; last trading session 2021-01-04; 60-session average traded value,2021
2021-01-04,J1WN34.SA,J1WN34,bdr,NORDSTROM IN,DRN,BRJ1WNBDR001,2021-01-04,160.49,81857.4503030303,33,4,800,B3 COTAHIST official annual file; last trading session 2021-01-04; 60-session average traded value,2021
2021-01-04,N1WS34.SA,N1WS34,bdr,NEWS CORP,DRN,BRN1WSBDR004,2021-01-04,95.84,81276.70499999999,4,5,2000,B3 COTAHIST official annual file; last trading session 2021-01-04; 60-session average traded value,2021
2021-01-04,VLOE34.SA,VLOE34,bdr,VALERO ENER,DRN,BRVLOEBDR005,2021-01-04,146.55,81136.2280952381,42,4,224,B3 COTAHIST official annual file; last trading session 2021-01-04; 60-session average traded value,2021
2021-01-04,E1VE34.SA,E1VE34,bdr,EVEREST RE G,DRN,BRE1VEBDR007,2021-01-04,299.0,79051.29333333333,3,5,401,B3 COTAHIST official annual file; last trading session 2021-01-04; 60-session average traded value,2021
2021-01-04,WGBA34.SA,WGBA34,bdr,WALGREENS,DRN,BRWGBABDR008,2021-01-04,108.94,79010.8358,50,149,731,B3 COTAHIST official annual file; last trading session 2021-01-04; 60-session average traded value,2021
2021-01-04,N1CL34.SA,N1CL34,bdr,NORWEGIAN CR,DRN,BRN1CLBDR001,2021-01-04,125.3,78731.82525,40,41,1829,B3 COTAHIST official annual file; last trading session 2021-01-04; 60-session average traded value,2021
2021-01-04,BONY34.SA,BONY34,bdr,BNY MELLON,DRN,BRBONYBDR001,2021-01-04,218.88,78272.68296296296,54,92,138,B3 COTAHIST official annual file; last trading session 2021-01-04; 60-session average traded value,2021
2021-01-04,VRSN34.SA,VRSN34,bdr,VERISIGN INC,DRN,BRVRSNBDR004,2021-01-04,277.91,77073.98583333332,12,1,300,B3 COTAHIST official annual file; last trading session 2021-01-04; 60-session average traded value,2021
2021-01-04,CHDC34.SA,CHDC34,bdr,CHURCH DWIGH,DRN,BRCHDCBDR000,2021-01-04,450.62,77063.68375,8,2,201,B3 COTAHIST official annual file; last trading session 2021-01-04; 60-session average traded value,2021
2021-01-04,V1AR34.SA,V1AR34,bdr,VARIAN MEDIC,DRN,BRV1ARBDR002,2021-01-04,458.7,76729.21666666666,6,3,399,B3 COTAHIST official annual file; last trading session 2021-01-04; 60-session average traded value,2021
2021-01-04,B1IL34.SA,B1IL34,bdr,BILIBILI INC,DRN,BRB1ILBDR002,2021-01-04,98.65,76561.977,40,19,2840,B3 COTAHIST official annual file; last trading session 2021-01-04; 60-session average traded value,2021
2021-01-04,A1ME34.SA,A1ME34,bdr,AMETEK INC,DRN,BRA1MEBDR000,2021-01-04,311.0,75242.325,4,6,601,B3 COTAHIST official annual file; last trading session 2021-01-04; 60-session average traded value,2021
2021-01-04,W1AB34.SA,W1AB34,bdr,WABTEC CORP,DRN,BRW1ABBDR005,2021-01-04,190.5,73740.5875,4,1,400,B3 COTAHIST official annual file; last trading session 2021-01-04; 60-session average traded value,2021
2021-01-04,R1MD34.SA,R1MD34,bdr,RESMED INC,DRN,BRR1MDBDR003,2021-01-04,274.21,73260.78428571428,7,5,801,B3 COTAHIST official annual file; last trading session 2021-01-04; 60-session average traded value,2021
2021-01-04,E1MN34.SA,E1MN34,bdr,EASTMAN CHEM,DRN,BRE1MNBDR007,2021-01-04,259.6,72839.40999999999,3,4,799,B3 COTAHIST official annual file; last trading session 2021-01-04; 60-session average traded value,2021
2021-01-04,T1TW34.SA,T1TW34,bdr,TAKE-TWO INT,DRN,BRT1TWBDR006,2021-01-04,266.14,72209.41206896551,58,51,356,B3 COTAHIST official annual file; last trading session 2021-01-04; 60-session average traded value,2021
2021-01-04,BIEM39.SA,BIEM39,bdr,COREMSCI EMK,DRN,BRBIEMBDR007,2021-01-04,55.08,72075.35,21,1,1791,B3 COTAHIST official annual file; last trading session 2021-01-04; 60-session average traded value,2021
2021-01-04,ACNB34.SA,ACNB34,bdr,ACCENTURE,DRN,BRACNBBDR006,2021-01-04,1338.19,71045.18153846155,39,2,101,B3 COTAHIST official annual file; last trading session 2021-01-04; 60-session average traded value,2021
2021-01-04,A1SU34.SA,A1SU34,bdr,ASSURANT INC,DRN,BRA1SUBDR003,2021-01-04,173.2,69930.21,1,5,404,B3 COTAHIST official annual file; last trading session 2021-01-04; 60-session average traded value,2021
2021-01-04,B1AX34.SA,B1AX34,bdr,BAXTER INTER,DRN,BRB1AXBDR004,2021-01-04,208.94,69481.14,9,1,400,B3 COTAHIST official annual file; last trading session 2021-01-04; 60-session average traded value,2021
2021-01-04,BEZU39.SA,BEZU39,bdr,MSCIEUROZONE,DRN,BRBEZUBDR004,2021-01-04,58.86,68621.87692307692,13,2,2060,B3 COTAHIST official annual file; last trading session 2021-01-04; 60-session average traded value,2021
2021-01-04,N1UE34.SA,N1UE34,bdr,NUCOR CORP,DRN ED,BRN1UEBDR008,2021-01-04,276.3,68358.588,10,4,601,B3 COTAHIST official annual file; last trading session 2021-01-04; 60-session average traded value,2021
2021-01-04,C1FG34.SA,C1FG34,bdr,CITIZENS FIN,DRN,BRC1FGBDR007,2021-01-04,183.95,67592.52125,8,1,400,B3 COTAHIST official annual file; last trading session 2021-01-04; 60-session average traded value,2021
2021-01-04,FSLR34.SA,FSLR34,bdr,FIRST SOLAR,DRN,BRFSLRBDR001,2021-01-04,267.0,67360.296,50,3,37,B3 COTAHIST official annual file; last trading session 2021-01-04; 60-session average traded value,2021
2021-01-04,DCVY34.SA,DCVY34,bdr,DISCOVERY IN,DRN A,BRDCVYBDR005,2021-01-04,156.24,66734.802,15,4,819,B3 COTAHIST official annual file; last trading session 2021-01-04; 60-session average traded value,2021
2021-01-04,A1NS34.SA,A1NS34,bdr,ANSYS INC,DRN,BRA1NSBDR008,2021-01-04,468.5,66173.66,7,3,399,B3 COTAHIST official annual file; last trading session 2021-01-04; 60-session average traded value,2021
2021-01-04,S1YY34.SA,S1YY34,bdr,SYSCO CORP,DRN,BRS1YYBDR003,2021-01-04,189.71,65886.22750000001,4,3,406,B3 COTAHIST official annual file; last trading session 2021-01-04; 60-session average traded value,2021
2021-01-04,D1TE34.SA,D1TE34,bdr,DTE ENERGY C,DRN ED,BRD1TEBDR002,2021-01-04,156.96,65700.51333333334,9,1,500,B3 COTAHIST official annual file; last trading session 2021-01-04; 60-session average traded value,2021
2021-01-04,U1RI34.SA,U1RI34,bdr,UNITED RENTA,DRN,BRU1RIBDR006,2021-01-04,596.01,65585.23066666667,15,1,200,B3 COTAHIST official annual file; last trading session 2021-01-04; 60-session average traded value,2021
2021-01-04,D1OM34.SA,D1OM34,bdr,DOMINION ENE,DRN,BRD1OMBDR006,2021-01-04,194.31,65196.75619047618,21,4,435,B3 COTAHIST official annual file; last trading session 2021-01-04; 60-session average traded value,2021
2021-01-04,I1VZ34.SA,I1VZ34,bdr,INVESCO LTD,DRN,BRI1VZBDR008,2021-01-04,89.83,64925.17111111111,27,6,1800,B3 COTAHIST official annual file; last trading session 2021-01-04; 60-session average traded value,2021
2021-01-04,I1TW34.SA,I1TW34,bdr,ILLINOIS TOO,DRN ED,BRI1TWBDR009,2021-01-04,265.18,64250.5775,4,1,300,B3 COTAHIST official annual file; last trading session 2021-01-04; 60-session average traded value,2021
2021-01-04,K1SG34.SA,K1SG34,bdr,KEYSIGHT TEC,DRN,BRK1SGBDR000,2021-01-04,341.38,64155.793333333335,3,1,300,B3 COTAHIST official annual file; last trading session 2021-01-04; 60-session average traded value,2021
2021-01-04,BEWJ39.SA,BEWJ39,bdr,MSCI JAPAN,DRN,BRBEWJBDR004,2021-01-04,44.08,64152.69772727273,22,2,598,B3 COTAHIST official annual file; last trading session 2021-01-04; 60-session average traded value,2021
2021-01-04,W1HR34.SA,W1HR34,bdr,WHIRLPOOL CO,DRN,BRW1HRBDR006,2021-01-04,231.51,63666.86782608696,23,3,416,B3 COTAHIST official annual file; last trading session 2021-01-04; 60-session average traded value,2021
2021-01-04,A1UT34.SA,A1UT34,bdr,AUTODESK INC,DRN,BRA1UTBDR001,2021-01-04,390.0,63184.018055555556,36,15,801,B3 COTAHIST official annual file; last trading session 2021-01-04; 60-session average traded value,2021
2021-01-04,P1HM34.SA,P1HM34,bdr,PULTEGROUP I,DRN,BRP1HMBDR006,2021-01-04,217.3,63158.79230769231,13,3,799,B3 COTAHIST official annual file; last trading session 2021-01-04; 60-session average traded value,2021
2021-01-04,USSX34.SA,USSX34,bdr,US STEEL,DRN,BRUSSXBDR003,2021-01-04,90.1,63157.6020754717,53,14,1027,B3 COTAHIST official annual file; last trading session 2021-01-04; 60-session average traded value,2021
2021-01-04,CLXC34.SA,CLXC34,bdr,CLOROX CO,DRN,BRCLXCBDR000,2021-01-04,261.26,63042.791666666664,6,11,805,B3 COTAHIST official annual file; last trading session 2021-01-04; 60-session average traded value,2021
2021-01-04,R1IN34.SA,R1IN34,bdr,REALTY INCOM,DRN ED,BRR1INBDR000,2021-01-04,158.74,62874.11909090909,55,90,1260,B3 COTAHIST official annual file; last trading session 2021-01-04; 60-session average traded value,2021
2021-01-04,ARMT34.SA,ARMT34,bdr,ARCELOR,DRN,BRARMTBDR008,2021-01-04,63.15,62689.93109090909,55,162,3127,B3 COTAHIST official annual file; last trading session 2021-01-04; 60-session average traded value,2021
2021-01-04,W1MG34.SA,W1MG34,bdr,WARNER MUSIC,DRN,BRW1MGBDR009,2021-01-04,48.68,62564.53083333333,24,2,61,B3 COTAHIST official annual file; last trading session 2021-01-04; 60-session average traded value,2021
2021-01-04,B1LL34.SA,B1LL34,bdr,BALL CORP,DRN,BRB1LLBDR006,2021-01-04,233.91,62228.58,7,2,505,B3 COTAHIST official annual file; last trading session 2021-01-04; 60-session average traded value,2021
2021-01-04,K1CS34.SA,K1CS34,bdr,KANSAS CITY,DRN ED,BRK1CSBDR009,2021-01-04,262.52,61720.588,5,1,400,B3 COTAHIST official annual file; last trading session 2021-01-04; 60-session average traded value,2021
2021-01-04,C1BL34.SA,C1BL34,bdr,CHUBB LTD,DRN,BRC1BLBDR006,2021-01-04,195.33,61709.31999999999,5,1,400,B3 COTAHIST official annual file; last trading session 2021-01-04; 60-session average traded value,2021
2021-01-04,V1RS34.SA,V1RS34,bdr,VERISK ANALY,DRN,BRV1RSBDR004,2021-01-04,266.6,61583.755,2,1,400,B3 COTAHIST official annual file; last trading session 2021-01-04; 60-session average traded value,2021
2021-01-04,C1CI34.SA,C1CI34,bdr,CROWN CASTLE,DRN,BRC1CIBDR000,2021-01-04,204.3,61561.0775,28,3,500,B3 COTAHIST official annual file; last trading session 2021-01-04; 60-session average traded value,2021
2021-01-04,LBRD34.SA,LBRD34,bdr,LIBERTY BROA,DRN,BRLBRDBDR002,2021-01-04,403.76,61408.542499999996,4,1,300,B3 COTAHIST official annual file; last trading session 2021-01-04; 60-session average traded value,2021
2021-01-04,CNIC34.SA,CNIC34,bdr,CANAD NATION,DRN,BRCNICBDR007,2021-01-04,286.16,61345.36666666667,9,1,300,B3 COTAHIST official annual file; last trading session 2021-01-04; 60-session average traded value,2021
2021-01-04,A1VY34.SA,A1VY34,bdr,AVERY DENNIS,DRN,BRA1VYBDR009,2021-01-04,398.71,61103.52,8,1,200,B3 COTAHIST official annual file; last trading session 2021-01-04; 60-session average traded value,2021
2021-01-04,H1ES34.SA,H1ES34,bdr,HESS CORP,DRN,BRH1ESBDR000,2021-01-04,138.95,61060.72333333333,6,1,400,B3 COTAHIST official annual file; last trading session 2021-01-04; 60-session average traded value,2021
2021-01-04,BHPG34.SA,BHPG34,bdr,BHP GROUP,DRN,BRBHPGBDR007,2021-01-04,355.39,60838.764500000005,20,4,321,B3 COTAHIST official annual file; last trading session 2021-01-04; 60-session average traded value,2021
2021-01-04,T1MU34.SA,T1MU34,bdr,T-MOBILE US,DRN,BRT1MUBDR005,2021-01-04,345.8,60284.44294117647,17,3,410,B3 COTAHIST official annual file; last trading session 2021-01-04; 60-session average traded value,2021
2021-01-04,Z1IO34.SA,Z1IO34,bdr,ZIONSBANCORP,DRN,BRZ1IOBDR008,2021-01-04,221.88,59613.23142857143,7,1,300,B3 COTAHIST official annual file; last trading session 2021-01-04; 60-session average traded value,2021
2021-01-04,N1IS34.SA,N1IS34,bdr,NISOURCE INC,DRN,BRN1ISBDR003,2021-01-04,119.6,59316.03999999999,4,1,500,B3 COTAHIST official annual file; last trading session 2021-01-04; 60-session average traded value,2021
2021-01-04,E1OG34.SA,E1OG34,bdr,EOG RESOURCE,DRN,BRE1OGBDR007,2021-01-04,130.9,59274.480588235296,17,4,420,B3 COTAHIST official annual file; last trading session 2021-01-04; 60-session average traded value,2021
2021-01-04,U1AI34.SA,U1AI34,bdr,UNDER ARMOUR,DRN,BRU1AIBDR002,2021-01-04,78.61,58628.8396,25,5,2000,B3 COTAHIST official annual file; last trading session 2021-01-04; 60-session average traded value,2021
2021-01-04,N1WS35.SA,N1WS35,bdr,NEWS CORP,DRN,BRN1WSBDR012,2021-01-04,46.75,57891.94285714285,7,1,640,B3 COTAHIST official annual file; last trading session 2021-01-04; 60-session average traded value,2021
2021-01-04,P1SX34.SA,P1SX34,bdr,PHILLIPS 66,DRN,BRP1SXBDR000,2021-01-04,181.05,57735.377812499995,32,1,300,B3 COTAHIST official annual file; last trading session 2021-01-04; 60-session average traded value,2021
2021-01-04,BDVY39.SA,BDVY39,bdr,SELECT DIVID,DRN,BRBDVYBDR007,2021-01-04,50.04,57629.75619047618,21,12,8184,B3 COTAHIST official annual file; last trading session 2021-01-04; 60-session average traded value,2021
2021-01-04,X1LN34.SA,X1LN34,bdr,XILINX INC,DRN,BRX1LNBDR006,2021-01-04,373.0,57593.262,15,5,601,B3 COTAHIST official annual file; last trading session 2021-01-04; 60-session average traded value,2021
2021-01-04,W1YC34.SA,W1YC34,bdr,WEYERHAEUSER,DRN,BRW1YCBDR003,2021-01-04,172.18,57468.310769230775,13,1,500,B3 COTAHIST official annual file; last trading session 2021-01-04; 60-session average traded value,2021
2021-01-04,T1WL34.SA,T1WL34,bdr,TWILIO INC,DRN,BRT1WLBDR003,2021-01-04,70.0,57445.30863636364,44,12,2545,B3 COTAHIST official annual file; last trading session 2021-01-04; 60-session average traded value,2021
2021-01-04,M1GM34.SA,M1GM34,bdr,MGM RESORTS,DRN,BRM1GMBDR019,2021-01-04,162.3,57380.991481481484,27,1,5,B3 COTAHIST official annual file; last trading session 2021-01-04; 60-session average traded value,2021
2021-01-04,H1OL34.SA,H1OL34,bdr,HOLOGIC INC,DRN,BRH1OLBDR004,2021-01-04,378.48,57186.363333333335,12,1,300,B3 COTAHIST official annual file; last trading session 2021-01-04; 60-session average traded value,2021
2021-01-04,J1EF34.SA,J1EF34,bdr,JEFFERIES FI,DRN,BRJ1EFBDR005,2021-01-04,131.54,56615.02428571428,7,7,1538,B3 COTAHIST official annual file; last trading session 2021-01-04; 60-session average traded value,2021
2021-01-04,R1HI34.SA,R1HI34,bdr,ROBERT HALF,DRN,BRR1HIBDR002,2021-01-04,321.8,55838.725000000006,6,23,401,B3 COTAHIST official annual file; last trading session 2021-01-04; 60-session average traded value,2021
2021-01-04,E1XR34.SA,E1XR34,bdr,EXTRA SPACE,DRN,BRE1XRBDR005,2021-01-04,145.93,55196.38666666666,6,1,600,B3 COTAHIST official annual file; last trading session 2021-01-04; 60-session average traded value,2021
2021-01-04,G1PI34.SA,G1PI34,bdr,GLOBAL PAYME,DRN,BRG1PIBDR008,2021-01-04,269.5,54748.765,10,4,601,B3 COTAHIST official annual file; last trading session 2021-01-04; 60-session average traded value,2021
2021-01-04,NOKI34.SA,NOKI34,bdr,NOKIA CORP,DRN,BRNOKIBDR005,2021-01-04,20.56,54663.999615384615,52,139,668,B3 COTAHIST official annual file; last trading session 2021-01-04; 60-session average traded value,2021
2021-01-04,A1PA34.SA,A1PA34,bdr,APACHE CORP,DRN,BRA1PABDR001,2021-01-04,77.64,54119.5336,50,28,1922,B3 COTAHIST official annual file; last trading session 2021-01-04; 60-session average traded value,2021
2021-01-04,T1RI34.SA,T1RI34,bdr,TRIPADVISOR,DRN,BRT1RIBDR009,2021-01-04,147.47,53501.37849999999,20,13,1500,B3 COTAHIST official annual file; last trading session 2021-01-04; 60-session average traded value,2021
2021-01-04,E1MR34.SA,E1MR34,bdr,EMERSON ELEC,DRN,BRE1MRBDR008,2021-01-04,410.73,53316.74199999999,5,1,200,B3 COTAHIST official annual file; last trading session 2021-01-04; 60-session average traded value,2021
2021-01-04,E1TR34.SA,E1TR34,bdr,ENTERGY CORP,DRN,BRE1TRBDR003,2021-01-04,258.85,53047.763333333336,3,1,200,B3 COTAHIST official annual file; last trading session 2021-01-04; 60-session average traded value,2021
2021-01-04,C1IC34.SA,C1IC34,bdr,CIGNA CORP,DRN,BRC1ICBDR000,2021-01-04,266.04,52985.32512820513,39,1,300,B3 COTAHIST official annual file; last trading session 2021-01-04; 60-session average traded value,2021
2021-01-04,U1AL34.SA,U1AL34,bdr,UNITED AIRLI,DRN,BRU1ALBDR006,2021-01-04,109.71,52713.173888888894,54,38,825,B3 COTAHIST official annual file; last trading session 2021-01-04; 60-session average traded value,2021
2021-01-04,S1NP34.SA,S1NP34,bdr,SYNOPSYS INC,DRN,BRS1NPBDR004,2021-01-04,331.81,52441.294285714284,14,1,400,B3 COTAHIST official annual file; last trading session 2021-01-04; 60-session average traded value,2021
2021-01-04,A1EP34.SA,A1EP34,bdr,AMERICAN ELE,DRN,BRA1EPBDR003,2021-01-04,214.8,51856.08083333333,36,1,300,B3 COTAHIST official annual file; last trading session 2021-01-04; 60-session average traded value,2021
2021-01-04,F1EC34.SA,F1EC34,bdr,FIRSTENERGY,DRN,BRF1ECBDR006,2021-01-04,155.28,51807.88055555555,18,3,600,B3 COTAHIST official annual file; last trading session 2021-01-04; 60-session average traded value,2021
2021-01-04,CAON34.SA,CAON34,bdr,CAPITAL ONE,DRN,BRCAONBDR009,2021-01-04,256.5,51758.33571428571,7,3,302,B3 COTAHIST official annual file; last trading session 2021-01-04; 60-session average traded value,2021
2021-01-04,L1OE34.SA,L1OE34,bdr,LOEWS CORP,DRN,BRL1OEBDR003,2021-01-04,231.62,51735.59875,8,1,10,B3 COTAHIST official annual file; last trading session 2021-01-04; 60-session average traded value,2021
2021-01-04,METB34.SA,METB34,bdr,METLIFE INC,DRN,BRMETBBDR004,2021-01-04,241.72,50950.996,25,4,600,B3 COTAHIST official annual file; last trading session 2021-01-04; 60-session average traded value,2021
2021-01-04,DVAI34.SA,DVAI34,bdr,DAVITA INC,DRN,BRDVAIBDR002,2021-01-04,604.21,50759.3625,16,1,200,B3 COTAHIST official annual file; last trading session 2021-01-04; 60-session average traded value,2021
2021-01-04,W1YN34.SA,W1YN34,bdr,WYNN RESORTS,DRN,BRW1YNBDR000,2021-01-04,279.5,50737.50944444444,18,6,600,B3 COTAHIST official annual file; last trading session 2021-01-04; 60-session average traded value,2021
2021-01-04,WATC34.SA,WATC34,bdr,WATERS CORP,DRN,BRWATCBDR009,2021-01-04,324.2,50623.833333333336,3,5,401,B3 COTAHIST official annual file; last trading session 2021-01-04; 60-session average traded value,2021
2021-01-04,C1AG34.SA,C1AG34,bdr,CONAGRA BRAN,DRN,BRC1AGBDR008,2021-01-04,190.0,50260.792499999996,4,2,501,B3 COTAHIST official annual file; last trading session 2021-01-04; 60-session average traded value,2021
2021-01-04,K1MX34.SA,K1MX34,bdr,CARMAX INC,DRN,BRK1MXBDR008,2021-01-04,243.14,49981.333333333336,3,1,300,B3 COTAHIST official annual file; last trading session 2021-01-04; 60-session average traded value,2021
2021-01-04,B1DX34.SA,B1DX34,bdr,BECTON DICKI,DRN,BRB1DXBDR008,2021-01-04,263.4,49936.49384615385,39,9,337,B3 COTAHIST official annual file; last trading session 2021-01-04; 60-session average traded value,2021
2021-01-04,UPAC34.SA,UPAC34,bdr,UNIONPACIFIC,DRN,BRUPACBDR001,2021-01-04,265.14,49638.82173913043,23,1,400,B3 COTAHIST official annual file; last trading session 2021-01-04; 60-session average traded value,2021
2021-01-04,TPRY34.SA,TPRY34,bdr,TAPESTRY INC,DRN,BRTPRYBDR001,2021-01-04,174.16,49423.245624999996,32,7,1042,B3 COTAHIST official annual file; last trading session 2021-01-04; 60-session average traded value,2021
2021-01-04,MDLZ34.SA,MDLZ34,bdr,MONDELEZ INT,DRN ED,BRMDLZBDR002,2021-01-04,151.26,49324.8203125,32,6,612,B3 COTAHIST official annual file; last trading session 2021-01-04; 60-session average traded value,2021
2021-01-04,DHER34.SA,DHER34,bdr,DANAHER CORP,DRN ED,BRDHERBDR004,2021-01-04,290.7,49266.846666666665,36,2,412,B3 COTAHIST official annual file; last trading session 2021-01-04; 60-session average traded value,2021
2021-01-04,D1HI34.SA,D1HI34,bdr,DR HORTON IN,DRN,BRD1HIBDR008,2021-01-04,349.0,49233.273846153854,13,6,601,B3 COTAHIST official annual file; last trading session 2021-01-04; 60-session average traded value,2021
2021-01-04,E1SS34.SA,E1SS34,bdr,ESSEX PROPER,DRN ED,BRE1SSBDR003,2021-01-04,121.11,49137.721875,32,5,96,B3 COTAHIST official annual file; last trading session 2021-01-04; 60-session average traded value,2021
2021-01-04,H1RB34.SA,H1RB34,bdr,HER BLOCK IN,DRN,BRH1RBBDR008,2021-01-04,81.22,49105.08272727273,11,1,590,B3 COTAHIST official annual file; last trading session 2021-01-04; 60-session average traded value,2021
2021-01-04,R1LC34.SA,R1LC34,bdr,RALPH LAUREN,DRN,BRR1LCBDR007,2021-01-04,264.01,48902.494999999995,2,1,70,B3 COTAHIST official annual file; last trading session 2021-01-04; 60-session average traded value,2021
2021-01-04,W1MC34.SA,W1MC34,bdr,WASTE MANAG,DRN,BRW1MCBDR008,2021-01-04,299.9,47826.15,6,11,611,B3 COTAHIST official annual file; last trading session 2021-01-04; 60-session average traded value,2021
2021-01-04,B1PP34.SA,B1PP34,bdr,BP PLC,DRN,BRB1PPBDR008,2021-01-04,27.47,47200.75075,40,20,4189,B3 COTAHIST official annual file; last trading session 2021-01-04; 60-session average traded value,2021
2021-01-04,INTU34.SA,INTU34,bdr,INTUIT INC,DRN,BRINTUBDR003,2021-01-04,490.21,47111.23923076923,13,2,2,B3 COTAHIST official annual file; last trading session 2021-01-04; 60-session average traded value,2021
2021-01-04,P1KI34.SA,P1KI34,bdr,PERKINELMER,DRN,BRP1KIBDR008,2021-01-04,376.38,47109.606,5,1,300,B3 COTAHIST official annual file; last trading session 2021-01-04; 60-session average traded value,2021
2021-01-04,DCVY35.SA,DCVY35,bdr,DISCOVERY IN,DRN C,BRDCVYBDR013,2021-01-04,137.37,46836.078125,16,6,1509,B3 COTAHIST official annual file; last trading session 2021-01-04; 60-session average traded value,2021
2021-01-04,S1YK34.SA,S1YK34,bdr,STRYKER CORP,DRN ED,BRS1YKBDR002,2021-01-04,310.96,46590.15666666667,6,6,499,B3 COTAHIST official annual file; last trading session 2021-01-04; 60-session average traded value,2021
2021-01-04,R1KU34.SA,R1KU34,bdr,ROKU INC,DRN,BRR1KUBDR001,2021-01-04,83.7,46579.85285714286,35,12,849,B3 COTAHIST official annual file; last trading session 2021-01-04; 60-session average traded value,2021
2021-01-04,A1PH34.SA,A1PH34,bdr,AMPHENOL COR,DRN,BRA1PHBDR006,2021-01-04,336.36,46415.02142857143,7,1,300,B3 COTAHIST official annual file; last trading session 2021-01-04; 60-session average traded value,2021
2021-01-04,S1BA34.SA,S1BA34,bdr,SBA COMMUNIC,DRN,BRS1BABDR001,2021-01-04,289.29,46343.378000000004,10,1,300,B3 COTAHIST official annual file; last trading session 2021-01-04; 60-session average traded value,2021
2021-01-04,C1FI34.SA,C1FI34,bdr,CF INDUSTRIE,DRN,BRC1FIBDR003,2021-01-04,200.79,46231.13333333333,3,1,300,B3 COTAHIST official annual file; last trading session 2021-01-04; 60-session average traded value,2021
2021-01-04,CAPH34.SA,CAPH34,bdr,CAPRI HOLDI,DRN,BRCAPHBDR008,2021-01-04,214.05,45919.41608695652,23,6,633,B3 COTAHIST official annual file; last trading session 2021-01-04; 60-session average traded value,2021
2021-01-04,A1LG34.SA,A1LG34,bdr,ALIGN TECHNO,DRN,BRA1LGBDR007,2021-01-04,700.5,45611.05945945946,37,3,110,B3 COTAHIST official annual file; last trading session 2021-01-04; 60-session average traded value,2021
2021-01-04,N1OV34.SA,N1OV34,bdr,NATIONAL OIL,DRN,BRN1OVBDR005,2021-01-04,72.71,45374.782380952376,21,1,600,B3 COTAHIST official annual file; last trading session 2021-01-04; 60-session average traded value,2021
2021-01-04,F1TV34.SA,F1TV34,bdr,FORTIVE CORP,DRN,BRF1TVBDR004,2021-01-04,180.79,45302.74285714285,7,1,400,B3 COTAHIST official annual file; last trading session 2021-01-04; 60-session average traded value,2021
2021-01-04,A1BM34.SA,A1BM34,bdr,ABIOMED INC,DRN,BRA1BMBDR006,2021-01-04,415.3,45203.42020408163,49,19,326,B3 COTAHIST official annual file; last trading session 2021-01-04; 60-session average traded value,2021
2021-01-04,DLTR34.SA,DLTR34,bdr,DOLLAR TREE,DRN,BRDLTRBDR004,2021-01-04,278.45,44666.601428571434,7,3,399,B3 COTAHIST official annual file; last trading session 2021-01-04; 60-session average traded value,2021
2021-01-04,K1LA34.SA,K1LA34,bdr,KLA CORP,DRN,BRK1LABDR008,2021-01-04,341.7,44610.216,5,2,339,B3 COTAHIST official annual file; last trading session 2021-01-04; 60-session average traded value,2021
2021-01-04,STMN34.SA,STMN34,bdr,STMICROEL,DRN,BRSTMNBDR009,2021-01-04,202.0,44463.823333333334,9,2,806,B3 COTAHIST official annual file; last trading session 2021-01-04; 60-session average traded value,2021
2021-01-04,TLNC34.SA,TLNC34,bdr,TELEFONIC,DRN,BRTLNCBDR005,2021-01-04,21.51,44455.26260000001,50,142,677,B3 COTAHIST official annual file; last trading session 2021-01-04; 60-session average traded value,2021
2021-01-04,C1XO34.SA,C1XO34,bdr,CONCHO RESOU,DRN,BRC1XOBDR004,2021-01-04,151.09,44374.108888888884,9,1,400,B3 COTAHIST official annual file; last trading session 2021-01-04; 60-session average traded value,2021
2021-01-04,CTSH34.SA,CTSH34,bdr,COGNIZANT,DRN,BRCTSHBDR002,2021-01-04,415.89,44167.176,10,1,200,B3 COTAHIST official annual file; last trading session 2021-01-04; 60-session average traded value,2021
2021-01-04,X1EL34.SA,X1EL34,bdr,XCEL ENERGY,DRN ED,BRX1ELBDR005,2021-01-04,172.63,43979.192307692305,13,1,500,B3 COTAHIST official annual file; last trading session 2021-01-04; 60-session average traded value,2021
2021-01-04,VRTX34.SA,VRTX34,bdr,VERTEX PHARM,DRN,BRVRTXBDR001,2021-01-04,298.7,43941.17999999999,49,5,413,B3 COTAHIST official annual file; last trading session 2021-01-04; 60-session average traded value,2021
2021-01-04,C1TX34.SA,C1TX34,bdr,CITRIX SYSTE,DRN,BRC1TXBDR003,2021-01-04,332.91,43539.57882352941,17,2,310,B3 COTAHIST official annual file; last trading session 2021-01-04; 60-session average traded value,2021
2021-01-04,D1FS34.SA,D1FS34,bdr,DISCOVER FIN,DRN,BRD1FSBDR001,2021-01-04,233.49,42945.84416666667,12,3,420,B3 COTAHIST official annual file; last trading session 2021-01-04; 60-session average traded value,2021
2021-01-04,C1TV34.SA,C1TV34,bdr,CORTEVA INC,DRN,BRC1TVBDR007,2021-01-04,50.74,42910.19677419355,31,5,1536,B3 COTAHIST official annual file; last trading session 2021-01-04; 60-session average traded value,2021
2021-01-04,P1KG34.SA,P1KG34,bdr,PACKAGING CO,DRN ED,BRP1KGBDR002,2021-01-04,355.54,42608.56800000001,5,1,300,B3 COTAHIST official annual file; last trading session 2021-01-04; 60-session average traded value,2021
2021-01-04,K1IM34.SA,K1IM34,bdr,KIMCO REALTY,DRN,BRK1IMBDR009,2021-01-04,76.31,42098.09166666667,18,2,20,B3 COTAHIST official annual file; last trading session 2021-01-04; 60-session average traded value,2021
2021-01-04,L1HX34.SA,L1HX34,bdr,L3HARRIS TEC,DRN,BRL1HXBDR007,2021-01-04,239.19,41693.574375,16,7,508,B3 COTAHIST official annual file; last trading session 2021-01-04; 60-session average traded value,2021
2021-01-04,LSXM34.SA,LSXM34,bdr,LIBERTY MEDI,DRN,BRLSXMBDR005,2021-01-04,222.31,41322.549999999996,6,2,200,B3 COTAHIST official annual file; last trading session 2021-01-04; 60-session average traded value,2021
2021-01-04,S1EA34.SA,S1EA34,bdr,SEALED AIR C,DRN,BRS1EABDR005,2021-01-04,235.01,41150.865,4,1,110,B3 COTAHIST official annual file; last trading session 2021-01-04; 60-session average traded value,2021
2021-01-04,T1RO34.SA,T1RO34,bdr,T ROWE PRICE,DRN,BRT1ROBDR007,2021-01-04,383.72,41096.33,2,1,200,B3 COTAHIST official annual file; last trading session 2021-01-04; 60-session average traded value,2021
2021-01-04,BEFA39.SA,BEFA39,bdr,MSCI EAFE,DRN,BRBEFABDR008,2021-01-04,48.46,41044.512727272726,22,2,1262,B3 COTAHIST official annual file; last trading session 2021-01-04; 60-session average traded value,2021
2021-01-04,D1IS34.SA,D1IS34,bdr,DISH NETWORK,DRN,BRD1ISBDR005,2021-01-04,166.55,40953.57722222222,18,3,804,B3 COTAHIST official annual file; last trading session 2021-01-04; 60-session average traded value,2021
2021-01-04,BEWT39.SA,BEWT39,bdr,MSCI TAIWAN,DRN,BRBEWTBDR003,2021-01-04,47.29,40867.60875,16,3,2720,B3 COTAHIST official annual file; last trading session 2021-01-04; 60-session average traded value,2021
2021-01-04,DEEC34.SA,DEEC34,bdr,DEERE CO,DRN ED,BRDEECBDR003,2021-01-04,697.5,40632.77130434783,46,3,203,B3 COTAHIST official annual file; last trading session 2021-01-04; 60-session average traded value,2021
2021-01-04,M1TT34.SA,M1TT34,bdr,MARRIOTT INT,DRN,BRM1TTBDR009,2021-01-04,165.04,40458.832142857136,14,1,2,B3 COTAHIST official annual file; last trading session 2021-01-04; 60-session average traded value,2021
2021-01-04,BOXP34.SA,BOXP34,bdr,BOSTON PROP,DRN ED,BRBOXPBDR008,2021-01-04,48.09,40393.81019230769,52,141,1321,B3 COTAHIST official annual file; last trading session 2021-01-04; 60-session average traded value,2021
2021-01-04,M1CK34.SA,M1CK34,bdr,MCKESSON COR,DRN,BRM1CKBDR004,2021-01-04,226.61,39962.845,12,1,400,B3 COTAHIST official annual file; last trading session 2021-01-04; 60-session average traded value,2021
2021-01-04,E1XP34.SA,E1XP34,bdr,EXPEDITORS I,DRN,BRE1XPBDR009,2021-01-04,242.51,39946.368,5,1,400,B3 COTAHIST official annual file; last trading session 2021-01-04; 60-session average traded value,2021
2021-01-04,GPRO34.SA,GPRO34,bdr,GOPRO,DRN,BRGPROBDR009,2021-01-04,42.59,39838.68652173913,46,13,230,B3 COTAHIST official annual file; last trading session 2021-01-04; 60-session average traded value,2021
2021-01-04,NOCG34.SA,NOCG34,bdr,NORTHROP GRU,DRN,BRNOCGBDR006,2021-01-04,310.9,39670.79,36,4,229,B3 COTAHIST official annual file; last trading session 2021-01-04; 60-session average traded value,2021
2021-01-04,V1TA34.SA,V1TA34,bdr,VENTAS INC,DRN ED,BRV1TABDR008,2021-01-04,124.19,39330.135882352944,17,2,508,B3 COTAHIST official annual file; last trading session 2021-01-04; 60-session average traded value,2021
2021-01-04,FLTC34.SA,FLTC34,bdr,FLEETCOR TEC,DRN,BRFLTCBDR001,2021-01-04,341.19,39328.9925,4,2,400,B3 COTAHIST official annual file; last trading session 2021-01-04; 60-session average traded value,2021
2021-01-04,M1XI34.SA,M1XI34,bdr,MAXIM INTEGR,DRN,BRM1XIBDR004,2021-01-04,456.62,39128.91142857143,7,1,200,B3 COTAHIST official annual file; last trading session 2021-01-04; 60-session average traded value,2021
2021-01-04,C1TA34.SA,C1TA34,bdr,CINTAS CORP,DRN,BRC1TABDR001,2021-01-04,362.7,38780.52833333333,6,1,1,B3 COTAHIST official annual file; last trading session 2021-01-04; 60-session average traded value,2021
2021-01-04,P1RG34.SA,P1RG34,bdr,PERRIGO CO P,DRN,BRP1RGBDR007,2021-01-04,233.9,38373.590909090904,11,2,11,B3 COTAHIST official annual file; last trading session 2021-01-04; 60-session average traded value,2021
2021-01-04,S1TX34.SA,S1TX34,bdr,SEAGATE TECH,DRN ED,BRS1TXBDR005,2021-01-04,316.68,38188.329,20,3,333,B3 COTAHIST official annual file; last trading session 2021-01-04; 60-session average traded value,2021
2021-01-04,T1EC34.SA,T1EC34,bdr,TECHNIPFMC P,DRN,BRT1ECBDR000,2021-01-04,52.15,37977.89655172414,29,4,728,B3 COTAHIST official annual file; last trading session 2021-01-04; 60-session average traded value,2021
2021-01-04,TRVC34.SA,TRVC34,bdr,TRAVELERS,DRN,BRTRVCBDR005,2021-01-04,354.0,37283.802500000005,8,5,601,B3 COTAHIST official annual file; last trading session 2021-01-04; 60-session average traded value,2021
2021-01-04,FFTD34.SA,FFTD34,bdr,FIFTH THIRD,DRN ED,BRFFTDBDR001,2021-01-04,141.33,36389.5375,8,1,400,B3 COTAHIST official annual file; last trading session 2021-01-04; 60-session average traded value,2021
2021-01-04,SLBC34.SA,SLBC34,bdr,STERLING BNC,DRN,BRSLBCBDR002,2021-01-04,94.0,36345.565294117645,17,2,201,B3 COTAHIST official annual file; last trading session 2021-01-04; 60-session average traded value,2021
2021-01-04,A1NT34.SA,A1NT34,bdr,ANTHEM INC,DRN,BRA1NTBDR006,2021-01-04,329.52,36136.63214285714,14,2,208,B3 COTAHIST official annual file; last trading session 2021-01-04; 60-session average traded value,2021
2021-01-04,N1DA34.SA,N1DA34,bdr,NASDAQ INC,DRN,BRN1DABDR002,2021-01-04,349.4,35806.21849056604,53,36,240,B3 COTAHIST official annual file; last trading session 2021-01-04; 60-session average traded value,2021
2021-01-04,H1FC34.SA,H1FC34,bdr,HOLLYFRONTIE,DRN,BRH1FCBDR001,2021-01-04,131.49,35767.63,6,1,30,B3 COTAHIST official annual file; last trading session 2021-01-04; 60-session average traded value,2021
2021-01-04,G1MI34.SA,G1MI34,bdr,GENERAL MILL,DRN,BRG1MIBDR005,2021-01-04,309.19,35455.11619047619,21,4,600,B3 COTAHIST official annual file; last trading session 2021-01-04; 60-session average traded value,2021
2021-01-04,O1KT34.SA,O1KT34,bdr,OKTA INC,DRN,BRO1KTBDR006,2021-01-04,65.3,35346.51789473684,19,5,164,B3 COTAHIST official annual file; last trading session 2021-01-04; 60-session average traded value,2021
2021-01-04,I1CE34.SA,I1CE34,bdr,INTERCONTINE,DRN,BRI1CEBDR003,2021-01-04,295.99,35318.60117647058,17,4,601,B3 COTAHIST official annual file; last trading session 2021-01-04; 60-session average traded value,2021
2021-01-04,D1XC34.SA,D1XC34,bdr,DXC TECHNOLO,DRN,BRD1XCBDR008,2021-01-04,137.76,35130.560952380954,21,2,800,B3 COTAHIST official annual file; last trading session 2021-01-04; 60-session average traded value,2021
2021-01-04,M1SC34.SA,M1SC34,bdr,MSCI INC,DRN,BRM1SCBDR007,2021-01-04,571.61,34714.568333333336,6,1,200,B3 COTAHIST official annual file; last trading session 2021-01-04; 60-session average traded value,2021
2021-01-04,F1RI34.SA,F1RI34,bdr,FEDERAL REAL,DRN ED,BRF1RIBDR005,2021-01-04,109.65,34658.97510638298,47,45,1128,B3 COTAHIST official annual file; last trading session 2021-01-04; 60-session average traded value,2021
2021-01-04,BILF39.SA,BILF39,bdr,LATIN AMER40,DRN,BRBILFBDR006,2021-01-04,51.75,34594.141,20,10,990,B3 COTAHIST official annual file; last trading session 2021-01-04; 60-session average traded value,2021
2021-01-04,USBC34.SA,USBC34,bdr,US BANCORP,DRN ED,BRUSBCBDR003,2021-01-04,240.17,34451.498,25,1,300,B3 COTAHIST official annual file; last trading session 2021-01-04; 60-session average traded value,2021
2021-01-04,H1RL34.SA,H1RL34,bdr,HORMEL FOODS,DRN,BRH1RLBDR007,2021-01-04,240.88,34233.37222222222,9,1,300,B3 COTAHIST official annual file; last trading session 2021-01-04; 60-session average traded value,2021
2021-01-04,FMXB34.SA,FMXB34,bdr,FEMSA,DRN,BRFMXBBDR003,2021-01-04,394.2,33557.01652173913,23,2,202,B3 COTAHIST official annual file; last trading session 2021-01-04; 60-session average traded value,2021
2021-01-04,I1RP34.SA,I1RP34,bdr,TRANE TECH,DRN,BRI1RPBDR007,2021-01-04,375.72,33145.65705882353,17,1,200,B3 COTAHIST official annual file; last trading session 2021-01-04; 60-session average traded value,2021
2021-01-04,D1OC34.SA,D1OC34,bdr,DOCUSIGN INC,DRN,BRD1OCBDR007,2021-01-04,57.55,33106.358199999995,50,32,789,B3 COTAHIST official annual file; last trading session 2021-01-04; 60-session average traded value,2021
2021-01-04,E1FX34.SA,E1FX34,bdr,EQUIFAX INC,DRN,BRE1FXBDR000,2021-01-04,244.12,32844.71333333333,3,1,400,B3 COTAHIST official annual file; last trading session 2021-01-04; 60-session average traded value,2021
2021-01-04,X1YL34.SA,X1YL34,bdr,XYLEM INC,DRN,BRX1YLBDR003,2021-01-04,261.55,32807.4225,4,2,410,B3 COTAHIST official annual file; last trading session 2021-01-04; 60-session average traded value,2021
2021-01-04,B1WA34.SA,B1WA34,bdr,BORGWARNER I,DRN,BRB1WABDR006,2021-01-04,199.42,32609.621666666662,6,1,300,B3 COTAHIST official annual file; last trading session 2021-01-04; 60-session average traded value,2021
2021-01-04,I1RM34.SA,I1RM34,bdr,IRON MOUNTAI,DRN,BRI1RMBDR004,2021-01-04,152.34,32514.95042553191,47,7,610,B3 COTAHIST official annual file; last trading session 2021-01-04; 60-session average traded value,2021
2021-01-04,H1CA34.SA,H1CA34,bdr,HCA HEALTHCA,DRN,BRH1CABDR002,2021-01-04,418.58,32427.74846153846,13,2,400,B3 COTAHIST official annual file; last trading session 2021-01-04; 60-session average traded value,2021
2021-01-04,LOWC34.SA,LOWC34,bdr,LOWES COMPA,DRN,BRLOWCBDR007,2021-01-04,421.41,31957.975476190477,42,7,529,B3 COTAHIST official annual file; last trading session 2021-01-04; 60-session average traded value,2021
2021-01-04,BEWH39.SA,BEWH39,bdr,MSCIHONGKONG,DRN,BRBEWHBDR008,2021-01-04,43.76,31810.500666666667,15,3,2523,B3 COTAHIST official annual file; last trading session 2021-01-04; 60-session average traded value,2021
2021-01-04,R1OP34.SA,R1OP34,bdr,ROPER TECHNO,DRN,BRR1OPBDR003,2021-01-04,218.32,31711.7025,12,1,50,B3 COTAHIST official annual file; last trading session 2021-01-04; 60-session average traded value,2021
2021-01-04,M1MC34.SA,M1MC34,bdr,MARSH E MCLE,DRN,BRM1MCBDR000,2021-01-04,296.58,31616.53857142857,7,2,600,B3 COTAHIST official annual file; last trading session 2021-01-04; 60-session average traded value,2021
2021-01-04,H1BA34.SA,H1BA34,bdr,HUNTINGTON B,DRN,BRH1BABDR004,2021-01-04,65.45,31569.62357142857,14,1,900,B3 COTAHIST official annual file; last trading session 2021-01-04; 60-session average traded value,2021
2021-01-04,MKLC34.SA,MKLC34,bdr,MARKEL CORP,DRN,BRMKLCBDR006,2021-01-04,263.95,31567.954285714284,7,4,110,B3 COTAHIST official annual file; last trading session 2021-01-04; 60-session average traded value,2021
2021-01-04,P1NW34.SA,P1NW34,bdr,PINNACLE WES,DRN,BRP1NWBDR003,2021-01-04,209.0,31560.015,2,1,300,B3 COTAHIST official annual file; last trading session 2021-01-04; 60-session average traded value,2021
2021-01-04,M1CB34.SA,M1CB34,bdr,MOLSON COORS,DRN,BRM1CBBDR003,2021-01-04,237.72,31495.505454545455,11,1,300,B3 COTAHIST official annual file; last trading session 2021-01-04; 60-session average traded value,2021
2021-01-04,E1TN34.SA,E1TN34,bdr,EATON CORP P,DRN,BRE1TNBDR002,2021-01-04,313.49,31430.985925925925,27,4,319,B3 COTAHIST official annual file; last trading session 2021-01-04; 60-session average traded value,2021
2021-01-04,CINF34.SA,CINF34,bdr,CINCINNATI,DRN,BRCINFBDR000,2021-01-04,221.44,31373.583333333332,6,1,300,B3 COTAHIST official annual file; last trading session 2021-01-04; 60-session average traded value,2021
2021-01-04,LBRN34.SA,LBRN34,bdr,L BRANDS,DRN,BRLBRNBDR001,2021-01-04,52.12,31320.98120689655,58,105,2742,B3 COTAHIST official annual file; last trading session 2021-01-04; 60-session average traded value,2021
2021-01-04,C1PR34.SA,C1PR34,bdr,COPART INC,DRN,BRC1PRBDR003,2021-01-04,318.24,31275.060000000005,10,1,170,B3 COTAHIST official annual file; last trading session 2021-01-04; 60-session average traded value,2021
2021-01-04,M1KC34.SA,M1KC34,bdr,MCCORMICK,DRN ED,BRM1KCBDR004,2021-01-04,122.78,30943.412500000002,4,1,300,B3 COTAHIST official annual file; last trading session 2021-01-04; 60-session average traded value,2021
2021-01-04,S1YM34.SA,S1YM34,bdr,NORTONLIFE,DRN,BRS1YMBDR008,2021-01-04,109.61,30916.63357142857,28,6,1300,B3 COTAHIST official annual file; last trading session 2021-01-04; 60-session average traded value,2021
2021-01-04,L1IN34.SA,L1IN34,bdr,LINDE PLC,DRN,BRL1INBDR006,2021-01-04,340.6,30731.451250000002,16,3,13,B3 COTAHIST official annual file; last trading session 2021-01-04; 60-session average traded value,2021
2021-01-04,Z1TS34.SA,Z1TS34,bdr,ZOETIS INC,DRN,BRZ1TSBDR006,2021-01-04,212.44,30307.028484848488,33,1,400,B3 COTAHIST official annual file; last trading session 2021-01-04; 60-session average traded value,2021
2021-01-04,H1BI34.SA,H1BI34,bdr,HANESBRANDS,DRN,BRH1BIBDR007,2021-01-04,75.5,30289.191923076924,26,1,1000,B3 COTAHIST official annual file; last trading session 2021-01-04; 60-session average traded value,2021
2021-01-04,F1SL34.SA,F1SL34,bdr,FASTLY INC,DRN,BRF1SLBDR007,2021-01-04,44.06,30138.66411764706,34,3,6,B3 COTAHIST official annual file; last trading session 2021-01-04; 60-session average traded value,2021
2021-01-04,S1LG34.SA,S1LG34,bdr,SL GREEN REA,DRN,BRS1LGBDR007,2021-01-04,152.2,30070.98377777778,45,6,393,B3 COTAHIST official annual file; last trading session 2021-01-04; 60-session average traded value,2021
2021-01-04,B1RF34.SA,B1RF34,bdr,BROADRIDGE F,DRN,BRB1RFBDR005,2021-01-04,197.29,30011.765,4,1,500,B3 COTAHIST official annual file; last trading session 2021-01-04; 60-session average traded value,2021
2021-01-04,I1QV34.SA,I1QV34,bdr,IQVIA HOLDIN,DRN,BRI1QVBDR007,2021-01-04,230.06,29886.95,6,1,20,B3 COTAHIST official annual file; last trading session 2021-01-04; 60-session average traded value,2021
2021-01-04,A1PD34.SA,A1PD34,bdr,AIR PRODUCTS,DRN ED,BRA1PDBDR005,2021-01-04,353.35,29841.450714285715,14,1,300,B3 COTAHIST official annual file; last trading session 2021-01-04; 60-session average traded value,2021
2021-01-04,D1EX34.SA,D1EX34,bdr,DEXCOM INC,DRN,BRD1EXBDR004,2021-01-04,38.25,29689.098095238092,21,1,125,B3 COTAHIST official annual file; last trading session 2021-01-04; 60-session average traded value,2021
2021-01-04,C1PB34.SA,C1PB34,bdr,CAMPBELL SOU,DRN,BRC1PBBDR007,2021-01-04,252.46,29437.752500000002,8,1,300,B3 COTAHIST official annual file; last trading session 2021-01-04; 60-session average traded value,2021
2021-01-04,A1UA34.SA,A1UA34,bdr,ANGLOGOLD AS,DRN,BRA1UABDR001,2021-01-04,32.82,29425.533750000002,8,12,6035,B3 COTAHIST official annual file; last trading session 2021-01-04; 60-session average traded value,2021
2021-01-04,S1JM34.SA,S1JM34,bdr,THE JM SMUCK,DRN,BRS1JMBDR009,2021-01-04,303.26,29266.60083333333,12,1,300,B3 COTAHIST official annual file; last trading session 2021-01-04; 60-session average traded value,2021
2021-01-04,DUKB34.SA,DUKB34,bdr,DUKE ENERGY,DRN,BRDUKBBDR008,2021-01-04,471.61,29194.270294117647,34,4,207,B3 COTAHIST official annual file; last trading session 2021-01-04; 60-session average traded value,2021
2021-01-04,D1EL34.SA,D1EL34,bdr,DELL TECHNOL,DRN,BRD1ELBDR009,2021-01-04,377.67,29169.21886363636,44,1,300,B3 COTAHIST official annual file; last trading session 2021-01-04; 60-session average traded value,2021
2021-01-04,A1JG34.SA,A1JG34,bdr,ARTHUR J GAL,DRN,BRA1JGBDR001,2021-01-04,313.97,29058.805555555555,9,1,300,B3 COTAHIST official annual file; last trading session 2021-01-04; 60-session average traded value,2021
2021-01-04,C1AH34.SA,C1AH34,bdr,CARDINAL HEA,DRN ED,BRC1AHBDR006,2021-01-04,274.85,28993.228499999997,20,5,308,B3 COTAHIST official annual file; last trading session 2021-01-04; 60-session average traded value,2021
2021-01-04,S1RE34.SA,S1RE34,bdr,SEMPRA ENERG,DRN,BRS1REBDR009,2021-01-04,163.27,28742.552000000003,5,1,400,B3 COTAHIST official annual file; last trading session 2021-01-04; 60-session average traded value,2021
2021-01-04,D1DG34.SA,D1DG34,bdr,DATADOG INC,DRN,BRD1DGBDR001,2021-01-04,48.3,28643.285,16,7,3258,B3 COTAHIST official annual file; last trading session 2021-01-04; 60-session average traded value,2021
2021-01-04,GPRK34.SA,GPRK34,bdr,GEOPARK LTD,DRN,BRGPRKBDR007,2021-01-04,66.81,28140.558823529413,17,1,100,B3 COTAHIST official annual file; last trading session 2021-01-04; 60-session average traded value,2021
2021-01-04,FOXC34.SA,FOXC34,bdr,FOX CORP,DRN,BRFOXCBDR007,2021-01-04,150.24,28010.379285714287,28,2,800,B3 COTAHIST official annual file; last trading session 2021-01-04; 60-session average traded value,2021
2021-01-04,W1EL34.SA,W1EL34,bdr,WELLTOWER IN,DRN,BRW1ELBDR006,2021-01-04,163.6,27961.576363636366,22,3,410,B3 COTAHIST official annual file; last trading session 2021-01-04; 60-session average traded value,2021
2021-01-04,BNDA39.SA,BNDA39,bdr,MSCI INDIA,DRN,BRBNDABDR004,2021-01-04,53.09,27943.234,15,1,75,B3 COTAHIST official annual file; last trading session 2021-01-04; 60-session average traded value,2021
2021-01-04,A1MB34.SA,A1MB34,bdr,AMERISOURCEB,DRN,BRA1MBBDR006,2021-01-04,255.1,27777.497647058823,17,2,310,B3 COTAHIST official annual file; last trading session 2021-01-04; 60-session average traded value,2021
2021-01-04,Q1UE34.SA,Q1UE34,bdr,QUEST DIAGNO,DRN,BRQ1UEBDR005,2021-01-04,308.89,27644.1075,8,1,1,B3 COTAHIST official annual file; last trading session 2021-01-04; 60-session average traded value,2021
2021-01-04,H1ZN34.SA,H1ZN34,bdr,HORIZON THER,DRN,BRH1ZNBDR006,2021-01-04,37.53,27238.572954545452,44,1,480,B3 COTAHIST official annual file; last trading session 2021-01-04; 60-session average traded value,2021
2021-01-04,TMCO34.SA,TMCO34,bdr,TOYOTAMO,DRN,BRTMCOBDR001,2021-01-04,804.81,27189.91243902439,41,11,229,B3 COTAHIST official annual file; last trading session 2021-01-04; 60-session average traded value,2021
2021-01-04,GDBR34.SA,GDBR34,bdr,GEN DYNAMICS,DRN,BRGDBRBDR002,2021-01-04,766.3,27054.502249999998,40,8,203,B3 COTAHIST official annual file; last trading session 2021-01-04; 60-session average traded value,2021
2021-01-04,K1TC34.SA,K1TC34,bdr,KT CORP,DRN ED,BRK1TCBDR007,2021-01-04,57.95,27043.03833333333,12,5,1246,B3 COTAHIST official annual file; last trading session 2021-01-04; 60-session average traded value,2021
2021-01-04,U1NM34.SA,U1NM34,bdr,UNUM GROUP,DRN,BRU1NMBDR007,2021-01-04,116.96,27034.746,25,1,500,B3 COTAHIST official annual file; last trading session 2021-01-04; 60-session average traded value,2021
2021-01-04,S1GE34.SA,S1GE34,bdr,SEAGEN,DRN,BRS1GEBDR002,2021-01-04,44.25,26995.995,30,10,1301,B3 COTAHIST official annual file; last trading session 2021-01-04; 60-session average traded value,2021
2021-01-04,Z1BR34.SA,Z1BR34,bdr,ZEBRA TECHNO,DRN,BRZ1BRBDR006,2021-01-04,66.72,26893.252352941177,17,2,1770,B3 COTAHIST official annual file; last trading session 2021-01-04; 60-session average traded value,2021
2021-01-04,A1FL34.SA,A1FL34,bdr,AFLAC INC,DRN,BRA1FLBDR009,2021-01-04,227.52,26477.79318181818,22,1,300,B3 COTAHIST official annual file; last trading session 2021-01-04; 60-session average traded value,2021
2021-01-04,N1VS34.SA,N1VS34,bdr,NOVARTIS AG,DRN,BRN1VSBDR006,2021-01-04,49.83,26476.72645833333,48,11,1656,B3 COTAHIST official annual file; last trading session 2021-01-04; 60-session average traded value,2021
2021-01-04,R1OK34.SA,R1OK34,bdr,ROCKWELL AUT,DRN,BRR1OKBDR004,2021-01-04,325.89,26401.75266666667,15,2,287,B3 COTAHIST official annual file; last trading session 2021-01-04; 60-session average traded value,2021
2021-01-04,FASL34.SA,FASL34,bdr,FASTENAL,DRN,BRFASLBDR007,2021-01-04,248.51,26375.373,10,3,202,B3 COTAHIST official annual file; last trading session 2021-01-04; 60-session average traded value,2021
2021-01-04,B1FC34.SA,B1FC34,bdr,BROWN FORMAN,DRN,BRB1FCBDR007,2021-01-04,408.25,26313.87,4,1,200,B3 COTAHIST official annual file; last trading session 2021-01-04; 60-session average traded value,2021
2021-01-04,M1SI34.SA,M1SI34,bdr,MOTOROLA SOL,DRN,BRM1SIBDR004,2021-01-04,218.11,26052.242857142857,7,1,400,B3 COTAHIST official annual file; last trading session 2021-01-04; 60-session average traded value,2021
2021-01-04,P1IO34.SA,P1IO34,bdr,PIONEER NATU,DRN ED,BRP1IOBDR000,2021-01-04,149.96,25558.66533333333,15,4,406,B3 COTAHIST official annual file; last trading session 2021-01-04; 60-session average traded value,2021
2021-01-04,BIEF39.SA,BIEF39,bdr,COREMSCIEAFE,DRN,BRBIEFBDR001,2021-01-04,45.45,25489.116666666665,9,1,1400,B3 COTAHIST official annual file; last trading session 2021-01-04; 60-session average traded value,2021
2021-01-04,V1NO34.SA,V1NO34,bdr,VORNADO REAL,DRN,BRV1NOBDR002,2021-01-04,192.49,25455.159285714286,28,3,400,B3 COTAHIST official annual file; last trading session 2021-01-04; 60-session average traded value,2021
2021-01-04,G1PC34.SA,G1PC34,bdr,GENUINE PART,DRN,BRG1PCBDR001,2021-01-04,256.09,24990.515,4,1,250,B3 COTAHIST official annual file; last trading session 2021-01-04; 60-session average traded value,2021
2021-01-04,BEWU39.SA,BEWU39,bdr,MSCI UK,DRN,BRBEWUBDR001,2021-01-04,52.2,24977.4019047619,21,7,506,B3 COTAHIST official annual file; last trading session 2021-01-04; 60-session average traded value,2021
2021-01-04,T1OW34.SA,T1OW34,bdr,AMERICAN TOW,DRN ED,BRT1OWBDR007,2021-01-04,289.4,24839.9553125,32,2,301,B3 COTAHIST official annual file; last trading session 2021-01-04; 60-session average traded value,2021
2021-01-04,S1RP34.SA,S1RP34,bdr,SAREPTA THER,DRN,BRS1RPBDR005,2021-01-04,43.44,24815.294615384617,26,1,90,B3 COTAHIST official annual file; last trading session 2021-01-04; 60-session average traded value,2021
2021-01-04,SLBG34.SA,SLBG34,bdr,SCHLUMBERGER,DRN,BRSLBGBDR003,2021-01-04,115.52,24755.86304347826,23,2,191,B3 COTAHIST official annual file; last trading session 2021-01-04; 60-session average traded value,2021
2021-01-04,A1IV34.SA,A1IV34,bdr,APARTMENT IN,DRN,BRA1IVBDR002,2021-01-04,26.62,24704.35387096774,31,36,665,B3 COTAHIST official annual file; last trading session 2021-01-04; 60-session average traded value,2021
2021-01-04,S1SL34.SA,S1SL34,bdr,SKYWORKS SOL,DRN,BRS1SLBDR002,2021-01-04,390.93,24528.42875,8,1,300,B3 COTAHIST official annual file; last trading session 2021-01-04; 60-session average traded value,2021
2021-01-04,R1OL34.SA,R1OL34,bdr,ROLLINS INC,DRN,BRR1OLBDR002,2021-01-04,200.21,24506.731,10,1,400,B3 COTAHIST official annual file; last trading session 2021-01-04; 60-session average traded value,2021
2021-01-04,A1GI34.SA,A1GI34,bdr,AGILENT TECH,DRN ED,BRA1GIBDR003,2021-01-04,305.0,24417.582727272726,11,3,29,B3 COTAHIST official annual file; last trading session 2021-01-04; 60-session average traded value,2021
2021-01-04,F1TN34.SA,F1TN34,bdr,FORTINET INC,DRN,BRF1TNBDR001,2021-01-04,379.08,24371.881,10,2,42,B3 COTAHIST official annual file; last trading session 2021-01-04; 60-session average traded value,2021
2021-01-04,VFCO34.SA,VFCO34,bdr,VF CORP,DRN,BRVFCOBDR001,2021-01-04,222.09,24294.311999999998,10,1,300,B3 COTAHIST official annual file; last trading session 2021-01-04; 60-session average traded value,2021
2021-01-04,R1FC34.SA,R1FC34,bdr,REGIONS FINA,DRN,BRR1FCBDR009,2021-01-04,82.77,24241.105,12,1,300,B3 COTAHIST official annual file; last trading session 2021-01-04; 60-session average traded value,2021
2021-01-04,D1RE34.SA,D1RE34,bdr,DUKE REALTY,DRN,BRD1REBDR006,2021-01-04,203.27,23946.164615384616,13,2,10,B3 COTAHIST official annual file; last trading session 2021-01-04; 60-session average traded value,2021
2021-01-04,I1BN34.SA,I1BN34,bdr,ICICI BANK L,DRN,BRI1BNBDR006,2021-01-04,76.09,23703.295,12,2,1700,B3 COTAHIST official annual file; last trading session 2021-01-04; 60-session average traded value,2021
2021-01-04,O1KE34.SA,O1KE34,bdr,ONEOK INC,DRN,BRO1KEBDR008,2021-01-04,98.87,23658.2032,25,2,425,B3 COTAHIST official annual file; last trading session 2021-01-04; 60-session average traded value,2021
2021-01-04,YUMR34.SA,YUMR34,bdr,YUM BRANDS,DRN,BRYUMRBDR006,2021-01-04,276.4,23542.76625,8,4,401,B3 COTAHIST official annual file; last trading session 2021-01-04; 60-session average traded value,2021
2021-01-04,U1HS34.SA,U1HS34,bdr,UNIVERSAL HE,DRN,BRU1HSBDR006,2021-01-04,175.35,23369.551333333333,15,2,401,B3 COTAHIST official annual file; last trading session 2021-01-04; 60-session average traded value,2021
2021-01-04,W1RK34.SA,W1RK34,bdr,WESTROCK CO,DRN,BRW1RKBDR000,2021-01-04,223.41,23043.319,10,1,300,B3 COTAHIST official annual file; last trading session 2021-01-04; 60-session average traded value,2021
2021-01-04,I1SR34.SA,I1SR34,bdr,INTUITIVE SU,DRN,BRI1SRBDR001,2021-01-04,420.49,23031.62864864865,37,4,364,B3 COTAHIST official annual file; last trading session 2021-01-04; 60-session average traded value,2021
2021-01-04,I1FO34.SA,I1FO34,bdr,INFOSYS LTD,DRN,BRI1FOBDR005,2021-01-04,44.99,22954.575333333334,15,4,3200,B3 COTAHIST official annual file; last trading session 2021-01-04; 60-session average traded value,2021
2021-01-04,L1YB34.SA,L1YB34,bdr,LYONDELLBASE,DRN,BRL1YBBDR008,2021-01-04,236.38,22799.010499999997,20,7,700,B3 COTAHIST official annual file; last trading session 2021-01-04; 60-session average traded value,2021
2021-01-04,E1DI34.SA,E1DI34,bdr,CONSOLIDATED,DRN,BRE1DIBDR006,2021-01-04,185.9,22790.96111111111,9,1,300,B3 COTAHIST official annual file; last trading session 2021-01-04; 60-session average traded value,2021
2021-01-04,TXSA34.SA,TXSA34,bdr,TERNIUMSA,DRN,BRTXSABDR003,2021-01-04,156.41,22736.525454545455,11,5,190,B3 COTAHIST official annual file; last trading session 2021-01-04; 60-session average traded value,2021
2021-01-04,DEOP34.SA,DEOP34,bdr,DIAGEO PL,DRN,BRDEOPBDR004,2021-01-04,844.8,22607.173448275862,29,6,21,B3 COTAHIST official annual file; last trading session 2021-01-04; 60-session average traded value,2021
2021-01-04,CRHP34.SA,CRHP34,bdr,CRH PLC,DRN,BRCRHPBDR002,2021-01-04,226.29,22570.9525,8,1,6,B3 COTAHIST official annual file; last trading session 2021-01-04; 60-session average traded value,2021
2021-01-04,S1NA34.SA,S1NA34,bdr,SNAP-ON INC,DRN,BRS1NABDR006,2021-01-04,219.91,22555.135833333334,12,3,21,B3 COTAHIST official annual file; last trading session 2021-01-04; 60-session average traded value,2021
2021-01-04,CPRL34.SA,CPRL34,bdr,CANAD PACIFI,DRN ED,BRCPRLBDR004,2021-01-04,454.19,22010.898333333334,6,1,70,B3 COTAHIST official annual file; last trading session 2021-01-04; 60-session average traded value,2021
2021-01-04,BAER39.SA,BAER39,bdr,US AEROSPACE,DRN,BRBAERBDR003,2021-01-04,24.03,21693.519333333334,15,2,481,B3 COTAHIST official annual file; last trading session 2021-01-04; 60-session average traded value,2021
2021-01-04,MCOR34.SA,MCOR34,bdr,MOODYS CORP,DRN,BRMCORBDR005,2021-01-04,381.2,21665.164999999997,18,4,601,B3 COTAHIST official annual file; last trading session 2021-01-04; 60-session average traded value,2021
2021-01-04,N1RG34.SA,N1RG34,bdr,NRG ENERGY I,DRN,BRN1RGBDR009,2021-01-04,191.38,21332.079999999998,17,2,800,B3 COTAHIST official annual file; last trading session 2021-01-04; 60-session average traded value,2021
2021-01-04,A1EE34.SA,A1EE34,bdr,AMEREN CORP,DRN,BRA1EEBDR007,2021-01-04,199.6,21310.593846153843,13,1,400,B3 COTAHIST official annual file; last trading session 2021-01-04; 60-session average traded value,2021
2021-01-04,ELCI34.SA,ELCI34,bdr,ESTEE LAUDER,DRN,BRELCIBDR007,2021-01-04,667.81,21271.7825,8,4,103,B3 COTAHIST official annual file; last trading session 2021-01-04; 60-session average traded value,2021
2021-01-04,L1BT35.SA,L1BT35,bdr,LIBERTY GLOB,DRN,BRL1BTBDR024,2021-01-04,31.66,21027.968461538458,13,10,6002,B3 COTAHIST official annual file; last trading session 2021-01-04; 60-session average traded value,2021
2021-01-04,BEWY39.SA,BEWY39,bdr,MSCISOUTHKOR,DRN,BRBEWYBDR003,2021-01-04,57.95,20948.539285714283,14,6,2788,B3 COTAHIST official annual file; last trading session 2021-01-04; 60-session average traded value,2021
2021-01-04,K1EL34.SA,K1EL34,bdr,KELLOGG CO,DRN,BRK1ELBDR000,2021-01-04,161.64,20898.96705882353,17,7,816,B3 COTAHIST official annual file; last trading session 2021-01-04; 60-session average traded value,2021
2021-01-04,BIJR39.SA,BIJR39,bdr,CORESMALLCAP,DRN,BRBIJRBDR005,2021-01-04,59.11,20749.84,9,2,1698,B3 COTAHIST official annual file; last trading session 2021-01-04; 60-session average traded value,2021
2021-01-04,WUNI34.SA,WUNI34,bdr,WESTERNUNION,DRN ED,BRWUNIBDR007,2021-01-04,113.92,20745.297826086957,23,1,800,B3 COTAHIST official annual file; last trading session 2021-01-04; 60-session average traded value,2021
2021-01-04,V1IP34.SA,V1IP34,bdr,VIPSHOP HOLD,DRN,BRV1IPBDR009,2021-01-04,74.55,20469.120000000003,18,3,1741,B3 COTAHIST official annual file; last trading session 2021-01-04; 60-session average traded value,2021
2021-01-04,C1BS34.SA,C1BS34,bdr,VIACOMCBS,DRN,BRC1BSBDR001,2021-01-04,194.6,20251.259285714284,28,22,987,B3 COTAHIST official annual file; last trading session 2021-01-04; 60-session average traded value,2021
2021-01-04,COLG34.SA,COLG34,bdr,COLGATE,DRN,BRCOLGBDR000,2021-01-04,444.7,20234.523541666666,48,6,125,B3 COTAHIST official annual file; last trading session 2021-01-04; 60-session average traded value,2021
2021-01-04,KMBB34.SA,KMBB34,bdr,KIMBERLY CL,DRN,BRKMBBBDR009,2021-01-04,699.19,20147.969,40,1,100,B3 COTAHIST official annual file; last trading session 2021-01-04; 60-session average traded value,2021
2021-01-04,U1DR34.SA,U1DR34,bdr,UDR INC,DRN,BRU1DRBDR007,2021-01-04,195.17,19796.943333333333,6,1,300,B3 COTAHIST official annual file; last trading session 2021-01-04; 60-session average traded value,2021
2021-01-04,W1MB34.SA,W1MB34,bdr,WILLIAMS COS,DRN,BRW1MBBDR000,2021-01-04,105.74,19727.21,16,2,610,B3 COTAHIST official annual file; last trading session 2021-01-04; 60-session average traded value,2021
2021-01-04,A1WK34.SA,A1WK34,bdr,AMERICAN WAT,DRN,BRA1WKBDR006,2021-01-04,197.92,19296.865833333333,12,1,500,B3 COTAHIST official annual file; last trading session 2021-01-04; 60-session average traded value,2021
2021-01-04,G1SK34.SA,G1SK34,bdr,GLAXOSMITHKL,DRN,BRG1SKBDR008,2021-01-04,39.67,19171.747333333333,45,4,3682,B3 COTAHIST official annual file; last trading session 2021-01-04; 60-session average traded value,2021
2021-01-04,S1WK34.SA,S1WK34,bdr,STANLEY BLAC,DRN,BRS1WKBDR006,2021-01-04,221.03,18725.814166666667,12,1,400,B3 COTAHIST official annual file; last trading session 2021-01-04; 60-session average traded value,2021
2021-01-04,P1EA34.SA,P1EA34,bdr,HEALTHPEAK P,DRN,BRP1EABDR008,2021-01-04,153.7,18686.684074074074,27,5,420,B3 COTAHIST official annual file; last trading session 2021-01-04; 60-session average traded value,2021
2021-01-04,T1SS34.SA,T1SS34,bdr,TENARIS SA,DRN,BRT1SSBDR006,2021-01-04,41.9,18493.862,10,1,2500,B3 COTAHIST official annual file; last trading session 2021-01-04; 60-session average traded value,2021
2021-01-04,G1FI34.SA,G1FI34,bdr,GOLD FIELDS,DRN,BRG1FIBDR009,2021-01-04,27.9,18440.585000000003,6,8,1061,B3 COTAHIST official annual file; last trading session 2021-01-04; 60-session average traded value,2021
2021-01-04,ISBC34.SA,ISBC34,bdr,INVEST BCORP,DRN,BRISBCBDR008,2021-01-04,55.05,18116.231818181815,11,4,621,B3 COTAHIST official annual file; last trading session 2021-01-04; 60-session average traded value,2021
2021-01-04,KMIC34.SA,KMIC34,bdr,KINDER MORGA,DRN,BRKMICBDR002,2021-01-04,71.47,18092.225384615384,26,3,655,B3 COTAHIST official annual file; last trading session 2021-01-04; 60-session average traded value,2021
2021-01-04,F1AN34.SA,F1AN34,bdr,DIAMONDBACK,DRN,BRF1ANBDR001,2021-01-04,129.46,17984.453142857143,35,7,580,B3 COTAHIST official annual file; last trading session 2021-01-04; 60-session average traded value,2021
2021-01-04,P1AY34.SA,P1AY34,bdr,PAYCHEX INC,DRN,BRP1AYBDR006,2021-01-04,235.64,17851.563333333335,9,1,300,B3 COTAHIST official annual file; last trading session 2021-01-04; 60-session average traded value,2021
2021-01-04,O1DF34.SA,O1DF34,bdr,OLD DOMINION,DRN,BRO1DFBDR000,2021-01-04,50.8,17758.835,4,3,1406,B3 COTAHIST official annual file; last trading session 2021-01-04; 60-session average traded value,2021
2021-01-04,PHGN34.SA,PHGN34,bdr,KOPHILIPS,DRN,BRPHGNBDR002,2021-01-04,294.0,17670.431428571428,14,6,606,B3 COTAHIST official annual file; last trading session 2021-01-04; 60-session average traded value,2021
2021-01-04,HPQB34.SA,HPQB34,bdr,HP COMPANY,DRN,BRHPQBBDR006,2021-01-04,125.9,17354.83275862069,29,4,842,B3 COTAHIST official annual file; last trading session 2021-01-04; 60-session average traded value,2021
2021-01-04,BIXN39.SA,BIXN39,bdr,GLOBAL TECH,DRN,BRBIXNBDR005,2021-01-04,52.24,17312.519090909092,11,4,1999,B3 COTAHIST official annual file; last trading session 2021-01-04; 60-session average traded value,2021
2021-01-04,S1TE34.SA,S1TE34,bdr,STERIS PLC,DRN,BRS1TEBDR005,2021-01-04,49.23,17133.695833333335,12,1,1300,B3 COTAHIST official annual file; last trading session 2021-01-04; 60-session average traded value,2021
2021-01-04,I1AC34.SA,I1AC34,bdr,IAC INTERACT,DRN,BRI1ACBDR001,2021-01-04,51.44,17021.280714285713,14,2,45,B3 COTAHIST official annual file; last trading session 2021-01-04; 60-session average traded value,2021
2021-01-04,HSHY34.SA,HSHY34,bdr,HERSHEY CO,DRN,BRHSHYBDR001,2021-01-04,157.43,17009.15166666667,12,1,600,B3 COTAHIST official annual file; last trading session 2021-01-04; 60-session average traded value,2021
2021-01-04,C1BO34.SA,C1BO34,bdr,CBOE GLOBAL,DRN,BRC1BOBDR000,2021-01-04,244.35,16939.049666666666,30,3,216,B3 COTAHIST official annual file; last trading session 2021-01-04; 60-session average traded value,2021
2021-01-04,A1LL34.SA,A1LL34,bdr,ALLIANCE DAT,DRN,BRA1LLBDR007,2021-01-04,94.55,16937.502,50,9,69,B3 COTAHIST official annual file; last trading session 2021-01-04; 60-session average traded value,2021
2021-01-04,A1ES34.SA,A1ES34,bdr,AES CORP,DRN,BRA1ESBDR007,2021-01-04,121.23,16928.612051282053,39,3,706,B3 COTAHIST official annual file; last trading session 2021-01-04; 60-session average traded value,2021
2021-01-04,A1RE34.SA,A1RE34,bdr,ALEXANDRIA R,DRN ED,BRA1REBDR009,2021-01-04,225.82,16641.467727272728,22,3,406,B3 COTAHIST official annual file; last trading session 2021-01-04; 60-session average traded value,2021
2021-01-04,UBSG34.SA,UBSG34,bdr,UBS GROUP,DRN,BRUBSGBDR004,2021-01-04,75.09,16456.06021276596,47,5,118,B3 COTAHIST official annual file; last trading session 2021-01-04; 60-session average traded value,2021
2021-01-04,N1VO34.SA,N1VO34,bdr,NOVO NORDISK,DRN,BRN1VOBDR005,2021-01-04,46.92,16399.57076923077,39,4,1452,B3 COTAHIST official annual file; last trading session 2021-01-04; 60-session average traded value,2021
2021-01-04,P1DT34.SA,P1DT34,bdr,PRUDENTIAL F,DRN,BRP1DTBDR000,2021-01-04,201.22,16238.40423076923,26,4,167,B3 COTAHIST official annual file; last trading session 2021-01-04; 60-session average traded value,2021
2021-01-04,M1LC34.SA,M1LC34,bdr,MELCO RESORT,DRN,BRM1LCBDR002,2021-01-04,46.9,16155.01,12,2,1758,B3 COTAHIST official annual file; last trading session 2021-01-04; 60-session average traded value,2021
2021-01-04,Z1TO34.SA,Z1TO34,bdr,ZTO EXPRESS,DRN,BRZ1TOBDR005,2021-01-04,37.08,16039.274324324326,37,4,2685,B3 COTAHIST official annual file; last trading session 2021-01-04; 60-session average traded value,2021
2021-01-04,C1OU34.SA,C1OU34,bdr,COUPA SOFTWA,DRN,BRC1OUBDR000,2021-01-04,57.3,15993.851818181818,11,3,306,B3 COTAHIST official annual file; last trading session 2021-01-04; 60-session average traded value,2021
2021-01-04,P1LD34.SA,P1LD34,bdr,PROLOGIS INC,DRN,BRP1LDBDR007,2021-01-04,254.51,15712.394,35,2,6,B3 COTAHIST official annual file; last trading session 2021-01-04; 60-session average traded value,2021
2021-01-04,B1TI34.SA,B1TI34,bdr,BRITISH AMER,DRN,BRB1TIBDR005,2021-01-04,39.75,15662.042444444445,45,8,340,B3 COTAHIST official annual file; last trading session 2021-01-04; 60-session average traded value,2021
2021-01-04,E1WL34.SA,E1WL34,bdr,EDWARDS LIFE,DRN,BRE1WLBDR000,2021-01-04,118.01,15606.74289473684,38,1,50,B3 COTAHIST official annual file; last trading session 2021-01-04; 60-session average traded value,2021
2021-01-04,INGG34.SA,INGG34,bdr,ING GROEP,DRN,BRINGGBDR009,2021-01-04,48.85,15581.35294117647,17,2,1427,B3 COTAHIST official annual file; last trading session 2021-01-04; 60-session average traded value,2021
2021-01-04,I1EX34.SA,I1EX34,bdr,IDEX CORP,DRN,BRI1EXBDR009,2021-01-04,51.07,15434.642000000002,5,1,1500,B3 COTAHIST official annual file; last trading session 2021-01-04; 60-session average traded value,2021
2021-01-04,S1HW34.SA,S1HW34,bdr,THE SHERWIN,DRN,BRS1HWBDR002,2021-01-04,377.54,15250.826666666668,9,1,300,B3 COTAHIST official annual file; last trading session 2021-01-04; 60-session average traded value,2021
2021-01-04,R1EG34.SA,R1EG34,bdr,REGENCY CENT,DRN,BRR1EGBDR003,2021-01-04,117.31,14779.21894736842,19,4,530,B3 COTAHIST official annual file; last trading session 2021-01-04; 60-session average traded value,2021
2021-01-04,T1EV34.SA,T1EV34,bdr,TEVA PHARMAC,DRN,BRT1EVBDR000,2021-01-04,26.47,14687.643684210525,19,4,3101,B3 COTAHIST official annual file; last trading session 2021-01-04; 60-session average traded value,2021
2021-01-04,BUSM39.SA,BUSM39,bdr,MSCI US MVOL,DRN,BRBUSMBDR002,2021-01-04,43.7,14627.673999999999,10,1,1000,B3 COTAHIST official annual file; last trading session 2021-01-04; 60-session average traded value,2021
2021-01-04,I1FF34.SA,I1FF34,bdr,FLAVOR FLAGR,DRN ED,BRI1FFBDR003,2021-01-04,277.53,14595.55,4,1,200,B3 COTAHIST official annual file; last trading session 2021-01-04; 60-session average traded value,2021
2021-01-04,G1LL34.SA,G1LL34,bdr,GLOBE LIFE I,DRN,BRG1LLBDR001,2021-01-04,243.01,14574.033333333335,3,1,140,B3 COTAHIST official annual file; last trading session 2021-01-04; 60-session average traded value,2021
2021-01-04,H1PE34.SA,H1PE34,bdr,HEWLETT PACK,DRN,BRH1PEBDR006,2021-01-04,60.87,14110.255,32,4,920,B3 COTAHIST official annual file; last trading session 2021-01-04; 60-session average traded value,2021
2021-01-04,A1YX34.SA,A1YX34,bdr,ALTERYX INC,DRN,BRA1YXBDR005,2021-01-04,29.08,13934.95035714286,28,19,11079,B3 COTAHIST official annual file; last trading session 2021-01-04; 60-session average traded value,2021
2021-01-04,TAKP34.SA,TAKP34,bdr,TAKEDAPH,DRN,BRTAKPBDR006,2021-01-04,94.45,13800.328666666666,30,1,800,B3 COTAHIST official annual file; last trading session 2021-01-04; 60-session average traded value,2021
2021-01-04,BEWZ39.SA,BEWZ39,bdr,MSCI BRAZIL,DRN,BRBEWZBDR000,2021-01-04,64.18,13756.725,12,2,30,B3 COTAHIST official annual file; last trading session 2021-01-04; 60-session average traded value,2021
2021-01-04,A1SN34.SA,A1SN34,bdr,ASCENDIS PHA,DRN,BRA1SNBDR008,2021-01-04,57.0,13727.535000000002,28,1,200,B3 COTAHIST official annual file; last trading session 2021-01-04; 60-session average traded value,2021
2021-01-04,D1LR34.SA,D1LR34,bdr,DIGITAL REAL,DRN,BRD1LRBDR001,2021-01-04,178.44,13605.497777777777,36,4,634,B3 COTAHIST official annual file; last trading session 2021-01-04; 60-session average traded value,2021
2021-01-04,P1PL34.SA,P1PL34,bdr,PPL CORP,DRN,BRP1PLBDR001,2021-01-04,144.56,13589.126363636366,22,5,408,B3 COTAHIST official annual file; last trading session 2021-01-04; 60-session average traded value,2021
2021-01-04,L1DO34.SA,L1DO34,bdr,LEIDOS HOLDI,DRN,BRL1DOBDR005,2021-01-04,53.69,13536.791666666666,6,1,1500,B3 COTAHIST official annual file; last trading session 2021-01-04; 60-session average traded value,2021
2021-01-04,A1VB34.SA,A1VB34,bdr,AVALONBAY CO,DRN ED,BRA1VBBDR007,2021-01-04,206.1,13297.051071428574,28,14,903,B3 COTAHIST official annual file; last trading session 2021-01-04; 60-session average traded value,2021
2021-01-04,A1EN34.SA,A1EN34,bdr,ALLIANT ENER,DRN,BRA1ENBDR008,2021-01-04,266.24,13063.378571428571,14,2,303,B3 COTAHIST official annual file; last trading session 2021-01-04; 60-session average traded value,2021
2021-01-04,A1LN34.SA,A1LN34,bdr,ALNYLAM PHAR,DRN,BRA1LNBDR003,2021-01-04,33.63,12831.538260869565,46,3,96,B3 COTAHIST official annual file; last trading session 2021-01-04; 60-session average traded value,2021
2021-01-04,TSNF34.SA,TSNF34,bdr,TYSON FOODS,DRN,BRTSNFBDR003,2021-01-04,330.05,12781.597727272729,22,1,200,B3 COTAHIST official annual file; last trading session 2021-01-04; 60-session average traded value,2021
2021-01-04,S1SN34.SA,S1SN34,bdr,SSC TECHNOL,DRN,BRS1SNBDR008,2021-01-04,61.22,12595.9575,4,1,820,B3 COTAHIST official annual file; last trading session 2021-01-04; 60-session average traded value,2021
2021-01-04,A1TM34.SA,A1TM34,bdr,ATMOS ENERGY,DRN,BRA1TMBDR008,2021-01-04,247.09,12589.701,10,1,150,B3 COTAHIST official annual file; last trading session 2021-01-04; 60-session average traded value,2021
2021-01-04,K1EY34.SA,K1EY34,bdr,KEYCORP,DRN,BRK1EYBDR003,2021-01-04,84.45,12544.574,5,1,700,B3 COTAHIST official annual file; last trading session 2021-01-04; 60-session average traded value,2021
2021-01-04,L1VS34.SA,L1VS34,bdr,LAS VEGAS SA,DRN,BRL1VSBDR008,2021-01-04,60.74,12497.600000000002,14,5,2808,B3 COTAHIST official annual file; last trading session 2021-01-04; 60-session average traded value,2021
2021-01-04,C1OO34.SA,C1OO34,bdr,COOPER COMPA,DRN,BRC1OOBDR003,2021-01-04,186.21,12236.666666666666,3,1,130,B3 COTAHIST official annual file; last trading session 2021-01-04; 60-session average traded value,2021
2021-01-04,A1MP34.SA,A1MP34,bdr,AMERIPRISE F,DRN,BRA1MPBDR006,2021-01-04,245.21,12134.045263157894,19,1,400,B3 COTAHIST official annual file; last trading session 2021-01-04; 60-session average traded value,2021
2021-01-04,N1BI34.SA,N1BI34,bdr,NEUROCRINE B,DRN,BRN1BIBDR009,2021-01-04,24.82,12122.994210526314,38,3,502,B3 COTAHIST official annual file; last trading session 2021-01-04; 60-session average traded value,2021
2021-01-04,PHMO34.SA,PHMO34,bdr,PHILIP MORRI,DRN ED,BRPHMOBDR008,2021-01-04,213.66,11895.641860465115,43,2,301,B3 COTAHIST official annual file; last trading session 2021-01-04; 60-session average traded value,2021
2021-01-04,C1RR34.SA,C1RR34,bdr,CARRIER GLOB,DRN ED,BRC1RRBDR009,2021-01-04,48.79,11820.097741935484,31,1,50,B3 COTAHIST official annual file; last trading session 2021-01-04; 60-session average traded value,2021
2021-01-04,B1GN34.SA,B1GN34,bdr,BEIGENE LTD,DRN,BRB1GNBDR002,2021-01-04,54.87,11420.928837209301,43,3,179,B3 COTAHIST official annual file; last trading session 2021-01-04; 60-session average traded value,2021
2021-01-04,T1AL34.SA,T1AL34,bdr,TAL EDUCATIO,DRN,BRT1ALBDR009,2021-01-04,36.41,11260.658571428572,14,6,2144,B3 COTAHIST official annual file; last trading session 2021-01-04; 60-session average traded value,2021
2021-01-04,RIOT34.SA,RIOT34,bdr,RIO TINTO,DRN,BRRIOTBDR007,2021-01-04,408.7,11227.584358974358,39,9,357,B3 COTAHIST official annual file; last trading session 2021-01-04; 60-session average traded value,2021
2021-01-04,O1TI34.SA,O1TI34,bdr,OTIS WORLDWI,DRN,BRO1TIBDR000,2021-01-04,34.76,11190.682857142858,7,1,2200,B3 COTAHIST official annual file; last trading session 2021-01-04; 60-session average traded value,2021
2021-01-04,C1EO34.SA,C1EO34,bdr,CNOOC LTD,DRN,BRC1EOBDR004,2021-01-04,38.15,10845.647142857142,21,7,1862,B3 COTAHIST official annual file; last trading session 2021-01-04; 60-session average traded value,2021
2021-01-04,B1AM34.SA,B1AM34,bdr,BROOKFIELD A,DRN ED,BRB1AMBDR007,2021-01-04,52.13,10758.908205128206,39,11,939,B3 COTAHIST official annual file; last trading session 2021-01-04; 60-session average traded value,2021
2021-01-04,C1HL34.SA,C1HL34,bdr,CHINA MOBILE,DRN,BRC1HLBDR003,2021-01-04,35.19,10414.094255319149,47,16,2258,B3 COTAHIST official annual file; last trading session 2021-01-04; 60-session average traded value,2021
2021-01-04,R1EL34.SA,R1EL34,bdr,RELX PLC,DRN,BRR1ELBDR003,2021-01-04,32.94,10294.06,8,2,2345,B3 COTAHIST official annual file; last trading session 2021-01-04; 60-session average traded value,2021
2021-01-04,DBAG34.SA,DBAG34,bdr,DEUTSCHE AK,DRN,BRDBAGBDR008,2021-01-04,56.19,9880.852708333334,48,3,1539,B3 COTAHIST official annual file; last trading session 2021-01-04; 60-session average traded value,2021
2021-01-04,L1EG34.SA,L1EG34,bdr,LEGGETT PL,DRN,BRL1EGBDR009,2021-01-04,228.03,9867.158333333333,12,2,13,B3 COTAHIST official annual file; last trading session 2021-01-04; 60-session average traded value,2021
2021-01-04,M1AA34.SA,M1AA34,bdr,MID-AMERICA,DRN,BRM1AABDR009,2021-01-04,161.22,9549.091111111113,9,2,501,B3 COTAHIST official annual file; last trading session 2021-01-04; 60-session average traded value,2021
2021-01-04,RDSA35.SA,RDSA35,bdr,RD SHELL,DRN,BRRDSABDR017,2021-01-04,44.92,9165.663636363637,11,4,2011,B3 COTAHIST official annual file; last trading session 2021-01-04; 60-session average traded value,2021
2021-01-04,H1DB34.SA,H1DB34,bdr,HDFC BANK LT,DRN,BRH1DBBDR008,2021-01-04,73.56,9039.706666666667,12,2,1150,B3 COTAHIST official annual file; last trading session 2021-01-04; 60-session average traded value,2021
2021-01-04,W1SO34.SA,W1SO34,bdr,WATSCO INC,DRN,BRW1SOBDR000,2021-01-04,46.83,8888.348571428573,7,2,1300,B3 COTAHIST official annual file; last trading session 2021-01-04; 60-session average traded value,2021
2021-01-04,M1BT34.SA,M1BT34,bdr,MOBILE TELES,DRN,BRM1BTBDR007,2021-01-04,47.67,8851.285,20,3,1592,B3 COTAHIST official annual file; last trading session 2021-01-04; 60-session average traded value,2021
2021-01-04,L1MN34.SA,L1MN34,bdr,LUMEN TECH,DRN,BRL1MNBDR008,2021-01-04,51.3,8436.883333333335,21,4,2002,B3 COTAHIST official annual file; last trading session 2021-01-04; 60-session average traded value,2021
2021-01-04,A1RG34.SA,A1RG34,bdr,ARGENX SE,DRN,BRA1RGBDR004,2021-01-04,62.45,7741.058918918919,37,4,180,B3 COTAHIST official annual file; last trading session 2021-01-04; 60-session average traded value,2021
2021-01-04,E1DU34.SA,E1DU34,bdr,NEW ORIENTAL,DRN,BRE1DUBDR001,2021-01-04,61.15,7713.140769230769,26,5,65,B3 COTAHIST official annual file; last trading session 2021-01-04; 60-session average traded value,2021
2021-01-04,O1MC34.SA,O1MC34,bdr,OMNICOM GROU,DRN ED,BRO1MCBDR008,2021-01-04,159.47,7658.199310344828,29,1,400,B3 COTAHIST official annual file; last trading session 2021-01-04; 60-session average traded value,2021
2021-01-04,P1UK34.SA,P1UK34,bdr,PRUDENTIAL P,DRN,BRP1UKBDR003,2021-01-04,49.4,7578.846428571429,14,2,1832,B3 COTAHIST official annual file; last trading session 2021-01-04; 60-session average traded value,2021
2021-01-04,K1BF34.SA,K1BF34,bdr,KB FINANCIAL,DRN ED,BRK1BFBDR008,2021-01-04,50.96,7225.044615384615,13,1,1400,B3 COTAHIST official annual file; last trading session 2021-01-04; 60-session average traded value,2021
2021-01-04,L1YG34.SA,L1YG34,bdr,LLOYDS BANKI,DRN,BRL1YGBDR007,2021-01-04,9.84,6574.902045454545,44,15,1409,B3 COTAHIST official annual file; last trading session 2021-01-04; 60-session average traded value,2021
2021-01-04,HOND34.SA,HOND34,bdr,HONDA MO,DRN ED,BRHONDBDR002,2021-01-04,145.78,6186.585499999999,40,2,601,B3 COTAHIST official annual file; last trading session 2021-01-04; 60-session average traded value,2021
2021-01-04,PTCH34.SA,PTCH34,bdr,PETROCHIN,DRN,BRPTCHBDR008,2021-01-04,160.23,5787.454523809523,42,6,306,B3 COTAHIST official annual file; last trading session 2021-01-04; 60-session average traded value,2021
2021-01-04,E1RI34.SA,E1RI34,bdr,ERICSSON LM,DRN,BRE1RIBDR006,2021-01-04,31.7,5769.6790625,32,1,43,B3 COTAHIST official annual file; last trading session 2021-01-04; 60-session average traded value,2021
2021-01-04,H1TH34.SA,H1TH34,bdr,HUAZHU GROUP,DRN,BRH1THBDR001,2021-01-04,59.97,5485.430588235295,17,3,441,B3 COTAHIST official annual file; last trading session 2021-01-04; 60-session average traded value,2021
2021-01-04,S1KM34.SA,S1KM34,bdr,SK TELECOM C,DRN ED,BRS1KMBDR007,2021-01-04,31.58,5080.109285714286,14,1,2100,B3 COTAHIST official annual file; last trading session 2021-01-04; 60-session average traded value,2021
2021-01-04,E1CO34.SA,E1CO34,bdr,ECOPETROL SA,DRN,BRE1COBDR006,2021-01-04,34.05,5061.330869565218,23,4,6,B3 COTAHIST official annual file; last trading session 2021-01-04; 60-session average traded value,2021
2021-01-04,T1LK34.SA,T1LK34,bdr,PT TELEKOMUN,DRN,BRT1LKBDR008,2021-01-04,65.06,4879.6900000000005,10,1,200,B3 COTAHIST official annual file; last trading session 2021-01-04; 60-session average traded value,2021
2021-01-04,G1LP34.SA,G1LP34,bdr,GALAPAGOS NV,DRN,BRG1LPBDR002,2021-01-04,26.05,4823.764444444445,36,2,45,B3 COTAHIST official annual file; last trading session 2021-01-04; 60-session average traded value,2021
2021-01-04,B1SA34.SA,B1SA34,bdr,BANCO SANTAN,DRN,BRB1SABDR004,2021-01-04,52.64,4745.036808510638,47,30,2039,B3 COTAHIST official annual file; last trading session 2021-01-04; 60-session average traded value,2021
2021-01-04,N1GG34.SA,N1GG34,bdr,NATIONAL GRI,DRN,BRN1GGBDR002,2021-01-04,52.8,4376.201111111111,18,2,1228,B3 COTAHIST official annual file; last trading session 2021-01-04; 60-session average traded value,2021
2021-01-04,S1MF34.SA,S1MF34,bdr,SUMITOMO MIT,DRN,BRS1MFBDR007,2021-01-04,32.18,4226.713461538462,26,1,10,B3 COTAHIST official annual file; last trading session 2021-01-04; 60-session average traded value,2021
2021-01-04,A1MX34.SA,A1MX34,bdr,AMERICAMOVIL,DRN,BRA1MXBDR000,2021-01-04,38.99,4153.844705882353,34,3,25,B3 COTAHIST official annual file; last trading session 2021-01-04; 60-session average traded value,2021
2021-01-04,A1CR34.SA,A1CR34,bdr,AMCOR PLC,DRN,BRA1CRBDR003,2021-01-04,59.77,4096.283888888889,18,4,1103,B3 COTAHIST official annual file; last trading session 2021-01-04; 60-session average traded value,2021
2021-01-04,W1BK34.SA,W1BK34,bdr,WESTPAC BANK,DRN,BRW1BKBDR004,2021-01-04,39.33,3872.333,10,2,51,B3 COTAHIST official annual file; last trading session 2021-01-04; 60-session average traded value,2021
2021-01-04,E1NI34.SA,E1NI34,bdr,ENEL AMERICA,DRN,BRE1NIBDR005,2021-01-04,43.48,3852.136764705883,34,3,75,B3 COTAHIST official annual file; last trading session 2021-01-04; 60-session average traded value,2021
2021-01-04,B1CS34.SA,B1CS34,bdr,BARCLAYS PLC,DRN,BRB1CSBDR000,2021-01-04,40.79,3848.458809523809,42,2,85,B3 COTAHIST official annual file; last trading session 2021-01-04; 60-session average traded value,2021
2021-01-04,H1SB34.SA,H1SB34,bdr,HSBC HOLDING,DRN,BRH1SBBDR006,2021-01-04,33.91,3767.2971794871796,39,5,654,B3 COTAHIST official annual file; last trading session 2021-01-04; 60-session average traded value,2021
2021-01-04,C1GP34.SA,C1GP34,bdr,COSTAR GROUP,DRN,BRC1GPBDR006,2021-01-04,47.35,3692.013333333334,6,2,70,B3 COTAHIST official annual file; last trading session 2021-01-04; 60-session average traded value,2021
2021-01-04,A1BB34.SA,A1BB34,bdr,ABB LTD,DRN,BRA1BBBDR009,2021-01-04,37.18,3613.718888888889,45,22,58,B3 COTAHIST official annual file; last trading session 2021-01-04; 60-session average traded value,2021
2021-01-04,B1BL34.SA,B1BL34,bdr,BHP GROUP PL,DRN,BRB1BLBDR007,2021-01-04,58.15,3514.3568965517243,29,3,184,B3 COTAHIST official annual file; last trading session 2021-01-04; 60-session average traded value,2021
2021-01-04,M1TD34.SA,M1TD34,bdr,METTLER-TOLE,DRN,BRM1TDBDR003,2021-01-04,608.8,3480.5,2,1,2,B3 COTAHIST official annual file; last trading session 2021-01-04; 60-session average traded value,2021
2021-01-04,M1TC34.SA,M1TC34,bdr,MATCH GROUP,DRN,BRM1TCBDR005,2021-01-04,39.06,2943.8016666666663,12,1,460,B3 COTAHIST official annual file; last trading session 2021-01-04; 60-session average traded value,2021
2021-01-04,V1OD34.SA,V1OD34,bdr,VODAFONE GRO,DRN,BRV1ODBDR003,2021-01-04,44.57,2897.6228,25,7,650,B3 COTAHIST official annual file; last trading session 2021-01-04; 60-session average traded value,2021
2021-01-04,P1SA34.SA,P1SA34,bdr,PUBLIC STORA,DRN,BRP1SABDR008,2021-01-04,232.49,2742.184642857143,28,3,29,B3 COTAHIST official annual file; last trading session 2021-01-04; 60-session average traded value,2021
2021-01-04,A1TH34.SA,A1TH34,bdr,AUTOHOME INC,DRN,BRA1THBDR008,2021-01-04,51.52,2528.1375,16,4,92,B3 COTAHIST official annual file; last trading session 2021-01-04; 60-session average traded value,2021
2021-01-04,L1FC34.SA,L1FC34,bdr,CHINA LIFE I,DRN,BRL1FCBDR005,2021-01-04,28.79,2431.8806451612904,31,1,97,B3 COTAHIST official annual file; last trading session 2021-01-04; 60-session average traded value,2021
2021-01-04,C1DW34.SA,C1DW34,bdr,CDW CORP,DRN,BRC1DWBDR009,2021-01-04,34.0,2358.362727272727,11,1,45,B3 COTAHIST official annual file; last trading session 2021-01-04; 60-session average traded value,2021
2021-01-04,N1WG34.SA,N1WG34,bdr,NATWEST GROU,DRN,BRN1WGBDR009,2021-01-04,22.43,1859.8300000000002,11,1,10,B3 COTAHIST official annual file; last trading session 2021-01-04; 60-session average traded value,2021
2021-01-04,C1SU34.SA,C1SU34,bdr,CREDIT SUISS,DRN,BRC1SUBDR001,2021-01-04,33.87,1683.507027027027,37,5,51,B3 COTAHIST official annual file; last trading session 2021-01-04; 60-session average traded value,2021
2021-01-04,W1PP34.SA,W1PP34,bdr,WPP PLC,DRN,BRW1PPBDR003,2021-01-04,57.05,1424.3111111111111,9,1,26,B3 COTAHIST official annual file; last trading session 2021-01-04; 60-session average traded value,2021
2021-01-04,I1HG34.SA,I1HG34,bdr,INT EXCHANGE,DRN,BRI1HGBDR007,2021-01-04,55.99,1150.4157142857143,14,2,27,B3 COTAHIST official annual file; last trading session 2021-01-04; 60-session average traded value,2021
2021-01-04,A1EG34.SA,A1EG34,bdr,AEGON NV,DRN,BRA1EGBDR002,2021-01-04,20.47,1084.5973170731706,41,11,93,B3 COTAHIST official annual file; last trading session 2021-01-04; 60-session average traded value,2021
2021-01-04,M1UF34.SA,M1UF34,bdr,MITSUBISHI U,DRN,BRM1UFBDR006,2021-01-04,23.13,863.8399999999999,5,1,9,B3 COTAHIST official annual file; last trading session 2021-01-04; 60-session average traded value,2021
2021-01-04,D1OV34.SA,D1OV34,bdr,DOVER CORP,DRN,BRD1OVBDR007,2021-01-04,325.96,700.8716666666666,6,2,4,B3 COTAHIST official annual file; last trading session 2021-01-04; 60-session average traded value,2021
2021-01-04,S1NN34.SA,S1NN34,bdr,SMITH & NEPH,DRN,BRS1NNBDR009,2021-01-04,45.51,640.0466666666667,12,1,33,B3 COTAHIST official annual file; last trading session 2021-01-04; 60-session average traded value,2021
2021-01-04,W1RB34.SA,W1RB34,bdr,WR BERKLEY C,DRN,BRW1RBBDR009,2021-01-04,34.4,293.393,10,1,20,B3 COTAHIST official annual file; last trading session 2021-01-04; 60-session average traded value,2021
2021-01-04,VALE3.SA,VALE3,equity,VALE,ON      NM,BRVALEACNOR0,2021-01-04,91.46,2196931873.1,60,84251,37865500,B3 COTAHIST official annual file; last trading session 2021-01-04; 60-session average traded value,2021
2021-01-04,PETR4.SA,PETR4,equity,PETROBRAS,PN      N2,BRPETRACNPR6,2021-01-04,28.91,1629831768.7833333,60,9323,74719700,B3 COTAHIST official annual file; last trading session 2021-01-04; 60-session average traded value,2021
2021-01-04,BBDC4.SA,BBDC4,equity,BRADESCO,PN  EJ  N1,BRBBDCACNPR8,2021-01-04,26.43,1188629851.3833334,60,65126,39831700,B3 COTAHIST official annual file; last trading session 2021-01-04; 60-session average traded value,2021
2021-01-04,ITUB4.SA,ITUB4,equity,ITAUUNIBANCO,PN  ED  N1,BRITUBACNPR1,2021-01-04,30.9,1062013740.3333334,60,73533,31347800,B3 COTAHIST official annual file; last trading session 2021-01-04; 60-session average traded value,2021
2021-01-04,MGLU3.SA,MGLU3,equity,MAGAZ LUIZA,ON  EJ  NM,BRMGLUACNOR2,2021-01-04,25.2,985708955.9666667,60,54383,25706100,B3 COTAHIST official annual file; last trading session 2021-01-04; 60-session average traded value,2021
2021-01-04,VVAR3.SA,VVAR3,equity,VIAVAREJO,ON  ATZ NM,BRVVARACNOR1,2021-01-04,16.17,911851605.0833334,60,63580,44372400,B3 COTAHIST official annual file; last trading session 2021-01-04; 60-session average traded value,2021
2021-01-04,B3SA3.SA,B3SA3,equity,B3,ON  EDJ NM,BRB3SAACNOR6,2021-01-04,60.98,739283720.8333334,60,39066,8425100,B3 COTAHIST official annual file; last trading session 2021-01-04; 60-session average traded value,2021
2021-01-04,BBAS3.SA,BBAS3,equity,BRASIL,ON      NM,BRBBASACNOR3,2021-01-04,37.59,593589422.3833333,60,34401,13874600,B3 COTAHIST official annual file; last trading session 2021-01-04; 60-session average traded value,2021
2021-01-04,WEGE3.SA,WEGE3,equity,WEG,ON  EJ  NM,BRWEGEACNOR0,2021-01-04,74.62,477246537.76666665,60,16713,3609900,B3 COTAHIST official annual file; last trading session 2021-01-04; 60-session average traded value,2021
2021-01-04,SUZB3.SA,SUZB3,equity,SUZANO S.A.,ON      NM,BRSUZBACNOR0,2021-01-04,58.91,467761323.75,60,16602,4829100,B3 COTAHIST official annual file; last trading session 2021-01-04; 60-session average traded value,2021
2021-01-04,IRBR3.SA,IRBR3,equity,IRBBRASIL RE,ON      NM,BRIRBRACNOR4,2021-01-04,7.89,458284822.95,60,44454,57265300,B3 COTAHIST official annual file; last trading session 2021-01-04; 60-session average traded value,2021
2021-01-04,ABEV3.SA,ABEV3,equity,AMBEV S/A,ON  EJ,BRABEVACNOR1,2021-01-04,15.48,449583538.85,60,41937,17835200,B3 COTAHIST official annual file; last trading session 2021-01-04; 60-session average traded value,2021
2021-01-04,AZUL4.SA,AZUL4,equity,AZUL,PN      N2,BRAZULACNPR4,2021-01-04,37.73,426422905.5,60,21994,8861700,B3 COTAHIST official annual file; last trading session 2021-01-04; 60-session average traded value,2021
2021-01-04,PETR3.SA,PETR3,equity,PETROBRAS,ON      N2,BRPETRACNOR9,2021-01-04,29.5,420776209.5,60,37266,16486300,B3 COTAHIST official annual file; last trading session 2021-01-04; 60-session average traded value,2021
2021-01-04,JBSS3.SA,JBSS3,equity,JBS,ON      NM,BRJBSSACNOR8,2021-01-04,23.41,401337995.78333336,60,27094,10914500,B3 COTAHIST official annual file; last trading session 2021-01-04; 60-session average traded value,2021
2021-01-04,BTOW3.SA,BTOW3,equity,B2W DIGITAL,ON      NM,BRBTOWACNOR8,2021-01-04,75.18,372275892.01666665,60,12917,2820700,B3 COTAHIST official annual file; last trading session 2021-01-04; 60-session average traded value,2021
2021-01-04,NTCO3.SA,NTCO3,equity,GRUPO NATURA,ON      NM,BRNTCOACNOR5,2021-01-04,51.99,365153130.53333336,60,18300,4396100,B3 COTAHIST official annual file; last trading session 2021-01-04; 60-session average traded value,2021
2021-01-04,ITSA4.SA,ITSA4,equity,ITAUSA,PN      N1,BRITSAACNPR7,2021-01-04,11.55,335106110.85,60,64262,39137400,B3 COTAHIST official annual file; last trading session 2021-01-04; 60-session average traded value,2021
2021-01-04,LREN3.SA,LREN3,equity,LOJAS RENNER,ON  EJ  NM,BRLRENACNOR1,2021-01-04,42.21,326763959.9166667,60,27464,6902700,B3 COTAHIST official annual file; last trading session 2021-01-04; 60-session average traded value,2021
2021-01-04,CSNA3.SA,CSNA3,equity,SID NACIONAL,ON,BRCSNAACNOR6,2021-01-04,34.17,321608848.6,60,29201,15190700,B3 COTAHIST official annual file; last trading session 2021-01-04; 60-session average traded value,2021
2021-01-04,GGBR4.SA,GGBR4,equity,GERDAU,PN  EJ  N1,BRGGBRACNPR8,2021-01-04,26.04,313663880.8333333,60,44178,22156100,B3 COTAHIST official annual file; last trading session 2021-01-04; 60-session average traded value,2021
2021-01-04,COGN3.SA,COGN3,equity,COGNA ON,ON      NM,BRCOGNACNOR2,2021-01-04,4.7,310637532.3,60,27202,60864100,B3 COTAHIST official annual file; last trading session 2021-01-04; 60-session average traded value,2021
2021-01-04,RENT3.SA,RENT3,equity,LOCALIZA,ON      NM,BRRENTACNOR4,2021-01-04,67.78,306556066.03333336,60,19964,3797800,B3 COTAHIST official annual file; last trading session 2021-01-04; 60-session average traded value,2021
2021-01-04,GNDI3.SA,GNDI3,equity,INTERMEDICA,ON      NM,BRGNDIACNOR2,2021-01-04,77.26,305261964.35,60,14258,2706300,B3 COTAHIST official annual file; last trading session 2021-01-04; 60-session average traded value,2021
2021-01-04,RDOR3.SA,RDOR3,equity,REDE D OR,ON      NM,BRRDORACNOR8,2021-01-04,66.0,294656162.64285713,14,3651,1352400,B3 COTAHIST official annual file; last trading session 2021-01-04; 60-session average traded value,2021
2021-01-04,BPAC11.SA,BPAC11,equity,BTGP BANCO,UNT     N2,BRBPACUNT006,2021-01-04,91.91,275962003.06666666,60,11614,2276700,B3 COTAHIST official annual file; last trading session 2021-01-04; 60-session average traded value,2021
2021-01-04,PRIO3.SA,PRIO3,equity,PETRORIO,ON      NM,BRPRIOACNOR1,2021-01-04,74.8,270698770.1333333,60,24771,6074500,B3 COTAHIST official annual file; last trading session 2021-01-04; 60-session average traded value,2021
2021-01-04,OIBR3.SA,OIBR3,equity,OI,ON      N1,BROIBRACNOR1,2021-01-04,2.35,269253301.0833333,60,36832,245354000,B3 COTAHIST official annual file; last trading session 2021-01-04; 60-session average traded value,2021
2021-01-04,GOLL4.SA,GOLL4,equity,GOL,PN      N2,BRGOLLACNPR4,2021-01-04,23.96,260547101.66666666,60,22713,9646000,B3 COTAHIST official annual file; last trading session 2021-01-04; 60-session average traded value,2021
2021-01-04,LAME4.SA,LAME4,equity,LOJAS AMERIC,PN      N1,BRLAMEACNPR6,2021-01-04,25.5,241779301.03333333,60,24516,7592000,B3 COTAHIST official annual file; last trading session 2021-01-04; 60-session average traded value,2021
2021-01-04,USIM5.SA,USIM5,equity,USIMINAS,PNA     N1,BRUSIMACNPA6,2021-01-04,14.94,227935900.61666667,60,23679,20687900,B3 COTAHIST official annual file; last trading session 2021-01-04; 60-session average traded value,2021
2021-01-04,RAIL3.SA,RAIL3,equity,RUMO S.A.,ON      NM,BRRAILACNOR9,2021-01-04,19.15,210374610.31666666,60,34903,15041500,B3 COTAHIST official annual file; last trading session 2021-01-04; 60-session average traded value,2021
2021-01-04,BRFS3.SA,BRFS3,equity,BRF SA,ON      NM,BRBRFSACNOR8,2021-01-04,21.48,202845554.1,60,31925,12583500,B3 COTAHIST official annual file; last trading session 2021-01-04; 60-session average traded value,2021
2021-01-04,TOTS3.SA,TOTS3,equity,TOTVS,ON  EJ  NM,BRTOTSACNOR8,2021-01-04,27.76,196814698.01666668,60,29930,5429700,B3 COTAHIST official annual file; last trading session 2021-01-04; 60-session average traded value,2021
2021-01-04,BRAP4.SA,BRAP4,equity,BRADESPAR,PN      N1,BRBRAPACNPR2,2021-01-04,66.5,191329740.71666667,60,12607,3523400,B3 COTAHIST official annual file; last trading session 2021-01-04; 60-session average traded value,2021
2021-01-04,ELET3.SA,ELET3,equity,ELETROBRAS,ON      N1,BRELETACNOR6,2021-01-04,35.63,183856126.23333332,60,18313,4180700,B3 COTAHIST official annual file; last trading session 2021-01-04; 60-session average traded value,2021
2021-01-04,CYRE3.SA,CYRE3,equity,CYRELA REALT,ON      NM,BRCYREACNOR7,2021-01-04,28.5,180395433.26666668,60,21961,4928200,B3 COTAHIST official annual file; last trading session 2021-01-04; 60-session average traded value,2021
2021-01-04,BRDT3.SA,BRDT3,equity,PETROBRAS BR,ON  EJ  NM,BRBRDTACNOR1,2021-01-04,21.85,175534953.48333332,60,15263,3953500,B3 COTAHIST official annual file; last trading session 2021-01-04; 60-session average traded value,2021
2021-01-04,BRML3.SA,BRML3,equity,BR MALLS PAR,ON      NM,BRBRMLACNOR9,2021-01-04,9.53,162959980.91666666,60,33308,15797900,B3 COTAHIST official annual file; last trading session 2021-01-04; 60-session average traded value,2021
2021-01-04,EQTL3.SA,EQTL3,equity,EQUATORIAL,ON      NM,BREQTLACNOR0,2021-01-04,22.75,159159995.28333333,60,16039,5360700,B3 COTAHIST official annual file; last trading session 2021-01-04; 60-session average traded value,2021
2021-01-04,SBSP3.SA,SBSP3,equity,SABESP,ON      NM,BRSBSPACNOR5,2021-01-04,42.56,158505407.91666666,60,18864,5274100,B3 COTAHIST official annual file; last trading session 2021-01-04; 60-session average traded value,2021
2021-01-04,CVCB3.SA,CVCB3,equity,CVC BRASIL,ON      NM,BRCVCBACNOR1,2021-01-04,20.17,156831402.36666667,60,13487,6331400,B3 COTAHIST official annual file; last trading session 2021-01-04; 60-session average traded value,2021
2021-01-04,CSAN3.SA,CSAN3,equity,COSAN,ON      NM,BRCSANACNOR6,2021-01-04,79.24,155143279.11666667,60,11540,2075800,B3 COTAHIST official annual file; last trading session 2021-01-04; 60-session average traded value,2021
2021-01-04,CIEL3.SA,CIEL3,equity,CIELO,ON  EJ  NM,BRCIELACNOR3,2021-01-04,3.9,152527770.4,60,35719,39605300,B3 COTAHIST official annual file; last trading session 2021-01-04; 60-session average traded value,2021
2021-01-04,RADL3.SA,RADL3,equity,RAIADROGASIL,ON      NM,BRRADLACNOR0,2021-01-04,25.03,152451442.83333334,60,17721,4321100,B3 COTAHIST official annual file; last trading session 2021-01-04; 60-session average traded value,2021
2021-01-04,MRFG3.SA,MRFG3,equity,MARFRIG,ON      NM,BRMRFGACNOR0,2021-01-04,14.3,150634703.75,60,18960,8144400,B3 COTAHIST official annual file; last trading session 2021-01-04; 60-session average traded value,2021
2021-01-04,CCRO3.SA,CCRO3,equity,CCR SA,ON      NM,BRCCROACNOR2,2021-01-04,13.27,146263860.31666666,60,22780,8016400,B3 COTAHIST official annual file; last trading session 2021-01-04; 60-session average traded value,2021
2021-01-04,UGPA3.SA,UGPA3,equity,ULTRAPAR,ON      NM,BRUGPAACNOR8,2021-01-04,24.12,140953762.55,60,17416,5472800,B3 COTAHIST official annual file; last trading session 2021-01-04; 60-session average traded value,2021
2021-01-04,MULT3.SA,MULT3,equity,MULTIPLAN,ON  EJ  N2,BRMULTACNOR5,2021-01-04,22.55,140673725.7,60,14032,5128700,B3 COTAHIST official annual file; last trading session 2021-01-04; 60-session average traded value,2021
2021-01-04,SANB11.SA,SANB11,equity,SANTANDER BR,UNT,BRSANBCDAM13,2021-01-04,44.41,137894091.96666667,60,10111,2415300,B3 COTAHIST official annual file; last trading session 2021-01-04; 60-session average traded value,2021
2021-01-04,EMBR3.SA,EMBR3,equity,EMBRAER,ON      NM,BREMBRACNOR4,2021-01-04,8.37,134246638.88333333,60,20537,17114300,B3 COTAHIST official annual file; last trading session 2021-01-04; 60-session average traded value,2021
2021-01-04,KLBN11.SA,KLBN11,equity,KLABIN S/A,UNT     N2,BRKLBNCDAM18,2021-01-04,25.94,132117177.46666667,60,26867,6077100,B3 COTAHIST official annual file; last trading session 2021-01-04; 60-session average traded value,2021
2021-01-04,BBSE3.SA,BBSE3,equity,BBSEGURIDADE,ON      NM,BRBBSEACNOR5,2021-01-04,29.39,124672666.08333333,60,22782,3863400,B3 COTAHIST official annual file; last trading session 2021-01-04; 60-session average traded value,2021
2021-01-04,HYPE3.SA,HYPE3,equity,HYPERA,ON  EJ  NM,BRHYPEACNOR0,2021-01-04,33.13,123258984.88333334,60,14611,2604900,B3 COTAHIST official annual file; last trading session 2021-01-04; 60-session average traded value,2021
2021-01-04,BBDC3.SA,BBDC3,equity,BRADESCO,ON  EJ  N1,BRBBDCACNOR1,2021-01-04,23.6,120905773.91666667,60,14155,4501400,B3 COTAHIST official annual file; last trading session 2021-01-04; 60-session average traded value,2021
2021-01-04,HAPV3.SA,HAPV3,equity,HAPVIDA,ON      NM,BRHAPVACNOR4,2021-01-04,15.04,120902247.16666667,60,25317,8468300,B3 COTAHIST official annual file; last trading session 2021-01-04; 60-session average traded value,2021
2021-01-04,CMIG4.SA,CMIG4,equity,CEMIG,PN  EJ  N1,BRCMIGACNPR3,2021-01-04,14.14,119489225.7,60,25772,8828800,B3 COTAHIST official annual file; last trading session 2021-01-04; 60-session average traded value,2021
2021-01-04,GOAU4.SA,GOAU4,equity,GERDAU MET,PN  EJ  N1,BRGOAUACNPR8,2021-01-04,11.8,117095177.91666667,60,18427,11587200,B3 COTAHIST official annual file; last trading session 2021-01-04; 60-session average traded value,2021
2021-01-04,ENEV3.SA,ENEV3,equity,ENEVA,ON      NM,BRENEVACNOR8,2021-01-04,62.53,117028032.73333333,60,16506,2685300,B3 COTAHIST official annual file; last trading session 2021-01-04; 60-session average traded value,2021
2021-01-04,YDUQ3.SA,YDUQ3,equity,YDUQS PART,ON      NM,BRYDUQACNOR3,2021-01-04,34.0,114192958.5,60,13841,2640400,B3 COTAHIST official annual file; last trading session 2021-01-04; 60-session average traded value,2021
2021-01-04,QUAL3.SA,QUAL3,equity,QUALICORP,ON  EJ  NM,BRQUALACNOR6,2021-01-04,34.46,112119074.08333333,60,11837,2778000,B3 COTAHIST official annual file; last trading session 2021-01-04; 60-session average traded value,2021
2021-01-04,CRFB3.SA,CRFB3,equity,CARREFOUR BR,ON      NM,BRCRFBACNOR2,2021-01-04,19.15,110772344.15,60,8577,2207000,B3 COTAHIST official annual file; last trading session 2021-01-04; 60-session average traded value,2021
2021-01-04,ALPA4.SA,ALPA4,equity,ALPARGATAS,PN      N1,BRALPAACNPR7,2021-01-04,41.65,107317088.76666667,60,4309,978900,B3 COTAHIST official annual file; last trading session 2021-01-04; 60-session average traded value,2021
2021-01-04,LWSA3.SA,LWSA3,equity,LOCAWEB,ON      NM,BRLWSAACNOR8,2021-01-04,80.64,104387216.41666667,60,9855,2119600,B3 COTAHIST official annual file; last trading session 2021-01-04; 60-session average traded value,2021
2021-01-04,PCAR3.SA,PCAR3,equity,P.ACUCAR-CBD,ON      NM,BRPCARACNOR3,2021-01-04,75.09,102496254.81666666,60,6278,829800,B3 COTAHIST official annual file; last trading session 2021-01-04; 60-session average traded value,2021
2021-01-04,SULA11.SA,SULA11,equity,SUL AMERICA,UNT     N2,BRSULACDAM12,2021-01-04,42.7,101515354.55,60,13126,2509000,B3 COTAHIST official annual file; last trading session 2021-01-04; 60-session average traded value,2021
2021-01-04,CPLE6.SA,CPLE6,equity,COPEL,PNB EJ  N1,BRCPLEACNPB9,2021-01-04,73.65,97904677.65,60,5496,825500,B3 COTAHIST official annual file; last trading session 2021-01-04; 60-session average traded value,2021
2021-01-04,TAEE11.SA,TAEE11,equity,TAESA,UNT     N2,BRTAEECDAM10,2021-01-04,33.1,96580298.2,60,11301,2665400,B3 COTAHIST official annual file; last trading session 2021-01-04; 60-session average traded value,2021
2021-01-04,MRVE3.SA,MRVE3,equity,MRV,ON      NM,BRMRVEACNOR2,2021-01-04,18.73,95117490.78333333,60,14439,3917000,B3 COTAHIST official annual file; last trading session 2021-01-04; 60-session average traded value,2021
2021-01-04,BRKM5.SA,BRKM5,equity,BRASKEM,PNA     N1,BRBRKMACNPA4,2021-01-04,23.35,93080164.5,60,8820,2301700,B3 COTAHIST official annual file; last trading session 2021-01-04; 60-session average traded value,2021
2021-01-04,LINX3.SA,LINX3,equity,LINX,ON      NM,BRLINXACNOR0,2021-01-04,37.46,91975392.96666667,60,1841,402700,B3 COTAHIST official annual file; last trading session 2021-01-04; 60-session average traded value,2021
2021-01-04,BEEF3.SA,BEEF3,equity,MINERVA,ON  EJ  NM,BRBEEFACNOR6,2021-01-04,10.04,89578977.56666666,60,13127,6117700,B3 COTAHIST official annual file; last trading session 2021-01-04; 60-session average traded value,2021
2021-01-04,EZTC3.SA,EZTC3,equity,EZTEC,ON      NM,BREZTCACNOR0,2021-01-04,41.7,85743531.88333334,60,7857,1483200,B3 COTAHIST official annual file; last trading session 2021-01-04; 60-session average traded value,2021
2021-01-04,IGTA3.SA,IGTA3,equity,IGUATEMI,ON      NM,BRIGTAACNOR5,2021-01-04,35.46,85211170.6,60,10545,2365700,B3 COTAHIST official annual file; last trading session 2021-01-04; 60-session average traded value,2021
2021-01-04,LCAM3.SA,LCAM3,equity,LOCAMERICA,ON  EJ  NM,BRLCAMACNOR3,2021-01-04,28.99,84316193.8,60,12841,3626400,B3 COTAHIST official annual file; last trading session 2021-01-04; 60-session average traded value,2021
2021-01-04,NGRD3.SA,NGRD3,equity,NEOGRID,ON      NM,BRNGRDACNOR3,2021-01-04,6.69,83717702.44444445,9,16978,14584900,B3 COTAHIST official annual file; last trading session 2021-01-04; 60-session average traded value,2021
2021-01-04,PSSA3.SA,PSSA3,equity,PORTO SEGURO,ON      NM,BRPSSAACNOR7,2021-01-04,47.78,81333940.78333333,60,4582,919900,B3 COTAHIST official annual file; last trading session 2021-01-04; 60-session average traded value,2021
2021-01-04,CPFE3.SA,CPFE3,equity,CPFL ENERGIA,ON      NM,BRCPFEACNOR0,2021-01-04,31.52,78437831.41666667,60,10727,2165500,B3 COTAHIST official annual file; last trading session 2021-01-04; 60-session average traded value,2021
2021-01-04,ELET6.SA,ELET6,equity,ELETROBRAS,PNB     N1,BRELETACNPB7,2021-01-04,36.2,77009695.03333333,60,6490,1457400,B3 COTAHIST official annual file; last trading session 2021-01-04; 60-session average traded value,2021
2021-01-04,EGIE3.SA,EGIE3,equity,ENGIE BRASIL,ON  EDJ NM,BREGIEACNOR9,2021-01-04,43.58,75536858.8,60,12258,2224300,B3 COTAHIST official annual file; last trading session 2021-01-04; 60-session average traded value,2021
2021-01-04,BIDI11.SA,BIDI11,equity,BANCO INTER,UNT     N2,BRBIDICDAXX3,2021-01-04,96.4,73305159.88333334,60,6645,1201400,B3 COTAHIST official annual file; last trading session 2021-01-04; 60-session average traded value,2021
2021-01-04,TIMS3.SA,TIMS3,equity,TIM,ON  EJ  NM,BRTIMSACNOR5,2021-01-04,14.43,69210056.58181818,55,12556,3897800,B3 COTAHIST official annual file; last trading session 2021-01-04; 60-session average traded value,2021
2021-01-04,JHSF3.SA,JHSF3,equity,JHSF PART,ON      NM,BRJHSFACNOR2,2021-01-04,7.44,69010172.43333334,60,16301,11932300,B3 COTAHIST official annual file; last trading session 2021-01-04; 60-session average traded value,2021
2021-01-04,ENGI11.SA,ENGI11,equity,ENERGISA,UNT     N2,BRENGICDAM16,2021-01-04,50.6,68998446.46666667,60,8990,1645200,B3 COTAHIST official annual file; last trading session 2021-01-04; 60-session average traded value,2021
2021-01-04,PETZ3.SA,PETZ3,equity,PETZ,ON  EJ  NM,BRPETZACNOR2,2021-01-04,18.58,67716518.61666666,60,7298,2170100,B3 COTAHIST official annual file; last trading session 2021-01-04; 60-session average traded value,2021
2021-01-04,ETER3.SA,ETER3,equity,ETERNIT,ON      NM,BRETERACNOR3,2021-01-04,13.11,62378659.95,60,6498,4130400,B3 COTAHIST official annual file; last trading session 2021-01-04; 60-session average traded value,2021
2021-01-04,LIGT3.SA,LIGT3,equity,LIGHT S/A,ON      NM,BRLIGTACNOR2,2021-01-04,23.95,62306127.11666667,60,7142,2153400,B3 COTAHIST official annual file; last trading session 2021-01-04; 60-session average traded value,2021
2021-01-04,GMAT3.SA,GMAT3,equity,GRUPO MATEUS,ON      NM,BRGMATACNOR7,2021-01-04,8.35,61755581.981818184,55,7502,3373400,B3 COTAHIST official annual file; last trading session 2021-01-04; 60-session average traded value,2021
2021-01-04,DTEX3.SA,DTEX3,equity,DURATEX,ON      NM,BRDTEXACNOR3,2021-01-04,18.85,59947305.06666667,60,12052,2897500,B3 COTAHIST official annual file; last trading session 2021-01-04; 60-session average traded value,2021
2021-01-04,VIVT3.SA,VIVT3,equity,TELEF BRASIL,ON  EDJ,BRVIVTACNOR0,2021-01-04,45.94,57799458.5,60,14413,2791400,B3 COTAHIST official annual file; last trading session 2021-01-04; 60-session average traded value,2021
2021-01-04,ENBR3.SA,ENBR3,equity,ENERGIAS BR,ON      NM,BRENBRACNOR2,2021-01-04,19.56,57599130.75,60,13319,2749900,B3 COTAHIST official annual file; last trading session 2021-01-04; 60-session average traded value,2021
2021-01-04,RAPT4.SA,RAPT4,equity,RANDON PART,PN  EJ  N1,BRRAPTACNPR4,2021-01-04,15.49,56981148.766666666,60,12725,5359600,B3 COTAHIST official annual file; last trading session 2021-01-04; 60-session average traded value,2021
2021-01-04,SAPR11.SA,SAPR11,equity,SANEPAR,UNT EJ  N2,BRSAPRCDAM13,2021-01-04,25.11,56646773.61666667,60,13580,3480300,B3 COTAHIST official annual file; last trading session 2021-01-04; 60-session average traded value,2021
2021-01-04,NEOE3.SA,NEOE3,equity,NEOENERGIA,ON      NM,BRNEOEACNOR3,2021-01-04,17.76,55054978.25,60,9079,3619800,B3 COTAHIST official annual file; last trading session 2021-01-04; 60-session average traded value,2021
2021-01-04,MEAL3.SA,MEAL3,equity,IMC S/A,ON      NM,BRMEALACNOR9,2021-01-04,4.12,54590416.15,60,9673,8695100,B3 COTAHIST official annual file; last trading session 2021-01-04; 60-session average traded value,2021
2021-01-04,FLRY3.SA,FLRY3,equity,FLEURY,ON      NM,BRFLRYACNOR5,2021-01-04,27.0,51197519.15,60,8610,1593800,B3 COTAHIST official annual file; last trading session 2021-01-04; 60-session average traded value,2021
2021-01-04,ECOR3.SA,ECOR3,equity,ECORODOVIAS,ON      NM,BRECORACNOR8,2021-01-04,13.25,51107823.833333336,60,9019,2794300,B3 COTAHIST official annual file; last trading session 2021-01-04; 60-session average traded value,2021
2021-01-04,CESP6.SA,CESP6,equity,CESP,PNB EJ  N1,BRCESPACNPB4,2021-01-04,28.92,50734547.31666667,60,9774,2540300,B3 COTAHIST official annual file; last trading session 2021-01-04; 60-session average traded value,2021
2021-01-04,TASA4.SA,TASA4,equity,TAURUS ARMAS,PN      N2,BRTASAACNPR4,2021-01-04,15.56,49797918.766666666,60,3191,2127100,B3 COTAHIST official annual file; last trading session 2021-01-04; 60-session average traded value,2021
2021-01-04,CNTO3.SA,CNTO3,equity,CENTAURO,ON      NM,BRCNTOACNOR5,2021-01-04,28.43,49278103.13333333,60,6481,1466300,B3 COTAHIST official annual file; last trading session 2021-01-04; 60-session average traded value,2021
2021-01-04,LAME3.SA,LAME3,equity,LOJAS AMERIC,ON      N1,BRLAMEACNOR9,2021-01-04,20.02,48862081.15,60,3369,687300,B3 COTAHIST official annual file; last trading session 2021-01-04; 60-session average traded value,2021
2021-01-04,BIDI4.SA,BIDI4,equity,BANCO INTER,PN      N2,BRBIDIACNPR0,2021-01-04,32.21,48568112.71666667,60,5692,1314000,B3 COTAHIST official annual file; last trading session 2021-01-04; 60-session average traded value,2021
2021-01-04,MOVI3.SA,MOVI3,equity,MOVIDA,ON      NM,BRMOVIACNOR0,2021-01-04,20.28,47503317.5,60,6513,1566800,B3 COTAHIST official annual file; last trading session 2021-01-04; 60-session average traded value,2021
2021-01-04,HGTX3.SA,HGTX3,equity,CIA HERING,ON      NM,BRHGTXACNOR9,2021-01-04,17.02,46652159.43333333,60,7650,2180500,B3 COTAHIST official annual file; last trading session 2021-01-04; 60-session average traded value,2021
2021-01-04,ARZZ3.SA,ARZZ3,equity,AREZZO CO,ON      NM,BRARZZACNOR3,2021-01-04,68.0,45355532.86666667,60,1866,331200,B3 COTAHIST official annual file; last trading session 2021-01-04; 60-session average traded value,2021
2021-01-04,TRPL4.SA,TRPL4,equity,TRAN PAULIST,PN      N1,BRTRPLACNPR1,2021-01-04,27.74,43723707.43333333,60,9860,2443000,B3 COTAHIST official annual file; last trading session 2021-01-04; 60-session average traded value,2021
2021-01-04,ALSO3.SA,ALSO3,equity,ALIANSCSONAE,ON      NM,BRALSOACNOR5,2021-01-04,28.18,42286303.55,60,8762,1733800,B3 COTAHIST official annual file; last trading session 2021-01-04; 60-session average traded value,2021
2021-01-04,CSMG3.SA,CSMG3,equity,COPASA,ON      NM,BRCSMGACNOR5,2021-01-04,16.33,40328198.3,60,6617,1514700,B3 COTAHIST official annual file; last trading session 2021-01-04; 60-session average traded value,2021
2021-01-04,OMGE3.SA,OMGE3,equity,OMEGA GER,ON      NM,BROMGEACNOR0,2021-01-04,40.13,39162899.05,60,2819,587200,B3 COTAHIST official annual file; last trading session 2021-01-04; 60-session average traded value,2021
2021-01-04,MDIA3.SA,MDIA3,equity,M.DIASBRANCO,ON  EJ  NM,BRMDIAACNOR7,2021-01-04,33.58,36481246.666666664,60,4484,815700,B3 COTAHIST official annual file; last trading session 2021-01-04; 60-session average traded value,2021
2021-01-04,TEND3.SA,TEND3,equity,TENDA,ON      NM,BRTENDACNOR4,2021-01-04,29.2,33653245.666666664,60,6043,1135900,B3 COTAHIST official annual file; last trading session 2021-01-04; 60-session average traded value,2021
2021-01-04,SMLS3.SA,SMLS3,equity,SMILES,ON      NM,BRSMLSACNOR1,2021-01-04,23.25,32905476.933333334,60,4911,1593400,B3 COTAHIST official annual file; last trading session 2021-01-04; 60-session average traded value,2021
2021-01-04,BRSR6.SA,BRSR6,equity,BANRISUL,PNB EJ  N1,BRBRSRACNPB4,2021-01-04,14.5,30608999.783333335,60,6494,2519400,B3 COTAHIST official annual file; last trading session 2021-01-04; 60-session average traded value,2021
2021-01-04,ANIM3.SA,ANIM3,equity,ANIMA,ON      NM,BRANIMACNOR6,2021-01-04,36.0,30231609.416666668,60,2081,475400,B3 COTAHIST official annual file; last trading session 2021-01-04; 60-session average traded value,2021
2021-01-04,LJQQ3.SA,LJQQ3,equity,QUERO-QUERO,ON  EJ  NM,BRLJQQACNOR5,2021-01-04,16.37,27591320.466666665,60,7216,1672800,B3 COTAHIST official annual file; last trading session 2021-01-04; 60-session average traded value,2021
2021-01-04,BRPR3.SA,BRPR3,equity,BR PROPERT,ON      NM,BRBRPRACNOR9,2021-01-04,9.62,27272798.766666666,60,4803,1435700,B3 COTAHIST official annual file; last trading session 2021-01-04; 60-session average traded value,2021
2021-01-04,VIVA3.SA,VIVA3,equity,VIVARA S.A.,ON  EJ  NM,BRVIVAACNOR0,2021-01-04,28.43,27103485.066666666,60,5181,1053500,B3 COTAHIST official annual file; last trading session 2021-01-04; 60-session average traded value,2021
2021-01-04,MYPK3.SA,MYPK3,equity,IOCHP-MAXION,ON      NM,BRMYPKACNOR7,2021-01-04,14.79,26991122.533333335,60,9562,3177700,B3 COTAHIST official annual file; last trading session 2021-01-04; 60-session average traded value,2021
2021-01-04,TUPY3.SA,TUPY3,equity,TUPY,ON      NM,BRTUPYACNOR1,2021-01-04,22.15,26388166.966666665,60,6223,1828900,B3 COTAHIST official annual file; last trading session 2021-01-04; 60-session average traded value,2021
2021-01-04,STBP3.SA,STBP3,equity,SANTOS BRP,ON      NM,BRSTBPACNOR3,2021-01-04,5.48,26350705.733333334,60,9257,10703100,B3 COTAHIST official annual file; last trading session 2021-01-04; 60-session average traded value,2021
2021-01-04,SLCE3.SA,SLCE3,equity,SLC AGRICOLA,ON      NM,BRSLCEACNOR2,2021-01-04,28.51,26318813.466666665,60,5037,1244300,B3 COTAHIST official annual file; last trading session 2021-01-04; 60-session average traded value,2021
2021-01-04,OIBR4.SA,OIBR4,equity,OI,PN      N1,BROIBRACNPR8,2021-01-04,2.98,26241626.783333335,60,4326,11568400,B3 COTAHIST official annual file; last trading session 2021-01-04; 60-session average traded value,2021
2021-01-04,CAML3.SA,CAML3,equity,CAMIL,ON  EJ  NM,BRCAMLACNOR3,2021-01-04,10.92,26236760.683333334,60,3912,1108400,B3 COTAHIST official annual file; last trading session 2021-01-04; 60-session average traded value,2021
2021-01-04,AERI3.SA,AERI3,equity,AERIS,ON      NM,BRAERIACNOR4,2021-01-04,10.53,25569812.77142857,35,10052,5003800,B3 COTAHIST official annual file; last trading session 2021-01-04; 60-session average traded value,2021
2021-01-04,TIET11.SA,TIET11,equity,AES TIETE E,UNT     N2,BRTIETCDAM15,2021-01-04,16.28,25347584.233333334,60,5856,1713500,B3 COTAHIST official annual file; last trading session 2021-01-04; 60-session average traded value,2021
2021-01-04,SMTO3.SA,SMTO3,equity,SAO MARTINHO,ON      NM,BRSMTOACNOR3,2021-01-04,27.25,25194893.816666666,60,5533,868400,B3 COTAHIST official annual file; last trading session 2021-01-04; 60-session average traded value,2021
2021-01-04,AMAR3.SA,AMAR3,equity,LOJAS MARISA,ON      NM,BRAMARACNOR4,2021-01-04,6.59,25137025.116666667,60,6718,4333800,B3 COTAHIST official annual file; last trading session 2021-01-04; 60-session average traded value,2021
2021-01-04,ODPV3.SA,ODPV3,equity,ODONTOPREV,ON      NM,BRODPVACNOR4,2021-01-04,15.17,24875707.416666668,60,4767,1597300,B3 COTAHIST official annual file; last trading session 2021-01-04; 60-session average traded value,2021
2021-01-04,PTBL3.SA,PTBL3,equity,PORTOBELLO,ON      NM,BRPTBLACNOR8,2021-01-04,6.65,23694035.05,60,10072,3509300,B3 COTAHIST official annual file; last trading session 2021-01-04; 60-session average traded value,2021
2021-01-04,GFSA3.SA,GFSA3,equity,GAFISA,ON      NM,BRGFSAACNOR3,2021-01-04,4.27,23603200.316666666,60,5700,5176700,B3 COTAHIST official annual file; last trading session 2021-01-04; 60-session average traded value,2021
2021-01-04,CEAB3.SA,CEAB3,equity,CEA MODAS,ON      NM,BRCEABACNOR1,2021-01-04,12.79,23345185.216666665,60,3108,1030900,B3 COTAHIST official annual file; last trading session 2021-01-04; 60-session average traded value,2021
2021-01-04,BKBR3.SA,BKBR3,equity,BK BRASIL,ON      NM,BRBKBRACNOR4,2021-01-04,10.92,23196691.2,60,3822,1032200,B3 COTAHIST official annual file; last trading session 2021-01-04; 60-session average traded value,2021
2021-01-04,DIRR3.SA,DIRR3,equity,DIRECIONAL,ON      NM,BRDIRRACNOR0,2021-01-04,13.29,22944702.35,60,10568,3701600,B3 COTAHIST official annual file; last trading session 2021-01-04; 60-session average traded value,2021
2021-01-04,EVEN3.SA,EVEN3,equity,EVEN,ON      NM,BREVENACNOR8,2021-01-04,11.67,22916566.683333334,60,7605,1599800,B3 COTAHIST official annual file; last trading session 2021-01-04; 60-session average traded value,2021
2021-01-04,SOMA3.SA,SOMA3,equity,GRUPO SOMA,ON      NM,BRSOMAACNOR3,2021-01-04,13.15,22548037.716666665,60,3578,879400,B3 COTAHIST official annual file; last trading session 2021-01-04; 60-session average traded value,2021
2021-01-04,BPAN4.SA,BPAN4,equity,BANCO PAN,PN  EJ  N1,BRBPANACNPR1,2021-01-04,9.36,22414213.0,60,7305,3090600,B3 COTAHIST official annual file; last trading session 2021-01-04; 60-session average traded value,2021
2021-01-04,POMO4.SA,POMO4,equity,MARCOPOLO,PN  EJ  N2,BRPOMOACNPR7,2021-01-04,2.89,22271313.133333333,60,4221,6038000,B3 COTAHIST official annual file; last trading session 2021-01-04; 60-session average traded value,2021
2021-01-04,HBOR3.SA,HBOR3,equity,HELBOR,ON      NM,BRHBORACNOR3,2021-01-04,11.87,21817950.9,60,5314,1792100,B3 COTAHIST official annual file; last trading session 2021-01-04; 60-session average traded value,2021
2021-01-04,DMMO3.SA,DMMO3,equity,DOMMO,ON,BRDMMOACNOR0,2021-01-04,1.4,20185151.066666666,60,3025,5887500,B3 COTAHIST official annual file; last trading session 2021-01-04; 60-session average traded value,2021
2021-01-04,HBSA3.SA,HBSA3,equity,HIDROVIAS,ON      NM,BRHBSAACNOR0,2021-01-04,6.61,20078283.7,60,10459,5413900,B3 COTAHIST official annual file; last trading session 2021-01-04; 60-session average traded value,2021
2021-01-04,ALUP11.SA,ALUP11,equity,ALUPAR,UNT     N2,BRALUPCDAM15,2021-01-04,26.49,20071135.616666667,60,1555,646400,B3 COTAHIST official annual file; last trading session 2021-01-04; 60-session average traded value,2021
2021-01-04,ENAT3.SA,ENAT3,equity,ENAUTA PART,ON      NM,BRENATACNOR0,2021-01-04,12.03,20017634.966666665,60,6241,2343000,B3 COTAHIST official annual file; last trading session 2021-01-04; 60-session average traded value,2021
2021-01-04,BOAS3.SA,BOAS3,equity,BOA VISTA,ON      NM,BRBOASACNOR6,2021-01-04,12.77,19512816.216666665,60,767,1230900,B3 COTAHIST official annual file; last trading session 2021-01-04; 60-session average traded value,2021
2021-01-04,ITUB3.SA,ITUB3,equity,ITAUUNIBANCO,ON  ED  N1,BRITUBACNOR4,2021-01-04,27.45,19493739.916666668,60,1894,416100,B3 COTAHIST official annual file; last trading session 2021-01-04; 60-session average traded value,2021
2021-01-04,TRIS3.SA,TRIS3,equity,TRISUL,ON      NM,BRTRISACNOR4,2021-01-04,11.71,19176602.283333335,60,7499,3119800,B3 COTAHIST official annual file; last trading session 2021-01-04; 60-session average traded value,2021
2021-01-04,RLOG3.SA,RLOG3,equity,COSAN LOG,ON      NM,BRRLOGACNOR4,2021-01-04,19.28,18168940.8,60,10255,3533400,B3 COTAHIST official annual file; last trading session 2021-01-04; 60-session average traded value,2021
2021-01-04,ENJU3.SA,ENJU3,equity,ENJOEI,ON      NM,BRENJUACNOR9,2021-01-04,12.7,18025232.054054055,37,1836,1341300,B3 COTAHIST official annual file; last trading session 2021-01-04; 60-session average traded value,2021
2021-01-04,SAPR4.SA,SAPR4,equity,SANEPAR,PN  EJ  N2,BRSAPRACNPR6,2021-01-04,4.97,17993005.083333332,60,15409,8044700,B3 COTAHIST official annual file; last trading session 2021-01-04; 60-session average traded value,2021
2021-01-04,LOGG3.SA,LOGG3,equity,LOG COM PROP,ON      NM,BRLOGGACNOR7,2021-01-04,33.68,17095291.5,60,2536,390300,B3 COTAHIST official annual file; last trading session 2021-01-04; 60-session average traded value,2021
2021-01-04,MMXM3.SA,MMXM3,equity,MMX MINER,ON      NM,BRMMXMACNOR2,2021-01-04,16.72,17054315.4,60,338,109300,B3 COTAHIST official annual file; last trading session 2021-01-04; 60-session average traded value,2021
2021-01-04,PNVL3.SA,PNVL3,equity,DIMED,ON  EJ,BRPNVLACNOR9,2021-01-04,21.11,16448928.133333333,60,3529,844700,B3 COTAHIST official annual file; last trading session 2021-01-04; 60-session average traded value,2021
2021-01-04,GUAR3.SA,GUAR3,equity,GUARARAPES,ON,BRGUARACNOR4,2021-01-04,14.2,16321031.416666666,60,7236,1813000,B3 COTAHIST official annual file; last trading session 2021-01-04; 60-session average traded value,2021
2021-01-04,LOGN3.SA,LOGN3,equity,LOG-IN,ON      NM,BRLOGNACNOR3,2021-01-04,15.81,16303727.533333333,60,2701,653500,B3 COTAHIST official annual file; last trading session 2021-01-04; 60-session average traded value,2021
2021-01-04,SEER3.SA,SEER3,equity,SER EDUCA,ON      NM,BRSEERACNOR5,2021-01-04,15.35,16249409.883333333,60,2781,617300,B3 COTAHIST official annual file; last trading session 2021-01-04; 60-session average traded value,2021
2021-01-04,CPLE3.SA,CPLE3,equity,COPEL,ON  EJ  N1,BRCPLEACNOR8,2021-01-04,68.5,14772886.166666666,60,1089,210800,B3 COTAHIST official annual file; last trading session 2021-01-04; 60-session average traded value,2021
2021-01-04,GRND3.SA,GRND3,equity,GRENDENE,ON      NM,BRGRNDACNOR3,2021-01-04,8.3,13918913.85,60,3443,1248700,B3 COTAHIST official annual file; last trading session 2021-01-04; 60-session average traded value,2021
2021-01-04,TGMA3.SA,TGMA3,equity,TEGMA,ON      NM,BRTGMAACNOR7,2021-01-04,26.91,13684221.883333333,60,1871,501100,B3 COTAHIST official annual file; last trading session 2021-01-04; 60-session average traded value,2021
2021-01-04,RCSL4.SA,RCSL4,equity,RECRUSUL,PN,BRRCSLACNPR1,2021-01-04,1.7,13638059.466666667,60,3121,6027400,B3 COTAHIST official annual file; last trading session 2021-01-04; 60-session average traded value,2021
2021-01-04,SQIA3.SA,SQIA3,equity,SINQIA,ON      NM,BRSQIAACNOR6,2021-01-04,23.41,13545122.916666666,60,6218,1294400,B3 COTAHIST official annual file; last trading session 2021-01-04; 60-session average traded value,2021
2021-01-04,ROMI3.SA,ROMI3,equity,INDS ROMI,ON      NM,BRROMIACNOR8,2021-01-04,15.74,13165656.366666667,60,5811,1491100,B3 COTAHIST official annual file; last trading session 2021-01-04; 60-session average traded value,2021
2021-01-04,CMIG3.SA,CMIG3,equity,CEMIG,ON  EJ  N1,BRCMIGACNOR6,2021-01-04,16.13,12961284.066666666,60,3498,829900,B3 COTAHIST official annual file; last trading session 2021-01-04; 60-session average traded value,2021
2021-01-04,PARD3.SA,PARD3,equity,IHPARDINI,ON      NM,BRPARDACNOR1,2021-01-04,22.39,12941942.733333332,60,3517,539600,B3 COTAHIST official annual file; last trading session 2021-01-04; 60-session average traded value,2021
2021-01-04,AMBP3.SA,AMBP3,equity,AMBIPAR,ON      NM,BRAMBPACNOR6,2021-01-04,26.85,12742469.45,60,1156,256400,B3 COTAHIST official annual file; last trading session 2021-01-04; 60-session average traded value,2021
2021-01-04,SIMH3.SA,SIMH3,equity,SIMPAR,ON      NM,BRSIMHACNOR0,2021-01-04,33.82,12483936.233333332,60,5997,1417900,B3 COTAHIST official annual file; last trading session 2021-01-04; 60-session average traded value,2021
2021-01-04,CASH3.SA,CASH3,equity,MELIUZ,ON      NM,BRCASHACNOR8,2021-01-04,17.06,11737493.564102564,39,9973,3850200,B3 COTAHIST official annual file; last trading session 2021-01-04; 60-session average traded value,2021
2021-01-04,UNIP6.SA,UNIP6,equity,UNIPAR,PNB,BRUNIPACNPB8,2021-01-04,53.25,11579082.233333332,60,3538,720900,B3 COTAHIST official annual file; last trading session 2021-01-04; 60-session average traded value,2021
2021-01-04,ABCB4.SA,ABCB4,equity,ABC BRASIL,PN      N2,BRABCBACNPR4,2021-01-04,16.2,11435205.816666666,60,5986,1570500,B3 COTAHIST official annual file; last trading session 2021-01-04; 60-session average traded value,2021
2021-01-04,LAVV3.SA,LAVV3,equity,LAVVI,ON      NM,BRLAVVACNOR4,2021-01-04,9.14,10543428.4,60,4984,3147800,B3 COTAHIST official annual file; last trading session 2021-01-04; 60-session average traded value,2021
2021-01-04,SEQL3.SA,SEQL3,equity,SEQUOIA LOG,ON      NM,BRSEQLACNOR2,2021-01-04,22.0,10154622.293103449,58,1517,316300,B3 COTAHIST official annual file; last trading session 2021-01-04; 60-session average traded value,2021
2021-01-04,BMGB4.SA,BMGB4,equity,BANCO BMG,PN  EJ  N1,BRBMGBACNPR0,2021-01-04,6.0,10154545.533333333,60,7797,4107800,B3 COTAHIST official annual file; last trading session 2021-01-04; 60-session average traded value,2021
2021-01-04,RANI3.SA,RANI3,equity,IRANI,ON      NM,BRRANIACNOR5,2021-01-04,5.39,9708558.55,60,5589,2154900,B3 COTAHIST official annual file; last trading session 2021-01-04; 60-session average traded value,2021
2021-01-04,POSI3.SA,POSI3,equity,POSITIVO TEC,ON      NM,BRPOSIACNOR9,2021-01-04,5.04,9569341.25,60,2175,881800,B3 COTAHIST official annual file; last trading session 2021-01-04; 60-session average traded value,2021
2021-01-04,RRRP3.SA,RRRP3,equity,3R PETROLEUM,ON      NM,BRRRRPACNOR5,2021-01-04,36.41,9079553.0,34,1272,324700,B3 COTAHIST official annual file; last trading session 2021-01-04; 60-session average traded value,2021
2021-01-04,MILS3.SA,MILS3,equity,MILLS,ON      NM,BRMILSACNOR2,2021-01-04,6.11,8993871.85,60,2975,971200,B3 COTAHIST official annual file; last trading session 2021-01-04; 60-session average traded value,2021
2021-01-04,WIZS3.SA,WIZS3,equity,WIZ S.A.,ON      NM,BRWIZSACNOR1,2021-01-04,7.84,8525046.083333334,60,4776,1699200,B3 COTAHIST official annual file; last trading session 2021-01-04; 60-session average traded value,2021
2021-01-04,KLBN4.SA,KLBN4,equity,KLABIN S/A,PN      N2,BRKLBNACNPR9,2021-01-04,5.14,8477280.616666667,60,1674,1322800,B3 COTAHIST official annual file; last trading session 2021-01-04; 60-session average traded value,2021
2021-01-04,TCSA3.SA,TCSA3,equity,TECNISA,ON      NM,BRTCSAACNOR3,2021-01-04,9.68,8469683.15,60,2124,694400,B3 COTAHIST official annual file; last trading session 2021-01-04; 60-session average traded value,2021
2021-01-04,CURY3.SA,CURY3,equity,CURY S/A,ON      NM,BRCURYACNOR3,2021-01-04,10.45,8461374.633333333,60,2708,1296800,B3 COTAHIST official annual file; last trading session 2021-01-04; 60-session average traded value,2021
2021-01-04,BIDI3.SA,BIDI3,equity,BANCO INTER,ON      N2,BRBIDIACNOR3,2021-01-04,32.0,8369943.3,60,1921,294600,B3 COTAHIST official annual file; last trading session 2021-01-04; 60-session average traded value,2021
2021-01-04,CCPR3.SA,CCPR3,equity,CYRE COM-CCP,ON      NM,BRCCPRACNOR9,2021-01-04,13.42,7925953.033333333,60,3020,714200,B3 COTAHIST official annual file; last trading session 2021-01-04; 60-session average traded value,2021
2021-01-04,LEVE3.SA,LEVE3,equity,METAL LEVE,ON      NM,BRLEVEACNOR2,2021-01-04,21.4,7243168.0,60,3743,905700,B3 COTAHIST official annual file; last trading session 2021-01-04; 60-session average traded value,2021
2021-01-04,VLID3.SA,VLID3,equity,VALID,ON      NM,BRVLIDACNOR5,2021-01-04,9.3,7178705.016666667,60,3243,716200,B3 COTAHIST official annual file; last trading session 2021-01-04; 60-session average traded value,2021
2021-01-04,VULC3.SA,VULC3,equity,VULCABRAS,ON      NM,BRVULCACNOR2,2021-01-04,7.91,6917470.483333333,60,2718,719000,B3 COTAHIST official annual file; last trading session 2021-01-04; 60-session average traded value,2021
2021-01-04,JPSA3.SA,JPSA3,equity,JEREISSATI,ON,BRJPSAACNOR6,2021-01-04,25.0,6820318.1,60,2320,385700,B3 COTAHIST official annual file; last trading session 2021-01-04; 60-session average traded value,2021
2021-01-04,MTRE3.SA,MTRE3,equity,MITRE REALTY,ON      NM,BRMTREACNOR6,2021-01-04,16.5,6467651.9,60,2006,631500,B3 COTAHIST official annual file; last trading session 2021-01-04; 60-session average traded value,2021
2021-01-04,OSXB3.SA,OSXB3,equity,OSX BRASIL,ON      NM,BROSXBACNOR8,2021-01-04,19.81,6070967.4,60,141,28100,B3 COTAHIST official annual file; last trading session 2021-01-04; 60-session average traded value,2021
2021-01-04,KEPL3.SA,KEPL3,equity,KEPLER WEBER,ON,BRKEPLACNOR1,2021-01-04,36.1,5842753.7,60,1519,294600,B3 COTAHIST official annual file; last trading session 2021-01-04; 60-session average traded value,2021
2021-01-04,LPSB3.SA,LPSB3,equity,LOPES BRASIL,ON      NM,BRLPSBACNOR0,2021-01-04,4.77,4927293.683333334,60,1903,975500,B3 COTAHIST official annual file; last trading session 2021-01-04; 60-session average traded value,2021
2021-01-04,PGMN3.SA,PGMN3,equity,PAGUE MENOS,ON      NM,BRPGMNACNOR8,2021-01-04,9.08,4824935.216666667,60,2497,614800,B3 COTAHIST official annual file; last trading session 2021-01-04; 60-session average traded value,2021
2021-01-04,TPIS3.SA,TPIS3,equity,TRIUNFO PART,ON      NM,BRTPISACNOR8,2021-01-04,2.26,4737225.033333333,60,1709,2023000,B3 COTAHIST official annual file; last trading session 2021-01-04; 60-session average traded value,2021
2021-01-04,AALR3.SA,AALR3,equity,ALLIAR,ON      NM,BRAALRACNOR6,2021-01-04,11.13,4722206.883333334,60,1508,405100,B3 COTAHIST official annual file; last trading session 2021-01-04; 60-session average traded value,2021
2021-01-04,AGRO3.SA,AGRO3,equity,BRASILAGRO,ON      NM,BRAGROACNOR7,2021-01-04,25.0,4618803.983333333,60,883,165600,B3 COTAHIST official annual file; last trading session 2021-01-04; 60-session average traded value,2021
2021-01-04,PFRM3.SA,PFRM3,equity,PROFARMA,ON      NM,BRPFRMACNOR1,2021-01-04,7.02,4275862.733333333,60,5608,3911300,B3 COTAHIST official annual file; last trading session 2021-01-04; 60-session average traded value,2021
2021-01-04,USIM3.SA,USIM3,equity,USIMINAS,ON      N1,BRUSIMACNOR3,2021-01-04,15.74,4130146.033333333,60,562,156000,B3 COTAHIST official annual file; last trading session 2021-01-04; 60-session average traded value,2021
2021-01-04,FESA4.SA,FESA4,equity,FERBASA,PN  EJ  N1,BRFESAACNPR5,2021-01-04,19.45,4120440.0833333335,60,503,180300,B3 COTAHIST official annual file; last trading session 2021-01-04; 60-session average traded value,2021
2021-01-04,TFCO4.SA,TFCO4,equity,TRACK FIELD,PN      N2,BRTFCOACNPR8,2021-01-04,12.8,4106764.717391304,46,424,229800,B3 COTAHIST official annual file; last trading session 2021-01-04; 60-session average traded value,2021
2021-01-04,SANB4.SA,SANB4,equity,SANTANDER BR,PN,BRSANBACNPR5,2021-01-04,23.4,3960136.05,60,764,152700,B3 COTAHIST official annual file; last trading session 2021-01-04; 60-session average traded value,2021
2021-01-04,MELK3.SA,MELK3,equity,MELNICK,ON      NM,BRMELKACNOR8,2021-01-04,7.78,3875206.05,60,2145,910800,B3 COTAHIST official annual file; last trading session 2021-01-04; 60-session average traded value,2021
2021-01-04,PLPL3.SA,PLPL3,equity,PLANOEPLANO,ON      NM,BRPLPLACNOR5,2021-01-04,7.45,3859312.316666667,60,3149,827200,B3 COTAHIST official annual file; last trading session 2021-01-04; 60-session average traded value,2021
2021-01-04,RCSL3.SA,RCSL3,equity,RECRUSUL,ON,BRRCSLACNOR4,2021-01-04,10.15,3657819.466666667,60,4934,2002400,B3 COTAHIST official annual file; last trading session 2021-01-04; 60-session average traded value,2021
2021-01-04,DMVF3.SA,DMVF3,equity,D1000VFARMA,ON      NM,BRDMVFACNOR9,2021-01-04,13.01,3608582.683333333,60,930,426700,B3 COTAHIST official annual file; last trading session 2021-01-04; 60-session average traded value,2021
2021-01-04,MDNE3.SA,MDNE3,equity,MOURA DUBEUX,ON      NM,BRMDNEACNOR9,2021-01-04,11.77,3552100.85,60,840,273000,B3 COTAHIST official annual file; last trading session 2021-01-04; 60-session average traded value,2021
2021-01-04,GPCP3.SA,GPCP3,equity,GPC PART,ON,BRGPCPACNOR4,2021-01-04,22.15,3492277.95,60,1032,244200,B3 COTAHIST official annual file; last trading session 2021-01-04; 60-session average traded value,2021
2021-01-04,SHOW3.SA,SHOW3,equity,TIME FOR FUN,ON      NM,BRSHOWACNOR7,2021-01-04,3.8,3471207.783333333,60,1471,840200,B3 COTAHIST official annual file; last trading session 2021-01-04; 60-session average traded value,2021
2021-01-04,PMAM3.SA,PMAM3,equity,PARANAPANEMA,ON      NM,BRPMAMACNOR3,2021-01-04,9.96,3272284.2,60,492,212400,B3 COTAHIST official annual file; last trading session 2021-01-04; 60-session average traded value,2021
2021-01-04,TASA3.SA,TASA3,equity,TAURUS ARMAS,ON      N2,BRTASAACNOR7,2021-01-04,15.71,3187580.5,60,350,71000,B3 COTAHIST official annual file; last trading session 2021-01-04; 60-session average traded value,2021
2021-01-04,CARD3.SA,CARD3,equity,CSU CARDSYST,ON      NM,BRCARDACNOR9,2021-01-04,14.95,3051361.35,60,524,138500,B3 COTAHIST official annual file; last trading session 2021-01-04; 60-session average traded value,2021
2021-01-04,SHUL4.SA,SHUL4,equity,SCHULZ,PN  EJ,BRSHULACNPR4,2021-01-04,13.37,2908034.1,60,1075,216200,B3 COTAHIST official annual file; last trading session 2021-01-04; 60-session average traded value,2021
2021-01-04,JSLG3.SA,JSLG3,equity,JSL,ON      NM,BRJSLGACNOR2,2021-01-04,10.75,2710738.714285714,35,908,193900,B3 COTAHIST official annual file; last trading session 2021-01-04; 60-session average traded value,2021
2021-01-04,SANB3.SA,SANB3,equity,SANTANDER BR,ON,BRSANBACNOR8,2021-01-04,21.09,2555169.716666667,60,730,117200,B3 COTAHIST official annual file; last trading session 2021-01-04; 60-session average traded value,2021
2021-01-04,TIET4.SA,TIET4,equity,AES TIETE E,PN      N2,BRTIETACNPR7,2021-01-04,3.25,2496014.466666667,60,1479,853200,B3 COTAHIST official annual file; last trading session 2021-01-04; 60-session average traded value,2021
2021-01-04,IGBR3.SA,IGBR3,equity,IGB S/A,ON  ES,BRIGBRACNOR7,2021-01-04,12.81,2395525.783333333,60,2521,783900,B3 COTAHIST official annual file; last trading session 2021-01-04; 60-session average traded value,2021
2021-01-04,GGBR3.SA,GGBR3,equity,GERDAU,ON  EJ  N1,BRGGBRACNOR1,2021-01-04,21.2,2284271.0833333335,60,427,178300,B3 COTAHIST official annual file; last trading session 2021-01-04; 60-session average traded value,2021
2021-01-04,ITSA3.SA,ITSA3,equity,ITAUSA,ON      N1,BRITSAACNOR0,2021-01-04,12.24,2169760.216666667,60,767,131500,B3 COTAHIST official annual file; last trading session 2021-01-04; 60-session average traded value,2021
2021-01-04,SAPR3.SA,SAPR3,equity,SANEPAR,ON  EJ  N2,BRSAPRACNOR9,2021-01-04,5.65,2148115.033333333,60,3656,1415300,B3 COTAHIST official annual file; last trading session 2021-01-04; 60-session average traded value,2021
2021-01-04,BRAP3.SA,BRAP3,equity,BRADESPAR,ON      N1,BRBRAPACNOR5,2021-01-04,58.43,2126959.4833333334,60,79,16100,B3 COTAHIST official annual file; last trading session 2021-01-04; 60-session average traded value,2021
2021-01-04,SLED4.SA,SLED4,equity,SARAIVA LIVR,PN      N2,BRSLEDACNPR7,2021-01-04,0.66,2056933.25,60,949,1923900,B3 COTAHIST official annual file; last trading session 2021-01-04; 60-session average traded value,2021
2021-01-04,KLBN3.SA,KLBN3,equity,KLABIN S/A,ON      N2,BRKLBNACNOR2,2021-01-04,5.33,1993547.15,60,809,249800,B3 COTAHIST official annual file; last trading session 2021-01-04; 60-session average traded value,2021
2021-01-04,RNEW11.SA,RNEW11,equity,RENOVA,UNT     N2,BRRNEWCDAM15,2021-01-04,13.0,1913384.1,60,766,171800,B3 COTAHIST official annual file; last trading session 2021-01-04; 60-session average traded value,2021
2021-01-04,TAEE4.SA,TAEE4,equity,TAESA,PN      N2,BRTAEEACNPR6,2021-01-04,11.02,1777579.8666666667,60,1522,355600,B3 COTAHIST official annual file; last trading session 2021-01-04; 60-session average traded value,2021
2021-01-04,TECN3.SA,TECN3,equity,TECHNOS,ON      NM,BRTECNACNOR6,2021-01-04,1.31,1658556.8666666667,60,477,727100,B3 COTAHIST official annual file; last trading session 2021-01-04; 60-session average traded value,2021
2021-01-04,PRNR3.SA,PRNR3,equity,PRINER,ON      NM,BRPRNRACNOR4,2021-01-04,8.79,1606573.1166666667,60,837,191300,B3 COTAHIST official annual file; last trading session 2021-01-04; 60-session average traded value,2021
2021-01-04,BBRK3.SA,BBRK3,equity,BR BROKERS,ON      NM,BRBBRKACNOR4,2021-01-04,2.19,1429081.0,60,809,608400,B3 COTAHIST official annual file; last trading session 2021-01-04; 60-session average traded value,2021
2021-01-04,SLED3.SA,SLED3,equity,SARAIVA LIVR,ON      N2,BRSLEDACNOR0,2021-01-04,1.16,1274326.95,60,587,869700,B3 COTAHIST official annual file; last trading session 2021-01-04; 60-session average traded value,2021
2021-01-04,TESA3.SA,TESA3,equity,TERRA SANTA,ON      NM,BRTESAACNOR9,2021-01-04,27.25,1233846.6833333333,60,235,72600,B3 COTAHIST official annual file; last trading session 2021-01-04; 60-session average traded value,2021
2021-01-04,FRAS3.SA,FRAS3,equity,FRAS-LE,ON  EJ  N1,BRFRASACNOR0,2021-01-04,10.52,1228556.1833333333,60,669,232300,B3 COTAHIST official annual file; last trading session 2021-01-04; 60-session average traded value,2021
2021-01-04,LUPA3.SA,LUPA3,equity,LUPATECH,ON      NM,BRLUPAACNOR8,2021-01-04,2.39,1157393.8333333333,60,445,460300,B3 COTAHIST official annual file; last trading session 2021-01-04; 60-session average traded value,2021
2021-01-04,SGPS3.SA,SGPS3,equity,SPRINGS,ON      NM,BRSGPSACNOR4,2021-01-04,7.63,1086185.6666666667,60,272,134100,B3 COTAHIST official annual file; last trading session 2021-01-04; 60-session average traded value,2021
2021-01-04,CAMB3.SA,CAMB3,equity,CAMBUCI,ON,BRCAMBACNOR4,2021-01-04,5.69,1068822.95,60,360,92500,B3 COTAHIST official annual file; last trading session 2021-01-04; 60-session average traded value,2021
2021-01-04,APER3.SA,APER3,equity,ALPER S.A.,ON      NM,BRAPERACNOR9,2021-01-04,34.12,1002728.0666666667,60,161,26100,B3 COTAHIST official annual file; last trading session 2021-01-04; 60-session average traded value,2021
2021-01-04,TELB4.SA,TELB4,equity,TELEBRAS,PN,BRTELBACNPR9,2021-01-04,30.55,993311.5,60,46,8200,B3 COTAHIST official annual file; last trading session 2021-01-04; 60-session average traded value,2021
2021-01-04,CGAS5.SA,CGAS5,equity,COMGAS,PNA,BRCGASACNPA3,2021-01-04,171.4,990091.7333333333,60,2,600,B3 COTAHIST official annual file; last trading session 2021-01-04; 60-session average traded value,2021
2021-01-04,AVLL3.SA,AVLL3,equity,ALPHAVILLE,ON      NM,BRAVLLACNOR5,2021-01-04,23.61,907359.2307692308,13,38,12600,B3 COTAHIST official annual file; last trading session 2021-01-04; 60-session average traded value,2021
2021-01-04,TIET3.SA,TIET3,equity,AES TIETE E,ON      N2,BRTIETACNOR0,2021-01-04,3.25,881960.2333333333,60,885,681200,B3 COTAHIST official annual file; last trading session 2021-01-04; 60-session average traded value,2021
2021-01-04,PINE4.SA,PINE4,equity,PINE,PN      N2,BRPINEACNPR8,2021-01-04,2.51,878401.85,60,352,235900,B3 COTAHIST official annual file; last trading session 2021-01-04; 60-session average traded value,2021
2021-01-04,TAEE3.SA,TAEE3,equity,TAESA,ON      N2,BRTAEEACNOR9,2021-01-04,11.05,875323.85,60,1008,175900,B3 COTAHIST official annual file; last trading session 2021-01-04; 60-session average traded value,2021
2021-01-04,PNVL4.SA,PNVL4,equity,DIMED,PN  EJ,BRPNVLACNPR6,2021-01-04,19.85,840252.8666666667,60,96,20000,B3 COTAHIST official annual file; last trading session 2021-01-04; 60-session average traded value,2021
2021-01-04,VIVR3.SA,VIVR3,equity,VIVER,ON      NM,BRVIVRACNOR4,2021-01-04,1.26,814688.3666666667,60,301,389600,B3 COTAHIST official annual file; last trading session 2021-01-04; 60-session average traded value,2021
2021-01-04,COCE5.SA,COCE5,equity,COELCE,PNA,BRCOCEACNPA3,2021-01-04,60.79,799793.75,60,65,10700,B3 COTAHIST official annual file; last trading session 2021-01-04; 60-session average traded value,2021
2021-01-04,EUCA4.SA,EUCA4,equity,EUCATEX,PN      N1,BREUCAACNPR8,2021-01-04,7.78,759255.0833333334,60,591,227700,B3 COTAHIST official annual file; last trading session 2021-01-04; 60-session average traded value,2021
2021-01-04,FHER3.SA,FHER3,equity,FER HERINGER,ON      NM,BRFHERACNOR5,2021-01-04,3.29,734955.6666666666,60,605,451600,B3 COTAHIST official annual file; last trading session 2021-01-04; 60-session average traded value,2021
2021-01-04,GOAU3.SA,GOAU3,equity,GERDAU MET,ON  EJ  N1,BRGOAUACNOR1,2021-01-04,10.18,723123.3833333333,60,253,80200,B3 COTAHIST official annual file; last trading session 2021-01-04; 60-session average traded value,2021
2021-01-04,PDTC3.SA,PDTC3,equity,PADTEC,ON,BRPDTCACNOR3,2021-01-04,6.62,650314.35,60,1588,742300,B3 COTAHIST official annual file; last trading session 2021-01-04; 60-session average traded value,2021
2021-01-04,LLIS3.SA,LLIS3,equity,LE LIS BLANC,ON      NM,BRLLISACNOR4,2021-01-04,5.0,645594.9166666666,60,267,88500,B3 COTAHIST official annual file; last trading session 2021-01-04; 60-session average traded value,2021
2021-01-04,RSID3.SA,RSID3,equity,ROSSI RESID,ON      NM,BRRSIDACNOR8,2021-01-04,6.4,626707.95,60,348,128400,B3 COTAHIST official annual file; last trading session 2021-01-04; 60-session average traded value,2021
2021-01-04,EMAE4.SA,EMAE4,equity,EMAE,PN,BREMAEACNPR1,2021-01-04,79.5,615437.8666666667,60,586,129800,B3 COTAHIST official annual file; last trading session 2021-01-04; 60-session average traded value,2021
2021-01-04,OFSA3.SA,OFSA3,equity,OUROFINO S/A,ON  EJ  NM,BROFSAACNOR7,2021-01-04,37.0,593996.5666666667,60,189,33100,B3 COTAHIST official annual file; last trading session 2021-01-04; 60-session average traded value,2021
2021-01-04,POMO3.SA,POMO3,equity,MARCOPOLO,ON  EJ  N2,BRPOMOACNOR0,2021-01-04,2.7,593898.8833333333,60,474,266300,B3 COTAHIST official annual file; last trading session 2021-01-04; 60-session average traded value,2021
2021-01-04,ALPK3.SA,ALPK3,equity,ESTAPAR,ON      NM,BRALPKACNOR9,2021-01-04,9.35,587723.6,60,185,47000,B3 COTAHIST official annual file; last trading session 2021-01-04; 60-session average traded value,2021
2021-01-04,UNIP3.SA,UNIP3,equity,UNIPAR,ON,BRUNIPACNOR7,2021-01-04,49.5,568668.1,60,171,32600,B3 COTAHIST official annual file; last trading session 2021-01-04; 60-session average traded value,2021
2021-01-04,BRKM3.SA,BRKM3,equity,BRASKEM,ON      N1,BRBRKMACNOR1,2021-01-04,25.24,524701.9166666666,60,85,16400,B3 COTAHIST official annual file; last trading session 2021-01-04; 60-session average traded value,2021
2021-01-04,RNEW4.SA,RNEW4,equity,RENOVA,PN      N2,BRRNEWACNPR5,2021-01-04,4.2,520800.38333333336,60,731,159200,B3 COTAHIST official annual file; last trading session 2021-01-04; 60-session average traded value,2021
2021-01-04,BIOM3.SA,BIOM3,equity,BIOMM,ON      MA,BRBIOMACNOR2,2021-01-04,16.18,503727.0,60,62,14000,B3 COTAHIST official annual file; last trading session 2021-01-04; 60-session average traded value,2021
2021-01-04,RNEW3.SA,RNEW3,equity,RENOVA,ON      N2,BRRNEWACNOR8,2021-01-04,4.71,501059.23333333334,60,585,97800,B3 COTAHIST official annual file; last trading session 2021-01-04; 60-session average traded value,2021
2021-01-04,CRPG5.SA,CRPG5,equity,CRISTAL,PNA,BRCRPGACNPA3,2021-01-04,35.87,498860.76666666666,60,97,32100,B3 COTAHIST official annual file; last trading session 2021-01-04; 60-session average traded value,2021
2021-01-04,SCAR3.SA,SCAR3,equity,SAO CARLOS,ON      NM,BRSCARACNOR7,2021-01-04,43.45,474071.11666666664,60,48,6100,B3 COTAHIST official annual file; last trading session 2021-01-04; 60-session average traded value,2021
2021-01-04,CGRA4.SA,CGRA4,equity,GRAZZIOTIN,PN  EJ,BRCGRAACNPR9,2021-01-04,35.93,457799.18333333335,60,105,24400,B3 COTAHIST official annual file; last trading session 2021-01-04; 60-session average traded value,2021
2021-01-04,ALUP3.SA,ALUP3,equity,ALUPAR,ON      N2,BRALUPACNOR8,2021-01-04,8.96,448526.4666666667,60,115,15300,B3 COTAHIST official annual file; last trading session 2021-01-04; 60-session average traded value,2021
2021-01-04,BSEV3.SA,BSEV3,equity,BIOSEV,ON      NM,BRBSEVACNOR3,2021-01-04,5.33,443326.25,60,219,59600,B3 COTAHIST official annual file; last trading session 2021-01-04; 60-session average traded value,2021
2021-01-04,RDNI3.SA,RDNI3,equity,RNI,ON      NM,BRRDNIACNOR9,2021-01-04,11.4,440656.98333333334,60,55,22000,B3 COTAHIST official annual file; last trading session 2021-01-04; 60-session average traded value,2021
2021-01-04,CEBR6.SA,CEBR6,equity,CEB,PNB,BRCEBRACNPB6,2021-01-04,146.87,424487.1403508772,57,17,2100,B3 COTAHIST official annual file; last trading session 2021-01-04; 60-session average traded value,2021
2021-01-04,SNSY5.SA,SNSY5,equity,SANSUY,PNA,BRSNSYACNPA5,2021-01-04,6.1,415419.9666666667,60,90,40000,B3 COTAHIST official annual file; last trading session 2021-01-04; 60-session average traded value,2021
2021-01-04,TELB3.SA,TELB3,equity,TELEBRAS,ON,BRTELBACNOR2,2021-01-04,88.1,399744.9655172414,58,1,100,B3 COTAHIST official annual file; last trading session 2021-01-04; 60-session average traded value,2021
2021-01-04,INEP4.SA,INEP4,equity,INEPAR,PN,BRINEPACNPR8,2021-01-04,18.0,383474.0833333333,60,2523,649200,B3 COTAHIST official annual file; last trading session 2021-01-04; 60-session average traded value,2021
2021-01-04,AZEV4.SA,AZEV4,equity,AZEVEDO,PN,BRAZEVACNPR7,2021-01-04,3.51,382393.6666666667,60,289,165200,B3 COTAHIST official annual file; last trading session 2021-01-04; 60-session average traded value,2021
2021-01-04,CLSC4.SA,CLSC4,equity,CELESC,PN  EJ  N2,BRCLSCACNPR3,2021-01-04,53.54,379898.10169491527,59,48,6000,B3 COTAHIST official annual file; last trading session 2021-01-04; 60-session average traded value,2021
2021-01-04,JBDU4.SA,JBDU4,equity,J B DUARTE,PN,BRJBDUACNPR3,2021-01-04,1.35,363594.6,60,65,41300,B3 COTAHIST official annual file; last trading session 2021-01-04; 60-session average traded value,2021
2021-01-04,ATOM3.SA,ATOM3,equity,ATOMPAR,ON,BRATOMACNOR1,2021-01-04,3.24,358123.23333333334,60,296,96600,B3 COTAHIST official annual file; last trading session 2021-01-04; 60-session average traded value,2021
2021-01-04,BPAC3.SA,BPAC3,equity,BTGP BANCO,ON      N2,BRBPACACNOR7,2021-01-04,47.7,352414.26666666666,60,27,3200,B3 COTAHIST official annual file; last trading session 2021-01-04; 60-session average traded value,2021
2021-01-04,WHRL4.SA,WHRL4,equity,WHIRLPOOL,PN,BRWHRLACNPR2,2021-01-04,8.0,349426.0333333333,60,124,28000,B3 COTAHIST official annual file; last trading session 2021-01-04; 60-session average traded value,2021
2021-01-04,UCAS3.SA,UCAS3,equity,UNICASA,ON      NM,BRUCASACNOR1,2021-01-04,4.19,347315.43333333335,60,156,56000,B3 COTAHIST official annual file; last trading session 2021-01-04; 60-session average traded value,2021
2021-01-04,CEBR3.SA,CEBR3,equity,CEB,ON,BRCEBRACNOR5,2021-01-04,132.46,338223.0344827586,58,17,13100,B3 COTAHIST official annual file; last trading session 2021-01-04; 60-session average traded value,2021
2021-01-04,AZEV3.SA,AZEV3,equity,AZEVEDO,ON,BRAZEVACNOR0,2021-01-04,5.6,336815.6666666667,60,317,95000,B3 COTAHIST official annual file; last trading session 2021-01-04; 60-session average traded value,2021
2021-01-04,INEP3.SA,INEP3,equity,INEPAR,ON,BRINEPACNOR1,2021-01-04,17.9,320470.23333333334,60,1682,374500,B3 COTAHIST official annual file; last trading session 2021-01-04; 60-session average traded value,2021
2021-01-04,BOBR4.SA,BOBR4,equity,BOMBRIL,PN,BRBOBRACNPR3,2021-01-04,2.17,308977.9666666667,60,218,101300,B3 COTAHIST official annual file; last trading session 2021-01-04; 60-session average traded value,2021
2021-01-04,RPMG3.SA,RPMG3,equity,PET MANGUINH,ON,BRRPMGACNOR9,2021-01-04,2.81,302558.8333333333,60,53,16700,B3 COTAHIST official annual file; last trading session 2021-01-04; 60-session average traded value,2021
2021-01-04,TCNO4.SA,TCNO4,equity,TECNOSOLO,PN,BRTCNOACNPR2,2021-01-04,1.51,273786.0333333333,60,96,66200,B3 COTAHIST official annual file; last trading session 2021-01-04; 60-session average traded value,2021
2021-01-04,EALT4.SA,EALT4,equity,ACO ALTONA,PN,BREALTACNPR1,2021-01-04,5.06,259863.61666666667,60,150,93300,B3 COTAHIST official annual file; last trading session 2021-01-04; 60-session average traded value,2021
2021-01-04,MOAR3.SA,MOAR3,equity,MONT ARANHA,ON  EJ,BRMOARACNOR5,2021-01-04,230.0,257707.79411764705,34,3,300,B3 COTAHIST official annual file; last trading session 2021-01-04; 60-session average traded value,2021
2021-01-04,BEES3.SA,BEES3,equity,BANESTES,ON  EJ,BRBEESACNOR9,2021-01-04,5.63,257519.11666666667,60,632,225200,B3 COTAHIST official annual file; last trading session 2021-01-04; 60-session average traded value,2021
2021-01-04,ENGI4.SA,ENGI4,equity,ENERGISA,PN      N2,BRENGIACNPR7,2021-01-04,8.5,241959.71666666667,60,194,48200,B3 COTAHIST official annual file; last trading session 2021-01-04; 60-session average traded value,2021
2021-01-04,ENGI3.SA,ENGI3,equity,ENERGISA,ON      N2,BRENGIACNOR0,2021-01-04,16.95,240031.48333333334,60,128,19000,B3 COTAHIST official annual file; last trading session 2021-01-04; 60-session average traded value,2021
2021-01-04,SULA4.SA,SULA4,equity,SUL AMERICA,PN      N2,BRSULAACNPR9,2021-01-04,13.0,228788.55,60,455,72600,B3 COTAHIST official annual file; last trading session 2021-01-04; 60-session average traded value,2021
2021-01-04,BPAC5.SA,BPAC5,equity,BTGP BANCO,PNA     N2,BRBPACACNPA0,2021-01-04,22.55,224891.93333333332,60,9,1700,B3 COTAHIST official annual file; last trading session 2021-01-04; 60-session average traded value,2021
2021-01-04,CESP3.SA,CESP3,equity,CESP,ON  EJ  N1,BRCESPACNOR3,2021-01-04,28.5,219178.64406779662,59,39,7100,B3 COTAHIST official annual file; last trading session 2021-01-04; 60-session average traded value,2021
2021-01-04,CTKA4.SA,CTKA4,equity,KARSTEN,PN,BRCTKAACNPR7,2021-01-04,20.31,207725.7288135593,59,38,5400,B3 COTAHIST official annual file; last trading session 2021-01-04; 60-session average traded value,2021
2021-01-04,DOHL4.SA,DOHL4,equity,DOHLER,PN,BRDOHLACNPR9,2021-01-04,5.93,206548.75862068965,58,694,170000,B3 COTAHIST official annual file; last trading session 2021-01-04; 60-session average traded value,2021
2021-01-04,CEDO4.SA,CEDO4,equity,CEDRO,PN      N1,BRCEDOACNPR5,2021-01-04,5.77,201793.7627118644,59,41,12300,B3 COTAHIST official annual file; last trading session 2021-01-04; 60-session average traded value,2021
2021-01-04,TEKA4.SA,TEKA4,equity,TEKA,PN,BRTEKAACNPR3,2021-01-04,15.05,194802.55172413794,58,79,19500,B3 COTAHIST official annual file; last trading session 2021-01-04; 60-session average traded value,2021
2021-01-04,TCNO3.SA,TCNO3,equity,TECNOSOLO,ON,BRTCNOACNOR5,2021-01-04,2.4,192361.03333333333,60,63,26000,B3 COTAHIST official annual file; last trading session 2021-01-04; 60-session average traded value,2021
2021-01-04,GSHP3.SA,GSHP3,equity,GENERALSHOPP,ON      NM,BRGSHPACNOR7,2021-01-04,55.55,190207.0,47,2,200,B3 COTAHIST official annual file; last trading session 2021-01-04; 60-session average traded value,2021
2021-01-04,RAPT3.SA,RAPT3,equity,RANDON PART,ON  EJ  N1,BRRAPTACNOR7,2021-01-04,11.44,187261.45,60,179,54000,B3 COTAHIST official annual file; last trading session 2021-01-04; 60-session average traded value,2021
2021-01-04,MTSA4.SA,MTSA4,equity,METISA,PN,BRMTSAACNPR9,2021-01-04,31.91,185639.45,60,26,5400,B3 COTAHIST official annual file; last trading session 2021-01-04; 60-session average traded value,2021
2021-01-04,PEAB3.SA,PEAB3,equity,PAR AL BAHIA,ON,BRPEABACNOR3,2021-01-04,57.0,182321.2,40,2,200,B3 COTAHIST official annual file; last trading session 2021-01-04; 60-session average traded value,2021
2021-01-04,MWET4.SA,MWET4,equity,WETZEL S/A,PN,BRMWETACNPR3,2021-01-04,6.15,181274.66666666666,60,88,24800,B3 COTAHIST official annual file; last trading session 2021-01-04; 60-session average traded value,2021
2021-01-04,PDGR3.SA,PDGR3,equity,PDG REALT,ON      NM,BRPDGRACNOR8,2021-01-04,3.95,180471.08333333334,60,68,32200,B3 COTAHIST official annual file; last trading session 2021-01-04; 60-session average traded value,2021
2021-01-04,HAGA4.SA,HAGA4,equity,HAGA S/A,PN,BRHAGAACNPR4,2021-01-04,2.04,180316.36666666667,60,119,85800,B3 COTAHIST official annual file; last trading session 2021-01-04; 60-session average traded value,2021
2021-01-04,FRTA3.SA,FRTA3,equity,POMIFRUTAS,ON      NM,BRFRTAACNOR8,2021-01-04,7.02,177913.83333333334,60,339,125800,B3 COTAHIST official annual file; last trading session 2021-01-04; 60-session average traded value,2021
2021-01-04,CRPG6.SA,CRPG6,equity,CRISTAL,PNB,BRCRPGACNPB1,2021-01-04,35.39,175911.24561403508,57,17,3000,B3 COTAHIST official annual file; last trading session 2021-01-04; 60-session average traded value,2021
2021-01-04,SULA3.SA,SULA3,equity,SUL AMERICA,ON      N2,BRSULAACNOR2,2021-01-04,16.95,168174.58333333334,60,374,41300,B3 COTAHIST official annual file; last trading session 2021-01-04; 60-session average traded value,2021
2021-01-04,JBDU3.SA,JBDU3,equity,J B DUARTE,ON,BRJBDUACNOR6,2021-01-04,2.43,158359.96666666667,60,63,34700,B3 COTAHIST official annual file; last trading session 2021-01-04; 60-session average traded value,2021
2021-01-04,BMEB4.SA,BMEB4,equity,MERC BRASIL,PN      N1,BRBMEBACNPR5,2021-01-04,15.59,157581.66666666666,60,297,57400,B3 COTAHIST official annual file; last trading session 2021-01-04; 60-session average traded value,2021
2021-01-04,BRSR3.SA,BRSR3,equity,BANRISUL,ON  EJ  N1,BRBRSRACNOR3,2021-01-04,15.84,155542.4,60,55,8700,B3 COTAHIST official annual file; last trading session 2021-01-04; 60-session average traded value,2021
2021-01-04,PTNT4.SA,PTNT4,equity,PETTENATI,PN,BRPTNTACNPR3,2021-01-04,5.1,140291.86666666667,60,361,70900,B3 COTAHIST official annual file; last trading session 2021-01-04; 60-session average traded value,2021
2021-01-04,BAHI3.SA,BAHI3,equity,BAHEMA,ON      MA,BRBAHIACNOR1,2021-01-04,82.0,139912.11111111112,54,24,3100,B3 COTAHIST official annual file; last trading session 2021-01-04; 60-session average traded value,2021
2021-01-04,ALUP4.SA,ALUP4,equity,ALUPAR,PN      N2,BRALUPACNPR5,2021-01-04,8.78,139484.06666666668,60,149,22300,B3 COTAHIST official annual file; last trading session 2021-01-04; 60-session average traded value,2021
2021-01-04,CEBR5.SA,CEBR5,equity,CEB,PNA,BRCEBRACNPA8,2021-01-04,157.0,137919.38775510204,49,1,100,B3 COTAHIST official annual file; last trading session 2021-01-04; 60-session average traded value,2021
2021-01-04,CEDO3.SA,CEDO3,equity,CEDRO,ON      N1,BRCEDOACNOR8,2021-01-04,11.42,134415.74545454545,55,20,2900,B3 COTAHIST official annual file; last trading session 2021-01-04; 60-session average traded value,2021
2021-01-04,ATMP3.SA,ATMP3,equity,ATMASA,ON      NM,BRATMPACNOR8,2021-01-04,2.61,134299.91666666666,60,733,321400,B3 COTAHIST official annual file; last trading session 2021-01-04; 60-session average traded value,2021
2021-01-04,EQPA3.SA,EQPA3,equity,EQTL PARA,ON,BREQPAACNOR1,2021-01-04,3.3,132335.06666666668,60,112,46400,B3 COTAHIST official annual file; last trading session 2021-01-04; 60-session average traded value,2021
2021-01-04,CGAS3.SA,CGAS3,equity,COMGAS,ON,BRCGASACNOR0,2021-01-04,164.13,126262.57894736843,38,1,100,B3 COTAHIST official annual file; last trading session 2021-01-04; 60-session average traded value,2021
2021-01-04,TXRX4.SA,TXRX4,equity,TEX RENAUX,PN,BRTXRXACNPR0,2021-01-04,9.65,126174.4,60,55,19900,B3 COTAHIST official annual file; last trading session 2021-01-04; 60-session average traded value,2021
2021-01-04,EQMA3B.SA,EQMA3B,equity,EQTLMARANHAO,ON      MB,BREQMAACNOR8,2021-01-04,47.99,121368.73913043478,23,3,1000,B3 COTAHIST official annual file; last trading session 2021-01-04; 60-session average traded value,2021
2021-01-04,ALPA3.SA,ALPA3,equity,ALPARGATAS,ON      N1,BRALPAACNOR0,2021-01-04,37.99,121049.38333333333,60,25,4500,B3 COTAHIST official annual file; last trading session 2021-01-04; 60-session average traded value,2021
2021-01-04,CTSA4.SA,CTSA4,equity,SANTANENSE,PN,BRCTSAACNPR0,2021-01-04,1.91,119997.86666666667,60,479,131000,B3 COTAHIST official annual file; last trading session 2021-01-04; 60-session average traded value,2021
2021-01-04,PTNT3.SA,PTNT3,equity,PETTENATI,ON,BRPTNTACNOR6,2021-01-04,5.54,116766.24137931035,58,54,9800,B3 COTAHIST official annual file; last trading session 2021-01-04; 60-session average traded value,2021
2021-01-04,MGEL4.SA,MGEL4,equity,MANGELS INDL,PN,BRMGELACNPR3,2021-01-04,8.21,112913.5172413793,58,16,2800,B3 COTAHIST official annual file; last trading session 2021-01-04; 60-session average traded value,2021
2021-01-04,EUCA3.SA,EUCA3,equity,EUCATEX,ON      N1,BREUCAACNOR1,2021-01-04,23.04,109645.18644067796,59,15,2500,B3 COTAHIST official annual file; last trading session 2021-01-04; 60-session average traded value,2021
2021-01-04,CTNM4.SA,CTNM4,equity,COTEMINAS,PN,BRCTNMACNPR6,2021-01-04,5.9,108514.13333333333,60,66,31500,B3 COTAHIST official annual file; last trading session 2021-01-04; 60-session average traded value,2021
2021-01-04,TRPL3.SA,TRPL3,equity,TRAN PAULIST,ON      N1,BRTRPLACNOR4,2021-01-04,29.39,107733.41666666667,60,29,5800,B3 COTAHIST official annual file; last trading session 2021-01-04; 60-session average traded value,2021
2021-01-04,MNPR3.SA,MNPR3,equity,MINUPAR,ON,BRMNPRACNOR5,2021-01-04,6.94,107419.55,60,24,3800,B3 COTAHIST official annual file; last trading session 2021-01-04; 60-session average traded value,2021
2021-01-04,CEED3.SA,CEED3,equity,CEEE-D,ON      N1,BRCEEDACNOR9,2021-01-04,58.0,105915.21212121213,33,1,100,B3 COTAHIST official annual file; last trading session 2021-01-04; 60-session average traded value,2021
2021-01-04,WHRL3.SA,WHRL3,equity,WHIRLPOOL,ON,BRWHRLACNOR5,2021-01-04,7.34,100175.35,60,45,9800,B3 COTAHIST official annual file; last trading session 2021-01-04; 60-session average traded value,2021
2021-01-04,CEPE5.SA,CEPE5,equity,CELPE,PNA,BRCEPEACNPA6,2021-01-04,31.38,98985.07407407407,27,35,3700,B3 COTAHIST official annual file; last trading session 2021-01-04; 60-session average traded value,2021
2021-01-04,CTSA3.SA,CTSA3,equity,SANTANENSE,ON,BRCTSAACNOR3,2021-01-04,2.45,97879.38333333333,60,86,30300,B3 COTAHIST official annual file; last trading session 2021-01-04; 60-session average traded value,2021
2021-01-04,BMKS3.SA,BMKS3,equity,BIC MONARK,ON,BRBMKSACNOR9,2021-01-04,260.0,93422.51225,40,6,14,B3 COTAHIST official annual file; last trading session 2021-01-04; 60-session average traded value,2021
2021-01-04,CESP5.SA,CESP5,equity,CESP,PNA EJ  N1,BRCESPACNPA6,2021-01-04,37.63,92225.58620689655,29,7,900,B3 COTAHIST official annual file; last trading session 2021-01-04; 60-session average traded value,2021
2021-01-04,TEKA3.SA,TEKA3,equity,TEKA,ON,BRTEKAACNOR6,2021-01-04,37.05,83287.62790697675,43,10,1000,B3 COTAHIST official annual file; last trading session 2021-01-04; 60-session average traded value,2021
2021-01-04,CGRA3.SA,CGRA3,equity,GRAZZIOTIN,ON  EJ,BRCGRAACNOR2,2021-01-04,36.0,81857.0,59,11,1300,B3 COTAHIST official annual file; last trading session 2021-01-04; 60-session average traded value,2021
2021-01-04,CEEB3.SA,CEEB3,equity,COELBA,ON,BRCEEBACNOR3,2021-01-04,43.0,77718.0,31,18,2300,B3 COTAHIST official annual file; last trading session 2021-01-04; 60-session average traded value,2021
2021-01-04,LUXM4.SA,LUXM4,equity,TREVISA,PN,BRLUXMACNPR4,2021-01-04,62.99,77060.83928571429,56,7,1000,B3 COTAHIST official annual file; last trading session 2021-01-04; 60-session average traded value,2021
2021-01-04,GEPA4.SA,GEPA4,equity,GER PARANAP,PN  EJ,BRGEPAACNPR9,2021-01-04,42.94,75413.49122807017,57,8,800,B3 COTAHIST official annual file; last trading session 2021-01-04; 60-session average traded value,2021
2021-01-04,BAZA3.SA,BAZA3,equity,AMAZONIA,ON,BRBAZAACNOR0,2021-01-04,41.8,74924.96610169491,59,25,3800,B3 COTAHIST official annual file; last trading session 2021-01-04; 60-session average traded value,2021
2021-01-04,BAUH4.SA,BAUH4,equity,EXCELSIOR,PN,BRBAUHACNPR3,2021-01-04,96.66,71199.20408163265,49,6,800,B3 COTAHIST official annual file; last trading session 2021-01-04; 60-session average traded value,2021
2021-01-04,PPLA11.SA,PPLA11,equity,PPLA,UNT,BRPPLAUNT007,2021-01-04,13.37,66169.38116666667,60,90,8374,B3 COTAHIST official annual file; last trading session 2021-01-04; 60-session average traded value,2021
2021-01-04,PLAS3.SA,PLAS3,equity,PLASCAR PART,ON,BRPLASACNOR2,2021-01-04,5.84,65975.98214285714,56,85,26700,B3 COTAHIST official annual file; last trading session 2021-01-04; 60-session average traded value,2021
2021-01-04,UNIP5.SA,UNIP5,equity,UNIPAR,PNA,BRUNIPACNPA0,2021-01-04,50.01,65107.897959183676,49,17,1900,B3 COTAHIST official annual file; last trading session 2021-01-04; 60-session average traded value,2021
2021-01-04,SNSY3.SA,SNSY3,equity,SANSUY,ON,BRSNSYACNOR2,2021-01-04,26.31,63258.87804878049,41,4,400,B3 COTAHIST official annual file; last trading session 2021-01-04; 60-session average traded value,2021
2021-01-04,BGIP4.SA,BGIP4,equity,BANESE,PN,BRBGIPACNPR8,2021-01-04,26.99,62832.0,52,5,600,B3 COTAHIST official annual file; last trading session 2021-01-04; 60-session average traded value,2021
2021-01-04,ESTR4.SA,ESTR4,equity,ESTRELA,PN,BRESTRACNPR0,2021-01-04,27.01,59418.41176470588,34,2,200,B3 COTAHIST official annual file; last trading session 2021-01-04; 60-session average traded value,2021
2021-01-04,BSLI3.SA,BSLI3,equity,BRB BANCO,ON,BRBSLIACNOR5,2021-01-04,156.0,57160.083333333336,12,1,100,B3 COTAHIST official annual file; last trading session 2021-01-04; 60-session average traded value,2021
2021-01-04,CSRN5.SA,CSRN5,equity,COSERN,PNA,BRCSRNACNPA3,2021-01-04,17.4,56019.666666666664,9,8,900,B3 COTAHIST official annual file; last trading session 2021-01-04; 60-session average traded value,2021
2021-01-04,CSRN3.SA,CSRN3,equity,COSERN,ON,BRCSRNACNOR0,2021-01-04,17.33,55992.13636363636,22,39,4400,B3 COTAHIST official annual file; last trading session 2021-01-04; 60-session average traded value,2021
2021-01-04,DOHL3.SA,DOHL3,equity,DOHLER,ON,BRDOHLACNOR2,2021-01-04,19.81,55872.981132075474,53,32,3300,B3 COTAHIST official annual file; last trading session 2021-01-04; 60-session average traded value,2021
2021-01-04,BDLL4.SA,BDLL4,equity,BARDELLA,PN,BRBDLLACNPR8,2021-01-04,10.45,54540.183333333334,60,13,2200,B3 COTAHIST official annual file; last trading session 2021-01-04; 60-session average traded value,2021
2021-01-04,GPCP4.SA,GPCP4,equity,GPC PART,PN,BRGPCPACNPR1,2021-01-04,25.02,54502.92307692308,39,3,300,B3 COTAHIST official annual file; last trading session 2021-01-04; 60-session average traded value,2021
2021-01-04,CEGR3.SA,CEGR3,equity,CEG,ON,BRCEGRACNOR4,2021-01-04,65.0,54475.38461538462,13,3,500,B3 COTAHIST official annual file; last trading session 2021-01-04; 60-session average traded value,2021
2021-01-04,BALM3.SA,BALM3,equity,BAUMER,ON,BRBALMACNOR5,2021-01-04,21.6,54234.28571428572,42,15,2200,B3 COTAHIST official annual file; last trading session 2021-01-04; 60-session average traded value,2021
2021-01-04,BALM4.SA,BALM4,equity,BAUMER,PN,BRBALMACNPR2,2021-01-04,16.6,51436.65217391304,46,21,2700,B3 COTAHIST official annual file; last trading session 2021-01-04; 60-session average traded value,2021
2021-01-04,CTNM3.SA,CTNM3,equity,COTEMINAS,ON,BRCTNMACNOR9,2021-01-04,11.5,49923.94,50,4,1500,B3 COTAHIST official annual file; last trading session 2021-01-04; 60-session average traded value,2021
2021-01-04,CEPE6.SA,CEPE6,equity,CELPE,PNB,BRCEPEACNPB4,2021-01-04,35.0,49171.27272727273,11,10,1300,B3 COTAHIST official annual file; last trading session 2021-01-04; 60-session average traded value,2021
2021-01-04,MNDL3.SA,MNDL3,equity,MUNDIAL,ON,BRMNDLACNOR4,2021-01-04,24.35,48492.78,50,3,300,B3 COTAHIST official annual file; last trading session 2021-01-04; 60-session average traded value,2021
2021-01-04,BMIN3.SA,BMIN3,equity,MERC INVEST,ON,BRBMINACNOR4,2021-01-04,19.99,47779.27777777778,18,1,100,B3 COTAHIST official annual file; last trading session 2021-01-04; 60-session average traded value,2021
2021-01-04,HOOT4.SA,HOOT4,equity,HOTEIS OTHON,PN,BRHOOTACNPR9,2021-01-04,2.78,47193.53333333333,60,4,1100,B3 COTAHIST official annual file; last trading session 2021-01-04; 60-session average traded value,2021
2021-01-04,EKTR4.SA,EKTR4,equity,ELEKTRO,PN,BREKTRACNPR7,2021-01-04,29.5,46367.0,30,35,22300,B3 COTAHIST official annual file; last trading session 2021-01-04; 60-session average traded value,2021
2021-01-04,WLMM4.SA,WLMM4,equity,WLM IND COM,PN,BRWLMMACNPR3,2021-01-04,31.5,45198.724137931036,58,5,800,B3 COTAHIST official annual file; last trading session 2021-01-04; 60-session average traded value,2021
2021-01-04,BTTL3.SA,BTTL3,equity,BATTISTELLA,ON,BRBTTLACNOR0,2021-01-04,11.2,42954.933333333334,60,17,2300,B3 COTAHIST official annual file; last trading session 2021-01-04; 60-session average traded value,2021
2021-01-04,AHEB3.SA,AHEB3,equity,SPTURIS,ON,BRAHEBACNOR0,2021-01-04,22.81,39198.833333333336,24,1,100,B3 COTAHIST official annual file; last trading session 2021-01-04; 60-session average traded value,2021
2021-01-04,HAGA3.SA,HAGA3,equity,HAGA S/A,ON,BRHAGAACNOR7,2021-01-04,3.23,37212.666666666664,60,25,8000,B3 COTAHIST official annual file; last trading session 2021-01-04; 60-session average traded value,2021
2021-01-04,MTIG4.SA,MTIG4,equity,METAL IGUACU,PN,BRMTIGACNPR7,2021-01-04,57.77,36755.96428571428,28,2,200,B3 COTAHIST official annual file; last trading session 2021-01-04; 60-session average traded value,2021
2021-01-04,TKNO4.SA,TKNO4,equity,TEKNO,PN  EJ,BRTKNOACNPR5,2021-01-04,45.18,36727.333333333336,9,2,300,B3 COTAHIST official annual file; last trading session 2021-01-04; 60-session average traded value,2021
2021-01-04,AFLT3.SA,AFLT3,equity,AFLUENTE T,ON,BRAFLTACNOR1,2021-01-04,10.8,35371.43636363636,55,42,10700,B3 COTAHIST official annual file; last trading session 2021-01-04; 60-session average traded value,2021
2021-01-04,CSRN6.SA,CSRN6,equity,COSERN,PNB,BRCSRNACNPB1,2021-01-04,16.85,34957.46153846154,13,6,800,B3 COTAHIST official annual file; last trading session 2021-01-04; 60-session average traded value,2021
2021-01-04,BMEB3.SA,BMEB3,equity,MERC BRASIL,ON      N1,BRBMEBACNOR8,2021-01-04,16.24,34400.32727272727,55,12,2800,B3 COTAHIST official annual file; last trading session 2021-01-04; 60-session average traded value,2021
2021-01-04,PATI4.SA,PATI4,equity,PANATLANTICA,PN,BRPATIACNPR3,2021-01-04,38.0,34346.28571428572,35,4,900,B3 COTAHIST official annual file; last trading session 2021-01-04; 60-session average traded value,2021
2021-01-04,EALT3.SA,EALT3,equity,ACO ALTONA,ON,BREALTACNOR4,2021-01-04,12.67,34329.71428571428,49,1,100,B3 COTAHIST official annual file; last trading session 2021-01-04; 60-session average traded value,2021
2021-01-04,BNBR3.SA,BNBR3,equity,NORD BRASIL,ON,BRBNBRACNOR8,2021-01-04,76.91,33190.075,40,1,100,B3 COTAHIST official annual file; last trading session 2021-01-04; 60-session average traded value,2021
2021-01-04,CRDE3.SA,CRDE3,equity,CR2,ON,BRCRDEACNOR1,2021-01-04,27.49,32893.42857142857,35,7,1000,B3 COTAHIST official annual file; last trading session 2021-01-04; 60-session average traded value,2021
2021-01-04,MRSA3B.SA,MRSA3B,equity,MRS LOGIST,ON      MB,BRMRSAACNOR6,2021-01-04,38.0,30448.761904761905,21,1,100,B3 COTAHIST official annual file; last trading session 2021-01-04; 60-session average traded value,2021
2021-01-04,REDE3.SA,REDE3,equity,REDE ENERGIA,ON,BRREDEACNOR7,2021-01-04,11.14,29188.6875,48,3,900,B3 COTAHIST official annual file; last trading session 2021-01-04; 60-session average traded value,2021
2021-01-04,GEPA3.SA,GEPA3,equity,GER PARANAP,ON  EJ,BRGEPAACNOR2,2021-01-04,40.66,28800.315789473683,38,2,200,B3 COTAHIST official annual file; last trading session 2021-01-04; 60-session average traded value,2021
2021-01-04,BRKM6.SA,BRKM6,equity,BRASKEM,PNB     N1,BRBRKMACNPB2,2021-01-04,19.0,28142.85714285714,7,1,100,B3 COTAHIST official annual file; last trading session 2021-01-04; 60-session average traded value,2021
2021-01-04,PATI3.SA,PATI3,equity,PANATLANTICA,ON,BRPATIACNOR6,2021-01-04,28.25,27022.542857142857,35,6,1100,B3 COTAHIST official annual file; last trading session 2021-01-04; 60-session average traded value,2021
2021-01-04,NORD3.SA,NORD3,equity,NORDON MET,ON,BRNORDACNOR7,2021-01-04,6.21,26997.35714285714,56,4,500,B3 COTAHIST official annual file; last trading session 2021-01-04; 60-session average traded value,2021
2021-01-04,BEES4.SA,BEES4,equity,BANESTES,PN  EJ,BRBEESACNPR6,2021-01-04,5.95,25197.016666666666,60,36,8900,B3 COTAHIST official annual file; last trading session 2021-01-04; 60-session average traded value,2021
2021-01-04,HETA4.SA,HETA4,equity,HERCULES,PN,BRHETAACNPR9,2021-01-04,8.64,24720.59649122807,57,23,6800,B3 COTAHIST official annual file; last trading session 2021-01-04; 60-session average traded value,2021
2021-01-04,CRIV4.SA,CRIV4,equity,ALFA FINANC,PN,BRCRIVACNPR1,2021-01-04,6.46,24592.0,52,3,10100,B3 COTAHIST official annual file; last trading session 2021-01-04; 60-session average traded value,2021
2021-01-04,BRIV4.SA,BRIV4,equity,ALFA INVEST,PN,BRBRIVACNPR3,2021-01-04,9.25,23032.637931034482,58,9,2400,B3 COTAHIST official annual file; last trading session 2021-01-04; 60-session average traded value,2021
2021-01-04,JOPA3.SA,JOPA3,equity,JOSAPAR,ON,BRJOPAACNOR5,2021-01-04,34.12,21192.827586206895,29,4,400,B3 COTAHIST official annual file; last trading session 2021-01-04; 60-session average traded value,2021
2021-01-04,CRIV3.SA,CRIV3,equity,ALFA FINANC,ON,BRCRIVACNOR4,2021-01-04,5.47,18652.80701754386,57,10,1600,B3 COTAHIST official annual file; last trading session 2021-01-04; 60-session average traded value,2021
2021-01-04,RPAD3.SA,RPAD3,equity,ALFA HOLDING,ON,BRRPADACNOR1,2021-01-04,6.35,18405.0,42,1,100,B3 COTAHIST official annual file; last trading session 2021-01-04; 60-session average traded value,2021
2021-01-04,BRSR5.SA,BRSR5,equity,BANRISUL,PNA EJ  N1,BRBRSRACNPA6,2021-01-04,18.5,17697.947368421053,19,14,1400,B3 COTAHIST official annual file; last trading session 2021-01-04; 60-session average traded value,2021
2021-01-04,WLMM3.SA,WLMM3,equity,WLM IND COM,ON,BRWLMMACNOR6,2021-01-04,21.01,17022.630434782608,46,28,3100,B3 COTAHIST official annual file; last trading session 2021-01-04; 60-session average traded value,2021
2021-01-04,BMIN4.SA,BMIN4,equity,MERC INVEST,PN,BRBMINACNPR1,2021-01-04,19.98,16833.945945945947,37,2,200,B3 COTAHIST official annual file; last trading session 2021-01-04; 60-session average traded value,2021
2021-01-04,EQPA7.SA,EQPA7,equity,EQTL PARA,PNC,BREQPAACNPC0,2021-01-04,5.37,15777.818181818182,22,3,300,B3 COTAHIST official annual file; last trading session 2021-01-04; 60-session average traded value,2021
2021-01-04,RPAD5.SA,RPAD5,equity,ALFA HOLDING,PNA,BRRPADACNPA4,2021-01-04,9.39,15060.481481481482,27,1,100,B3 COTAHIST official annual file; last trading session 2021-01-04; 60-session average traded value,2021
2021-01-04,DTCY3.SA,DTCY3,equity,DTCOM-DIRECT,ON,BRDTCYACNOR5,2021-01-04,7.4,14561.884615384615,52,1,200,B3 COTAHIST official annual file; last trading session 2021-01-04; 60-session average traded value,2021
2021-01-04,GPAR3.SA,GPAR3,equity,CELGPAR,ON,BRGPARACNOR4,2021-01-04,27.0,14487.142857142857,14,1,100,B3 COTAHIST official annual file; last trading session 2021-01-04; 60-session average traded value,2021
2021-01-04,BRGE12.SA,BRGE12,equity,ALFA CONSORC,PNF,BRBRGEACNPF8,2021-01-04,6.23,14425.282608695652,46,10,3200,B3 COTAHIST official annual file; last trading session 2021-01-04; 60-session average traded value,2021
2021-01-04,BRGE3.SA,BRGE3,equity,ALFA CONSORC,ON,BRBRGEACNOR6,2021-01-04,9.8,13834.25,36,22,10500,B3 COTAHIST official annual file; last trading session 2021-01-04; 60-session average traded value,2021
2021-01-04,CBEE3.SA,CBEE3,equity,AMPLA ENERG,ON,BRCBEEACNOR3,2021-01-04,19.7,13516.461538461539,26,3,300,B3 COTAHIST official annual file; last trading session 2021-01-04; 60-session average traded value,2021
2021-01-04,BRIV3.SA,BRIV3,equity,ALFA INVEST,ON,BRBRIVACNOR6,2021-01-04,8.86,13086.238095238095,42,1,300,B3 COTAHIST official annual file; last trading session 2021-01-04; 60-session average traded value,2021
2021-01-04,EKTR3.SA,EKTR3,equity,ELEKTRO,ON,BREKTRACNOR0,2021-01-04,34.21,11496.235294117647,17,6,600,B3 COTAHIST official annual file; last trading session 2021-01-04; 60-session average traded value,2021
2021-01-04,RPAD6.SA,RPAD6,equity,ALFA HOLDING,PNB,BRRPADACNPB2,2021-01-04,6.4,10196.0625,32,1,100,B3 COTAHIST official annual file; last trading session 2021-01-04; 60-session average traded value,2021
2021-01-04,BRGE11.SA,BRGE11,equity,ALFA CONSORC,PNE,BRBRGEACNPE1,2021-01-04,10.0,3872.909090909091,11,2,500,B3 COTAHIST official annual file; last trading session 2021-01-04; 60-session average traded value,2021
2021-01-04,BOVA11.SA,BOVA11,etf,ISHARES BOVA,CI,BRBOVACTF003,2021-01-04,114.09,1001425243.434,60,41278,8493213,B3 COTAHIST official annual file; last trading session 2021-01-04; 60-session average traded value,2021
2021-01-04,BOVV11.SA,BOVV11,etf,IT NOW IBOV,CI,BRBOVVCTF009,2021-01-04,119.26,248850746.57866666,60,33144,3448033,B3 COTAHIST official annual file; last trading session 2021-01-04; 60-session average traded value,2021
2021-01-04,IVVB11.SA,IVVB11,etf,ISHARE SP500,CI,BRIVVBCTF001,2021-01-04,210.8,58238552.993666664,60,3023,136343,B3 COTAHIST official annual file; last trading session 2021-01-04; 60-session average traded value,2021
2021-01-04,SMAL11.SA,SMAL11,etf,ISHARES SMAL,CI,BRSMALCTF002,2021-01-04,134.0,32832724.191166665,60,6418,348531,B3 COTAHIST official annual file; last trading session 2021-01-04; 60-session average traded value,2021
2021-01-04,BOVB11.SA,BOVB11,etf,ETF BRA IBOV,CI,BRBOVBCTF001,2021-01-04,118.86,25972248.593,60,405,538121,B3 COTAHIST official annual file; last trading session 2021-01-04; 60-session average traded value,2021
2021-01-04,BBOV11.SA,BBOV11,etf,BB ETF IBOV,CI,BRBBOVCTF001,2021-01-04,60.99,11909866.501272729,55,1434,14352,B3 COTAHIST official annual file; last trading session 2021-01-04; 60-session average traded value,2021
2021-01-04,SMAC11.SA,SMAC11,etf,IT NOW SMALL,CI,BRSMACCTF001,2021-01-04,70.05,11398649.576666666,60,1856,150786,B3 COTAHIST official annual file; last trading session 2021-01-04; 60-session average traded value,2021
2021-01-04,PIBB11.SA,PIBB11,etf,IT NOW PIBB,CI,BRPIBBCTF005,2021-01-04,203.4,10982076.896,60,1448,22025,B3 COTAHIST official annual file; last trading session 2021-01-04; 60-session average traded value,2021
2021-01-04,SPXI11.SA,SPXI11,etf,IT NOW SPXI,CI,BRSPXICTF003,2021-01-04,206.42,8179839.428833334,60,212,29647,B3 COTAHIST official annual file; last trading session 2021-01-04; 60-session average traded value,2021
2021-01-04,GOLD11.SA,GOLD11,etf,TREND OURO,CI,BRGOLDCTF015,2021-01-04,11.02,6679357.966666666,12,2889,665879,B3 COTAHIST official annual file; last trading session 2021-01-04; 60-session average traded value,2021
2021-01-04,XINA11.SA,XINA11,etf,TREND CHINA,CI,BRXINACTF006,2021-01-04,10.51,5721499.909999999,7,2345,596444,B3 COTAHIST official annual file; last trading session 2021-01-04; 60-session average traded value,2021
2021-01-04,FIND11.SA,FIND11,etf,IT NOW IFNC,CI,BRFINDCTF007,2021-01-04,116.34,4039437.621166667,60,65,4934,B3 COTAHIST official annual file; last trading session 2021-01-04; 60-session average traded value,2021
2021-01-04,DIVO11.SA,DIVO11,etf,IT NOW IDIV,CI,BRDIVOCTF002,2021-01-04,68.5,2077485.6578333334,60,283,18113,B3 COTAHIST official annual file; last trading session 2021-01-04; 60-session average traded value,2021
2021-01-04,PFIN11.SA,PFIN11,etf,FIP PERFIN,CI,BRPFINCTF001,2021-01-04,99.67,2027187.4835,60,65,4751,B3 COTAHIST official annual file; last trading session 2021-01-04; 60-session average traded value,2021
2021-01-04,BDIV11.SA,BDIV11,etf,FIP BTGDV IE,CI,BRBDIVCTF009,2021-01-04,103.85,996000.6086363636,22,221,3282,B3 COTAHIST official annual file; last trading session 2021-01-04; 60-session average traded value,2021
2021-01-04,BRZP11.SA,BRZP11,etf,FIP BRZ IE,CI  EA,BRBRZPCTF005,2021-01-04,81.62,993519.7186666667,60,342,16540,B3 COTAHIST official annual file; last trading session 2021-01-04; 60-session average traded value,2021
2021-01-04,VIGT11.SA,VIGT11,etf,FIP VINCI IE,CI,BRVIGTCTF004,2021-01-04,98.99,850579.2878333332,60,257,9599,B3 COTAHIST official annual file; last trading session 2021-01-04; 60-session average traded value,2021
2021-01-04,PPEI11.SA,PPEI11,etf,FIP PRISMA,CI,BRPPEICTF009,2021-01-04,116.3,762142.2531818182,44,24,312,B3 COTAHIST official annual file; last trading session 2021-01-04; 60-session average traded value,2021
2021-01-04,ESGB11.SA,ESGB11,etf,ETF ESG BTG,CI,BRESGBCTF007,2021-01-04,116.45,744890.4618333334,60,18,1427,B3 COTAHIST official annual file; last trading session 2021-01-04; 60-session average traded value,2021
2021-01-04,XFIX11.SA,XFIX11,etf,TREND IFIX,CI,BRXFIXCTF004,2021-01-04,10.22,654398.3122727273,22,554,64464,B3 COTAHIST official annual file; last trading session 2021-01-04; 60-session average traded value,2021
2021-01-04,XPIE11.SA,XPIE11,etf,FIP XP INFRA,CI  ER,BRXPIECTF003,2021-01-04,93.2,533592.9586666666,60,66,3585,B3 COTAHIST official annual file; last trading session 2021-01-04; 60-session average traded value,2021
2021-01-04,BBSD11.SA,BBSD11,etf,BB ETF SP DV,CI,BRBBSDCTF000,2021-01-04,92.45,449254.92116666667,60,45,9888,B3 COTAHIST official annual file; last trading session 2021-01-04; 60-session average traded value,2021
2021-01-04,MATB11.SA,MATB11,etf,IT NOW IMAT,CI,BRMATBCTF001,2021-01-04,55.43,275432.6496666667,60,104,7204,B3 COTAHIST official annual file; last trading session 2021-01-04; 60-session average traded value,2021
2021-01-04,XBOV11.SA,XBOV11,etf,CAIXAETFXBOV,CI,BRXBOVCTF005,2021-01-04,116.39,190803.207,60,14,305,B3 COTAHIST official annual file; last trading session 2021-01-04; 60-session average traded value,2021
2021-01-04,BRAX11.SA,BRAX11,etf,ISHARES BRAX,CI,BRBRAXCTF002,2021-01-04,99.1,170466.15283333333,60,49,1510,B3 COTAHIST official annual file; last trading session 2021-01-04; 60-session average traded value,2021
2021-01-04,FNOR11.SA,FNOR11,etf,FINOR,CI *,BRFNORCTF013,2021-01-04,0.36,160518.25999999998,60,276,334923000,B3 COTAHIST official annual file; last trading session 2021-01-04; 60-session average traded value,2021
2021-01-04,FNAM11.SA,FNAM11,etf,FINAM,CI *,BRFNAMCTF013,2021-01-04,0.2,158937.70716666666,60,328,649649000,B3 COTAHIST official annual file; last trading session 2021-01-04; 60-session average traded value,2021
2021-01-04,ECOO11.SA,ECOO11,etf,ISHARES ECOO,CI,BRECOOCTF008,2021-01-04,116.7,134628.23916666667,60,33,1895,B3 COTAHIST official annual file; last trading session 2021-01-04; 60-session average traded value,2021
2021-01-04,ISUS11.SA,ISUS11,etf,IT NOW ISE,CI,BRISUSCTF003,2021-01-04,40.87,132928.773,60,80,14598,B3 COTAHIST official annual file; last trading session 2021-01-04; 60-session average traded value,2021
2021-01-04,FSRF11.SA,FSRF11,etf,FISET FL REF,CI,BRFSRFCTF010,2021-01-04,0.24,87667.5,60,25,261000,B3 COTAHIST official annual file; last trading session 2021-01-04; 60-session average traded value,2021
2021-01-04,FSTU11.SA,FSTU11,etf,FISET TUR,CI,BRFSTUCTF015,2021-01-04,0.48,82486.58536585367,41,4,19000,B3 COTAHIST official annual file; last trading session 2021-01-04; 60-session average traded value,2021
2021-01-04,GOVE11.SA,GOVE11,etf,IT NOW IGCT,CI,BRGOVECTF004,2021-01-04,52.08,53878.358499999995,60,35,2429,B3 COTAHIST official annual file; last trading session 2021-01-04; 60-session average traded value,2021
2021-01-04,FDES11.SA,FDES11,etf,FUNDES,CI,BRFDESCTF005,2021-01-04,0.63,33140.0,33,2,6000,B3 COTAHIST official annual file; last trading session 2021-01-04; 60-session average traded value,2021
2021-01-04,FPOR11.SA,FPOR11,etf,FIP PORT SUD,CI,BRFPORCTF000,2021-01-04,4.5,13930.421136363637,44,54,24638,B3 COTAHIST official annual file; last trading session 2021-01-04; 60-session average traded value,2021
2021-01-04,FSPE11.SA,FSPE11,etf,FISET PESCA,CI,BRFSPECTF017,2021-01-04,0.47,10871.8,50,4,14000,B3 COTAHIST official annual file; last trading session 2021-01-04; 60-session average traded value,2021
2021-01-04,FCCQ11.SA,FCCQ11,etf,FIP CONQUEST,CI,BRFCCQCTF005,2021-01-04,3.93,7387.933103448276,58,7,220,B3 COTAHIST official annual file; last trading session 2021-01-04; 60-session average traded value,2021
2021-01-04,NVRP11.SA,NVRP11,etf,FIP NVRAPOSO,CI,BRNVRPCTF009,2021-01-04,1500.0,2994.6357142857146,7,1,5,B3 COTAHIST official annual file; last trading session 2021-01-04; 60-session average traded value,2021
2021-01-04,XPLG11.SA,XPLG11,fii,FII XP LOG,CI  ER,BRXPLGCTF002,2021-01-04,120.6,8163247.814666667,60,14282,162353,B3 COTAHIST official annual file; last trading session 2021-01-04; 60-session average traded value,2021
2021-01-04,MXRF11.SA,MXRF11,fii,FII MAXI REN,CI  ER,BRMXRFCTF008,2021-01-04,10.46,8072898.658833333,60,20788,930841,B3 COTAHIST official annual file; last trading session 2021-01-04; 60-session average traded value,2021
2021-01-04,IRDM11.SA,IRDM11,fii,FII IRIDIUM,CI,BRIRDMCTF004,2021-01-04,139.99,8054432.6241666665,60,4759,43954,B3 COTAHIST official annual file; last trading session 2021-01-04; 60-session average traded value,2021
2021-01-04,KNIP11.SA,KNIP11,fii,FII KINEA IP,CI  ER,BRKNIPCTF001,2021-01-04,115.0,7675003.633333334,60,3179,87824,B3 COTAHIST official annual file; last trading session 2021-01-04; 60-session average traded value,2021
2021-01-04,HGLG11.SA,HGLG11,fii,FII CSHG LOG,CI  ER,BRHGLGCTF004,2021-01-04,179.75,7472912.581333334,60,6435,55365,B3 COTAHIST official annual file; last trading session 2021-01-04; 60-session average traded value,2021
2021-01-04,BTLG11.SA,BTLG11,fii,FII BTLG,CI,BRBTLGCTF000,2021-01-04,111.49,7470086.018999999,60,6233,84741,B3 COTAHIST official annual file; last trading session 2021-01-04; 60-session average traded value,2021
2021-01-04,HGRU11.SA,HGRU11,fii,FII CSHG URB,CI  ER,BRHGRUCTF002,2021-01-04,128.1,6917781.571833333,60,7220,85285,B3 COTAHIST official annual file; last trading session 2021-01-04; 60-session average traded value,2021
2021-01-04,HSLG11.SA,HSLG11,fii,FII HSI LOG,CI  ER,BRHSLGCTF009,2021-01-04,108.0,6719224.428333334,6,1633,35720,B3 COTAHIST official annual file; last trading session 2021-01-04; 60-session average traded value,2021
2021-01-04,HCTR11.SA,HCTR11,fii,FII HECTARE,CI,BRHCTRCTF003,2021-01-04,150.11,6500206.469500001,60,6129,55550,B3 COTAHIST official annual file; last trading session 2021-01-04; 60-session average traded value,2021
2021-01-04,VILG11.SA,VILG11,fii,FII VINCILOG,CI  ER,BRVILGCTF001,2021-01-04,126.13,6036062.1389999995,60,5582,43302,B3 COTAHIST official annual file; last trading session 2021-01-04; 60-session average traded value,2021
2021-01-04,XPML11.SA,XPML11,fii,FII XP MALLS,CI,BRXPMLCTF000,2021-01-04,117.08,4774874.437833333,60,6174,46573,B3 COTAHIST official annual file; last trading session 2021-01-04; 60-session average traded value,2021
2021-01-04,KNCR11.SA,KNCR11,fii,FII KINEA RI,CI  ER,BRKNCRCTF000,2021-01-04,87.4,4566301.078833333,60,2661,45885,B3 COTAHIST official annual file; last trading session 2021-01-04; 60-session average traded value,2021
2021-01-04,BCFF11.SA,BCFF11,fii,FII BC FFII,CI,BRBCFFCTF000,2021-01-04,93.5,4421769.577833334,60,7570,67508,B3 COTAHIST official annual file; last trading session 2021-01-04; 60-session average traded value,2021
2021-01-04,CPTS11.SA,CPTS11,fii,FII CAPI SEC,CI,BRCPTSCTF004,2021-01-04,103.12,4371195.729833333,60,3991,57241,B3 COTAHIST official annual file; last trading session 2021-01-04; 60-session average traded value,2021
2021-01-04,KNRI11.SA,KNRI11,fii,FII KINEA,CI  ER,BRKNRICTF007,2021-01-04,160.67,4180240.7221666668,60,7313,41569,B3 COTAHIST official annual file; last trading session 2021-01-04; 60-session average traded value,2021
2021-01-04,RECR11.SA,RECR11,fii,FII REC RECE,CI,BRRECRCTF004,2021-01-04,111.9,4166022.8491666666,60,4375,44852,B3 COTAHIST official annual file; last trading session 2021-01-04; 60-session average traded value,2021
2021-01-04,BRCR11.SA,BRCR11,fii,FII BC FUND,CI,BRBRCRCTF000,2021-01-04,88.9,4118421.264,60,5021,51108,B3 COTAHIST official annual file; last trading session 2021-01-04; 60-session average traded value,2021
2021-01-04,HFOF11.SA,HFOF11,fii,FII HTOPFOF3,CI  ER,BRHFOFCTF002,2021-01-04,103.18,3960689.239333333,60,4357,50962,B3 COTAHIST official annual file; last trading session 2021-01-04; 60-session average traded value,2021
2021-01-04,HSML11.SA,HSML11,fii,FII HSI MALL,CI  ER,BRHSMLCTF007,2021-01-04,94.32,3929207.745833333,60,4601,55166,B3 COTAHIST official annual file; last trading session 2021-01-04; 60-session average traded value,2021
2021-01-04,HGBS11.SA,HGBS11,fii,FII HEDGEBS,CI  ER,BRHGBSCTF000,2021-01-04,215.9,3897852.4255,60,2207,12829,B3 COTAHIST official annual file; last trading session 2021-01-04; 60-session average traded value,2021
2021-01-04,RBRF11.SA,RBRF11,fii,FII RBRALPHA,CI,BRRBRFCTF003,2021-01-04,98.05,3855227.9175,60,4582,49708,B3 COTAHIST official annual file; last trading session 2021-01-04; 60-session average traded value,2021
2021-01-04,BBPO11.SA,BBPO11,fii,FII BB PRGII,CI  ER,BRBBPOCTF003,2021-01-04,121.0,3727135.9069999997,60,1802,20656,B3 COTAHIST official annual file; last trading session 2021-01-04; 60-session average traded value,2021
2021-01-04,RBRP11.SA,RBRP11,fii,FII RBR PROP,CI,BRRBRPCTF002,2021-01-04,94.84,3599047.4,60,3172,56085,B3 COTAHIST official annual file; last trading session 2021-01-04; 60-session average traded value,2021
2021-01-04,TGAR11.SA,TGAR11,fii,FII TG ATIVO,CI  ER,BRTGARCTF009,2021-01-04,133.54,3572146.8293333333,60,4465,32909,B3 COTAHIST official annual file; last trading session 2021-01-04; 60-session average traded value,2021
2021-01-04,VRTA11.SA,VRTA11,fii,FII FATOR VE,CI  ER,BRVRTACTF008,2021-01-04,116.2,3526394.1848333334,60,2490,26669,B3 COTAHIST official annual file; last trading session 2021-01-04; 60-session average traded value,2021
2021-01-04,VISC11.SA,VISC11,fii,FII VINCI SC,CI  ER,BRVISCCTF005,2021-01-04,116.6,3491130.0145,60,3496,37830,B3 COTAHIST official annual file; last trading session 2021-01-04; 60-session average traded value,2021
2021-01-04,LVBI11.SA,LVBI11,fii,FII VBI LOG,CI  ER,BRLVBICTF002,2021-01-04,119.4,3389547.9398333333,60,1444,19005,B3 COTAHIST official annual file; last trading session 2021-01-04; 60-session average traded value,2021
2021-01-04,JSRE11.SA,JSRE11,fii,FII JS REAL,CI  ER,BRJSRECTF007,2021-01-04,98.71,3123117.6988333333,60,689,17951,B3 COTAHIST official annual file; last trading session 2021-01-04; 60-session average traded value,2021
2021-01-04,HGRE11.SA,HGRE11,fii,FII HG REAL,CI  ER,BRHGRECTF006,2021-01-04,152.01,3078704.109166667,60,5463,40835,B3 COTAHIST official annual file; last trading session 2021-01-04; 60-session average traded value,2021
2021-01-04,XPIN11.SA,XPIN11,fii,FII XP INDL,CI,BRXPINCTF004,2021-01-04,116.5,2863748.9104999998,60,2279,27487,B3 COTAHIST official annual file; last trading session 2021-01-04; 60-session average traded value,2021
2021-01-04,HABT11.SA,HABT11,fii,FII HABIT II,CI  ER,BRHABTCTF001,2021-01-04,118.97,2678704.4885,60,1390,33660,B3 COTAHIST official annual file; last trading session 2021-01-04; 60-session average traded value,2021
2021-01-04,RECT11.SA,RECT11,fii,FII REC REND,CI,BRRECTCTF000,2021-01-04,97.8,2568174.9918333334,60,1634,26145,B3 COTAHIST official annual file; last trading session 2021-01-04; 60-session average traded value,2021
2021-01-04,PVBI11.SA,PVBI11,fii,FII VBI PRI,CI  ER,BRPVBICTF003,2021-01-04,96.1,2544834.0873333337,60,4273,28167,B3 COTAHIST official annual file; last trading session 2021-01-04; 60-session average traded value,2021
2021-01-04,GGRC11.SA,GGRC11,fii,FII GGRCOVEP,CI,BRGGRCCTF002,2021-01-04,141.65,2541924.3483333336,60,2408,21821,B3 COTAHIST official annual file; last trading session 2021-01-04; 60-session average traded value,2021
2021-01-04,TRXF11.SA,TRXF11,fii,FII TRX REAL,CI  ER,BRTRXFCTF003,2021-01-04,101.0,2533557.4061666667,60,1247,30005,B3 COTAHIST official annual file; last trading session 2021-01-04; 60-session average traded value,2021
2021-01-04,HGCR11.SA,HGCR11,fii,FII CSHG CRI,CI  ER,BRHGCRCTF000,2021-01-04,101.7,2472691.361,60,3394,33012,B3 COTAHIST official annual file; last trading session 2021-01-04; 60-session average traded value,2021
2021-01-04,MCCI11.SA,MCCI11,fii,FII MAUA,CI,BRMCCICTF008,2021-01-04,102.96,2450844.5026666666,60,5030,44267,B3 COTAHIST official annual file; last trading session 2021-01-04; 60-session average traded value,2021
2021-01-04,MALL11.SA,MALL11,fii,FII MALLS BP,CI  ER,BRMALLCTF007,2021-01-04,103.8,2389210.065833333,60,3134,29683,B3 COTAHIST official annual file; last trading session 2021-01-04; 60-session average traded value,2021
2021-01-04,VINO11.SA,VINO11,fii,FII VINC COR,CI  ER,BRVINOCTF001,2021-01-04,62.89,2284081.0516666668,60,2731,31015,B3 COTAHIST official annual file; last trading session 2021-01-04; 60-session average traded value,2021
2021-01-04,GTWR11.SA,GTWR11,fii,FII G TOWERS,CI  ER,BRGTWRCTF003,2021-01-04,108.65,2258929.145,60,881,15900,B3 COTAHIST official annual file; last trading session 2021-01-04; 60-session average traded value,2021
2021-01-04,XPCI11.SA,XPCI11,fii,FII XP CRED,CI  ER,BRXPCICTF007,2021-01-04,90.49,2151152.575166667,60,4320,32101,B3 COTAHIST official annual file; last trading session 2021-01-04; 60-session average traded value,2021
2021-01-04,BRCO11.SA,BRCO11,fii,FII BRESCO,CI  ER,BRBRCOCTF007,2021-01-04,115.5,2110709.1470000003,60,2080,16035,B3 COTAHIST official annual file; last trading session 2021-01-04; 60-session average traded value,2021
2021-01-04,PQAG11.SA,PQAG11,fii,FII PARQ ANH,CI  ER,BRPQAGCTF009,2021-01-04,69.96,2060361.206862745,51,33,942,B3 COTAHIST official annual file; last trading session 2021-01-04; 60-session average traded value,2021
2021-01-04,MGFF11.SA,MGFF11,fii,FII MOGNO,CI,BRMGFFCTF008,2021-01-04,86.57,2048714.7763333332,60,2452,22846,B3 COTAHIST official annual file; last trading session 2021-01-04; 60-session average traded value,2021
2021-01-04,RBVA11.SA,RBVA11,fii,FII RIOB VA,CI  ER,BRRBVACTF006,2021-01-04,116.69,2004763.8736666667,60,845,12084,B3 COTAHIST official annual file; last trading session 2021-01-04; 60-session average traded value,2021
2021-01-04,TRXB11.SA,TRXB11,fii,FII TRX R II,CI  ER,BRTRXBCTF002,2021-01-04,120.5,1967981.0104347826,46,10,92,B3 COTAHIST official annual file; last trading session 2021-01-04; 60-session average traded value,2021
2021-01-04,BCRI11.SA,BCRI11,fii,FII BEES CRI,CI  ER,BRBCRICTF009,2021-01-04,114.78,1881227.1583333334,60,1950,21182,B3 COTAHIST official annual file; last trading session 2021-01-04; 60-session average traded value,2021
2021-01-04,RBRR11.SA,RBRR11,fii,FII RBRHGRAD,CI,BRRBRRCTF008,2021-01-04,95.0,1856983.9043333335,60,1339,14783,B3 COTAHIST official annual file; last trading session 2021-01-04; 60-session average traded value,2021
2021-01-04,XPSF11.SA,XPSF11,fii,FII XP SELEC,CI  ER,BRXPSFCTF009,2021-01-04,96.69,1779005.3841666665,60,1383,12113,B3 COTAHIST official annual file; last trading session 2021-01-04; 60-session average traded value,2021
2021-01-04,PATL11.SA,PATL11,fii,FII PATR LOG,CI  ER,BRPATLCTF003,2021-01-04,94.1,1712240.5378333332,60,457,17839,B3 COTAHIST official annual file; last trading session 2021-01-04; 60-session average traded value,2021
2021-01-04,RZTR11.SA,RZTR11,fii,FII RIZA TX,CI  ER,BRRZTRCTF003,2021-01-04,103.11,1671491.9154545453,55,4139,34406,B3 COTAHIST official annual file; last trading session 2021-01-04; 60-session average traded value,2021
2021-01-04,XPPR11.SA,XPPR11,fii,FII XP PROP,CI  ER,BRXPPRCTF000,2021-01-04,80.97,1642603.893,60,2692,21039,B3 COTAHIST official annual file; last trading session 2021-01-04; 60-session average traded value,2021
2021-01-04,XPCM11.SA,XPCM11,fii,FII XP MACAE,CI  ER,BRXPCMCTF009,2021-01-04,48.5,1612258.3605,60,2100,29470,B3 COTAHIST official annual file; last trading session 2021-01-04; 60-session average traded value,2021
2021-01-04,VGIP11.SA,VGIP11,fii,FII VALORAIP,CI,BRVGIPCTF002,2021-01-04,111.4,1588036.0355,60,1972,18766,B3 COTAHIST official annual file; last trading session 2021-01-04; 60-session average traded value,2021
2021-01-04,ALZR11.SA,ALZR11,fii,FII ALIANZA,CI,BRALZRCTF006,2021-01-04,128.75,1587731.7095,60,1733,14793,B3 COTAHIST official annual file; last trading session 2021-01-04; 60-session average traded value,2021
2021-01-04,DEVA11.SA,DEVA11,fii,FII DEVANT,CI,BRDEVACTF000,2021-01-04,117.99,1516237.1076,25,1828,21412,B3 COTAHIST official annual file; last trading session 2021-01-04; 60-session average traded value,2021
2021-01-04,CVBI11.SA,CVBI11,fii,FII VBI CRI,CI,BRCVBICTF001,2021-01-04,105.44,1494243.8116666668,60,1380,25445,B3 COTAHIST official annual file; last trading session 2021-01-04; 60-session average traded value,2021
2021-01-04,KNHY11.SA,KNHY11,fii,FII KINEA HY,CI  ER,BRKNHYCTF005,2021-01-04,113.5,1415644.9198333332,60,86,12472,B3 COTAHIST official annual file; last trading session 2021-01-04; 60-session average traded value,2021
2021-01-04,SDIL11.SA,SDIL11,fii,FII SDI LOG,CI  ER,BRSDILCTF004,2021-01-04,102.1,1341849.1218333333,60,1307,14183,B3 COTAHIST official annual file; last trading session 2021-01-04; 60-session average traded value,2021
2021-01-04,RZAK11.SA,RZAK11,fii,FII RIZA AKN,CI,BRRZAKCTF008,2021-01-04,99.64,1325013.9733333334,3,1288,7208,B3 COTAHIST official annual file; last trading session 2021-01-04; 60-session average traded value,2021
2021-01-04,QAGR11.SA,QAGR11,fii,FII QUASAR A,CI,BRQAGRCTF005,2021-01-04,89.1,1270347.7710000002,60,2601,9570,B3 COTAHIST official annual file; last trading session 2021-01-04; 60-session average traded value,2021
2021-01-04,KNSC11.SA,KNSC11,fii,FII KINEA SC,CI  ER,BRKNSCCTF008,2021-01-04,99.0,1236271.1347058823,34,657,20852,B3 COTAHIST official annual file; last trading session 2021-01-04; 60-session average traded value,2021
2021-01-04,CPFF11.SA,CPFF11,fii,FII CAP REIT,CI,BRCPFFCTF000,2021-01-04,81.39,1072014.0373333334,60,3365,9321,B3 COTAHIST official annual file; last trading session 2021-01-04; 60-session average traded value,2021
2021-01-04,PATC11.SA,PATC11,fii,FII PATRIA,CI  ER,BRPATCCTF002,2021-01-04,85.05,1005620.0458333333,60,307,5875,B3 COTAHIST official annual file; last trading session 2021-01-04; 60-session average traded value,2021
2021-01-04,BARI11.SA,BARI11,fii,FII BARIGUI,CI  ER,BRBARICTF003,2021-01-04,113.21,996954.5921666666,60,810,7704,B3 COTAHIST official annual file; last trading session 2021-01-04; 60-session average traded value,2021
2021-01-04,MFII11.SA,MFII11,fii,FII MERITO I,CI  ER,BRMFIICTF008,2021-01-04,132.95,969665.2761666666,60,1156,12461,B3 COTAHIST official annual file; last trading session 2021-01-04; 60-session average traded value,2021
2021-01-04,TORD11.SA,TORD11,fii,FII TORDE EI,CI,BRTORDCTF015,2021-01-04,11.85,945219.7679999999,60,3472,238484,B3 COTAHIST official annual file; last trading session 2021-01-04; 60-session average traded value,2021
2021-01-04,RBFF11.SA,RBFF11,fii,FII RIOB FF,CI  ER,BRRBFFCTF008,2021-01-04,73.41,899378.0228333332,60,697,14405,B3 COTAHIST official annual file; last trading session 2021-01-04; 60-session average traded value,2021
2021-01-04,BPFF11.SA,BPFF11,fii,FII ABSOLUTO,CI  ER,BRBPFFCTF002,2021-01-04,79.5,847393.01,60,2233,22253,B3 COTAHIST official annual file; last trading session 2021-01-04; 60-session average traded value,2021
2021-01-04,BCIA11.SA,BCIA11,fii,FII BCIA,CI  ER,BRBCIACTF005,2021-01-04,114.9,772631.0008333332,60,309,4503,B3 COTAHIST official annual file; last trading session 2021-01-04; 60-session average traded value,2021
2021-01-04,VGIR11.SA,VGIR11,fii,FII VALREIII,CI,BRVGIRCTF008,2021-01-04,87.05,767563.2609999999,60,1479,8108,B3 COTAHIST official annual file; last trading session 2021-01-04; 60-session average traded value,2021
2021-01-04,PLCR11.SA,PLCR11,fii,FII PLURAL R,CI  ER,BRPLCRCTF003,2021-01-04,92.59,757324.9116666667,60,124,4152,B3 COTAHIST official annual file; last trading session 2021-01-04; 60-session average traded value,2021
2021-01-04,HGPO11.SA,HGPO11,fii,FII CSHGPRIM,CI  ER,BRHGPOCTF009,2021-01-04,228.8,754391.5423333333,60,177,897,B3 COTAHIST official annual file; last trading session 2021-01-04; 60-session average traded value,2021
2021-01-04,OUJP11.SA,OUJP11,fii,FII OURI JPP,CI  ER,BROUJPCTF006,2021-01-04,106.28,729991.6865,60,568,6613,B3 COTAHIST official annual file; last trading session 2021-01-04; 60-session average traded value,2021
2021-01-04,HGFF11.SA,HGFF11,fii,FII CSHG FOF,CI  ER,BRHGFFCTF008,2021-01-04,93.49,699060.3546666667,60,463,5631,B3 COTAHIST official annual file; last trading session 2021-01-04; 60-session average traded value,2021
2021-01-04,RCRB11.SA,RCRB11,fii,FII RIOB RC,CI,BRRCRBCTF000,2021-01-04,166.4,691942.475,60,586,3838,B3 COTAHIST official annual file; last trading session 2021-01-04; 60-session average traded value,2021
2021-01-04,VTLT11.SA,VTLT11,fii,FII VOT LOG,CI  ER,BRVTLTCTF001,2021-01-04,117.45,581421.8475,60,131,2529,B3 COTAHIST official annual file; last trading session 2021-01-04; 60-session average traded value,2021
2021-01-04,BTCR11.SA,BTCR11,fii,FII BTG CRI,CI,BRBTCRCTF006,2021-01-04,90.2,579388.2233333333,60,202,4258,B3 COTAHIST official annual file; last trading session 2021-01-04; 60-session average traded value,2021
2021-01-04,TEPP11.SA,TEPP11,fii,FII TEL PROP,CI  ER,BRTEPPCTF006,2021-01-04,89.11,559780.5836666668,60,449,5797,B3 COTAHIST official annual file; last trading session 2021-01-04; 60-session average traded value,2021
2021-01-04,BBFI11B.SA,BBFI11B,fii,FII BB PROGR,CI  ER  MB,BRBBFICTF006,2021-01-04,2121.01,554988.1403333333,60,97,202,B3 COTAHIST official annual file; last trading session 2021-01-04; 60-session average traded value,2021
2021-01-04,RBED11.SA,RBED11,fii,FII RIOB ED,CI  ER,BRRBEDCTF006,2021-01-04,153.39,532589.492,60,174,1917,B3 COTAHIST official annual file; last trading session 2021-01-04; 60-session average traded value,2021
2021-01-04,KFOF11.SA,KFOF11,fii,FII KINEAFOF,CI  ER,BRKFOFCTF006,2021-01-04,104.7,526122.4015,60,617,10156,B3 COTAHIST official annual file; last trading session 2021-01-04; 60-session average traded value,2021
2021-01-04,RVBI11.SA,RVBI11,fii,FII VBI REIT,CI,BRRVBICTF009,2021-01-04,94.1,517233.6348333333,60,175,3614,B3 COTAHIST official annual file; last trading session 2021-01-04; 60-session average traded value,2021
2021-01-04,VCJR11.SA,VCJR11,fii,FII VECTIS,CI  ER,BRVCJRCTF005,2021-01-04,104.4,504403.05233333335,60,45,1278,B3 COTAHIST official annual file; last trading session 2021-01-04; 60-session average traded value,2021
2021-01-04,SADI11.SA,SADI11,fii,FII SANT PAP,CI  ER,BRSADICTF007,2021-01-04,82.2,488156.14983333333,60,96,1925,B3 COTAHIST official annual file; last trading session 2021-01-04; 60-session average traded value,2021
2021-01-04,AIEC11.SA,AIEC11,fii,FII AUTONOMY,CI  ER,BRAIECCTF009,2021-01-04,94.79,457901.865576923,52,158,4419,B3 COTAHIST official annual file; last trading session 2021-01-04; 60-session average traded value,2021
2021-01-04,LFTT11.SA,LFTT11,fii,FII LOFT II,CI  ER,BRLFTTCTF004,2021-01-04,99.51,448560.2652941177,51,3,3,B3 COTAHIST official annual file; last trading session 2021-01-04; 60-session average traded value,2021
2021-01-04,RBRY11.SA,RBRY11,fii,FII RBR PCRI,CI,BRRBRYCTF004,2021-01-04,105.5,441739.25016666664,60,66,1497,B3 COTAHIST official annual file; last trading session 2021-01-04; 60-session average traded value,2021
2021-01-04,HLOG11.SA,HLOG11,fii,FII HEDGELOG,CI  ER,BRHLOGCTF008,2021-01-04,120.0,440018.9478333333,60,196,7068,B3 COTAHIST official annual file; last trading session 2021-01-04; 60-session average traded value,2021
2021-01-04,PORD11.SA,PORD11,fii,FII POLO CRI,CI  ER,BRPORDCTF005,2021-01-04,103.5,430349.18983333337,60,257,4633,B3 COTAHIST official annual file; last trading session 2021-01-04; 60-session average traded value,2021
2021-01-04,URPR11.SA,URPR11,fii,FII URCA REN,CI  ER,BRURPRCTF002,2021-01-04,128.0,427505.9695,60,1585,5852,B3 COTAHIST official annual file; last trading session 2021-01-04; 60-session average traded value,2021
2021-01-04,SPTW11.SA,SPTW11,fii,FII SP DOWNT,CI  ERA,BRSPTWCTF002,2021-01-04,82.9,426736.6728333334,60,512,6118,B3 COTAHIST official annual file; last trading session 2021-01-04; 60-session average traded value,2021
2021-01-04,BZLI11.SA,BZLI11,fii,FII BRREALTY,CI,BRBZLICTF003,2021-01-04,15.0,424310.3455,60,79,2266,B3 COTAHIST official annual file; last trading session 2021-01-04; 60-session average traded value,2021
2021-01-04,OULG11.SA,OULG11,fii,FII OURILOG,CI,BROULGCTF001,2021-01-04,81.98,418033.8051666666,60,399,5583,B3 COTAHIST official annual file; last trading session 2021-01-04; 60-session average traded value,2021
2021-01-04,RBCO11.SA,RBCO11,fii,FII R INCOME,CI  ER,BRRBCOCTF007,2021-01-04,87.49,385032.0686666667,60,100,1641,B3 COTAHIST official annual file; last trading session 2021-01-04; 60-session average traded value,2021
2021-01-04,RBFF12.SA,RBFF12,fii,FII RIOB FF,DIR,BRRBFFD02M13,2021-01-04,0.4,369924.25700000004,10,1759,2989773,B3 COTAHIST official annual file; last trading session 2021-01-04; 60-session average traded value,2021
2021-01-04,VIFI11.SA,VIFI11,fii,FII VINCI IF,CI  ER,BRVIFICTF009,2021-01-04,95.95,349969.07783333334,60,201,4113,B3 COTAHIST official annual file; last trading session 2021-01-04; 60-session average traded value,2021
2021-01-04,FEXC11.SA,FEXC11,fii,FII EXCELLEN,CI,BRFEXCCTF007,2021-01-04,96.5,337736.2681666667,60,289,4307,B3 COTAHIST official annual file; last trading session 2021-01-04; 60-session average traded value,2021
2021-01-04,DMAC11.SA,DMAC11,fii,FII MAC,CI,BRDMACCTF003,2021-01-04,157.7,336902.49316666665,60,44,275,B3 COTAHIST official annual file; last trading session 2021-01-04; 60-session average traded value,2021
2021-01-04,FAMB11B.SA,FAMB11B,fii,FII ALMIRANT,CI      MB,BRFAMBCTF018,2021-01-04,1482.01,329774.3306666667,60,53,97,B3 COTAHIST official annual file; last trading session 2021-01-04; 60-session average traded value,2021
2021-01-04,FIGS11.SA,FIGS11,fii,FII GEN SHOP,CI  ER,BRFIGSCTF009,2021-01-04,67.02,324224.58516666666,60,482,5140,B3 COTAHIST official annual file; last trading session 2021-01-04; 60-session average traded value,2021
2021-01-04,BMLC11.SA,BMLC11,fii,FII BMBRC LC,CI      MB,BRBMLCCTF004,2021-01-04,95.25,321800.4908333333,24,16,88,B3 COTAHIST official annual file; last trading session 2021-01-04; 60-session average traded value,2021
2021-01-04,NSLU11.SA,NSLU11,fii,FII LOURDES,CI  ER,BRNSLUCTF008,2021-01-04,281.9,318204.994,60,168,1381,B3 COTAHIST official annual file; last trading session 2021-01-04; 60-session average traded value,2021
2021-01-04,XPHT12.SA,XPHT12,fii,FII XP HOT,CI,BRXPHTCTF011,2021-01-04,70.0,317757.1233333333,57,26,2755,B3 COTAHIST official annual file; last trading session 2021-01-04; 60-session average traded value,2021
2021-01-04,HTMX11.SA,HTMX11,fii,FII HOTEL MX,CI,BRHTMXCTF000,2021-01-04,125.02,307134.40099999995,60,381,2514,B3 COTAHIST official annual file; last trading session 2021-01-04; 60-session average traded value,2021
2021-01-04,RFOF11.SA,RFOF11,fii,FII RB CFOF,CI  ER,BRRFOFCTF001,2021-01-04,87.5,291387.50183333334,60,107,2639,B3 COTAHIST official annual file; last trading session 2021-01-04; 60-session average traded value,2021
2021-01-04,SARE11.SA,SARE11,fii,FII SANT REN,CI,BRSARECTF006,2021-01-04,95.99,280028.41966666665,60,116,3438,B3 COTAHIST official annual file; last trading session 2021-01-04; 60-session average traded value,2021
2021-01-04,LGCP11.SA,LGCP11,fii,FII LGCP INT,CI  ER,BRLGCPCTF006,2021-01-04,100.23,274686.4691666667,60,238,3534,B3 COTAHIST official annual file; last trading session 2021-01-04; 60-session average traded value,2021
2021-01-04,RBRL11.SA,RBRL11,fii,FII RBR LOG,CI,BRRBRLCTF001,2021-01-04,109.0,272098.65338983055,59,182,3019,B3 COTAHIST official annual file; last trading session 2021-01-04; 60-session average traded value,2021
2021-01-04,FIIB11.SA,FIIB11,fii,FII INDL BR,CI  ER,BRFIIBCTF001,2021-01-04,531.0,263347.88066666666,60,229,1043,B3 COTAHIST official annual file; last trading session 2021-01-04; 60-session average traded value,2021
2021-01-04,RNGO11.SA,RNGO11,fii,FII RIONEGRO,CI  ER,BRRNGOCTF003,2021-01-04,70.89,260438.85416666666,60,261,4492,B3 COTAHIST official annual file; last trading session 2021-01-04; 60-session average traded value,2021
2021-01-04,NCHB11.SA,NCHB11,fii,FII NCH BRA,CI,BRNCHBCTF000,2021-01-04,100.66,253321.7495,60,199,4108,B3 COTAHIST official annual file; last trading session 2021-01-04; 60-session average traded value,2021
2021-01-04,BBRC11.SA,BBRC11,fii,FII BB CORP,CI  ER,BRBBRCCTF004,2021-01-04,134.0,252977.53366666666,60,253,1925,B3 COTAHIST official annual file; last trading session 2021-01-04; 60-session average traded value,2021
2021-01-04,ABCP11.SA,ABCP11,fii,FII ABC IMOB,CI  ER,BRABCPCTF000,2021-01-04,74.37,244794.00283333333,60,367,5057,B3 COTAHIST official annual file; last trading session 2021-01-04; 60-session average traded value,2021
2021-01-04,RBRD11.SA,RBRD11,fii,FII RB II,CI  ER,BRRBRDCTF008,2021-01-04,76.89,242961.93300000002,60,324,2458,B3 COTAHIST official annual file; last trading session 2021-01-04; 60-session average traded value,2021
2021-01-04,OUFF11.SA,OUFF11,fii,FII OURI FOF,CI,BROUFFCTF005,2021-01-04,84.0,231425.78033333333,60,158,2133,B3 COTAHIST official annual file; last trading session 2021-01-04; 60-session average traded value,2021
2021-01-04,FCFL11.SA,FCFL11,fii,FII CAMPUSFL,CI,BRFCFLCTF009,2021-01-04,118.06,230958.37483333334,60,68,1871,B3 COTAHIST official annual file; last trading session 2021-01-04; 60-session average traded value,2021
2021-01-04,PQDP11.SA,PQDP11,fii,FII D PEDRO,CI  ER,BRPQDPCTF004,2021-01-04,2985.0,223828.076,60,45,84,B3 COTAHIST official annual file; last trading session 2021-01-04; 60-session average traded value,2021
2021-01-04,XPHT11.SA,XPHT11,fii,FII XP HOT,CI,BRXPHTCTF003,2021-01-04,90.51,221760.5206779661,59,14,75,B3 COTAHIST official annual file; last trading session 2021-01-04; 60-session average traded value,2021
2021-01-04,IBFF11.SA,IBFF11,fii,FII FOF BREI,CI,BRIBFFCTF007,2021-01-04,84.03,219343.133,60,217,1212,B3 COTAHIST official annual file; last trading session 2021-01-04; 60-session average traded value,2021
2021-01-04,CEOC11.SA,CEOC11,fii,FII CEO CCP,CI,BRCEOCCTF003,2021-01-04,70.3,210045.6095,60,132,1608,B3 COTAHIST official annual file; last trading session 2021-01-04; 60-session average traded value,2021
2021-01-04,HBRH11.SA,HBRH11,fii,FII MULT REN,CI  ER,BRHBRHCTF000,2021-01-04,100.0,207976.45983333333,60,36,2051,B3 COTAHIST official annual file; last trading session 2021-01-04; 60-session average traded value,2021
2021-01-04,FLMA11.SA,FLMA11,fii,FII S F LIMA,CI,BRFLMACTF009,2021-01-04,3.02,191455.98333333334,60,1879,91228,B3 COTAHIST official annual file; last trading session 2021-01-04; 60-session average traded value,2021
2021-01-04,RBIV11.SA,RBIV11,fii,FII RBCRI IV,CI  ER,BRRBIVCTF009,2021-01-04,84.98,191386.47333333333,60,37,1164,B3 COTAHIST official annual file; last trading session 2021-01-04; 60-session average traded value,2021
2021-01-04,ARCT11.SA,ARCT11,fii,FII ARCTIUM,CI,BRARCTCTF008,2021-01-04,1299.97,185446.4065,60,34,183,B3 COTAHIST official annual file; last trading session 2021-01-04; 60-session average traded value,2021
2021-01-04,NEWL11.SA,NEWL11,fii,FII NEWPORT,CI  ER,BRNEWLCTF004,2021-01-04,104.88,182455.45816666668,60,25,303,B3 COTAHIST official annual file; last trading session 2021-01-04; 60-session average traded value,2021
2021-01-04,BLCP11.SA,BLCP11,fii,FII BLUECAP,CI,BRBLCPCTF007,2021-01-04,104.97,174802.95631578946,38,9,125,B3 COTAHIST official annual file; last trading session 2021-01-04; 60-session average traded value,2021
2021-01-04,AFCR11.SA,AFCR11,fii,FII AFINVCR,CI  ER,BRAFCRCTF007,2021-01-04,108.59,167737.42066666667,60,76,1514,B3 COTAHIST official annual file; last trading session 2021-01-04; 60-session average traded value,2021
2021-01-04,VLOL11.SA,VLOL11,fii,FII OLIMPIA,CI  ER,BRVLOLCTF009,2021-01-04,102.62,162474.926,60,73,574,B3 COTAHIST official annual file; last trading session 2021-01-04; 60-session average traded value,2021
2021-01-04,FAED11.SA,FAED11,fii,FII ANH EDUC,CI,BRFAEDCTF003,2021-01-04,194.9,154366.85966666666,60,41,402,B3 COTAHIST official annual file; last trading session 2021-01-04; 60-session average traded value,2021
2021-01-04,FIIP11B.SA,FIIP11B,fii,FII RB CAP I,CI  ER  MB,BRFIIPCTF001,2021-01-04,199.02,150739.1455,60,85,545,B3 COTAHIST official annual file; last trading session 2021-01-04; 60-session average traded value,2021
2021-01-04,HSAF11.SA,HSAF11,fii,FII HSI CRI,CI  ER,BRHSAFCTF004,2021-01-04,91.13,147882.67266666665,60,170,4043,B3 COTAHIST official annual file; last trading session 2021-01-04; 60-session average traded value,2021
2021-01-04,SHPH11.SA,SHPH11,fii,FII HIGIENOP,CI  ER,BRSHPHCTF008,2021-01-04,843.0,142757.04916666666,60,28,106,B3 COTAHIST official annual file; last trading session 2021-01-04; 60-session average traded value,2021
2021-01-04,LASC11.SA,LASC11,fii,FII LEGATUS,CI  ER,BRLASCCTF003,2021-01-04,103.99,138909.47219512195,41,38,282,B3 COTAHIST official annual file; last trading session 2021-01-04; 60-session average traded value,2021
2021-01-04,VSEC11.SA,VSEC11,fii,FII VOT SEC,CI  ER,BRVSECCTF004,2021-01-04,73.89,138593.35952380951,42,4,1012,B3 COTAHIST official annual file; last trading session 2021-01-04; 60-session average traded value,2021
2021-01-04,MBRF11.SA,MBRF11,fii,FII MERC BR,CI,BRMBRFCTF004,2021-01-04,1003.38,130799.02716666667,60,42,95,B3 COTAHIST official annual file; last trading session 2021-01-04; 60-session average traded value,2021
2021-01-04,FVPQ11.SA,FVPQ11,fii,FII V PARQUE,CI  ER,BRFVPQCTF015,2021-01-04,141.96,130568.6235,60,189,2502,B3 COTAHIST official annual file; last trading session 2021-01-04; 60-session average traded value,2021
2021-01-04,GSFI11.SA,GSFI11,fii,FII GENERAL,CI,BRGSFICTF009,2021-01-04,3.59,129153.23866666667,60,211,5258,B3 COTAHIST official annual file; last trading session 2021-01-04; 60-session average traded value,2021
2021-01-04,RBIR11.SA,RBIR11,fii,FII RBRES IV,CI,BRRBIRCTF007,2021-01-04,82.5,127180.05772727272,44,2,8,B3 COTAHIST official annual file; last trading session 2021-01-04; 60-session average traded value,2021
2021-01-04,RNDP11.SA,RNDP11,fii,FII BB R PAP,CI  ER,BRRNDPCTF007,2021-01-04,799.99,111052.34425531914,47,6,23,B3 COTAHIST official annual file; last trading session 2021-01-04; 60-session average traded value,2021
2021-01-04,RCFF11.SA,RCFF11,fii,FII RBR FEED,CI,BRRCFFCTF006,2021-01-04,99.47,108604.07863636363,22,1,3,B3 COTAHIST official annual file; last trading session 2021-01-04; 60-session average traded value,2021
2021-01-04,FLRP11.SA,FLRP11,fii,FII FLORIPA,CI  ER,BRFLRPCTF006,2021-01-04,1310.0,101820.0106779661,59,11,26,B3 COTAHIST official annual file; last trading session 2021-01-04; 60-session average traded value,2021
2021-01-04,BNFS11.SA,BNFS11,fii,FII BANRISUL,CI  ER,BRBNFSCTF000,2021-01-04,122.99,101373.92483333334,60,72,399,B3 COTAHIST official annual file; last trading session 2021-01-04; 60-session average traded value,2021
2021-01-04,VVPR11.SA,VVPR11,fii,FII V2 PROP,CI  ER,BRVVPRCTF002,2021-01-04,103.22,97110.33033333333,60,42,1009,B3 COTAHIST official annual file; last trading session 2021-01-04; 60-session average traded value,2021
2021-01-04,IFIE11.SA,IFIE11,fii,FII IFI-E,CI  ER,BRIFIECTF005,2021-01-04,96.49,95725.15766666667,60,66,678,B3 COTAHIST official annual file; last trading session 2021-01-04; 60-session average traded value,2021
2021-01-04,LUGG11.SA,LUGG11,fii,FII LUGGO,CI  ER,BRLUGGCTF007,2021-01-04,103.0,94829.89583333333,60,83,506,B3 COTAHIST official annual file; last trading session 2021-01-04; 60-session average traded value,2021
2021-01-04,MAXR11.SA,MAXR11,fii,FII MAX RET,CI,BRMAXRCTF009,2021-01-04,1972.19,94478.49133333334,60,22,32,B3 COTAHIST official annual file; last trading session 2021-01-04; 60-session average traded value,2021
2021-01-04,BPML11.SA,BPML11,fii,FII BTG SHOP,CI,BRBPMLCTF006,2021-01-04,98.05,91920.43833333332,60,13,26,B3 COTAHIST official annual file; last trading session 2021-01-04; 60-session average traded value,2021
2021-01-04,CBOP11.SA,CBOP11,fii,FII C BRANCO,CI  ER,BRCBOPCTF001,2021-01-04,72.62,91587.317,60,179,4189,B3 COTAHIST official annual file; last trading session 2021-01-04; 60-session average traded value,2021
2021-01-04,EDGA11.SA,EDGA11,fii,FII GALERIA,CI  ER,BREDGACTF001,2021-01-04,31.6,90038.34033333333,60,237,4682,B3 COTAHIST official annual file; last trading session 2021-01-04; 60-session average traded value,2021
2021-01-04,CJCT11.SA,CJCT11,fii,FII CJCTOWER,CI,BRCJCTCTF001,2021-01-04,61.5,87540.19314285714,35,16,297,B3 COTAHIST official annual file; last trading session 2021-01-04; 60-session average traded value,2021
2021-01-04,EURO11.SA,EURO11,fii,FII EUROPAR,CI  ER,BREUROCTF011,2021-01-04,221.49,87295.86150000001,60,40,378,B3 COTAHIST official annual file; last trading session 2021-01-04; 60-session average traded value,2021
2021-01-04,OURE11.SA,OURE11,fii,FII OU RENDA,CI,BROURECTF003,2021-01-04,91.0,86450.15,1,30,954,B3 COTAHIST official annual file; last trading session 2021-01-04; 60-session average traded value,2021
2021-01-04,ONEF11.SA,ONEF11,fii,FII THE ONE,CI,BRONEFCTF003,2021-01-04,147.36,86436.33649999999,60,35,2546,B3 COTAHIST official annual file; last trading session 2021-01-04; 60-session average traded value,2021
2021-01-04,CXRI11.SA,CXRI11,fii,FII CX RBRAV,CI,BRCXRICTF003,2021-01-04,137.03,81127.01616666667,60,80,465,B3 COTAHIST official annual file; last trading session 2021-01-04; 60-session average traded value,2021
2021-01-04,JRDM11.SA,JRDM11,fii,FII SHOPJSUL,CI,BRJRDMCTF002,2021-01-04,72.01,78237.36216666667,60,78,814,B3 COTAHIST official annual file; last trading session 2021-01-04; 60-session average traded value,2021
2021-01-04,ALMI11.SA,ALMI11,fii,FII TORRE AL,CI,BRALMICTF003,2021-01-04,1300.0,75662.314,60,24,77,B3 COTAHIST official annual file; last trading session 2021-01-04; 60-session average traded value,2021
2021-01-04,HOSI11.SA,HOSI11,fii,FII HOUSI,CI  ER,BRHOSICTF009,2021-01-04,85.21,75121.69433333333,60,80,454,B3 COTAHIST official annual file; last trading session 2021-01-04; 60-session average traded value,2021
2021-01-04,CARE11.SA,CARE11,fii,FII DEA CARE,CI,BRCARECTF000,2021-01-04,0.7,74832.09066666667,60,388,154408,B3 COTAHIST official annual file; last trading session 2021-01-04; 60-session average traded value,2021
2021-01-04,MGCR11.SA,MGCR11,fii,FII MOGNO HG,CI,BRMGCRCTF000,2021-01-04,97.19,73115.82763157896,38,416,3886,B3 COTAHIST official annual file; last trading session 2021-01-04; 60-session average traded value,2021
2021-01-04,THRA11.SA,THRA11,fii,FII BM THERA,CI,BRTHRACTF007,2021-01-04,137.13,69718.30983333333,60,35,226,B3 COTAHIST official annual file; last trading session 2021-01-04; 60-session average traded value,2021
2021-01-04,RCFA11.SA,RCFA11,fii,FII GP RCFA,CI,BRRCFACTF007,2021-01-04,0.63,69507.7285,60,214,44476,B3 COTAHIST official annual file; last trading session 2021-01-04; 60-session average traded value,2021
2021-01-04,MORE11.SA,MORE11,fii,FII MORE RE,CI,BRMORECTF000,2021-01-04,113.0,64907.964237288135,59,26,442,B3 COTAHIST official annual file; last trading session 2021-01-04; 60-session average traded value,2021
2021-01-04,JPPA11.SA,JPPA11,fii,FII JPPMOGNO,CI  ER,BRJPPACTF005,2021-01-04,99.6,62563.84551020408,49,7,33,B3 COTAHIST official annual file; last trading session 2021-01-04; 60-session average traded value,2021
2021-01-04,CTXT11.SA,CTXT11,fii,FII C TEXTIL,CI  ER,BRCTXTCTF014,2021-01-04,43.01,61682.948333333334,60,642,5096,B3 COTAHIST official annual file; last trading session 2021-01-04; 60-session average traded value,2021
2021-01-04,CXCE11B.SA,CXCE11B,fii,FII CX CEDAE,CI  ER  MB,BRCXCECTF004,2021-01-04,103.5,61254.22583333334,60,57,191,B3 COTAHIST official annual file; last trading session 2021-01-04; 60-session average traded value,2021
2021-01-04,HCRI11.SA,HCRI11,fii,FII CRIANCA,CI,BRHCRICTF006,2021-01-04,476.75,59905.15816666667,60,27,110,B3 COTAHIST official annual file; last trading session 2021-01-04; 60-session average traded value,2021
2021-01-04,KEVE11.SA,KEVE11,fii,FII EVEN II,CI,BRKEVECTF007,2021-01-04,1081.0,57315.36666666667,15,1,10,B3 COTAHIST official annual file; last trading session 2021-01-04; 60-session average traded value,2021
2021-01-04,RRCI11.SA,RRCI11,fii,FII RBCAP RI,CI  ER,BRRRCICTF005,2021-01-04,98.49,53702.70375000001,24,47,1481,B3 COTAHIST official annual file; last trading session 2021-01-04; 60-session average traded value,2021
2021-01-04,KNRE11.SA,KNRE11,fii,FII KII REAL,CI  ERA,BRKNRECTF006,2021-01-04,3.43,52674.64683333333,60,222,28266,B3 COTAHIST official annual file; last trading session 2021-01-04; 60-session average traded value,2021
2021-01-04,MFAI11.SA,MFAI11,fii,FII MERITOFA,CI  ER,BRMFAICTF005,2021-01-04,182.6,51874.1175,60,48,427,B3 COTAHIST official annual file; last trading session 2021-01-04; 60-session average traded value,2021
2021-01-04,FMOF11.SA,FMOF11,fii,FII MEMORIAL,CI  ER,BRFMOFCTF010,2021-01-04,70.05,46539.00647058824,51,51,924,B3 COTAHIST official annual file; last trading session 2021-01-04; 60-session average traded value,2021
2021-01-04,CRFF11.SA,CRFF11,fii,FII CX RBRA2,CI,BRCRFFCTF006,2021-01-04,85.4,43701.737166666666,60,19,101,B3 COTAHIST official annual file; last trading session 2021-01-04; 60-session average traded value,2021
2021-01-04,DRIT11B.SA,DRIT11B,fii,FII MTGESTAO,CI      MB,BRDRITCTF009,2021-01-04,139.97,42053.80789473684,38,3,11,B3 COTAHIST official annual file; last trading session 2021-01-04; 60-session average traded value,2021
2021-01-04,QMFF11.SA,QMFF11,fii,FII QUATA,CI  ER,BRQMFFCTF007,2021-01-04,98.5,41849.4605882353,51,4,6,B3 COTAHIST official annual file; last trading session 2021-01-04; 60-session average traded value,2021
2021-01-04,RELG11.SA,RELG11,fii,FII REC LOG,CI,BRRELGCTF008,2021-01-04,110.0,41826.4025,8,25,775,B3 COTAHIST official annual file; last trading session 2021-01-04; 60-session average traded value,2021
2021-01-04,RBBV11.SA,RBBV11,fii,FII JHSF FBV,CI,BRRBBVCTF004,2021-01-04,95.0,41567.084,60,129,966,B3 COTAHIST official annual file; last trading session 2021-01-04; 60-session average traded value,2021
2021-01-04,ARRI11.SA,ARRI11,fii,FII ATRIO,CI  ER,BRARRICTF009,2021-01-04,91.0,41187.67483333334,60,48,563,B3 COTAHIST official annual file; last trading session 2021-01-04; 60-session average traded value,2021
2021-01-04,MGHT11.SA,MGHT11,fii,FII MOGNO HT,CI,BRMGHTCTF005,2021-01-04,98.0,37629.23063829787,47,13,167,B3 COTAHIST official annual file; last trading session 2021-01-04; 60-session average traded value,2021
2021-01-04,BPRP11.SA,BPRP11,fii,FII BRLPROP,CI,BRBPRPCTF006,2021-01-04,120.0,37089.678717948715,39,3,431,B3 COTAHIST official annual file; last trading session 2021-01-04; 60-session average traded value,2021
2021-01-04,HCST11.SA,HCST11,fii,FII HECT DES,CI,BRHCSTCTF001,2021-01-04,100.5,37027.002857142856,7,7,60,B3 COTAHIST official annual file; last trading session 2021-01-04; 60-session average traded value,2021
2021-01-04,HPDP11.SA,HPDP11,fii,FII HEDGE RE,CI  ER,BRHPDPCTF003,2021-01-04,88.65,33965.8025862069,58,29,982,B3 COTAHIST official annual file; last trading session 2021-01-04; 60-session average traded value,2021
2021-01-04,CNES11.SA,CNES11,fii,FII CENESP,CI  ER,BRCNESCTF001,2021-01-04,60.7,33596.4105,60,60,1364,B3 COTAHIST official annual file; last trading session 2021-01-04; 60-session average traded value,2021
2021-01-04,NPAR11.SA,NPAR11,fii,FII NESTPAR,CI,BRNPARCTF003,2021-01-04,126.0,32630.84393939394,33,13,2846,B3 COTAHIST official annual file; last trading session 2021-01-04; 60-session average traded value,2021
2021-01-04,VOTS11.SA,VOTS11,fii,FII V MASTER,CI  ER,BRVOTSCTF007,2021-01-04,79.01,29931.965294117646,51,16,544,B3 COTAHIST official annual file; last trading session 2021-01-04; 60-session average traded value,2021
2021-01-04,ATSA11.SA,ATSA11,fii,FII HATRIUM,CI,BRATSACTF000,2021-01-04,110.01,28963.80020833333,48,1,1,B3 COTAHIST official annual file; last trading session 2021-01-04; 60-session average traded value,2021
2021-01-04,XTED11.SA,XTED11,fii,FII TRXE COR,CI,BRXTEDCTF006,2021-01-04,7.02,28292.34433333333,60,121,8914,B3 COTAHIST official annual file; last trading session 2021-01-04; 60-session average traded value,2021
2021-01-04,RBGS11.SA,RBGS11,fii,FII RB GSB I,CI  ER,BRRBGSCTF009,2021-01-04,39.14,27858.180500000002,60,58,1326,B3 COTAHIST official annual file; last trading session 2021-01-04; 60-session average traded value,2021
2021-01-04,VSHO11.SA,VSHO11,fii,FII VOT SHOP,CI  ER,BRVSHOCTF002,2021-01-04,84.0,27609.846833333333,60,30,165,B3 COTAHIST official annual file; last trading session 2021-01-04; 60-session average traded value,2021
2021-01-04,PRSV11.SA,PRSV11,fii,FII P VARGAS,CI,BRPRSVCTF008,2021-01-04,158.99,24223.32034482759,58,34,211,B3 COTAHIST official annual file; last trading session 2021-01-04; 60-session average traded value,2021
2021-01-04,WPLZ11.SA,WPLZ11,fii,FII W PLAZA,CI,BRWPLZCTF004,2021-01-04,74.0,24093.68016666667,60,24,195,B3 COTAHIST official annual file; last trading session 2021-01-04; 60-session average traded value,2021
2021-01-04,RBVO11.SA,RBVO11,fii,FII RIOBCRI2,CI  ER,BRRBVOCTF007,2021-01-04,17.64,23540.341166666665,60,164,2769,B3 COTAHIST official annual file; last trading session 2021-01-04; 60-session average traded value,2021
2021-01-04,HMOC11.SA,HMOC11,fii,FII HEDMOCA,CI  ER,BRHMOCCTF005,2021-01-04,229.97,20459.5421875,32,2,10,B3 COTAHIST official annual file; last trading session 2021-01-04; 60-session average traded value,2021
2021-01-04,HRDF11.SA,HRDF11,fii,FII HREALTY,CI,BRHRDFCTF000,2021-01-04,1.54,20368.685999999998,60,21,354,B3 COTAHIST official annual file; last trading session 2021-01-04; 60-session average traded value,2021
2021-01-04,RBRS11.SA,RBRS11,fii,FII RIOB RR,CI,BRRBRSCTF006,2021-01-04,97.0,20321.947818181816,55,1,51,B3 COTAHIST official annual file; last trading session 2021-01-04; 60-session average traded value,2021
2021-01-04,PLRI11.SA,PLRI11,fii,FII POLO I,CI  ERA,BRPLRICTF000,2021-01-04,43.25,17880.322999999997,60,7,75,B3 COTAHIST official annual file; last trading session 2021-01-04; 60-session average traded value,2021
2021-01-04,PABY11.SA,PABY11,fii,FII PANAMBY,CI,BRPABYCTF012,2021-01-04,15.7,16937.09403508772,57,4,10,B3 COTAHIST official annual file; last trading session 2021-01-04; 60-session average traded value,2021
2021-01-04,SCPF11.SA,SCPF11,fii,FII SCP,CI,BRSCPFCTF003,2021-01-04,9.35,16830.557666666668,60,88,1828,B3 COTAHIST official annual file; last trading session 2021-01-04; 60-session average traded value,2021
2021-01-04,NEWU11.SA,NEWU11,fii,FII NEWRU,CI,BRNEWUCTF005,2021-01-04,43.08,14693.755166666668,60,20,260,B3 COTAHIST official annual file; last trading session 2021-01-04; 60-session average traded value,2021
2021-01-04,CXTL11.SA,CXTL11,fii,FII CX TRX,CI,BRCXTLCTF003,2021-01-04,378.8,13716.707027027027,37,12,61,B3 COTAHIST official annual file; last trading session 2021-01-04; 60-session average traded value,2021
2021-01-04,BICR11.SA,BICR11,fii,FII INTER,CI  ER,BRBICRCTF009,2021-01-04,99.01,13545.436500000002,60,6,14,B3 COTAHIST official annual file; last trading session 2021-01-04; 60-session average traded value,2021
2021-01-04,HUSC11.SA,HUSC11,fii,FII H UNIMED,CI  ER,BRHUSCCTF009,2021-01-04,151.89,11750.065438596492,57,9,41,B3 COTAHIST official annual file; last trading session 2021-01-04; 60-session average traded value,2021
2021-01-04,GCFF11.SA,GCFF11,fii,FII GALAPAGO,CI,BRGCFFCTF009,2021-01-04,102.0,11105.927441860465,43,6,14,B3 COTAHIST official annual file; last trading session 2021-01-04; 60-session average traded value,2021
2021-01-04,NVHO11.SA,NVHO11,fii,FII NOVOHORI,CI  ER,BRNVHOCTF003,2021-01-04,15.4,9021.542666666668,60,92,6200,B3 COTAHIST official annual file; last trading session 2021-01-04; 60-session average traded value,2021
2021-01-04,REIT11.SA,REIT11,fii,FII REIT RIV,CI  ERA,BRREITCTF007,2021-01-04,1224.99,7181.665555555555,18,3,5,B3 COTAHIST official annual file; last trading session 2021-01-04; 60-session average traded value,2021
2021-01-04,LOFT11B.SA,LOFT11B,fii,FII LOFT I,CI  ER  MB,BRLOFTCTF005,2021-01-04,54.94,6486.123220338984,59,14,137,B3 COTAHIST official annual file; last trading session 2021-01-04; 60-session average traded value,2021
2021-01-04,MINT11.SA,MINT11,fii,FII MINT EDU,CI,BRMINTCTF009,2021-01-04,105.0,5717.831578947368,19,9,102,B3 COTAHIST official annual file; last trading session 2021-01-04; 60-session average traded value,2021
2021-01-04,PRSN11B.SA,PRSN11B,fii,FII PERSONAL,CI      MB,BRPRSNCTF005,2021-01-04,0.77,5111.347,60,135,8695,B3 COTAHIST official annual file; last trading session 2021-01-04; 60-session average traded value,2021
2021-01-04,FIVN11.SA,FIVN11,fii,FII VIDANOVA,CI,BRFIVNCTF009,2021-01-04,3.85,4050.9049999999997,60,43,707,B3 COTAHIST official annual file; last trading session 2021-01-04; 60-session average traded value,2021
2021-01-04,RBDS11.SA,RBDS11,fii,FII RBRESID2,CI,BRRBDSCTF006,2021-01-04,25.9,3248.4165,60,23,91,B3 COTAHIST official annual file; last trading session 2021-01-04; 60-session average traded value,2021
2021-01-04,CVCB11.SA,CVCB11,other,CVC BRASIL,BNS ORD NM,BRCVCBN01OR5,2021-01-04,9.6,3692048.716666667,60,931,657400,B3 COTAHIST official annual file; last trading session 2021-01-04; 60-session average traded value,2021
2021-01-04,MMXM11.SA,MMXM11,other,MMX MINER,TPR     NM,BRMMXMTRV000,2021-01-04,4.04,3572665.3333333335,60,133,36200,B3 COTAHIST official annual file; last trading session 2021-01-04; 60-session average traded value,2021
2021-01-04,KDIF11.SA,KDIF11,other,FDC KINEAINF,FIDC,BRKDIFCTF003,2021-01-04,133.5,1948310.6236666667,60,417,29513,B3 COTAHIST official annual file; last trading session 2021-01-04; 60-session average traded value,2021
2021-01-04,BEEF11.SA,BEEF11,other,MINERVA,BNS ORD NM,BRBEEFN02OR8,2021-01-04,4.37,898307.3166666667,60,530,205200,B3 COTAHIST official annual file; last trading session 2021-01-04; 60-session average traded value,2021
2021-01-04,DMMO11.SA,DMMO11,other,DOMMO,BNS ORD,BRDMMON01OR4,2021-01-04,0.55,761161.7833333333,60,144,264000,B3 COTAHIST official annual file; last trading session 2021-01-04; 60-session average traded value,2021
2021-01-04,GOLL11.SA,GOLL11,other,GOL,BNS PRE N2,BRGOLLN01PR8,2021-01-04,11.2,449213.56666666665,60,91,23300,B3 COTAHIST official annual file; last trading session 2021-01-04; 60-session average traded value,2021
2021-01-04,IFRA11.SA,IFRA11,other,FDC ITAU IE,FIDC,BRIFRACTF004,2021-01-04,110.0,437305.1371666667,60,20,4322,B3 COTAHIST official annual file; last trading session 2021-01-04; 60-session average traded value,2021
2021-01-04,TASA13.SA,TASA13,other,TAURUS ARMAS,BNS PRE N2,BRTASAN01PR8,2021-01-04,10.34,315361.75,60,39,16900,B3 COTAHIST official annual file; last trading session 2021-01-04; 60-session average traded value,2021
2021-01-04,TASA15.SA,TASA15,other,TAURUS ARMAS,BNS PRE N2,BRTASAN03PR4,2021-01-04,9.5,228011.93333333332,60,24,9800,B3 COTAHIST official annual file; last trading session 2021-01-04; 60-session average traded value,2021
2021-01-04,KEPL11.SA,KEPL11,other,KEPLER WEBER,BNS,BRKEPLN01M16,2021-01-04,35.0,206500.0,1,4,5900,B3 COTAHIST official annual file; last trading session 2021-01-04; 60-session average traded value,2021
2021-01-04,IGBR1.SA,IGBR1,other,IGB S/A,DIR ORD,BRIGBRD02OR0,2021-01-04,1.81,205340.0,1,344,124600,B3 COTAHIST official annual file; last trading session 2021-01-04; 60-session average traded value,2021
2021-01-04,CEED1.SA,CEED1,other,CEEE-D,DIR ORD N1,BRCEEDD01OR4,2021-01-04,1.81,134782.6,15,64,18400,B3 COTAHIST official annual file; last trading session 2021-01-04; 60-session average traded value,2021
2021-01-04,TASA17.SA,TASA17,other,TAURUS ARMAS,BNS PRE N2,BRTASAN02PR6,2021-01-04,10.53,121596.7627118644,59,12,1800,B3 COTAHIST official annual file; last trading session 2021-01-04; 60-session average traded value,2021
2021-01-04,PSVM11.SA,PSVM11,other,PORTO VM,TPR,BRPSVMTRV004,2021-01-04,4.2,81835.61016949153,59,15,2300,B3 COTAHIST official annual file; last trading session 2021-01-04; 60-session average traded value,2021
2021-01-04,TESA12.SA,TESA12,other,TERRA SANTA,BNS ORD NM,BRTESAN01OR3,2021-01-04,15.0,62472.9756097561,41,15,3200,B3 COTAHIST official annual file; last trading session 2021-01-04; 60-session average traded value,2021
2021-01-04,GOLL12.SA,GOLL12,other,GOL,BNS PRE N2,BRGOLLN02PR6,2021-01-04,11.5,25668.153846153848,13,1,100,B3 COTAHIST official annual file; last trading session 2021-01-04; 60-session average traded value,2021
