ticker,as_of_date,available_date,sector,is_financial,market_cap_brl,price_to_earnings,price_to_book,ev_to_ebit,free_cash_flow_yield,roe,roic,debt_to_ebitda,interest_coverage,operating_margin,revenue_growth_3y,average_daily_value_brl,source,decision_date,mapping_method,snapshot_vintage
AEDU3.SA,2011-09-30,2011-11-14,Emp. Adm. Part. - Educação,False,2980822740.06,32.482158705213145,1.4934946898171275,20.60396656776956,-0.21819143797423812,0.04597892348754003,0.07115038888783756,0.5488011027340166,1.1523496463845406,0.1355626645610069,,20755970.85,"CVM ITR 2011, ref 2011-09-30, receipt 2011-11-14; CVM DFP 2010 TTM bridge on accumulated periods; EBITDA = EBIT (3.05) + depreciation/amortisation add-back (6.01.01.x); net debt = 2.01.04 + 2.02.01 - (1.01.01 + 1.01.02); interest coverage = EBIT / CVM standardized financial expenses (3.06.02), a broader concept than interest alone; market snapshot: B3 COTAHIST 2012-01-02; CVM FRE document 8466, received 2011-05-24",2012-01-02,official_b3_isin_cnpj,B3/CVM point-in-time full-universe gate
AELP3.SA,2011-09-30,2011-11-09,Emp. Adm. Part. - Energia Elétrica,False,4325277911.5,3.769124714283847,1.011400596115115,3.3637576420511865,0.44668759777564643,0.2683383206403894,0.29977001040547424,0.8687386139529236,4.411048528610904,0.17304217665867244,,293538.6341463415,"CVM ITR 2011, ref 2011-09-30, receipt 2011-11-09; CVM DFP 2010 TTM bridge on accumulated periods; EBITDA = EBIT (3.05) + depreciation/amortisation add-back (6.01.01.x); net debt = 2.01.04 + 2.02.01 - (1.01.01 + 1.01.02); interest coverage = EBIT / CVM standardized financial expenses (3.06.02), a broader concept than interest alone; market snapshot: B3 COTAHIST 2012-01-02; CVM FRE document 7463, received 2011-05-10",2012-01-02,official_b3_isin_cnpj,B3/CVM point-in-time full-universe gate
AFLT3.SA,2011-09-30,2011-10-31,Energia Elétrica,False,220796450.0,11.590973279437241,2.7534849354018056,10.634280218554862,0.06185334954434277,0.23755424751833193,0.35780402170443665,,45.52284263959391,0.5953858921161825,,3051.9,"CVM ITR 2011, ref 2011-09-30, receipt 2011-10-31; CVM DFP 2010 TTM bridge on accumulated periods; EBITDA = EBIT (3.05) + depreciation/amortisation add-back (6.01.01.x); net debt = 2.01.04 + 2.02.01 - (1.01.01 + 1.01.02); interest coverage = EBIT / CVM standardized financial expenses (3.06.02), a broader concept than interest alone; market snapshot: B3 COTAHIST 2012-01-02; CVM FRE document 7272, received 2011-05-06",2012-01-02,official_b3_isin_cnpj,B3/CVM point-in-time full-universe gate
ALLL3.SA,2011-09-30,2011-11-11,Serviços Transporte e Logística,False,1119499256975.55,,2848.700098669037,3737.8888599132847,-0.0001493676739471494,-0.38115607171756755,0.1457080524507406,3.4678183343778435,0.6509174162606742,0.2918665501585121,,26437038.016666666,"CVM ITR 2011, ref 2011-09-30, receipt 2011-11-11; CVM DFP 2010 TTM bridge on accumulated periods; EBITDA = EBIT (3.05) + depreciation/amortisation add-back (6.01.01.x); net debt = 2.01.04 + 2.02.01 - (1.01.01 + 1.01.02); interest coverage = EBIT / CVM standardized financial expenses (3.06.02), a broader concept than interest alone; market snapshot: B3 COTAHIST 2012-01-02; CVM FRE document 5191, received 2011-03-10",2012-01-02,official_b3_issuer_unique_prefix,B3/CVM point-in-time full-universe gate
ALPA4.SA,2011-09-30,2011-11-11,Têxtil e Vestuário,False,2066620236.0,6.4366856843855995,1.421691302149439,5.11965118680915,-0.08592338200640749,0.22087319031256128,0.30544460253270267,-1.014789514652395,5.8548233551935684,0.132582571433362,,2840469.3,"CVM ITR 2011, ref 2011-09-30, receipt 2011-11-11; CVM DFP 2010 TTM bridge on accumulated periods; EBITDA = EBIT (3.05) + depreciation/amortisation add-back (6.01.01.x); net debt = 2.01.04 + 2.02.01 - (1.01.01 + 1.01.02); interest coverage = EBIT / CVM standardized financial expenses (3.06.02), a broader concept than interest alone; market snapshot: B3 COTAHIST 2012-01-02; CVM FRE document 5470, received 2011-03-23",2012-01-02,official_b3_isin_cnpj,B3/CVM point-in-time full-universe gate
ALSC3.SA,2011-09-30,2011-11-07,Emp. Adm. Part. - Comércio (Atacado e Varejo),False,1945160455.5,23.177090001906443,1.4832757906656653,12.783604460923588,-0.0015787900639850326,0.06399749884664803,0.1179822676153022,-0.36557485910177023,1.6366892869062186,0.610596477248203,,2731709.716666667,"CVM ITR 2011, ref 2011-09-30, receipt 2011-11-07; CVM DFP 2010 TTM bridge on accumulated periods; EBITDA = EBIT (3.05) + depreciation/amortisation add-back (6.01.01.x); net debt = 2.01.04 + 2.02.01 - (1.01.01 + 1.01.02); interest coverage = EBIT / CVM standardized financial expenses (3.06.02), a broader concept than interest alone; market snapshot: B3 COTAHIST 2012-01-02; CVM FRE document 6966, received 2011-05-02",2012-01-02,official_b3_isin_cnpj,B3/CVM point-in-time full-universe gate
AMAR3.SA,2011-09-30,2011-11-07,Comércio (Atacado e Varejo),False,3264711258.7000003,14.268219302915083,3.832207545245178,10.9521082753079,-0.0518924911195547,0.2685834485640569,0.2729691798217549,0.80564940212355,1.2850510281324363,0.1383702032961429,,3680288.9166666665,"CVM ITR 2011, ref 2011-09-30, receipt 2011-11-07; CVM DFP 2010 TTM bridge on accumulated periods; EBITDA = EBIT (3.05) + depreciation/amortisation add-back (6.01.01.x); net debt = 2.01.04 + 2.02.01 - (1.01.01 + 1.01.02); interest coverage = EBIT / CVM standardized financial expenses (3.06.02), a broader concept than interest alone; market snapshot: B3 COTAHIST 2012-01-02; CVM FRE document 6994, received 2011-05-02",2012-01-02,official_b3_isin_cnpj,B3/CVM point-in-time full-universe gate
AMBV3.SA,2011-09-30,2011-11-09,Bebidas e Fumo,False,94867544736.0,11.47356521524588,3.765073073994431,8.606017065968336,0.06970228879013791,0.32815197398202484,0.45496474236011936,-0.1045711398904608,7.6760679524598245,0.4149196626328986,,8876477.716666667,"CVM ITR 2011, ref 2011-09-30, receipt 2011-11-09; CVM DFP 2010 TTM bridge on accumulated periods; EBITDA = EBIT (3.05) + depreciation/amortisation add-back (6.01.01.x); net debt = 2.01.04 + 2.02.01 - (1.01.01 + 1.01.02); interest coverage = EBIT / CVM standardized financial expenses (3.06.02), a broader concept than interest alone; market snapshot: B3 COTAHIST 2012-01-02; CVM FRE document 7492, received 2011-05-10",2012-01-02,official_b3_isin_cnpj,B3/CVM point-in-time full-universe gate
AMBV4.SA,2011-09-30,2011-11-09,Bebidas e Fumo,False,91998241821.2,11.12654312031482,3.6511970885274256,8.342109976216838,0.07187621055684376,0.32815197398202484,0.45496474236011936,-0.1045711398904608,7.6760679524598245,0.4149196626328986,,81742650.73333333,"CVM ITR 2011, ref 2011-09-30, receipt 2011-11-09; CVM DFP 2010 TTM bridge on accumulated periods; EBITDA = EBIT (3.05) + depreciation/amortisation add-back (6.01.01.x); net debt = 2.01.04 + 2.02.01 - (1.01.01 + 1.01.02); interest coverage = EBIT / CVM standardized financial expenses (3.06.02), a broader concept than interest alone; market snapshot: B3 COTAHIST 2012-01-02; CVM FRE document 7492, received 2011-05-10",2012-01-02,official_b3_isin_cnpj,B3/CVM point-in-time full-universe gate
AUTM3.SA,2011-09-30,2011-10-28,"Máquinas, Equipamentos, Veículos e Peças",False,1809292801.1699998,9.345375852491955,1.5177765036642203,6.383393329929627,0.03320468636206949,0.16240935919762967,0.25316626259742825,,4.221366042006458,0.15914121653670765,,2297064.65,"CVM ITR 2011, ref 2011-09-30, receipt 2011-10-28; CVM DFP 2010 TTM bridge on accumulated periods; EBITDA = EBIT (3.05) + depreciation/amortisation add-back (6.01.01.x); net debt = 2.01.04 + 2.02.01 - (1.01.01 + 1.01.02); interest coverage = EBIT / CVM standardized financial expenses (3.06.02), a broader concept than interest alone; market snapshot: B3 COTAHIST 2012-01-02; CVM FRE document 5071, received 2011-03-01",2012-01-02,official_b3_isin_cnpj,B3/CVM point-in-time full-universe gate
BAUH4.SA,2011-09-30,2011-10-27,Alimentos,False,7363408.3,4.153078567399887,2.0812346806105144,2.5799456164931946,0.3272940874404588,0.5011305822498586,0.5511915269196822,1.0206871074990764,2.272975432211101,0.07796504369538078,,2233.5,"CVM ITR 2011, ref 2011-09-30, receipt 2011-10-27; CVM DFP 2010 TTM bridge on accumulated periods; EBITDA = EBIT (3.05) + depreciation/amortisation add-back (6.01.01.x); net debt = 2.01.04 + 2.02.01 - (1.01.01 + 1.01.02); interest coverage = EBIT / CVM standardized financial expenses (3.06.02), a broader concept than interest alone; market snapshot: B3 COTAHIST 2012-01-02; CVM FRE document 8998, received 2011-05-31",2012-01-02,official_b3_isin_cnpj,B3/CVM point-in-time full-universe gate
BBAS3.SA,2011-09-30,2011-11-03,Bancos,True,69487113409.63,5.459367927550731,1.2346871450994106,,,0.22615935791184816,,,,,,159225708.61666667,"CVM ITR 2011, ref 2011-09-30, receipt 2011-11-03; CVM DFP 2010 TTM bridge on accumulated periods; EBITDA = EBIT (3.05) + depreciation/amortisation add-back (6.01.01.x); net debt = 2.01.04 + 2.02.01 - (1.01.01 + 1.01.02); interest coverage = EBIT / CVM standardized financial expenses (3.06.02), a broader concept than interest alone; market snapshot: B3 COTAHIST 2012-01-02; CVM FRE document 9670, received 2011-06-10",2012-01-02,official_b3_isin_cnpj,B3/CVM point-in-time full-universe gate
BBDC3.SA,2011-09-30,2011-10-26,Bancos,True,48402777940.899994,4.275921190894082,0.9006491566248963,,,0.21063277745691408,,,,,,13138017.583333334,"CVM ITR 2011, ref 2011-09-30, receipt 2011-10-26; CVM DFP 2010 TTM bridge on accumulated periods; EBITDA = EBIT (3.05) + depreciation/amortisation add-back (6.01.01.x); net debt = 2.01.04 + 2.02.01 - (1.01.01 + 1.01.02); interest coverage = EBIT / CVM standardized financial expenses (3.06.02), a broader concept than interest alone; market snapshot: B3 COTAHIST 2012-01-02; CVM FRE document 7190, received 2011-05-05",2012-01-02,official_b3_isin_cnpj,B3/CVM point-in-time full-universe gate
BBDC4.SA,2011-09-30,2011-10-26,Bancos,True,58729717735.61,5.1882072741268255,1.0928065081714986,,,0.21063277745691408,,,,,,176420359.28333333,"CVM ITR 2011, ref 2011-09-30, receipt 2011-10-26; CVM DFP 2010 TTM bridge on accumulated periods; EBITDA = EBIT (3.05) + depreciation/amortisation add-back (6.01.01.x); net debt = 2.01.04 + 2.02.01 - (1.01.01 + 1.01.02); interest coverage = EBIT / CVM standardized financial expenses (3.06.02), a broader concept than interest alone; market snapshot: B3 COTAHIST 2012-01-02; CVM FRE document 7190, received 2011-05-05",2012-01-02,official_b3_isin_cnpj,B3/CVM point-in-time full-universe gate
BDLL4.SA,2011-09-30,2011-11-11,"Máquinas, Equipamentos, Veículos e Peças",False,81410256.0,4.458148841793987,0.17664741148671081,7.774201421634175,-0.3853568523356566,0.03962348897611655,0.04733335554149039,1.9480717138149628,1.027144251274081,0.04068845938527753,,291642.93617021275,"CVM ITR 2011, ref 2011-09-30, receipt 2011-11-11; CVM DFP 2010 TTM bridge on accumulated periods; EBITDA = EBIT (3.05) + depreciation/amortisation add-back (6.01.01.x); net debt = 2.01.04 + 2.02.01 - (1.01.01 + 1.01.02); interest coverage = EBIT / CVM standardized financial expenses (3.06.02), a broader concept than interest alone; market snapshot: B3 COTAHIST 2012-01-02; CVM FRE document 3204, received 2010-10-11",2012-01-02,official_b3_isin_cnpj,B3/CVM point-in-time full-universe gate
BEEF3.SA,2011-09-30,2011-11-03,Alimentos,False,549832488.4,9.774973571085708,0.7367347193525479,7.776312402871372,-0.8707288312357936,0.075369484530557,0.11618535666255056,,0.5767080571193123,0.06307845539891706,,900539.8,"CVM ITR 2011, ref 2011-09-30, receipt 2011-11-03; CVM DFP 2010 TTM bridge on accumulated periods; EBITDA = EBIT (3.05) + depreciation/amortisation add-back (6.01.01.x); net debt = 2.01.04 + 2.02.01 - (1.01.01 + 1.01.02); interest coverage = EBIT / CVM standardized financial expenses (3.06.02), a broader concept than interest alone; market snapshot: B3 COTAHIST 2012-01-02; CVM FRE document 2066, received 2010-08-25",2012-01-02,official_b3_isin_cnpj,B3/CVM point-in-time full-universe gate
BEMA3.SA,2011-09-30,2011-11-08,Comunicação e Informática,False,201116253.0,,0.5875009216387935,,0.177459551217872,-0.10003067260644125,-0.1840415339170449,999.0,-5.3506506024096385,-0.1890113107844005,,383752.38333333336,"CVM ITR 2011, ref 2011-09-30, receipt 2011-11-08; CVM DFP 2010 TTM bridge on accumulated periods; EBITDA = EBIT (3.05) + depreciation/amortisation add-back (6.01.01.x); net debt = 2.01.04 + 2.02.01 - (1.01.01 + 1.01.02); interest coverage = EBIT / CVM standardized financial expenses (3.06.02), a broader concept than interest alone; market snapshot: B3 COTAHIST 2012-01-02; CVM FRE document 7725, received 2011-05-12",2012-01-02,official_b3_isin_cnpj,B3/CVM point-in-time full-universe gate
BHGR3.SA,2011-09-30,2011-11-10,Emp. Adm. Part. - Hospedagem e Turismo,False,655425393.84,146.89049615419094,0.9014959161093857,42.83997313865632,-0.4578919322025272,0.006137197025756421,0.021507170886923756,4.866345287916512,0.7804605944696789,0.11643237138526466,,181316.45,"CVM ITR 2011, ref 2011-09-30, receipt 2011-11-10; CVM DFP 2010 TTM bridge on accumulated periods; EBITDA = EBIT (3.05) + depreciation/amortisation add-back (6.01.01.x); net debt = 2.01.04 + 2.02.01 - (1.01.01 + 1.01.02); interest coverage = EBIT / CVM standardized financial expenses (3.06.02), a broader concept than interest alone; market snapshot: B3 COTAHIST 2012-01-02; CVM FRE document 8550, received 2011-05-26",2012-01-02,official_b3_isin_cnpj,B3/CVM point-in-time full-universe gate
BICB4.SA,2011-09-30,2011-11-14,Bancos,True,778011671.36,3.6674444770434618,0.3885269761818559,,,0.10593942965295274,,,,,,1316893.6333333333,"CVM ITR 2011, ref 2011-09-30, receipt 2011-11-14; CVM DFP 2010 TTM bridge on accumulated periods; EBITDA = EBIT (3.05) + depreciation/amortisation add-back (6.01.01.x); net debt = 2.01.04 + 2.02.01 - (1.01.01 + 1.01.02); interest coverage = EBIT / CVM standardized financial expenses (3.06.02), a broader concept than interest alone; market snapshot: B3 COTAHIST 2012-01-02; CVM FRE document 2799, received 2010-09-01",2012-01-02,official_b3_isin_cnpj,B3/CVM point-in-time full-universe gate
BISA3.SA,2011-09-30,2011-11-11,"Emp. Adm. Part. - Const. Civil, Mat. Const. e Decoração",False,385232421.0,5.677204978189106,0.9478188002686737,2.1092336298564542,-0.6351775880254897,0.16695166088066904,0.45919175558660463,0.8479701805445155,63.492206726825266,0.23923756298968904,,18692528.116666667,"CVM ITR 2011, ref 2011-09-30, receipt 2011-11-11; CVM DFP 2010 TTM bridge on accumulated periods; EBITDA = EBIT (3.05) + depreciation/amortisation add-back (6.01.01.x); net debt = 2.01.04 + 2.02.01 - (1.01.01 + 1.01.02); interest coverage = EBIT / CVM standardized financial expenses (3.06.02), a broader concept than interest alone; market snapshot: B3 COTAHIST 2012-01-02; CVM FRE document 7111, received 2011-05-04",2012-01-02,official_b3_issuer_unique_prefix,B3/CVM point-in-time full-universe gate
BMEB4.SA,2011-09-30,2011-11-14,Bancos,True,108284328.3,0.7724993814830139,0.15180542583168607,,,0.1965120354404116,,,,,,87584.92857142857,"CVM ITR 2011, ref 2011-09-30, receipt 2011-11-14; CVM DFP 2010 TTM bridge on accumulated periods; EBITDA = EBIT (3.05) + depreciation/amortisation add-back (6.01.01.x); net debt = 2.01.04 + 2.02.01 - (1.01.01 + 1.01.02); interest coverage = EBIT / CVM standardized financial expenses (3.06.02), a broader concept than interest alone; market snapshot: B3 COTAHIST 2012-01-02; CVM FRE document 6628, received 2011-04-20",2012-01-02,official_b3_isin_cnpj,B3/CVM point-in-time full-universe gate
BMIN4.SA,2011-09-30,2011-11-14,Bancos,True,26275298.4,5.767185776997366,0.5078333668341708,,,0.08805566293003479,,,,,,14192.830188679243,"CVM ITR 2011, ref 2011-09-30, receipt 2011-11-14; CVM DFP 2010 TTM bridge on accumulated periods; EBITDA = EBIT (3.05) + depreciation/amortisation add-back (6.01.01.x); net debt = 2.01.04 + 2.02.01 - (1.01.01 + 1.01.02); interest coverage = EBIT / CVM standardized financial expenses (3.06.02), a broader concept than interest alone; market snapshot: B3 COTAHIST 2012-01-02; CVM FRE document 7133, received 2011-05-04",2012-01-02,official_b3_isin_cnpj,B3/CVM point-in-time full-universe gate
BMTO4.SA,2011-09-30,2011-11-03,"Máquinas, Equipamentos, Veículos e Peças",False,1371220369.6399999,11.024355565882248,1.8073859851109035,10.57932508045391,-0.0001319992059682717,0.1639448196595121,0.17101221827232124,-0.013093555189914487,201.0139751552795,,,31340.689655172413,"CVM ITR 2011, ref 2011-09-30, receipt 2011-11-03; CVM DFP 2010 TTM bridge on accumulated periods; EBITDA = EBIT (3.05) + depreciation/amortisation add-back (6.01.01.x); net debt = 2.01.04 + 2.02.01 - (1.01.01 + 1.01.02); interest coverage = EBIT / CVM standardized financial expenses (3.06.02), a broader concept than interest alone; market snapshot: B3 COTAHIST 2012-01-02; CVM FRE document 9441, received 2011-06-01",2012-01-02,official_b3_isin_cnpj,B3/CVM point-in-time full-universe gate
BNBR4.SA,2011-09-30,2011-11-14,Bancos,True,1463650788.0,2.652334099866808,0.6071282362491429,,,0.22890337845433237,,,,,,11986.04,"CVM ITR 2011, ref 2011-09-30, receipt 2011-11-14; CVM DFP 2010 TTM bridge on accumulated periods; EBITDA = EBIT (3.05) + depreciation/amortisation add-back (6.01.01.x); net debt = 2.01.04 + 2.02.01 - (1.01.01 + 1.01.02); interest coverage = EBIT / CVM standardized financial expenses (3.06.02), a broader concept than interest alone; market snapshot: B3 COTAHIST 2012-01-02; CVM FRE document 9415, received 2011-06-01",2012-01-02,official_b3_isin_cnpj,B3/CVM point-in-time full-universe gate
BRAP3.SA,2011-09-30,2011-11-14,Emp. Adm. Part. - Extração Mineral,False,4165783666.0,1.9879275404298937,0.47796219037834864,1.6695597157871302,0.10477068301990888,0.2404324004057956,0.3065354181414099,0.18924730980551477,6.136805382506853,0.5912935703365908,,317791.87272727274,"CVM ITR 2011, ref 2011-09-30, receipt 2011-11-14; CVM DFP 2010 TTM bridge on accumulated periods; EBITDA = EBIT (3.05) + depreciation/amortisation add-back (6.01.01.x); net debt = 2.01.04 + 2.02.01 - (1.01.01 + 1.01.02); interest coverage = EBIT / CVM standardized financial expenses (3.06.02), a broader concept than interest alone; market snapshot: B3 COTAHIST 2012-01-02; CVM FRE document 8356, received 2011-05-19",2012-01-02,official_b3_isin_cnpj,B3/CVM point-in-time full-universe gate
BRAP4.SA,2011-09-30,2011-11-14,Emp. Adm. Part. - Extração Mineral,False,7421443850.24,3.5415407525980163,0.851501144282089,2.8092046612142827,0.05880958056239767,0.2404324004057956,0.3065354181414099,0.18924730980551477,6.136805382506853,0.5912935703365908,,27932716.716666665,"CVM ITR 2011, ref 2011-09-30, receipt 2011-11-14; CVM DFP 2010 TTM bridge on accumulated periods; EBITDA = EBIT (3.05) + depreciation/amortisation add-back (6.01.01.x); net debt = 2.01.04 + 2.02.01 - (1.01.01 + 1.01.02); interest coverage = EBIT / CVM standardized financial expenses (3.06.02), a broader concept than interest alone; market snapshot: B3 COTAHIST 2012-01-02; CVM FRE document 8356, received 2011-05-19",2012-01-02,official_b3_isin_cnpj,B3/CVM point-in-time full-universe gate
BRFS3.SA,2011-09-30,2011-10-27,Emp. Adm. Part. - Alimentos,False,31016423895.3,19.361244890120695,2.188442217850321,17.383454420049105,-0.008163126763249024,0.11303210254661877,0.10895483063371887,1.5915120919002834,1.8126284242417285,0.08208597777989092,,61577010.266666666,"CVM ITR 2011, ref 2011-09-30, receipt 2011-10-27; CVM DFP 2010 TTM bridge on accumulated periods; EBITDA = EBIT (3.05) + depreciation/amortisation add-back (6.01.01.x); net debt = 2.01.04 + 2.02.01 - (1.01.01 + 1.01.02); interest coverage = EBIT / CVM standardized financial expenses (3.06.02), a broader concept than interest alone; market snapshot: B3 COTAHIST 2012-01-02; CVM FRE document 5189, received 2011-03-10",2012-01-02,official_b3_isin_cnpj,B3/CVM point-in-time full-universe gate
BRKM3.SA,2011-09-30,2011-11-10,Petroquímicos e Borracha,False,5406478684.110001,133.60876520721612,0.536609932331201,7.102027539776929,0.2437954678104826,0.004016277910352389,0.10929646543188491,2.646645907741764,0.6732916899921343,0.07254747106267251,,56443.59615384616,"CVM ITR 2011, ref 2011-09-30, receipt 2011-11-10; CVM DFP 2010 TTM bridge on accumulated periods; EBITDA = EBIT (3.05) + depreciation/amortisation add-back (6.01.01.x); net debt = 2.01.04 + 2.02.01 - (1.01.01 + 1.01.02); interest coverage = EBIT / CVM standardized financial expenses (3.06.02), a broader concept than interest alone; market snapshot: B3 COTAHIST 2012-01-02; CVM FRE document 7525, received 2011-05-10",2012-01-02,official_b3_isin_cnpj,B3/CVM point-in-time full-universe gate
BRSR5.SA,2011-09-30,2011-11-07,Bancos,True,74628700.0,0.08054470886622417,0.017363001946188415,,,0.21556973996921927,,,,,,25145.636363636364,"CVM ITR 2011, ref 2011-09-30, receipt 2011-11-07; CVM DFP 2010 TTM bridge on accumulated periods; EBITDA = EBIT (3.05) + depreciation/amortisation add-back (6.01.01.x); net debt = 2.01.04 + 2.02.01 - (1.01.01 + 1.01.02); interest coverage = EBIT / CVM standardized financial expenses (3.06.02), a broader concept than interest alone; market snapshot: B3 COTAHIST 2012-01-02; CVM FRE document 7440, received 2011-05-10",2012-01-02,official_b3_isin_cnpj,B3/CVM point-in-time full-universe gate
BRSR6.SA,2011-09-30,2011-11-07,Bancos,True,3903893526.0,4.213365199935244,0.9082740405453981,,,0.21556973996921927,,,,,,6404142.85,"CVM ITR 2011, ref 2011-09-30, receipt 2011-11-07; CVM DFP 2010 TTM bridge on accumulated periods; EBITDA = EBIT (3.05) + depreciation/amortisation add-back (6.01.01.x); net debt = 2.01.04 + 2.02.01 - (1.01.01 + 1.01.02); interest coverage = EBIT / CVM standardized financial expenses (3.06.02), a broader concept than interest alone; market snapshot: B3 COTAHIST 2012-01-02; CVM FRE document 7440, received 2011-05-10",2012-01-02,official_b3_isin_cnpj,B3/CVM point-in-time full-universe gate
BSLI3.SA,2011-09-30,2011-11-14,Bancos,True,763399212.5,2.7848072538576587,0.9099427649701474,,,0.3267525117616839,,,,,,15433.142857142857,"CVM ITR 2011, ref 2011-09-30, receipt 2011-11-14; CVM DFP 2010 TTM bridge on accumulated periods; EBITDA = EBIT (3.05) + depreciation/amortisation add-back (6.01.01.x); net debt = 2.01.04 + 2.02.01 - (1.01.01 + 1.01.02); interest coverage = EBIT / CVM standardized financial expenses (3.06.02), a broader concept than interest alone; market snapshot: B3 COTAHIST 2012-01-02; CVM FRE document 7379, received 2011-05-09",2012-01-02,official_b3_isin_cnpj,B3/CVM point-in-time full-universe gate
BSLI4.SA,2011-09-30,2011-11-14,Bancos,True,222172000.0,0.8104621894721482,0.26482055609789823,,,0.3267525117616839,,,,,,5372.166666666667,"CVM ITR 2011, ref 2011-09-30, receipt 2011-11-14; CVM DFP 2010 TTM bridge on accumulated periods; EBITDA = EBIT (3.05) + depreciation/amortisation add-back (6.01.01.x); net debt = 2.01.04 + 2.02.01 - (1.01.01 + 1.01.02); interest coverage = EBIT / CVM standardized financial expenses (3.06.02), a broader concept than interest alone; market snapshot: B3 COTAHIST 2012-01-02; CVM FRE document 7379, received 2011-05-09",2012-01-02,official_b3_isin_cnpj,B3/CVM point-in-time full-universe gate
CARD3.SA,2011-09-30,2011-11-09,Emp. Adm. Part. - Sem Setor Principal,False,219057902.47,9.356650541175465,1.41472802726668,6.610191703958261,-0.04401119471743475,0.15120026349610247,0.20002508717794334,0.706697606408341,2.7448361332966127,0.10286168398401317,,263324.01666666666,"CVM ITR 2011, ref 2011-09-30, receipt 2011-11-09; CVM DFP 2010 TTM bridge on accumulated periods; EBITDA = EBIT (3.05) + depreciation/amortisation add-back (6.01.01.x); net debt = 2.01.04 + 2.02.01 - (1.01.01 + 1.01.02); interest coverage = EBIT / CVM standardized financial expenses (3.06.02), a broader concept than interest alone; market snapshot: B3 COTAHIST 2012-01-02; CVM FRE document 8596, received 2011-05-27",2012-01-02,official_b3_issuer_unique_prefix,B3/CVM point-in-time full-universe gate
CBEE3.SA,2011-09-30,2011-10-31,Energia Elétrica,False,7374329926678.4795,38620.98725092295,4230.682912442137,16798.84526922249,-1.970592602241403e-05,0.10954362416877456,0.14489584976545652,2.031932595338381,1.6327695591702553,0.13208276550875578,,53500.0,"CVM ITR 2011, ref 2011-09-30, receipt 2011-10-31; CVM DFP 2010 TTM bridge on accumulated periods; EBITDA = EBIT (3.05) + depreciation/amortisation add-back (6.01.01.x); net debt = 2.01.04 + 2.02.01 - (1.01.01 + 1.01.02); interest coverage = EBIT / CVM standardized financial expenses (3.06.02), a broader concept than interest alone; market snapshot: B3 COTAHIST 2012-01-02; CVM FRE document 7323, received 2011-05-09",2012-01-02,official_b3_isin_cnpj,B3/CVM point-in-time full-universe gate
CBMA4.SA,2011-09-30,2011-11-11,"Máquinas, Equipamentos, Veículos e Peças",False,4359652.5,,,,-1.4686950393408649,,,,-0.08696392316492804,-655.433962264151,,10202.127659574468,"CVM ITR 2011, ref 2011-09-30, receipt 2011-11-11; CVM DFP 2010 TTM bridge on accumulated periods; EBITDA = EBIT (3.05) + depreciation/amortisation add-back (6.01.01.x); net debt = 2.01.04 + 2.02.01 - (1.01.01 + 1.01.02); interest coverage = EBIT / CVM standardized financial expenses (3.06.02), a broader concept than interest alone; market snapshot: B3 COTAHIST 2012-01-02; CVM FRE document 7024, received 2011-05-03",2012-01-02,official_b3_isin_cnpj,B3/CVM point-in-time full-universe gate
CCIM3.SA,2011-09-30,2011-11-11,"Construção Civil, Mat. Constr. e Decoração",False,463299999.99999994,,0.6763187705099907,,-0.3619361105115476,-0.09533861191885927,-0.0004721334706005351,452.6951219512195,-0.010306580802721286,-0.0006884029827559422,,266873.9,"CVM ITR 2011, ref 2011-09-30, receipt 2011-11-11; CVM DFP 2010 TTM bridge on accumulated periods; EBITDA = EBIT (3.05) + depreciation/amortisation add-back (6.01.01.x); net debt = 2.01.04 + 2.02.01 - (1.01.01 + 1.01.02); interest coverage = EBIT / CVM standardized financial expenses (3.06.02), a broader concept than interest alone; market snapshot: B3 COTAHIST 2012-01-02; CVM FRE document 8327, received 2011-05-19",2012-01-02,official_b3_isin_cnpj,B3/CVM point-in-time full-universe gate
CEPE6.SA,2011-09-30,2011-10-31,Energia Elétrica,False,34152286.0,0.10445529673717564,0.021472686245008643,2.5877125281683355,4.971731614100444,0.20556818960590356,0.17304165974773947,1.949053614740879,2.0113042115508337,0.1689245685728596,,12173.0,"CVM ITR 2011, ref 2011-09-30, receipt 2011-10-31; CVM DFP 2010 TTM bridge on accumulated periods; EBITDA = EBIT (3.05) + depreciation/amortisation add-back (6.01.01.x); net debt = 2.01.04 + 2.02.01 - (1.01.01 + 1.01.02); interest coverage = EBIT / CVM standardized financial expenses (3.06.02), a broader concept than interest alone; market snapshot: B3 COTAHIST 2012-01-02; CVM FRE document 7660, received 2011-05-12",2012-01-02,official_b3_isin_cnpj,B3/CVM point-in-time full-universe gate
CESP6.SA,2011-09-30,2011-11-10,Energia Elétrica,False,6979156824.400001,,0.6688256460265903,13.122365777762662,0.1384574131679688,-0.008464254041852843,0.05549357601384657,1.529924028139317,4.096301886792453,0.24115370221317653,,15145703.566666666,"CVM ITR 2011, ref 2011-09-30, receipt 2011-11-10; CVM DFP 2010 TTM bridge on accumulated periods; EBITDA = EBIT (3.05) + depreciation/amortisation add-back (6.01.01.x); net debt = 2.01.04 + 2.02.01 - (1.01.01 + 1.01.02); interest coverage = EBIT / CVM standardized financial expenses (3.06.02), a broader concept than interest alone; market snapshot: B3 COTAHIST 2012-01-02; CVM FRE document 7437, received 2011-05-10",2012-01-02,official_b3_isin_cnpj,B3/CVM point-in-time full-universe gate
CGAS3.SA,2011-09-30,2011-10-24,"Emp. Adm. Part. - Saneamento, Serv. Água e Gás",False,3794000279.2,11.556292846308017,3.0515860196511184,8.600598976307715,0.09313573378927337,0.26406271113370355,0.21730111892428475,1.9460173693846197,3.153937434178323,0.15615761689660337,,235750.2553191489,"CVM ITR 2011, ref 2011-09-30, receipt 2011-10-24; CVM DFP 2010 TTM bridge on accumulated periods; EBITDA = EBIT (3.05) + depreciation/amortisation add-back (6.01.01.x); net debt = 2.01.04 + 2.02.01 - (1.01.01 + 1.01.02); interest coverage = EBIT / CVM standardized financial expenses (3.06.02), a broader concept than interest alone; market snapshot: B3 COTAHIST 2012-01-02; CVM FRE document 7223, received 2011-05-05",2012-01-02,official_b3_isin_cnpj,B3/CVM point-in-time full-universe gate
CIEL3.SA,2011-09-30,2011-11-01,Intermediação Financeira,True,26394918692.0,15.050482245279996,21.41420919057366,,,1.4228254511438931,,,,,,69475996.1,"CVM ITR 2011, ref 2011-09-30, receipt 2011-11-01; CVM DFP 2010 TTM bridge on accumulated periods; EBITDA = EBIT (3.05) + depreciation/amortisation add-back (6.01.01.x); net debt = 2.01.04 + 2.02.01 - (1.01.01 + 1.01.02); interest coverage = EBIT / CVM standardized financial expenses (3.06.02), a broader concept than interest alone; market snapshot: B3 COTAHIST 2012-01-02; CVM FRE document 8236, received 2011-05-17",2012-01-02,official_b3_isin_cnpj,B3/CVM point-in-time full-universe gate
CMIG3.SA,2011-09-30,2011-11-14,Energia Elétrica,False,8118900362.96,3.414773403286786,0.6188541904740562,4.316564631354716,0.15640615640429387,0.18122847913668208,0.18183263214507167,1.9131929126784597,2.1408219505561434,0.29846278469686244,,2603522.6166666667,"CVM ITR 2011, ref 2011-09-30, receipt 2011-11-14; CVM DFP 2010 TTM bridge on accumulated periods; EBITDA = EBIT (3.05) + depreciation/amortisation add-back (6.01.01.x); net debt = 2.01.04 + 2.02.01 - (1.01.01 + 1.01.02); interest coverage = EBIT / CVM standardized financial expenses (3.06.02), a broader concept than interest alone; market snapshot: B3 COTAHIST 2012-01-02; CVM FRE document 8283, received 2011-05-18",2012-01-02,official_b3_isin_cnpj,B3/CVM point-in-time full-universe gate
CMIG4.SA,2011-09-30,2011-11-14,Energia Elétrica,False,12599953179.199999,5.299484299041756,0.9604174797240633,5.376706902199538,0.10078180307020994,0.18122847913668208,0.18183263214507167,1.9131929126784597,2.1408219505561434,0.29846278469686244,,47912272.21666667,"CVM ITR 2011, ref 2011-09-30, receipt 2011-11-14; CVM DFP 2010 TTM bridge on accumulated periods; EBITDA = EBIT (3.05) + depreciation/amortisation add-back (6.01.01.x); net debt = 2.01.04 + 2.02.01 - (1.01.01 + 1.01.02); interest coverage = EBIT / CVM standardized financial expenses (3.06.02), a broader concept than interest alone; market snapshot: B3 COTAHIST 2012-01-02; CVM FRE document 8283, received 2011-05-18",2012-01-02,official_b3_isin_cnpj,B3/CVM point-in-time full-universe gate
CNFB4.SA,2011-09-30,2011-11-03,Metalurgia e Siderurgia,False,1017346871.42,4.757047200845409,0.685378835024189,2.244916930914091,-0.20461850903364132,0.14407652606482133,0.2470005427975346,-1.485952615420263,9.46359649122807,0.1783009474071289,,3203459.1666666665,"CVM ITR 2011, ref 2011-09-30, receipt 2011-11-03; CVM DFP 2010 TTM bridge on accumulated periods; EBITDA = EBIT (3.05) + depreciation/amortisation add-back (6.01.01.x); net debt = 2.01.04 + 2.02.01 - (1.01.01 + 1.01.02); interest coverage = EBIT / CVM standardized financial expenses (3.06.02), a broader concept than interest alone; market snapshot: B3 COTAHIST 2012-01-02; CVM FRE document 8471, received 2011-05-24",2012-01-02,official_b3_isin_cnpj,B3/CVM point-in-time full-universe gate
COCE3.SA,2011-09-30,2011-10-31,Energia Elétrica,False,1532886510.93,3.6404552946778446,1.0553588113356545,3.593092938673381,0.2166363899950611,0.28989747872430516,0.2894670202584144,0.7535472191217706,3.793476485690208,0.20961639118208694,,327805.18333333335,"CVM ITR 2011, ref 2011-09-30, receipt 2011-10-31; CVM DFP 2010 TTM bridge on accumulated periods; EBITDA = EBIT (3.05) + depreciation/amortisation add-back (6.01.01.x); net debt = 2.01.04 + 2.02.01 - (1.01.01 + 1.01.02); interest coverage = EBIT / CVM standardized financial expenses (3.06.02), a broader concept than interest alone; market snapshot: B3 COTAHIST 2012-01-02; CVM FRE document 3980, received 2010-12-27",2012-01-02,official_b3_isin_cnpj,B3/CVM point-in-time full-universe gate
COCE5.SA,2011-09-30,2011-10-31,Energia Elétrica,False,987129655.2,2.344336227230627,0.6796171615562084,2.6532574044160953,0.3364086959100811,0.28989747872430516,0.2894670202584144,0.7535472191217706,3.793476485690208,0.20961639118208694,,1621637.2166666666,"CVM ITR 2011, ref 2011-09-30, receipt 2011-10-31; CVM DFP 2010 TTM bridge on accumulated periods; EBITDA = EBIT (3.05) + depreciation/amortisation add-back (6.01.01.x); net debt = 2.01.04 + 2.02.01 - (1.01.01 + 1.01.02); interest coverage = EBIT / CVM standardized financial expenses (3.06.02), a broader concept than interest alone; market snapshot: B3 COTAHIST 2012-01-02; CVM FRE document 3980, received 2010-12-27",2012-01-02,official_b3_isin_cnpj,B3/CVM point-in-time full-universe gate
CPFE3.SA,2011-09-30,2011-11-10,Emp. Adm. Part. - Energia Elétrica,False,12418149325.3,8.27520787747935,1.533620984704235,7.395738223197535,0.0682713645802869,0.18532718542067367,0.16925138110828208,2.461980105589774,2.313578921548327,0.23169161316317494,,13461224.466666669,"CVM ITR 2011, ref 2011-09-30, receipt 2011-11-10; CVM DFP 2010 TTM bridge on accumulated periods; EBITDA = EBIT (3.05) + depreciation/amortisation add-back (6.01.01.x); net debt = 2.01.04 + 2.02.01 - (1.01.01 + 1.01.02); interest coverage = EBIT / CVM standardized financial expenses (3.06.02), a broader concept than interest alone; market snapshot: B3 COTAHIST 2012-01-02; CVM FRE document 7330, received 2011-05-09",2012-01-02,official_b3_isin_cnpj,B3/CVM point-in-time full-universe gate
CPLE3.SA,2011-09-30,2011-11-09,Energia Elétrica,False,4699006992.0,4.1276603710935955,0.3917936235369982,3.9306701192034907,0.013985508025819937,0.09491905542441592,0.10146547264560672,0.07927551297116514,3.22449963071411,0.16257813158194284,,464605.01754385966,"CVM ITR 2011, ref 2011-09-30, receipt 2011-11-09; CVM DFP 2010 TTM bridge on accumulated periods; EBITDA = EBIT (3.05) + depreciation/amortisation add-back (6.01.01.x); net debt = 2.01.04 + 2.02.01 - (1.01.01 + 1.01.02); interest coverage = EBIT / CVM standardized financial expenses (3.06.02), a broader concept than interest alone; market snapshot: B3 COTAHIST 2012-01-02; CVM FRE document 6292, received 2011-04-04",2012-01-02,official_b3_isin_cnpj,B3/CVM point-in-time full-universe gate
CREM3.SA,2011-09-30,2011-12-23,Têxtil e Vestuário,False,462763378.32,27.81698595335417,1.5371389889555065,14.957647046312859,-0.12982012582347768,0.055259005829499594,0.09140894875620874,2.380905158411271,1.485440118102971,0.0956893661839562,,368167.6271186441,"CVM ITR 2011, ref 2011-09-30, receipt 2011-12-23; CVM DFP 2010 TTM bridge on accumulated periods; EBITDA = EBIT (3.05) + depreciation/amortisation add-back (6.01.01.x); net debt = 2.01.04 + 2.02.01 - (1.01.01 + 1.01.02); interest coverage = EBIT / CVM standardized financial expenses (3.06.02), a broader concept than interest alone; market snapshot: B3 COTAHIST 2012-01-02; CVM FRE document 8544, received 2011-05-26",2012-01-02,official_b3_isin_cnpj,B3/CVM point-in-time full-universe gate
CSMG3.SA,2011-09-30,2011-11-21,"Saneamento, Serv. Água e Gás",False,3908653185.6,5.726477728779092,0.8765122940355322,5.827047329229135,0.05822900861056124,0.1530630756897064,0.15726169278139937,1.5386130041538353,6.067659656750438,0.3215226173513696,,7590259.583333333,"CVM ITR 2011, ref 2011-09-30, receipt 2011-11-21; CVM DFP 2010 TTM bridge on accumulated periods; EBITDA = EBIT (3.05) + depreciation/amortisation add-back (6.01.01.x); net debt = 2.01.04 + 2.02.01 - (1.01.01 + 1.01.02); interest coverage = EBIT / CVM standardized financial expenses (3.06.02), a broader concept than interest alone; market snapshot: B3 COTAHIST 2012-01-02; CVM FRE document 7483, received 2011-05-10",2012-01-02,official_b3_isin_cnpj,B3/CVM point-in-time full-universe gate
CSNA3.SA,2011-09-30,2011-10-27,Metalurgia e Siderurgia,False,22821527814.2,6.914728146725436,2.6015912435298016,6.104535197724336,-0.06272196198491795,0.3762391215281285,0.2742441581772563,1.8264345616279678,2.237311702271747,0.36179601336626027,,55336298.25,"CVM ITR 2011, ref 2011-09-30, receipt 2011-10-27; CVM DFP 2010 TTM bridge on accumulated periods; EBITDA = EBIT (3.05) + depreciation/amortisation add-back (6.01.01.x); net debt = 2.01.04 + 2.02.01 - (1.01.01 + 1.01.02); interest coverage = EBIT / CVM standardized financial expenses (3.06.02), a broader concept than interest alone; market snapshot: B3 COTAHIST 2012-01-02; CVM FRE document 7504, received 2011-05-10",2012-01-02,official_b3_isin_cnpj,B3/CVM point-in-time full-universe gate
CTAX3.SA,2011-09-30,2011-12-12,Emp. Adm. Part. - Comunicação e Informática,False,484881600.0,11.377923784494087,0.9929973520431046,8.456614465673699,-0.6204030014749993,0.08727403793971342,0.11779470381625162,1.617962384863013,1.6295880325081504,0.036741982079192145,,188356.7857142857,"CVM ITR 2011, ref 2011-09-30, receipt 2011-12-12; CVM DFP 2010 TTM bridge on accumulated periods; EBITDA = EBIT (3.05) + depreciation/amortisation add-back (6.01.01.x); net debt = 2.01.04 + 2.02.01 - (1.01.01 + 1.01.02); interest coverage = EBIT / CVM standardized financial expenses (3.06.02), a broader concept than interest alone; market snapshot: B3 COTAHIST 2012-01-02; CVM FRE document 7683, received 2011-05-12",2012-01-02,official_b3_isin_cnpj,B3/CVM point-in-time full-universe gate
CYRE3.SA,2011-09-30,2011-11-09,"Construção Civil, Mat. Constr. e Decoração",False,6510029820.93,13.577242520412696,1.3394161244243985,16.996147498269323,-0.15290360065628694,0.098651557737932,0.07010642229444837,5.3236377772008305,2.2206653058972803,0.10913870598487013,,61604892.766666666,"CVM ITR 2011, ref 2011-09-30, receipt 2011-11-09; CVM DFP 2010 TTM bridge on accumulated periods; EBITDA = EBIT (3.05) + depreciation/amortisation add-back (6.01.01.x); net debt = 2.01.04 + 2.02.01 - (1.01.01 + 1.01.02); interest coverage = EBIT / CVM standardized financial expenses (3.06.02), a broader concept than interest alone; market snapshot: B3 COTAHIST 2012-01-02; CVM FRE document 6964, received 2011-05-02",2012-01-02,official_b3_isin_cnpj,B3/CVM point-in-time full-universe gate
DASA3.SA,2011-09-30,2011-11-14,Serviços Médicos,False,4988848240.0,51.43884931845833,1.9705931630305635,15.72849904735796,-0.08243846679930276,0.038309433222944105,0.11120636383009015,1.5683852555882427,0.8826084221325359,0.18045340045393474,,27995556.9,"CVM ITR 2011, ref 2011-09-30, receipt 2011-11-14; CVM DFP 2010 TTM bridge on accumulated periods; EBITDA = EBIT (3.05) + depreciation/amortisation add-back (6.01.01.x); net debt = 2.01.04 + 2.02.01 - (1.01.01 + 1.01.02); interest coverage = EBIT / CVM standardized financial expenses (3.06.02), a broader concept than interest alone; market snapshot: B3 COTAHIST 2012-01-02; CVM FRE document 7181, received 2011-05-05",2012-01-02,official_b3_isin_cnpj,B3/CVM point-in-time full-universe gate
DAYC4.SA,2011-09-30,2011-10-27,Bancos,True,656288237.0400001,2.527062490527678,0.3448041952226715,,,0.13644466510627232,,,,,,740204.5087719298,"CVM ITR 2011, ref 2011-09-30, receipt 2011-10-27; CVM DFP 2010 TTM bridge on accumulated periods; EBITDA = EBIT (3.05) + depreciation/amortisation add-back (6.01.01.x); net debt = 2.01.04 + 2.02.01 - (1.01.01 + 1.01.02); interest coverage = EBIT / CVM standardized financial expenses (3.06.02), a broader concept than interest alone; market snapshot: B3 COTAHIST 2012-01-02; CVM FRE document 7164, received 2011-05-04",2012-01-02,official_b3_isin_cnpj,B3/CVM point-in-time full-universe gate
DIRR3.SA,2011-09-30,2011-11-10,"Construção Civil, Mat. Constr. e Decoração",False,1267368039.0,7.497355917464299,1.0576410013544222,7.8648807031529815,-0.18139324405039695,0.1410685330932148,0.1339428514833405,0.5242921860459933,10.39488380471987,0.16650667446428263,,732611.5833333334,"CVM ITR 2011, ref 2011-09-30, receipt 2011-11-10; CVM DFP 2010 TTM bridge on accumulated periods; EBITDA = EBIT (3.05) + depreciation/amortisation add-back (6.01.01.x); net debt = 2.01.04 + 2.02.01 - (1.01.01 + 1.01.02); interest coverage = EBIT / CVM standardized financial expenses (3.06.02), a broader concept than interest alone; market snapshot: B3 COTAHIST 2012-01-02; CVM FRE document 5048, received 2011-02-28",2012-01-02,official_b3_isin_cnpj,B3/CVM point-in-time full-universe gate
DTCY3.SA,2011-09-30,2011-11-11,Telecomunicações,False,45480506.6,,7.615624012056263,1518.8227935483872,-0.004419475837588845,-0.21918955123911588,0.004092409240924092,0.980428134556575,0.0229459659511473,0.0026507054296707995,,26005.735849056604,"CVM ITR 2011, ref 2011-09-30, receipt 2011-11-11; CVM DFP 2010 TTM bridge on accumulated periods; EBITDA = EBIT (3.05) + depreciation/amortisation add-back (6.01.01.x); net debt = 2.01.04 + 2.02.01 - (1.01.01 + 1.01.02); interest coverage = EBIT / CVM standardized financial expenses (3.06.02), a broader concept than interest alone; market snapshot: B3 COTAHIST 2012-01-02; CVM FRE document 13304, received 2011-12-14",2012-01-02,official_b3_isin_cnpj,B3/CVM point-in-time full-universe gate
EALT4.SA,2011-09-30,2011-11-03,Metalurgia e Siderurgia,False,31875000.0,3.0287913340935004,0.5903543051877095,2.724170124481328,-0.2376470588235294,0.19491415553868094,0.2583065380493033,,1.96054504779337,0.11149148778682458,,33089.34615384616,"CVM ITR 2011, ref 2011-09-30, receipt 2011-11-03; CVM DFP 2010 TTM bridge on accumulated periods; EBITDA = EBIT (3.05) + depreciation/amortisation add-back (6.01.01.x); net debt = 2.01.04 + 2.02.01 - (1.01.01 + 1.01.02); interest coverage = EBIT / CVM standardized financial expenses (3.06.02), a broader concept than interest alone; market snapshot: B3 COTAHIST 2012-01-02; CVM FRE document 1349, received 2010-06-30",2012-01-02,official_b3_isin_cnpj,B3/CVM point-in-time full-universe gate
ECOR3.SA,2011-09-30,2011-11-08,Serviços Transporte e Logística,False,7497741653.6,21.081027977608016,3.894602975541799,11.423584572203442,0.02787759430196433,0.18474445267463205,0.2575908002638217,1.0446462877067415,2.524973773864075,0.4342038847217203,,18317486.266666666,"CVM ITR 2011, ref 2011-09-30, receipt 2011-11-08; CVM DFP 2010 TTM bridge on accumulated periods; EBITDA = EBIT (3.05) + depreciation/amortisation add-back (6.01.01.x); net debt = 2.01.04 + 2.02.01 - (1.01.01 + 1.01.02); interest coverage = EBIT / CVM standardized financial expenses (3.06.02), a broader concept than interest alone; market snapshot: B3 COTAHIST 2012-01-02; CVM FRE document 7091, received 2011-05-04",2012-01-02,official_b3_isin_cnpj,B3/CVM point-in-time full-universe gate
EMAE4.SA,2011-09-30,2011-11-11,Energia Elétrica,False,144571135774.0,13286.56702270012,178.56952295867006,,0.00026028708841870676,0.013439854151458671,-0.14594399290785426,999.0,-29.592900302114803,-0.44502623747756753,,53419.47457627119,"CVM ITR 2011, ref 2011-09-30, receipt 2011-11-11; CVM DFP 2010 TTM bridge on accumulated periods; EBITDA = EBIT (3.05) + depreciation/amortisation add-back (6.01.01.x); net debt = 2.01.04 + 2.02.01 - (1.01.01 + 1.01.02); interest coverage = EBIT / CVM standardized financial expenses (3.06.02), a broader concept than interest alone; market snapshot: B3 COTAHIST 2012-01-02; CVM FRE document 7037, received 2011-05-03",2012-01-02,official_b3_isin_cnpj,B3/CVM point-in-time full-universe gate
EMBR3.SA,2011-09-30,2011-11-02,"Máquinas, Equipamentos, Veículos e Peças",False,8737487519.2,15.690016052233688,1.4657302172185929,10.997684098396375,0.0805302437861936,0.09341801897072796,0.13598497896591175,-0.3099866360463457,10.087489573541289,0.0799246216211198,,18283927.33333333,"CVM ITR 2011, ref 2011-09-30, receipt 2011-11-02; CVM DFP 2010 TTM bridge on accumulated periods; EBITDA = EBIT (3.05) + depreciation/amortisation add-back (6.01.01.x); net debt = 2.01.04 + 2.02.01 - (1.01.01 + 1.01.02); interest coverage = EBIT / CVM standardized financial expenses (3.06.02), a broader concept than interest alone; market snapshot: B3 COTAHIST 2012-01-02; CVM FRE document 7146, received 2011-05-04",2012-01-02,official_b3_issuer_unique_prefix,B3/CVM point-in-time full-universe gate
ENBR3.SA,2011-09-30,2011-10-26,Energia Elétrica,False,6590415966.0,8.310152077532987,0.9825006605744538,7.035934900027907,0.10265861874127415,0.11822896276840776,0.140287698379877,1.4491980087306855,2.3748588177091596,0.23516611580346689,,25467018.95,"CVM ITR 2011, ref 2011-09-30, receipt 2011-10-26; CVM DFP 2010 TTM bridge on accumulated periods; EBITDA = EBIT (3.05) + depreciation/amortisation add-back (6.01.01.x); net debt = 2.01.04 + 2.02.01 - (1.01.01 + 1.01.02); interest coverage = EBIT / CVM standardized financial expenses (3.06.02), a broader concept than interest alone; market snapshot: B3 COTAHIST 2012-01-02; CVM FRE document 6553, received 2011-04-15",2012-01-02,official_b3_isin_cnpj,B3/CVM point-in-time full-universe gate
EQTL3.SA,2011-09-30,2011-11-03,Energia Elétrica,False,1391547801.28,5.389689648510576,1.1025881218375468,6.330152115422772,-0.027688592490001853,0.2045735828485493,0.16676349835113977,2.1452631451724993,2.15921369632832,0.20542522607314273,,1737250.65,"CVM ITR 2011, ref 2011-09-30, receipt 2011-11-03; CVM DFP 2010 TTM bridge on accumulated periods; EBITDA = EBIT (3.05) + depreciation/amortisation add-back (6.01.01.x); net debt = 2.01.04 + 2.02.01 - (1.01.01 + 1.01.02); interest coverage = EBIT / CVM standardized financial expenses (3.06.02), a broader concept than interest alone; market snapshot: B3 COTAHIST 2012-01-02; CVM FRE document 7326, received 2011-05-09",2012-01-02,official_b3_isin_cnpj,B3/CVM point-in-time full-universe gate
ESTR4.SA,2011-09-30,2011-11-11,Brinquedos e Lazer,False,5820114.600000001,,,,2.9691855208486784,,,43.342776203966004,-0.1251070144398151,-0.045159097230090955,,28088.84745762712,"CVM ITR 2011, ref 2011-09-30, receipt 2011-11-11; CVM DFP 2010 TTM bridge on accumulated periods; EBITDA = EBIT (3.05) + depreciation/amortisation add-back (6.01.01.x); net debt = 2.01.04 + 2.02.01 - (1.01.01 + 1.01.02); interest coverage = EBIT / CVM standardized financial expenses (3.06.02), a broader concept than interest alone; market snapshot: B3 COTAHIST 2012-01-02; CVM FRE document 10112, received 2011-07-12",2012-01-02,official_b3_isin_cnpj,B3/CVM point-in-time full-universe gate
ETER3.SA,2011-09-30,2011-12-23,"Construção Civil, Mat. Constr. e Decoração",False,807290000.0,8.575692873152958,1.9042104021700672,7.221767414662671,0.07491731595832972,0.22204741125132682,0.2688690832981222,-0.12807440787776717,3.148133233619053,0.13496669239856657,,715599.8166666667,"CVM ITR 2011, ref 2011-09-30, receipt 2011-12-23; CVM DFP 2010 TTM bridge on accumulated periods; EBITDA = EBIT (3.05) + depreciation/amortisation add-back (6.01.01.x); net debt = 2.01.04 + 2.02.01 - (1.01.01 + 1.01.02); interest coverage = EBIT / CVM standardized financial expenses (3.06.02), a broader concept than interest alone; market snapshot: B3 COTAHIST 2012-01-02; CVM FRE document 6639, received 2011-04-20",2012-01-02,official_b3_isin_cnpj,B3/CVM point-in-time full-universe gate
EUCA4.SA,2011-09-30,2011-11-08,"Construção Civil, Mat. Constr. e Decoração",False,392713958.40000004,5.540703157538306,0.39832193289320345,4.230883799692639,-0.09584329559700212,0.0718901412993536,0.11721809679916455,0.8311733541132477,2.264040702445429,0.15658737861322528,,322704.8,"CVM ITR 2011, ref 2011-09-30, receipt 2011-11-08; CVM DFP 2010 TTM bridge on accumulated periods; EBITDA = EBIT (3.05) + depreciation/amortisation add-back (6.01.01.x); net debt = 2.01.04 + 2.02.01 - (1.01.01 + 1.01.02); interest coverage = EBIT / CVM standardized financial expenses (3.06.02), a broader concept than interest alone; market snapshot: B3 COTAHIST 2012-01-02; CVM FRE document 11321, received 2011-08-19",2012-01-02,official_b3_isin_cnpj,B3/CVM point-in-time full-universe gate
EVEN3.SA,2011-09-30,2011-11-09,"Construção Civil, Mat. Constr. e Decoração",False,1479080206.72,5.922266782729861,0.924048579403893,8.127445016945506,-0.02649957711686144,0.1560295429612433,0.11714822623774603,3.101472032052151,4.103192340589907,0.15444828658802245,,7395090.966666667,"CVM ITR 2011, ref 2011-09-30, receipt 2011-11-09; CVM DFP 2010 TTM bridge on accumulated periods; EBITDA = EBIT (3.05) + depreciation/amortisation add-back (6.01.01.x); net debt = 2.01.04 + 2.02.01 - (1.01.01 + 1.01.02); interest coverage = EBIT / CVM standardized financial expenses (3.06.02), a broader concept than interest alone; market snapshot: B3 COTAHIST 2012-01-02; CVM FRE document 7507, received 2011-05-10",2012-01-02,official_b3_isin_cnpj,B3/CVM point-in-time full-universe gate
EZTC3.SA,2011-09-30,2011-11-08,"Emp. Adm. Part. - Const. Civil, Mat. Const. e Decoração",False,2362258332.0,7.937109259396147,1.6879278000317255,8.227276901976857,0.06110974318282138,0.21266279004960337,0.2255832147937411,-1.0724891170671715,29.418666666666667,0.36925530738289414,,5829031.033333333,"CVM ITR 2011, ref 2011-09-30, receipt 2011-11-08; CVM DFP 2010 TTM bridge on accumulated periods; EBITDA = EBIT (3.05) + depreciation/amortisation add-back (6.01.01.x); net debt = 2.01.04 + 2.02.01 - (1.01.01 + 1.01.02); interest coverage = EBIT / CVM standardized financial expenses (3.06.02), a broader concept than interest alone; market snapshot: B3 COTAHIST 2012-01-02; CVM FRE document 8359, received 2011-05-19",2012-01-02,official_b3_isin_cnpj,B3/CVM point-in-time full-universe gate
FHER3.SA,2011-09-30,2011-11-16,Petroquímicos e Borracha,False,545303328.75,4.150770538691066,1.270188439445714,3.4079678964080853,0.344666885549431,0.3060126855015851,0.3222359422090458,1.7605208591742454,1.010853404698186,0.08672725255806718,,607464.8666666667,"CVM ITR 2011, ref 2011-09-30, receipt 2011-11-16; CVM DFP 2010 TTM bridge on accumulated periods; EBITDA = EBIT (3.05) + depreciation/amortisation add-back (6.01.01.x); net debt = 2.01.04 + 2.02.01 - (1.01.01 + 1.01.02); interest coverage = EBIT / CVM standardized financial expenses (3.06.02), a broader concept than interest alone; market snapshot: B3 COTAHIST 2012-01-02; CVM FRE document 6605, received 2011-04-19",2012-01-02,official_b3_isin_cnpj,B3/CVM point-in-time full-universe gate
FIBR3.SA,2011-09-30,2011-10-26,Papel e Celulose,False,6663389359.04,,0.44725993009647846,32.79257233910602,0.08018666945750551,-0.023410806425023935,0.020078467047921426,3.783885626625112,0.20244602607544263,0.08042121450303544,,25747669.3,"CVM ITR 2011, ref 2011-09-30, receipt 2011-10-26; CVM DFP 2010 TTM bridge on accumulated periods; EBITDA = EBIT (3.05) + depreciation/amortisation add-back (6.01.01.x); net debt = 2.01.04 + 2.02.01 - (1.01.01 + 1.01.02); interest coverage = EBIT / CVM standardized financial expenses (3.06.02), a broader concept than interest alone; market snapshot: B3 COTAHIST 2012-01-02; CVM FRE document 6412, received 2011-04-07",2012-01-02,official_b3_isin_cnpj,B3/CVM point-in-time full-universe gate
FLRY3.SA,2011-09-30,2011-11-03,Serviços Médicos,False,3198000000.0,26.978007609181635,1.9635279894836437,22.33476586061304,-0.1502714196372733,0.072782542652089,0.08636711826640635,0.31449732262035224,3.079663950690252,0.1440367733298582,,4595623.066666666,"CVM ITR 2011, ref 2011-09-30, receipt 2011-11-03; CVM DFP 2010 TTM bridge on accumulated periods; EBITDA = EBIT (3.05) + depreciation/amortisation add-back (6.01.01.x); net debt = 2.01.04 + 2.02.01 - (1.01.01 + 1.01.02); interest coverage = EBIT / CVM standardized financial expenses (3.06.02), a broader concept than interest alone; market snapshot: B3 COTAHIST 2012-01-02; CVM FRE document 6513, received 2011-04-13",2012-01-02,official_b3_isin_cnpj,B3/CVM point-in-time full-universe gate
FRAS4.SA,2011-09-30,2011-11-03,"Máquinas, Equipamentos, Veículos e Peças",False,109344083.0,2.3542702766713317,0.31380946272109195,3.876151820023755,0.0025241420699462997,0.13329372834999326,0.10588235294117647,0.8777750445852038,1.1963390170511534,0.07932936123042815,,123860.49152542371,"CVM ITR 2011, ref 2011-09-30, receipt 2011-11-03; CVM DFP 2010 TTM bridge on accumulated periods; EBITDA = EBIT (3.05) + depreciation/amortisation add-back (6.01.01.x); net debt = 2.01.04 + 2.02.01 - (1.01.01 + 1.01.02); interest coverage = EBIT / CVM standardized financial expenses (3.06.02), a broader concept than interest alone; market snapshot: B3 COTAHIST 2012-01-02; CVM FRE document 7143, received 2011-05-04",2012-01-02,official_b3_isin_cnpj,B3/CVM point-in-time full-universe gate
FRIO3.SA,2011-09-30,2011-11-10,"Máquinas, Equipamentos, Veículos e Peças",False,234132214.5,26.709127823408625,0.941098833937601,9.440416013972358,0.09286206106421976,0.03523510165363003,0.10247636580311803,2.9775703703703704,0.3961375493119956,0.05910951631023038,,111429.68333333332,"CVM ITR 2011, ref 2011-09-30, receipt 2011-11-10; CVM DFP 2010 TTM bridge on accumulated periods; EBITDA = EBIT (3.05) + depreciation/amortisation add-back (6.01.01.x); net debt = 2.01.04 + 2.02.01 - (1.01.01 + 1.01.02); interest coverage = EBIT / CVM standardized financial expenses (3.06.02), a broader concept than interest alone; market snapshot: B3 COTAHIST 2012-01-02; CVM FRE document 6532, received 2011-04-14",2012-01-02,official_b3_isin_cnpj,B3/CVM point-in-time full-universe gate
FTRX3.SA,2011-09-30,2011-11-18,Têxtil e Vestuário,False,2025261.85,,,,3.303770324810098,,,999.0,-0.41828916848246295,-0.26846818397130806,,26443.88888888889,"CVM ITR 2011, ref 2011-09-30, receipt 2011-11-18; CVM DFP 2010 TTM bridge on accumulated periods; EBITDA = EBIT (3.05) + depreciation/amortisation add-back (6.01.01.x); net debt = 2.01.04 + 2.02.01 - (1.01.01 + 1.01.02); interest coverage = EBIT / CVM standardized financial expenses (3.06.02), a broader concept than interest alone; market snapshot: B3 COTAHIST 2012-01-02; CVM FRE document 3760, received 2010-12-10",2012-01-02,official_b3_isin_cnpj,B3/CVM point-in-time full-universe gate
FTRX4.SA,2011-09-30,2011-11-18,Têxtil e Vestuário,False,4288789.8,,,,1.5601137644936576,,,999.0,-0.41828916848246295,-0.26846818397130806,,52320.87719298246,"CVM ITR 2011, ref 2011-09-30, receipt 2011-11-18; CVM DFP 2010 TTM bridge on accumulated periods; EBITDA = EBIT (3.05) + depreciation/amortisation add-back (6.01.01.x); net debt = 2.01.04 + 2.02.01 - (1.01.01 + 1.01.02); interest coverage = EBIT / CVM standardized financial expenses (3.06.02), a broader concept than interest alone; market snapshot: B3 COTAHIST 2012-01-02; CVM FRE document 3760, received 2010-12-10",2012-01-02,official_b3_isin_cnpj,B3/CVM point-in-time full-universe gate
GGBR3.SA,2011-09-30,2011-11-10,Metalurgia e Siderurgia,False,1713356475.3,0.8375654136922497,0.06433838008411065,3.6424778764290924,-0.5673489516125332,0.07681594659035286,0.08339551608545434,1.9171110232818305,2.968854042429168,0.0874198609682022,,1857510.433333333,"CVM ITR 2011, ref 2011-09-30, receipt 2011-11-10; CVM DFP 2010 TTM bridge on accumulated periods; EBITDA = EBIT (3.05) + depreciation/amortisation add-back (6.01.01.x); net debt = 2.01.04 + 2.02.01 - (1.01.01 + 1.01.02); interest coverage = EBIT / CVM standardized financial expenses (3.06.02), a broader concept than interest alone; market snapshot: B3 COTAHIST 2012-01-02; CVM FRE document 4644, received 2011-02-08",2012-01-02,official_b3_isin_cnpj,B3/CVM point-in-time full-universe gate
GGBR4.SA,2011-09-30,2011-11-10,Metalurgia e Siderurgia,False,4015913142.4,1.9631582808110326,0.15080186164718923,4.413960643921804,-0.2420547869267582,0.07681594659035286,0.08339551608545434,1.9171110232818305,2.968854042429168,0.0874198609682022,,105301423.05,"CVM ITR 2011, ref 2011-09-30, receipt 2011-11-10; CVM DFP 2010 TTM bridge on accumulated periods; EBITDA = EBIT (3.05) + depreciation/amortisation add-back (6.01.01.x); net debt = 2.01.04 + 2.02.01 - (1.01.01 + 1.01.02); interest coverage = EBIT / CVM standardized financial expenses (3.06.02), a broader concept than interest alone; market snapshot: B3 COTAHIST 2012-01-02; CVM FRE document 4644, received 2011-02-08",2012-01-02,official_b3_isin_cnpj,B3/CVM point-in-time full-universe gate
GOAU3.SA,2011-09-30,2011-11-10,Emp. Adm. Part. - Metalurgia e Siderurgia,False,2133094407.0,1.0872373298877642,0.08641819356697084,4.25534741361287,-0.47623583685107845,0.07948420385445357,0.0842328165822896,2.201857545537132,2.6193628695641404,0.08672061010362872,,228427.2,"CVM ITR 2011, ref 2011-09-30, receipt 2011-11-10; CVM DFP 2010 TTM bridge on accumulated periods; EBITDA = EBIT (3.05) + depreciation/amortisation add-back (6.01.01.x); net debt = 2.01.04 + 2.02.01 - (1.01.01 + 1.01.02); interest coverage = EBIT / CVM standardized financial expenses (3.06.02), a broader concept than interest alone; market snapshot: B3 COTAHIST 2012-01-02; CVM FRE document 8229, received 2011-05-17",2012-01-02,official_b3_isin_cnpj,B3/CVM point-in-time full-universe gate
GOAU4.SA,2011-09-30,2011-11-10,Emp. Adm. Part. - Metalurgia e Siderurgia,False,4868607028.8,2.4815269726902964,0.19724219576764057,5.179284526666381,-0.208654342811148,0.07948420385445357,0.0842328165822896,2.201857545537132,2.6193628695641404,0.08672061010362872,,19723482.95,"CVM ITR 2011, ref 2011-09-30, receipt 2011-11-10; CVM DFP 2010 TTM bridge on accumulated periods; EBITDA = EBIT (3.05) + depreciation/amortisation add-back (6.01.01.x); net debt = 2.01.04 + 2.02.01 - (1.01.01 + 1.01.02); interest coverage = EBIT / CVM standardized financial expenses (3.06.02), a broader concept than interest alone; market snapshot: B3 COTAHIST 2012-01-02; CVM FRE document 8229, received 2011-05-17",2012-01-02,official_b3_isin_cnpj,B3/CVM point-in-time full-universe gate
GSHP3.SA,2011-09-30,2011-11-11,Comércio (Atacado e Varejo),False,581536512.0,,1.7181686388172415,10.554855230497548,-0.33213907641967627,-0.1390816721473248,0.13239605184205405,2.9713055017730112,0.45388914112114437,0.6231828291301437,,1526136.5,"CVM ITR 2011, ref 2011-09-30, receipt 2011-11-11; CVM DFP 2010 TTM bridge on accumulated periods; EBITDA = EBIT (3.05) + depreciation/amortisation add-back (6.01.01.x); net debt = 2.01.04 + 2.02.01 - (1.01.01 + 1.01.02); interest coverage = EBIT / CVM standardized financial expenses (3.06.02), a broader concept than interest alone; market snapshot: B3 COTAHIST 2012-01-02; CVM FRE document 8671, received 2011-05-27",2012-01-02,official_b3_isin_cnpj,B3/CVM point-in-time full-universe gate
GTDP3B.SA,2011-09-30,2011-11-14,Emp. Adm. Part. - Sem Setor Principal,False,23733300.080000002,8.875579685863874,1.1672880228211686,8.832389566709567,0.16398899381379245,0.1315168207751328,0.13562576365857915,,582.75,,,2623.6415094339623,"CVM ITR 2011, ref 2011-09-30, receipt 2011-11-14; CVM DFP 2010 TTM bridge on accumulated periods; EBITDA = EBIT (3.05) + depreciation/amortisation add-back (6.01.01.x); net debt = 2.01.04 + 2.02.01 - (1.01.01 + 1.01.02); interest coverage = EBIT / CVM standardized financial expenses (3.06.02), a broader concept than interest alone; market snapshot: B3 COTAHIST 2012-01-02; CVM FRE document 5344, received 2011-03-18",2012-01-02,official_b3_isin_cnpj,B3/CVM point-in-time full-universe gate
GTDP4B.SA,2011-09-30,2011-11-14,Emp. Adm. Part. - Sem Setor Principal,False,22846257.560000002,8.543850994764398,1.1236601200078695,8.451847945087946,0.17035612899743566,0.1315168207751328,0.13562576365857915,,582.75,,,2799.285714285714,"CVM ITR 2011, ref 2011-09-30, receipt 2011-11-14; CVM DFP 2010 TTM bridge on accumulated periods; EBITDA = EBIT (3.05) + depreciation/amortisation add-back (6.01.01.x); net debt = 2.01.04 + 2.02.01 - (1.01.01 + 1.01.02); interest coverage = EBIT / CVM standardized financial expenses (3.06.02), a broader concept than interest alone; market snapshot: B3 COTAHIST 2012-01-02; CVM FRE document 5344, received 2011-03-18",2012-01-02,official_b3_isin_cnpj,B3/CVM point-in-time full-universe gate
HBOR3.SA,2011-09-30,2011-11-14,"Construção Civil, Mat. Constr. e Decoração",False,1347505974.8999999,6.568777968489504,1.4785725609970197,8.33213407185898,-0.054455417168332444,0.22509096335570294,0.15696488441856363,2.1510155092868453,13.150020696588019,0.20409043561257875,,1154600.45,"CVM ITR 2011, ref 2011-09-30, receipt 2011-11-14; CVM DFP 2010 TTM bridge on accumulated periods; EBITDA = EBIT (3.05) + depreciation/amortisation add-back (6.01.01.x); net debt = 2.01.04 + 2.02.01 - (1.01.01 + 1.01.02); interest coverage = EBIT / CVM standardized financial expenses (3.06.02), a broader concept than interest alone; market snapshot: B3 COTAHIST 2012-01-02; CVM FRE document 6959, received 2011-05-02",2012-01-02,official_b3_isin_cnpj,B3/CVM point-in-time full-universe gate
HGTX3.SA,2011-09-30,2011-11-17,Têxtil e Vestuário,False,5612284504.71,19.163515038465086,8.81471427404016,16.311754309968187,0.028829080183696145,0.4599737708007759,0.6834988607876373,-0.4028144529530851,10.176633158198438,0.26254362198406966,,40505065.16666666,"CVM ITR 2011, ref 2011-09-30, receipt 2011-11-17; CVM DFP 2010 TTM bridge on accumulated periods; EBITDA = EBIT (3.05) + depreciation/amortisation add-back (6.01.01.x); net debt = 2.01.04 + 2.02.01 - (1.01.01 + 1.01.02); interest coverage = EBIT / CVM standardized financial expenses (3.06.02), a broader concept than interest alone; market snapshot: B3 COTAHIST 2012-01-02; CVM FRE document 6667, received 2011-04-25",2012-01-02,official_b3_isin_cnpj,B3/CVM point-in-time full-universe gate
HOOT4.SA,2011-09-30,2011-11-09,Hospedagem e Turismo,False,46577518.73,,,3.9144068454436534,0.03931081023473833,,,0.4030756778632133,0.534284746017999,0.11320408488910165,,35587.41379310345,"CVM ITR 2011, ref 2011-09-30, receipt 2011-11-09; CVM DFP 2010 TTM bridge on accumulated periods; EBITDA = EBIT (3.05) + depreciation/amortisation add-back (6.01.01.x); net debt = 2.01.04 + 2.02.01 - (1.01.01 + 1.01.02); interest coverage = EBIT / CVM standardized financial expenses (3.06.02), a broader concept than interest alone; market snapshot: B3 COTAHIST 2012-01-02; CVM FRE document 10434, received 2011-08-01",2012-01-02,official_b3_isin_cnpj,B3/CVM point-in-time full-universe gate
HYPE3.SA,2011-09-30,2011-11-07,Farmacêutico e Higiene,False,4930617330.0,,0.7474397829209413,12.369833005066198,-0.1658035790013337,-0.003059116903591582,0.06538299792760673,3.270690707865429,0.7318423050685454,0.15682382598512143,,64021673.11666667,"CVM ITR 2011, ref 2011-09-30, receipt 2011-11-07; CVM DFP 2010 TTM bridge on accumulated periods; EBITDA = EBIT (3.05) + depreciation/amortisation add-back (6.01.01.x); net debt = 2.01.04 + 2.02.01 - (1.01.01 + 1.01.02); interest coverage = EBIT / CVM standardized financial expenses (3.06.02), a broader concept than interest alone; market snapshot: B3 COTAHIST 2012-01-02; CVM FRE document 3361, received 2010-10-28",2012-01-02,official_b3_isin_cnpj,B3/CVM point-in-time full-universe gate
IENG3.SA,2011-09-30,2011-11-16,Energia Elétrica,False,25500000.0,,0.4881877704177356,10.081550539744848,-0.28109803921568627,-1.293161542290462,0.091273620818865,8.554530049022574,0.2812586254485233,1.0167631211335062,,23185.593220338986,"CVM ITR 2011, ref 2011-09-30, receipt 2011-11-16; CVM DFP 2010 TTM bridge on accumulated periods; EBITDA = EBIT (3.05) + depreciation/amortisation add-back (6.01.01.x); net debt = 2.01.04 + 2.02.01 - (1.01.01 + 1.01.02); interest coverage = EBIT / CVM standardized financial expenses (3.06.02), a broader concept than interest alone; market snapshot: B3 COTAHIST 2012-01-02; CVM FRE document 11818, received 2011-09-23",2012-01-02,official_b3_isin_cnpj,B3/CVM point-in-time full-universe gate
IENG5.SA,2011-09-30,2011-11-16,Energia Elétrica,False,21361617.2,,0.4089600107209863,9.946176552175334,-0.3355551189261083,-1.293161542290462,0.091273620818865,8.554530049022574,0.2812586254485233,1.0167631211335062,,28556.5,"CVM ITR 2011, ref 2011-09-30, receipt 2011-11-16; CVM DFP 2010 TTM bridge on accumulated periods; EBITDA = EBIT (3.05) + depreciation/amortisation add-back (6.01.01.x); net debt = 2.01.04 + 2.02.01 - (1.01.01 + 1.01.02); interest coverage = EBIT / CVM standardized financial expenses (3.06.02), a broader concept than interest alone; market snapshot: B3 COTAHIST 2012-01-02; CVM FRE document 11818, received 2011-09-23",2012-01-02,official_b3_isin_cnpj,B3/CVM point-in-time full-universe gate
IMBI3.SA,2011-09-30,2011-11-14,Serviços Transporte e Logística,False,154886093.07999998,,1.5231351776494997,,0.03635574949321977,-0.1360422464573356,-0.10964791401109313,999.0,-7.805640711220111,-14.240492170022371,,10115.666666666666,"CVM ITR 2011, ref 2011-09-30, receipt 2011-11-14; CVM DFP 2010 TTM bridge on accumulated periods; EBITDA = EBIT (3.05) + depreciation/amortisation add-back (6.01.01.x); net debt = 2.01.04 + 2.02.01 - (1.01.01 + 1.01.02); interest coverage = EBIT / CVM standardized financial expenses (3.06.02), a broader concept than interest alone; market snapshot: B3 COTAHIST 2012-01-02; CVM FRE document 10217, received 2011-07-20",2012-01-02,official_b3_isin_cnpj,B3/CVM point-in-time full-universe gate
IMBI4.SA,2011-09-30,2011-11-14,Serviços Transporte e Logística,False,42009718.8,,0.41311959798994974,,0.13404041162017968,-0.1360422464573356,-0.10964791401109313,999.0,-7.805640711220111,-14.240492170022371,,53383.4,"CVM ITR 2011, ref 2011-09-30, receipt 2011-11-14; CVM DFP 2010 TTM bridge on accumulated periods; EBITDA = EBIT (3.05) + depreciation/amortisation add-back (6.01.01.x); net debt = 2.01.04 + 2.02.01 - (1.01.01 + 1.01.02); interest coverage = EBIT / CVM standardized financial expenses (3.06.02), a broader concept than interest alone; market snapshot: B3 COTAHIST 2012-01-02; CVM FRE document 10217, received 2011-07-20",2012-01-02,official_b3_isin_cnpj,B3/CVM point-in-time full-universe gate
IMCH3.SA,2011-09-30,2011-11-11,Alimentos,False,1078641897.8,121.16848997977982,1.3251812720066636,26.10788300202655,-0.23584935882693653,0.010936682236675602,0.04979838892567831,0.6243383325981473,1.2290663830739954,0.05155842219511594,,971383.2,"CVM ITR 2011, ref 2011-09-30, receipt 2011-11-11; CVM DFP 2010 TTM bridge on accumulated periods; EBITDA = EBIT (3.05) + depreciation/amortisation add-back (6.01.01.x); net debt = 2.01.04 + 2.02.01 - (1.01.01 + 1.01.02); interest coverage = EBIT / CVM standardized financial expenses (3.06.02), a broader concept than interest alone; market snapshot: B3 COTAHIST 2012-01-02; CVM FRE document 6646, received 2011-04-20",2012-01-02,official_b3_isin_cnpj,B3/CVM point-in-time full-universe gate
INEP3.SA,2011-09-30,2011-11-16,"Máquinas, Equipamentos, Veículos e Peças",False,92911977.5,25.261549075584558,0.15340971045792426,9.504090502349364,-1.5933898296374114,0.006072854439722214,0.07664580338804956,7.9013288811399915,0.3953882301513578,0.09279671287265844,,78916.36666666667,"CVM ITR 2011, ref 2011-09-30, receipt 2011-11-16; CVM DFP 2010 TTM bridge on accumulated periods; EBITDA = EBIT (3.05) + depreciation/amortisation add-back (6.01.01.x); net debt = 2.01.04 + 2.02.01 - (1.01.01 + 1.01.02); interest coverage = EBIT / CVM standardized financial expenses (3.06.02), a broader concept than interest alone; market snapshot: B3 COTAHIST 2012-01-02; CVM FRE document 8286, received 2011-05-18",2012-01-02,official_b3_isin_cnpj,B3/CVM point-in-time full-universe gate
INEP4.SA,2011-09-30,2011-11-16,"Máquinas, Equipamentos, Veículos e Peças",False,127519403.02000001,34.67085454594889,0.21055105295832882,9.743224177860696,-1.1609605792836153,0.006072854439722214,0.07664580338804956,7.9013288811399915,0.3953882301513578,0.09279671287265844,,1030714.0,"CVM ITR 2011, ref 2011-09-30, receipt 2011-11-16; CVM DFP 2010 TTM bridge on accumulated periods; EBITDA = EBIT (3.05) + depreciation/amortisation add-back (6.01.01.x); net debt = 2.01.04 + 2.02.01 - (1.01.01 + 1.01.02); interest coverage = EBIT / CVM standardized financial expenses (3.06.02), a broader concept than interest alone; market snapshot: B3 COTAHIST 2012-01-02; CVM FRE document 8286, received 2011-05-18",2012-01-02,official_b3_isin_cnpj,B3/CVM point-in-time full-universe gate
ITSA3.SA,2011-09-30,2011-11-08,Emp. Adm. Part. - Intermediação Financeira,True,24203462011.2,4.526549843126987,0.772212679424433,,,0.17059630539514406,,,,,,176075.9298245614,"CVM ITR 2011, ref 2011-09-30, receipt 2011-11-08; CVM DFP 2010 TTM bridge on accumulated periods; EBITDA = EBIT (3.05) + depreciation/amortisation add-back (6.01.01.x); net debt = 2.01.04 + 2.02.01 - (1.01.01 + 1.01.02); interest coverage = EBIT / CVM standardized financial expenses (3.06.02), a broader concept than interest alone; market snapshot: B3 COTAHIST 2012-01-02; CVM FRE document 7532, received 2011-05-10",2012-01-02,official_b3_isin_cnpj,B3/CVM point-in-time full-universe gate
ITSA4.SA,2011-09-30,2011-11-08,Emp. Adm. Part. - Intermediação Financeira,True,30005429762.24,5.61163825738545,0.9573247539240022,,,0.17059630539514406,,,,,,100176627.93333334,"CVM ITR 2011, ref 2011-09-30, receipt 2011-11-08; CVM DFP 2010 TTM bridge on accumulated periods; EBITDA = EBIT (3.05) + depreciation/amortisation add-back (6.01.01.x); net debt = 2.01.04 + 2.02.01 - (1.01.01 + 1.01.02); interest coverage = EBIT / CVM standardized financial expenses (3.06.02), a broader concept than interest alone; market snapshot: B3 COTAHIST 2012-01-02; CVM FRE document 7532, received 2011-05-10",2012-01-02,official_b3_isin_cnpj,B3/CVM point-in-time full-universe gate
ITUB3.SA,2011-09-30,2011-11-01,Bancos,True,64580771459.75,4.640724773654192,0.9198242250826291,,,0.19820701936571486,,,,,,4933670.116666666,"CVM ITR 2011, ref 2011-09-30, receipt 2011-11-01; CVM DFP 2010 TTM bridge on accumulated periods; EBITDA = EBIT (3.05) + depreciation/amortisation add-back (6.01.01.x); net debt = 2.01.04 + 2.02.01 - (1.01.01 + 1.01.02); interest coverage = EBIT / CVM standardized financial expenses (3.06.02), a broader concept than interest alone; market snapshot: B3 COTAHIST 2012-01-02; CVM FRE document 7150, received 2011-05-04",2012-01-02,official_b3_isin_cnpj,B3/CVM point-in-time full-universe gate
ITUB4.SA,2011-09-30,2011-11-01,Bancos,True,77644540788.32,5.579477231855831,1.1058915517450139,,,0.19820701936571486,,,,,,269950199.0,"CVM ITR 2011, ref 2011-09-30, receipt 2011-11-01; CVM DFP 2010 TTM bridge on accumulated periods; EBITDA = EBIT (3.05) + depreciation/amortisation add-back (6.01.01.x); net debt = 2.01.04 + 2.02.01 - (1.01.01 + 1.01.02); interest coverage = EBIT / CVM standardized financial expenses (3.06.02), a broader concept than interest alone; market snapshot: B3 COTAHIST 2012-01-02; CVM FRE document 7150, received 2011-05-04",2012-01-02,official_b3_isin_cnpj,B3/CVM point-in-time full-universe gate
JHSF3.SA,2011-09-30,2011-11-10,"Emp. Adm. Part. - Const. Civil, Mat. Const. e Decoração",False,2332270292.75,7.064938076118006,2.0058864850999343,7.454985545189645,-0.011790228639227261,0.2839213116220426,0.2316484822417499,1.091562751530898,3.0474165774045576,0.37258161744344487,,1075196.65,"CVM ITR 2011, ref 2011-09-30, receipt 2011-11-10; CVM DFP 2010 TTM bridge on accumulated periods; EBITDA = EBIT (3.05) + depreciation/amortisation add-back (6.01.01.x); net debt = 2.01.04 + 2.02.01 - (1.01.01 + 1.01.02); interest coverage = EBIT / CVM standardized financial expenses (3.06.02), a broader concept than interest alone; market snapshot: B3 COTAHIST 2012-01-02; CVM FRE document 1643, received 2010-07-16",2012-01-02,official_b3_isin_cnpj,B3/CVM point-in-time full-universe gate
JSLG3.SA,2011-09-30,2011-11-09,Serviços Transporte e Logística,False,1859618283.6,27.52258178696701,2.2317061938958704,14.847263591449309,0.1744175150677143,0.08108636795668162,0.09701526801740626,3.8024818975391828,1.0924241033248132,0.09964322940195199,,859040.6166666667,"CVM ITR 2011, ref 2011-09-30, receipt 2011-11-09; CVM DFP 2010 TTM bridge on accumulated periods; EBITDA = EBIT (3.05) + depreciation/amortisation add-back (6.01.01.x); net debt = 2.01.04 + 2.02.01 - (1.01.01 + 1.01.02); interest coverage = EBIT / CVM standardized financial expenses (3.06.02), a broader concept than interest alone; market snapshot: B3 COTAHIST 2012-01-02; CVM FRE document 7310, received 2011-05-06",2012-01-02,official_b3_isin_cnpj,B3/CVM point-in-time full-universe gate
KEPL3.SA,2011-09-30,2011-12-20,Emp. Adm. Part. - Metalurgia e Siderurgia,False,287806971.76,10.070222944716585,1.0285800070047533,8.72079206550253,0.09494210592919933,0.10214073835817161,0.11752414229081612,0.8007094673179809,1.2596041520643504,0.09631767810565109,,368533.63333333336,"CVM ITR 2011, ref 2011-09-30, receipt 2011-12-20; CVM DFP 2010 TTM bridge on accumulated periods; EBITDA = EBIT (3.05) + depreciation/amortisation add-back (6.01.01.x); net debt = 2.01.04 + 2.02.01 - (1.01.01 + 1.01.02); interest coverage = EBIT / CVM standardized financial expenses (3.06.02), a broader concept than interest alone; market snapshot: B3 COTAHIST 2012-01-02; CVM FRE document 6729, received 2011-04-27",2012-01-02,official_b3_isin_cnpj,B3/CVM point-in-time full-universe gate
KLBN4.SA,2011-09-30,2011-10-31,Papel e Celulose,False,4656631930.75,14.708342853555614,0.9257583201575802,8.27491058013083,0.0800612987120831,0.06294103485178049,0.11470173341498398,1.7242634042867184,1.191104788543583,0.22015334492938476,,22173494.4,"CVM ITR 2011, ref 2011-09-30, receipt 2011-10-31; CVM DFP 2010 TTM bridge on accumulated periods; EBITDA = EBIT (3.05) + depreciation/amortisation add-back (6.01.01.x); net debt = 2.01.04 + 2.02.01 - (1.01.01 + 1.01.02); interest coverage = EBIT / CVM standardized financial expenses (3.06.02), a broader concept than interest alone; market snapshot: B3 COTAHIST 2012-01-02; CVM FRE document 7020, received 2011-05-03",2012-01-02,official_b3_isin_cnpj,B3/CVM point-in-time full-universe gate
LAME3.SA,2011-09-30,2011-11-10,Comércio (Atacado e Varejo),False,3659141486.94,12.701471380064424,3.4266276666214046,5.9500725818519635,0.02074120398756925,0.26978194605072786,0.27609292809626784,2.300892231868485,1.034408218419326,0.11127150785356435,,3183930.9833333334,"CVM ITR 2011, ref 2011-09-30, receipt 2011-11-10; CVM DFP 2010 TTM bridge on accumulated periods; EBITDA = EBIT (3.05) + depreciation/amortisation add-back (6.01.01.x); net debt = 2.01.04 + 2.02.01 - (1.01.01 + 1.01.02); interest coverage = EBIT / CVM standardized financial expenses (3.06.02), a broader concept than interest alone; market snapshot: B3 COTAHIST 2012-01-02; CVM FRE document 7710, received 2011-05-12",2012-01-02,official_b3_isin_cnpj,B3/CVM point-in-time full-universe gate
LAME4.SA,2011-09-30,2011-11-10,Comércio (Atacado e Varejo),False,7068183825.57,24.534808202944934,6.619048302971845,9.012877118798324,0.01073755322059406,0.26978194605072786,0.27609292809626784,2.300892231868485,1.034408218419326,0.11127150785356435,,33054257.866666667,"CVM ITR 2011, ref 2011-09-30, receipt 2011-11-10; CVM DFP 2010 TTM bridge on accumulated periods; EBITDA = EBIT (3.05) + depreciation/amortisation add-back (6.01.01.x); net debt = 2.01.04 + 2.02.01 - (1.01.01 + 1.01.02); interest coverage = EBIT / CVM standardized financial expenses (3.06.02), a broader concept than interest alone; market snapshot: B3 COTAHIST 2012-01-02; CVM FRE document 7710, received 2011-05-12",2012-01-02,official_b3_issuer_unique_prefix,B3/CVM point-in-time full-universe gate
LEVE3.SA,2011-09-30,2011-11-09,"Máquinas, Equipamentos, Veículos e Peças",False,1856196300.0,9.728747084567205,1.2621553238826755,8.577169174992623,0.12308073235573198,0.12973462182862613,0.14384645705102939,0.4858621347059945,1.7719826394854594,0.10751552609226546,,1687760.4833333334,"CVM ITR 2011, ref 2011-09-30, receipt 2011-11-09; CVM DFP 2010 TTM bridge on accumulated periods; EBITDA = EBIT (3.05) + depreciation/amortisation add-back (6.01.01.x); net debt = 2.01.04 + 2.02.01 - (1.01.01 + 1.01.02); interest coverage = EBIT / CVM standardized financial expenses (3.06.02), a broader concept than interest alone; market snapshot: B3 COTAHIST 2012-01-02; CVM FRE document 6360, received 2011-04-05",2012-01-02,official_b3_isin_cnpj,B3/CVM point-in-time full-universe gate
LLIS3.SA,2011-09-30,2011-11-14,Emp. Adm. Part. - Comércio (Atacado e Varejo),False,1542887500.0,26.791357724565454,9.479699797858157,13.882026204251884,-0.03475107549967188,0.3538342436884435,0.4394236703139955,0.7835348134371731,2.5476047647613336,0.17288947821434386,,4205469.0,"CVM ITR 2011, ref 2011-09-30, receipt 2011-11-14; CVM DFP 2010 TTM bridge on accumulated periods; EBITDA = EBIT (3.05) + depreciation/amortisation add-back (6.01.01.x); net debt = 2.01.04 + 2.02.01 - (1.01.01 + 1.01.02); interest coverage = EBIT / CVM standardized financial expenses (3.06.02), a broader concept than interest alone; market snapshot: B3 COTAHIST 2012-01-02; CVM FRE document 4039, received 2010-12-30",2012-01-02,unique_cotahist_prefix,B3/CVM point-in-time full-universe gate
LOGN3.SA,2011-09-30,2011-11-09,Serviços Transporte e Logística,False,623639016.0,,1.068892671790266,65.72786989754431,-0.39978415975180104,-0.036257121506091415,0.015735907674485856,10.957461061798695,0.317591763652641,0.0273364215917275,,565563.4,"CVM ITR 2011, ref 2011-09-30, receipt 2011-11-09; CVM DFP 2010 TTM bridge on accumulated periods; EBITDA = EBIT (3.05) + depreciation/amortisation add-back (6.01.01.x); net debt = 2.01.04 + 2.02.01 - (1.01.01 + 1.01.02); interest coverage = EBIT / CVM standardized financial expenses (3.06.02), a broader concept than interest alone; market snapshot: B3 COTAHIST 2012-01-02; CVM FRE document 8340, received 2011-05-19",2012-01-02,official_b3_isin_cnpj,B3/CVM point-in-time full-universe gate
LREN3.SA,2011-09-30,2011-10-27,Comércio (Atacado e Varejo),False,6239802315.0,18.298755161350865,5.839291172752106,14.9446658053839,0.028959411032238768,0.3191086563683512,0.3305478413580035,0.4664958213008472,16.76711111111111,0.14100367809681483,,51484716.3,"CVM ITR 2011, ref 2011-09-30, receipt 2011-10-27; CVM DFP 2010 TTM bridge on accumulated periods; EBITDA = EBIT (3.05) + depreciation/amortisation add-back (6.01.01.x); net debt = 2.01.04 + 2.02.01 - (1.01.01 + 1.01.02); interest coverage = EBIT / CVM standardized financial expenses (3.06.02), a broader concept than interest alone; market snapshot: B3 COTAHIST 2012-01-02; CVM FRE document 6632, received 2011-04-20",2012-01-02,official_b3_isin_cnpj,B3/CVM point-in-time full-universe gate
LUPA3.SA,2011-09-30,2011-11-09,"Máquinas, Equipamentos, Veículos e Peças",False,217685074.79999998,,3.1242475859693437,38.00519981852676,-0.4124903835621164,-2.476921752109765,0.0313472490675079,11.991429691094035,0.08808847358363064,0.03932566045570146,,5585359.633333334,"CVM ITR 2011, ref 2011-09-30, receipt 2011-11-09; CVM DFP 2010 TTM bridge on accumulated periods; EBITDA = EBIT (3.05) + depreciation/amortisation add-back (6.01.01.x); net debt = 2.01.04 + 2.02.01 - (1.01.01 + 1.01.02); interest coverage = EBIT / CVM standardized financial expenses (3.06.02), a broader concept than interest alone; market snapshot: B3 COTAHIST 2012-01-02; CVM FRE document 11619, received 2011-09-06",2012-01-02,official_b3_isin_cnpj,B3/CVM point-in-time full-universe gate
MAGG3.SA,2011-09-30,2011-11-09,Emp. Adm. Part. - Extração Mineral,False,1664297023.8,15.480536734598964,0.6231210109681924,5.81671331659799,0.31656248401926634,0.04025189963701442,0.11117051375840198,0.41884615746978077,1.3557497195989623,0.137218047556098,,2075970.5833333333,"CVM ITR 2011, ref 2011-09-30, receipt 2011-11-09; CVM DFP 2010 TTM bridge on accumulated periods; EBITDA = EBIT (3.05) + depreciation/amortisation add-back (6.01.01.x); net debt = 2.01.04 + 2.02.01 - (1.01.01 + 1.01.02); interest coverage = EBIT / CVM standardized financial expenses (3.06.02), a broader concept than interest alone; market snapshot: B3 COTAHIST 2012-01-02; CVM FRE document 5348, received 2011-03-18",2012-01-02,official_b3_isin_cnpj,B3/CVM point-in-time full-universe gate
MDIA3.SA,2011-09-30,2011-10-31,Alimentos,False,5277694000.0,14.709128103365625,2.664925965498367,13.507710963552617,0.01706180767585237,0.18117497833801582,0.1836045616999272,0.5252977043790737,8.117406576832245,0.14670592425399406,,3971900.733333333,"CVM ITR 2011, ref 2011-09-30, receipt 2011-10-31; CVM DFP 2010 TTM bridge on accumulated periods; EBITDA = EBIT (3.05) + depreciation/amortisation add-back (6.01.01.x); net debt = 2.01.04 + 2.02.01 - (1.01.01 + 1.01.02); interest coverage = EBIT / CVM standardized financial expenses (3.06.02), a broader concept than interest alone; market snapshot: B3 COTAHIST 2012-01-02; CVM FRE document 6569, received 2011-04-15",2012-01-02,official_b3_isin_cnpj,B3/CVM point-in-time full-universe gate
MGEL4.SA,2011-09-30,2011-11-11,Emp. Adm. Part. - Metalurgia e Siderurgia,False,56519893.56,,0.25475936445261793,8.325906257272138,2.63558528895432,-0.017786311841915477,0.07585023400936038,3.8607801756416364,0.22026055385491564,0.04487640988720902,,25521.176470588234,"CVM ITR 2011, ref 2011-09-30, receipt 2011-11-11; CVM DFP 2010 TTM bridge on accumulated periods; EBITDA = EBIT (3.05) + depreciation/amortisation add-back (6.01.01.x); net debt = 2.01.04 + 2.02.01 - (1.01.01 + 1.01.02); interest coverage = EBIT / CVM standardized financial expenses (3.06.02), a broader concept than interest alone; market snapshot: B3 COTAHIST 2012-01-02; CVM FRE document 3738, received 2010-12-09",2012-01-02,official_b3_isin_cnpj,B3/CVM point-in-time full-universe gate
MMXM3.SA,2011-09-30,2011-11-18,Extração Mineral,False,4132763594.1,783.3137972137984,1.4652914171841394,20.069284985901334,-0.25628976249987045,0.001870631440932224,0.06977287555632693,1.754308347027346,0.6854974047924434,0.23879193173585433,,33623987.416666664,"CVM ITR 2011, ref 2011-09-30, receipt 2011-11-18; CVM DFP 2010 TTM bridge on accumulated periods; EBITDA = EBIT (3.05) + depreciation/amortisation add-back (6.01.01.x); net debt = 2.01.04 + 2.02.01 - (1.01.01 + 1.01.02); interest coverage = EBIT / CVM standardized financial expenses (3.06.02), a broader concept than interest alone; market snapshot: B3 COTAHIST 2012-01-02; CVM FRE document 7178, received 2011-05-05",2012-01-02,official_b3_isin_cnpj,B3/CVM point-in-time full-universe gate
MNPR3.SA,2011-09-30,2011-11-11,Emp. Adm. Part. - Alimentos,False,38253600.0,,2.052562107635349,,-0.29027333375159464,-0.7610666952835757,-0.2715697806393033,999.0,-0.6003375758405183,-0.07931294259454573,,509837.6166666666,"CVM ITR 2011, ref 2011-09-30, receipt 2011-11-11; CVM DFP 2010 TTM bridge on accumulated periods; EBITDA = EBIT (3.05) + depreciation/amortisation add-back (6.01.01.x); net debt = 2.01.04 + 2.02.01 - (1.01.01 + 1.01.02); interest coverage = EBIT / CVM standardized financial expenses (3.06.02), a broader concept than interest alone; market snapshot: B3 COTAHIST 2012-01-02; CVM FRE document 3485, received 2010-11-11",2012-01-02,official_b3_isin_cnpj,B3/CVM point-in-time full-universe gate
MPLU3.SA,2011-09-30,2011-11-03,Comércio (Atacado e Varejo),False,5290443200.0,21.44927893484263,20.34042638266787,16.506289670694635,0.1213790557282611,0.9483035044887445,,-1.6196477550634365,13.1698522434594,0.27653151067560283,,8130625.05,"CVM ITR 2011, ref 2011-09-30, receipt 2011-11-03; CVM DFP 2010 TTM bridge on accumulated periods; EBITDA = EBIT (3.05) + depreciation/amortisation add-back (6.01.01.x); net debt = 2.01.04 + 2.02.01 - (1.01.01 + 1.01.02); interest coverage = EBIT / CVM standardized financial expenses (3.06.02), a broader concept than interest alone; market snapshot: B3 COTAHIST 2012-01-02; CVM FRE document 4189, received 2011-01-10",2012-01-02,official_b3_isin_cnpj,B3/CVM point-in-time full-universe gate
MRFG3.SA,2011-09-30,2011-11-11,Alimentos,False,3119385746.46,,0.5155910641151343,10.063706906698398,-0.998389507785082,-0.07390403754242067,0.07899784451630246,4.238146212811094,0.3630068170203739,0.052737605903370934,,38870087.31666667,"CVM ITR 2011, ref 2011-09-30, receipt 2011-11-11; CVM DFP 2010 TTM bridge on accumulated periods; EBITDA = EBIT (3.05) + depreciation/amortisation add-back (6.01.01.x); net debt = 2.01.04 + 2.02.01 - (1.01.01 + 1.01.02); interest coverage = EBIT / CVM standardized financial expenses (3.06.02), a broader concept than interest alone; market snapshot: B3 COTAHIST 2012-01-02; CVM FRE document 7275, received 2011-05-06",2012-01-02,official_b3_issuer_unique_prefix,B3/CVM point-in-time full-universe gate
MRSL4.SA,2011-09-30,2011-10-28,Emp. Adm. Part. - Têxtil e Vestuário,False,191427895.1,5.476096206768315,0.519343387068769,5.71248700993893,0.33777208889134364,0.09483825109333796,0.10044672390441985,0.760082629956587,2.5583603945836653,0.09709426433451306,,41603.59459459459,"CVM ITR 2011, ref 2011-09-30, receipt 2011-10-28; CVM DFP 2010 TTM bridge on accumulated periods; EBITDA = EBIT (3.05) + depreciation/amortisation add-back (6.01.01.x); net debt = 2.01.04 + 2.02.01 - (1.01.01 + 1.01.02); interest coverage = EBIT / CVM standardized financial expenses (3.06.02), a broader concept than interest alone; market snapshot: B3 COTAHIST 2012-01-02; CVM FRE document 6402, received 2011-04-07",2012-01-02,official_b3_isin_cnpj,B3/CVM point-in-time full-universe gate
MRVE3.SA,2011-09-30,2011-11-16,"Construção Civil, Mat. Constr. e Decoração",False,5494938522.6,7.366234682685334,1.5195679463535354,8.444644341150115,-0.08831818554548135,0.20628828863209425,0.1641511369268063,1.5349897732412925,6.476153790010623,0.2150829352166421,,53746674.61666667,"CVM ITR 2011, ref 2011-09-30, receipt 2011-11-16; CVM DFP 2010 TTM bridge on accumulated periods; EBITDA = EBIT (3.05) + depreciation/amortisation add-back (6.01.01.x); net debt = 2.01.04 + 2.02.01 - (1.01.01 + 1.01.02); interest coverage = EBIT / CVM standardized financial expenses (3.06.02), a broader concept than interest alone; market snapshot: B3 COTAHIST 2012-01-02; CVM FRE document 7276, received 2011-05-06",2012-01-02,official_b3_isin_cnpj,B3/CVM point-in-time full-universe gate
MTIG3.SA,2011-09-30,2011-11-11,Metalurgia e Siderurgia,False,135423600.0,,3.2969033011977795,,-0.019139943111835752,-0.19210731327295744,-0.20042613636363638,,-2.4508684863523573,-0.13210550250113687,,7374.454545454545,"CVM ITR 2011, ref 2011-09-30, receipt 2011-11-11; CVM DFP 2010 TTM bridge on accumulated periods; EBITDA = EBIT (3.05) + depreciation/amortisation add-back (6.01.01.x); net debt = 2.01.04 + 2.02.01 - (1.01.01 + 1.01.02); interest coverage = EBIT / CVM standardized financial expenses (3.06.02), a broader concept than interest alone; market snapshot: B3 COTAHIST 2012-01-02; CVM FRE document 7215, received 2011-05-05",2012-01-02,official_b3_isin_cnpj,B3/CVM point-in-time full-universe gate
MTIG4.SA,2011-09-30,2011-11-11,Metalurgia e Siderurgia,False,45835680.0,,1.1158749634823255,,-0.0565498319213329,-0.19210731327295744,-0.20042613636363638,,-2.4508684863523573,-0.13210550250113687,,161576.35,"CVM ITR 2011, ref 2011-09-30, receipt 2011-11-11; CVM DFP 2010 TTM bridge on accumulated periods; EBITDA = EBIT (3.05) + depreciation/amortisation add-back (6.01.01.x); net debt = 2.01.04 + 2.02.01 - (1.01.01 + 1.01.02); interest coverage = EBIT / CVM standardized financial expenses (3.06.02), a broader concept than interest alone; market snapshot: B3 COTAHIST 2012-01-02; CVM FRE document 7215, received 2011-05-05",2012-01-02,official_b3_isin_cnpj,B3/CVM point-in-time full-universe gate
MWET4.SA,2011-09-30,2011-11-01,Metalurgia e Siderurgia,False,6448411.279999999,,1.809826348582655,55.25977202566453,-0.9926476029612058,-1.7605950042099354,0.01900597529745832,5.692535419750476,0.08164945367459961,0.0046262137980748845,,64690.40425531915,"CVM ITR 2011, ref 2011-09-30, receipt 2011-11-01; CVM DFP 2010 TTM bridge on accumulated periods; EBITDA = EBIT (3.05) + depreciation/amortisation add-back (6.01.01.x); net debt = 2.01.04 + 2.02.01 - (1.01.01 + 1.01.02); interest coverage = EBIT / CVM standardized financial expenses (3.06.02), a broader concept than interest alone; market snapshot: B3 COTAHIST 2012-01-02; CVM FRE document 7277, received 2011-05-06",2012-01-02,official_b3_isin_cnpj,B3/CVM point-in-time full-universe gate
MYPK3.SA,2011-09-30,2011-11-09,"Máquinas, Equipamentos, Veículos e Peças",False,2437988660.4,11.900232150300925,2.5379324398825758,8.966103997365504,0.012420894523369785,0.21326747309029584,0.22209093306332947,1.3906458785633842,4.756808415848699,0.12089765669087715,,10255183.233333332,"CVM ITR 2011, ref 2011-09-30, receipt 2011-11-09; CVM DFP 2010 TTM bridge on accumulated periods; EBITDA = EBIT (3.05) + depreciation/amortisation add-back (6.01.01.x); net debt = 2.01.04 + 2.02.01 - (1.01.01 + 1.01.02); interest coverage = EBIT / CVM standardized financial expenses (3.06.02), a broader concept than interest alone; market snapshot: B3 COTAHIST 2012-01-02; CVM FRE document 8203, received 2011-05-17",2012-01-02,official_b3_isin_cnpj,B3/CVM point-in-time full-universe gate
NUTR3M.SA,2011-09-30,2011-10-28,"Agricultura (Açúcar, Álcool e Cana)",False,20295172.52,,4.224640407993339,,-0.08553758280641607,-1.6234388009991674,-0.2547582523720243,,-0.35254343894960294,-0.12042433194574996,,22218.8,"CVM ITR 2011, ref 2011-09-30, receipt 2011-10-28; CVM DFP 2010 TTM bridge on accumulated periods; EBITDA = EBIT (3.05) + depreciation/amortisation add-back (6.01.01.x); net debt = 2.01.04 + 2.02.01 - (1.01.01 + 1.01.02); interest coverage = EBIT / CVM standardized financial expenses (3.06.02), a broader concept than interest alone; market snapshot: B3 COTAHIST 2012-01-02; CVM FRE document 2857, received 2010-09-03",2012-01-02,official_b3_isin_cnpj,B3/CVM point-in-time full-universe gate
OGXP3.SA,2011-09-30,2011-11-10,Emp. Adm. Part. - Petróleo e Gás,False,44462012375.0,,4.861153160175072,,-0.07671892966135678,-0.023527091338311327,-0.056997546862456415,,-0.32011806169666546,,,235986152.86666667,"CVM ITR 2011, ref 2011-09-30, receipt 2011-11-10; CVM DFP 2010 TTM bridge on accumulated periods; EBITDA = EBIT (3.05) + depreciation/amortisation add-back (6.01.01.x); net debt = 2.01.04 + 2.02.01 - (1.01.01 + 1.01.02); interest coverage = EBIT / CVM standardized financial expenses (3.06.02), a broader concept than interest alone; market snapshot: B3 COTAHIST 2012-01-02; CVM FRE document 8575, received 2011-05-26",2012-01-02,official_b3_isin_cnpj,B3/CVM point-in-time full-universe gate
OSXB3.SA,2011-09-30,2011-10-27,Emp. Adm. Part. - Sem Setor Principal,False,35500170.0,,0.013632199638959641,,-8.814915534207302,-0.009370076351472521,-0.08110996382436404,999.0,-1.1416313374760438,-2.1555732222161303,,7849206.016666667,"CVM ITR 2011, ref 2011-09-30, receipt 2011-10-27; CVM DFP 2010 TTM bridge on accumulated periods; EBITDA = EBIT (3.05) + depreciation/amortisation add-back (6.01.01.x); net debt = 2.01.04 + 2.02.01 - (1.01.01 + 1.01.02); interest coverage = EBIT / CVM standardized financial expenses (3.06.02), a broader concept than interest alone; market snapshot: B3 COTAHIST 2012-01-02; CVM FRE document 3596, received 2010-11-23",2012-01-02,official_b3_isin_cnpj,B3/CVM point-in-time full-universe gate
PCAR4.SA,2011-09-30,2011-11-11,Comércio (Atacado e Varejo),False,10578470628.0,16.1547516466332,1.0685302280197413,8.813381731378382,-0.12958016789040896,0.06614340173050155,0.11807025907766358,2.635429189174131,1.0412497678031647,0.04458257669944821,,33682429.416666664,"CVM ITR 2011, ref 2011-09-30, receipt 2011-11-11; CVM DFP 2010 TTM bridge on accumulated periods; EBITDA = EBIT (3.05) + depreciation/amortisation add-back (6.01.01.x); net debt = 2.01.04 + 2.02.01 - (1.01.01 + 1.01.02); interest coverage = EBIT / CVM standardized financial expenses (3.06.02), a broader concept than interest alone; market snapshot: B3 COTAHIST 2012-01-02; CVM FRE document 8282, received 2011-05-18",2012-01-02,official_b3_isin_cnpj,B3/CVM point-in-time full-universe gate
PDGR3.SA,2011-09-30,2011-12-16,"Emp. Adm. Part. - Const. Civil, Mat. Const. e Decoração",False,6905103633.120001,7.407804665527353,1.0234010185421774,9.927839531376403,0.547790330308322,0.13815172844724607,0.10225845681394971,3.3682301575099243,3.5887164096376583,0.15393622616585162,,132601089.71666668,"CVM ITR 2011, ref 2011-09-30, receipt 2011-12-16; CVM DFP 2010 TTM bridge on accumulated periods; EBITDA = EBIT (3.05) + depreciation/amortisation add-back (6.01.01.x); net debt = 2.01.04 + 2.02.01 - (1.01.01 + 1.01.02); interest coverage = EBIT / CVM standardized financial expenses (3.06.02), a broader concept than interest alone; market snapshot: B3 COTAHIST 2012-01-02; CVM FRE document 6512, received 2011-04-13",2012-01-02,official_b3_isin_cnpj,B3/CVM point-in-time full-universe gate
PETR3.SA,2011-09-30,2011-11-11,Petróleo e Gás,False,172739360635.82,4.485000304059429,0.521561130197442,5.506276985205354,-0.09726054871431616,0.11629009918357658,0.11357408801505742,1.4347868012995522,7.371528914802219,0.20447196346026905,,125794251.25,"CVM ITR 2011, ref 2011-09-30, receipt 2011-11-11; CVM DFP 2010 TTM bridge on accumulated periods; EBITDA = EBIT (3.05) + depreciation/amortisation add-back (6.01.01.x); net debt = 2.01.04 + 2.02.01 - (1.01.01 + 1.01.02); interest coverage = EBIT / CVM standardized financial expenses (3.06.02), a broader concept than interest alone; market snapshot: B3 COTAHIST 2012-01-02; CVM FRE document 7246, received 2011-05-06",2012-01-02,official_b3_isin_cnpj,B3/CVM point-in-time full-universe gate
PETR4.SA,2011-09-30,2011-11-11,Petróleo e Gás,False,121732389783.24,3.1606566284725357,0.3675530728102999,4.444484047029,-0.13801359712000913,0.11629009918357658,0.11357408801505742,1.4347868012995522,7.371528914802219,0.20447196346026905,,446069198.85,"CVM ITR 2011, ref 2011-09-30, receipt 2011-11-11; CVM DFP 2010 TTM bridge on accumulated periods; EBITDA = EBIT (3.05) + depreciation/amortisation add-back (6.01.01.x); net debt = 2.01.04 + 2.02.01 - (1.01.01 + 1.01.02); interest coverage = EBIT / CVM standardized financial expenses (3.06.02), a broader concept than interest alone; market snapshot: B3 COTAHIST 2012-01-02; CVM FRE document 7246, received 2011-05-06",2012-01-02,official_b3_isin_cnpj,B3/CVM point-in-time full-universe gate
PINE4.SA,2011-09-30,2011-11-11,Bancos,True,515151853.37,3.680655130463983,0.5273737397896245,,,0.14328257364420444,,,,,,407174.7333333333,"CVM ITR 2011, ref 2011-09-30, receipt 2011-11-11; CVM DFP 2010 TTM bridge on accumulated periods; EBITDA = EBIT (3.05) + depreciation/amortisation add-back (6.01.01.x); net debt = 2.01.04 + 2.02.01 - (1.01.01 + 1.01.02); interest coverage = EBIT / CVM standardized financial expenses (3.06.02), a broader concept than interest alone; market snapshot: B3 COTAHIST 2012-01-02; CVM FRE document 5828, received 2011-03-29",2012-01-02,official_b3_isin_cnpj,B3/CVM point-in-time full-universe gate
PLAS3.SA,2011-09-30,2011-10-28,"Emp. Adm. Part. - Máqs., Equip., Veíc. e Peças",False,316217657.4,9.96903081336696,1.0472170400052987,6.414610828364835,0.08969454847400309,0.10504702609617168,0.1588806268962348,2.83201106479436,1.6484964240404858,0.1099293912024878,,592690.8833333333,"CVM ITR 2011, ref 2011-09-30, receipt 2011-10-28; CVM DFP 2010 TTM bridge on accumulated periods; EBITDA = EBIT (3.05) + depreciation/amortisation add-back (6.01.01.x); net debt = 2.01.04 + 2.02.01 - (1.01.01 + 1.01.02); interest coverage = EBIT / CVM standardized financial expenses (3.06.02), a broader concept than interest alone; market snapshot: B3 COTAHIST 2012-01-02; CVM FRE document 12145, received 2011-10-25",2012-01-02,official_b3_isin_cnpj,B3/CVM point-in-time full-universe gate
PNVL3.SA,2011-09-30,2011-11-14,Comércio (Atacado e Varejo),False,458540875.8,13.12328999742423,2.344686069153125,7.323969047307466,0.03272772568817953,0.1786660257918043,0.33088322850926094,-0.15912402313567928,3.6209204525262098,0.04672407177829989,,74579.75,"CVM ITR 2011, ref 2011-09-30, receipt 2011-11-14; CVM DFP 2010 TTM bridge on accumulated periods; EBITDA = EBIT (3.05) + depreciation/amortisation add-back (6.01.01.x); net debt = 2.01.04 + 2.02.01 - (1.01.01 + 1.01.02); interest coverage = EBIT / CVM standardized financial expenses (3.06.02), a broader concept than interest alone; market snapshot: B3 COTAHIST 2012-01-02; CVM FRE document 2389, received 2010-08-31",2012-01-02,official_b3_isin_cnpj,B3/CVM point-in-time full-universe gate
POSI3.SA,2011-09-30,2011-11-10,Comunicação e Informática,False,503972000.0,,0.8794877746152463,,0.3906943242878573,-0.17532969535573242,-0.13710470904721014,999.0,-1.4405808121426587,-0.047944368822752756,,1733180.4166666667,"CVM ITR 2011, ref 2011-09-30, receipt 2011-11-10; CVM DFP 2010 TTM bridge on accumulated periods; EBITDA = EBIT (3.05) + depreciation/amortisation add-back (6.01.01.x); net debt = 2.01.04 + 2.02.01 - (1.01.01 + 1.01.02); interest coverage = EBIT / CVM standardized financial expenses (3.06.02), a broader concept than interest alone; market snapshot: B3 COTAHIST 2012-01-02; CVM FRE document 7303, received 2011-05-06",2012-01-02,official_b3_isin_cnpj,B3/CVM point-in-time full-universe gate
PRBC4.SA,2011-09-30,2011-11-10,Bancos,True,330587838.0,0.9222292713953346,0.3018523955051009,,,0.3273073246183107,,,,,,214645.5862068965,"CVM ITR 2011, ref 2011-09-30, receipt 2011-11-10; CVM DFP 2010 TTM bridge on accumulated periods; EBITDA = EBIT (3.05) + depreciation/amortisation add-back (6.01.01.x); net debt = 2.01.04 + 2.02.01 - (1.01.01 + 1.01.02); interest coverage = EBIT / CVM standardized financial expenses (3.06.02), a broader concept than interest alone; market snapshot: B3 COTAHIST 2012-01-02; CVM FRE document 7382, received 2011-05-09",2012-01-02,official_b3_isin_cnpj,B3/CVM point-in-time full-universe gate
PSSA3.SA,2011-09-30,2011-11-01,Seguradoras e Corretoras,True,6962386762.5,12.250541078029958,1.482175343503049,,,0.12098856157146991,,,,,,7370201.183333334,"CVM ITR 2011, ref 2011-09-30, receipt 2011-11-01; CVM DFP 2010 TTM bridge on accumulated periods; EBITDA = EBIT (3.05) + depreciation/amortisation add-back (6.01.01.x); net debt = 2.01.04 + 2.02.01 - (1.01.01 + 1.01.02); interest coverage = EBIT / CVM standardized financial expenses (3.06.02), a broader concept than interest alone; market snapshot: B3 COTAHIST 2012-01-02; CVM FRE document 6368, received 2011-04-06",2012-01-02,official_b3_isin_cnpj,B3/CVM point-in-time full-universe gate
RAPT4.SA,2011-09-30,2011-11-08,"Máquinas, Equipamentos, Veículos e Peças",False,1400410416.7,3.4053360974127034,0.7551238561608676,3.246855172046211,0.1923236194105639,0.22174723274292765,0.2403700559454353,0.36918902685293536,3.043144551692057,0.11963599465142462,,7465484.633333334,"CVM ITR 2011, ref 2011-09-30, receipt 2011-11-08; CVM DFP 2010 TTM bridge on accumulated periods; EBITDA = EBIT (3.05) + depreciation/amortisation add-back (6.01.01.x); net debt = 2.01.04 + 2.02.01 - (1.01.01 + 1.01.02); interest coverage = EBIT / CVM standardized financial expenses (3.06.02), a broader concept than interest alone; market snapshot: B3 COTAHIST 2012-01-02; CVM FRE document 7787, received 2011-05-13",2012-01-02,official_b3_isin_cnpj,B3/CVM point-in-time full-universe gate
RCSL4.SA,2011-09-30,2011-11-11,"Máquinas, Equipamentos, Veículos e Peças",False,11872753.989999998,,,,-0.8882522124927816,,,999.0,-1.01250760010423,-0.8865987222391238,,78351.61666666667,"CVM ITR 2011, ref 2011-09-30, receipt 2011-11-11; CVM DFP 2010 TTM bridge on accumulated periods; EBITDA = EBIT (3.05) + depreciation/amortisation add-back (6.01.01.x); net debt = 2.01.04 + 2.02.01 - (1.01.01 + 1.01.02); interest coverage = EBIT / CVM standardized financial expenses (3.06.02), a broader concept than interest alone; market snapshot: B3 COTAHIST 2012-01-02; CVM FRE document 4486, received 2011-01-28",2012-01-02,official_b3_isin_cnpj,B3/CVM point-in-time full-universe gate
RDCD3.SA,2011-09-30,2011-10-26,Emp. Adm. Part. - Sem Setor Principal,False,19650744586.0,15.160272015121123,16.879182774437382,16.76178020299146,0.0020637385938491277,1.1133825803126611,0.3914078611425945,1.4633172255616382,3.471511313038073,0.4871508810733487,,79347718.71666667,"CVM ITR 2011, ref 2011-09-30, receipt 2011-10-26; CVM DFP 2010 TTM bridge on accumulated periods; EBITDA = EBIT (3.05) + depreciation/amortisation add-back (6.01.01.x); net debt = 2.01.04 + 2.02.01 - (1.01.01 + 1.01.02); interest coverage = EBIT / CVM standardized financial expenses (3.06.02), a broader concept than interest alone; market snapshot: B3 COTAHIST 2012-01-02; CVM FRE document 8486, received 2011-05-24",2012-01-02,official_b3_isin_cnpj,B3/CVM point-in-time full-universe gate
RDNI3.SA,2011-09-30,2011-11-14,"Construção Civil, Mat. Constr. e Decoração",False,561043560.0,8.517695390781563,0.7877501860406341,8.313432261279763,0.10543566349821394,0.09248395838306117,0.10403310294522532,3.246427972430097,1.0105938642422347,0.15651001007260615,,366440.701754386,"CVM ITR 2011, ref 2011-09-30, receipt 2011-11-14; CVM DFP 2010 TTM bridge on accumulated periods; EBITDA = EBIT (3.05) + depreciation/amortisation add-back (6.01.01.x); net debt = 2.01.04 + 2.02.01 - (1.01.01 + 1.01.02); interest coverage = EBIT / CVM standardized financial expenses (3.06.02), a broader concept than interest alone; market snapshot: B3 COTAHIST 2012-01-02; CVM FRE document 7120, received 2011-05-04",2012-01-02,official_b3_isin_cnpj,B3/CVM point-in-time full-universe gate
RENT3.SA,2011-09-30,2011-10-24,Serviços Transporte e Logística,False,5423928120.0,19.06966680378445,5.019994280240452,11.622861171281432,-0.022444434606555957,0.26324499173966764,0.23760047598208822,1.7420789383331217,2.60273674389675,0.20429836418190264,,24011274.2,"CVM ITR 2011, ref 2011-09-30, receipt 2011-10-24; CVM DFP 2010 TTM bridge on accumulated periods; EBITDA = EBIT (3.05) + depreciation/amortisation add-back (6.01.01.x); net debt = 2.01.04 + 2.02.01 - (1.01.01 + 1.01.02); interest coverage = EBIT / CVM standardized financial expenses (3.06.02), a broader concept than interest alone; market snapshot: B3 COTAHIST 2012-01-02; CVM FRE document 7155, received 2011-05-04",2012-01-02,official_b3_isin_cnpj,B3/CVM point-in-time full-universe gate
RHDS3.SA,2011-09-30,2011-11-11,Emp. Adm. Part. - Petroquímicos e Borracha,False,722246442.93,,3.273623430284735,17.98779991400828,-0.15454974004048988,-0.09751797158993047,0.09002373009425366,4.769317924314525,0.6954788248760015,0.044876616078869204,,18336.964285714286,"CVM ITR 2011, ref 2011-09-30, receipt 2011-11-11; CVM DFP 2010 TTM bridge on accumulated periods; EBITDA = EBIT (3.05) + depreciation/amortisation add-back (6.01.01.x); net debt = 2.01.04 + 2.02.01 - (1.01.01 + 1.01.02); interest coverage = EBIT / CVM standardized financial expenses (3.06.02), a broader concept than interest alone; market snapshot: B3 COTAHIST 2012-01-02; CVM FRE document 1631, received 2010-07-14",2012-01-02,official_b3_isin_cnpj,B3/CVM point-in-time full-universe gate
ROMI3.SA,2011-09-30,2011-10-25,"Máquinas, Equipamentos, Veículos e Peças",False,500875564.90000004,12.775156602137374,0.7178284449635622,44.95610182649949,-0.06865777133062136,0.056189404742284295,0.019369312602721026,14.257480274176004,2.169533892074695,0.04402828194213809,,252663.86440677967,"CVM ITR 2011, ref 2011-09-30, receipt 2011-10-25; CVM DFP 2010 TTM bridge on accumulated periods; EBITDA = EBIT (3.05) + depreciation/amortisation add-back (6.01.01.x); net debt = 2.01.04 + 2.02.01 - (1.01.01 + 1.01.02); interest coverage = EBIT / CVM standardized financial expenses (3.06.02), a broader concept than interest alone; market snapshot: B3 COTAHIST 2012-01-02; CVM FRE document 6234, received 2011-04-01",2012-01-02,official_b3_isin_cnpj,B3/CVM point-in-time full-universe gate
RPMG3.SA,2011-09-30,2011-11-15,Petróleo e Gás,False,145582946.46,,,,0.17398329004805058,,,4.47487287855775,-0.01032628945547453,-0.00018239691166301324,,12748056.1,"CVM ITR 2011, ref 2011-09-30, receipt 2011-11-15; CVM DFP 2010 TTM bridge on accumulated periods; EBITDA = EBIT (3.05) + depreciation/amortisation add-back (6.01.01.x); net debt = 2.01.04 + 2.02.01 - (1.01.01 + 1.01.02); interest coverage = EBIT / CVM standardized financial expenses (3.06.02), a broader concept than interest alone; market snapshot: B3 COTAHIST 2012-01-02; CVM FRE document 4275, received 2011-01-14",2012-01-02,official_b3_isin_cnpj,B3/CVM point-in-time full-universe gate
RPMG4.SA,2011-09-30,2011-11-15,Petróleo e Gás,False,18877135.55,,,,1.3417819633127548,,,4.47487287855775,-0.01032628945547453,-0.00018239691166301324,,3424239.5166666666,"CVM ITR 2011, ref 2011-09-30, receipt 2011-11-15; CVM DFP 2010 TTM bridge on accumulated periods; EBITDA = EBIT (3.05) + depreciation/amortisation add-back (6.01.01.x); net debt = 2.01.04 + 2.02.01 - (1.01.01 + 1.01.02); interest coverage = EBIT / CVM standardized financial expenses (3.06.02), a broader concept than interest alone; market snapshot: B3 COTAHIST 2012-01-02; CVM FRE document 4275, received 2011-01-14",2012-01-02,official_b3_isin_cnpj,B3/CVM point-in-time full-universe gate
RSIP4.SA,2011-09-30,2011-11-10,"Agricultura (Açúcar, Álcool e Cana)",False,44227889.86000001,17.51599598415842,0.7057266612414235,16.075119293776204,-0.08591863667990059,0.04029041008456997,0.05249703741323853,5.78234129052434,1.284856018230785,0.07606362755558826,,7774.659574468085,"CVM ITR 2011, ref 2011-09-30, receipt 2011-11-10; CVM DFP 2010 TTM bridge on accumulated periods; EBITDA = EBIT (3.05) + depreciation/amortisation add-back (6.01.01.x); net debt = 2.01.04 + 2.02.01 - (1.01.01 + 1.01.02); interest coverage = EBIT / CVM standardized financial expenses (3.06.02), a broader concept than interest alone; market snapshot: B3 COTAHIST 2012-01-02; CVM FRE document 6321, received 2011-04-05",2012-01-02,official_b3_isin_cnpj,B3/CVM point-in-time full-universe gate
SANB3.SA,2011-09-30,2011-10-27,Bancos,True,31926259763.1,4.054279068808528,0.41466662817508615,,,0.10227875810654258,,,,,,169185.15,"CVM ITR 2011, ref 2011-09-30, receipt 2011-10-27; CVM DFP 2010 TTM bridge on accumulated periods; EBITDA = EBIT (3.05) + depreciation/amortisation add-back (6.01.01.x); net debt = 2.01.04 + 2.02.01 - (1.01.01 + 1.01.02); interest coverage = EBIT / CVM standardized financial expenses (3.06.02), a broader concept than interest alone; market snapshot: B3 COTAHIST 2012-01-02; CVM FRE document 7298, received 2011-05-06",2012-01-02,official_b3_isin_cnpj,B3/CVM point-in-time full-universe gate
SANB4.SA,2011-09-30,2011-10-27,Bancos,True,27930357772.649998,3.5468440632330824,0.3627668059850431,,,0.10227875810654258,,,,,,241745.9333333333,"CVM ITR 2011, ref 2011-09-30, receipt 2011-10-27; CVM DFP 2010 TTM bridge on accumulated periods; EBITDA = EBIT (3.05) + depreciation/amortisation add-back (6.01.01.x); net debt = 2.01.04 + 2.02.01 - (1.01.01 + 1.01.02); interest coverage = EBIT / CVM standardized financial expenses (3.06.02), a broader concept than interest alone; market snapshot: B3 COTAHIST 2012-01-02; CVM FRE document 7298, received 2011-05-06",2012-01-02,official_b3_isin_cnpj,B3/CVM point-in-time full-universe gate
SAPR4.SA,2011-09-30,2011-11-09,"Saneamento, Serv. Água e Gás",False,564073716.48,2.5947188570009154,0.24205120880196018,3.3148352516936495,0.2837253276020609,0.09328610232622007,0.13364071284885687,1.4679192704377477,2.7725265451119703,0.25555382689427103,,415753.3275862069,"CVM ITR 2011, ref 2011-09-30, receipt 2011-11-09; CVM DFP 2010 TTM bridge on accumulated periods; EBITDA = EBIT (3.05) + depreciation/amortisation add-back (6.01.01.x); net debt = 2.01.04 + 2.02.01 - (1.01.01 + 1.01.02); interest coverage = EBIT / CVM standardized financial expenses (3.06.02), a broader concept than interest alone; market snapshot: B3 COTAHIST 2012-01-02; CVM FRE document 7260, received 2011-05-06",2012-01-02,official_b3_isin_cnpj,B3/CVM point-in-time full-universe gate
SBSP3.SA,2011-09-30,2011-11-10,"Saneamento, Serv. Água e Gás",False,11487522531.66,8.800406431780226,1.1106090516524283,7.330401119479215,0.06471317013317546,0.1261997454619564,0.1457340713392891,2.04571788384962,2.3304621892855164,0.25242933455856353,,11278619.266666668,"CVM ITR 2011, ref 2011-09-30, receipt 2011-11-10; CVM DFP 2010 TTM bridge on accumulated periods; EBITDA = EBIT (3.05) + depreciation/amortisation add-back (6.01.01.x); net debt = 2.01.04 + 2.02.01 - (1.01.01 + 1.01.02); interest coverage = EBIT / CVM standardized financial expenses (3.06.02), a broader concept than interest alone; market snapshot: B3 COTAHIST 2012-01-02; CVM FRE document 8357, received 2011-05-19",2012-01-02,official_b3_isin_cnpj,B3/CVM point-in-time full-universe gate
SCAR3.SA,2011-09-30,2011-11-08,Emp. Adm. Part. - Sem Setor Principal,False,1438710000.0,29.17802385008518,2.0281774724012176,14.176035199718871,-0.010015917036789902,0.06951044672599706,0.11316802873940333,3.0895403776068346,1.3146740071993686,0.6478282727678021,,370555.2166666667,"CVM ITR 2011, ref 2011-09-30, receipt 2011-11-08; CVM DFP 2010 TTM bridge on accumulated periods; EBITDA = EBIT (3.05) + depreciation/amortisation add-back (6.01.01.x); net debt = 2.01.04 + 2.02.01 - (1.01.01 + 1.01.02); interest coverage = EBIT / CVM standardized financial expenses (3.06.02), a broader concept than interest alone; market snapshot: B3 COTAHIST 2012-01-02; CVM FRE document 7952, received 2011-05-13",2012-01-02,official_b3_isin_cnpj,B3/CVM point-in-time full-universe gate
SFSA4.SA,2011-09-30,2011-11-08,Bancos,True,157150138.77,4.200752172413793,0.2070704839765931,,,0.049293668247419695,,,,,,68552.9649122807,"CVM ITR 2011, ref 2011-09-30, receipt 2011-11-08; CVM DFP 2010 TTM bridge on accumulated periods; EBITDA = EBIT (3.05) + depreciation/amortisation add-back (6.01.01.x); net debt = 2.01.04 + 2.02.01 - (1.01.01 + 1.01.02); interest coverage = EBIT / CVM standardized financial expenses (3.06.02), a broader concept than interest alone; market snapshot: B3 COTAHIST 2012-01-02; CVM FRE document 8010, received 2011-05-16",2012-01-02,official_b3_isin_cnpj,B3/CVM point-in-time full-universe gate
SLCE3.SA,2011-09-30,2011-11-09,"Agricultura (Açúcar, Álcool e Cana)",False,1561591525.0,11.297052195616002,0.8107025807021004,8.74252826269071,-0.03658831332348579,0.07176231167779382,0.097226610063514,1.5672040339808238,1.8380576876715737,0.24433369411613898,,1989835.8333333333,"CVM ITR 2011, ref 2011-09-30, receipt 2011-11-09; CVM DFP 2010 TTM bridge on accumulated periods; EBITDA = EBIT (3.05) + depreciation/amortisation add-back (6.01.01.x); net debt = 2.01.04 + 2.02.01 - (1.01.01 + 1.01.02); interest coverage = EBIT / CVM standardized financial expenses (3.06.02), a broader concept than interest alone; market snapshot: B3 COTAHIST 2012-01-02; CVM FRE document 5096, received 2011-03-02",2012-01-02,official_b3_isin_cnpj,B3/CVM point-in-time full-universe gate
SLED4.SA,2011-09-30,2011-11-10,Comércio (Atacado e Varejo),False,392568128.90000004,6.063109161814448,0.9029931129109057,5.154681319807434,-0.0968265052654915,0.14893235282616546,0.18296264023233008,1.8135350619854262,2.7010434505555776,0.07622803275915457,,1434618.55,"CVM ITR 2011, ref 2011-09-30, receipt 2011-11-10; CVM DFP 2010 TTM bridge on accumulated periods; EBITDA = EBIT (3.05) + depreciation/amortisation add-back (6.01.01.x); net debt = 2.01.04 + 2.02.01 - (1.01.01 + 1.01.02); interest coverage = EBIT / CVM standardized financial expenses (3.06.02), a broader concept than interest alone; market snapshot: B3 COTAHIST 2012-01-02; CVM FRE document 7103, received 2011-05-04",2012-01-02,official_b3_isin_cnpj,B3/CVM point-in-time full-universe gate
SPRI3.SA,2011-09-30,2011-11-17,"Máquinas, Equipamentos, Veículos e Peças",False,5383663.109999999,,0.047700868397969214,,-0.6982234815209305,-0.03987134844900454,-0.021262255885231958,4.121498599439776,-0.7515598411798071,-0.03097639949035056,,103620.36666666668,"CVM ITR 2011, ref 2011-09-30, receipt 2011-11-17; CVM DFP 2010 TTM bridge on accumulated periods; EBITDA = EBIT (3.05) + depreciation/amortisation add-back (6.01.01.x); net debt = 2.01.04 + 2.02.01 - (1.01.01 + 1.01.02); interest coverage = EBIT / CVM standardized financial expenses (3.06.02), a broader concept than interest alone; market snapshot: B3 COTAHIST 2012-01-02; CVM FRE document 8970, received 2011-05-31",2012-01-02,official_b3_isin_cnpj,B3/CVM point-in-time full-universe gate
SPRI5.SA,2011-09-30,2011-11-17,"Máquinas, Equipamentos, Veículos e Peças",False,1383298.56,,0.012256439754392494,,-2.717417706268703,-0.03987134844900454,-0.021262255885231958,4.121498599439776,-0.7515598411798071,-0.03097639949035056,,3913.25,"CVM ITR 2011, ref 2011-09-30, receipt 2011-11-17; CVM DFP 2010 TTM bridge on accumulated periods; EBITDA = EBIT (3.05) + depreciation/amortisation add-back (6.01.01.x); net debt = 2.01.04 + 2.02.01 - (1.01.01 + 1.01.02); interest coverage = EBIT / CVM standardized financial expenses (3.06.02), a broader concept than interest alone; market snapshot: B3 COTAHIST 2012-01-02; CVM FRE document 8970, received 2011-05-31",2012-01-02,official_b3_isin_cnpj,B3/CVM point-in-time full-universe gate
TBLE3.SA,2011-09-30,2011-11-04,Energia Elétrica,False,19582265760.0,14.279522311177356,3.7268269778111973,9.46526424402505,0.06611175723314257,0.26099101192579865,0.29750482765683356,0.9281804866315264,4.3700535993878615,0.5410728284995296,,13874646.05,"CVM ITR 2011, ref 2011-09-30, receipt 2011-11-04; CVM DFP 2010 TTM bridge on accumulated periods; EBITDA = EBIT (3.05) + depreciation/amortisation add-back (6.01.01.x); net debt = 2.01.04 + 2.02.01 - (1.01.01 + 1.01.02); interest coverage = EBIT / CVM standardized financial expenses (3.06.02), a broader concept than interest alone; market snapshot: B3 COTAHIST 2012-01-02; CVM FRE document 7280, received 2011-05-06",2012-01-02,unique_cotahist_prefix,B3/CVM point-in-time full-universe gate
TCSA3.SA,2011-09-30,2011-11-10,"Construção Civil, Mat. Constr. e Decoração",False,1871179418.8999999,7.736462154094226,1.0971384020254362,11.472772537130643,-0.14827493141363346,0.14181396873308788,0.09250931531680963,3.702947719274751,5.079611295208278,0.13589845674882764,,5596915.65,"CVM ITR 2011, ref 2011-09-30, receipt 2011-11-10; CVM DFP 2010 TTM bridge on accumulated periods; EBITDA = EBIT (3.05) + depreciation/amortisation add-back (6.01.01.x); net debt = 2.01.04 + 2.02.01 - (1.01.01 + 1.01.02); interest coverage = EBIT / CVM standardized financial expenses (3.06.02), a broader concept than interest alone; market snapshot: B3 COTAHIST 2012-01-02; CVM FRE document 7101, received 2011-05-04",2012-01-02,official_b3_isin_cnpj,B3/CVM point-in-time full-universe gate
TEKA3.SA,2011-09-30,2011-11-14,Têxtil e Vestuário,False,18156954.96,,,,0.13036326879779844,,,999.0,-0.2611413748378729,-0.147440802891111,,16941.422222222223,"CVM ITR 2011, ref 2011-09-30, receipt 2011-11-14; CVM DFP 2010 TTM bridge on accumulated periods; EBITDA = EBIT (3.05) + depreciation/amortisation add-back (6.01.01.x); net debt = 2.01.04 + 2.02.01 - (1.01.01 + 1.01.02); interest coverage = EBIT / CVM standardized financial expenses (3.06.02), a broader concept than interest alone; market snapshot: B3 COTAHIST 2012-01-02; CVM FRE document 13187, received 2011-12-01",2012-01-02,official_b3_isin_cnpj,B3/CVM point-in-time full-universe gate
TEKA4.SA,2011-09-30,2011-11-14,Têxtil e Vestuário,False,37336835.5,,,,0.06339583867518714,,,999.0,-0.2611413748378729,-0.147440802891111,,129719.22033898304,"CVM ITR 2011, ref 2011-09-30, receipt 2011-11-14; CVM DFP 2010 TTM bridge on accumulated periods; EBITDA = EBIT (3.05) + depreciation/amortisation add-back (6.01.01.x); net debt = 2.01.04 + 2.02.01 - (1.01.01 + 1.01.02); interest coverage = EBIT / CVM standardized financial expenses (3.06.02), a broader concept than interest alone; market snapshot: B3 COTAHIST 2012-01-02; CVM FRE document 13187, received 2011-12-01",2012-01-02,official_b3_isin_cnpj,B3/CVM point-in-time full-universe gate
TGMA3.SA,2011-09-30,2011-11-08,Serviços Transporte e Logística,False,1676474041.0,16.727438222763237,4.064583488298231,10.954980386052304,-0.04838130386535463,0.24298900011879968,0.2832936994626546,0.9742754634655748,2.5891013064440083,0.12178869908241391,,1524118.85,"CVM ITR 2011, ref 2011-09-30, receipt 2011-11-08; CVM DFP 2010 TTM bridge on accumulated periods; EBITDA = EBIT (3.05) + depreciation/amortisation add-back (6.01.01.x); net debt = 2.01.04 + 2.02.01 - (1.01.01 + 1.01.02); interest coverage = EBIT / CVM standardized financial expenses (3.06.02), a broader concept than interest alone; market snapshot: B3 COTAHIST 2012-01-02; CVM FRE document 6507, received 2011-04-13",2012-01-02,official_b3_isin_cnpj,B3/CVM point-in-time full-universe gate
TIBR5.SA,2011-09-30,2011-11-16,Petroquímicos e Borracha,False,157980648.0,87.62099168053244,0.43677984152349775,18.680849668474984,-0.06427369509207229,0.004984876718994509,0.02312704400411519,-0.05944819177597294,1.7888721155919776,0.023849433737676354,,144465.11627906977,"CVM ITR 2011, ref 2011-09-30, receipt 2011-11-16; CVM DFP 2010 TTM bridge on accumulated periods; EBITDA = EBIT (3.05) + depreciation/amortisation add-back (6.01.01.x); net debt = 2.01.04 + 2.02.01 - (1.01.01 + 1.01.02); interest coverage = EBIT / CVM standardized financial expenses (3.06.02), a broader concept than interest alone; market snapshot: B3 COTAHIST 2012-01-02; CVM FRE document 13236, received 2011-12-08",2012-01-02,unique_cotahist_prefix,B3/CVM point-in-time full-universe gate
TPIS3.SA,2011-09-30,2011-11-10,Emp. Adm. Part. - Serviços Transporte e Logística,False,1372400000.0,,1.012749396180273,21.000633362362443,-0.11426333430486739,-0.002785724985849993,0.04800847588482489,3.001894022816368,0.8908872901678657,0.15964584936274687,,1041387.724137931,"CVM ITR 2011, ref 2011-09-30, receipt 2011-11-10; CVM DFP 2010 TTM bridge on accumulated periods; EBITDA = EBIT (3.05) + depreciation/amortisation add-back (6.01.01.x); net debt = 2.01.04 + 2.02.01 - (1.01.01 + 1.01.02); interest coverage = EBIT / CVM standardized financial expenses (3.06.02), a broader concept than interest alone; market snapshot: B3 COTAHIST 2012-01-02; CVM FRE document 8019, received 2011-05-16",2012-01-02,official_b3_isin_cnpj,B3/CVM point-in-time full-universe gate
TRIS3.SA,2011-09-30,2011-11-14,"Emp. Adm. Part. - Const. Civil, Mat. Const. e Decoração",False,218402713.23,,0.4686441743789576,2304.088123874459,-1.1738590432711906,-0.1271396108842545,0.0003521027469349151,105.90637126048317,0.006511719685971614,0.0005922765598218555,,254267.8,"CVM ITR 2011, ref 2011-09-30, receipt 2011-11-14; CVM DFP 2010 TTM bridge on accumulated periods; EBITDA = EBIT (3.05) + depreciation/amortisation add-back (6.01.01.x); net debt = 2.01.04 + 2.02.01 - (1.01.01 + 1.01.02); interest coverage = EBIT / CVM standardized financial expenses (3.06.02), a broader concept than interest alone; market snapshot: B3 COTAHIST 2012-01-02; CVM FRE document 2806, received 2010-09-01",2012-01-02,official_b3_isin_cnpj,B3/CVM point-in-time full-universe gate
UGPA3.SA,2011-09-30,2011-11-09,Emp. Adm. Part. - Petróleo e Gás,False,6329004011.879999,7.203764316610305,1.1500012014007146,6.626622252789655,0.041838810577929,0.1596389263803458,0.16548959966455024,1.5296627487457015,2.320166023318103,0.02997805441142888,,22660940.58333333,"CVM ITR 2011, ref 2011-09-30, receipt 2011-11-09; CVM DFP 2010 TTM bridge on accumulated periods; EBITDA = EBIT (3.05) + depreciation/amortisation add-back (6.01.01.x); net debt = 2.01.04 + 2.02.01 - (1.01.01 + 1.01.02); interest coverage = EBIT / CVM standardized financial expenses (3.06.02), a broader concept than interest alone; market snapshot: B3 COTAHIST 2012-01-02; CVM FRE document 8408, received 2011-05-20",2012-01-02,official_b3_isin_cnpj,B3/CVM point-in-time full-universe gate
UOLL4.SA,2011-09-30,2011-11-10,Telecomunicações,False,1165283407.0,23.30333780621938,1.1620158185183265,12.756909494956993,-0.07946307262573078,0.04986478023797083,0.08889381950693637,0.8495569122499778,1.6681319361679074,0.09390386818797677,,1644487.9152542374,"CVM ITR 2011, ref 2011-09-30, receipt 2011-11-10; CVM DFP 2010 TTM bridge on accumulated periods; EBITDA = EBIT (3.05) + depreciation/amortisation add-back (6.01.01.x); net debt = 2.01.04 + 2.02.01 - (1.01.01 + 1.01.02); interest coverage = EBIT / CVM standardized financial expenses (3.06.02), a broader concept than interest alone; market snapshot: B3 COTAHIST 2012-01-02; CVM FRE document 8452, received 2011-05-23",2012-01-02,exact_normalised_name,B3/CVM point-in-time full-universe gate
USIM3.SA,2011-09-30,2011-11-08,Metalurgia e Siderurgia,False,8397432568.080001,13.845063579944242,0.440016323732211,11.5219263824279,-0.12019447513477007,0.03178145923212749,0.04485161770373206,1.636715987288863,999.0,0.08144141558253787,,10624138.083333334,"CVM ITR 2011, ref 2011-09-30, receipt 2011-11-08; CVM DFP 2010 TTM bridge on accumulated periods; EBITDA = EBIT (3.05) + depreciation/amortisation add-back (6.01.01.x); net debt = 2.01.04 + 2.02.01 - (1.01.01 + 1.01.02); interest coverage = EBIT / CVM standardized financial expenses (3.06.02), a broader concept than interest alone; market snapshot: B3 COTAHIST 2012-01-02; CVM FRE document 7172, received 2011-05-05",2012-01-02,official_b3_isin_cnpj,B3/CVM point-in-time full-universe gate
USIM5.SA,2011-09-30,2011-11-08,Metalurgia e Siderurgia,False,5353859847.96,8.827046766040866,0.2805364269350106,8.453610765170332,-0.18852286549573885,0.03178145923212749,0.04485161770373206,1.636715987288863,999.0,0.08144141558253787,,64434528.81666667,"CVM ITR 2011, ref 2011-09-30, receipt 2011-11-08; CVM DFP 2010 TTM bridge on accumulated periods; EBITDA = EBIT (3.05) + depreciation/amortisation add-back (6.01.01.x); net debt = 2.01.04 + 2.02.01 - (1.01.01 + 1.01.02); interest coverage = EBIT / CVM standardized financial expenses (3.06.02), a broader concept than interest alone; market snapshot: B3 COTAHIST 2012-01-02; CVM FRE document 7172, received 2011-05-05",2012-01-02,official_b3_isin_cnpj,B3/CVM point-in-time full-universe gate
VALE3.SA,2011-09-30,2011-11-07,Extração Mineral,False,133200031313.79999,3.377149076675743,0.9142912886730881,3.019473760181398,0.13130480396657382,0.2707287324055768,0.3078108754928721,0.5115887784728406,6.232857382047813,0.5310671698843852,,175759088.0,"CVM ITR 2011, ref 2011-09-30, receipt 2011-11-07; CVM DFP 2010 TTM bridge on accumulated periods; EBITDA = EBIT (3.05) + depreciation/amortisation add-back (6.01.01.x); net debt = 2.01.04 + 2.02.01 - (1.01.01 + 1.01.02); interest coverage = EBIT / CVM standardized financial expenses (3.06.02), a broader concept than interest alone; market snapshot: B3 COTAHIST 2012-01-02; CVM FRE document 8573, received 2011-05-26",2012-01-02,official_b3_isin_cnpj,B3/CVM point-in-time full-universe gate
VIVR3.SA,2011-09-30,2011-11-14,"Construção Civil, Mat. Constr. e Decoração",False,570618904.0,22.236814777288494,0.5064694797010634,22.673862258046828,-0.991271049793331,0.022776170273196884,0.03300733828223202,14.660270635994587,0.7387214047737193,0.08741144779853716,,915292.2166666668,"CVM ITR 2011, ref 2011-09-30, receipt 2011-11-14; CVM DFP 2010 TTM bridge on accumulated periods; EBITDA = EBIT (3.05) + depreciation/amortisation add-back (6.01.01.x); net debt = 2.01.04 + 2.02.01 - (1.01.01 + 1.01.02); interest coverage = EBIT / CVM standardized financial expenses (3.06.02), a broader concept than interest alone; market snapshot: B3 COTAHIST 2012-01-02; CVM FRE document 8447, received 2011-05-23",2012-01-02,official_b3_isin_cnpj,B3/CVM point-in-time full-universe gate
VIVT3.SA,2011-09-30,2011-11-10,Telecomunicações,False,8012191030.2,2.277506670104259,0.18855916159633787,2.106340039237746,0.7171115838780217,0.08279192507818477,0.10594216610662244,0.22293010291206153,4.915969329720145,0.19222233945715286,,765446.3898305085,"CVM ITR 2011, ref 2011-09-30, receipt 2011-11-10; CVM DFP 2010 TTM bridge on accumulated periods; EBITDA = EBIT (3.05) + depreciation/amortisation add-back (6.01.01.x); net debt = 2.01.04 + 2.02.01 - (1.01.01 + 1.01.02); interest coverage = EBIT / CVM standardized financial expenses (3.06.02), a broader concept than interest alone; market snapshot: B3 COTAHIST 2012-01-02; CVM FRE document 5504, received 2011-03-24",2012-01-02,official_b3_isin_cnpj,B3/CVM point-in-time full-universe gate
VLID3.SA,2011-09-30,2011-11-09,Comunicação e Informática,False,1229305000.0,10.691282113722147,2.5307411852623476,7.969978641178055,0.06812467207080423,0.23671072920376574,0.3018728432994564,0.23399510588541694,2.960264777868427,0.18803190299078762,,2249162.8,"CVM ITR 2011, ref 2011-09-30, receipt 2011-11-09; CVM DFP 2010 TTM bridge on accumulated periods; EBITDA = EBIT (3.05) + depreciation/amortisation add-back (6.01.01.x); net debt = 2.01.04 + 2.02.01 - (1.01.01 + 1.01.02); interest coverage = EBIT / CVM standardized financial expenses (3.06.02), a broader concept than interest alone; market snapshot: B3 COTAHIST 2012-01-02; CVM FRE document 8410, received 2011-05-20",2012-01-02,official_b3_isin_cnpj,B3/CVM point-in-time full-universe gate
WEGE3.SA,2011-09-30,2011-10-26,"Emp. Adm. Part. - Máqs., Equip., Veíc. e Peças",False,11586087841.14,19.63607247825151,3.122884223203937,18.225553702064897,0.009419486671979331,0.15903812876341622,0.16532024836427237,0.24262862964849718,1.864693994632041,0.12990052591867068,,5239209.3,"CVM ITR 2011, ref 2011-09-30, receipt 2011-10-26; CVM DFP 2010 TTM bridge on accumulated periods; EBITDA = EBIT (3.05) + depreciation/amortisation add-back (6.01.01.x); net debt = 2.01.04 + 2.02.01 - (1.01.01 + 1.01.02); interest coverage = EBIT / CVM standardized financial expenses (3.06.02), a broader concept than interest alone; market snapshot: B3 COTAHIST 2012-01-02; CVM FRE document 8497, received 2011-05-25",2012-01-02,official_b3_isin_cnpj,B3/CVM point-in-time full-universe gate
WHRL4.SA,2011-09-30,2011-11-03,"Máquinas, Equipamentos, Veículos e Peças",False,1588185131.9,5.246313909369591,0.907251298680526,5.626320724054778,0.48090741101843454,0.17293118832638502,0.15770914776627057,-0.7916234141452364,0.5311456251679931,0.030872181793308483,,28344.41176470588,"CVM ITR 2011, ref 2011-09-30, receipt 2011-11-03; CVM DFP 2010 TTM bridge on accumulated periods; EBITDA = EBIT (3.05) + depreciation/amortisation add-back (6.01.01.x); net debt = 2.01.04 + 2.02.01 - (1.01.01 + 1.01.02); interest coverage = EBIT / CVM standardized financial expenses (3.06.02), a broader concept than interest alone; market snapshot: B3 COTAHIST 2012-01-02; CVM FRE document 9448, received 2011-06-01",2012-01-02,official_b3_isin_cnpj,B3/CVM point-in-time full-universe gate
