ticker,as_of_date,available_date,sector,is_financial,market_cap_brl,price_to_earnings,price_to_book,ev_to_ebit,free_cash_flow_yield,roe,roic,debt_to_ebitda,interest_coverage,operating_margin,revenue_growth_3y,average_daily_value_brl,source,decision_date,mapping_method,snapshot_vintage
PETR4.SA,2021-09-30,2021-10-28,Petróleo e Gás,False,162963424702.92,1.1983221541029319,0.4337721485135844,1.9392041963215767,1.2000606906519915,0.36198291672101124,0.3443854726358837,,,0.5605566145634769,,2236805642.833333,"CVM ITR 2021, ref 2021-09-30, receipt 2021-10-28; CVM DFP 2020 TTM bridge; market snapshot: B3 COTAHIST 2022-01-03; CVM FRE document 104904, received 2021-05-27",2022-01-03,official_b3_isin_cnpj,B3/CVM point-in-time full-universe gate
VALE3.SA,2021-09-30,2021-10-28,Extração Mineral,False,412189032060.0,4.342895815466395,2.2224294750904074,3.591005202130945,0.28503626700794366,0.5117390721590992,0.5936702348138408,,,0.39330933064521645,,1958305420.0666664,"CVM ITR 2021, ref 2021-09-30, receipt 2021-10-28; CVM DFP 2020 TTM bridge; market snapshot: B3 COTAHIST 2022-01-03; CVM FRE document 104585, received 2021-05-18",2022-01-03,official_b3_isin_cnpj,B3/CVM point-in-time full-universe gate
ITUB4.SA,2021-09-30,2021-11-03,Bancos,True,104234125713.39001,3.528097945890537,0.6557172513769959,,,0.18585573910745964,,,,,,893324035.5666667,"CVM ITR 2021, ref 2021-09-30, receipt 2021-11-03; CVM DFP 2020 TTM bridge; market snapshot: B3 COTAHIST 2022-01-03; CVM FRE document 104273, received 2021-05-14",2022-01-03,official_b3_isin_cnpj,B3/CVM point-in-time full-universe gate
BBDC4.SA,2021-09-30,2021-11-04,Bancos,True,95466971399.25,4.023594742214558,0.6467690041608612,,,0.16074407230308788,,,,,,849342366.7333333,"CVM ITR 2021, ref 2021-09-30, receipt 2021-11-04; CVM DFP 2020 TTM bridge; market snapshot: B3 COTAHIST 2022-01-03; CVM FRE document 104409, received 2021-05-17",2022-01-03,official_b3_isin_cnpj,B3/CVM point-in-time full-universe gate
MGLU3.SA,2021-09-30,2021-11-11,Comércio (Atacado e Varejo),False,43672788418.56,60.89524152068033,4.016797586889318,44.253426184723565,-0.06998726462588399,0.06596242147303404,0.08201909815574018,,,0.028462455723073484,,798292897.6666666,"CVM ITR 2021, ref 2021-09-30, receipt 2021-11-11; CVM DFP 2020 TTM bridge; market snapshot: B3 COTAHIST 2022-01-03; CVM FRE document 103504, received 2021-05-06",2022-01-03,official_b3_isin_cnpj,B3/CVM point-in-time full-universe gate
PETR3.SA,2021-09-30,2021-10-28,Petróleo e Gás,False,234586154555.84,1.7249869813581582,0.6244158188177987,2.2639487218640584,0.8336638637957136,0.36198291672101124,0.3443854726358837,,,0.5605566145634769,,605693736.1916667,"CVM ITR 2021, ref 2021-09-30, receipt 2021-10-28; CVM DFP 2020 TTM bridge; market snapshot: B3 COTAHIST 2022-01-03; CVM FRE document 104904, received 2021-05-27",2022-01-03,official_b3_isin_cnpj,B3/CVM point-in-time full-universe gate
B3SA3.SA,2021-09-30,2021-11-11,Bolsas de Valores/Mercadorias e Futuros,False,65670720000.00001,13.905115933982868,2.906851245344364,11.665303597539678,0.012815361244706924,0.209049047785375,0.19843059814180364,,,0.6255121446110606,,515008726.4666666,"CVM ITR 2021, ref 2021-09-30, receipt 2021-11-11; CVM DFP 2020 TTM bridge; market snapshot: B3 COTAHIST 2022-01-03; CVM FRE document 103927, received 2021-05-12",2022-01-03,official_b3_isin_cnpj,B3/CVM point-in-time full-universe gate
PRIO3.SA,2021-09-30,2021-11-05,Petróleo e Gás,False,17821332845.05,15.141473698160048,3.1337407322504975,10.74462595144302,-0.07187941615465665,0.20696405083947023,0.23854855017455306,,,0.5294430119251867,,513918111.6333333,"CVM ITR 2021, ref 2021-09-30, receipt 2021-11-05; CVM DFP 2020 TTM bridge; market snapshot: B3 COTAHIST 2022-01-03; CVM FRE document 103769, received 2021-05-11",2022-01-03,official_b3_isin_cnpj,B3/CVM point-in-time full-universe gate
BBAS3.SA,2021-09-30,2021-11-08,Bancos,True,82581318516.4,4.544056172639682,0.603969644613421,,,0.13291421181146393,,,,,,454106398.56666666,"CVM ITR 2021, ref 2021-09-30, receipt 2021-11-08; CVM DFP 2020 TTM bridge; market snapshot: B3 COTAHIST 2022-01-03; CVM FRE document 104726, received 2021-05-21",2022-01-03,official_b3_isin_cnpj,B3/CVM point-in-time full-universe gate
RENT3.SA,2021-09-30,2021-11-09,Serviços Transporte e Logística,False,38598368836.3,19.266643058024997,5.170531445433586,15.764321174685643,-0.03768097056557946,0.26836701286579034,0.1751996560549212,,,0.2778913133651329,,412431372.9333333,"CVM ITR 2021, ref 2021-09-30, receipt 2021-11-09; CVM DFP 2020 TTM bridge; market snapshot: B3 COTAHIST 2022-01-03; CVM FRE document 99490, received 2021-01-07",2022-01-03,official_b3_isin_cnpj,B3/CVM point-in-time full-universe gate
ABEV3.SA,2021-09-30,2021-10-28,Bebidas e Fumo,False,241282599819.66,14.83357105766255,2.7367226522728494,11.730522354963828,0.052901721920852546,0.184495199546649,0.2634780629397919,,,0.27804245646341536,,397832672.0833333,"CVM ITR 2021, ref 2021-09-30, receipt 2021-10-28; CVM DFP 2020 TTM bridge; market snapshot: B3 COTAHIST 2022-01-03; CVM FRE document 104468, received 2021-05-17",2022-01-03,official_b3_isin_cnpj,B3/CVM point-in-time full-universe gate
SUZB3.SA,2021-09-30,2021-10-28,Papel e Celulose,False,81117696970.56,6.629203924626296,5.956282710778872,9.143383413608083,0.11993998058809575,0.8984913993447022,0.20486425321074928,,,0.42222461635030584,,394126667.65,"CVM ITR 2021, ref 2021-09-30, receipt 2021-10-28; CVM DFP 2020 TTM bridge; market snapshot: B3 COTAHIST 2022-01-03; CVM FRE document 104701, received 2021-05-21",2022-01-03,official_b3_isin_cnpj,B3/CVM point-in-time full-universe gate
LREN3.SA,2021-09-30,2021-11-11,Comércio (Atacado e Varejo),False,18375608446.8,32.16567785814311,1.934760300012161,19.940286416147526,0.02294171652712885,0.06014983761712809,0.10880666210827111,,,0.08452681828072256,,344955605.25,"CVM ITR 2021, ref 2021-09-30, receipt 2021-11-11; CVM DFP 2020 TTM bridge; market snapshot: B3 COTAHIST 2022-01-03; CVM FRE document 102079, received 2021-03-19",2022-01-03,official_b3_isin_cnpj,B3/CVM point-in-time full-universe gate
GGBR4.SA,2021-09-30,2021-10-27,Metalurgia e Siderurgia,False,31240811738.7,2.3928776009574326,0.7564653524794808,2.3269342116460074,0.13883534897484984,0.3161320713507476,0.3503601897773325,,,0.27090900404167934,,341598438.6666667,"CVM ITR 2021, ref 2021-09-30, receipt 2021-10-27; CVM DFP 2020 TTM bridge; market snapshot: B3 COTAHIST 2022-01-03; CVM FRE document 104022, received 2021-05-13",2022-01-03,official_b3_isin_cnpj,B3/CVM point-in-time full-universe gate
USIM5.SA,2021-09-30,2021-10-29,Metalurgia e Siderurgia,False,8199849880.110001,0.8645480297496424,0.3573288188270938,0.7558040920181098,0.45478113069430653,0.4133128600507826,0.4870423057335615,,,0.3647751975000337,,312537476.1666667,"CVM ITR 2021, ref 2021-09-30, receipt 2021-10-29; CVM DFP 2020 TTM bridge; market snapshot: B3 COTAHIST 2022-01-03; CVM FRE document 104238, received 2021-05-14",2022-01-03,official_b3_isin_cnpj,B3/CVM point-in-time full-universe gate
CSNA3.SA,2021-09-30,2021-11-03,Metalurgia e Siderurgia,False,34008214391.97,2.069701694254502,1.4594487917060677,2.320721270689675,0.5336846795545221,0.7051493438680084,0.5531715655420515,,,0.44082842655032956,,311199230.18333334,"CVM ITR 2021, ref 2021-09-30, receipt 2021-11-03; CVM DFP 2020 TTM bridge; market snapshot: B3 COTAHIST 2022-01-03; CVM FRE document 104635, received 2021-05-20",2022-01-03,official_b3_isin_cnpj,B3/CVM point-in-time full-universe gate
ITSA4.SA,2021-09-30,2021-11-08,Emp. Adm. Part. - Intermediação Financeira,True,49799213983.2,3.933897936898649,0.7499881623975904,,,0.1906475903614458,,,,,,290658540.1666667,"CVM ITR 2021, ref 2021-09-30, receipt 2021-11-08; CVM DFP 2020 TTM bridge; market snapshot: B3 COTAHIST 2022-01-03; CVM FRE document 104621, received 2021-05-19",2022-01-03,official_b3_isin_cnpj,B3/CVM point-in-time full-universe gate
GNDI3.SA,2021-09-30,2021-11-10,Emp. Adm. Part. - Serviços médicos,False,36145474961.25,,5.078704477554374,99.16103204960524,-0.04001073444325786,-0.0016081064865774745,0.03824369813778174,,,0.03277229519901731,,268190688.4833333,"CVM ITR 2021, ref 2021-09-30, receipt 2021-11-10; CVM DFP 2020 TTM bridge; market snapshot: B3 COTAHIST 2022-01-03; CVM FRE document 103447, received 2021-05-05",2022-01-03,official_b3_isin_cnpj,B3/CVM point-in-time full-universe gate
WEGE3.SA,2021-09-30,2021-10-27,"Emp. Adm. Part. - Máqs., Equip., Veíc. e Peças",False,134398122295.96,38.12272520476643,10.228345080566086,33.130658217036604,0.012377791977901809,0.268300469749399,0.3258562421527663,,,0.18407282061270155,,252286844.3333333,"CVM ITR 2021, ref 2021-09-30, receipt 2021-10-27; CVM DFP 2020 TTM bridge; market snapshot: B3 COTAHIST 2022-01-03; CVM FRE document 103885, received 2021-05-12",2022-01-03,official_b3_isin_cnpj,B3/CVM point-in-time full-universe gate
HAPV3.SA,2021-09-30,2021-11-11,Serviços Médicos,False,37335041776.5,94.67224643537267,3.515566808500741,69.31413494349322,-0.022081025245267144,0.03713408037592747,0.04608158338194043,,,0.058703137160985915,,232236005.31666663,"CVM ITR 2021, ref 2021-09-30, receipt 2021-11-11; CVM DFP 2020 TTM bridge; market snapshot: B3 COTAHIST 2022-01-03; CVM FRE document 100175, received 2021-02-12",2022-01-03,official_b3_isin_cnpj,B3/CVM point-in-time full-universe gate
AZUL4.SA,2021-09-30,2021-11-11,Emp. Adm. Part. - Serviços Transporte e Logística,False,8098764160.080001,,,,-0.10338009398112039,,,,,-0.10789281703627908,,228211956.63333333,"CVM ITR 2021, ref 2021-09-30, receipt 2021-11-11; CVM DFP 2020 TTM bridge; market snapshot: B3 COTAHIST 2022-01-03; CVM FRE document 104561, received 2021-05-18",2022-01-03,official_b3_isin_cnpj,B3/CVM point-in-time full-universe gate
EMBR3.SA,2021-09-30,2021-11-05,"Máquinas, Equipamentos, Veículos e Peças",False,18689337710.559998,,1.2235307314190715,26.52301170196427,0.03462835387871046,-0.019837677741485177,0.04199161766667426,,,0.050026040512234714,,220474389.01666668,"CVM ITR 2021, ref 2021-09-30, receipt 2021-11-05; CVM DFP 2020 TTM bridge; market snapshot: B3 COTAHIST 2022-01-03; CVM FRE document 103399, received 2021-05-05",2022-01-03,official_b3_issuer_unique_prefix,B3/CVM point-in-time full-universe gate
RAIL3.SA,2021-09-30,2021-11-11,Emp. Adm. Part. - Serviços Transporte e Logística,False,32243821375.49,59.40856674562918,2.0894771764950533,22.75846870905621,0.009661540931274491,0.035171310990241664,0.07138729721854818,,,0.2531593147954188,,214968895.0833333,"CVM ITR 2021, ref 2021-09-30, receipt 2021-11-11; CVM DFP 2020 TTM bridge; market snapshot: B3 COTAHIST 2022-01-03; CVM FRE document 105130, received 2021-05-31",2022-01-03,official_b3_isin_cnpj,B3/CVM point-in-time full-universe gate
BRAP4.SA,2021-09-30,2021-11-11,Emp. Adm. Part. - Extração Mineral,False,5567512991.4,1.0226409498829039,0.3827271690216849,0.5613452358781427,0.7525913287445015,0.37425370954048787,0.44749861759575654,,,,,211957715.0833333,"CVM ITR 2021, ref 2021-09-30, receipt 2021-11-11; CVM DFP 2020 TTM bridge; market snapshot: B3 COTAHIST 2022-01-03; CVM FRE document 104581, received 2021-05-18",2022-01-03,official_b3_isin_cnpj,B3/CVM point-in-time full-universe gate
VBBR3.SA,2021-09-30,2021-11-15,Comércio (Atacado e Varejo),False,23707750000.0,5.131547619047619,2.1004474173828296,6.082006369426751,-0.0009279665932026447,0.409320457163108,0.2663008231479172,,,0.04635934134648788,,198537978.2083333,"CVM ITR 2021, ref 2021-09-30, receipt 2021-11-15; CVM DFP 2020 TTM bridge; market snapshot: B3 COTAHIST 2022-01-03; CVM FRE document 103075, received 2021-04-26",2022-01-03,official_b3_isin_cnpj,B3/CVM point-in-time full-universe gate
CASH3.SA,2021-09-30,2021-12-07,Comunicação e Informática,False,385620650.0,,0.5287037443272962,,-0.397447595194915,-0.0032713163415001986,-0.05660095393466917,,,-0.04362536894392052,,191562177.63333333,"CVM ITR 2021, ref 2021-09-30, receipt 2021-12-07; CVM DFP 2020 TTM bridge; market snapshot: B3 COTAHIST 2022-01-03; CVM FRE document 103579, received 2021-05-07",2022-01-03,official_b3_isin_cnpj,B3/CVM point-in-time full-universe gate
ELET3.SA,2021-09-30,2021-11-16,Emp. Adm. Part. - Energia Elétrica,False,383888328.07000005,13.649362775822224,1.8581595387616414,14.866316062682502,0.03855548324277552,0.13613525915312977,0.12556893458291168,,,,,187036691.06666663,"CVM ITR 2021, ref 2021-09-30, receipt 2021-11-16; CVM DFP 2020 TTM bridge; market snapshot: B3 COTAHIST 2022-01-03; CVM FRE document 103315, received 2021-05-03",2022-01-03,official_b3_issuer_unique_prefix,B3/CVM point-in-time full-universe gate
ASAI3.SA,2021-09-30,2021-10-28,Comércio (Atacado e Varejo),False,3413431932.2400002,1.8869164910116087,1.4210790725395506,3.2567160794906367,-0.06415830294769798,0.7531223980016652,0.34747527329515876,,,0.0650347095359883,,184522478.88333333,"CVM ITR 2021, ref 2021-09-30, receipt 2021-10-28; CVM DFP 2020 TTM bridge; market snapshot: B3 COTAHIST 2022-01-03; CVM FRE document 103627, received 2021-05-07",2022-01-03,official_b3_isin_cnpj,B3/CVM point-in-time full-universe gate
LAME4.SA,2021-09-30,2021-11-11,Comércio (Atacado e Varejo),False,7170859069.820001,11.048170213603184,0.4463182421661705,17.138765618087213,-0.5334837796632401,0.040397480626849516,0.03994648027360546,,,0.04351174686298781,,175879961.73333332,"CVM ITR 2021, ref 2021-09-30, receipt 2021-11-11; CVM DFP 2020 TTM bridge; market snapshot: B3 COTAHIST 2022-01-03; CVM FRE document 110527, received 2021-11-30",2022-01-03,official_b3_issuer_unique_prefix,B3/CVM point-in-time full-universe gate
BRFS3.SA,2021-09-30,2021-11-10,Emp. Adm. Part. - Alimentos,False,18865628772.12,46.286934521124685,2.4576633906886256,12.468908856996725,-0.10376441854368258,0.05309626606547002,0.11614510456317172,,,0.06290682305837411,,169124386.83333334,"CVM ITR 2021, ref 2021-09-30, receipt 2021-11-10; CVM DFP 2020 TTM bridge; market snapshot: B3 COTAHIST 2022-01-03; CVM FRE document 104527, received 2021-05-17",2022-01-03,official_b3_isin_cnpj,B3/CVM point-in-time full-universe gate
BRML3.SA,2021-09-30,2021-11-11,Emp. Adm. Part. - Comércio (Atacado e Varejo),False,6973096943.72,42.52977557496432,0.6235369211993704,25.9313051589001,-0.059290011789143594,0.014661185317103417,0.02792072268423024,,,0.41452402942644895,,168191748.23333332,"CVM ITR 2021, ref 2021-09-30, receipt 2021-11-11; CVM DFP 2020 TTM bridge; market snapshot: B3 COTAHIST 2022-01-03; CVM FRE document 104485, received 2021-05-17",2022-01-03,official_b3_isin_cnpj,B3/CVM point-in-time full-universe gate
CSAN3.SA,2021-09-30,2021-11-12,"Agricultura (Açúcar, Álcool e Cana)",False,39674081630.44,6.723111317887415,1.5121994009775572,8.750575659840456,0.2829446716515087,0.22492553365198947,0.14092616363044105,,,0.36768111776872187,,158940539.68333334,"CVM ITR 2021, ref 2021-09-30, receipt 2021-11-12; CVM DFP 2020 TTM bridge; market snapshot: B3 COTAHIST 2022-01-03; CVM FRE document 104695, received 2021-05-21",2022-01-03,official_b3_isin_cnpj,B3/CVM point-in-time full-universe gate
MULT3.SA,2021-09-30,2021-10-27,"Emp. Adm. Part. - Const. Civil, Mat. Const. e Decoração",False,9862492803.3,25.559438672333584,1.5255126698153991,24.608803535721172,0.0145402387469441,0.05968490503144994,0.056938019668817126,,,0.4209186145274024,,158309471.03333333,"CVM ITR 2021, ref 2021-09-30, receipt 2021-10-27; CVM DFP 2020 TTM bridge; market snapshot: B3 COTAHIST 2022-01-03; CVM FRE document 103091, received 2021-04-27",2022-01-03,official_b3_isin_cnpj,B3/CVM point-in-time full-universe gate
RADL3.SA,2021-09-30,2021-11-09,Comércio (Atacado e Varejo),False,38407372500.0,50.61900497394412,8.022449460437176,29.4947714999974,0.019119376104158127,0.15848690555191064,0.22060982277492425,,,0.05803652781310608,,155815587.48333332,"CVM ITR 2021, ref 2021-09-30, receipt 2021-11-09; CVM DFP 2020 TTM bridge; market snapshot: B3 COTAHIST 2022-01-03; CVM FRE document 103803, received 2021-05-11",2022-01-03,official_b3_isin_cnpj,B3/CVM point-in-time full-universe gate
LWSA3.SA,2021-09-30,2021-11-10,Comunicação e Informática,False,7464637593.0,17688.71467535545,2.52990451409071,227.00529331026075,-0.12242710896735158,0.00014302364872307335,0.020212450526118315,,,0.03661242550299428,,146293837.93333334,"CVM ITR 2021, ref 2021-09-30, receipt 2021-11-10; CVM DFP 2020 TTM bridge; market snapshot: B3 COTAHIST 2022-01-03; CVM FRE document 103756, received 2021-05-11",2022-01-03,official_b3_isin_cnpj,B3/CVM point-in-time full-universe gate
RDOR3.SA,2021-09-30,2021-11-03,Serviços Médicos,False,87314688276.9,55.92775341924987,5.912818294778153,32.11386159375541,-0.11688646207650813,0.10572243534357684,0.08557976805489505,,,0.18291574884337009,,141007348.31666666,"CVM ITR 2021, ref 2021-09-30, receipt 2021-11-03; CVM DFP 2020 TTM bridge; market snapshot: B3 COTAHIST 2022-01-03; CVM FRE document 103739, received 2021-05-11",2022-01-03,official_b3_isin_cnpj,B3/CVM point-in-time full-universe gate
BBDC3.SA,2021-09-30,2021-11-04,Bancos,True,80608086537.85,3.397345368978757,0.5461031296296821,,,0.16074407230308788,,,,,,138358620.23333332,"CVM ITR 2021, ref 2021-09-30, receipt 2021-11-04; CVM DFP 2020 TTM bridge; market snapshot: B3 COTAHIST 2022-01-03; CVM FRE document 104409, received 2021-05-17",2022-01-03,official_b3_isin_cnpj,B3/CVM point-in-time full-universe gate
CMIG4.SA,2021-09-30,2021-11-11,Energia Elétrica,False,14519951589.92,5.067163377101161,0.7164206473868938,3.634870862857666,0.3723531009396284,0.14138495131703174,0.2237604618830597,,,0.22044628847672618,,132514746.41666669,"CVM ITR 2021, ref 2021-09-30, receipt 2021-11-11; CVM DFP 2020 TTM bridge; market snapshot: B3 COTAHIST 2022-01-03; CVM FRE document 104644, received 2021-05-20",2022-01-03,official_b3_isin_cnpj,B3/CVM point-in-time full-universe gate
GOAU4.SA,2021-09-30,2021-10-27,Emp. Adm. Part. - Metalurgia e Siderurgia,False,8152870313.869999,0.6254784617227637,0.19016634078896144,1.1187698773894148,0.33560904254114077,0.30403339591451917,0.3398379594385004,,,0.2703690265020181,,129209818.11666666,"CVM ITR 2021, ref 2021-09-30, receipt 2021-10-27; CVM DFP 2020 TTM bridge; market snapshot: B3 COTAHIST 2022-01-03; CVM FRE document 104259, received 2021-05-14",2022-01-03,official_b3_isin_cnpj,B3/CVM point-in-time full-universe gate
CYRE3.SA,2021-09-30,2021-11-11,"Construção Civil, Mat. Constr. e Decoração",False,5804265441.48,5.590436823420971,0.8788302948625452,8.486795808464185,0.07953478431584075,0.1572024374161088,0.10816103245176532,,,0.23281531412225873,,128363218.38333334,"CVM ITR 2021, ref 2021-09-30, receipt 2021-11-11; CVM DFP 2020 TTM bridge; market snapshot: B3 COTAHIST 2022-01-03; CVM FRE document 103179, received 2021-04-29",2022-01-03,official_b3_isin_cnpj,B3/CVM point-in-time full-universe gate
VIVT3.SA,2021-09-30,2021-10-27,Telecomunicações,False,80845989168.63,16.517488908345147,1.1650056551132337,11.81927592546716,0.13010787681822913,0.07053164446350176,0.09780389905999698,,,0.1642162283833104,,127993706.0,"CVM ITR 2021, ref 2021-09-30, receipt 2021-10-27; CVM DFP 2020 TTM bridge; market snapshot: B3 COTAHIST 2022-01-03; CVM FRE document 102984, received 2021-04-20",2022-01-03,official_b3_isin_cnpj,B3/CVM point-in-time full-universe gate
BIDI4.SA,2021-09-30,2021-10-26,Bancos,True,3581330590.4,66.98082199446398,0.41952618538885705,,,0.006263377678815754,,,,,,125282677.7,"CVM ITR 2021, ref 2021-09-30, receipt 2021-10-26; CVM DFP 2020 TTM bridge; market snapshot: B3 COTAHIST 2022-01-03; CVM FRE document 103618, received 2021-05-07",2022-01-03,official_b3_isin_cnpj,B3/CVM point-in-time full-universe gate
PETZ3.SA,2021-09-30,2021-11-08,Comércio (Atacado e Varejo),False,5898578692.72,55.205326189727465,10.077941234383971,24.86013023513458,-0.009276132921229014,0.18255378475164702,0.33044552774873376,,,0.08271434946957108,,119764439.48333332,"CVM ITR 2021, ref 2021-09-30, receipt 2021-11-08; CVM DFP 2020 TTM bridge; market snapshot: B3 COTAHIST 2022-01-03; CVM FRE document 100781, received 2021-03-09",2022-01-03,official_b3_isin_cnpj,B3/CVM point-in-time full-universe gate
UGPA3.SA,2021-09-30,2021-11-03,Emp. Adm. Part. - Petróleo e Gás,False,15744882312.119999,17.022488136734466,1.5458938329833076,18.49904741750004,0.23298814988132263,0.09081479866901915,0.06580467980767314,,,0.015645606396751558,,119058878.71666668,"CVM ITR 2021, ref 2021-09-30, receipt 2021-11-03; CVM DFP 2020 TTM bridge; market snapshot: B3 COTAHIST 2022-01-03; CVM FRE document 103055, received 2021-04-23",2022-01-03,official_b3_isin_cnpj,B3/CVM point-in-time full-universe gate
GOLL4.SA,2021-09-30,2021-11-09,Emp. Adm. Part. - Serviços Transporte e Logística,False,4587166062.179999,,,,0.15654916134837354,,,,,-0.3755519048252741,,116279183.53333332,"CVM ITR 2021, ref 2021-09-30, receipt 2021-11-09; CVM DFP 2020 TTM bridge; market snapshot: B3 COTAHIST 2022-01-03; CVM FRE document 103583, received 2021-05-07",2022-01-03,official_b3_isin_cnpj,B3/CVM point-in-time full-universe gate
BBSE3.SA,2021-09-30,2021-11-08,Emp. Adm. Part. - Seguradoras e Corretoras,True,41200000000.0,11.371151058565843,5.294350465440228,,,0.4655949462083712,,,,,,109840858.68333334,"CVM ITR 2021, ref 2021-09-30, receipt 2021-11-08; CVM DFP 2020 TTM bridge; market snapshot: B3 COTAHIST 2022-01-03; CVM FRE document 103351, received 2021-05-04",2022-01-03,official_b3_isin_cnpj,B3/CVM point-in-time full-universe gate
CPLE6.SA,2021-09-30,2021-11-10,Energia Elétrica,False,10798125914.699999,1.8695211212390563,0.4926799650090887,2.802845327387924,0.3921849989019744,0.2635327086770525,0.2126442876851655,,,0.2539549477945025,,107442938.0,"CVM ITR 2021, ref 2021-09-30, receipt 2021-11-10; CVM DFP 2020 TTM bridge; market snapshot: B3 COTAHIST 2022-01-03; CVM FRE document 103292, received 2021-05-03",2022-01-03,official_b3_isin_cnpj,B3/CVM point-in-time full-universe gate
ALPA4.SA,2021-09-30,2021-10-28,Têxtil e Vestuário,False,9811567581.9,21.744628055396724,2.8871274058199425,15.418771602636188,0.03499216584242443,0.13277428330641858,0.21709343272317602,,,0.1425084146972307,,107087247.16666669,"CVM ITR 2021, ref 2021-09-30, receipt 2021-10-28; CVM DFP 2020 TTM bridge; market snapshot: B3 COTAHIST 2022-01-03; CVM FRE document 103133, received 2021-04-28",2022-01-03,official_b3_isin_cnpj,B3/CVM point-in-time full-universe gate
CPFE3.SA,2021-09-30,2021-11-11,Emp. Adm. Part. - Energia Elétrica,False,29820344907.199997,6.608897819953277,1.9800288254335279,6.557878213489198,0.049830946108246295,0.2996004597703897,0.22756436439372105,,,0.18161172152005958,,105581420.93333334,"CVM ITR 2021, ref 2021-09-30, receipt 2021-11-11; CVM DFP 2020 TTM bridge; market snapshot: B3 COTAHIST 2022-01-03; CVM FRE document 104791, received 2021-05-24",2022-01-03,official_b3_isin_cnpj,B3/CVM point-in-time full-universe gate
COGN3.SA,2021-09-30,2021-11-12,Emp. Adm. Part. - Educação,False,4485088841.900001,,0.32676162129274977,,0.1752094613285524,-0.33517137050799095,-0.10788361022551884,,,-0.49272555694987324,,102726185.08333331,"CVM ITR 2021, ref 2021-09-30, receipt 2021-11-12; CVM DFP 2020 TTM bridge; market snapshot: B3 COTAHIST 2022-01-03; CVM FRE document 103517, received 2021-05-06",2022-01-03,official_b3_isin_cnpj,B3/CVM point-in-time full-universe gate
BPAN4.SA,2021-09-30,2021-11-29,Bancos,True,5600878821.780001,7.7053904806308635,0.9867324376465333,,,0.12805742163578795,,,,,,101229794.7,"CVM ITR 2021, ref 2021-09-30, receipt 2021-11-29; CVM DFP 2020 TTM bridge; market snapshot: B3 COTAHIST 2022-01-03; CVM FRE document 99500, received 2021-01-08",2022-01-03,official_b3_isin_cnpj,B3/CVM point-in-time full-universe gate
HYPE3.SA,2021-09-30,2021-10-22,Farmacêutico e Higiene,False,17387401591.35,13.456762117423343,1.7952925939618352,12.335398106726531,-0.14446689959985964,0.13341192913244362,0.12580388694288358,,,0.32244100929700714,,93452698.1,"CVM ITR 2021, ref 2021-09-30, receipt 2021-10-22; CVM DFP 2020 TTM bridge; market snapshot: B3 COTAHIST 2022-01-03; CVM FRE document 104052, received 2021-05-13",2022-01-03,official_b3_isin_cnpj,B3/CVM point-in-time full-universe gate
PCAR3.SA,2021-09-30,2021-11-03,Comércio (Atacado e Varejo),False,5606474782.05,3.200042683818493,0.3469353206714109,4.422396589161264,-0.07134608029998853,0.10841584158415841,0.11496180361468232,,,0.04821725114779721,,91500445.13333334,"CVM ITR 2021, ref 2021-09-30, receipt 2021-11-03; CVM DFP 2020 TTM bridge; market snapshot: B3 COTAHIST 2022-01-03; CVM FRE document 104129, received 2021-05-13",2022-01-03,official_b3_isin_cnpj,B3/CVM point-in-time full-universe gate
ENEV3.SA,2021-09-30,2021-11-04,Energia Elétrica,False,17015553663.359999,12.418806828596118,1.985038518685645,16.925280922088206,-0.02861293905753876,0.15984132341239127,0.09275414278894571,,,0.2945606866749673,,88804542.58333333,"CVM ITR 2021, ref 2021-09-30, receipt 2021-11-04; CVM DFP 2020 TTM bridge; market snapshot: B3 COTAHIST 2022-01-03; CVM FRE document 104873, received 2021-05-26",2022-01-03,official_b3_isin_cnpj,B3/CVM point-in-time full-universe gate
SBSP3.SA,2021-09-30,2021-11-11,"Saneamento, Serv. Água e Gás",False,27306219266.550003,10.625116204339431,1.1142771837337568,9.428196722103916,0.034644525145187684,0.10487199973198148,0.11348658184155022,,,0.23519205063035764,,87323286.73333333,"CVM ITR 2021, ref 2021-09-30, receipt 2021-11-11; CVM DFP 2020 TTM bridge; market snapshot: B3 COTAHIST 2022-01-03; CVM FRE document 104540, received 2021-05-17",2022-01-03,official_b3_isin_cnpj,B3/CVM point-in-time full-universe gate
CIEL3.SA,2021-09-30,2021-11-03,Intermediação Financeira,True,5949824983.59,63.13213555865626,0.6056347660043441,,,0.009593129721418134,,,,,,78165168.38333334,"CVM ITR 2021, ref 2021-09-30, receipt 2021-11-03; CVM DFP 2020 TTM bridge; market snapshot: B3 COTAHIST 2022-01-03; CVM FRE document 104759, received 2021-05-24",2022-01-03,official_b3_isin_cnpj,B3/CVM point-in-time full-universe gate
BEEF3.SA,2021-09-30,2021-11-04,Alimentos,False,5738127125.4,10.197162922458496,11.87887690460467,6.850775497005681,0.23504446146371885,1.1649197914100524,0.24133521808968258,,,0.07714588195168878,,77744286.43333334,"CVM ITR 2021, ref 2021-09-30, receipt 2021-11-04; CVM DFP 2020 TTM bridge; market snapshot: B3 COTAHIST 2022-01-03; CVM FRE document 104710, received 2021-05-21",2022-01-03,official_b3_isin_cnpj,B3/CVM point-in-time full-universe gate
ENBR3.SA,2021-09-30,2021-10-25,Energia Elétrica,False,12586077171.56,5.44006848737113,1.0291950888053518,5.384193574538178,-0.0456208866490552,0.18918789187940943,0.18895515564768398,,,0.2090015407161238,,71336890.11666666,"CVM ITR 2021, ref 2021-09-30, receipt 2021-10-25; CVM DFP 2020 TTM bridge; market snapshot: B3 COTAHIST 2022-01-03; CVM FRE document 102941, received 2021-04-19",2022-01-03,official_b3_isin_cnpj,B3/CVM point-in-time full-universe gate
RAIZ4.SA,2021-09-30,2021-11-11,Comércio (Atacado e Varejo),False,514121553.65999997,0.1495891790717771,0.02710243154445279,4.96913142473875,-4.969015560256914,0.1811790913796531,0.1264936096751572,,,0.04319196857775828,,71279497.51666667,"CVM ITR 2021, ref 2021-09-30, receipt 2021-11-11; CVM DFP 2020 TTM bridge; market snapshot: B3 COTAHIST 2022-01-03; CVM FRE document 105411, received 2021-05-31",2022-01-03,official_b3_isin_cnpj,B3/CVM point-in-time full-universe gate
YDUQ3.SA,2021-09-30,2021-11-08,Emp. Adm. Part. - Educação,False,6181777020.0,47.59606575300277,1.8472304498625582,22.631849415510036,0.014380169280191863,0.038810570172935335,0.06098186703799506,,,0.10567707504417335,,70663327.08333333,"CVM ITR 2021, ref 2021-09-30, receipt 2021-11-08; CVM DFP 2020 TTM bridge; market snapshot: B3 COTAHIST 2022-01-03; CVM FRE document 104577, received 2021-05-18",2022-01-03,official_b3_isin_cnpj,B3/CVM point-in-time full-universe gate
SOMA3.SA,2021-09-30,2021-11-11,Têxtil e Vestuário,False,5773820407.18,19.590202582634955,0.8048927973487618,33.90654549962929,-0.29244466937354807,0.041086496882999604,0.02426346359859691,,,0.09345317387124949,,68576925.7,"CVM ITR 2021, ref 2021-09-30, receipt 2021-11-11; CVM DFP 2020 TTM bridge; market snapshot: B3 COTAHIST 2022-01-03; CVM FRE document 104694, received 2021-05-21",2022-01-03,official_b3_isin_cnpj,B3/CVM point-in-time full-universe gate
CMIN3.SA,2021-09-30,2021-11-03,Extração Mineral,False,39418285272.9,5.623670386777551,2.7682171304264105,2.896175937960019,0.2517447659455213,0.49224384432897766,1.5767614153790976,,,0.5240375075365472,,62852068.3,"CVM ITR 2021, ref 2021-09-30, receipt 2021-11-03; CVM DFP 2020 TTM bridge; market snapshot: B3 COTAHIST 2022-01-03; CVM FRE document 103856, received 2021-05-12",2022-01-03,official_b3_isin_cnpj,B3/CVM point-in-time full-universe gate
MRVE3.SA,2021-09-30,2021-11-10,"Construção Civil, Mat. Constr. e Decoração",False,5461316623.2300005,6.9583056192354595,0.8568514446358735,9.801320189070955,-0.024765456634522603,0.12314081782599534,0.09282731571676194,,,0.13579935266378115,,62829388.56666667,"CVM ITR 2021, ref 2021-09-30, receipt 2021-11-10; CVM DFP 2020 TTM bridge; market snapshot: B3 COTAHIST 2022-01-03; CVM FRE document 103102, received 2021-04-27",2022-01-03,official_b3_isin_cnpj,B3/CVM point-in-time full-universe gate
ECOR3.SA,2021-09-30,2021-10-25,Serviços Transporte e Logística,False,3983524440.4,,1.7383104696398641,9.984362184706502,-0.35064075064636574,-0.11945416469752448,0.11730338720377094,,,0.2616905277120259,,61251909.03333333,"CVM ITR 2021, ref 2021-09-30, receipt 2021-10-25; CVM DFP 2020 TTM bridge; market snapshot: B3 COTAHIST 2022-01-03; CVM FRE document 101038, received 2021-03-18",2022-01-03,official_b3_isin_cnpj,B3/CVM point-in-time full-universe gate
AMBP3.SA,2021-09-30,2021-11-11,"Saneamento, Serv. Água e Gás",False,4658593005.0,32.61908866529429,3.549014816660115,23.8817767995897,-0.31624183490998053,0.10880177717644693,0.09108176787624093,,,0.17755112101298548,,56760013.81666667,"CVM ITR 2021, ref 2021-09-30, receipt 2021-11-11; CVM DFP 2020 TTM bridge; market snapshot: B3 COTAHIST 2022-01-03; CVM FRE document 96882, received 2020-09-04",2022-01-03,official_b3_isin_cnpj,B3/CVM point-in-time full-universe gate
PSSA3.SA,2021-09-30,2021-11-10,Seguradoras e Corretoras,True,6491724042.4,4.575803208414422,0.7157921850077282,,,0.1564298446426764,,,,,,55668684.65,"CVM ITR 2021, ref 2021-09-30, receipt 2021-11-10; CVM DFP 2020 TTM bridge; market snapshot: B3 COTAHIST 2022-01-03; CVM FRE document 102827, received 2021-04-12",2022-01-03,official_b3_isin_cnpj,B3/CVM point-in-time full-universe gate
SLCE3.SA,2021-09-30,2021-11-10,"Agricultura (Açúcar, Álcool e Cana)",False,7926846050.000001,7.002699762361194,2.0612333810318644,5.825642499640534,0.053610603425305575,0.2943483871907212,0.28671965221316137,,,0.31128460940949393,,55078019.016666666,"CVM ITR 2021, ref 2021-09-30, receipt 2021-11-10; CVM DFP 2020 TTM bridge; market snapshot: B3 COTAHIST 2022-01-03; CVM FRE document 104650, received 2021-05-20",2022-01-03,official_b3_isin_cnpj,B3/CVM point-in-time full-universe gate
EZTC3.SA,2021-09-30,2021-11-11,"Emp. Adm. Part. - Const. Civil, Mat. Const. e Decoração",False,4403800000.0,8.501544401544402,0.9856629219921144,13.04041307676143,-0.014273581906535266,0.11593927825784896,0.07557031072054389,,,0.31916657005404875,,53390385.1,"CVM ITR 2021, ref 2021-09-30, receipt 2021-11-11; CVM DFP 2020 TTM bridge; market snapshot: B3 COTAHIST 2022-01-03; CVM FRE document 103711, received 2021-05-10",2022-01-03,official_b3_isin_cnpj,B3/CVM point-in-time full-universe gate
EGIE3.SA,2021-09-30,2021-11-04,Energia Elétrica,False,31037891229.6,12.332935278922479,3.935689111881339,7.347094255907535,0.014305868807754127,0.3191202274942286,0.2761764176532868,,,0.45883812116975853,,52998246.25,"CVM ITR 2021, ref 2021-09-30, receipt 2021-11-04; CVM DFP 2020 TTM bridge; market snapshot: B3 COTAHIST 2022-01-03; CVM FRE document 103563, received 2021-05-07",2022-01-03,official_b3_isin_cnpj,B3/CVM point-in-time full-universe gate
SMTO3.SA,2021-09-30,2021-11-08,"Agricultura (Açúcar, Álcool e Cana)",False,11884160314.53,15.847385382744399,2.6493181429542445,14.337588317161368,0.010665120348892955,0.1671769871791585,0.11829007273379971,,,0.2820158629339161,,50896658.516666666,"CVM ITR 2021, ref 2021-09-30, receipt 2021-11-08; CVM DFP 2020 TTM bridge; market snapshot: B3 COTAHIST 2022-01-03; CVM FRE document 107401, received 2021-08-09",2022-01-03,official_b3_isin_cnpj,B3/CVM point-in-time full-universe gate
DXCO3.SA,2021-09-30,2021-10-27,"Construção Civil, Mat. Constr. e Decoração",False,10169232164.699999,7.031351106432408,1.690618712539037,6.186228316699843,0.08722054778913255,0.24044009279986434,0.2486278663778755,,,0.24568406488445807,,49089272.75,"CVM ITR 2021, ref 2021-09-30, receipt 2021-10-27; CVM DFP 2020 TTM bridge; market snapshot: B3 COTAHIST 2022-01-03; CVM FRE document 104593, received 2021-05-19",2022-01-03,official_b3_isin_cnpj,B3/CVM point-in-time full-universe gate
FHER3.SA,2021-09-30,2021-11-12,Petroquímicos e Borracha,False,959198228.04,3.3725185223053553,10.602390052393059,2.706177659053242,-0.2617967721991331,3.143760362551122,0.9172218705693875,,,0.15603504848059688,,45276777.03333333,"CVM ITR 2021, ref 2021-09-30, receipt 2021-11-12; CVM DFP 2020 TTM bridge; market snapshot: B3 COTAHIST 2022-01-03; CVM FRE document 104568, received 2021-05-18",2022-01-03,official_b3_isin_cnpj,B3/CVM point-in-time full-universe gate
VAMO3.SA,2021-09-30,2021-10-28,Serviços Transporte e Logística,False,2581551716.7,7.616432508814114,0.9461418113002582,9.278056227348939,-1.0638210275758526,0.12422375045079648,0.10509755682236957,,,0.2542624041463776,,42429831.88333333,"CVM ITR 2021, ref 2021-09-30, receipt 2021-10-28; CVM DFP 2020 TTM bridge; market snapshot: B3 COTAHIST 2022-01-03; CVM FRE document 104879, received 2021-05-26",2022-01-03,official_b3_isin_cnpj,B3/CVM point-in-time full-universe gate
POSI3.SA,2021-09-30,2021-11-10,Comunicação e Informática,False,921900000.0,2.9661971287186053,0.7710876023767465,2.7499723480716303,-0.14149799327475865,0.2599583132594615,0.29908488609076156,,,0.1451026757307389,,41429175.96666667,"CVM ITR 2021, ref 2021-09-30, receipt 2021-11-10; CVM DFP 2020 TTM bridge; market snapshot: B3 COTAHIST 2022-01-03; CVM FRE document 104660, received 2021-05-20",2022-01-03,official_b3_isin_cnpj,B3/CVM point-in-time full-universe gate
MOVI3.SA,2021-09-30,2021-10-28,Serviços Transporte e Logística,False,4017170463.5,5.530489316021631,1.2640064388593903,9.909049799030333,-0.9879364184466851,0.2285523697148476,0.10767808674198723,,,0.2943286493988866,,40639349.05,"CVM ITR 2021, ref 2021-09-30, receipt 2021-10-28; CVM DFP 2020 TTM bridge; market snapshot: B3 COTAHIST 2022-01-03; CVM FRE document 105018, received 2021-05-28",2022-01-03,official_b3_isin_cnpj,B3/CVM point-in-time full-universe gate
INTB3.SA,2021-09-30,2021-10-27,Comércio (Atacado e Varejo),False,8773425525.800001,18.663328701160847,4.732173239841532,20.003209030796864,-0.023612555824494782,0.2535546212368426,0.3136575326803613,,,0.14139815816067594,,40361352.18333333,"CVM ITR 2021, ref 2021-09-30, receipt 2021-10-27; CVM DFP 2020 TTM bridge; market snapshot: B3 COTAHIST 2022-01-03; CVM FRE document 103052, received 2021-04-23",2022-01-03,official_b3_isin_cnpj,B3/CVM point-in-time full-universe gate
NEOE3.SA,2021-09-30,2021-10-25,Emp. Adm. Part. - Energia Elétrica,False,19238686380.8,4.338900852683807,0.7948556594281937,6.399149990969595,-0.4747725400376417,0.18319286068418444,0.1419021517721566,,,0.18372974009782295,,39565113.71666667,"CVM ITR 2021, ref 2021-09-30, receipt 2021-10-25; CVM DFP 2020 TTM bridge; market snapshot: B3 COTAHIST 2022-01-03; CVM FRE document 104319, received 2021-05-14",2022-01-03,official_b3_isin_cnpj,B3/CVM point-in-time full-universe gate
STBP3.SA,2021-09-30,2021-11-09,Emp. Adm. Part. - Serviços Transporte e Logística,False,5657858159.679999,32.84735385626455,2.5012790351841256,17.356907916516754,0.019124728288720465,0.0761485703271373,0.15748465183516935,,,0.22830635618713133,,39028938.5,"CVM ITR 2021, ref 2021-09-30, receipt 2021-11-09; CVM DFP 2020 TTM bridge; market snapshot: B3 COTAHIST 2022-01-03; CVM FRE document 103170, received 2021-04-29",2022-01-03,official_b3_isin_cnpj,B3/CVM point-in-time full-universe gate
QUAL3.SA,2021-09-30,2021-11-11,Seguradoras e Corretoras,True,4592511635.250001,11.720045719546462,2.73671831522863,,,0.2335074777621716,,,,,,38735561.98333333,"CVM ITR 2021, ref 2021-09-30, receipt 2021-11-11; CVM DFP 2020 TTM bridge; market snapshot: B3 COTAHIST 2022-01-03; CVM FRE document 104749, received 2021-05-24",2022-01-03,official_b3_isin_cnpj,B3/CVM point-in-time full-universe gate
MDIA3.SA,2021-09-30,2021-11-05,Alimentos,False,8502119999.999999,15.101161433790812,1.2332882159102958,20.461590392354005,0.06356955676937047,0.08166843466428039,0.060299212779298915,,,0.05641981425058297,,37682561.96666667,"CVM ITR 2021, ref 2021-09-30, receipt 2021-11-05; CVM DFP 2020 TTM bridge; market snapshot: B3 COTAHIST 2022-01-03; CVM FRE document 105726, received 2021-06-01",2022-01-03,official_b3_isin_cnpj,B3/CVM point-in-time full-universe gate
LIGT3.SA,2021-09-30,2021-11-24,Emp. Adm. Part. - Energia Elétrica,False,4142815202.8799996,5.455666881163085,0.47347758142851915,8.447314910386039,-0.34392941278420613,0.08678638042643455,0.09016824630636414,,,0.1151666165396047,,36136206.93333333,"CVM ITR 2021, ref 2021-09-30, receipt 2021-11-24; CVM DFP 2020 TTM bridge; market snapshot: B3 COTAHIST 2022-01-03; CVM FRE document 103698, received 2021-05-10",2022-01-03,official_b3_isin_cnpj,B3/CVM point-in-time full-universe gate
GMAT3.SA,2021-09-30,2021-11-16,Emp. Adm. Part. - Comércio (Atacado e Varejo),False,12836300718.99,17.0212465145319,2.04782878264568,15.173350515014711,-0.14860636578714342,0.12031015360110933,0.13095692517253796,,,0.057820311755608575,,34822620.0,"CVM ITR 2021, ref 2021-09-30, receipt 2021-11-16; CVM DFP 2020 TTM bridge; market snapshot: B3 COTAHIST 2022-01-03; CVM FRE document 103822, received 2021-05-11",2022-01-03,official_b3_isin_cnpj,B3/CVM point-in-time full-universe gate
UNIP6.SA,2021-09-30,2021-11-11,Petroquímicos e Borracha,False,6026958417.6,3.755184469242416,2.34857249980711,2.789820747756649,0.0909193264715117,0.6254213392294198,0.8158783235638576,,,0.4079826402449661,,34311480.15,"CVM ITR 2021, ref 2021-09-30, receipt 2021-11-11; CVM DFP 2020 TTM bridge; market snapshot: B3 COTAHIST 2022-01-03; CVM FRE document 104656, received 2021-05-20",2022-01-03,official_b3_isin_cnpj,B3/CVM point-in-time full-universe gate
LAME3.SA,2021-09-30,2021-11-11,Comércio (Atacado e Varejo),False,3837189583.5,5.911972784236751,0.23882880601766573,14.180255876560937,-0.9969632505127956,0.040397480626849516,0.03994648027360546,,,0.04351174686298781,,33689303.96666667,"CVM ITR 2021, ref 2021-09-30, receipt 2021-11-11; CVM DFP 2020 TTM bridge; market snapshot: B3 COTAHIST 2022-01-03; CVM FRE document 110527, received 2021-11-30",2022-01-03,official_b3_isin_cnpj,B3/CVM point-in-time full-universe gate
CXSE3.SA,2021-09-30,2021-11-10,Emp. Adm. Part. - Seguradoras e Corretoras,True,24210000000.0,13.42135286793411,2.239321599325151,,,0.16684768080833867,,,,,,33613708.5,"CVM ITR 2021, ref 2021-09-30, receipt 2021-11-10; CVM DFP 2020 TTM bridge; market snapshot: B3 COTAHIST 2022-01-03; CVM FRE document 99830, received 2021-02-01",2022-01-03,official_b3_isin_cnpj,B3/CVM point-in-time full-universe gate
AMAR3.SA,2021-09-30,2021-11-08,Comércio (Atacado e Varejo),False,934150258.2299999,,1.0030497452298375,,0.08126636944236518,-0.10459030827543997,-0.007069577369908797,,,-0.006243790518280632,,33421701.116666667,"CVM ITR 2021, ref 2021-09-30, receipt 2021-11-08; CVM DFP 2020 TTM bridge; market snapshot: B3 COTAHIST 2022-01-03; CVM FRE document 103807, received 2021-05-11",2022-01-03,official_b3_isin_cnpj,B3/CVM point-in-time full-universe gate
LJQQ3.SA,2021-09-30,2021-11-08,Comércio (Atacado e Varejo),False,2007751683.68,25.74007620004872,3.781276006418418,10.645800528993773,-0.0075960588771847035,0.1469022848662453,0.3923552847837124,,,0.09246773105145135,,30836748.266666666,"CVM ITR 2021, ref 2021-09-30, receipt 2021-11-08; CVM DFP 2020 TTM bridge; market snapshot: B3 COTAHIST 2022-01-03; CVM FRE document 103744, received 2021-05-11",2022-01-03,official_b3_isin_cnpj,B3/CVM point-in-time full-universe gate
SIMH3.SA,2021-09-30,2021-11-10,Serviços Transporte e Logística,False,2296506692.3199997,1.8790802821271468,0.40266681470875426,10.027221407497352,-3.9749764416223217,0.21428930873189167,0.08829541576956962,,,0.2119845230161197,,30107603.266666666,"CVM ITR 2021, ref 2021-09-30, receipt 2021-11-10; CVM DFP 2020 TTM bridge; market snapshot: B3 COTAHIST 2022-01-03; CVM FRE document 105089, received 2021-05-28",2022-01-03,official_b3_isin_cnpj,B3/CVM point-in-time full-universe gate
CSMG3.SA,2021-09-30,2021-11-03,"Saneamento, Serv. Água e Gás",False,4623877319.04,6.231313069852123,0.6948978385969785,6.395035882459677,0.1912955165046731,0.11151708007722828,0.12180740936234853,,,0.19344560607273595,,29762268.48333333,"CVM ITR 2021, ref 2021-09-30, receipt 2021-11-03; CVM DFP 2020 TTM bridge; market snapshot: B3 COTAHIST 2022-01-03; CVM FRE document 103787, received 2021-05-11",2022-01-03,official_b3_isin_cnpj,B3/CVM point-in-time full-universe gate
BRSR6.SA,2021-09-30,2021-11-10,Bancos,True,1924097177.5,2.3308263809812235,0.2199688695177186,,,0.09437376859666263,,,,,,29297719.066666663,"CVM ITR 2021, ref 2021-09-30, receipt 2021-11-10; CVM DFP 2020 TTM bridge; market snapshot: B3 COTAHIST 2022-01-03; CVM FRE document 104230, received 2021-05-14",2022-01-03,official_b3_isin_cnpj,B3/CVM point-in-time full-universe gate
SEQL3.SA,2021-09-30,2021-11-09,Serviços Transporte e Logística,False,1680923277.6200001,922.0643322106419,2.7888356496491817,45.85514979671935,-0.2189588334579565,0.003024556478573431,0.04375084574142943,,,0.03316524684519489,,28649101.433333334,"CVM ITR 2021, ref 2021-09-30, receipt 2021-11-09; CVM DFP 2020 TTM bridge; market snapshot: B3 COTAHIST 2022-01-03; CVM FRE document 99476, received 2021-01-06",2022-01-03,official_b3_isin_cnpj,B3/CVM point-in-time full-universe gate
MYPK3.SA,2021-09-30,2021-11-16,"Máquinas, Equipamentos, Veículos e Peças",False,2305794015.0,5.435552573513812,0.5223082503307757,6.771740101958774,-0.20597937062474334,0.09609110449521964,0.11319363867459101,,,0.08018390061774702,,28611710.25,"CVM ITR 2021, ref 2021-09-30, receipt 2021-11-16; CVM DFP 2020 TTM bridge; market snapshot: B3 COTAHIST 2022-01-03; CVM FRE document 104578, received 2021-05-18",2022-01-03,official_b3_isin_cnpj,B3/CVM point-in-time full-universe gate
SBFG3.SA,2021-09-30,2021-11-11,Comércio (Atacado e Varejo),False,5098418032.5,22.76618142908813,2.3276706358156134,23.695577435570783,-0.19857728290348856,0.10224247061659496,0.07308454868306391,,,0.06425786245341646,,27877899.1,"CVM ITR 2021, ref 2021-09-30, receipt 2021-11-11; CVM DFP 2020 TTM bridge; market snapshot: B3 COTAHIST 2022-01-03; CVM FRE document 104632, received 2021-05-19",2022-01-03,official_b3_isin_cnpj,B3/CVM point-in-time full-universe gate
FESA4.SA,2021-09-30,2021-11-11,Metalurgia e Siderurgia,False,2852147200.0,6.426273359379577,1.3026060824728143,5.245048526723304,0.11421885939126844,0.20270007353041922,0.2420294923828967,,,0.27410300140981103,,27529210.53333333,"CVM ITR 2021, ref 2021-09-30, receipt 2021-11-11; CVM DFP 2020 TTM bridge; market snapshot: B3 COTAHIST 2022-01-03; CVM FRE document 104757, received 2021-05-24",2022-01-03,official_b3_isin_cnpj,B3/CVM point-in-time full-universe gate
ANIM3.SA,2021-09-30,2021-11-16,Educação,False,3198640935.6,83.14421084973097,1.2274945652995648,27.176677479262597,-0.9193166908083761,0.014763439964786637,0.03967341662792116,,,0.1380872040308049,,27388530.73333333,"CVM ITR 2021, ref 2021-09-30, receipt 2021-11-16; CVM DFP 2020 TTM bridge; market snapshot: B3 COTAHIST 2022-01-03; CVM FRE document 104575, received 2021-05-18",2022-01-03,official_b3_isin_cnpj,B3/CVM point-in-time full-universe gate
TASA4.SA,2021-09-30,2021-11-09,"Máquinas, Equipamentos, Veículos e Peças",False,1318365340.26,1.8631637310325821,2.1905833350115396,2.036408521108699,0.2058314123659257,1.1757331352717448,0.8642139099135787,,,0.33612384389254774,,27321352.58333333,"CVM ITR 2021, ref 2021-09-30, receipt 2021-11-09; CVM DFP 2020 TTM bridge; market snapshot: B3 COTAHIST 2022-01-03; CVM FRE document 103755, received 2021-05-11",2022-01-03,official_b3_isin_cnpj,B3/CVM point-in-time full-universe gate
SMFT3.SA,2021-09-30,2021-11-12,Brinquedos e Lazer,False,231291925.92,,0.050771170521576196,,-9.181760200027652,-0.13799352705343956,-0.06537172421698065,,,-0.25671461480455343,,26606790.1,"CVM ITR 2021, ref 2021-09-30, receipt 2021-11-12; CVM DFP 2020 TTM bridge; market snapshot: B3 COTAHIST 2022-01-03; CVM FRE document 99415, received 2020-12-30",2022-01-03,official_b3_isin_cnpj,B3/CVM point-in-time full-universe gate
ITUB3.SA,2021-09-30,2021-11-03,Bancos,True,96091667157.42,3.252493472699025,0.6044945783106654,,,0.18585573910745964,,,,,,26004341.15,"CVM ITR 2021, ref 2021-09-30, receipt 2021-11-03; CVM DFP 2020 TTM bridge; market snapshot: B3 COTAHIST 2022-01-03; CVM FRE document 104273, received 2021-05-14",2022-01-03,official_b3_isin_cnpj,B3/CVM point-in-time full-universe gate
JHSF3.SA,2021-09-30,2021-11-04,"Emp. Adm. Part. - Const. Civil, Mat. Const. e Decoração",False,3589816879.13,3.9198742072550856,0.795762002959765,4.860808013816328,-0.0693937903763973,0.20300702545171773,0.1747293438953579,,,0.5568514958094611,,24084439.75,"CVM ITR 2021, ref 2021-09-30, receipt 2021-11-04; CVM DFP 2020 TTM bridge; market snapshot: B3 COTAHIST 2022-01-03; CVM FRE document 103864, received 2021-05-12",2022-01-03,official_b3_isin_cnpj,B3/CVM point-in-time full-universe gate
ESPA3.SA,2021-09-30,2021-11-17,Serviços Médicos,False,1887940925.18,6.702621933241501,2.721168013139271,9.03732674813365,-0.8057407833642711,0.40598560387893884,0.21129322301510592,,,0.36797104121374347,,22922787.73333333,"CVM ITR 2021, ref 2021-09-30, receipt 2021-11-17; CVM DFP 2020 TTM bridge; market snapshot: B3 COTAHIST 2022-01-03; CVM FRE document 104780, received 2021-05-24",2022-01-03,official_b3_isin_cnpj,B3/CVM point-in-time full-universe gate
DIRR3.SA,2021-09-30,2021-11-08,"Construção Civil, Mat. Constr. e Decoração",False,1822500000.0,9.105443281456871,1.343537088995602,7.735489124113062,0.05593744855967078,0.14755317752972,0.16051940130680173,,,0.1804909597643468,,21104945.23333333,"CVM ITR 2021, ref 2021-09-30, receipt 2021-11-08; CVM DFP 2020 TTM bridge; market snapshot: B3 COTAHIST 2022-01-03; CVM FRE document 104609, received 2021-05-19",2022-01-03,official_b3_isin_cnpj,B3/CVM point-in-time full-universe gate
CEAB3.SA,2021-09-30,2021-11-11,Têxtil e Vestuário,False,1821728351.88,6.4163890696609585,0.6411811430423761,49.059860158167204,0.029229934279195752,0.09992865708130383,0.01398253099982104,,,0.0090104037959018,,20904614.05,"CVM ITR 2021, ref 2021-09-30, receipt 2021-11-11; CVM DFP 2020 TTM bridge; market snapshot: B3 COTAHIST 2022-01-03; CVM FRE document 104576, received 2021-05-18",2022-01-03,official_b3_isin_cnpj,B3/CVM point-in-time full-universe gate
GFSA3.SA,2021-09-30,2021-11-16,"Construção Civil, Mat. Constr. e Decoração",False,586318396.9499999,9.497649505936856,0.3318916135607688,12.05861525826139,-0.8028334134638141,0.03494460533138306,0.04946449561114101,,,0.12302395446347562,,20401671.73333333,"CVM ITR 2021, ref 2021-09-30, receipt 2021-11-16; CVM DFP 2020 TTM bridge; market snapshot: B3 COTAHIST 2022-01-03; CVM FRE document 103853, received 2021-05-12",2022-01-03,official_b3_isin_cnpj,B3/CVM point-in-time full-universe gate
SQIA3.SA,2021-09-30,2021-11-16,Comunicação e Informática,False,1125253551.3999999,85.37583849772382,1.404584719065219,66.99899520416686,-0.14418172668563953,0.016451782422056874,0.019580092594374297,,,0.06625537179320223,,20371691.05,"CVM ITR 2021, ref 2021-09-30, receipt 2021-11-16; CVM DFP 2020 TTM bridge; market snapshot: B3 COTAHIST 2022-01-03; CVM FRE document 103790, received 2021-05-11",2022-01-03,official_b3_isin_cnpj,B3/CVM point-in-time full-universe gate
BIDI3.SA,2021-09-30,2021-10-26,Bancos,True,3562269349.41,66.62432388363133,0.4172933030789278,,,0.006263377678815754,,,,,,20253034.566666663,"CVM ITR 2021, ref 2021-09-30, receipt 2021-10-26; CVM DFP 2020 TTM bridge; market snapshot: B3 COTAHIST 2022-01-03; CVM FRE document 103618, received 2021-05-07",2022-01-03,official_b3_isin_cnpj,B3/CVM point-in-time full-universe gate
SYNE3.SA,2021-09-30,2021-11-11,"Emp. Adm. Part. - Const. Civil, Mat. Const. e Decoração",False,1198724823.12,10.244723253083095,0.4028191118941582,9.828614864387887,0.08822792183841567,0.03931966749545254,0.059857237208951065,,,0.5394744809011285,,20212844.65,"CVM ITR 2021, ref 2021-09-30, receipt 2021-11-11; CVM DFP 2020 TTM bridge; market snapshot: B3 COTAHIST 2022-01-03; CVM FRE document 103850, received 2021-05-11",2022-01-03,official_b3_isin_cnpj,B3/CVM point-in-time full-universe gate
VIVR3.SA,2021-09-30,2021-11-16,"Construção Civil, Mat. Constr. e Decoração",False,124613560.88999999,,,,0.03890427306125591,,-3.230478589420655,,,-0.8183593251486766,,20192364.416666668,"CVM ITR 2021, ref 2021-09-30, receipt 2021-11-16; CVM DFP 2020 TTM bridge; market snapshot: B3 COTAHIST 2022-01-03; CVM FRE document 103069, received 2021-04-26",2022-01-03,official_b3_isin_cnpj,B3/CVM point-in-time full-universe gate
LEVE3.SA,2021-09-30,2021-11-11,"Máquinas, Equipamentos, Veículos e Peças",False,3944203290.0,7.332282296908665,2.298070273977152,5.63973838967307,0.0757425462215463,0.31341813925331713,0.41515464960299014,,,0.19985137304582945,,19899723.216666665,"CVM ITR 2021, ref 2021-09-30, receipt 2021-11-11; CVM DFP 2020 TTM bridge; market snapshot: B3 COTAHIST 2022-01-03; CVM FRE document 103257, received 2021-04-30",2022-01-03,official_b3_isin_cnpj,B3/CVM point-in-time full-universe gate
ENAT3.SA,2021-09-30,2021-11-10,Emp. Adm. Part. - Petróleo e Gás,False,3548522181.75,4.480836360841132,1.0234417254020773,3.965753229471583,0.15153801285661078,0.22840417345880473,0.25692805056800344,,,0.8458793443969288,,19678707.15,"CVM ITR 2021, ref 2021-09-30, receipt 2021-11-10; CVM DFP 2020 TTM bridge; market snapshot: B3 COTAHIST 2022-01-03; CVM FRE document 103825, received 2021-05-11",2022-01-03,official_b3_isin_cnpj,B3/CVM point-in-time full-universe gate
RCSL3.SA,2021-09-30,2021-11-09,"Máquinas, Equipamentos, Veículos e Peças",False,18077487.3,,,21.496586005434782,-0.9446556214701365,,,,,0.013536876954202685,,18269316.85,"CVM ITR 2021, ref 2021-09-30, receipt 2021-11-09; CVM DFP 2020 TTM bridge; market snapshot: B3 COTAHIST 2022-01-03; CVM FRE document 103406, received 2021-05-05",2022-01-03,official_b3_isin_cnpj,B3/CVM point-in-time full-universe gate
GRND3.SA,2021-09-30,2021-10-28,Têxtil e Vestuário,False,7298474400.0,10.742608350076171,1.7884113186483057,16.648005257880044,0.08361953013084487,0.16647831330792442,0.10659649536732195,,,0.18527372568973835,,18210495.2,"CVM ITR 2021, ref 2021-09-30, receipt 2021-10-28; CVM DFP 2020 TTM bridge; market snapshot: B3 COTAHIST 2022-01-03; CVM FRE document 103471, received 2021-05-06",2022-01-03,official_b3_isin_cnpj,B3/CVM point-in-time full-universe gate
LUPA3.SA,2021-09-30,2021-11-17,"Máquinas, Equipamentos, Veículos e Peças",False,150931815.29999998,1.5602445346096592,1.133257863557184,22.85486779646832,-0.0633862382227639,0.7263334935127342,0.046795511954414615,,,0.14631189694862123,,18046820.466666665,"CVM ITR 2021, ref 2021-09-30, receipt 2021-11-17; CVM DFP 2020 TTM bridge; market snapshot: B3 COTAHIST 2022-01-03; CVM FRE document 104916, received 2021-05-27",2022-01-03,official_b3_isin_cnpj,B3/CVM point-in-time full-universe gate
BLAU3.SA,2021-09-30,2021-11-08,Farmacêutico e Higiene,False,4926920000.0,13.928791536856627,2.98389084608336,11.111677312554344,-0.1395281433431028,0.2142246754277111,0.23447549174563267,,,0.3532571095252687,,17338217.45,"CVM ITR 2021, ref 2021-09-30, receipt 2021-11-08; CVM DFP 2020 TTM bridge; market snapshot: B3 COTAHIST 2022-01-03; CVM FRE document 99544, received 2021-01-12",2022-01-03,official_b3_isin_cnpj,B3/CVM point-in-time full-universe gate
LOGN3.SA,2021-09-30,2021-11-10,Serviços Transporte e Logística,False,2500093826.7,11.91133452775713,5.707833425872866,14.77487724600022,0.12293618612133828,0.4791934449134839,0.1496829656926107,,,0.1914232087604272,,16885877.383333333,"CVM ITR 2021, ref 2021-09-30, receipt 2021-11-10; CVM DFP 2020 TTM bridge; market snapshot: B3 COTAHIST 2022-01-03; CVM FRE document 104792, received 2021-05-24",2022-01-03,official_b3_isin_cnpj,B3/CVM point-in-time full-universe gate
LOGG3.SA,2021-09-30,2021-10-27,"Construção Civil, Mat. Constr. e Decoração",False,2481445850.66,7.471308977388372,0.7423613051424338,9.454268759439286,-0.1754912362420384,0.09936161218725684,0.08468865910182448,,,2.487903554818179,,16574589.483333332,"CVM ITR 2021, ref 2021-09-30, receipt 2021-10-27; CVM DFP 2020 TTM bridge; market snapshot: B3 COTAHIST 2022-01-03; CVM FRE document 97132, received 2020-09-22",2022-01-03,official_b3_isin_cnpj,B3/CVM point-in-time full-universe gate
BMOB3.SA,2021-09-30,2021-11-11,Comunicação e Informática,False,1300000015.6000001,14.99786586831874,1.272522438583663,7.13245716291791,-0.17123153640676,0.08484690086952436,0.2057838215627373,,,0.3296063076881677,,16493776.666666666,"CVM ITR 2021, ref 2021-09-30, receipt 2021-11-11; CVM DFP 2020 TTM bridge; market snapshot: B3 COTAHIST 2022-01-03; CVM FRE document 104839, received 2021-05-25",2022-01-03,official_b3_isin_cnpj,B3/CVM point-in-time full-universe gate
BRPR3.SA,2021-09-30,2021-11-04,Emp. Adm. Part. - Sem Setor Principal,False,3479892803.64,14.799237916305179,0.48638143201813416,13.659786424988138,-0.2861970342759532,0.03286530257630763,0.043605577513886565,,,1.2083708137545777,,16142565.316666666,"CVM ITR 2021, ref 2021-09-30, receipt 2021-11-04; CVM DFP 2020 TTM bridge; market snapshot: B3 COTAHIST 2022-01-03; CVM FRE document 103548, received 2021-05-07",2022-01-03,official_b3_isin_cnpj,B3/CVM point-in-time full-universe gate
AERI3.SA,2021-09-30,2021-11-09,"Máquinas, Equipamentos, Veículos e Peças",False,5018698136.8,75.23157153050518,4.934976264473212,29.701526636751154,-0.0858105007037928,0.06559714444449907,0.12050276135914684,,,0.07063473833892706,,14638147.9,"CVM ITR 2021, ref 2021-09-30, receipt 2021-11-09; CVM DFP 2020 TTM bridge; market snapshot: B3 COTAHIST 2022-01-03; CVM FRE document 103623, received 2021-05-07",2022-01-03,official_b3_isin_cnpj,B3/CVM point-in-time full-universe gate
HBSA3.SA,2021-09-30,2021-11-16,Serviços Transporte e Logística,False,2577697159.77,,1.8055209762515978,24.662080461293687,-0.03819727217637365,-0.08054914458822911,0.048682960902626055,,,0.21617072237396373,,13942684.45,"CVM ITR 2021, ref 2021-09-30, receipt 2021-11-16; CVM DFP 2020 TTM bridge; market snapshot: B3 COTAHIST 2022-01-03; CVM FRE document 104716, received 2021-05-21",2022-01-03,official_b3_isin_cnpj,B3/CVM point-in-time full-universe gate
POMO4.SA,2021-09-30,2021-11-03,"Máquinas, Equipamentos, Veículos e Peças",False,1791590728.48,4.172972730846991,0.6187002491182716,9.655660230406339,0.06046023697158757,0.14826366933691745,0.07545481452928503,,,0.08895169292689487,,12793579.033333331,"CVM ITR 2021, ref 2021-09-30, receipt 2021-11-03; CVM DFP 2020 TTM bridge; market snapshot: B3 COTAHIST 2022-01-03; CVM FRE document 102636, received 2021-04-05",2022-01-03,official_b3_isin_cnpj,B3/CVM point-in-time full-universe gate
EVEN3.SA,2021-09-30,2021-11-10,"Construção Civil, Mat. Constr. e Decoração",False,1339840000.0,9.664375311064147,0.5201979317721649,4.719798517905529,0.4244118700740387,0.053826337971024624,0.12090846808486984,,,0.15911509911175242,,12572094.433333334,"CVM ITR 2021, ref 2021-09-30, receipt 2021-11-10; CVM DFP 2020 TTM bridge; market snapshot: B3 COTAHIST 2022-01-03; CVM FRE document 104753, received 2021-05-24",2022-01-03,official_b3_isin_cnpj,B3/CVM point-in-time full-universe gate
PNVL3.SA,2021-09-30,2021-11-16,Comércio (Atacado e Varejo),False,1755292584.0,22.244798803670097,1.7052503084482769,23.750274864446922,-0.10099683757337631,0.07665838308984539,0.06007712055054524,,,0.03259021285676146,,12385420.8,"CVM ITR 2021, ref 2021-09-30, receipt 2021-11-16; CVM DFP 2020 TTM bridge; market snapshot: B3 COTAHIST 2022-01-03; CVM FRE document 103126, received 2021-04-28",2022-01-03,official_b3_isin_cnpj,B3/CVM point-in-time full-universe gate
MOSI3.SA,2021-09-30,2021-11-16,Comunicação e Informática,False,1046947100.5999999,32.40218812788214,1.5618220396606481,36.692315020396265,0.012716019741943398,0.04820112868601912,0.10800774181366146,,,0.06265460553339479,,12307955.883333333,"CVM ITR 2021, ref 2021-09-30, receipt 2021-11-16; CVM DFP 2020 TTM bridge; market snapshot: B3 COTAHIST 2022-01-03; CVM FRE document 103760, received 2021-05-11",2022-01-03,official_b3_isin_cnpj,B3/CVM point-in-time full-universe gate
ORVR3.SA,2021-09-30,2021-11-11,"Saneamento, Serv. Água e Gás",False,1807684241.0,,4.70207427089511,37.04859638651396,-0.1428435310456413,-0.08854345496353175,0.0866672466127524,,,0.14560339900462196,,11025404.516666668,"CVM ITR 2021, ref 2021-09-30, receipt 2021-11-11; CVM DFP 2020 TTM bridge; market snapshot: B3 COTAHIST 2022-01-03; CVM FRE document 103012, received 2021-04-22",2022-01-03,official_b3_isin_cnpj,B3/CVM point-in-time full-universe gate
PGMN3.SA,2021-09-30,2021-11-03,Comércio (Atacado e Varejo),False,4082785770.3999996,22.564806176769686,1.9650516125771826,11.44723476390407,0.0875732943403912,0.08708479909746311,0.15661653032359749,,,0.05342119595050424,,10246788.033333331,"CVM ITR 2021, ref 2021-09-30, receipt 2021-11-03; CVM DFP 2020 TTM bridge; market snapshot: B3 COTAHIST 2022-01-03; CVM FRE document 103466, received 2021-05-06",2022-01-03,official_b3_isin_cnpj,B3/CVM point-in-time full-universe gate
TRIS3.SA,2021-09-30,2021-11-11,"Emp. Adm. Part. - Const. Civil, Mat. Const. e Decoração",False,1058121440.46,6.039919631824098,0.8138938663136609,6.363581266758804,-0.07258240601061074,0.13475243313260102,0.13185665724678214,,,0.2315707833066823,,10136716.333333334,"CVM ITR 2021, ref 2021-09-30, receipt 2021-11-11; CVM DFP 2020 TTM bridge; market snapshot: B3 COTAHIST 2022-01-03; CVM FRE document 103554, received 2021-05-07",2022-01-03,official_b3_isin_cnpj,B3/CVM point-in-time full-universe gate
SEER3.SA,2021-09-30,2021-11-12,Educação,False,1293651678.0,7.586554448477882,0.8863159395525982,4.5207217063158,-0.07198382809193866,0.11682720338617263,0.19762609979810672,,,0.22858473862879025,,10010815.233333332,"CVM ITR 2021, ref 2021-09-30, receipt 2021-11-12; CVM DFP 2020 TTM bridge; market snapshot: B3 COTAHIST 2022-01-03; CVM FRE document 104783, received 2021-05-24",2022-01-03,official_b3_isin_cnpj,B3/CVM point-in-time full-universe gate
BRAP3.SA,2021-09-30,2021-11-11,Emp. Adm. Part. - Extração Mineral,False,2651120443.2999997,0.48695788093860487,0.1822457933312481,0.017881833360695352,1.5804872278018394,0.37425370954048787,0.44749861759575654,,,,,9890331.533333331,"CVM ITR 2021, ref 2021-09-30, receipt 2021-11-11; CVM DFP 2020 TTM bridge; market snapshot: B3 COTAHIST 2022-01-03; CVM FRE document 104581, received 2021-05-18",2022-01-03,official_b3_isin_cnpj,B3/CVM point-in-time full-universe gate
KEPL3.SA,2021-09-30,2021-10-27,Emp. Adm. Part. - Metalurgia e Siderurgia,False,1011169045.53,11.122870623700623,1.4715554775789028,5.872598151326053,0.0910352234445145,0.1322999724948082,0.32308915124777404,,,0.110326500697449,,9884375.416666666,"CVM ITR 2021, ref 2021-09-30, receipt 2021-10-27; CVM DFP 2020 TTM bridge; market snapshot: B3 COTAHIST 2022-01-03; CVM FRE document 103011, received 2021-04-22",2022-01-03,official_b3_isin_cnpj,B3/CVM point-in-time full-universe gate
CPLE3.SA,2021-09-30,2021-11-10,Energia Elétrica,False,6292920046.2,1.0895174804938748,0.28712349278554844,2.03306455392431,0.6729567464562395,0.2635327086770525,0.2126442876851655,,,0.2539549477945025,,9708645.933333334,"CVM ITR 2021, ref 2021-09-30, receipt 2021-11-10; CVM DFP 2020 TTM bridge; market snapshot: B3 COTAHIST 2022-01-03; CVM FRE document 103292, received 2021-05-03",2022-01-03,official_b3_isin_cnpj,B3/CVM point-in-time full-universe gate
DASA3.SA,2021-09-30,2021-11-11,Serviços Médicos,False,15626447135.0,,2.0968693633823228,107.00945984652829,-0.13521013329176057,-0.0034991999087526965,0.015730455800192833,,,0.01886920726828171,,9306087.55,"CVM ITR 2021, ref 2021-09-30, receipt 2021-11-11; CVM DFP 2020 TTM bridge; market snapshot: B3 COTAHIST 2022-01-03; CVM FRE document 100193, received 2021-02-15",2022-01-03,official_b3_isin_cnpj,B3/CVM point-in-time full-universe gate
BOAS3.SA,2021-09-30,2021-11-16,Comunicação e Informática,False,3382757504.0,18.06256676633917,1.6897135393070128,10.967598568674957,-0.01007255174505113,0.09354780863459061,0.23454647530613243,,,0.28764496558813013,,8716777.616666667,"CVM ITR 2021, ref 2021-09-30, receipt 2021-11-16; CVM DFP 2020 TTM bridge; market snapshot: B3 COTAHIST 2022-01-03; CVM FRE document 103323, received 2021-05-03",2022-01-03,official_b3_isin_cnpj,B3/CVM point-in-time full-universe gate
MILS3.SA,2021-09-30,2021-11-11,Serviços Transporte e Logística,False,1536933003.0,23.1612315470629,1.4095595626781514,13.064940284403253,0.07841721126734111,0.060858575668308934,0.11102166564275144,,,0.16497823375626605,,8593927.566666666,"CVM ITR 2021, ref 2021-09-30, receipt 2021-11-11; CVM DFP 2020 TTM bridge; market snapshot: B3 COTAHIST 2022-01-03; CVM FRE document 104869, received 2021-05-26",2022-01-03,official_b3_isin_cnpj,B3/CVM point-in-time full-universe gate
VULC3.SA,2021-09-30,2021-11-09,Têxtil e Vestuário,False,2172486098.64,7.564313962437587,1.7041151594191302,8.764163573179166,-0.07011506315062568,0.22528350460878835,0.17919781259752138,,,0.16524491201336283,,8287204.95,"CVM ITR 2021, ref 2021-09-30, receipt 2021-11-09; CVM DFP 2020 TTM bridge; market snapshot: B3 COTAHIST 2022-01-03; CVM FRE document 104394, received 2021-05-17",2022-01-03,official_b3_isin_cnpj,B3/CVM point-in-time full-universe gate
MEAL3.SA,2021-09-30,2021-11-12,Alimentos,False,672968395.5,,0.5811215529367878,,-0.06325854272602316,-0.06761792010887258,-0.016436618151534375,,,-0.013289432263882862,,7926949.1,"CVM ITR 2021, ref 2021-09-30, receipt 2021-11-12; CVM DFP 2020 TTM bridge; market snapshot: B3 COTAHIST 2022-01-03; CVM FRE document 104652, received 2021-05-20",2022-01-03,official_b3_isin_cnpj,B3/CVM point-in-time full-universe gate
JALL3.SA,2021-09-30,2021-11-25,"Agricultura (Açúcar, Álcool e Cana)",False,2913849252.4500003,21.861302236135288,2.415079739424777,7.451961698824275,0.07801055590260002,0.11047282148786224,0.2563434212462493,,,0.4354329660417548,,7424893.233333333,"CVM ITR 2021, ref 2021-09-30, receipt 2021-11-25; CVM DFP 2020 TTM bridge; market snapshot: B3 COTAHIST 2022-01-03; CVM FRE document 104794, received 2021-05-24",2022-01-03,official_b3_isin_cnpj,B3/CVM point-in-time full-universe gate
CMIG3.SA,2021-09-30,2021-11-11,Energia Elétrica,False,10245263075.400002,3.5753853256972,0.5055056802133283,3.014430828580755,0.5277120714432132,0.14138495131703174,0.2237604618830597,,,0.22044628847672618,,7388776.833333333,"CVM ITR 2021, ref 2021-09-30, receipt 2021-11-11; CVM DFP 2020 TTM bridge; market snapshot: B3 COTAHIST 2022-01-03; CVM FRE document 104644, received 2021-05-20",2022-01-03,official_b3_isin_cnpj,B3/CVM point-in-time full-universe gate
PARD3.SA,2021-09-30,2021-11-10,Serviços Médicos,False,2479424803.35,11.420342152450877,2.8764830124575966,6.892544513827302,0.17142443659744314,0.2518736281329615,0.39694633548452185,,,0.18625375871031227,,7337038.85,"CVM ITR 2021, ref 2021-09-30, receipt 2021-11-10; CVM DFP 2020 TTM bridge; market snapshot: B3 COTAHIST 2022-01-03; CVM FRE document 104594, received 2021-05-19",2022-01-03,official_b3_isin_cnpj,B3/CVM point-in-time full-universe gate
NGRD3.SA,2021-09-30,2021-11-11,Comunicação e Informática,False,396062838.59999996,19.143643414374786,0.8375316162429978,12.935825667601913,-0.560996837737657,0.04374985461827517,0.06463333198213862,,,0.1280745068529056,,7240987.35,"CVM ITR 2021, ref 2021-09-30, receipt 2021-11-11; CVM DFP 2020 TTM bridge; market snapshot: B3 COTAHIST 2022-01-03; CVM FRE document 103758, received 2021-05-11",2022-01-03,official_b3_isin_cnpj,B3/CVM point-in-time full-universe gate
LAVV3.SA,2021-09-30,2021-11-11,"Construção Civil, Mat. Constr. e Decoração",False,1051680394.8000001,4.456461692444595,0.7292134546100019,5.178111648355787,-0.9456095263515127,0.16363058967752314,0.14252304472084693,,,0.3128328898483414,,7145765.466666667,"CVM ITR 2021, ref 2021-09-30, receipt 2021-11-11; CVM DFP 2020 TTM bridge; market snapshot: B3 COTAHIST 2022-01-03; CVM FRE document 102247, received 2021-03-25",2022-01-03,official_b3_isin_cnpj,B3/CVM point-in-time full-universe gate
HBOR3.SA,2021-09-30,2021-11-10,"Construção Civil, Mat. Constr. e Decoração",False,591621738.24,3.488479702817923,0.3213683281530257,10.510237987384118,0.2877395960912824,0.09212274558840944,0.05488094867101239,,,0.1613066377276212,,7015085.45,"CVM ITR 2021, ref 2021-09-30, receipt 2021-11-10; CVM DFP 2020 TTM bridge; market snapshot: B3 COTAHIST 2022-01-03; CVM FRE document 104562, received 2021-05-18",2022-01-03,official_b3_isin_cnpj,B3/CVM point-in-time full-universe gate
TGMA3.SA,2021-09-30,2021-11-04,Serviços Transporte e Logística,False,972882967.1,9.07929677940161,1.453261443906024,7.501087885073184,0.13196551316208155,0.16006321626175596,0.19542277038158423,,,0.12535257597125815,,6392541.383333334,"CVM ITR 2021, ref 2021-09-30, receipt 2021-11-04; CVM DFP 2020 TTM bridge; market snapshot: B3 COTAHIST 2022-01-03; CVM FRE document 103493, received 2021-05-06",2022-01-03,official_b3_isin_cnpj,B3/CVM point-in-time full-universe gate
CURY3.SA,2021-09-30,2021-11-11,"Construção Civil, Mat. Constr. e Decoração",False,1946806836.96,7.002398521545213,2.5710874348381916,5.926832751028965,0.06568499636033864,0.36717239484833436,0.44263444976207145,,,0.20369809813531348,,6039370.75,"CVM ITR 2021, ref 2021-09-30, receipt 2021-11-11; CVM DFP 2020 TTM bridge; market snapshot: B3 COTAHIST 2022-01-03; CVM FRE document 103656, received 2021-05-10",2022-01-03,official_b3_isin_cnpj,B3/CVM point-in-time full-universe gate
POWE3.SA,2021-09-30,2021-11-11,Emp. Adm. Part. - Energia Elétrica,False,927927759.6,22.7099304845815,0.9391572629936147,13.119147216983674,-0.4974837698561723,0.04135447546311243,0.07042818291063184,,,0.03523205175745779,,5868045.466666667,"CVM ITR 2021, ref 2021-09-30, receipt 2021-11-11; CVM DFP 2020 TTM bridge; market snapshot: B3 COTAHIST 2022-01-03; CVM FRE document 109324, received 2021-10-29",2022-01-03,official_b3_isin_cnpj,B3/CVM point-in-time full-universe gate
CSED3.SA,2021-09-30,2021-11-23,Educação,False,2787302352.0,27.476266235558533,1.9244009610604804,9.06931006097561,0.12539185056447727,0.07003866335266501,0.2075891885905058,,,0.1743697316119343,,5635653.783333333,"CVM ITR 2021, ref 2021-09-30, receipt 2021-11-23; CVM DFP 2020 TTM bridge; market snapshot: B3 COTAHIST 2022-01-03; CVM FRE document 103076, received 2021-04-26",2022-01-03,official_b3_isin_cnpj,B3/CVM point-in-time full-universe gate
MELK3.SA,2021-09-30,2021-11-10,"Emp. Adm. Part. - Const. Civil, Mat. Const. e Decoração",False,806921043.0799999,12.792229475419711,0.6571912003342474,17.347011756044,0.3262524905722403,0.051374250407017895,0.037866695796357375,,,0.06800228377349651,,5592362.95,"CVM ITR 2021, ref 2021-09-30, receipt 2021-11-10; CVM DFP 2020 TTM bridge; market snapshot: B3 COTAHIST 2022-01-03; CVM FRE document 104089, received 2021-05-13",2022-01-03,official_b3_isin_cnpj,B3/CVM point-in-time full-universe gate
ALLD3.SA,2021-09-30,2021-11-10,Comércio (Atacado e Varejo),False,1357548876.75,3.9914290323007444,0.8909917426252167,2.700209457341002,0.13308986740318482,0.22322625190498005,0.32839948804564767,,,0.08394134058300025,,5581609.75,"CVM ITR 2021, ref 2021-09-30, receipt 2021-11-10; CVM DFP 2020 TTM bridge; market snapshot: B3 COTAHIST 2022-01-03; CVM FRE document 100615, received 2021-03-03",2022-01-03,official_b3_isin_cnpj,B3/CVM point-in-time full-universe gate
TPIS3.SA,2021-09-30,2021-11-11,Emp. Adm. Part. - Serviços Transporte e Logística,False,374880000.0,1.3204742548380053,0.39861386833450474,7.268691137626377,0.43348538198890313,0.3018717456050716,0.10718945518975043,,,0.2611384007360112,,4977409.216666667,"CVM ITR 2021, ref 2021-09-30, receipt 2021-11-11; CVM DFP 2020 TTM bridge; market snapshot: B3 COTAHIST 2022-01-03; CVM FRE document 104605, received 2021-05-19",2022-01-03,official_b3_isin_cnpj,B3/CVM point-in-time full-universe gate
UNIP3.SA,2021-09-30,2021-11-11,Petroquímicos e Borracha,False,3267789030.0,2.0360436830594963,1.2733851669886704,1.5427599571171207,0.16768738586529866,0.6254213392294198,0.8158783235638576,,,0.4079826402449661,,4770432.416666667,"CVM ITR 2021, ref 2021-09-30, receipt 2021-11-11; CVM DFP 2020 TTM bridge; market snapshot: B3 COTAHIST 2022-01-03; CVM FRE document 104656, received 2021-05-20",2022-01-03,official_b3_isin_cnpj,B3/CVM point-in-time full-universe gate
SOJA3.SA,2021-09-30,2021-11-16,Alimentos,False,137905920.6,1.0167203925153718,0.22006217103793396,0.1120232789051187,-1.7082225257267165,0.21644315650392235,0.296431609138562,,,0.17159839876151348,,4724480.95,"CVM ITR 2021, ref 2021-09-30, receipt 2021-11-16; CVM DFP 2020 TTM bridge; market snapshot: B3 COTAHIST 2022-01-03; CVM FRE document 97783, received 2020-10-21",2022-01-03,official_b3_isin_cnpj,B3/CVM point-in-time full-universe gate
USIM3.SA,2021-09-30,2021-10-29,Metalurgia e Siderurgia,False,10035859533.32,1.0581270039372448,0.4373374982942684,0.9173232556215587,0.371581227060713,0.4133128600507826,0.4870423057335615,,,0.3647751975000337,,4672547.383333334,"CVM ITR 2021, ref 2021-09-30, receipt 2021-10-29; CVM DFP 2020 TTM bridge; market snapshot: B3 COTAHIST 2022-01-03; CVM FRE document 104238, received 2021-05-14",2022-01-03,official_b3_isin_cnpj,B3/CVM point-in-time full-universe gate
CARD3.SA,2021-09-30,2021-11-09,Emp. Adm. Part. - Sem Setor Principal,False,525844000.0,9.09277031349968,1.6428825834025882,6.113289809564687,0.12381809053635678,0.18068009272855654,0.26391505496864043,,,0.17599548352340835,,4618307.35,"CVM ITR 2021, ref 2021-09-30, receipt 2021-11-09; CVM DFP 2020 TTM bridge; market snapshot: B3 COTAHIST 2022-01-03; CVM FRE document 102857, received 2021-04-14",2022-01-03,official_b3_issuer_unique_prefix,B3/CVM point-in-time full-universe gate
BRIT3.SA,2021-09-30,2021-11-12,Emp. Adm. Part. - Telecomunicações,False,2110746105.2,102.57294708912431,1.5739174792219395,21.481844389819774,-0.25715740925106123,0.01534437221399501,0.07564213114301535,,,0.13828631312696496,,4436419.466666667,"CVM ITR 2021, ref 2021-09-30, receipt 2021-11-12; CVM DFP 2020 TTM bridge; market snapshot: B3 COTAHIST 2022-01-03; CVM FRE document 109113, received 2021-10-21",2022-01-03,official_b3_isin_cnpj,B3/CVM point-in-time full-universe gate
WEST3.SA,2021-09-30,2021-11-11,Comércio (Atacado e Varejo),False,344883334.98,,0.8695407397378394,,-0.41549412646543177,-0.07754136758213637,-0.39281715963850533,,,-0.15944481946754038,,3897566.233333333,"CVM ITR 2021, ref 2021-09-30, receipt 2021-11-11; CVM DFP 2020 TTM bridge; market snapshot: B3 COTAHIST 2022-01-03; CVM FRE document 103041, received 2021-04-23",2022-01-03,official_b3_isin_cnpj,B3/CVM point-in-time full-universe gate
TCSA3.SA,2021-09-30,2021-11-11,"Construção Civil, Mat. Constr. e Decoração",False,250305382.0,,0.36936775280782813,,-0.609279747728317,-0.23263765404133938,-0.09224744406763925,,,-0.6177680268774136,,3897529.866666666,"CVM ITR 2021, ref 2021-09-30, receipt 2021-11-11; CVM DFP 2020 TTM bridge; market snapshot: B3 COTAHIST 2022-01-03; CVM FRE document 104836, received 2021-05-25",2022-01-03,official_b3_isin_cnpj,B3/CVM point-in-time full-universe gate
VLID3.SA,2021-09-30,2021-11-10,Comunicação e Informática,False,689391250.8000001,,0.5367727903974536,25.727311499657326,-0.09087582693760522,-0.017375650730422028,0.028401261694850192,,,0.02914157731730835,,3669521.4,"CVM ITR 2021, ref 2021-09-30, receipt 2021-11-10; CVM DFP 2020 TTM bridge; market snapshot: B3 COTAHIST 2022-01-03; CVM FRE document 104615, received 2021-05-19",2022-01-03,official_b3_isin_cnpj,B3/CVM point-in-time full-universe gate
IGTI3.SA,2021-09-30,2021-11-10,Emp. Adm. Part. - Comércio (Atacado e Varejo),False,219722935.0,0.6521206846404065,0.06371521402249547,10.711520484563218,-1.668983713511746,0.09770463584915946,0.04930521323537256,,,0.4636635877250969,,3499122.9310344825,"CVM ITR 2021, ref 2021-09-30, receipt 2021-11-10; CVM DFP 2020 TTM bridge; market snapshot: B3 COTAHIST 2022-01-03; CVM FRE document 103221, received 2021-04-30",2022-01-03,official_b3_isin_cnpj,B3/CVM point-in-time full-universe gate
PLPL3.SA,2021-09-30,2021-11-11,"Construção Civil, Mat. Constr. e Decoração",False,635236160.0,4.042897074921718,1.9365480070116607,4.082435057174147,0.07998757501462134,0.4790000762137032,0.42111411275030786,,,0.14412554350830556,,3464762.95,"CVM ITR 2021, ref 2021-09-30, receipt 2021-11-11; CVM DFP 2020 TTM bridge; market snapshot: B3 COTAHIST 2022-01-03; CVM FRE document 99214, received 2020-12-15",2022-01-03,official_b3_isin_cnpj,B3/CVM point-in-time full-universe gate
LPSB3.SA,2021-09-30,2021-11-16,"Emp. Adm. Part. - Const. Civil, Mat. Const. e Decoração",False,315766910.34000003,4.256479211970075,1.4570270872093025,4.920702730496455,-0.12432905005064691,0.3423080472499077,0.31427373438672374,,,0.2566720586843777,,3422383.2666666666,"CVM ITR 2021, ref 2021-09-30, receipt 2021-11-16; CVM DFP 2020 TTM bridge; market snapshot: B3 COTAHIST 2022-01-03; CVM FRE document 104556, received 2021-05-18",2022-01-03,official_b3_isin_cnpj,B3/CVM point-in-time full-universe gate
KLBN4.SA,2021-09-30,2021-10-26,Papel e Celulose,False,17751544088.219997,4.821472751194534,2.7491290414442773,8.399368584671231,-0.022915189685946306,0.570184502393625,0.16640149963408746,,,0.3110787530673826,,2816367.683333333,"CVM ITR 2021, ref 2021-09-30, receipt 2021-10-26; CVM DFP 2020 TTM bridge; market snapshot: B3 COTAHIST 2022-01-03; CVM FRE document 103545, received 2021-05-07",2022-01-03,official_b3_isin_cnpj,B3/CVM point-in-time full-universe gate
ELMD3.SA,2021-09-30,2021-11-10,Emp. Adm. Part. - Comunicação e Informática,False,1325504044.8,,1.7656272450571247,,-0.060174090236016456,-0.05029391509829805,-0.041722207933447095,,,-0.0918505190788793,,2789731.05,"CVM ITR 2021, ref 2021-09-30, receipt 2021-11-10; CVM DFP 2020 TTM bridge; market snapshot: B3 COTAHIST 2022-01-03; CVM FRE document 102771, received 2021-04-08",2022-01-03,official_b3_isin_cnpj,B3/CVM point-in-time full-universe gate
CRPG5.SA,2021-09-30,2021-11-12,Petroquímicos e Borracha,False,830385772.64,2.878286906897747,0.9542262035648498,2.748292004575451,0.12371117543765532,0.3315257423705987,0.34205140552579305,,,0.23313729150469453,,2568107.35,"CVM ITR 2021, ref 2021-09-30, receipt 2021-11-12; CVM DFP 2020 TTM bridge; market snapshot: B3 COTAHIST 2022-01-03; CVM FRE document 105219, received 2021-05-31",2022-01-03,official_b3_isin_cnpj,B3/CVM point-in-time full-universe gate
SHOW3.SA,2021-09-30,2021-11-11,Brinquedos e Lazer,False,226802234.4,,1.4761830136487006,,-0.06596054946097127,-0.6605268125044748,-0.9757630669913359,,,-7.202993060780871,,2406901.9166666665,"CVM ITR 2021, ref 2021-09-30, receipt 2021-11-11; CVM DFP 2020 TTM bridge; market snapshot: B3 COTAHIST 2022-01-03; CVM FRE document 103752, received 2021-05-11",2022-01-03,official_b3_isin_cnpj,B3/CVM point-in-time full-universe gate
BRKM3.SA,2021-09-30,2021-11-09,Petroquímicos e Borracha,False,25338611377.2,1.7631832571912802,2.275682459445233,2.0147771996157373,0.45708037538400514,1.2906670081874274,0.7096584244347256,,,0.24391421414476777,,2311297.95,"CVM ITR 2021, ref 2021-09-30, receipt 2021-11-09; CVM DFP 2020 TTM bridge; market snapshot: B3 COTAHIST 2022-01-03; CVM FRE document 103022, received 2021-04-22",2022-01-03,official_b3_isin_cnpj,B3/CVM point-in-time full-universe gate
TAEE4.SA,2021-09-30,2021-11-10,Emp. Adm. Part. - Energia Elétrica,False,5357670089.2,2.108717865143951,0.7735781650398819,2.9517243272461924,0.20238181559288684,0.3668476365789568,0.29778906666938293,,,0.9834683721663953,,2298757.55,"CVM ITR 2021, ref 2021-09-30, receipt 2021-11-10; CVM DFP 2020 TTM bridge; market snapshot: B3 COTAHIST 2022-01-03; CVM FRE document 104614, received 2021-05-19",2022-01-03,official_b3_isin_cnpj,B3/CVM point-in-time full-universe gate
ITSA3.SA,2021-09-30,2021-11-08,Emp. Adm. Part. - Intermediação Financeira,True,26557609106.3,2.0979231460857886,0.399963992564759,,,0.1906475903614458,,,,,,2219477.933333333,"CVM ITR 2021, ref 2021-09-30, receipt 2021-11-08; CVM DFP 2020 TTM bridge; market snapshot: B3 COTAHIST 2022-01-03; CVM FRE document 104621, received 2021-05-19",2022-01-03,official_b3_isin_cnpj,B3/CVM point-in-time full-universe gate
AZEV4.SA,2021-09-30,2021-11-16,"Construção Civil, Mat. Constr. e Decoração",False,149556000.0,1.3870638645174453,3.3544769424008614,0.7819974171330176,0.40681082671373936,2.41840122016867,,,,2.9625567515176248,,2174833.2333333334,"CVM ITR 2021, ref 2021-09-30, receipt 2021-11-16; CVM DFP 2020 TTM bridge; market snapshot: B3 COTAHIST 2022-01-03; CVM FRE document 108240, received 2021-08-24",2022-01-03,official_b3_isin_cnpj,B3/CVM point-in-time full-universe gate
TFCO4.SA,2021-09-30,2021-11-11,Têxtil e Vestuário,False,874713297.6,13.886762730000477,3.5618987991448643,11.013644274298457,-0.012947099387962934,0.25649597882520614,0.3106478131687116,,,0.19956632678290626,,2081694.65,"CVM ITR 2021, ref 2021-09-30, receipt 2021-11-11; CVM DFP 2020 TTM bridge; market snapshot: B3 COTAHIST 2022-01-03; CVM FRE document 104412, received 2021-05-17",2022-01-03,official_b3_isin_cnpj,B3/CVM point-in-time full-universe gate
RCSL4.SA,2021-09-30,2021-11-09,"Máquinas, Equipamentos, Veículos e Peças",False,70076049.36,,,92.14680619565218,-0.24369239070928128,,,,,0.013536876954202685,,2020377.8,"CVM ITR 2021, ref 2021-09-30, receipt 2021-11-09; CVM DFP 2020 TTM bridge; market snapshot: B3 COTAHIST 2022-01-03; CVM FRE document 103406, received 2021-05-05",2022-01-03,official_b3_isin_cnpj,B3/CVM point-in-time full-universe gate
MDNE3.SA,2021-09-30,2021-11-10,"Construção Civil, Mat. Constr. e Decoração",False,458510625.00000006,5.782631383133017,0.43238383195416935,8.262239200069258,0.29359843078881753,0.07477285050805102,0.053521453062737465,,,0.08655377933769237,,1871391.1166666667,"CVM ITR 2021, ref 2021-09-30, receipt 2021-11-10; CVM DFP 2020 TTM bridge; market snapshot: B3 COTAHIST 2022-01-03; CVM FRE document 99669, received 2021-01-21",2022-01-03,official_b3_isin_cnpj,B3/CVM point-in-time full-universe gate
GGBR3.SA,2021-09-30,2021-10-27,Metalurgia e Siderurgia,False,12837783069.539999,0.983304909295904,0.3108542177450731,1.362151647327882,0.33785654240342405,0.3161320713507476,0.3503601897773325,,,0.27090900404167934,,1803866.3333333333,"CVM ITR 2021, ref 2021-09-30, receipt 2021-10-27; CVM DFP 2020 TTM bridge; market snapshot: B3 COTAHIST 2022-01-03; CVM FRE document 104022, received 2021-05-13",2022-01-03,official_b3_isin_cnpj,B3/CVM point-in-time full-universe gate
BLUT3.SA,2021-06-30,2021-09-09,Alimentos,False,10908390.319999998,,0.185918400627205,,-0.1233912576021574,-0.1478704003545072,-0.12849564577456152,,,,,1680330.611111111,"CVM ITR 2021, ref 2021-06-30, receipt 2021-09-09; CVM DFP 2020 TTM bridge; market snapshot: B3 COTAHIST 2022-01-03; CVM FRE document 111022, received 2021-12-29",2022-01-03,official_b3_isin_cnpj,B3/CVM point-in-time full-universe gate
GOAU3.SA,2021-09-30,2021-10-27,Emp. Adm. Part. - Metalurgia e Siderurgia,False,3877480954.62,0.29747570235835136,0.09044254799006632,0.8941840647275635,0.7056583983320043,0.30403339591451917,0.3398379594385004,,,0.2703690265020181,,1612865.2166666666,"CVM ITR 2021, ref 2021-09-30, receipt 2021-10-27; CVM DFP 2020 TTM bridge; market snapshot: B3 COTAHIST 2022-01-03; CVM FRE document 104259, received 2021-05-14",2022-01-03,official_b3_isin_cnpj,B3/CVM point-in-time full-universe gate
IGBR3.SA,2021-06-30,2021-11-24,"Máquinas, Equipamentos, Veículos e Peças",False,331131499.68,,,,-0.005019154026742032,,,,,-11.525560538116592,,1399384.9666666666,"CVM ITR 2021, ref 2021-06-30, receipt 2021-11-24; CVM DFP 2020 TTM bridge; market snapshot: B3 COTAHIST 2022-01-03; CVM FRE document 105340, received 2021-05-31",2022-01-03,official_b3_isin_cnpj,B3/CVM point-in-time full-universe gate
VITT3.SA,2021-09-30,2021-11-11,"Agricultura (Açúcar, Álcool e Cana)",False,1864993405.44,18.392077132995404,4.0638659059838185,15.521127608677158,-0.026742185712036574,0.22095741968661273,0.21519021047218528,,,0.18307635673731754,,1378874.4833333334,"CVM ITR 2021, ref 2021-09-30, receipt 2021-11-11; CVM DFP 2020 TTM bridge; market snapshot: B3 COTAHIST 2022-01-03; CVM FRE document 98746, received 2020-11-17",2022-01-03,official_b3_isin_cnpj,B3/CVM point-in-time full-universe gate
MOAR3.SA,2021-09-30,2021-11-12,Emp. Adm. Part. - Sem Setor Principal,False,4888237179.0,7.898317615560611,3.6969755389774517,8.581308064214678,-0.011692967813745275,0.4680712676955377,0.3656377683144386,,,344.8015828151498,,1317551.2881355933,"CVM ITR 2021, ref 2021-09-30, receipt 2021-11-12; CVM DFP 2020 TTM bridge; market snapshot: B3 COTAHIST 2022-01-03; CVM FRE document 103734, received 2021-05-11",2022-01-03,official_b3_isin_cnpj,B3/CVM point-in-time full-universe gate
OIBR4.SA,2021-09-30,2021-11-10,Telecomunicações,False,200313596.07,,0.18562749145596952,,-30.842769144042556,-4.555208151857632,-0.05099919466308848,,,-0.16708045290453646,,1310480.066666667,"CVM ITR 2021, ref 2021-09-30, receipt 2021-11-10; CVM DFP 2020 TTM bridge; market snapshot: B3 COTAHIST 2022-01-03; CVM FRE document 103854, received 2021-05-12",2022-01-03,official_b3_isin_cnpj,B3/CVM point-in-time full-universe gate
PDTC3.SA,2021-09-30,2021-11-10,Emp. Adm. Part. - Telecomunicações,False,572683386.6999999,16.295338797518777,4.403698588960829,17.980465598337002,0.14549749815538,0.2702428371499316,0.23545010263640415,,,0.09819010452367244,,1270307.9166666667,"CVM ITR 2021, ref 2021-09-30, receipt 2021-11-10; CVM DFP 2020 TTM bridge; market snapshot: B3 COTAHIST 2022-01-03; CVM FRE document 108695, received 2021-09-21",2022-01-03,official_b3_isin_cnpj,B3/CVM point-in-time full-universe gate
LLIS3.SA,2021-09-30,2021-11-12,Emp. Adm. Part. - Comércio (Atacado e Varejo),False,96391160.6,,0.7216743827021846,,0.6023270146204672,-3.6695266759504666,-0.2254277050543923,,,-0.5069658993020206,,1226321.5333333334,"CVM ITR 2021, ref 2021-09-30, receipt 2021-11-12; CVM DFP 2020 TTM bridge; market snapshot: B3 COTAHIST 2022-01-03; CVM FRE document 103607, received 2021-05-07",2022-01-03,unique_cotahist_prefix,B3/CVM point-in-time full-universe gate
PFRM3.SA,2021-09-30,2021-11-10,Comércio (Atacado e Varejo),False,730495360.7,7.516234972064741,0.4889861025987049,8.55908672189814,-0.225808415596143,0.0650573198437912,0.07086251747956186,,,0.02217794655657222,,1189455.3833333333,"CVM ITR 2021, ref 2021-09-30, receipt 2021-11-10; CVM DFP 2020 TTM bridge; market snapshot: B3 COTAHIST 2022-01-03; CVM FRE document 103935, received 2021-05-12",2022-01-03,official_b3_isin_cnpj,B3/CVM point-in-time full-universe gate
BLUT4.SA,2021-06-30,2021-09-09,Alimentos,False,8833690.8,,0.15055802157721612,,-0.15237119234465393,-0.1478704003545072,-0.12849564577456152,,,,,1159702.888888889,"CVM ITR 2021, ref 2021-06-30, receipt 2021-09-09; CVM DFP 2020 TTM bridge; market snapshot: B3 COTAHIST 2022-01-03; CVM FRE document 111022, received 2021-12-29",2022-01-03,official_b3_isin_cnpj,B3/CVM point-in-time full-universe gate
TAEE3.SA,2021-09-30,2021-11-10,Emp. Adm. Part. - Energia Elétrica,False,7188990219.73,2.829504589923974,1.0379970715029203,3.426274666533128,0.15082716304498234,0.3668476365789568,0.29778906666938293,,,0.9834683721663953,,1064377.85,"CVM ITR 2021, ref 2021-09-30, receipt 2021-11-10; CVM DFP 2020 TTM bridge; market snapshot: B3 COTAHIST 2022-01-03; CVM FRE document 104614, received 2021-05-19",2022-01-03,official_b3_isin_cnpj,B3/CVM point-in-time full-universe gate
TASA3.SA,2021-09-30,2021-11-09,"Máquinas, Equipamentos, Veículos e Peças",False,1142090271.26,1.6140451405959624,1.897686353623015,1.8200938166231235,0.23760030781159147,1.1757331352717448,0.8642139099135787,,,0.33612384389254774,,993410.1666666666,"CVM ITR 2021, ref 2021-09-30, receipt 2021-11-09; CVM DFP 2020 TTM bridge; market snapshot: B3 COTAHIST 2022-01-03; CVM FRE document 103755, received 2021-05-11",2022-01-03,official_b3_isin_cnpj,B3/CVM point-in-time full-universe gate
RSID3.SA,2021-09-30,2021-11-10,"Construção Civil, Mat. Constr. e Decoração",False,149577098.64000002,1.0013127415133116,,,0.05582405378845232,,,,,-3.367528800211055,,918332.1333333332,"CVM ITR 2021, ref 2021-09-30, receipt 2021-11-10; CVM DFP 2020 TTM bridge; market snapshot: B3 COTAHIST 2022-01-03; CVM FRE document 103510, received 2021-05-06",2022-01-03,official_b3_isin_cnpj,B3/CVM point-in-time full-universe gate
POMO3.SA,2021-09-30,2021-11-03,"Máquinas, Equipamentos, Veículos e Peças",False,857480617.4399999,1.9972436656014458,0.2961186744219857,6.6123218437719915,0.1263235550715867,0.14826366933691745,0.07545481452928503,,,0.08895169292689487,,768036.3833333333,"CVM ITR 2021, ref 2021-09-30, receipt 2021-11-03; CVM DFP 2020 TTM bridge; market snapshot: B3 COTAHIST 2022-01-03; CVM FRE document 102636, received 2021-04-05",2022-01-03,official_b3_isin_cnpj,B3/CVM point-in-time full-universe gate
KLBN3.SA,2021-09-30,2021-10-26,Papel e Celulose,False,11907487563.4,3.2341765052550837,1.844077321302023,7.162810726252776,-0.034161698497197523,0.570184502393625,0.16640149963408746,,,0.3110787530673826,,739087.4,"CVM ITR 2021, ref 2021-09-30, receipt 2021-10-26; CVM DFP 2020 TTM bridge; market snapshot: B3 COTAHIST 2022-01-03; CVM FRE document 103545, received 2021-05-07",2022-01-03,official_b3_isin_cnpj,B3/CVM point-in-time full-universe gate
EUCA4.SA,2021-09-30,2021-11-10,"Construção Civil, Mat. Constr. e Decoração",False,515437070.40000004,1.5262531917539695,0.2890846537599334,2.193948716418855,0.07842082442504895,0.18940805845438888,0.1976805849736611,,,0.19511636921180084,,736139.5666666667,"CVM ITR 2021, ref 2021-09-30, receipt 2021-11-10; CVM DFP 2020 TTM bridge; market snapshot: B3 COTAHIST 2022-01-03; CVM FRE document 103527, received 2021-05-06",2022-01-03,official_b3_isin_cnpj,B3/CVM point-in-time full-universe gate
CGRA4.SA,2021-09-30,2021-11-12,Comércio (Atacado e Varejo),False,441331467.5,0.006206202389109273,0.5745388817794465,0.004737522757129098,384.9438902744908,92.57495095352594,110.65292250804326,,,0.1688715718044694,,708316.3333333334,"CVM ITR 2021, ref 2021-09-30, receipt 2021-11-12; CVM DFP 2020 TTM bridge; market snapshot: B3 COTAHIST 2022-01-03; CVM FRE document 103338, received 2021-05-04",2022-01-03,official_b3_isin_cnpj,B3/CVM point-in-time full-universe gate
ALUP4.SA,2021-09-30,2021-11-09,Emp. Adm. Part. - Energia Elétrica,False,2265707050.97,0.8357406283214011,0.220288838435747,2.4740295211261376,0.44094888594369674,0.26358517340266296,0.23645099733597305,,,0.7159743749097007,,688841.25,"CVM ITR 2021, ref 2021-09-30, receipt 2021-11-09; CVM DFP 2020 TTM bridge; market snapshot: B3 COTAHIST 2022-01-03; CVM FRE document 100969, received 2021-03-16",2022-01-03,official_b3_isin_cnpj,B3/CVM point-in-time full-universe gate
ALUP3.SA,2021-09-30,2021-11-09,Emp. Adm. Part. - Energia Elétrica,False,4811465118.200001,1.774782348543001,0.4678063130926923,3.0312061982056595,0.20764174226701138,0.26358517340266296,0.23645099733597305,,,0.7159743749097007,,684414.3333333334,"CVM ITR 2021, ref 2021-09-30, receipt 2021-11-09; CVM DFP 2020 TTM bridge; market snapshot: B3 COTAHIST 2022-01-03; CVM FRE document 100969, received 2021-03-16",2022-01-03,official_b3_isin_cnpj,B3/CVM point-in-time full-universe gate
CGAS5.SA,2021-09-30,2021-11-12,"Emp. Adm. Part. - Saneamento, Serv. Água e Gás",False,4241357212.0,2.0911958808735047,1.996300124870035,3.4938848445325843,0.33406995194631584,0.954621297377541,0.37253980259145736,,,0.24779905353307247,,597599.6610169491,"CVM ITR 2021, ref 2021-09-30, receipt 2021-11-12; CVM DFP 2020 TTM bridge; market snapshot: B3 COTAHIST 2022-01-03; CVM FRE document 104613, received 2021-05-19",2022-01-03,official_b3_isin_cnpj,B3/CVM point-in-time full-universe gate
DMVF3.SA,2021-09-30,2021-11-10,Comércio (Atacado e Varejo),False,215062078.5,42.91799610856116,0.2612490886253397,41.55638209380668,-0.004324332799564196,0.006087168840886921,0.005021398522597594,,,0.0035436635549033688,,547307.0,"CVM ITR 2021, ref 2021-09-30, receipt 2021-11-10; CVM DFP 2020 TTM bridge; market snapshot: B3 COTAHIST 2022-01-03; CVM FRE document 104779, received 2021-05-24",2022-01-03,official_b3_isin_cnpj,B3/CVM point-in-time full-universe gate
JFEN3.SA,2021-09-30,2021-11-12,"Construção Civil, Mat. Constr. e Decoração",False,133608845.05,,,,-0.24621124438048572,,,,,,,524223.9166666667,"CVM ITR 2021, ref 2021-09-30, receipt 2021-11-12; CVM DFP 2020 TTM bridge; market snapshot: B3 COTAHIST 2022-01-03; CVM FRE document 104191, received 2021-05-14",2022-01-03,official_b3_isin_cnpj,B3/CVM point-in-time full-universe gate
OFSA3.SA,2021-09-30,2021-11-11,Comércio (Atacado e Varejo),False,1356278010.84,12.572564897104082,2.131296148330434,10.572611549472626,0.01647597308324728,0.16951959809102665,0.18016061531500963,,,0.16764237416179983,,460219.2833333333,"CVM ITR 2021, ref 2021-09-30, receipt 2021-11-11; CVM DFP 2020 TTM bridge; market snapshot: B3 COTAHIST 2022-01-03; CVM FRE document 108254, received 2021-08-25",2022-01-03,official_b3_isin_cnpj,B3/CVM point-in-time full-universe gate
AZEV3.SA,2021-09-30,2021-11-16,"Construção Civil, Mat. Constr. e Decoração",False,85849500.00000001,0.7962150581513978,1.9255674681500092,0.23351269909599667,0.7086937023512075,2.41840122016867,,,,2.9625567515176248,,428237.4166666667,"CVM ITR 2021, ref 2021-09-30, receipt 2021-11-16; CVM DFP 2020 TTM bridge; market snapshot: B3 COTAHIST 2022-01-03; CVM FRE document 108240, received 2021-08-24",2022-01-03,official_b3_isin_cnpj,B3/CVM point-in-time full-universe gate
PINE4.SA,2021-09-30,2021-11-10,Bancos,True,127740662.72,,0.1656274435496523,,,-0.07285676684563949,,,,,,407180.4666666667,"CVM ITR 2021, ref 2021-09-30, receipt 2021-11-10; CVM DFP 2020 TTM bridge; market snapshot: B3 COTAHIST 2022-01-03; CVM FRE document 104793, received 2021-05-24",2022-01-03,official_b3_isin_cnpj,B3/CVM point-in-time full-universe gate
PTNT3.SA,2021-09-30,2021-11-16,Têxtil e Vestuário,False,237691152.16,,0.000642759733692972,,15.699620983317295,-0.006122258815009908,-0.005457980279087387,,,-0.005038602489690093,,362190.8,"CVM ITR 2021, ref 2021-09-30, receipt 2021-11-16; CVM DFP 2020 TTM bridge; market snapshot: B3 COTAHIST 2022-01-03; CVM FRE document 110436, received 2021-11-24",2022-01-03,official_b3_isin_cnpj,B3/CVM point-in-time full-universe gate
EMAE4.SA,2021-09-30,2021-11-10,Energia Elétrica,False,1679249407.0,6.764184579627481,2.0808284990272736,7.560901899632963,0.09712553675476748,0.30762444083716434,0.3575441686797339,,,0.3681907397277905,,359391.65,"CVM ITR 2021, ref 2021-09-30, receipt 2021-11-10; CVM DFP 2020 TTM bridge; market snapshot: B3 COTAHIST 2022-01-03; CVM FRE document 103467, received 2021-05-06",2022-01-03,official_b3_isin_cnpj,B3/CVM point-in-time full-universe gate
SCAR3.SA,2021-09-30,2021-11-08,Emp. Adm. Part. - Sem Setor Principal,False,2225773647.45,45.566230217823,1.404369286645399,23.653613695170403,-0.12365722826996625,0.030820396594846842,0.05157699048581454,,,0.5713324283938084,,317608.38333333336,"CVM ITR 2021, ref 2021-09-30, receipt 2021-11-08; CVM DFP 2020 TTM bridge; market snapshot: B3 COTAHIST 2022-01-03; CVM FRE document 103681, received 2021-05-10",2022-01-03,official_b3_isin_cnpj,B3/CVM point-in-time full-universe gate
HOOT4.SA,2021-09-30,2021-11-12,Hospedagem e Turismo,False,21709858.5,,,,-0.028650578261484292,,,,,-0.8046663049376017,,264636.5,"CVM ITR 2021, ref 2021-09-30, receipt 2021-11-12; CVM DFP 2020 TTM bridge; market snapshot: B3 COTAHIST 2022-01-03; CVM FRE document 104551, received 2021-05-18",2022-01-03,official_b3_isin_cnpj,B3/CVM point-in-time full-universe gate
ENGI4.SA,2021-09-30,2021-11-23,Emp. Adm. Part. - Energia Elétrica,False,7272361967.64,2.715326781691424,0.7387252207598679,6.360049876363939,-0.10304726350731845,0.27205757544206266,0.14377803325513216,,,0.16873540000402118,,253948.75,"CVM ITR 2021, ref 2021-09-30, receipt 2021-11-23; CVM DFP 2020 TTM bridge; market snapshot: B3 COTAHIST 2022-01-03; CVM FRE document 103422, received 2021-05-05",2022-01-03,official_b3_isin_cnpj,B3/CVM point-in-time full-universe gate
RSUL4.SA,2021-09-30,2021-11-13,"Máquinas, Equipamentos, Veículos e Peças",False,187728000.0,3.931970509383378,2.7877635877635876,2.5825820089649554,0.016470638370408252,0.708999108999109,0.952813133212808,,,0.2660117545434528,,253122.08474576272,"CVM ITR 2021, ref 2021-09-30, receipt 2021-11-13; CVM DFP 2020 TTM bridge; market snapshot: B3 COTAHIST 2022-01-03; CVM FRE document 108733, received 2021-09-23",2022-01-03,official_b3_isin_cnpj,B3/CVM point-in-time full-universe gate
CESP3.SA,2021-09-30,2021-10-27,Energia Elétrica,False,2331823161.36,1.1164163770211446,0.3115216664733982,2.7541699717280936,0.24065718588741788,0.27903717007861306,0.15557328254340602,,,0.6510265644433719,,221948.55,"CVM ITR 2021, ref 2021-09-30, receipt 2021-10-27; CVM DFP 2020 TTM bridge; market snapshot: B3 COTAHIST 2022-01-03; CVM FRE document 104592, received 2021-05-19",2022-01-03,official_b3_isin_cnpj,B3/CVM point-in-time full-universe gate
OSXB3.SA,2021-09-30,2021-11-12,Emp. Adm. Part. - Sem Setor Principal,False,22854755.88,,,17.985984030617338,0.08116472605263286,,,,,12.510493204629496,,213720.63333333333,"CVM ITR 2021, ref 2021-09-30, receipt 2021-11-12; CVM DFP 2020 TTM bridge; market snapshot: B3 COTAHIST 2022-01-03; CVM FRE document 103785, received 2021-05-11",2022-01-03,official_b3_isin_cnpj,B3/CVM point-in-time full-universe gate
HBRE3.SA,2021-09-30,2021-11-16,"Construção Civil, Mat. Constr. e Decoração",False,840990195.1500001,,0.4085411825729165,28.674725128501162,-0.915719356112876,-0.030363076384975613,0.02086349783739479,,,0.7919463927855711,,213281.81355932204,"CVM ITR 2021, ref 2021-09-30, receipt 2021-11-16; CVM DFP 2020 TTM bridge; market snapshot: B3 COTAHIST 2022-01-03; CVM FRE document 100575, received 2021-03-01",2022-01-03,official_b3_isin_cnpj,B3/CVM point-in-time full-universe gate
EALT4.SA,2021-09-30,2021-10-29,Metalurgia e Siderurgia,False,9753750.0,0.3305011520737327,0.05014626798145044,2.6962650539186104,-0.8047161348199411,0.15172796726065005,0.13256004034572108,,,0.11265037093961516,,182330.4833333333,"CVM ITR 2021, ref 2021-09-30, receipt 2021-10-29; CVM DFP 2020 TTM bridge; market snapshot: B3 COTAHIST 2022-01-03; CVM FRE document 100656, received 2021-03-04",2022-01-03,official_b3_isin_cnpj,B3/CVM point-in-time full-universe gate
CAMB3.SA,2021-09-30,2021-10-29,Têxtil e Vestuário,False,205408288.8,14.896532656465299,1.9401202259289345,9.177248348513825,-0.08487972954672703,0.13023971891115854,0.16804017582369699,,,0.14908474117601578,,176843.4,"CVM ITR 2021, ref 2021-09-30, receipt 2021-10-29; CVM DFP 2020 TTM bridge; market snapshot: B3 COTAHIST 2022-01-03; CVM FRE document 102741, received 2021-04-08",2022-01-03,official_b3_isin_cnpj,B3/CVM point-in-time full-universe gate
UCAS3.SA,2021-09-30,2021-11-11,"Construção Civil, Mat. Constr. e Decoração",False,285493092.48,11.057908919358587,1.7272985877555467,6.991278697196034,0.15749592961920755,0.15620481235214753,0.30197539309120824,,,0.16008310914445603,,171720.43333333332,"CVM ITR 2021, ref 2021-09-30, receipt 2021-11-11; CVM DFP 2020 TTM bridge; market snapshot: B3 COTAHIST 2022-01-03; CVM FRE document 103118, received 2021-04-28",2022-01-03,official_b3_isin_cnpj,B3/CVM point-in-time full-universe gate
BMEB4.SA,2021-09-30,2021-11-12,Bancos,True,205124072.12,0.9177646579926981,0.18432551797389732,,,0.20084181316923608,,,,,,158829.45762711865,"CVM ITR 2021, ref 2021-09-30, receipt 2021-11-12; CVM DFP 2020 TTM bridge; market snapshot: B3 COTAHIST 2022-01-03; CVM FRE document 104795, received 2021-05-24",2022-01-03,official_b3_isin_cnpj,B3/CVM point-in-time full-universe gate
EQMA3B.SA,2021-09-30,2021-11-10,Energia Elétrica,False,6638274339.849999,7.861779497745664,2.1277311399558445,7.452008578268638,0.16571113872116,0.2706424341417822,0.23011944303801582,,,0.22473254015717223,,157199.17777777778,"CVM ITR 2021, ref 2021-09-30, receipt 2021-11-10; CVM DFP 2020 TTM bridge; market snapshot: B3 COTAHIST 2022-01-03; CVM FRE document 103542, received 2021-05-07",2022-01-03,official_b3_isin_cnpj,B3/CVM point-in-time full-universe gate
ENGI3.SA,2021-09-30,2021-11-23,Emp. Adm. Part. - Energia Elétrica,False,9525523618.8,3.5566036876125726,0.9676009760601758,6.881368894966266,-0.07867252552090225,0.27205757544206266,0.14377803325513216,,,0.16873540000402118,,153714.71666666667,"CVM ITR 2021, ref 2021-09-30, receipt 2021-11-23; CVM DFP 2020 TTM bridge; market snapshot: B3 COTAHIST 2022-01-03; CVM FRE document 103422, received 2021-05-05",2022-01-03,official_b3_isin_cnpj,B3/CVM point-in-time full-universe gate
PTNT4.SA,2021-09-30,2021-11-16,Têxtil e Vestuário,False,190896201.44,,0.000516217749316893,,19.548115530066674,-0.006122258815009908,-0.005457980279087387,,,-0.005038602489690093,,150230.73333333334,"CVM ITR 2021, ref 2021-09-30, receipt 2021-11-16; CVM DFP 2020 TTM bridge; market snapshot: B3 COTAHIST 2022-01-03; CVM FRE document 110436, received 2021-11-24",2022-01-03,official_b3_isin_cnpj,B3/CVM point-in-time full-universe gate
ENMT3.SA,2021-09-30,2021-11-11,Energia Elétrica,False,6117174214.059999,5.300917702550469,2.194039932778281,6.278766751236223,0.16051856063590753,0.4138981315862812,0.23453054570819648,,,0.24080074434700283,,135429.46153846153,"CVM ITR 2021, ref 2021-09-30, receipt 2021-11-11; CVM DFP 2020 TTM bridge; market snapshot: B3 COTAHIST 2022-01-03; CVM FRE document 97021, received 2020-09-15",2022-01-03,official_b3_isin_cnpj,B3/CVM point-in-time full-universe gate
MNDL3.SA,2021-09-30,2021-11-12,Têxtil e Vestuário,False,80608450.0,2.058228219793688,,3.752062822315987,-1.4557903048625795,,0.6191749194969318,,,0.13751386848181354,,116052.31578947368,"CVM ITR 2021, ref 2021-09-30, receipt 2021-11-12; CVM DFP 2020 TTM bridge; market snapshot: B3 COTAHIST 2022-01-03; CVM FRE document 103570, received 2021-05-07",2022-01-03,official_b3_isin_cnpj,B3/CVM point-in-time full-universe gate
CGAS3.SA,2021-09-30,2021-11-12,"Emp. Adm. Part. - Saneamento, Serv. Água e Gás",False,14851337196.320002,7.322433272665329,6.99015075071225,7.551960175067459,0.09540622378105419,0.954621297377541,0.37253980259145736,,,0.24779905353307247,,115726.80769230767,"CVM ITR 2021, ref 2021-09-30, receipt 2021-11-12; CVM DFP 2020 TTM bridge; market snapshot: B3 COTAHIST 2022-01-03; CVM FRE document 104613, received 2021-05-19",2022-01-03,official_b3_isin_cnpj,B3/CVM point-in-time full-universe gate
EUCA3.SA,2021-09-30,2021-11-10,"Construção Civil, Mat. Constr. e Decoração",False,373529515.0,1.1060527991140432,0.20949531322823314,1.8732341069398584,0.10821367087952875,0.18940805845438888,0.1976805849736611,,,0.19511636921180084,,112732.55,"CVM ITR 2021, ref 2021-09-30, receipt 2021-11-10; CVM DFP 2020 TTM bridge; market snapshot: B3 COTAHIST 2022-01-03; CVM FRE document 103527, received 2021-05-06",2022-01-03,official_b3_isin_cnpj,B3/CVM point-in-time full-universe gate
MNPR3.SA,2021-09-30,2021-11-12,Emp. Adm. Part. - Alimentos,False,44446626.0,5.1544272295024935,,1.0553054727302609,-0.018066613200291064,,,,,0.13991662752080206,,95303.68333333332,"CVM ITR 2021, ref 2021-09-30, receipt 2021-11-12; CVM DFP 2020 TTM bridge; market snapshot: B3 COTAHIST 2022-01-03; CVM FRE document 97661, received 2020-10-16",2022-01-03,official_b3_isin_cnpj,B3/CVM point-in-time full-universe gate
ALPA3.SA,2021-09-30,2021-10-28,Têxtil e Vestuário,False,9356291145.22,20.735633652070618,2.753158897058131,14.651187423342982,0.03669488205007403,0.13277428330641858,0.21709343272317602,,,0.1425084146972307,,88559.63333333333,"CVM ITR 2021, ref 2021-09-30, receipt 2021-10-28; CVM DFP 2020 TTM bridge; market snapshot: B3 COTAHIST 2022-01-03; CVM FRE document 103133, received 2021-04-28",2022-01-03,official_b3_isin_cnpj,B3/CVM point-in-time full-universe gate
BRSR3.SA,2021-09-30,2021-11-10,Bancos,True,2440271607.9,2.9561133953967293,0.2789795615226656,,,0.09437376859666263,,,,,,80851.81666666667,"CVM ITR 2021, ref 2021-09-30, receipt 2021-11-10; CVM DFP 2020 TTM bridge; market snapshot: B3 COTAHIST 2022-01-03; CVM FRE document 104230, received 2021-05-14",2022-01-03,official_b3_isin_cnpj,B3/CVM point-in-time full-universe gate
CEEB3.SA,2021-09-30,2021-10-25,Energia Elétrica,False,5061520379.7,2.963419426053864,0.7957114258292721,5.495668067811321,-0.290426569434682,0.2685112403710109,0.16705541196494988,,,0.1876371875663811,,80766.15384615384,"CVM ITR 2021, ref 2021-09-30, receipt 2021-10-25; CVM DFP 2020 TTM bridge; market snapshot: B3 COTAHIST 2022-01-03; CVM FRE document 102913, received 2021-04-16",2022-01-03,official_b3_isin_cnpj,B3/CVM point-in-time full-universe gate
CGRA3.SA,2021-09-30,2021-11-12,Comércio (Atacado e Varejo),False,315563469.0,0.004437596000841272,0.4108102321294436,0.003082867887092617,538.3634947934991,92.57495095352594,110.65292250804326,,,0.1688715718044694,,79348.63793103448,"CVM ITR 2021, ref 2021-09-30, receipt 2021-11-12; CVM DFP 2020 TTM bridge; market snapshot: B3 COTAHIST 2022-01-03; CVM FRE document 103338, received 2021-05-04",2022-01-03,official_b3_isin_cnpj,B3/CVM point-in-time full-universe gate
CTSA4.SA,2021-09-30,2021-11-12,Têxtil e Vestuário,False,100363486.03,2.9525619566368557,0.3131602816659698,5.120694231864809,0.2594569103769103,0.10606391542844305,0.11151450664920567,,,0.09451629420411939,,74870.96666666666,"CVM ITR 2021, ref 2021-09-30, receipt 2021-11-12; CVM DFP 2020 TTM bridge; market snapshot: B3 COTAHIST 2022-01-03; CVM FRE document 103475, received 2021-05-06",2022-01-03,official_b3_isin_cnpj,B3/CVM point-in-time full-universe gate
BEES3.SA,2021-09-30,2021-11-09,Bancos,True,1119633618.3999999,4.9467546994084035,0.6092372185096772,,,0.12315897098809803,,,,,,65720.41666666667,"CVM ITR 2021, ref 2021-09-30, receipt 2021-11-09; CVM DFP 2020 TTM bridge; market snapshot: B3 COTAHIST 2022-01-03; CVM FRE document 104754, received 2021-05-24",2022-01-03,official_b3_isin_cnpj,B3/CVM point-in-time full-universe gate
GEPA4.SA,2021-09-30,2021-11-10,Energia Elétrica,False,2021501811.42,4.174655560599052,1.0584372063880019,2.9630596673959873,-0.40865162491232926,0.25353881081296176,0.34985286466667653,,,0.8227034003229581,,57530.2641509434,"CVM ITR 2021, ref 2021-09-30, receipt 2021-11-10; CVM DFP 2020 TTM bridge; market snapshot: B3 COTAHIST 2022-01-03; CVM FRE document 103528, received 2021-05-06",2022-01-03,official_b3_isin_cnpj,B3/CVM point-in-time full-universe gate
EPAR3.SA,2021-09-30,2021-11-12,Emp. Adm. Part. - Sem Setor Principal,False,198834399.84,3.7631659602172722,2.763853711235596,2.8476283421783486,0.0605126678767961,0.7344490624261548,0.9066138159698851,,,0.08304484837413226,,50023.22807017544,"CVM ITR 2021, ref 2021-09-30, receipt 2021-11-12; CVM DFP 2020 TTM bridge; market snapshot: B3 COTAHIST 2022-01-03; CVM FRE document 103559, received 2021-05-07",2022-01-03,official_b3_isin_cnpj,B3/CVM point-in-time full-universe gate
CRPG6.SA,2021-09-30,2021-11-12,Petroquímicos e Borracha,False,443296729.11,1.536557119965338,0.5094082398913378,1.045304571535416,0.23173642676372871,0.3315257423705987,0.34205140552579305,,,0.23313729150469453,,47868.08108108108,"CVM ITR 2021, ref 2021-09-30, receipt 2021-11-12; CVM DFP 2020 TTM bridge; market snapshot: B3 COTAHIST 2022-01-03; CVM FRE document 105219, received 2021-05-31",2022-01-03,official_b3_isin_cnpj,B3/CVM point-in-time full-universe gate
CTSA3.SA,2021-09-30,2021-11-12,Têxtil e Vestuário,False,72278110.89999999,2.126327103436102,0.22552657807205304,4.629888522097757,0.3602750497453857,0.10606391542844305,0.11151450664920567,,,0.09451629420411939,,44015.21666666667,"CVM ITR 2021, ref 2021-09-30, receipt 2021-11-12; CVM DFP 2020 TTM bridge; market snapshot: B3 COTAHIST 2022-01-03; CVM FRE document 103475, received 2021-05-06",2022-01-03,official_b3_isin_cnpj,B3/CVM point-in-time full-universe gate
EQPA3.SA,2021-09-30,2021-11-10,Energia Elétrica,False,11552211781.560001,12.291613810319788,3.202547070940163,10.30054533360794,-0.004949268683877879,0.2605473227812746,0.19844724872038702,,,0.20298455178424787,,43628.53333333333,"CVM ITR 2021, ref 2021-09-30, receipt 2021-11-10; CVM DFP 2020 TTM bridge; market snapshot: B3 COTAHIST 2022-01-03; CVM FRE document 103543, received 2021-05-07",2022-01-03,official_b3_isin_cnpj,B3/CVM point-in-time full-universe gate
MGEL4.SA,2021-09-30,2021-11-12,Emp. Adm. Part. - Metalurgia e Siderurgia,False,54810542.75,0.2605460086610131,,3.541447292197268,0.30789696932895266,,0.4926777073318747,,,0.26474972905908717,,42426.267857142855,"CVM ITR 2021, ref 2021-09-30, receipt 2021-11-12; CVM DFP 2020 TTM bridge; market snapshot: B3 COTAHIST 2022-01-03; CVM FRE document 99373, received 2020-12-29",2022-01-03,official_b3_isin_cnpj,B3/CVM point-in-time full-universe gate
FRTA3.SA,2021-09-30,2021-11-12,"Agricultura (Açúcar, Álcool e Cana)",False,10465784.38,,,78.90415865934065,-0.07500632265080164,,,,,0.052491924319335484,,35039.55172413793,"CVM ITR 2021, ref 2021-09-30, receipt 2021-11-12; CVM DFP 2020 TTM bridge; market snapshot: B3 COTAHIST 2022-01-03; CVM FRE document 103749, received 2021-05-11",2022-01-03,official_b3_isin_cnpj,B3/CVM point-in-time full-universe gate
BRIV4.SA,2021-09-30,2021-11-23,Bancos,True,267602627.1,3.451734584080385,0.17056964801552194,,,0.04941563259301564,,,,,,27613.28260869565,"CVM ITR 2021, ref 2021-09-30, receipt 2021-11-23; CVM DFP 2020 TTM bridge; market snapshot: B3 COTAHIST 2022-01-03; CVM FRE document 102649, received 2021-04-05",2022-01-03,official_b3_isin_cnpj,B3/CVM point-in-time full-universe gate
LIPR3.SA,2021-09-30,2021-11-16,Emp. Adm. Part. - Energia Elétrica,False,847072008.0,30.11811584,4.100137505082383,32.89955257932645,0.017473130808496745,0.13613525915312977,0.12556893458291168,,,,,27382.86363636364,"CVM ITR 2021, ref 2021-09-30, receipt 2021-11-16; CVM DFP 2020 TTM bridge; market snapshot: B3 COTAHIST 2022-01-03; CVM FRE document 103315, received 2021-05-03",2022-01-03,official_b3_isin_cnpj,B3/CVM point-in-time full-universe gate
SNSY5.SA,2021-09-30,2021-11-09,Petroquímicos e Borracha,False,24604603.6,,,,-0.17586139855551258,,,,,-0.010955202364420153,,20103.25,"CVM ITR 2021, ref 2021-09-30, receipt 2021-11-09; CVM DFP 2020 TTM bridge; market snapshot: B3 COTAHIST 2022-01-03; CVM FRE document 103173, received 2021-04-29",2022-01-03,official_b3_isin_cnpj,B3/CVM point-in-time full-universe gate
CEDO4.SA,2021-09-30,2021-11-16,Têxtil e Vestuário,False,20648829.759999998,2.3451254696195343,0.13414951378602427,4.450054019795593,-3.189914429320183,0.05720355500116941,0.14012128949888286,,,0.054511329833818845,,17709.56603773585,"CVM ITR 2021, ref 2021-09-30, receipt 2021-11-16; CVM DFP 2020 TTM bridge; market snapshot: B3 COTAHIST 2022-01-03; CVM FRE document 103469, received 2021-05-06",2022-01-03,official_b3_isin_cnpj,B3/CVM point-in-time full-universe gate
BMIN4.SA,2021-09-30,2021-11-12,Bancos,True,13272572.670000002,3.4918633701657464,0.10514261347972814,,,0.03011074670849375,,,,,,14549.176470588236,"CVM ITR 2021, ref 2021-09-30, receipt 2021-11-12; CVM DFP 2020 TTM bridge; market snapshot: B3 COTAHIST 2022-01-03; CVM FRE document 105820, received 2021-06-08",2022-01-03,official_b3_isin_cnpj,B3/CVM point-in-time full-universe gate
BEES4.SA,2021-09-30,2021-11-09,Bancos,True,485509864.0,2.1450751048215713,0.26418524260201126,,,0.12315897098809803,,,,,,13810.316666666668,"CVM ITR 2021, ref 2021-09-30, receipt 2021-11-09; CVM DFP 2020 TTM bridge; market snapshot: B3 COTAHIST 2022-01-03; CVM FRE document 104754, received 2021-05-24",2022-01-03,official_b3_isin_cnpj,B3/CVM point-in-time full-universe gate
RPAD6.SA,2021-09-30,2021-11-12,Emp. Adm. Part. - Intermediação Financeira,True,111066807.35999998,5.796503698136839,0.1067067687873489,,,0.01840881578694541,,,,,,11686.129032258064,"CVM ITR 2021, ref 2021-09-30, receipt 2021-11-12; CVM DFP 2020 TTM bridge; market snapshot: B3 COTAHIST 2022-01-03; CVM FRE document 102666, received 2021-04-06",2022-01-03,official_b3_isin_cnpj,B3/CVM point-in-time full-universe gate
CSAB4.SA,2021-09-30,2021-11-16,Seguradoras e Corretoras,True,164160000.0,4.949199553800235,0.906500563249619,,,0.18316104521458706,,,,,,10288.304347826086,"CVM ITR 2021, ref 2021-09-30, receipt 2021-11-16; CVM DFP 2020 TTM bridge; market snapshot: B3 COTAHIST 2022-01-03; CVM FRE document 104813, received 2021-05-25",2022-01-03,official_b3_isin_cnpj,B3/CVM point-in-time full-universe gate
BSLI4.SA,2021-09-30,2021-11-18,Bancos,True,1492200000.0,2.8208259450957858,0.6533978703485577,,,0.23163352970591403,,,,,,9486.63829787234,"CVM ITR 2021, ref 2021-09-30, receipt 2021-11-18; CVM DFP 2020 TTM bridge; market snapshot: B3 COTAHIST 2022-01-03; CVM FRE document 103809, received 2021-05-11",2022-01-03,official_b3_isin_cnpj,B3/CVM point-in-time full-universe gate
BSLI3.SA,2021-09-30,2021-11-18,Bancos,True,7796477094.999999,14.738309120708362,3.413886563526544,,,0.23163352970591403,,,,,,9447.761904761905,"CVM ITR 2021, ref 2021-09-30, receipt 2021-11-18; CVM DFP 2020 TTM bridge; market snapshot: B3 COTAHIST 2022-01-03; CVM FRE document 103809, received 2021-05-11",2022-01-03,official_b3_isin_cnpj,B3/CVM point-in-time full-universe gate
REDE3.SA,2021-09-30,2021-11-11,Energia Elétrica,False,14054753670.84,6.9143649967309315,2.67176360605253,7.72136540532828,0.11948818451968143,0.3864076610528549,0.2099968178799109,,,0.20310132016237428,,9094.272727272728,"CVM ITR 2021, ref 2021-09-30, receipt 2021-11-11; CVM DFP 2020 TTM bridge; market snapshot: B3 COTAHIST 2022-01-03; CVM FRE document 97043, received 2020-09-16",2022-01-03,official_b3_isin_cnpj,B3/CVM point-in-time full-universe gate
PLAS3.SA,2021-09-30,2021-11-09,"Emp. Adm. Part. - Máqs., Equip., Veíc. e Peças",False,124502688.36,,,,-0.027983331491814863,,,,,-0.08208542550613229,,6796.227272727273,"CVM ITR 2021, ref 2021-09-30, receipt 2021-11-09; CVM DFP 2020 TTM bridge; market snapshot: B3 COTAHIST 2022-01-03; CVM FRE document 103386, received 2021-05-05",2022-01-03,official_b3_isin_cnpj,B3/CVM point-in-time full-universe gate
AFLT3.SA,2021-09-30,2021-10-25,Energia Elétrica,False,560192136.0,28.44048007310758,3.1352750596057626,26.063259273533095,0.03914192754751559,0.11023987821395391,0.13014175281969617,,,0.5340502714245285,,6615.6,"CVM ITR 2021, ref 2021-09-30, receipt 2021-10-25; CVM DFP 2020 TTM bridge; market snapshot: B3 COTAHIST 2022-01-03; CVM FRE document 102917, received 2021-04-16",2022-01-03,official_b3_isin_cnpj,B3/CVM point-in-time full-universe gate
EALT3.SA,2021-09-30,2021-10-29,Metalurgia e Siderurgia,False,11241750.0,0.3809213201409596,0.057796417591231115,2.73530685068087,-0.6982009028843374,0.15172796726065005,0.13256004034572108,,,0.11265037093961516,,6521.972972972973,"CVM ITR 2021, ref 2021-09-30, receipt 2021-10-29; CVM DFP 2020 TTM bridge; market snapshot: B3 COTAHIST 2022-01-03; CVM FRE document 100656, received 2021-03-04",2022-01-03,official_b3_isin_cnpj,B3/CVM point-in-time full-universe gate
BRGE3.SA,2021-09-30,2021-11-12,Emp. Adm. Part. - Intermediação Financeira,True,286804017.2,10.317433527591913,0.15713919565363893,,,0.015230453894701776,,,,,,3881.161290322581,"CVM ITR 2021, ref 2021-09-30, receipt 2021-11-12; CVM DFP 2020 TTM bridge; market snapshot: B3 COTAHIST 2022-01-03; CVM FRE document 102656, received 2021-04-05",2022-01-03,official_b3_isin_cnpj,B3/CVM point-in-time full-universe gate
BRSR5.SA,2021-09-30,2021-11-10,Bancos,True,24756830.73,0.02999010385221078,0.002830279121138421,,,0.09437376859666263,,,,,,2522.846153846154,"CVM ITR 2021, ref 2021-09-30, receipt 2021-11-10; CVM DFP 2020 TTM bridge; market snapshot: B3 COTAHIST 2022-01-03; CVM FRE document 104230, received 2021-05-14",2022-01-03,official_b3_isin_cnpj,B3/CVM point-in-time full-universe gate
PETR4.SA,2022-09-30,2022-11-03,Petróleo e Gás,False,128398820700.96,0.7244920085143264,0.34321599738298075,1.3508898586210571,1.9490521691226788,0.47373331016693176,0.4577608727390201,,,0.4777901881604949,,2817326195.0666666,"CVM ITR 2022, ref 2022-09-30, receipt 2022-11-03; CVM DFP 2021 TTM bridge; market snapshot: B3 COTAHIST 2023-01-02; CVM FRE document 113911, received 2022-04-25",2023-01-02,official_b3_isin_cnpj,B3/CVM point-in-time full-universe gate
VALE3.SA,2022-09-30,2022-10-27,Extração Mineral,False,446914180559.4,4.1819270554272565,2.3837202807644307,5.636653188247193,0.09420600605534861,0.5700052270569536,0.38156027110464497,,,0.362816592505114,,2811730609.5333333,"CVM ITR 2022, ref 2022-09-30, receipt 2022-10-27; CVM DFP 2021 TTM bridge; market snapshot: B3 COTAHIST 2023-01-02; CVM FRE document 115792, received 2022-05-26",2023-01-02,official_b3_isin_cnpj,B3/CVM point-in-time full-universe gate
ITUB4.SA,2022-09-30,2022-11-10,Bancos,True,118674743780.60999,3.9566161159101814,0.6831498574152788,,,0.17266013113281947,,,,,,1250350439.4333334,"CVM ITR 2022, ref 2022-09-30, receipt 2022-11-10; CVM DFP 2021 TTM bridge; market snapshot: B3 COTAHIST 2023-01-02; CVM FRE document 114194, received 2022-05-03",2023-01-02,official_b3_isin_cnpj,B3/CVM point-in-time full-universe gate
BBDC4.SA,2022-09-30,2022-11-08,Bancos,True,78471388668.25,2.972678535915246,0.48486173864592014,,,0.1631060112245329,,,,,,947311529.1166668,"CVM ITR 2022, ref 2022-09-30, receipt 2022-11-08; CVM DFP 2021 TTM bridge; market snapshot: B3 COTAHIST 2023-01-02; CVM FRE document 114912, received 2022-05-12",2023-01-02,official_b3_isin_cnpj,B3/CVM point-in-time full-universe gate
B3SA3.SA,2022-09-30,2022-11-10,Bolsas de Valores/Mercadorias e Futuros,False,74712750000.0,17.31758791174405,3.6571196888483786,14.745629813958578,0.13381243495922718,0.2111795076477294,0.19715627202135644,,,0.5626438056247275,,755550365.85,"CVM ITR 2022, ref 2022-09-30, receipt 2022-11-10; CVM DFP 2021 TTM bridge; market snapshot: B3 COTAHIST 2023-01-02; CVM FRE document 115579, received 2022-05-20",2023-01-02,official_b3_isin_cnpj,B3/CVM point-in-time full-universe gate
BBAS3.SA,2022-09-30,2022-11-09,Bancos,True,95303770085.2,3.2574126477219214,0.6038535744385778,,,0.18537828630980607,,,,,,731111645.5166667,"CVM ITR 2022, ref 2022-09-30, receipt 2022-11-09; CVM DFP 2021 TTM bridge; market snapshot: B3 COTAHIST 2023-01-02; CVM FRE document 115866, received 2022-05-27",2023-01-02,official_b3_isin_cnpj,B3/CVM point-in-time full-universe gate
PETR3.SA,2022-09-30,2022-11-03,Petróleo e Gás,False,194769024896.14,1.0989867451510502,0.5206266286099892,1.5760774154782125,1.2848860342831632,0.47373331016693176,0.4577608727390201,,,0.4777901881604949,,727190899.8333334,"CVM ITR 2022, ref 2022-09-30, receipt 2022-11-03; CVM DFP 2021 TTM bridge; market snapshot: B3 COTAHIST 2023-01-02; CVM FRE document 113911, received 2022-04-25",2023-01-02,official_b3_isin_cnpj,B3/CVM point-in-time full-universe gate
MGLU3.SA,2022-09-30,2022-11-10,Comércio (Atacado e Varejo),False,17479720536.32,,1.6177004184080592,91.33058274350311,-0.08571223990034231,-0.03425128194164913,0.015476817980299169,,,0.007030703391180466,,715748678.6333333,"CVM ITR 2022, ref 2022-09-30, receipt 2022-11-10; CVM DFP 2021 TTM bridge; market snapshot: B3 COTAHIST 2023-01-02; CVM FRE document 113929, received 2022-04-26",2023-01-02,official_b3_isin_cnpj,B3/CVM point-in-time full-universe gate
ELET3.SA,2022-09-30,2022-11-09,Emp. Adm. Part. - Energia Elétrica,False,477536844.51000005,19.674392077702706,2.22020319456778,22.17037175122065,0.020463342488320532,0.11284735944059845,0.1003387394785465,,,,,599766287.9333333,"CVM ITR 2022, ref 2022-09-30, receipt 2022-11-09; CVM DFP 2021 TTM bridge; market snapshot: B3 COTAHIST 2023-01-02; CVM FRE document 114681, received 2022-05-10",2023-01-02,official_b3_issuer_unique_prefix,B3/CVM point-in-time full-universe gate
RENT3.SA,2022-09-30,2022-12-16,Serviços Transporte e Logística,False,38871416837.5,21.127170843664633,1.9114999819036185,16.231516307961495,-0.06924023405813938,0.09047590877397654,0.08557756419732514,,,0.28052369143192746,,531523702.23333335,"CVM ITR 2022, ref 2022-09-30, receipt 2022-12-16; CVM DFP 2021 TTM bridge; market snapshot: B3 COTAHIST 2023-01-02; CVM FRE document 114350, received 2022-05-05",2023-01-02,official_b3_isin_cnpj,B3/CVM point-in-time full-universe gate
ABEV3.SA,2022-09-30,2022-10-27,Bebidas e Fumo,False,223495577115.69,16.488218592784953,2.4412013774818537,12.037250931576702,0.06294617630270936,0.1480573152123356,0.2257650574438347,,,0.21945912100355244,,460393567.8833333,"CVM ITR 2022, ref 2022-09-30, receipt 2022-10-27; CVM DFP 2021 TTM bridge; market snapshot: B3 COTAHIST 2023-01-02; CVM FRE document 114809, received 2022-05-11",2023-01-02,official_b3_isin_cnpj,B3/CVM point-in-time full-universe gate
PRIO3.SA,2022-09-30,2022-10-31,Petróleo e Gás,False,32446081112.6,9.596036761134226,3.512270900844465,7.914762297553581,0.07846916831540832,0.36601265587787557,0.418015175178206,,,0.5862754620099857,,432124175.7166666,"CVM ITR 2022, ref 2022-09-30, receipt 2022-10-31; CVM DFP 2021 TTM bridge; market snapshot: B3 COTAHIST 2023-01-02; CVM FRE document 115628, received 2022-05-20",2023-01-02,official_b3_isin_cnpj,B3/CVM point-in-time full-universe gate
AMER3.SA,2022-09-30,2022-11-10,Comércio (Atacado e Varejo),False,8191265606.999999,190.9875634078668,0.5570184605069308,21.059994166928455,-0.539220703113992,0.002916516921666676,0.037564336506964106,,,0.041846595182638925,,393364811.95,"CVM ITR 2022, ref 2022-09-30, receipt 2022-11-10; CVM DFP 2021 TTM bridge; market snapshot: B3 COTAHIST 2023-01-02; CVM FRE document 115623, received 2022-05-20",2023-01-02,official_b3_isin_cnpj,B3/CVM point-in-time full-universe gate
LREN3.SA,2022-09-30,2022-11-03,Comércio (Atacado e Varejo),False,19113113128.07,15.594050527647395,1.9521496988622895,14.309981252898677,0.019985388954717697,0.12518554402534704,0.14024574060526668,,,0.09890160948947004,,377493064.01666665,"CVM ITR 2022, ref 2022-09-30, receipt 2022-11-03; CVM DFP 2021 TTM bridge; market snapshot: B3 COTAHIST 2023-01-02; CVM FRE document 114384, received 2022-05-05",2023-01-02,official_b3_isin_cnpj,B3/CVM point-in-time full-universe gate
GGBR4.SA,2022-09-30,2022-11-09,Metalurgia e Siderurgia,False,33762080477.7,2.4427901019917786,0.6837383300582679,2.0440501435742684,0.39754863474320945,0.27990056513687683,0.3529142576121508,,,0.2299958667763666,,364831978.7166666,"CVM ITR 2022, ref 2022-09-30, receipt 2022-11-09; CVM DFP 2021 TTM bridge; market snapshot: B3 COTAHIST 2023-01-02; CVM FRE document 115101, received 2022-05-13",2023-01-02,official_b3_isin_cnpj,B3/CVM point-in-time full-universe gate
SUZB3.SA,2022-09-30,2022-10-27,Papel e Celulose,False,66674690344.31999,3.6535149933345985,2.376299547655247,6.899859694183293,-0.0013251805076816084,0.6504146149640884,0.2025335759658524,,,0.419297243774452,,352773447.56666666,"CVM ITR 2022, ref 2022-09-30, receipt 2022-10-27; CVM DFP 2021 TTM bridge; market snapshot: B3 COTAHIST 2023-01-02; CVM FRE document 114800, received 2022-05-11",2023-01-02,official_b3_isin_cnpj,B3/CVM point-in-time full-universe gate
WEGE3.SA,2022-09-30,2022-10-26,"Emp. Adm. Part. - Máqs., Equip., Veíc. e Peças",False,159917815723.80002,40.50878218779796,11.19251740902561,34.57683312383776,0.002317728004990741,0.27629854082350114,0.3193942940092311,,,0.16269483730864062,,313558328.55,"CVM ITR 2022, ref 2022-09-30, receipt 2022-10-26; CVM DFP 2021 TTM bridge; market snapshot: B3 COTAHIST 2023-01-02; CVM FRE document 114378, received 2022-05-05",2023-01-02,official_b3_isin_cnpj,B3/CVM point-in-time full-universe gate
ASAI3.SA,2022-09-30,2022-10-20,Comércio (Atacado e Varejo),False,25583577737.489998,19.07798489,7.116433306673157,12.493876859615957,-0.01086634570240818,0.3730180806675939,0.2328125,,,0.053509436973783964,,305727960.8333333,"CVM ITR 2022, ref 2022-09-30, receipt 2022-10-20; CVM DFP 2021 TTM bridge; market snapshot: B3 COTAHIST 2023-01-02; CVM FRE document 115525, received 2022-05-18",2023-01-02,official_b3_isin_cnpj,B3/CVM point-in-time full-universe gate
SBSP3.SA,2022-09-30,2022-11-10,"Saneamento, Serv. Água e Gás",False,36533602498.05,11.992050674153985,1.3355225932585755,12.070640358120976,-0.0093220481067581,0.11136732403382658,0.09999265080269855,,,0.2092840643446602,,274168143.28333336,"CVM ITR 2022, ref 2022-09-30, receipt 2022-11-10; CVM DFP 2021 TTM bridge; market snapshot: B3 COTAHIST 2023-01-02; CVM FRE document 114580, received 2022-05-09",2023-01-02,official_b3_isin_cnpj,B3/CVM point-in-time full-universe gate
RAIL3.SA,2022-09-30,2022-11-10,Emp. Adm. Part. - Serviços Transporte e Logística,False,32744444249.06,,2.1416012064237746,20.588864483677472,0.05723053308665627,-0.007381765844749623,0.08183965301821519,,,0.22831997034315038,,255335992.1,"CVM ITR 2022, ref 2022-09-30, receipt 2022-11-10; CVM DFP 2021 TTM bridge; market snapshot: B3 COTAHIST 2023-01-02; CVM FRE document 115500, received 2022-05-18",2023-01-02,official_b3_isin_cnpj,B3/CVM point-in-time full-universe gate
ITSA4.SA,2022-09-30,2022-11-11,Emp. Adm. Part. - Intermediação Financeira,True,48463137510.479996,3.1934065307380073,0.6505293767682353,,,0.203710166715885,,,,,,253486382.2,"CVM ITR 2022, ref 2022-09-30, receipt 2022-11-11; CVM DFP 2021 TTM bridge; market snapshot: B3 COTAHIST 2023-01-02; CVM FRE document 114683, received 2022-05-10",2023-01-02,official_b3_isin_cnpj,B3/CVM point-in-time full-universe gate
BBSE3.SA,2022-09-30,2022-11-07,Emp. Adm. Part. - Seguradoras e Corretoras,True,66780000000.0,12.220442285585039,7.058531802131533,,,0.5776003549771369,,,,,,210609227.51666668,"CVM ITR 2022, ref 2022-09-30, receipt 2022-11-07; CVM DFP 2021 TTM bridge; market snapshot: B3 COTAHIST 2023-01-02; CVM FRE document 114072, received 2022-04-29",2023-01-02,official_b3_isin_cnpj,B3/CVM point-in-time full-universe gate
RDOR3.SA,2022-09-30,2022-11-09,Serviços Médicos,False,54440742557.399994,38.905475104408744,3.661651753513126,21.145028545793984,-0.03250736336180715,0.09411661838562639,0.0899890499141357,,,0.17631735091991532,,188945487.63333333,"CVM ITR 2022, ref 2022-09-30, receipt 2022-11-09; CVM DFP 2021 TTM bridge; market snapshot: B3 COTAHIST 2023-01-02; CVM FRE document 115656, received 2022-05-23",2023-01-02,official_b3_isin_cnpj,B3/CVM point-in-time full-universe gate
CSNA3.SA,2022-09-30,2022-10-31,Metalurgia e Siderurgia,False,20424353971.84,6.736482238489239,0.8585083101542068,4.794190032445075,-0.23846609820389938,0.12744163493062824,0.19353486650032886,,,0.2071048769731073,,185935517.9333333,"CVM ITR 2022, ref 2022-09-30, receipt 2022-10-31; CVM DFP 2021 TTM bridge; market snapshot: B3 COTAHIST 2023-01-02; CVM FRE document 114687, received 2022-05-10",2023-01-02,official_b3_isin_cnpj,B3/CVM point-in-time full-universe gate
RADL3.SA,2022-09-30,2022-10-31,Comércio (Atacado e Varejo),False,38423891800.0,42.55057413094106,7.520936267597639,24.096631481936374,0.012828971166320013,0.17675287399068768,0.23892962912242285,,,0.060392409949772526,,178298469.88333333,"CVM ITR 2022, ref 2022-09-30, receipt 2022-10-31; CVM DFP 2021 TTM bridge; market snapshot: B3 COTAHIST 2023-01-02; CVM FRE document 113999, received 2022-04-27",2023-01-02,official_b3_isin_cnpj,B3/CVM point-in-time full-universe gate
VBBR3.SA,2022-09-30,2022-11-10,Comércio (Atacado e Varejo),False,17125500000.0,8.579909819639278,1.3552943969610636,8.635568930925766,-0.09990949169367318,0.1579613801836024,0.13607644305772232,,,0.019864495559098156,,176363330.15,"CVM ITR 2022, ref 2022-09-30, receipt 2022-11-10; CVM DFP 2021 TTM bridge; market snapshot: B3 COTAHIST 2023-01-02; CVM FRE document 115774, received 2022-05-26",2023-01-02,official_b3_isin_cnpj,B3/CVM point-in-time full-universe gate
HYPE3.SA,2022-09-30,2022-10-27,Farmacêutico e Higiene,False,27699492589.789997,17.07816925441019,2.6379692816459017,14.75330796850773,-0.018822366449852457,0.15446440671412623,0.1358304991825598,,,0.33000073318243295,,171324453.08333334,"CVM ITR 2022, ref 2022-09-30, receipt 2022-10-27; CVM DFP 2021 TTM bridge; market snapshot: B3 COTAHIST 2023-01-02; CVM FRE document 114394, received 2022-05-05",2023-01-02,official_b3_isin_cnpj,B3/CVM point-in-time full-universe gate
AZUL4.SA,2022-09-30,2022-11-10,Emp. Adm. Part. - Serviços Transporte e Logística,False,3436133982.3,,,27.092162593144714,0.15726947865935081,,0.3664153597837521,,,0.06353714163916961,,156477608.78333333,"CVM ITR 2022, ref 2022-09-30, receipt 2022-11-10; CVM DFP 2021 TTM bridge; market snapshot: B3 COTAHIST 2023-01-02; CVM FRE document 115872, received 2022-05-27",2023-01-02,official_b3_isin_cnpj,B3/CVM point-in-time full-universe gate
CIEL3.SA,2022-09-30,2022-10-31,Intermediação Financeira,True,13855756811.099998,59.006868403771456,1.010459107053808,,,0.01712443202610671,,,,,,153756057.81666666,"CVM ITR 2022, ref 2022-09-30, receipt 2022-10-31; CVM DFP 2021 TTM bridge; market snapshot: B3 COTAHIST 2023-01-02; CVM FRE document 115666, received 2022-05-23",2023-01-02,official_b3_isin_cnpj,B3/CVM point-in-time full-universe gate
TOTS3.SA,2022-09-30,2022-11-08,Comunicação e Informática,False,15978872556.09,32.233990409993645,3.389816416416355,25.15145376622407,-0.0026851706745509595,0.10516279161531907,0.15488014451234025,,,0.15457517396142603,,151649656.03333333,"CVM ITR 2022, ref 2022-09-30, receipt 2022-11-08; CVM DFP 2021 TTM bridge; market snapshot: B3 COTAHIST 2023-01-02; CVM FRE document 114000, received 2022-04-27",2023-01-02,official_b3_isin_cnpj,B3/CVM point-in-time full-universe gate
BBDC3.SA,2022-09-30,2022-11-08,Bancos,True,70413415290.39,2.66742378115859,0.4350728531902389,,,0.1631060112245329,,,,,,150013755.31666666,"CVM ITR 2022, ref 2022-09-30, receipt 2022-11-08; CVM DFP 2021 TTM bridge; market snapshot: B3 COTAHIST 2023-01-02; CVM FRE document 114912, received 2022-05-12",2023-01-02,official_b3_isin_cnpj,B3/CVM point-in-time full-universe gate
USIM5.SA,2022-09-30,2022-10-28,Metalurgia e Siderurgia,False,3850697705.8900003,0.7104898015011314,0.1423827268573207,0.9628655431584099,0.31698800924646475,0.20040080315930328,0.20491058893975078,,,0.18018692657046548,,148968376.46666667,"CVM ITR 2022, ref 2022-09-30, receipt 2022-10-28; CVM DFP 2021 TTM bridge; market snapshot: B3 COTAHIST 2023-01-02; CVM FRE document 116029, received 2022-05-30",2023-01-02,official_b3_isin_cnpj,B3/CVM point-in-time full-universe gate
CMIG4.SA,2022-09-30,2022-11-11,Energia Elétrica,False,12299120484.94,3.3694355777954206,0.5834716877603603,4.014344600658337,0.2659311293035077,0.17316600192787138,0.17729572015671569,,,0.15712979452507211,,144520359.9,"CVM ITR 2022, ref 2022-09-30, receipt 2022-11-11; CVM DFP 2021 TTM bridge; market snapshot: B3 COTAHIST 2023-01-02; CVM FRE document 115710, received 2022-05-24",2023-01-02,official_b3_isin_cnpj,B3/CVM point-in-time full-universe gate
CYRE3.SA,2022-09-30,2022-11-10,"Construção Civil, Mat. Constr. e Decoração",False,5136694967.15,5.743180579528823,0.6973182221754932,9.743560163327743,-0.24185531902224044,0.12141673285723187,0.08272856805138042,,,0.17751648805309025,,141823343.08333334,"CVM ITR 2022, ref 2022-09-30, receipt 2022-11-10; CVM DFP 2021 TTM bridge; market snapshot: B3 COTAHIST 2023-01-02; CVM FRE document 114178, received 2022-05-03",2023-01-02,official_b3_isin_cnpj,B3/CVM point-in-time full-universe gate
BRAP4.SA,2022-09-30,2022-11-10,Emp. Adm. Part. - Extração Mineral,False,7597077883.360001,1.2790737767915394,0.9698089435152399,1.1450596266518747,0.1549988058670795,0.7582118882523985,0.843772158457044,,,,,130134848.2,"CVM ITR 2022, ref 2022-09-30, receipt 2022-11-10; CVM DFP 2021 TTM bridge; market snapshot: B3 COTAHIST 2023-01-02; CVM FRE document 115449, received 2022-05-17",2023-01-02,official_b3_isin_cnpj,B3/CVM point-in-time full-universe gate
MULT3.SA,2022-09-30,2022-11-03,"Emp. Adm. Part. - Const. Civil, Mat. Const. e Decoração",False,11704998622.140001,15.733138283804074,1.7887125458585915,15.10505780513388,-0.020229818699176248,0.11369076617726794,0.102065723540625,,,0.5614288914394452,,130005757.6,"CVM ITR 2022, ref 2022-09-30, receipt 2022-11-03; CVM DFP 2021 TTM bridge; market snapshot: B3 COTAHIST 2023-01-02; CVM FRE document 114661, received 2022-05-10",2023-01-02,official_b3_isin_cnpj,B3/CVM point-in-time full-universe gate
ENEV3.SA,2022-09-30,2022-11-10,Energia Elétrica,False,14373398849.599998,13.585764171743188,1.0365259689748902,12.203899156842478,-0.25406969069821844,0.07629500673438333,0.08388398158053759,,,0.3261381616391836,,129976020.76666668,"CVM ITR 2022, ref 2022-09-30, receipt 2022-11-10; CVM DFP 2021 TTM bridge; market snapshot: B3 COTAHIST 2023-01-02; CVM FRE document 115717, received 2022-05-24",2023-01-02,official_b3_isin_cnpj,B3/CVM point-in-time full-universe gate
GOAU4.SA,2022-09-30,2022-11-09,Emp. Adm. Part. - Metalurgia e Siderurgia,False,9423822639.15,0.6818887573609771,0.18908713236743652,0.815714842845864,1.546170864832219,0.2772990906892719,0.34914494836958837,,,0.22940621353728352,,126789268.75,"CVM ITR 2022, ref 2022-09-30, receipt 2022-11-09; CVM DFP 2021 TTM bridge; market snapshot: B3 COTAHIST 2023-01-02; CVM FRE document 115100, received 2022-05-13",2023-01-02,official_b3_isin_cnpj,B3/CVM point-in-time full-universe gate
CPLE6.SA,2022-09-30,2022-11-10,Energia Elétrica,False,12830121615.6,13.91580488078943,0.6014981529352925,7.31598755194868,0.05438810487591525,0.043224100803946466,0.09838946633190244,,,0.13037572971490513,,118143860.66666669,"CVM ITR 2022, ref 2022-09-30, receipt 2022-11-10; CVM DFP 2021 TTM bridge; market snapshot: B3 COTAHIST 2023-01-02; CVM FRE document 114634, received 2022-05-10",2023-01-02,official_b3_isin_cnpj,B3/CVM point-in-time full-universe gate
BRML3.SA,2022-09-30,2022-11-10,Emp. Adm. Part. - Comércio (Atacado e Varejo),False,7011324903.99,11.566464752027873,0.6257830765599538,10.923677941714065,0.20325459446174207,0.0541032277343204,0.06519672467058103,,,0.6949698857553879,,113822691.9,"CVM ITR 2022, ref 2022-09-30, receipt 2022-11-10; CVM DFP 2021 TTM bridge; market snapshot: B3 COTAHIST 2023-01-02; CVM FRE document 115718, received 2022-05-24",2023-01-02,official_b3_isin_cnpj,B3/CVM point-in-time full-universe gate
PETZ3.SA,2022-09-30,2022-11-09,Comércio (Atacado e Varejo),False,2713647150.5,45.101918834244685,1.4819481635706815,17.98029300981568,-0.11278990341231543,0.03285776308136757,0.08454527826255576,,,0.05436077280794136,,112665536.01666668,"CVM ITR 2022, ref 2022-09-30, receipt 2022-11-09; CVM DFP 2021 TTM bridge; market snapshot: B3 COTAHIST 2023-01-02; CVM FRE document 115336, received 2022-05-16",2023-01-02,official_b3_isin_cnpj,B3/CVM point-in-time full-universe gate
VIVT3.SA,2022-09-30,2022-10-25,Telecomunicações,False,61534941347.97,11.068225797412154,0.8899350191053835,11.583304886427058,0.08001881357383366,0.08040448716843653,0.0784024979824568,,,0.13857877204008817,,110122670.48333332,"CVM ITR 2022, ref 2022-09-30, receipt 2022-10-25; CVM DFP 2021 TTM bridge; market snapshot: B3 COTAHIST 2023-01-02; CVM FRE document 114359, received 2022-05-05",2023-01-02,official_b3_isin_cnpj,B3/CVM point-in-time full-universe gate
GOLL4.SA,2022-09-30,2022-10-27,Emp. Adm. Part. - Serviços Transporte e Logística,False,2163329305.12,,,,0.32994884242110617,,,,,-0.13613387697155396,,106301027.68333334,"CVM ITR 2022, ref 2022-09-30, receipt 2022-10-27; CVM DFP 2021 TTM bridge; market snapshot: B3 COTAHIST 2023-01-02; CVM FRE document 115734, received 2022-05-25",2023-01-02,official_b3_isin_cnpj,B3/CVM point-in-time full-universe gate
COGN3.SA,2022-09-30,2022-11-10,Emp. Adm. Part. - Educação,False,3847042730.4999995,,0.286496016915514,33.25472305811205,0.13714352476959057,-0.021192724705482835,0.016623964106045483,,,0.07278034893389031,,104023855.93333334,"CVM ITR 2022, ref 2022-09-30, receipt 2022-11-10; CVM DFP 2021 TTM bridge; market snapshot: B3 COTAHIST 2023-01-02; CVM FRE document 115845, received 2022-05-27",2023-01-02,official_b3_isin_cnpj,B3/CVM point-in-time full-universe gate
EMBR3.SA,2022-09-30,2022-11-14,"Máquinas, Equipamentos, Veículos e Peças",False,10588650129.2,,0.7224260158645601,,0.36824637252365205,-0.07851977530027826,-0.039026184616045456,,,-0.04722695126401862,,100146541.28333332,"CVM ITR 2022, ref 2022-09-30, receipt 2022-11-14; CVM DFP 2021 TTM bridge; market snapshot: B3 COTAHIST 2023-01-02; CVM FRE document 115513, received 2022-05-18",2023-01-02,official_b3_issuer_unique_prefix,B3/CVM point-in-time full-universe gate
UGPA3.SA,2022-09-30,2022-11-09,Emp. Adm. Part. - Petróleo e Gás,False,13326061715.599998,9.558762312856855,1.1718970191337728,8.745569904758641,0.6157642951926358,0.12259924253556677,0.12524140093872835,,,0.018402349367424076,,99544793.68333334,"CVM ITR 2022, ref 2022-09-30, receipt 2022-11-09; CVM DFP 2021 TTM bridge; market snapshot: B3 COTAHIST 2023-01-02; CVM FRE document 115454, received 2022-05-17",2023-01-02,official_b3_isin_cnpj,B3/CVM point-in-time full-universe gate
BEEF3.SA,2022-09-30,2022-11-09,Alimentos,False,7712499268.9,9.280572668725942,11.386216467164878,6.600753739033915,0.24744209801036213,1.2268872701718747,0.2595331048914969,,,0.08091113150361795,,91955998.51666668,"CVM ITR 2022, ref 2022-09-30, receipt 2022-11-09; CVM DFP 2021 TTM bridge; market snapshot: B3 COTAHIST 2023-01-02; CVM FRE document 114214, received 2022-05-03",2023-01-02,official_b3_isin_cnpj,B3/CVM point-in-time full-universe gate
LWSA3.SA,2022-09-30,2022-11-10,Comunicação e Informática,False,3789388102.56,903.095353326978,1.2802674544206936,97.22533269369762,-0.07880929372165607,0.0014176437180240425,0.015556464387119414,,,0.02328514664528735,,88054771.76666667,"CVM ITR 2022, ref 2022-09-30, receipt 2022-11-10; CVM DFP 2021 TTM bridge; market snapshot: B3 COTAHIST 2023-01-02; CVM FRE document 115548, received 2022-05-19",2023-01-02,official_b3_isin_cnpj,B3/CVM point-in-time full-universe gate
YDUQ3.SA,2022-09-30,2022-11-10,Emp. Adm. Part. - Educação,False,3025979851.29,,0.995998157848656,13.755600864536309,0.04830468383247395,-0.01497726568049246,0.072585312331302,,,0.12651492744809373,,75425026.18333334,"CVM ITR 2022, ref 2022-09-30, receipt 2022-11-10; CVM DFP 2021 TTM bridge; market snapshot: B3 COTAHIST 2023-01-02; CVM FRE document 115625, received 2022-05-20",2023-01-02,official_b3_isin_cnpj,B3/CVM point-in-time full-universe gate
CPFE3.SA,2022-09-30,2022-11-10,Emp. Adm. Part. - Energia Elétrica,False,37091070423.6,7.168140597329099,2.357071651041959,6.233483867412736,0.023321677970490937,0.3288260908163856,0.257665908008224,,,0.22959779524135174,,72401893.26666667,"CVM ITR 2022, ref 2022-09-30, receipt 2022-11-10; CVM DFP 2021 TTM bridge; market snapshot: B3 COTAHIST 2023-01-02; CVM FRE document 115542, received 2022-05-19",2023-01-02,official_b3_isin_cnpj,B3/CVM point-in-time full-universe gate
RECV3.SA,2022-09-30,2022-11-10,Emp. Adm. Part. - Petróleo e Gás,False,8136450508.8,9.958338494753681,2.215892842566753,7.945256667349583,-0.07307178964057709,0.22251632074307823,0.27240292364154906,,,0.4203888203582331,,72076359.13333334,"CVM ITR 2022, ref 2022-09-30, receipt 2022-11-10; CVM DFP 2021 TTM bridge; market snapshot: B3 COTAHIST 2023-01-02; CVM FRE document 113616, received 2022-04-08",2023-01-02,official_b3_isin_cnpj,B3/CVM point-in-time full-universe gate
EGIE3.SA,2022-09-30,2022-11-08,Energia Elétrica,False,30450423256.8,16.444390519306094,3.7833728302192484,8.956936501320149,0.06650052063062199,0.2300707238603633,0.2206195397889664,,,0.4374841293162536,,71774707.06666666,"CVM ITR 2022, ref 2022-09-30, receipt 2022-11-08; CVM DFP 2021 TTM bridge; market snapshot: B3 COTAHIST 2023-01-02; CVM FRE document 115589, received 2022-05-20",2023-01-02,official_b3_isin_cnpj,B3/CVM point-in-time full-universe gate
ENBR3.SA,2022-09-30,2022-10-26,Energia Elétrica,False,12416159061.24,5.1303538027971145,0.9520468562107149,5.201508901242927,0.03616037760031411,0.18557138412006802,0.18723748059445378,,,0.2494314536318851,,68605979.11666666,"CVM ITR 2022, ref 2022-09-30, receipt 2022-10-26; CVM DFP 2021 TTM bridge; market snapshot: B3 COTAHIST 2023-01-02; CVM FRE document 111096, received 2022-01-04",2023-01-02,official_b3_isin_cnpj,B3/CVM point-in-time full-universe gate
ALPA4.SA,2022-09-30,2022-11-03,Têxtil e Vestuário,False,4099118467.89,9.47630637682198,0.699259830874082,12.185567347701982,-0.7745799553908389,0.07379033592501777,0.05796026233205224,,,0.08387932884384938,,68286973.93333334,"CVM ITR 2022, ref 2022-09-30, receipt 2022-11-03; CVM DFP 2021 TTM bridge; market snapshot: B3 COTAHIST 2023-01-02; CVM FRE document 111641, received 2022-02-08",2023-01-02,official_b3_isin_cnpj,B3/CVM point-in-time full-universe gate
VAMO3.SA,2022-09-30,2022-10-27,Serviços Transporte e Logística,False,11342830331.699999,21.317423174375858,3.1027275392729443,13.536663768173629,-0.46970066942732003,0.14554890213009,0.12541791873610228,,,0.3191641321624143,,54668594.65,"CVM ITR 2022, ref 2022-09-30, receipt 2022-10-27; CVM DFP 2021 TTM bridge; market snapshot: B3 COTAHIST 2023-01-02; CVM FRE document 114448, received 2022-05-06",2023-01-02,official_b3_isin_cnpj,B3/CVM point-in-time full-universe gate
SMTO3.SA,2022-09-30,2022-11-07,"Agricultura (Açúcar, Álcool e Cana)",False,8319266231.5,10.362864577676023,1.5259047435061708,11.009424999874126,0.26657074533845565,0.147247388216702,0.10863826116862689,,,0.32567420404353326,,54204508.11666667,"CVM ITR 2022, ref 2022-09-30, receipt 2022-11-07; CVM DFP 2021 TTM bridge; market snapshot: B3 COTAHIST 2023-01-02; CVM FRE document 119314, received 2022-08-08",2023-01-02,official_b3_isin_cnpj,B3/CVM point-in-time full-universe gate
RAIZ4.SA,2022-09-30,2022-11-10,Comércio (Atacado e Varejo),False,4810636626.0,,0.21453975053800653,178.97094552992144,-0.8312070336779579,-0.03565896796845925,0.003968468431784962,,,0.0017539776167980468,,53949084.833333336,"CVM ITR 2022, ref 2022-09-30, receipt 2022-11-10; CVM DFP 2021 TTM bridge; market snapshot: B3 COTAHIST 2023-01-02; CVM FRE document 119171, received 2022-08-02",2023-01-02,official_b3_isin_cnpj,B3/CVM point-in-time full-universe gate
AURE3.SA,2022-09-30,2022-10-26,Energia Elétrica,False,14480000000.0,70.38077554948526,1.1181012170392757,18.851729843757447,-0.0634817679558011,0.01588645774801288,0.05815493561169535,,,0.19245759855877095,,52517846.68333333,"CVM ITR 2022, ref 2022-09-30, receipt 2022-10-26; CVM DFP 2021 TTM bridge; market snapshot: B3 COTAHIST 2023-01-02; CVM FRE document 113572, received 2022-04-06",2023-01-02,official_b3_isin_cnpj,B3/CVM point-in-time full-universe gate
PCAR3.SA,2022-09-30,2022-11-03,Comércio (Atacado e Varejo),False,4340924931.33,2.287104811027397,0.2728425475380264,5.267798440511687,0.9539441629393149,0.11929604022627278,0.07951577255374724,,,0.029734400240429767,,52106413.28333333,"CVM ITR 2022, ref 2022-09-30, receipt 2022-11-03; CVM DFP 2021 TTM bridge; market snapshot: B3 COTAHIST 2023-01-02; CVM FRE document 114389, received 2022-05-05",2023-01-02,official_b3_isin_cnpj,B3/CVM point-in-time full-universe gate
PSSA3.SA,2022-09-30,2022-11-09,Seguradoras e Corretoras,True,14638708398.4,13.118626866163861,1.463241353409763,,,0.11153921582935021,,,,,,51997677.333333336,"CVM ITR 2022, ref 2022-09-30, receipt 2022-11-09; CVM DFP 2021 TTM bridge; market snapshot: B3 COTAHIST 2023-01-02; CVM FRE document 113901, received 2022-04-22",2023-01-02,official_b3_isin_cnpj,B3/CVM point-in-time full-universe gate
MDIA3.SA,2022-09-30,2022-11-11,Alimentos,False,11902290000.0,19.280084103308408,1.8055570725384829,20.786292839669017,-0.06000509145719017,0.09364881723875126,0.07910351733090068,,,0.06842411649568028,,49701574.45,"CVM ITR 2022, ref 2022-09-30, receipt 2022-11-11; CVM DFP 2021 TTM bridge; market snapshot: B3 COTAHIST 2023-01-02; CVM FRE document 119883, received 2022-08-15",2023-01-02,official_b3_isin_cnpj,B3/CVM point-in-time full-universe gate
IRBR3.SA,2022-09-30,2022-11-10,Seguradoras e Corretoras,True,1103064587.97,,0.26859329587776043,,,-0.2343520693986906,,,,,,48343362.46666667,"CVM ITR 2022, ref 2022-09-30, receipt 2022-11-10; CVM DFP 2021 TTM bridge; market snapshot: B3 COTAHIST 2023-01-02; CVM FRE document 115495, received 2022-05-17",2023-01-02,official_b3_isin_cnpj,B3/CVM point-in-time full-universe gate
GMAT3.SA,2022-09-30,2022-11-10,Emp. Adm. Part. - Comércio (Atacado e Varejo),False,13410730699.53,13.936325270792675,1.8545470850251755,13.190186037232452,-0.10071755449144447,0.13307289037748557,0.12413575718768644,,,0.059742813818424674,,46731021.016666666,"CVM ITR 2022, ref 2022-09-30, receipt 2022-11-10; CVM DFP 2021 TTM bridge; market snapshot: B3 COTAHIST 2023-01-02; CVM FRE document 114142, received 2022-05-02",2023-01-02,official_b3_isin_cnpj,B3/CVM point-in-time full-universe gate
CASH3.SA,2022-09-30,2022-11-08,Comunicação e Informática,False,980389560.0,,1.2426998969475953,,-0.06532913304380761,-0.10450375767347472,-0.5690655947957848,,,-0.4712213280779548,,44206074.36666667,"CVM ITR 2022, ref 2022-09-30, receipt 2022-11-08; CVM DFP 2021 TTM bridge; market snapshot: B3 COTAHIST 2023-01-02; CVM FRE document 114472, received 2022-05-06",2023-01-02,official_b3_isin_cnpj,B3/CVM point-in-time full-universe gate
CBAV3.SA,2022-09-30,2022-11-08,Extração Mineral,False,6494583329.7,3.9308866032600305,1.1479489775440057,4.427340645210643,0.11031531410546927,0.29203309416047996,0.2508935453090311,,,0.20414413108441873,,42533875.95,"CVM ITR 2022, ref 2022-09-30, receipt 2022-11-08; CVM DFP 2021 TTM bridge; market snapshot: B3 COTAHIST 2023-01-02; CVM FRE document 111480, received 2022-02-01",2023-01-02,official_b3_isin_cnpj,B3/CVM point-in-time full-universe gate
INTB3.SA,2022-09-30,2022-10-31,Comércio (Atacado e Varejo),False,9628490522.9,23.02513678047124,4.474648523715405,21.869973777644223,0.0065973996493967095,0.19433754363233907,0.22453260946313833,,,0.10946973628211304,,40827279.73333333,"CVM ITR 2022, ref 2022-09-30, receipt 2022-10-31; CVM DFP 2021 TTM bridge; market snapshot: B3 COTAHIST 2023-01-02; CVM FRE document 114554, received 2022-05-09",2023-01-02,official_b3_isin_cnpj,B3/CVM point-in-time full-universe gate
DIRR3.SA,2022-09-30,2022-11-07,"Construção Civil, Mat. Constr. e Decoração",False,2290500000.0,9.348102014912886,1.5015556391756226,8.33933434678212,0.0023213272211307576,0.16062679213173045,0.15912258335829912,,,0.17599056911460662,,40156188.56666667,"CVM ITR 2022, ref 2022-09-30, receipt 2022-11-07; CVM DFP 2021 TTM bridge; market snapshot: B3 COTAHIST 2023-01-02; CVM FRE document 114519, received 2022-05-09",2023-01-02,official_b3_isin_cnpj,B3/CVM point-in-time full-universe gate
DXCO3.SA,2022-09-30,2022-10-26,"Construção Civil, Mat. Constr. e Decoração",False,5045184365.13,4.47228073118453,0.8539679138368553,6.236411031480256,-0.10840079577268488,0.19094684908357104,0.14591672119217236,,,0.1597247931666486,,39477965.583333336,"CVM ITR 2022, ref 2022-09-30, receipt 2022-10-26; CVM DFP 2021 TTM bridge; market snapshot: B3 COTAHIST 2023-01-02; CVM FRE document 115636, received 2022-05-23",2023-01-02,official_b3_isin_cnpj,B3/CVM point-in-time full-universe gate
STBP3.SA,2022-09-30,2022-11-09,Emp. Adm. Part. - Serviços Transporte e Logística,False,6445344223.44,15.338863017679802,3.011882502873869,11.066765408363876,0.11797213207554273,0.19635630746570515,0.3175875998187026,,,0.28520572317563025,,37907500.66666666,"CVM ITR 2022, ref 2022-09-30, receipt 2022-11-09; CVM DFP 2021 TTM bridge; market snapshot: B3 COTAHIST 2023-01-02; CVM FRE document 115702, received 2022-05-24",2023-01-02,official_b3_isin_cnpj,B3/CVM point-in-time full-universe gate
CMIN3.SA,2022-09-30,2022-10-31,Extração Mineral,False,22588634397.52,8.11804633191268,1.7154002742011742,5.327846384471753,-0.07968232910076282,0.2113070317741106,0.33793602903570436,,,0.3329496281939058,,36728507.73333333,"CVM ITR 2022, ref 2022-09-30, receipt 2022-10-31; CVM DFP 2021 TTM bridge; market snapshot: B3 COTAHIST 2023-01-02; CVM FRE document 114689, received 2022-05-10",2023-01-02,official_b3_isin_cnpj,B3/CVM point-in-time full-universe gate
EZTC3.SA,2022-09-30,2022-11-10,"Emp. Adm. Part. - Const. Civil, Mat. Const. e Decoração",False,2846339646.6400003,7.374433631902668,0.6255760275695338,12.389370409423847,-0.0510118320459049,0.08483038275145881,0.053130765353027916,,,0.26841352667971274,,34618630.9,"CVM ITR 2022, ref 2022-09-30, receipt 2022-11-10; CVM DFP 2021 TTM bridge; market snapshot: B3 COTAHIST 2023-01-02; CVM FRE document 115668, received 2022-05-23",2023-01-02,official_b3_isin_cnpj,B3/CVM point-in-time full-universe gate
QUAL3.SA,2022-09-30,2022-11-08,Seguradoras e Corretoras,True,1567759073.9999998,6.698451061320753,1.0761027794899531,,,0.16064949488154873,,,,,,33055244.8,"CVM ITR 2022, ref 2022-09-30, receipt 2022-11-08; CVM DFP 2021 TTM bridge; market snapshot: B3 COTAHIST 2023-01-02; CVM FRE document 114692, received 2022-05-10",2023-01-02,official_b3_isin_cnpj,B3/CVM point-in-time full-universe gate
SIMH3.SA,2022-09-30,2022-11-09,Serviços Transporte e Logística,False,5306696903.190001,5.207356169543617,0.9550967143642368,9.139523544940944,-2.6695129302531395,0.1834129802663265,0.10880262173608553,,,0.2299580870357084,,32507322.183333334,"CVM ITR 2022, ref 2022-09-30, receipt 2022-11-09; CVM DFP 2021 TTM bridge; market snapshot: B3 COTAHIST 2023-01-02; CVM FRE document 115529, received 2022-05-18",2023-01-02,official_b3_isin_cnpj,B3/CVM point-in-time full-universe gate
SBFG3.SA,2022-09-30,2022-11-01,Comércio (Atacado e Varejo),False,2894106442.02,8.212257896331861,1.2481515365931288,13.322405105379282,-0.1751106982942467,0.15198640280776327,0.08430629670299092,,,0.06607244528590299,,31934525.166666668,"CVM ITR 2022, ref 2022-09-30, receipt 2022-11-01; CVM DFP 2021 TTM bridge; market snapshot: B3 COTAHIST 2023-01-02; CVM FRE document 114696, received 2022-05-10",2023-01-02,official_b3_isin_cnpj,B3/CVM point-in-time full-universe gate
VIVA3.SA,2022-09-30,2022-11-10,Comércio (Atacado e Varejo),False,4903465684.440001,0.014848650282129056,0.0030949000169158128,0.4213781172847576,-19.786269190763246,0.20842971974635624,0.19118663774259811,,,0.18776801822763495,,31421901.183333334,"CVM ITR 2022, ref 2022-09-30, receipt 2022-11-10; CVM DFP 2021 TTM bridge; market snapshot: B3 COTAHIST 2023-01-02; CVM FRE document 115503, received 2022-05-18",2023-01-02,official_b3_isin_cnpj,B3/CVM point-in-time full-universe gate
AMBP3.SA,2022-09-30,2022-11-07,"Saneamento, Serv. Água e Gás",False,2297109859.92,16.59605571673181,1.8291960282942468,9.364711047807148,-0.399812832648755,0.11021872061143348,0.13243110151088272,,,0.1749861330375048,,28950690.716666665,"CVM ITR 2022, ref 2022-09-30, receipt 2022-11-07; CVM DFP 2021 TTM bridge; market snapshot: B3 COTAHIST 2023-01-02; CVM FRE document 112996, received 2022-03-25",2023-01-02,official_b3_isin_cnpj,B3/CVM point-in-time full-universe gate
CSMG3.SA,2022-09-30,2022-11-03,"Saneamento, Serv. Água e Gás",False,5814069425.009999,9.093264159782414,0.8085200678584151,8.680658383206906,-0.02897798214711037,0.08891417357414168,0.09967889294725867,,,0.16578456611523176,,26392026.3,"CVM ITR 2022, ref 2022-09-30, receipt 2022-11-03; CVM DFP 2021 TTM bridge; market snapshot: B3 COTAHIST 2023-01-02; CVM FRE document 114506, received 2022-05-07",2023-01-02,official_b3_isin_cnpj,B3/CVM point-in-time full-universe gate
ANIM3.SA,2022-09-30,2022-11-14,Educação,False,1534701459.0,,0.50247667989185,15.83514256666791,0.5241853360354433,-0.10178785531357043,0.050976172678430874,,,0.11265787116283178,,24845143.35,"CVM ITR 2022, ref 2022-09-30, receipt 2022-11-14; CVM DFP 2021 TTM bridge; market snapshot: B3 COTAHIST 2023-01-02; CVM FRE document 114695, received 2022-05-10",2023-01-02,official_b3_isin_cnpj,B3/CVM point-in-time full-universe gate
NEOE3.SA,2022-09-30,2022-10-25,Emp. Adm. Part. - Energia Elétrica,False,18243372637.44,4.0594954689452605,0.6741075504356501,6.019607852967204,-0.2775802534235033,0.1660569781620663,0.14285487405901598,,,0.2082416946405834,,24655669.516666666,"CVM ITR 2022, ref 2022-09-30, receipt 2022-10-25; CVM DFP 2021 TTM bridge; market snapshot: B3 COTAHIST 2023-01-02; CVM FRE document 115675, received 2022-05-23",2023-01-02,official_b3_isin_cnpj,B3/CVM point-in-time full-universe gate
BPAN4.SA,2022-09-30,2022-11-03,Bancos,True,3142624089.6400003,4.91984390134087,0.4367822862332216,,,0.08877970419227724,,,,,,24352519.633333333,"CVM ITR 2022, ref 2022-09-30, receipt 2022-11-03; CVM DFP 2021 TTM bridge; market snapshot: B3 COTAHIST 2023-01-02; CVM FRE document 115320, received 2022-05-16",2023-01-02,official_b3_isin_cnpj,B3/CVM point-in-time full-universe gate
LIGT3.SA,2022-09-30,2022-11-11,Emp. Adm. Part. - Energia Elétrica,False,1616890106.1599998,,0.18895514331942073,8.789257635485683,-0.658073789892254,-0.012348829993671852,0.07587111909823864,,,0.10911090137013385,,23166614.58333333,"CVM ITR 2022, ref 2022-09-30, receipt 2022-11-11; CVM DFP 2021 TTM bridge; market snapshot: B3 COTAHIST 2023-01-02; CVM FRE document 114218, received 2022-05-03",2023-01-02,official_b3_isin_cnpj,B3/CVM point-in-time full-universe gate
MYPK3.SA,2022-09-30,2022-11-09,"Máquinas, Equipamentos, Veículos e Peças",False,1764701019.48,2.9055128802380126,0.4000625290275836,4.787355272490822,0.16361298418985373,0.1376908468548284,0.14751471048308293,,,0.0801638628602373,,22130647.53333333,"CVM ITR 2022, ref 2022-09-30, receipt 2022-11-09; CVM DFP 2021 TTM bridge; market snapshot: B3 COTAHIST 2023-01-02; CVM FRE document 115484, received 2022-05-17",2023-01-02,official_b3_isin_cnpj,B3/CVM point-in-time full-universe gate
POSI3.SA,2022-09-30,2022-11-09,Comunicação e Informática,False,774396000.0,7.30907031618688,0.5795158353669625,3.7111606651135434,-0.7554287470493133,0.07928721578769735,0.20496501783717586,,,0.10022639311751592,,22101201.316666663,"CVM ITR 2022, ref 2022-09-30, receipt 2022-11-09; CVM DFP 2021 TTM bridge; market snapshot: B3 COTAHIST 2023-01-02; CVM FRE document 115594, received 2022-05-20",2023-01-02,official_b3_isin_cnpj,B3/CVM point-in-time full-universe gate
CURY3.SA,2022-09-30,2022-11-08,"Construção Civil, Mat. Constr. e Decoração",False,3452882291.04,9.51721119678945,3.9582158316147615,7.966625616111058,0.07911940720044523,0.41590080852151645,0.4723954629954853,,,0.20347327700285833,,21948437.08333333,"CVM ITR 2022, ref 2022-09-30, receipt 2022-11-08; CVM DFP 2021 TTM bridge; market snapshot: B3 COTAHIST 2023-01-02; CVM FRE document 114521, received 2022-05-09",2023-01-02,official_b3_isin_cnpj,B3/CVM point-in-time full-universe gate
GFSA3.SA,2022-09-30,2022-11-14,"Construção Civil, Mat. Constr. e Decoração",False,4778231494.32,,2.7424880785720926,64.73724919648485,-0.17490173948111176,-0.017708796084251948,0.027326554299734882,,,0.10448898940832901,,21428219.05,"CVM ITR 2022, ref 2022-09-30, receipt 2022-11-14; CVM DFP 2021 TTM bridge; market snapshot: B3 COTAHIST 2023-01-02; CVM FRE document 114205, received 2022-05-03",2023-01-02,official_b3_isin_cnpj,B3/CVM point-in-time full-universe gate
BRSR6.SA,2022-09-30,2022-11-14,Bancos,True,1913970350.2499998,2.153797900239577,0.21061365674107838,,,0.09778710282782375,,,,,,21407999.6,"CVM ITR 2022, ref 2022-09-30, receipt 2022-11-14; CVM DFP 2021 TTM bridge; market snapshot: B3 COTAHIST 2023-01-02; CVM FRE document 115728, received 2022-05-25",2023-01-02,official_b3_isin_cnpj,B3/CVM point-in-time full-universe gate
CXSE3.SA,2022-09-30,2022-11-08,Emp. Adm. Part. - Seguradoras e Corretoras,True,24359999999.999996,9.553686738690587,2.0726298507706504,,,0.21694555279658687,,,,,,21265270.683333334,"CVM ITR 2022, ref 2022-09-30, receipt 2022-11-08; CVM DFP 2021 TTM bridge; market snapshot: B3 COTAHIST 2023-01-02; CVM FRE document 115714, received 2022-05-24",2023-01-02,official_b3_isin_cnpj,B3/CVM point-in-time full-universe gate
SMFT3.SA,2022-09-30,2022-11-09,Brinquedos e Lazer,False,7462864338.97,,1.7896849010895142,160.0597009113334,-0.046176238016348764,-0.06516533123321915,0.009611659962879129,,,0.022403213635081676,,21200884.8,"CVM ITR 2022, ref 2022-09-30, receipt 2022-11-09; CVM DFP 2021 TTM bridge; market snapshot: B3 COTAHIST 2023-01-02; CVM FRE document 114215, received 2022-05-03",2023-01-02,official_b3_isin_cnpj,B3/CVM point-in-time full-universe gate
GGPS3.SA,2022-09-30,2022-11-10,Emp. Adm. Part. - Sem Setor Principal,False,7567709835.5,16.54556509272256,3.0117541058014705,10.69904752805309,0.02272616204088868,0.1820278781004686,0.22705773377419852,,,0.09274758085994825,,21156079.816666663,"CVM ITR 2022, ref 2022-09-30, receipt 2022-11-10; CVM DFP 2021 TTM bridge; market snapshot: B3 COTAHIST 2023-01-02; CVM FRE document 114973, received 2022-05-12",2023-01-02,official_b3_isin_cnpj,B3/CVM point-in-time full-universe gate
KEPL3.SA,2022-09-30,2022-10-26,Emp. Adm. Part. - Metalurgia e Siderurgia,False,584989023.15,1.6528522072348253,0.9265259426588467,1.093893894566529,0.242515661637676,0.5605618812155615,0.8408548728374061,,,0.2811135172435316,,21090769.65,"CVM ITR 2022, ref 2022-09-30, receipt 2022-10-26; CVM DFP 2021 TTM bridge; market snapshot: B3 COTAHIST 2023-01-02; CVM FRE document 113909, received 2022-04-25",2023-01-02,official_b3_isin_cnpj,B3/CVM point-in-time full-universe gate
ENAT3.SA,2022-09-30,2022-11-10,Emp. Adm. Part. - Petróleo e Gás,False,3561812527.0,3.993152903652548,0.8943870933802329,1.7701628323423155,0.6844992490532615,0.2239801768076886,0.4847855597469853,,,0.65195389640843,,20781844.716666665,"CVM ITR 2022, ref 2022-09-30, receipt 2022-11-10; CVM DFP 2021 TTM bridge; market snapshot: B3 COTAHIST 2023-01-02; CVM FRE document 115607, received 2022-05-20",2023-01-02,official_b3_isin_cnpj,B3/CVM point-in-time full-universe gate
ITUB3.SA,2022-09-30,2022-11-10,Bancos,True,106355328200.55,3.5458867840418087,0.6122332771147901,,,0.17266013113281947,,,,,,20454018.183333334,"CVM ITR 2022, ref 2022-09-30, receipt 2022-11-10; CVM DFP 2021 TTM bridge; market snapshot: B3 COTAHIST 2023-01-02; CVM FRE document 114194, received 2022-05-03",2023-01-02,official_b3_isin_cnpj,B3/CVM point-in-time full-universe gate
AESB3.SA,2022-09-30,2022-11-03,Emp. Adm. Part. - Energia Elétrica,False,18957559852.0,121.1183154464896,3.2337033213861957,45.092575929245676,-0.14126754819225665,0.026698714471593308,0.04511072152783333,,,0.20478242476822806,,20039059.28333333,"CVM ITR 2022, ref 2022-09-30, receipt 2022-11-03; CVM DFP 2021 TTM bridge; market snapshot: B3 COTAHIST 2023-01-02; CVM FRE document 113341, received 2022-03-31",2023-01-02,official_b3_issuer_unique_prefix,B3/CVM point-in-time full-universe gate
UNIP6.SA,2022-09-30,2022-11-10,Petroquímicos e Borracha,False,5596797705.51,2.986605789811555,1.958883898249856,2.0373577343671534,0.3289763355547656,0.6558896741352179,0.8380116217736695,,,0.41328148575401175,,19857768.433333334,"CVM ITR 2022, ref 2022-09-30, receipt 2022-11-10; CVM DFP 2021 TTM bridge; market snapshot: B3 COTAHIST 2023-01-02; CVM FRE document 115522, received 2022-05-18",2023-01-02,official_b3_isin_cnpj,B3/CVM point-in-time full-universe gate
RAPT4.SA,2022-09-30,2022-11-17,"Máquinas, Equipamentos, Veículos e Peças",False,1838667461.6399999,2.5599660581505597,0.4726784019500803,4.4454393126845675,0.3436641008681314,0.18464244885010916,0.16235121201691516,,,0.11030656053198719,,19306940.883333333,"CVM ITR 2022, ref 2022-09-30, receipt 2022-11-17; CVM DFP 2021 TTM bridge; market snapshot: B3 COTAHIST 2023-01-02; CVM FRE document 114094, received 2022-04-29",2023-01-02,official_b3_isin_cnpj,B3/CVM point-in-time full-universe gate
LJQQ3.SA,2022-09-30,2022-10-31,Comércio (Atacado e Varejo),False,749161076.0,266.9854155381326,1.4396727629816535,7.683716448925008,0.13720146880668957,0.005392327367694847,0.18761266216596995,,,0.042995182115844174,,18949193.466666665,"CVM ITR 2022, ref 2022-09-30, receipt 2022-10-31; CVM DFP 2021 TTM bridge; market snapshot: B3 COTAHIST 2023-01-02; CVM FRE document 115530, received 2022-05-18",2023-01-02,official_b3_isin_cnpj,B3/CVM point-in-time full-universe gate
ABCB4.SA,2022-09-30,2022-11-16,Bancos,True,2094063913.37,2.8156541199130856,0.4106324907002619,,,0.14583910992339408,,,,,,16189129.3,"CVM ITR 2022, ref 2022-09-30, receipt 2022-11-16; CVM DFP 2021 TTM bridge; market snapshot: B3 COTAHIST 2023-01-02; CVM FRE document 114643, received 2022-05-10",2023-01-02,official_b3_isin_cnpj,B3/CVM point-in-time full-universe gate
BRPR3.SA,2022-09-30,2022-11-03,Emp. Adm. Part. - Sem Setor Principal,False,3001430882.01,,0.6690900437844418,,1.2817126734645168,-0.33442655110302644,-0.6154087622519845,,,-5.202255686653327,,15490412.4,"CVM ITR 2022, ref 2022-09-30, receipt 2022-11-03; CVM DFP 2021 TTM bridge; market snapshot: B3 COTAHIST 2023-01-02; CVM FRE document 115860, received 2022-05-27",2023-01-02,official_b3_isin_cnpj,B3/CVM point-in-time full-universe gate
POMO4.SA,2022-09-30,2022-11-03,"Máquinas, Equipamentos, Veículos e Peças",False,1634221272.6000001,6.904392071586401,0.531000779042281,20.093111809140456,-0.05222609779409623,0.07690768043540068,0.03386957092361276,,,0.032485225690316887,,15458142.866666667,"CVM ITR 2022, ref 2022-09-30, receipt 2022-11-03; CVM DFP 2021 TTM bridge; market snapshot: B3 COTAHIST 2023-01-02; CVM FRE document 113758, received 2022-04-14",2023-01-02,official_b3_isin_cnpj,B3/CVM point-in-time full-universe gate
TTEN3.SA,2022-09-30,2022-11-07,"Agricultura (Açúcar, Álcool e Cana)",False,4644597175.92,9.032315304577807,1.7911417661919569,13.128893942694464,0.03275310952448037,0.19830372454825185,0.13054217104345142,,,0.05894303290607738,,15398644.25,"CVM ITR 2022, ref 2022-09-30, receipt 2022-11-07; CVM DFP 2021 TTM bridge; market snapshot: B3 COTAHIST 2023-01-02; CVM FRE document 113054, received 2022-03-28",2023-01-02,official_b3_isin_cnpj,B3/CVM point-in-time full-universe gate
ORVR3.SA,2022-09-30,2022-11-16,"Saneamento, Serv. Água e Gás",False,2241524059.5,,5.204978659003832,25.18312474473189,-0.14015910231634077,-0.17265528851735748,0.11068852989775795,,,0.18615719697598518,,15356356.633333333,"CVM ITR 2022, ref 2022-09-30, receipt 2022-11-16; CVM DFP 2021 TTM bridge; market snapshot: B3 COTAHIST 2023-01-02; CVM FRE document 114473, received 2022-05-06",2023-01-02,official_b3_isin_cnpj,B3/CVM point-in-time full-universe gate
MILS3.SA,2022-09-30,2022-11-10,Serviços Transporte e Logística,False,2513537169.76,11.829412231436075,2.084229633982018,9.510102098366485,-0.01258664498007833,0.17619046434473568,0.20568724745646708,,,0.2858090684267318,,14623607.45,"CVM ITR 2022, ref 2022-09-30, receipt 2022-11-10; CVM DFP 2021 TTM bridge; market snapshot: B3 COTAHIST 2023-01-02; CVM FRE document 116383, received 2022-05-31",2023-01-02,official_b3_isin_cnpj,B3/CVM point-in-time full-universe gate
JHSF3.SA,2022-09-30,2022-11-11,"Emp. Adm. Part. - Const. Civil, Mat. Const. e Decoração",False,3315123280.08,4.136241712327912,0.6540948226778376,6.150323346308192,-0.18237360994472884,0.1581374755562115,0.1254389798605301,,,0.4860580305531888,,14491451.45,"CVM ITR 2022, ref 2022-09-30, receipt 2022-11-11; CVM DFP 2021 TTM bridge; market snapshot: B3 COTAHIST 2023-01-02; CVM FRE document 115654, received 2022-05-23",2023-01-02,official_b3_isin_cnpj,B3/CVM point-in-time full-universe gate
SQIA3.SA,2022-09-30,2022-11-10,Comunicação e Informática,False,1297144087.0,40.29273714782717,1.6389339230481543,27.83042642070292,-0.42779518910916486,0.04067566611409857,0.0526643424001827,,,0.1031039350403744,,13629917.5,"CVM ITR 2022, ref 2022-09-30, receipt 2022-11-10; CVM DFP 2021 TTM bridge; market snapshot: B3 COTAHIST 2023-01-02; CVM FRE document 122401, received 2022-11-29",2023-01-02,official_b3_isin_cnpj,B3/CVM point-in-time full-universe gate
PARD3.SA,2022-09-30,2022-11-10,Serviços Médicos,False,2691610127.25,15.674412574248777,2.8072579247166263,9.317732019802817,0.011542533476697075,0.1790981264158264,0.2709609409578348,,,0.14883174216211434,,13175022.166666666,"CVM ITR 2022, ref 2022-09-30, receipt 2022-11-10; CVM DFP 2021 TTM bridge; market snapshot: B3 COTAHIST 2023-01-02; CVM FRE document 114656, received 2022-05-10",2023-01-02,official_b3_isin_cnpj,B3/CVM point-in-time full-universe gate
CEAB3.SA,2022-09-30,2022-11-08,Têxtil e Vestuário,False,678139149.6,,0.24342078516170162,13.80287777342455,-0.02770817760791907,-0.020679701005645628,0.033688808251174075,,,0.021768963661589417,,12732336.083333334,"CVM ITR 2022, ref 2022-09-30, receipt 2022-11-08; CVM DFP 2021 TTM bridge; market snapshot: B3 COTAHIST 2023-01-02; CVM FRE document 115612, received 2022-05-20",2023-01-02,official_b3_isin_cnpj,B3/CVM point-in-time full-universe gate
TASA4.SA,2022-09-30,2022-11-08,"Máquinas, Equipamentos, Veículos e Peças",False,898155035.72,1.482414690405415,0.8288476260752164,1.512956618848746,0.05716941725861172,0.5591199489857598,0.582117399785573,,,0.3276439392568191,,11901036.383333333,"CVM ITR 2022, ref 2022-09-30, receipt 2022-11-08; CVM DFP 2021 TTM bridge; market snapshot: B3 COTAHIST 2023-01-02; CVM FRE document 114750, received 2022-05-11",2023-01-02,official_b3_isin_cnpj,B3/CVM point-in-time full-universe gate
AMAR3.SA,2022-09-30,2022-11-10,Comércio (Atacado e Varejo),False,428544462.5,,0.4399926307597376,,0.0028165105505242646,-0.21114477592478703,-0.012015156266540964,,,-0.010799039909807533,,11844692.983333332,"CVM ITR 2022, ref 2022-09-30, receipt 2022-11-10; CVM DFP 2021 TTM bridge; market snapshot: B3 COTAHIST 2023-01-02; CVM FRE document 115353, received 2022-05-16",2023-01-02,official_b3_isin_cnpj,B3/CVM point-in-time full-universe gate
HBSA3.SA,2022-09-30,2022-11-10,Serviços Transporte e Logística,False,1650030335.31,,1.1287893001703413,26.615366502549648,0.017362105039491742,-0.029493695998686523,0.03879989676964306,,,0.1486025141982005,,11774706.3,"CVM ITR 2022, ref 2022-09-30, receipt 2022-11-10; CVM DFP 2021 TTM bridge; market snapshot: B3 COTAHIST 2023-01-02; CVM FRE document 114368, received 2022-05-05",2023-01-02,official_b3_isin_cnpj,B3/CVM point-in-time full-universe gate
MODL3.SA,2022-09-30,2022-11-07,Bancos,True,849885962.0600001,11.730331282228235,0.6457898819717623,,,0.0550529960692714,,,,,,10544545.183333334,"CVM ITR 2022, ref 2022-09-30, receipt 2022-11-07; CVM DFP 2021 TTM bridge; market snapshot: B3 COTAHIST 2023-01-02; CVM FRE document 113853, received 2022-04-20",2023-01-02,official_b3_isin_cnpj,B3/CVM point-in-time full-universe gate
FESA4.SA,2022-09-30,2022-11-10,Metalurgia e Siderurgia,False,3063526400.0,2.670773179339108,1.0070989095088254,2.2843781835641144,0.23277161900742882,0.3770814074739343,0.44096327330518537,,,0.4182960003810755,,10138024.333333334,"CVM ITR 2022, ref 2022-09-30, receipt 2022-11-10; CVM DFP 2021 TTM bridge; market snapshot: B3 COTAHIST 2023-01-02; CVM FRE document 114952, received 2022-05-12",2023-01-02,official_b3_isin_cnpj,B3/CVM point-in-time full-universe gate
AERI3.SA,2022-09-30,2022-11-10,"Máquinas, Equipamentos, Veículos e Peças",False,819848397.9200001,,0.8702470131951721,7.509849551812928,-0.1371424281431253,-0.03733519303418899,0.12334867339411501,,,0.08516611780919733,,9555259.0,"CVM ITR 2022, ref 2022-09-30, receipt 2022-11-10; CVM DFP 2021 TTM bridge; market snapshot: B3 COTAHIST 2023-01-02; CVM FRE document 113152, received 2022-03-29",2023-01-02,official_b3_isin_cnpj,B3/CVM point-in-time full-universe gate
BLAU3.SA,2022-09-30,2022-11-03,Farmacêutico e Higiene,False,4669624232.17,15.012310545694785,2.6562653840688615,11.766514477427378,0.07040373778581835,0.17693914444306658,0.20482221776689127,,,0.3042542768290499,,9488339.666666666,"CVM ITR 2022, ref 2022-09-30, receipt 2022-11-03; CVM DFP 2021 TTM bridge; market snapshot: B3 COTAHIST 2023-01-02; CVM FRE document 111451, received 2022-01-31",2023-01-02,official_b3_isin_cnpj,B3/CVM point-in-time full-universe gate
GRND3.SA,2022-09-30,2022-10-27,Têxtil e Vestuário,False,5521219200.0,9.263339871046544,1.2932163761866504,19.74625859625177,0.05900997373913356,0.13960584348510435,0.06508254015399235,,,0.11254575919496902,,9434145.833333334,"CVM ITR 2022, ref 2022-09-30, receipt 2022-10-27; CVM DFP 2021 TTM bridge; market snapshot: B3 COTAHIST 2023-01-02; CVM FRE document 114234, received 2022-05-04",2023-01-02,official_b3_isin_cnpj,B3/CVM point-in-time full-universe gate
CPLE3.SA,2022-09-30,2022-11-10,Energia Elétrica,False,7020242463.6,7.614294491215664,0.32912103263924014,5.369575255727378,0.09939913095852862,0.043224100803946466,0.09838946633190244,,,0.13037572971490513,,9427471.066666666,"CVM ITR 2022, ref 2022-09-30, receipt 2022-11-10; CVM DFP 2021 TTM bridge; market snapshot: B3 COTAHIST 2023-01-02; CVM FRE document 114634, received 2022-05-10",2023-01-02,official_b3_isin_cnpj,B3/CVM point-in-time full-universe gate
ONCO3.SA,2022-09-30,2022-11-10,Serviços Médicos,False,2868121216.17,72.50970082593857,1.1271372027861277,16.268308920848014,-0.7638338253100346,0.015544640095700436,0.06514123810767138,,,0.09692732971150975,,9080793.35,"CVM ITR 2022, ref 2022-09-30, receipt 2022-11-10; CVM DFP 2021 TTM bridge; market snapshot: B3 COTAHIST 2023-01-02; CVM FRE document 115232, received 2022-05-16",2023-01-02,official_b3_isin_cnpj,B3/CVM point-in-time full-universe gate
KLBN4.SA,2022-09-30,2022-10-26,Papel e Celulose,False,14180018285.609999,2.865006114014165,1.2911011727253499,5.146555587050509,-0.053572638955685294,0.45064517189332826,0.2120747745945104,,,0.3796062747403147,,8502806.4,"CVM ITR 2022, ref 2022-09-30, receipt 2022-10-26; CVM DFP 2021 TTM bridge; market snapshot: B3 COTAHIST 2023-01-02; CVM FRE document 113697, received 2022-04-12",2023-01-02,official_b3_isin_cnpj,B3/CVM point-in-time full-universe gate
MLAS3.SA,2022-09-30,2022-11-10,Comunicação e Informática,False,3118049055.0,6.955025149671214,0.7321414318610823,7.260943157933364,-0.2830667460425827,0.10526797762847671,0.10431263017361019,,,0.10821312459476637,,8414574.9,"CVM ITR 2022, ref 2022-09-30, receipt 2022-11-10; CVM DFP 2021 TTM bridge; market snapshot: B3 COTAHIST 2023-01-02; CVM FRE document 113741, received 2022-04-13",2023-01-02,official_b3_isin_cnpj,B3/CVM point-in-time full-universe gate
LOGG3.SA,2022-09-30,2022-10-26,"Construção Civil, Mat. Constr. e Decoração",False,1572229380.06,3.5416474368701087,0.4226531000280921,6.25047642588036,-0.1963689293150201,0.11933799384661706,0.09497258817781676,,,2.601550797427086,,8339862.783333333,"CVM ITR 2022, ref 2022-09-30, receipt 2022-10-26; CVM DFP 2021 TTM bridge; market snapshot: B3 COTAHIST 2023-01-02; CVM FRE document 113943, received 2022-04-26",2023-01-02,official_b3_isin_cnpj,B3/CVM point-in-time full-universe gate
CMIG3.SA,2022-09-30,2022-11-11,Energia Elétrica,False,8858473322.1,2.4268446847873077,0.42024699136452337,3.3771847688368926,0.36921926398313515,0.17316600192787138,0.17729572015671569,,,0.15712979452507211,,8044990.45,"CVM ITR 2022, ref 2022-09-30, receipt 2022-11-11; CVM DFP 2021 TTM bridge; market snapshot: B3 COTAHIST 2023-01-02; CVM FRE document 115710, received 2022-05-24",2023-01-02,official_b3_isin_cnpj,B3/CVM point-in-time full-universe gate
BMOB3.SA,2022-09-30,2022-11-10,Comunicação e Informática,False,1250000015.0,304.8037100707145,1.1751356482565218,9.281197848862439,0.0024783999702592003,0.0038553849885353767,0.13593596602232874,,,0.06825971783782869,,7710456.9,"CVM ITR 2022, ref 2022-09-30, receipt 2022-11-10; CVM DFP 2021 TTM bridge; market snapshot: B3 COTAHIST 2023-01-02; CVM FRE document 115635, received 2022-05-23",2023-01-02,official_b3_isin_cnpj,B3/CVM point-in-time full-universe gate
ZAMP3.SA,2022-09-30,2022-11-11,Alimentos,False,1396052116.29,,0.9581728657015746,33.22815743864159,-0.06967863080821633,-0.05089382660463942,0.029366247688068545,,,0.021080991967488895,,7518904.043478261,"CVM ITR 2022, ref 2022-09-30, receipt 2022-11-11; CVM DFP 2021 TTM bridge; market snapshot: B3 COTAHIST 2023-01-02; CVM FRE document 115705, received 2022-05-24",2023-01-02,official_b3_isin_cnpj,B3/CVM point-in-time full-universe gate
ESPA3.SA,2022-09-30,2022-11-14,Serviços Médicos,False,305294457.5,,0.4416901392658522,9.79785476728145,-0.8163102666218564,-0.01945613111186986,0.07582250364098854,,,0.139224014542999,,7410217.633333334,"CVM ITR 2022, ref 2022-09-30, receipt 2022-11-14; CVM DFP 2021 TTM bridge; market snapshot: B3 COTAHIST 2023-01-02; CVM FRE document 115752, received 2022-05-25",2023-01-02,official_b3_isin_cnpj,B3/CVM point-in-time full-universe gate
LOGN3.SA,2022-09-30,2022-11-08,Serviços Transporte e Logística,False,3903435492.0599995,28.022595710286005,6.68417090263056,15.501065434424312,0.11857631589954439,0.2385278998325291,0.18889235449813815,,,0.17049336400562837,,7130076.3,"CVM ITR 2022, ref 2022-09-30, receipt 2022-11-08; CVM DFP 2021 TTM bridge; market snapshot: B3 COTAHIST 2023-01-02; CVM FRE document 114900, received 2022-05-12",2023-01-02,official_b3_isin_cnpj,B3/CVM point-in-time full-universe gate
ARML3.SA,2022-09-30,2022-11-09,Serviços Transporte e Logística,False,3609729399.24,29.171416327843414,3.1684665659937483,19.47837076092696,-0.012447747470893606,0.10861545186510274,0.09325650338926474,,,0.33634110785434423,,6810203.533333333,"CVM ITR 2022, ref 2022-09-30, receipt 2022-11-09; CVM DFP 2021 TTM bridge; market snapshot: B3 COTAHIST 2023-01-02; CVM FRE document 115247, received 2022-05-16",2023-01-02,official_b3_isin_cnpj,B3/CVM point-in-time full-universe gate
EVEN3.SA,2022-09-30,2022-11-10,"Construção Civil, Mat. Constr. e Decoração",False,917960000.0,3.6922062094513337,0.33299294989108336,7.803568780020308,-0.02929648350690662,0.09018806940920196,0.0546664234248141,,,0.0741037904542407,,6631160.016666667,"CVM ITR 2022, ref 2022-09-30, receipt 2022-11-10; CVM DFP 2021 TTM bridge; market snapshot: B3 COTAHIST 2023-01-02; CVM FRE document 114618, received 2022-05-10",2023-01-02,official_b3_isin_cnpj,B3/CVM point-in-time full-universe gate
VULC3.SA,2022-09-30,2022-11-01,Têxtil e Vestuário,False,2924499303.6,8.68190382544159,1.815191942767906,7.893838841374776,0.08473860797126571,0.20907763772372578,0.22120678077031897,,,0.1610182879271229,,6356344.166666667,"CVM ITR 2022, ref 2022-09-30, receipt 2022-11-01; CVM DFP 2021 TTM bridge; market snapshot: B3 COTAHIST 2023-01-02; CVM FRE document 114307, received 2022-05-05",2023-01-02,official_b3_isin_cnpj,B3/CVM point-in-time full-universe gate
TGMA3.SA,2022-09-30,2022-11-03,Serviços Transporte e Logística,False,1244814976.8999999,9.422564354704411,1.6885555575299744,7.083061906208445,0.059458635518928105,0.17920339877402142,0.2395974665882986,,,0.13780966733963332,,6328952.85,"CVM ITR 2022, ref 2022-09-30, receipt 2022-11-03; CVM DFP 2021 TTM bridge; market snapshot: B3 COTAHIST 2023-01-02; CVM FRE document 113850, received 2022-04-20",2023-01-02,official_b3_isin_cnpj,B3/CVM point-in-time full-universe gate
LEVE3.SA,2022-09-30,2022-11-11,"Máquinas, Equipamentos, Veículos e Peças",False,3634979805.0,6.371010086758391,2.214864231419562,5.283359644861073,0.10625230970162157,0.34764726491690406,0.40261728484398956,,,0.17585518563550864,,5798238.85,"CVM ITR 2022, ref 2022-09-30, receipt 2022-11-11; CVM DFP 2021 TTM bridge; market snapshot: B3 COTAHIST 2023-01-02; CVM FRE document 114114, received 2022-05-02",2023-01-02,official_b3_isin_cnpj,B3/CVM point-in-time full-universe gate
LUPA3.SA,2022-09-30,2022-11-10,"Máquinas, Equipamentos, Veículos e Peças",False,113339300.8,,0.9964244966855977,,-0.12189946384423081,-0.24184586710741476,-0.13519447167380932,,,-0.2885474932782336,,5765673.133333334,"CVM ITR 2022, ref 2022-09-30, receipt 2022-11-10; CVM DFP 2021 TTM bridge; market snapshot: B3 COTAHIST 2023-01-02; CVM FRE document 115661, received 2022-05-23",2023-01-02,official_b3_isin_cnpj,B3/CVM point-in-time full-universe gate
PNVL3.SA,2022-09-30,2022-11-10,Comércio (Atacado e Varejo),False,1463172890.13,17.130965450937236,1.3411325136526375,18.4378991308837,0.057731386748489384,0.0782870362732104,0.06449730371623545,,,0.033399847316187115,,5399057.9,"CVM ITR 2022, ref 2022-09-30, receipt 2022-11-10; CVM DFP 2021 TTM bridge; market snapshot: B3 COTAHIST 2023-01-02; CVM FRE document 114834, received 2022-05-11",2023-01-02,official_b3_isin_cnpj,B3/CVM point-in-time full-universe gate
FRAS3.SA,2022-09-30,2022-11-10,"Máquinas, Equipamentos, Veículos e Peças",False,2012488672.75,10.589649041269608,1.11438973058473,8.06564291153183,-0.15966947011975424,0.1052338681142094,0.1350235780429125,,,0.10453095397093812,,5004560.066666666,"CVM ITR 2022, ref 2022-09-30, receipt 2022-11-10; CVM DFP 2021 TTM bridge; market snapshot: B3 COTAHIST 2023-01-02; CVM FRE document 112329, received 2022-03-09",2023-01-02,official_b3_isin_cnpj,B3/CVM point-in-time full-universe gate
MATD3.SA,2022-09-30,2022-11-09,Serviços Médicos,False,2588372888.1699996,20.138121450622805,1.5103958313537043,11.889363216725862,-0.4883253127000706,0.07500182353438895,0.11251366820697835,,,0.18931757836177487,,4821746.5,"CVM ITR 2022, ref 2022-09-30, receipt 2022-11-09; CVM DFP 2021 TTM bridge; market snapshot: B3 COTAHIST 2023-01-02; CVM FRE document 115559, received 2022-05-19",2023-01-02,official_b3_isin_cnpj,B3/CVM point-in-time full-universe gate
VVEO3.SA,2022-09-30,2022-11-10,Comércio (Atacado e Varejo),False,4520749088.0,16.25163240009778,1.9717162681944644,14.565818259342864,-0.5018694813261001,0.12132419806533412,0.10091712157134058,,,0.061805305536705914,,4709890.566666666,"CVM ITR 2022, ref 2022-09-30, receipt 2022-11-10; CVM DFP 2021 TTM bridge; market snapshot: B3 COTAHIST 2023-01-02; CVM FRE document 114268, received 2022-05-04",2023-01-02,official_b3_isin_cnpj,B3/CVM point-in-time full-universe gate
JALL3.SA,2022-09-30,2022-11-10,"Agricultura (Açúcar, Álcool e Cana)",False,2058540267.8999999,5.678042576625182,1.2279192219135002,6.861792544925587,0.09346088730936893,0.21625748756595797,0.16503874934348853,,,0.36573935717024,,4599535.016666667,"CVM ITR 2022, ref 2022-09-30, receipt 2022-11-10; CVM DFP 2021 TTM bridge; market snapshot: B3 COTAHIST 2023-01-02; CVM FRE document 120081, received 2022-08-16",2023-01-02,official_b3_isin_cnpj,B3/CVM point-in-time full-universe gate
TRIS3.SA,2022-09-30,2022-11-08,"Emp. Adm. Part. - Const. Civil, Mat. Const. e Decoração",False,608373173.88,10.095134307048985,0.46596246391963403,10.498346203979166,-0.30870197448424025,0.04615713369898141,0.05750506551781954,,,0.13914166383598456,,4381481.283333333,"CVM ITR 2022, ref 2022-09-30, receipt 2022-11-08; CVM DFP 2021 TTM bridge; market snapshot: B3 COTAHIST 2023-01-02; CVM FRE document 119752, received 2022-08-12",2023-01-02,official_b3_isin_cnpj,B3/CVM point-in-time full-universe gate
LAVV3.SA,2022-09-30,2022-11-09,"Construção Civil, Mat. Constr. e Decoração",False,945188284.08,7.4736756365591575,0.7700183497353946,10.859061131776627,0.4430535238887448,0.10303074245939675,0.07068747926464934,,,0.16597883342193012,,4339794.0,"CVM ITR 2022, ref 2022-09-30, receipt 2022-11-09; CVM DFP 2021 TTM bridge; market snapshot: B3 COTAHIST 2023-01-02; CVM FRE document 113976, received 2022-04-27",2023-01-02,official_b3_isin_cnpj,B3/CVM point-in-time full-universe gate
TAEE4.SA,2022-09-30,2022-11-09,Emp. Adm. Part. - Energia Elétrica,False,5145134416.24,2.7819402005215528,0.740208060826393,4.146328308943643,0.32479753973487807,0.2660761941207867,0.20975439832419918,,,1.0294088382315605,,4214574.816666666,"CVM ITR 2022, ref 2022-09-30, receipt 2022-11-09; CVM DFP 2021 TTM bridge; market snapshot: B3 COTAHIST 2023-01-02; CVM FRE document 112127, received 2022-02-25",2023-01-02,official_b3_isin_cnpj,B3/CVM point-in-time full-universe gate
VIVR3.SA,2022-09-30,2022-11-10,"Construção Civil, Mat. Constr. e Decoração",False,72880383.63,,,,-1.406812023939397,,-1.2003964882469556,,,-0.6787262207229328,,4069700.883333333,"CVM ITR 2022, ref 2022-09-30, receipt 2022-11-10; CVM DFP 2021 TTM bridge; market snapshot: B3 COTAHIST 2023-01-02; CVM FRE document 114278, received 2022-05-04",2023-01-02,official_b3_isin_cnpj,B3/CVM point-in-time full-universe gate
BMGB4.SA,2022-09-30,2022-11-10,Bancos,True,458968944.34000003,43.85751976493072,0.11339047982735811,,,0.0025854284609597832,,,,,,3862391.8,"CVM ITR 2022, ref 2022-09-30, receipt 2022-11-10; CVM DFP 2021 TTM bridge; market snapshot: B3 COTAHIST 2023-01-02; CVM FRE document 115526, received 2022-05-18",2023-01-02,official_b3_isin_cnpj,B3/CVM point-in-time full-universe gate
BRAP3.SA,2022-09-30,2022-11-10,Emp. Adm. Part. - Extração Mineral,False,3597396640.86,0.6056717831102372,0.45922754633321006,0.46699550439191706,0.3273305997524075,0.7582118882523985,0.843772158457044,,,,,3464656.15,"CVM ITR 2022, ref 2022-09-30, receipt 2022-11-10; CVM DFP 2021 TTM bridge; market snapshot: B3 COTAHIST 2023-01-02; CVM FRE document 115449, received 2022-05-17",2023-01-02,official_b3_isin_cnpj,B3/CVM point-in-time full-universe gate
PORT3.SA,2022-09-30,2022-11-09,Emp. Adm. Part. - Serviços Transporte e Logística,False,4644205560.0,17.318139836670767,1.951359992336083,12.91242861478793,0.053334633189664415,0.1126772280822056,0.11367123085040581,,,0.24286107122663558,,3354266.75,"CVM ITR 2022, ref 2022-09-30, receipt 2022-11-09; CVM DFP 2021 TTM bridge; market snapshot: B3 COTAHIST 2023-01-02; CVM FRE document 115293, received 2022-05-16",2023-01-02,official_b3_isin_cnpj,B3/CVM point-in-time full-universe gate
FHER3.SA,2022-09-30,2022-11-11,Petroquímicos e Borracha,False,924190993.44,2.628925843315403,2.090835241482286,2.560003470531986,0.22361611557234565,0.7953192163250532,0.6876079110316413,,,0.07536599124400038,,3296165.333333333,"CVM ITR 2022, ref 2022-09-30, receipt 2022-11-11; CVM DFP 2021 TTM bridge; market snapshot: B3 COTAHIST 2023-01-02; CVM FRE document 114023, received 2022-04-28",2023-01-02,official_b3_isin_cnpj,B3/CVM point-in-time full-universe gate
USIM3.SA,2022-09-30,2022-10-28,Metalurgia e Siderurgia,False,5049666497.440001,0.9317107759264723,0.18671558780784273,1.1653633727186945,0.24172388426420102,0.20040080315930328,0.20491058893975078,,,0.18018692657046548,,3279486.6333333333,"CVM ITR 2022, ref 2022-09-30, receipt 2022-10-28; CVM DFP 2021 TTM bridge; market snapshot: B3 COTAHIST 2023-01-02; CVM FRE document 116029, received 2022-05-30",2023-01-02,official_b3_isin_cnpj,B3/CVM point-in-time full-universe gate
PGMN3.SA,2022-09-30,2022-11-07,Comércio (Atacado e Varejo),False,1908258566.6,10.456440506093283,0.8441044842946179,5.851727771084216,-0.16770421241718533,0.08072579610649847,0.15253405097665118,,,0.05903969847912446,,3231199.4166666665,"CVM ITR 2022, ref 2022-09-30, receipt 2022-11-07; CVM DFP 2021 TTM bridge; market snapshot: B3 COTAHIST 2023-01-02; CVM FRE document 115321, received 2022-05-16",2023-01-02,official_b3_isin_cnpj,B3/CVM point-in-time full-universe gate
TFCO4.SA,2022-09-30,2022-11-10,Têxtil e Vestuário,False,722808354.56,7.46679704719895,2.2734254935238942,6.175439197986822,0.04125713242226308,0.3044713120168083,0.3474384439954954,,,0.23004348290378118,,2943271.7333333334,"CVM ITR 2022, ref 2022-09-30, receipt 2022-11-10; CVM DFP 2021 TTM bridge; market snapshot: B3 COTAHIST 2023-01-02; CVM FRE document 114729, received 2022-05-11",2023-01-02,official_b3_isin_cnpj,B3/CVM point-in-time full-universe gate
ELMD3.SA,2022-09-30,2022-11-08,Emp. Adm. Part. - Comunicação e Informática,False,1441832655.9,854.1662653436019,1.6187580550419165,25.160425744826885,-0.26334401460964996,0.001895132271924536,0.05508011806282869,,,0.11244504662104607,,2932118.216666667,"CVM ITR 2022, ref 2022-09-30, receipt 2022-11-08; CVM DFP 2021 TTM bridge; market snapshot: B3 COTAHIST 2023-01-02; CVM FRE document 115493, received 2022-05-17",2023-01-02,official_b3_isin_cnpj,B3/CVM point-in-time full-universe gate
VLID3.SA,2022-09-30,2022-11-08,Comunicação e Informática,False,755047560.4,8.611105464001003,0.5712669755097007,5.383478049178989,0.31813227748560247,0.0663407245327444,0.13520510579444278,,,0.11636268200848925,,2895309.1666666665,"CVM ITR 2022, ref 2022-09-30, receipt 2022-11-08; CVM DFP 2021 TTM bridge; market snapshot: B3 COTAHIST 2023-01-02; CVM FRE document 113896, received 2022-04-22",2023-01-02,official_b3_isin_cnpj,B3/CVM point-in-time full-universe gate
GOAU3.SA,2022-09-30,2022-11-09,Emp. Adm. Part. - Metalurgia e Siderurgia,False,4377683299.99,0.31676031477384947,0.087837347253236,0.559950491754463,3.3284362987229534,0.2772990906892719,0.34914494836958837,,,0.22940621353728352,,2582762.85,"CVM ITR 2022, ref 2022-09-30, receipt 2022-11-09; CVM DFP 2021 TTM bridge; market snapshot: B3 COTAHIST 2023-01-02; CVM FRE document 115100, received 2022-05-13",2023-01-02,official_b3_isin_cnpj,B3/CVM point-in-time full-universe gate
VITT3.SA,2022-09-30,2022-11-10,"Agricultura (Açúcar, Álcool e Cana)",False,1759504016.1000001,12.480876291709228,2.634544141952119,10.560852647025317,0.046090261379313026,0.21108647184510504,0.21556788893410608,,,0.2065918326635182,,2546421.816666667,"CVM ITR 2022, ref 2022-09-30, receipt 2022-11-10; CVM DFP 2021 TTM bridge; market snapshot: B3 COTAHIST 2023-01-02; CVM FRE document 114203, received 2022-05-03",2023-01-02,official_b3_isin_cnpj,B3/CVM point-in-time full-universe gate
TAEE3.SA,2022-09-30,2022-11-09,Emp. Adm. Part. - Energia Elétrica,False,6828654637.64,3.6922084663069614,0.9824087766155033,4.725420567844134,0.24472272924576335,0.2660761941207867,0.20975439832419918,,,1.0294088382315605,,2442685.05,"CVM ITR 2022, ref 2022-09-30, receipt 2022-11-09; CVM DFP 2021 TTM bridge; market snapshot: B3 COTAHIST 2023-01-02; CVM FRE document 112127, received 2022-02-25",2023-01-02,official_b3_isin_cnpj,B3/CVM point-in-time full-universe gate
CSED3.SA,2022-09-30,2022-11-14,Educação,False,1393651176.0,29.52713354096485,0.9682571011713702,4.454720077767427,0.22260161318875105,0.03279211305181542,0.2180119777097282,,,0.17373965039548658,,2330093.0166666666,"CVM ITR 2022, ref 2022-09-30, receipt 2022-11-14; CVM DFP 2021 TTM bridge; market snapshot: B3 COTAHIST 2023-01-02; CVM FRE document 115564, received 2022-05-19",2023-01-02,official_b3_isin_cnpj,B3/CVM point-in-time full-universe gate
ITSA3.SA,2022-09-30,2022-11-11,Emp. Adm. Part. - Intermediação Financeira,True,26793130888.97,1.7654936010127835,0.35964899579814225,,,0.203710166715885,,,,,,2225312.716666667,"CVM ITR 2022, ref 2022-09-30, receipt 2022-11-11; CVM DFP 2021 TTM bridge; market snapshot: B3 COTAHIST 2023-01-02; CVM FRE document 114683, received 2022-05-10",2023-01-02,official_b3_isin_cnpj,B3/CVM point-in-time full-universe gate
HBOR3.SA,2022-09-30,2022-11-10,"Construção Civil, Mat. Constr. e Decoração",False,266363633.28,3.042834349425392,0.13327344213146539,17.54434503890411,-1.671140292383986,0.04379911188942398,0.028733781336997517,,,0.11840528285149411,,1971630.6666666667,"CVM ITR 2022, ref 2022-09-30, receipt 2022-11-10; CVM DFP 2021 TTM bridge; market snapshot: B3 COTAHIST 2023-01-02; CVM FRE document 113497, received 2022-04-04",2023-01-02,official_b3_isin_cnpj,B3/CVM point-in-time full-universe gate
KLBN3.SA,2022-09-30,2022-10-26,Papel e Celulose,False,8389366237.85,1.69503205708386,0.7638580127292578,4.365496991759073,-0.09055046334402055,0.45064517189332826,0.2120747745945104,,,0.3796062747403147,,1909157.7666666664,"CVM ITR 2022, ref 2022-09-30, receipt 2022-10-26; CVM DFP 2021 TTM bridge; market snapshot: B3 COTAHIST 2023-01-02; CVM FRE document 113697, received 2022-04-12",2023-01-02,official_b3_isin_cnpj,B3/CVM point-in-time full-universe gate
OPCT3.SA,2022-09-30,2022-11-09,Petróleo e Gás,False,571884324.4399999,,0.7614332278916681,239.20637303235083,-0.8376589102509306,-0.18161858592421673,0.0037740272044687086,,,0.006133113699374255,,1869617.55,"CVM ITR 2022, ref 2022-09-30, receipt 2022-11-09; CVM DFP 2021 TTM bridge; market snapshot: B3 COTAHIST 2023-01-02; CVM FRE document 116042, received 2022-05-30",2023-01-02,official_b3_isin_cnpj,B3/CVM point-in-time full-universe gate
PDGR3.SA,2022-09-30,2022-11-11,"Emp. Adm. Part. - Const. Civil, Mat. Const. e Decoração",False,6736014.84,0.010811719582876559,,,-1.4815881848621344,,,,,-1.590971160467315,,1865030.1166666667,"CVM ITR 2022, ref 2022-09-30, receipt 2022-11-11; CVM DFP 2021 TTM bridge; market snapshot: B3 COTAHIST 2023-01-02; CVM FRE document 115678, received 2022-05-24",2023-01-02,official_b3_isin_cnpj,B3/CVM point-in-time full-universe gate
UNIP3.SA,2022-09-30,2022-11-10,Petroquímicos e Borracha,False,2908332236.7,1.5519663839685458,1.017918725849942,1.209073818713634,0.6330824163642226,0.6558896741352179,0.8380116217736695,,,0.41328148575401175,,1838120.2333333327,"CVM ITR 2022, ref 2022-09-30, receipt 2022-11-10; CVM DFP 2021 TTM bridge; market snapshot: B3 COTAHIST 2023-01-02; CVM FRE document 115522, received 2022-05-18",2023-01-02,official_b3_isin_cnpj,B3/CVM point-in-time full-universe gate
DEXP3.SA,2022-09-30,2022-11-10,Emp. Adm. Part. - Sem Setor Principal,False,585042669.9,3.6531375346554436,0.8774753798366365,3.333277725462606,0.1599097037075791,0.24019774002825714,0.2701461642395305,,,0.10178994178592038,,1754564.85,"CVM ITR 2022, ref 2022-09-30, receipt 2022-11-10; CVM DFP 2021 TTM bridge; market snapshot: B3 COTAHIST 2023-01-02; CVM FRE document 115647, received 2022-05-23",2023-01-02,official_b3_isin_cnpj,B3/CVM point-in-time full-universe gate
FIQE3.SA,2022-09-30,2022-11-09,Emp. Adm. Part. - Telecomunicações,False,1357686033.75,11.244987317475173,1.365016170586047,7.987436140455057,-0.03639059309134622,0.12138885816836412,0.17488472562622023,,,0.25342563403931756,,1694975.65,"CVM ITR 2022, ref 2022-09-30, receipt 2022-11-09; CVM DFP 2021 TTM bridge; market snapshot: B3 COTAHIST 2023-01-02; CVM FRE document 115680, received 2022-05-24",2023-01-02,official_b3_isin_cnpj,B3/CVM point-in-time full-universe gate
LAND3.SA,2022-09-30,2022-11-08,"Agricultura (Açúcar, Álcool e Cana)",False,2766525157.5,72.37097228398775,3.9335841820593793,33.703848349096745,0.02294719779717022,0.05435306529562397,0.11598784537398035,,,0.6963522310733363,,1520564.6166666667,"CVM ITR 2022, ref 2022-09-30, receipt 2022-11-08; CVM DFP 2021 TTM bridge; market snapshot: B3 COTAHIST 2023-01-02; CVM FRE document 114336, received 2022-05-05",2023-01-02,official_b3_isin_cnpj,B3/CVM point-in-time full-universe gate
MDNE3.SA,2022-09-30,2022-11-09,"Construção Civil, Mat. Constr. e Decoração",False,465303375.00000006,4.2621518077145035,0.3983577600008219,4.522574907450254,0.21527245530939892,0.09346400080818182,0.07903577090964284,,,0.11761568354251255,,1477205.933333333,"CVM ITR 2022, ref 2022-09-30, receipt 2022-11-09; CVM DFP 2021 TTM bridge; market snapshot: B3 COTAHIST 2023-01-02; CVM FRE document 114003, received 2022-04-28",2023-01-02,official_b3_isin_cnpj,B3/CVM point-in-time full-universe gate
GGBR3.SA,2022-09-30,2022-11-09,Metalurgia e Siderurgia,False,14122708631.460001,1.0218212968549425,0.2860083584585948,1.051177576512656,0.9503891463214611,0.27990056513687683,0.3529142576121508,,,0.2299958667763666,,1457642.2666666666,"CVM ITR 2022, ref 2022-09-30, receipt 2022-11-09; CVM DFP 2021 TTM bridge; market snapshot: B3 COTAHIST 2023-01-02; CVM FRE document 115101, received 2022-05-13",2023-01-02,official_b3_isin_cnpj,B3/CVM point-in-time full-universe gate
BRIT3.SA,2022-09-30,2022-11-15,Emp. Adm. Part. - Telecomunicações,False,1140701086.64,35.87448773909489,0.8369433705593142,17.511556437796045,-0.8480749350818378,0.023329765058839845,0.051596124745077576,,,0.13029170635777576,,1395036.7333333334,"CVM ITR 2022, ref 2022-09-30, receipt 2022-11-15; CVM DFP 2021 TTM bridge; market snapshot: B3 COTAHIST 2023-01-02; CVM FRE document 109113, received 2021-10-21",2023-01-02,official_b3_isin_cnpj,B3/CVM point-in-time full-universe gate
TECN3.SA,2022-09-30,2022-11-07,Comércio (Atacado e Varejo),False,164488362.25,4.533607911636624,0.4798474946979664,3.506571958444452,0.035862719521970315,0.1058423013305406,0.15346517983188923,,,0.1671264717995588,,1350842.1166666667,"CVM ITR 2022, ref 2022-09-30, receipt 2022-11-07; CVM DFP 2021 TTM bridge; market snapshot: B3 COTAHIST 2023-01-02; CVM FRE document 115591, received 2022-05-20",2023-01-02,official_b3_isin_cnpj,B3/CVM point-in-time full-universe gate
CSUD3.SA,2022-09-30,2022-11-08,Emp. Adm. Part. - Sem Setor Principal,False,484880000.0,7.098124752968043,1.3364239469267045,4.852885959656481,0.12622710773799703,0.1882784528924891,0.27518019713827985,,,0.18994688922610015,,1343167.3,"CVM ITR 2022, ref 2022-09-30, receipt 2022-11-08; CVM DFP 2021 TTM bridge; market snapshot: B3 COTAHIST 2023-01-02; CVM FRE document 120648, received 2022-09-19",2023-01-02,official_b3_isin_cnpj,B3/CVM point-in-time full-universe gate
NGRD3.SA,2022-09-30,2022-11-03,Comunicação e Informática,False,346060378.5,426.70823489519114,0.766463076657298,59.476921930646675,0.16361884664586068,0.001796222837943491,0.012619691923397168,,,0.020278077630638713,,1224497.4,"CVM ITR 2022, ref 2022-09-30, receipt 2022-11-03; CVM DFP 2021 TTM bridge; market snapshot: B3 COTAHIST 2023-01-02; CVM FRE document 115934, received 2022-05-30",2023-01-02,official_b3_isin_cnpj,B3/CVM point-in-time full-universe gate
MELK3.SA,2022-09-30,2022-11-10,"Emp. Adm. Part. - Const. Civil, Mat. Const. e Decoração",False,617668942.7700001,4.346934351234755,0.4757345047475716,8.425581037709199,0.052146057167056864,0.10944138243367726,0.06204444556624066,,,0.08388192661220072,,1221849.2666666666,"CVM ITR 2022, ref 2022-09-30, receipt 2022-11-10; CVM DFP 2021 TTM bridge; market snapshot: B3 COTAHIST 2023-01-02; CVM FRE document 114145, received 2022-05-02",2023-01-02,official_b3_isin_cnpj,B3/CVM point-in-time full-universe gate
SHOW3.SA,2022-09-30,2022-11-10,Brinquedos e Lazer,False,165160941.05,,1.1485621569841027,2.4011976452426516,0.3383184888918989,-0.09222659564110766,0.6792497415448235,,,0.07586259224681405,,1034816.8166666668,"CVM ITR 2022, ref 2022-09-30, receipt 2022-11-10; CVM DFP 2021 TTM bridge; market snapshot: B3 COTAHIST 2023-01-02; CVM FRE document 116579, received 2022-05-31",2023-01-02,official_b3_isin_cnpj,B3/CVM point-in-time full-universe gate
OIBR4.SA,2022-09-30,2022-11-09,Telecomunicações,False,83595437.73,,,,184.56550284278293,,-0.18478348942861686,,,-0.28930696903960534,,984996.6833333332,"CVM ITR 2022, ref 2022-09-30, receipt 2022-11-09; CVM DFP 2021 TTM bridge; market snapshot: B3 COTAHIST 2023-01-02; CVM FRE document 114704, received 2022-05-10",2023-01-02,official_b3_isin_cnpj,B3/CVM point-in-time full-universe gate
PFRM3.SA,2022-09-30,2022-11-09,Comércio (Atacado e Varejo),False,430868450.04,4.427564610183425,0.2825298337286243,4.479638219928883,0.24912708273264128,0.06381156653904135,0.10689218282622363,,,0.030183657667305127,,852332.6166666667,"CVM ITR 2022, ref 2022-09-30, receipt 2022-11-09; CVM DFP 2021 TTM bridge; market snapshot: B3 COTAHIST 2023-01-02; CVM FRE document 115604, received 2022-05-20",2023-01-02,official_b3_isin_cnpj,B3/CVM point-in-time full-universe gate
WEST3.SA,2022-09-30,2022-11-10,Comércio (Atacado e Varejo),False,137746770.0,,0.39200537863911894,,-0.9943100662178866,-0.13218930533025983,-0.33969702240000715,,,-0.27712837751801767,,842544.1,"CVM ITR 2022, ref 2022-09-30, receipt 2022-11-10; CVM DFP 2021 TTM bridge; market snapshot: B3 COTAHIST 2023-01-02; CVM FRE document 115670, received 2022-05-23",2023-01-02,official_b3_isin_cnpj,B3/CVM point-in-time full-universe gate
LPSB3.SA,2022-09-30,2022-11-10,"Emp. Adm. Part. - Const. Civil, Mat. Const. e Decoração",False,265598335.8,8.992968639534096,1.3404917647058825,8.904092914683952,0.18597255081144223,0.149059984354102,0.15682990750860865,,,0.13338031054938354,,789931.35,"CVM ITR 2022, ref 2022-09-30, receipt 2022-11-10; CVM DFP 2021 TTM bridge; market snapshot: B3 COTAHIST 2023-01-02; CVM FRE document 114671, received 2022-05-10",2023-01-02,official_b3_isin_cnpj,B3/CVM point-in-time full-universe gate
TPIS3.SA,2022-09-30,2022-11-10,Emp. Adm. Part. - Serviços Transporte e Logística,False,160160000.0,,0.17182945368833596,6.914458285855071,0.9992507492507493,-0.005502705219577142,0.10115253329138243,,,0.22762287059211142,,783858.9666666667,"CVM ITR 2022, ref 2022-09-30, receipt 2022-11-10; CVM DFP 2021 TTM bridge; market snapshot: B3 COTAHIST 2023-01-02; CVM FRE document 114252, received 2022-05-04",2023-01-02,official_b3_isin_cnpj,B3/CVM point-in-time full-universe gate
TCSA3.SA,2022-09-30,2022-11-10,"Construção Civil, Mat. Constr. e Decoração",False,189201421.1,,0.2844625113701458,,-0.04738865040163274,-0.11133496411920273,-0.03849039342847787,,,-0.24281342223193791,,728796.2833333333,"CVM ITR 2022, ref 2022-09-30, receipt 2022-11-10; CVM DFP 2021 TTM bridge; market snapshot: B3 COTAHIST 2023-01-02; CVM FRE document 115561, received 2022-05-19",2023-01-02,official_b3_isin_cnpj,B3/CVM point-in-time full-universe gate
AGXY3.SA,2022-09-30,2022-11-14,Comércio (Atacado e Varejo),False,1677501391.98,,1.2927713464924888,6.160806093459063,-0.2592856268730808,-0.05055560222287128,0.186962501343934,,,0.04369932712058655,,666822.4333333333,"CVM ITR 2022, ref 2022-09-30, receipt 2022-11-14; CVM DFP 2021 TTM bridge; market snapshot: B3 COTAHIST 2023-01-02; CVM FRE document 112883, received 2022-03-23",2023-01-02,official_b3_isin_cnpj,B3/CVM point-in-time full-universe gate
LLIS3.SA,2022-09-30,2022-11-10,Emp. Adm. Part. - Comércio (Atacado e Varejo),False,127374033.65,,,,0.2386279144108741,,-0.5023527092799345,,,-0.5543833228752701,,653933.5833333334,"CVM ITR 2022, ref 2022-09-30, receipt 2022-11-10; CVM DFP 2021 TTM bridge; market snapshot: B3 COTAHIST 2023-01-02; CVM FRE document 114610, received 2022-05-10",2023-01-02,unique_cotahist_prefix,B3/CVM point-in-time full-universe gate
TASA3.SA,2022-09-30,2022-11-08,"Máquinas, Equipamentos, Veículos e Peças",False,562917205.68,0.9291009925842544,0.5194788995763271,1.142569004176334,0.09121590081435367,0.5591199489857598,0.582117399785573,,,0.3276439392568191,,601406.7,"CVM ITR 2022, ref 2022-09-30, receipt 2022-11-08; CVM DFP 2021 TTM bridge; market snapshot: B3 COTAHIST 2023-01-02; CVM FRE document 114750, received 2022-05-11",2023-01-02,official_b3_isin_cnpj,B3/CVM point-in-time full-universe gate
AZEV4.SA,2022-09-30,2022-11-14,"Construção Civil, Mat. Constr. e Decoração",False,51546000.0,5.122329325250919,0.41353582517028087,,-3.9244752260117175,0.08073198713165981,-0.073852706345581,,,-0.03695036374171119,,586186.7833333333,"CVM ITR 2022, ref 2022-09-30, receipt 2022-11-14; CVM DFP 2021 TTM bridge; market snapshot: B3 COTAHIST 2023-01-02; CVM FRE document 108240, received 2021-08-24",2023-01-02,official_b3_isin_cnpj,B3/CVM point-in-time full-universe gate
BRKM3.SA,2022-09-30,2022-11-08,Petroquímicos e Borracha,False,11273649553.92,7.363167183785115,1.6508710107352418,3.5963925545943263,0.5398458565606028,0.22420664498433865,0.31800989481229847,,,0.09302917700381247,,581388.45,"CVM ITR 2022, ref 2022-09-30, receipt 2022-11-08; CVM DFP 2021 TTM bridge; market snapshot: B3 COTAHIST 2023-01-02; CVM FRE document 114838, received 2022-05-11",2023-01-02,official_b3_isin_cnpj,B3/CVM point-in-time full-universe gate
IGTI3.SA,2022-09-30,2022-11-08,Emp. Adm. Part. - Comércio (Atacado e Varejo),False,1887619140.0,,0.4700319427242154,10.855144471933118,-0.20085301741536696,-0.0004922884765651262,0.06495911169717039,,,0.4507746367162902,,540760.55,"CVM ITR 2022, ref 2022-09-30, receipt 2022-11-08; CVM DFP 2021 TTM bridge; market snapshot: B3 COTAHIST 2023-01-02; CVM FRE document 115393, received 2022-05-16",2023-01-02,official_b3_isin_cnpj,B3/CVM point-in-time full-universe gate
NINJ3.SA,2022-09-30,2022-11-07,Emp. Adm. Part. - Intermediação Financeira,True,136108701.23,,0.4904535278326294,,,-0.0796890990069041,,,,,,505751.3333333333,"CVM ITR 2022, ref 2022-09-30, receipt 2022-11-07; CVM DFP 2021 TTM bridge; market snapshot: B3 COTAHIST 2023-01-02; CVM FRE document 114249, received 2022-05-04",2023-01-02,unique_cotahist_prefix,B3/CVM point-in-time full-universe gate
CRPG5.SA,2022-09-30,2022-11-10,Petroquímicos e Borracha,False,357184367.72,3.372686537179548,0.39196498905917704,2.312124009865646,0.1697050752442711,0.11621743815746445,0.12039556197489253,,,0.10132140242271725,,469213.8333333333,"CVM ITR 2022, ref 2022-09-30, receipt 2022-11-10; CVM DFP 2021 TTM bridge; market snapshot: B3 COTAHIST 2023-01-02; CVM FRE document 116106, received 2022-05-31",2023-01-02,official_b3_isin_cnpj,B3/CVM point-in-time full-universe gate
RCSL3.SA,2022-09-30,2022-11-10,"Máquinas, Equipamentos, Veículos e Peças",False,19692385.75,,,40.3162784334764,-0.3504400171523148,,,,,0.0066152776003293445,,433913.6,"CVM ITR 2022, ref 2022-09-30, receipt 2022-11-10; CVM DFP 2021 TTM bridge; market snapshot: B3 COTAHIST 2023-01-02; CVM FRE document 118264, received 2022-07-04",2023-01-02,official_b3_isin_cnpj,B3/CVM point-in-time full-universe gate
CGRA4.SA,2022-09-30,2022-11-11,Comércio (Atacado e Varejo),False,302370843.48,2.6045795014299005,0.3735620593852928,1.9859744479746568,0.26526367118232175,0.14342509383192534,0.1496378845527441,,,0.1595821421497181,,378979.9833333333,"CVM ITR 2022, ref 2022-09-30, receipt 2022-11-11; CVM DFP 2021 TTM bridge; market snapshot: B3 COTAHIST 2023-01-02; CVM FRE document 114083, received 2022-04-29",2023-01-02,official_b3_isin_cnpj,B3/CVM point-in-time full-universe gate
MOAR3.SA,2022-09-30,2022-11-14,Emp. Adm. Part. - Sem Setor Principal,False,5537551892.0,52.430497855458874,6.6933534770663385,45.39632375278581,0.042615402004796236,0.1276614518427551,0.08753513426149234,,,3014.108695652174,,377927.5789473684,"CVM ITR 2022, ref 2022-09-30, receipt 2022-11-14; CVM DFP 2021 TTM bridge; market snapshot: B3 COTAHIST 2023-01-02; CVM FRE document 115574, received 2022-05-19",2023-01-02,official_b3_isin_cnpj,B3/CVM point-in-time full-universe gate
KRSA3.SA,2022-09-30,2022-11-11,Serviços Médicos,False,609401844.6,,0.4777658786506565,13.304293772095452,-1.9278412272794094,-0.08647112872827167,0.06006238602726719,,,0.1035656873131305,,368017.15,"CVM ITR 2022, ref 2022-09-30, receipt 2022-11-11; CVM DFP 2021 TTM bridge; market snapshot: B3 COTAHIST 2023-01-02; CVM FRE document 113700, received 2022-04-12",2023-01-02,official_b3_isin_cnpj,B3/CVM point-in-time full-universe gate
CGAS5.SA,2022-09-30,2022-11-10,"Emp. Adm. Part. - Saneamento, Serv. Água e Gás",False,3639543013.0,2.12342313876679,2.187582954064607,3.4273633773277163,0.6643922029119869,1.0302152755738918,0.37518758793353957,,,0.15758898781708494,,365596.0,"CVM ITR 2022, ref 2022-09-30, receipt 2022-11-10; CVM DFP 2021 TTM bridge; market snapshot: B3 COTAHIST 2023-01-02; CVM FRE document 115638, received 2022-05-23",2023-01-02,official_b3_isin_cnpj,B3/CVM point-in-time full-universe gate
EUCA4.SA,2022-09-30,2022-11-10,"Construção Civil, Mat. Constr. e Decoração",False,519118763.76000005,1.708324328870987,0.2517218948237162,2.7433829788140316,-0.08598417764116151,0.14735017851679047,0.15232498310035972,,,0.15644159063252683,,357559.8,"CVM ITR 2022, ref 2022-09-30, receipt 2022-11-10; CVM DFP 2021 TTM bridge; market snapshot: B3 COTAHIST 2023-01-02; CVM FRE document 112455, received 2022-03-11",2023-01-02,official_b3_isin_cnpj,B3/CVM point-in-time full-universe gate
POMO3.SA,2022-09-30,2022-11-03,"Máquinas, Equipamentos, Veículos e Peças",False,789155468.64,3.3340887505756402,0.25641703217253564,14.57103302952285,-0.10815232662213843,0.07690768043540068,0.03386957092361276,,,0.032485225690316887,,347020.45,"CVM ITR 2022, ref 2022-09-30, receipt 2022-11-03; CVM DFP 2021 TTM bridge; market snapshot: B3 COTAHIST 2023-01-02; CVM FRE document 113758, received 2022-04-14",2023-01-02,official_b3_isin_cnpj,B3/CVM point-in-time full-universe gate
RCSL4.SA,2022-09-30,2022-11-10,"Máquinas, Equipamentos, Veículos e Peças",False,15124327.2,,,30.513577682403433,-0.45628475956272624,,,,,0.0066152776003293445,,326479.7,"CVM ITR 2022, ref 2022-09-30, receipt 2022-11-10; CVM DFP 2021 TTM bridge; market snapshot: B3 COTAHIST 2023-01-02; CVM FRE document 118264, received 2022-07-04",2023-01-02,official_b3_isin_cnpj,B3/CVM point-in-time full-universe gate
ALLD3.SA,2022-09-30,2022-11-14,Comércio (Atacado e Varejo),False,540679375.6,7.322805926728517,0.35754630397951587,5.484905265418839,0.7881288231627528,0.04882640719378598,0.0956638175606754,,,0.0360604385785836,,314250.65,"CVM ITR 2022, ref 2022-09-30, receipt 2022-11-14; CVM DFP 2021 TTM bridge; market snapshot: B3 COTAHIST 2023-01-02; CVM FRE document 114341, received 2022-05-05",2023-01-02,official_b3_isin_cnpj,B3/CVM point-in-time full-universe gate
OFSA3.SA,2022-09-30,2022-11-10,Comércio (Atacado e Varejo),False,1275893991.8999999,10.453349215933669,1.757238526248521,9.801130468441782,-0.03575375406546736,0.16810291993020043,0.16012307042271023,,,0.15638205124574453,,303389.1,"CVM ITR 2022, ref 2022-09-30, receipt 2022-11-10; CVM DFP 2021 TTM bridge; market snapshot: B3 COTAHIST 2023-01-02; CVM FRE document 108254, received 2021-08-25",2023-01-02,official_b3_isin_cnpj,B3/CVM point-in-time full-universe gate
EMAE4.SA,2022-09-30,2022-11-08,Energia Elétrica,False,1401227982.0,13.454199619771863,1.5113771485891794,89.51155014605648,0.10401662104404079,0.11233497281905255,0.02103317048467336,,,0.021131054813174316,,281972.1186440678,"CVM ITR 2022, ref 2022-09-30, receipt 2022-11-08; CVM DFP 2021 TTM bridge; market snapshot: B3 COTAHIST 2023-01-02; CVM FRE document 114157, received 2022-05-03",2023-01-02,official_b3_isin_cnpj,B3/CVM point-in-time full-universe gate
PTNT4.SA,2022-09-30,2022-11-15,Têxtil e Vestuário,False,199223888.07999998,0.0025698266405717787,0.00047222888630110146,1.4446119417621521,197.82509206011477,0.1837590438380824,0.1710734589016831,,,0.12219096838306735,,256658.0,"CVM ITR 2022, ref 2022-09-30, receipt 2022-11-15; CVM DFP 2021 TTM bridge; market snapshot: B3 COTAHIST 2023-01-02; CVM FRE document 110436, received 2021-11-24",2023-01-02,official_b3_isin_cnpj,B3/CVM point-in-time full-universe gate
HBRE3.SA,2022-09-30,2022-11-08,"Construção Civil, Mat. Constr. e Decoração",False,443712618.29999995,2.1163739741577907,0.18586612251651466,4.423904403572715,-0.23150795303853094,0.0878229106887784,0.09838199701802292,,,2.5506527946239554,,237503.96666666667,"CVM ITR 2022, ref 2022-09-30, receipt 2022-11-08; CVM DFP 2021 TTM bridge; market snapshot: B3 COTAHIST 2023-01-02; CVM FRE document 115699, received 2022-05-24",2023-01-02,official_b3_isin_cnpj,B3/CVM point-in-time full-universe gate
CLSC4.SA,2022-09-30,2022-11-11,Energia Elétrica,False,1237487179.8,2.355041515387382,0.4218695268637366,3.0088745839986983,0.14223581696292575,0.17913464544354032,0.1936116257167487,,,0.07632651892767363,,237256.71666666667,"CVM ITR 2022, ref 2022-09-30, receipt 2022-11-11; CVM DFP 2021 TTM bridge; market snapshot: B3 COTAHIST 2023-01-02; CVM FRE document 115471, received 2022-05-17",2023-01-02,official_b3_isin_cnpj,B3/CVM point-in-time full-universe gate
EQPA3.SA,2022-09-30,2022-11-09,Energia Elétrica,False,14109571641.6,10.19998774055822,3.2435878899004114,9.172146662453896,0.05613692747869849,0.31799919494049295,0.2390927189936474,,,0.2263323957000087,,236621.1754385965,"CVM ITR 2022, ref 2022-09-30, receipt 2022-11-09; CVM DFP 2021 TTM bridge; market snapshot: B3 COTAHIST 2023-01-02; CVM FRE document 115483, received 2022-05-17",2023-01-02,official_b3_isin_cnpj,B3/CVM point-in-time full-universe gate
PINE4.SA,2022-09-30,2022-11-10,Bancos,True,117579473.64,4.241377737536975,0.1363614971766155,,,0.032150283614164124,,,,,,208300.3,"CVM ITR 2022, ref 2022-09-30, receipt 2022-11-10; CVM DFP 2021 TTM bridge; market snapshot: B3 COTAHIST 2023-01-02; CVM FRE document 115507, received 2022-05-18",2023-01-02,official_b3_isin_cnpj,B3/CVM point-in-time full-universe gate
DMVF3.SA,2022-09-30,2022-11-09,Comércio (Atacado e Varejo),False,201905339.58,8.648020712725405,0.23850261126874364,5.901202015987264,0.21833994133935622,0.027578866794085197,0.03665246716364927,,,0.021510385972622757,,205250.76666666663,"CVM ITR 2022, ref 2022-09-30, receipt 2022-11-09; CVM DFP 2021 TTM bridge; market snapshot: B3 COTAHIST 2023-01-02; CVM FRE document 114346, received 2022-05-05",2023-01-02,official_b3_isin_cnpj,B3/CVM point-in-time full-universe gate
AZEV3.SA,2022-09-30,2022-11-14,"Construção Civil, Mat. Constr. e Decoração",False,27225000.0,2.7054556295339363,0.2184168090688103,,-7.430339761248852,0.08073198713165981,-0.073852706345581,,,-0.03695036374171119,,200642.2333333333,"CVM ITR 2022, ref 2022-09-30, receipt 2022-11-14; CVM DFP 2021 TTM bridge; market snapshot: B3 COTAHIST 2023-01-02; CVM FRE document 108240, received 2021-08-24",2023-01-02,official_b3_isin_cnpj,B3/CVM point-in-time full-universe gate
PDTC3.SA,2022-09-30,2022-11-10,Emp. Adm. Part. - Telecomunicações,False,243194314.9,8.80532658314928,1.86218808309596,7.004325278940792,-0.22428155864757018,0.2114842721063432,0.22045406220400904,,,0.12729723243834515,,184008.75,"CVM ITR 2022, ref 2022-09-30, receipt 2022-11-10; CVM DFP 2021 TTM bridge; market snapshot: B3 COTAHIST 2023-01-02; CVM FRE document 108695, received 2021-09-21",2023-01-02,official_b3_isin_cnpj,B3/CVM point-in-time full-universe gate
SCAR3.SA,2022-09-30,2022-11-08,Emp. Adm. Part. - Sem Setor Principal,False,1045045473.9000001,,0.689750732886016,21.79380611938729,-0.6977830326164144,-0.04502853265712102,0.03985790918728369,,,0.4709978636782376,,177756.43859649124,"CVM ITR 2022, ref 2022-09-30, receipt 2022-11-08; CVM DFP 2021 TTM bridge; market snapshot: B3 COTAHIST 2023-01-02; CVM FRE document 115026, received 2022-05-13",2023-01-02,official_b3_isin_cnpj,B3/CVM point-in-time full-universe gate
RSID3.SA,2022-09-30,2022-11-10,"Construção Civil, Mat. Constr. e Decoração",False,53000000.0,,,,0.08871698113207548,,,,,-12.216352369488654,,174120.18333333332,"CVM ITR 2022, ref 2022-09-30, receipt 2022-11-10; CVM DFP 2021 TTM bridge; market snapshot: B3 COTAHIST 2023-01-02; CVM FRE document 114150, received 2022-05-02",2023-01-02,official_b3_isin_cnpj,B3/CVM point-in-time full-universe gate
ALUP4.SA,2022-09-30,2022-11-09,Emp. Adm. Part. - Energia Elétrica,False,2567613220.9,1.4984707931594543,0.24075271130451742,4.0874366291167,0.34783977303518643,0.1606656014942419,0.14969427701899135,,,0.7383972480016494,,166743.23333333334,"CVM ITR 2022, ref 2022-09-30, receipt 2022-11-09; CVM DFP 2021 TTM bridge; market snapshot: B3 COTAHIST 2023-01-02; CVM FRE document 113780, received 2022-04-14",2023-01-02,official_b3_isin_cnpj,B3/CVM point-in-time full-universe gate
ALUP3.SA,2022-09-30,2022-11-09,Emp. Adm. Part. - Energia Elétrica,False,5402451528.5,3.1528953664132073,0.506561830493186,4.9951803674410415,0.16531717041577526,0.1606656014942419,0.14969427701899135,,,0.7383972480016494,,161406.08333333334,"CVM ITR 2022, ref 2022-09-30, receipt 2022-11-09; CVM DFP 2021 TTM bridge; market snapshot: B3 COTAHIST 2023-01-02; CVM FRE document 113780, received 2022-04-14",2023-01-02,official_b3_isin_cnpj,B3/CVM point-in-time full-universe gate
EALT4.SA,2022-09-30,2022-11-08,Metalurgia e Siderurgia,False,8363999.999999999,0.19362007500347236,0.040862789163837114,2.070456158461836,-0.5557149689143951,0.21104624178615922,0.19094434229289672,,,0.12742115820974054,,160864.61666666667,"CVM ITR 2022, ref 2022-09-30, receipt 2022-11-08; CVM DFP 2021 TTM bridge; market snapshot: B3 COTAHIST 2023-01-02; CVM FRE document 112790, received 2022-03-22",2023-01-02,official_b3_isin_cnpj,B3/CVM point-in-time full-universe gate
BEES3.SA,2022-09-30,2022-11-11,Bancos,True,1198921140.0,3.7376232265385587,0.6143808079203456,,,0.16437740528740463,,,,,,157418.63333333333,"CVM ITR 2022, ref 2022-09-30, receipt 2022-11-11; CVM DFP 2021 TTM bridge; market snapshot: B3 COTAHIST 2023-01-02; CVM FRE document 115298, received 2022-05-16",2023-01-02,official_b3_isin_cnpj,B3/CVM point-in-time full-universe gate
RSUL4.SA,2022-09-30,2022-11-09,"Máquinas, Equipamentos, Veículos e Peças",False,171576000.0,2.7156695156695156,1.3821615002900045,1.9306579364241208,0.013469249778523804,0.5089579171231553,0.6994696175040997,,,0.24636847815623025,,149375.15254237287,"CVM ITR 2022, ref 2022-09-30, receipt 2022-11-09; CVM DFP 2021 TTM bridge; market snapshot: B3 COTAHIST 2023-01-02; CVM FRE document 108733, received 2021-09-23",2023-01-02,official_b3_isin_cnpj,B3/CVM point-in-time full-universe gate
NEXP3.SA,2022-09-30,2022-11-10,"Emp. Adm. Part. - Const. Civil, Mat. Const. e Decoração",False,39833542.199999996,,1.9293588201104328,,-2.51270648985869,-3.787610190835997,-1.4343320104460118,,,-0.5870476350782696,,146878.68333333332,"CVM ITR 2022, ref 2022-09-30, receipt 2022-11-10; CVM DFP 2021 TTM bridge; market snapshot: B3 COTAHIST 2023-01-02; CVM FRE document 113739, received 2022-04-13",2023-01-02,official_b3_isin_cnpj,B3/CVM point-in-time full-universe gate
IGTI4.SA,2022-09-30,2022-11-08,Emp. Adm. Part. - Comércio (Atacado e Varejo),False,2726317043.2,,0.6788742862066097,12.643870592049138,-0.13906453064423993,-0.0004922884765651262,0.06495911169717039,,,0.4507746367162902,,143808.30357142858,"CVM ITR 2022, ref 2022-09-30, receipt 2022-11-08; CVM DFP 2021 TTM bridge; market snapshot: B3 COTAHIST 2023-01-02; CVM FRE document 115393, received 2022-05-16",2023-01-02,official_b3_isin_cnpj,B3/CVM point-in-time full-universe gate
JFEN3.SA,2022-09-30,2022-11-11,"Construção Civil, Mat. Constr. e Decoração",False,68382479.75,,,,0.18949298193591757,,,,,-8.016551238408264,,138091.61016949153,"CVM ITR 2022, ref 2022-09-30, receipt 2022-11-11; CVM DFP 2021 TTM bridge; market snapshot: B3 COTAHIST 2023-01-02; CVM FRE document 116829, received 2022-06-03",2023-01-02,official_b3_isin_cnpj,B3/CVM point-in-time full-universe gate
ALPA3.SA,2022-09-30,2022-11-03,Têxtil e Vestuário,False,3533525061.2999997,8.168772464947464,0.6027764642835087,10.559771021337388,-0.8985630340575166,0.07379033592501777,0.05796026233205224,,,0.08387932884384938,,124957.36666666668,"CVM ITR 2022, ref 2022-09-30, receipt 2022-11-03; CVM DFP 2021 TTM bridge; market snapshot: B3 COTAHIST 2023-01-02; CVM FRE document 111641, received 2022-02-08",2023-01-02,official_b3_isin_cnpj,B3/CVM point-in-time full-universe gate
BMEB4.SA,2022-09-30,2022-11-11,Bancos,True,396758360.0,1.9164385665776291,0.29803265783191535,,,0.15551380724097058,,,,,,114064.46666666666,"CVM ITR 2022, ref 2022-09-30, receipt 2022-11-11; CVM DFP 2021 TTM bridge; market snapshot: B3 COTAHIST 2023-01-02; CVM FRE document 114476, received 2022-05-06",2023-01-02,official_b3_isin_cnpj,B3/CVM point-in-time full-universe gate
UCAS3.SA,2022-09-30,2022-11-10,"Construção Civil, Mat. Constr. e Decoração",False,164555046.36,4.373788543178375,0.8393310364948612,4.985957446097689,-0.2919691681462694,0.1919002320777333,0.16777471572184077,,,0.1281734089836765,,111771.41666666669,"CVM ITR 2022, ref 2022-09-30, receipt 2022-11-10; CVM DFP 2021 TTM bridge; market snapshot: B3 COTAHIST 2023-01-02; CVM FRE document 114292, received 2022-05-04",2023-01-02,official_b3_isin_cnpj,B3/CVM point-in-time full-universe gate
ENGI4.SA,2022-09-30,2022-11-11,Emp. Adm. Part. - Energia Elétrica,False,7706845590.08,3.2467429086209134,0.5955723513253315,6.251008573897448,-0.3027745882184955,0.18343686829774486,0.13910832705954712,,,0.2070762579151277,,110876.76666666666,"CVM ITR 2022, ref 2022-09-30, receipt 2022-11-11; CVM DFP 2021 TTM bridge; market snapshot: B3 COTAHIST 2023-01-02; CVM FRE document 115599, received 2022-05-20",2023-01-02,official_b3_isin_cnpj,B3/CVM point-in-time full-universe gate
DOTZ3.SA,2022-09-30,2022-11-14,Comunicação e Informática,False,166235446.04,,,,-1.1969829825109664,,,,,-0.7369901028097392,,88419.76666666666,"CVM ITR 2022, ref 2022-09-30, receipt 2022-11-14; CVM DFP 2021 TTM bridge; market snapshot: B3 COTAHIST 2023-01-02; CVM FRE document 114785, received 2022-05-11",2023-01-02,official_b3_isin_cnpj,B3/CVM point-in-time full-universe gate
RAPT3.SA,2022-09-30,2022-11-17,"Máquinas, Equipamentos, Veículos e Peças",False,909986265.87,1.2669686077614832,0.23393618635329372,3.6694132983068637,0.6943885020021505,0.18464244885010916,0.16235121201691516,,,0.11030656053198719,,87057.5,"CVM ITR 2022, ref 2022-09-30, receipt 2022-11-17; CVM DFP 2021 TTM bridge; market snapshot: B3 COTAHIST 2023-01-02; CVM FRE document 114094, received 2022-04-29",2023-01-02,official_b3_isin_cnpj,B3/CVM point-in-time full-universe gate
ENGI3.SA,2022-09-30,2022-11-11,Emp. Adm. Part. - Energia Elétrica,False,10281737414.4,4.331494338160083,0.7945557564414987,6.712335949017152,-0.22694967843974742,0.18343686829774486,0.13910832705954712,,,0.2070762579151277,,69718.01666666666,"CVM ITR 2022, ref 2022-09-30, receipt 2022-11-11; CVM DFP 2021 TTM bridge; market snapshot: B3 COTAHIST 2023-01-02; CVM FRE document 115599, received 2022-05-20",2023-01-02,official_b3_isin_cnpj,B3/CVM point-in-time full-universe gate
OSXB3.SA,2022-09-30,2022-11-11,Emp. Adm. Part. - Sem Setor Principal,False,20777050.799999997,,,,0.9349257595307994,,,,,-0.6167354188151714,,68745.35,"CVM ITR 2022, ref 2022-09-30, receipt 2022-11-11; CVM DFP 2021 TTM bridge; market snapshot: B3 COTAHIST 2023-01-02; CVM FRE document 115590, received 2022-05-20",2023-01-02,official_b3_isin_cnpj,B3/CVM point-in-time full-universe gate
CGAS3.SA,2022-09-30,2022-11-10,"Emp. Adm. Part. - Saneamento, Serv. Água e Gás",False,13302743325.44,7.76123620064901,7.995744091245685,7.154255069242848,0.18177333357817152,1.0302152755738918,0.37518758793353957,,,0.15758898781708494,,65791.12,"CVM ITR 2022, ref 2022-09-30, receipt 2022-11-10; CVM DFP 2021 TTM bridge; market snapshot: B3 COTAHIST 2023-01-02; CVM FRE document 115638, received 2022-05-23",2023-01-02,official_b3_isin_cnpj,B3/CVM point-in-time full-universe gate
ENMT4.SA,2022-09-30,2022-11-10,Energia Elétrica,False,11616385365.0,9.588431997523731,3.420744159440967,8.669893300844954,0.07404919628370128,0.35675740937875916,0.23332189410694026,,,0.2513409604248288,,65233.444444444445,"CVM ITR 2022, ref 2022-09-30, receipt 2022-11-10; CVM DFP 2021 TTM bridge; market snapshot: B3 COTAHIST 2023-01-02; CVM FRE document 115437, received 2022-05-16",2023-01-02,official_b3_isin_cnpj,B3/CVM point-in-time full-universe gate
BRSR3.SA,2022-09-30,2022-11-14,Bancos,True,2179839259.83,2.4529811656008165,0.239869921475322,,,0.09778710282782375,,,,,,64094.76666666667,"CVM ITR 2022, ref 2022-09-30, receipt 2022-11-14; CVM DFP 2021 TTM bridge; market snapshot: B3 COTAHIST 2023-01-02; CVM FRE document 115728, received 2022-05-25",2023-01-02,official_b3_isin_cnpj,B3/CVM point-in-time full-universe gate
CGRA3.SA,2022-09-30,2022-11-11,Comércio (Atacado e Varejo),False,223986095.25,1.929384412793302,0.27672214044273347,1.2599006572061098,0.35809365715526487,0.14342509383192534,0.1496378845527441,,,0.1595821421497181,,55268.75438596492,"CVM ITR 2022, ref 2022-09-30, receipt 2022-11-11; CVM DFP 2021 TTM bridge; market snapshot: B3 COTAHIST 2023-01-02; CVM FRE document 114083, received 2022-04-29",2023-01-02,official_b3_isin_cnpj,B3/CVM point-in-time full-universe gate
AVLL3.SA,2022-09-30,2022-11-14,"Construção Civil, Mat. Constr. e Decoração",False,158031347.7,,,,0.8449019890248016,,-0.3106589608527288,,,-0.8466154310562858,,54382.88888888889,"CVM ITR 2022, ref 2022-09-30, receipt 2022-11-14; CVM DFP 2021 TTM bridge; market snapshot: B3 COTAHIST 2023-01-02; CVM FRE document 121196, received 2022-10-27",2023-01-02,official_b3_isin_cnpj,B3/CVM point-in-time full-universe gate
CRPG6.SA,2022-09-30,2022-11-10,Petroquímicos e Borracha,False,173903201.48,1.6420679050092062,0.19083692520076465,0.3294628143051858,0.3485617256274102,0.11621743815746445,0.12039556197489253,,,0.10132140242271725,,51029.5652173913,"CVM ITR 2022, ref 2022-09-30, receipt 2022-11-10; CVM DFP 2021 TTM bridge; market snapshot: B3 COTAHIST 2023-01-02; CVM FRE document 116106, received 2022-05-31",2023-01-02,official_b3_isin_cnpj,B3/CVM point-in-time full-universe gate
CLSC3.SA,2022-09-30,2022-11-11,Energia Elétrica,False,746234204.22,1.4201460506638908,0.2543973592637201,2.384296719056725,0.23587098930151476,0.17913464544354032,0.1936116257167487,,,0.07632651892767363,,50139.0,"CVM ITR 2022, ref 2022-09-30, receipt 2022-11-11; CVM DFP 2021 TTM bridge; market snapshot: B3 COTAHIST 2023-01-02; CVM FRE document 115471, received 2022-05-17",2023-01-02,official_b3_isin_cnpj,B3/CVM point-in-time full-universe gate
IGBR3.SA,2022-06-30,2022-08-15,"Máquinas, Equipamentos, Veículos e Peças",False,430796078.70000005,,,,-0.13119200195728242,,,,,-1.0572877815903328,,46042.30357142857,"CVM ITR 2022, ref 2022-06-30, receipt 2022-08-15; CVM DFP 2021 TTM bridge; market snapshot: B3 COTAHIST 2023-01-02; CVM FRE document 105340, received 2021-05-31",2023-01-02,official_b3_isin_cnpj,B3/CVM point-in-time full-universe gate
BRIV4.SA,2022-09-30,2022-11-11,Bancos,True,315714910.45,6.987316537933782,0.18836101466127642,,,0.026957561409830823,,,,,,39316.8,"CVM ITR 2022, ref 2022-09-30, receipt 2022-11-11; CVM DFP 2021 TTM bridge; market snapshot: B3 COTAHIST 2023-01-02; CVM FRE document 113581, received 2022-04-07",2023-01-02,official_b3_isin_cnpj,B3/CVM point-in-time full-universe gate
BRIV3.SA,2022-09-30,2022-11-11,Bancos,True,481339161.0,10.652867408817281,0.2871753273639772,,,0.026957561409830823,,,,,,36963.54,"CVM ITR 2022, ref 2022-09-30, receipt 2022-11-11; CVM DFP 2021 TTM bridge; market snapshot: B3 COTAHIST 2023-01-02; CVM FRE document 113581, received 2022-04-07",2023-01-02,official_b3_isin_cnpj,B3/CVM point-in-time full-universe gate
MGEL4.SA,2022-09-30,2022-11-11,Emp. Adm. Part. - Metalurgia e Siderurgia,False,44628787.69,0.5406338985329925,,6.062638532734052,0.9498801601885951,,0.2371813126695544,,,0.12476224452989954,,36689.5,"CVM ITR 2022, ref 2022-09-30, receipt 2022-11-11; CVM DFP 2021 TTM bridge; market snapshot: B3 COTAHIST 2023-01-02; CVM FRE document 114325, received 2022-05-05",2023-01-02,official_b3_isin_cnpj,B3/CVM point-in-time full-universe gate
BEES4.SA,2022-09-30,2022-11-11,Bancos,True,525573463.40000004,1.638469385948231,0.26932734630501737,,,0.16437740528740463,,,,,,36380.7,"CVM ITR 2022, ref 2022-09-30, receipt 2022-11-11; CVM DFP 2021 TTM bridge; market snapshot: B3 COTAHIST 2023-01-02; CVM FRE document 115298, received 2022-05-16",2023-01-02,official_b3_isin_cnpj,B3/CVM point-in-time full-universe gate
EKTR4.SA,2022-09-30,2022-10-25,Energia Elétrica,False,3566759037.93,3.3490695191830984,1.1728901801808616,4.089962394239534,0.211957127453934,0.350213745478461,0.26237486095661844,,,0.22018669778296382,,34426.756097560974,"CVM ITR 2022, ref 2022-09-30, receipt 2022-10-25; CVM DFP 2021 TTM bridge; market snapshot: B3 COTAHIST 2023-01-02; CVM FRE document 114135, received 2022-05-02",2023-01-02,official_b3_isin_cnpj,B3/CVM point-in-time full-universe gate
EQMA3B.SA,2022-09-30,2022-11-09,Energia Elétrica,False,4113632944.5,6.925855992814246,1.3009723515544749,6.744006936139548,0.10792358141568749,0.18784282446881184,0.17553110647157438,,,0.17891082950487955,,28406.88888888889,"CVM ITR 2022, ref 2022-09-30, receipt 2022-11-09; CVM DFP 2021 TTM bridge; market snapshot: B3 COTAHIST 2023-01-02; CVM FRE document 115482, received 2022-05-17",2023-01-02,official_b3_isin_cnpj,B3/CVM point-in-time full-universe gate
CTSA4.SA,2022-09-30,2022-11-14,Têxtil e Vestuário,False,118677990.78,,0.4244973254928051,,0.5611234194505968,-0.12337385942133182,-0.044523521073567426,,,-0.03745955894490113,,28092.266666666663,"CVM ITR 2022, ref 2022-09-30, receipt 2022-11-14; CVM DFP 2021 TTM bridge; market snapshot: B3 COTAHIST 2023-01-02; CVM FRE document 114106, received 2022-05-02",2023-01-02,official_b3_isin_cnpj,B3/CVM point-in-time full-universe gate
EUCA3.SA,2022-09-30,2022-11-10,"Construção Civil, Mat. Constr. e Decoração",False,381343940.0,1.2549327357211495,0.1849145626350756,2.4021915033246244,-0.11704919186600946,0.14735017851679047,0.15232498310035972,,,0.15644159063252683,,23863.925925925927,"CVM ITR 2022, ref 2022-09-30, receipt 2022-11-10; CVM DFP 2021 TTM bridge; market snapshot: B3 COTAHIST 2023-01-02; CVM FRE document 112455, received 2022-03-11",2023-01-02,official_b3_isin_cnpj,B3/CVM point-in-time full-universe gate
GEPA3.SA,2022-09-30,2022-11-10,Energia Elétrica,False,818421786.0,5.496526387191231,0.39661307363557635,4.139167513241183,0.38199129757770156,0.07215703986427122,0.13594200557044364,,,0.2859794343067446,,21047.06451612904,"CVM ITR 2022, ref 2022-09-30, receipt 2022-11-10; CVM DFP 2021 TTM bridge; market snapshot: B3 COTAHIST 2023-01-02; CVM FRE document 114549, received 2022-05-09",2023-01-02,official_b3_isin_cnpj,B3/CVM point-in-time full-universe gate
PTNT3.SA,2022-09-30,2022-11-15,Têxtil e Vestuário,False,144152316.0,0.0018594480086051007,0.00034169038812789974,1.444037192588546,273.40167049414595,0.1837590438380824,0.1710734589016831,,,0.12219096838306735,,20427.050847457627,"CVM ITR 2022, ref 2022-09-30, receipt 2022-11-15; CVM DFP 2021 TTM bridge; market snapshot: B3 COTAHIST 2023-01-02; CVM FRE document 110436, received 2021-11-24",2023-01-02,official_b3_isin_cnpj,B3/CVM point-in-time full-universe gate
PEAB3.SA,2022-09-30,2022-11-11,Emp. Adm. Part. - Sem Setor Principal,False,324469519.5,18.26968015202703,0.4785417919054684,,0.38385115554744736,0.02619322220878476,-0.0012740610456859446,,,-0.02492985971943888,,19519.08695652174,"CVM ITR 2022, ref 2022-09-30, receipt 2022-11-11; CVM DFP 2021 TTM bridge; market snapshot: B3 COTAHIST 2023-01-02; CVM FRE document 114730, received 2022-05-11",2023-01-02,official_b3_isin_cnpj,B3/CVM point-in-time full-universe gate
ESTR4.SA,2022-09-30,2022-11-11,Brinquedos e Lazer,False,21550611.0,,,2.449844044092457,-1.0489261766174518,,,,,0.262475007669604,,17448.75,"CVM ITR 2022, ref 2022-09-30, receipt 2022-11-11; CVM DFP 2021 TTM bridge; market snapshot: B3 COTAHIST 2023-01-02; CVM FRE document 110814, received 2021-12-20",2023-01-02,official_b3_isin_cnpj,B3/CVM point-in-time full-universe gate
MNPR3.SA,2022-09-30,2022-11-06,Emp. Adm. Part. - Alimentos,False,43239609.0,1.0421945334908047,,0.6008018827497547,-0.006729940596826396,,,,,0.19947443596997722,,15978.655172413792,"CVM ITR 2022, ref 2022-09-30, receipt 2022-11-06; CVM DFP 2021 TTM bridge; market snapshot: B3 COTAHIST 2023-01-02; CVM FRE document 114188, received 2022-05-03",2023-01-02,official_b3_isin_cnpj,B3/CVM point-in-time full-universe gate
FESA3.SA,2022-09-30,2022-11-10,Metalurgia e Siderurgia,False,1736960000.0,1.5142765479627847,0.5710055320105775,1.2636629723216513,0.410546011422255,0.3770814074739343,0.44096327330518537,,,0.4182960003810755,,15898.70588235294,"CVM ITR 2022, ref 2022-09-30, receipt 2022-11-10; CVM DFP 2021 TTM bridge; market snapshot: B3 COTAHIST 2023-01-02; CVM FRE document 114952, received 2022-05-12",2023-01-02,official_b3_isin_cnpj,B3/CVM point-in-time full-universe gate
BMEB3.SA,2022-09-30,2022-11-11,Bancos,True,651557440.0,3.1471795738761235,0.4894298776044914,,,0.15551380724097058,,,,,,14437.261904761905,"CVM ITR 2022, ref 2022-09-30, receipt 2022-11-11; CVM DFP 2021 TTM bridge; market snapshot: B3 COTAHIST 2023-01-02; CVM FRE document 114476, received 2022-05-06",2023-01-02,official_b3_isin_cnpj,B3/CVM point-in-time full-universe gate
CRIV3.SA,2022-09-30,2022-11-11,Bancos,True,291331894.24,,0.2754864638143275,,,-0.018680533097308983,,,,,,13473.96,"CVM ITR 2022, ref 2022-09-30, receipt 2022-11-11; CVM DFP 2021 TTM bridge; market snapshot: B3 COTAHIST 2023-01-02; CVM FRE document 113589, received 2022-04-07",2023-01-02,official_b3_isin_cnpj,B3/CVM point-in-time full-universe gate
HOOT4.SA,2022-09-30,2022-11-15,Hospedagem e Turismo,False,9315502.92,0.07863971129007749,,0.019184241346459192,0.42810356394585297,,,,,1.591475741239892,,11467.037037037036,"CVM ITR 2022, ref 2022-09-30, receipt 2022-11-15; CVM DFP 2021 TTM bridge; market snapshot: B3 COTAHIST 2023-01-02; CVM FRE document 104551, received 2021-05-18",2023-01-02,official_b3_isin_cnpj,B3/CVM point-in-time full-universe gate
CTSA3.SA,2022-09-30,2022-11-14,Têxtil e Vestuário,False,95102777.5,,0.34017153838174646,,0.700221399948072,-0.12337385942133182,-0.044523521073567426,,,-0.03745955894490113,,10262.64406779661,"CVM ITR 2022, ref 2022-09-30, receipt 2022-11-14; CVM DFP 2021 TTM bridge; market snapshot: B3 COTAHIST 2023-01-02; CVM FRE document 114106, received 2022-05-02",2023-01-02,official_b3_isin_cnpj,B3/CVM point-in-time full-universe gate
CSAB4.SA,2022-09-30,2022-11-11,Seguradoras e Corretoras,True,141312000.0,,0.7399347572246163,,,-0.02075620879782594,,,,,,9996.0,"CVM ITR 2022, ref 2022-09-30, receipt 2022-11-11; CVM DFP 2021 TTM bridge; market snapshot: B3 COTAHIST 2023-01-02; CVM FRE document 115639, received 2022-05-23",2023-01-02,official_b3_isin_cnpj,B3/CVM point-in-time full-universe gate
AFLT3.SA,2022-09-30,2022-10-25,Energia Elétrica,False,586687710.0,4.899843906594508,2.160968091258338,4.503680764337404,0.04049684286040354,0.4410279454718906,0.5129653647262267,,,0.8012739763385842,,7129.82,"CVM ITR 2022, ref 2022-09-30, receipt 2022-10-25; CVM DFP 2021 TTM bridge; market snapshot: B3 COTAHIST 2023-01-02; CVM FRE document 114370, received 2022-05-05",2023-01-02,official_b3_isin_cnpj,B3/CVM point-in-time full-universe gate
BRGE11.SA,2022-09-30,2022-11-11,Emp. Adm. Part. - Intermediação Financeira,True,60158170.5,0.5173694754766635,0.03301573591218074,,,0.06381461890801084,,,,,,5582.363636363636,"CVM ITR 2022, ref 2022-09-30, receipt 2022-11-11; CVM DFP 2021 TTM bridge; market snapshot: B3 COTAHIST 2023-01-02; CVM FRE document 113610, received 2022-04-08",2023-01-02,official_b3_isin_cnpj,B3/CVM point-in-time full-universe gate
GSHP3.SA,2022-09-30,2022-11-14,Comércio (Atacado e Varejo),False,46290456.0,,,29.18056137038036,-4.828295491407559,,0.06890670780869884,,,0.38613577771412205,,5026.071428571428,"CVM ITR 2022, ref 2022-09-30, receipt 2022-11-14; CVM DFP 2021 TTM bridge; market snapshot: B3 COTAHIST 2023-01-02; CVM FRE document 114452, received 2022-05-06",2023-01-02,official_b3_isin_cnpj,B3/CVM point-in-time full-universe gate
CSAB3.SA,2022-09-30,2022-11-11,Seguradoras e Corretoras,True,117312000.0,,0.6142664900329355,,,-0.02075620879782594,,,,,,4957.0,"CVM ITR 2022, ref 2022-09-30, receipt 2022-11-11; CVM DFP 2021 TTM bridge; market snapshot: B3 COTAHIST 2023-01-02; CVM FRE document 115639, received 2022-05-23",2023-01-02,official_b3_isin_cnpj,B3/CVM point-in-time full-universe gate
BRSR5.SA,2022-09-30,2022-11-14,Bancos,True,24001630.68,0.027009123602232153,0.002641143946980877,,,0.09778710282782375,,,,,,4611.291666666667,"CVM ITR 2022, ref 2022-09-30, receipt 2022-11-14; CVM DFP 2021 TTM bridge; market snapshot: B3 COTAHIST 2023-01-02; CVM FRE document 115728, received 2022-05-25",2023-01-02,official_b3_isin_cnpj,B3/CVM point-in-time full-universe gate
FRTA3.SA,2022-09-30,2022-11-14,"Agricultura (Açúcar, Álcool e Cana)",False,4782643.34,,,,0.18295322017468274,,,,,-0.7347569542006182,,4416.8421052631575,"CVM ITR 2022, ref 2022-09-30, receipt 2022-11-14; CVM DFP 2021 TTM bridge; market snapshot: B3 COTAHIST 2023-01-02; CVM FRE document 115692, received 2022-05-24",2023-01-02,official_b3_isin_cnpj,B3/CVM point-in-time full-universe gate
NORD3.SA,2022-09-30,2022-11-11,Metalurgia e Siderurgia,False,56282631.0,,,,-0.00019544217824500777,,,,,-0.22578655151141272,,4397.64,"CVM ITR 2022, ref 2022-09-30, receipt 2022-11-11; CVM DFP 2021 TTM bridge; market snapshot: B3 COTAHIST 2023-01-02; CVM FRE document 114844, received 2022-05-11",2023-01-02,official_b3_isin_cnpj,B3/CVM point-in-time full-universe gate
EKTR3.SA,2022-09-30,2022-10-25,Energia Elétrica,False,2950298010.92,2.7702328741032867,0.9701736306872739,3.7632739856491786,0.2562453003736576,0.350213745478461,0.26237486095661844,,,0.22018669778296382,,4289.5,"CVM ITR 2022, ref 2022-09-30, receipt 2022-10-25; CVM DFP 2021 TTM bridge; market snapshot: B3 COTAHIST 2023-01-02; CVM FRE document 114135, received 2022-05-02",2023-01-02,official_b3_isin_cnpj,B3/CVM point-in-time full-universe gate
BMIN3.SA,2022-09-30,2022-11-11,Bancos,True,78186083.0,11.805236750717198,0.5830257337588737,,,0.04938704289208375,,,,,,3916.6666666666665,"CVM ITR 2022, ref 2022-09-30, receipt 2022-11-11; CVM DFP 2021 TTM bridge; market snapshot: B3 COTAHIST 2023-01-02; CVM FRE document 105820, received 2021-06-08",2023-01-02,official_b3_isin_cnpj,B3/CVM point-in-time full-universe gate
BMIN4.SA,2022-09-30,2022-11-11,Bancos,True,9423597.61,1.4228593703759624,0.07027081675416094,,,0.04938704289208375,,,,,,3037.478260869565,"CVM ITR 2022, ref 2022-09-30, receipt 2022-11-11; CVM DFP 2021 TTM bridge; market snapshot: B3 COTAHIST 2023-01-02; CVM FRE document 105820, received 2021-06-08",2023-01-02,official_b3_isin_cnpj,B3/CVM point-in-time full-universe gate
EQPA5.SA,2022-09-30,2022-11-09,Energia Elétrica,False,18721290.240000002,0.013533857425722535,0.004303755765819178,1.9680807513453764,42.30840876061328,0.31799919494049295,0.2390927189936474,,,0.2263323957000087,,970.5,"CVM ITR 2022, ref 2022-09-30, receipt 2022-11-09; CVM DFP 2021 TTM bridge; market snapshot: B3 COTAHIST 2023-01-02; CVM FRE document 115483, received 2022-05-17",2023-01-02,official_b3_isin_cnpj,B3/CVM point-in-time full-universe gate
PETR4.SA,2023-09-30,2023-11-09,Petróleo e Gás,False,211645176530.64,1.5391816772527545,0.5461951960841313,2.1995141622967838,0.896769787581353,0.3548607706005316,0.3282070665934945,,,0.3869461044348937,,1728145579.9166667,"CVM ITR 2023, ref 2023-09-30, receipt 2023-11-09; CVM DFP 2022 TTM bridge; market snapshot: B3 COTAHIST 2024-01-02; CVM FRE document 126948, received 2023-05-17",2024-01-02,official_b3_isin_cnpj,B3/CVM point-in-time full-universe gate
VALE3.SA,2023-09-30,2023-10-26,Extração Mineral,False,349730533114.39996,7.268940475846444,1.7692914503402184,6.242870808986239,0.06326585157711234,0.24340431129121198,0.2583638327717137,,,0.31070888432155735,,1638443455.7,"CVM ITR 2023, ref 2023-09-30, receipt 2023-10-26; CVM DFP 2022 TTM bridge; market snapshot: B3 COTAHIST 2024-01-02; CVM FRE document 127293, received 2023-05-29",2024-01-02,official_b3_isin_cnpj,B3/CVM point-in-time full-universe gate
ITUB4.SA,2023-09-30,2023-11-06,Bancos,True,162432724031.28003,4.923845040203705,0.8430443341150339,,,0.17121666649366288,,,,,,767753674.15,"CVM ITR 2023, ref 2023-09-30, receipt 2023-11-06; CVM DFP 2022 TTM bridge; market snapshot: B3 COTAHIST 2024-01-02; CVM FRE document 127205, received 2023-05-24",2024-01-02,official_b3_isin_cnpj,B3/CVM point-in-time full-universe gate
BBDC4.SA,2023-09-30,2023-11-09,Bancos,True,89111576962.25,6.654069406461688,0.5339662751781227,,,0.08024657432331474,,,,,,612556274.25,"CVM ITR 2023, ref 2023-09-30, receipt 2023-11-09; CVM DFP 2022 TTM bridge; market snapshot: B3 COTAHIST 2024-01-02; CVM FRE document 127227, received 2023-05-25",2024-01-02,official_b3_isin_cnpj,B3/CVM point-in-time full-universe gate
BBAS3.SA,2023-09-30,2023-11-08,Bancos,True,156910236015.19998,4.740064051494097,0.9192367192284037,,,0.1939291767457561,,,,,,510303345.1833333,"CVM ITR 2023, ref 2023-09-30, receipt 2023-11-08; CVM DFP 2022 TTM bridge; market snapshot: B3 COTAHIST 2024-01-02; CVM FRE document 127089, received 2023-05-22",2024-01-02,official_b3_isin_cnpj,B3/CVM point-in-time full-universe gate
PRIO3.SA,2023-09-30,2023-10-31,Petróleo e Gás,False,40235841816.450005,8.826425199602244,3.118790594700268,8.66861622111052,-0.1506262509899101,0.35334696937564414,0.2641163069766665,,,0.5664583947147747,,490200378.1666667,"CVM ITR 2023, ref 2023-09-30, receipt 2023-10-31; CVM DFP 2022 TTM bridge; market snapshot: B3 COTAHIST 2024-01-02; CVM FRE document 127162, received 2023-05-23",2024-01-02,official_b3_isin_cnpj,B3/CVM point-in-time full-universe gate
B3SA3.SA,2023-09-30,2023-11-09,Bolsas de Valores/Mercadorias e Futuros,False,82455230000.0,19.535964388752642,4.072634496458959,16.79353545472693,0.06990301282283731,0.2084685667631376,0.1888492950316985,,,0.5412238689181614,,485731487.6,"CVM ITR 2023, ref 2023-09-30, receipt 2023-11-09; CVM DFP 2022 TTM bridge; market snapshot: B3 COTAHIST 2024-01-02; CVM FRE document 126917, received 2023-05-16",2024-01-02,official_b3_isin_cnpj,B3/CVM point-in-time full-universe gate
PETR3.SA,2023-09-30,2023-11-09,Petróleo e Gás,False,292934995029.12,2.130358859889604,0.7559807866760948,2.59122512964279,0.6479150774769423,0.3548607706005316,0.3282070665934945,,,0.3869461044348937,,436290610.3666667,"CVM ITR 2023, ref 2023-09-30, receipt 2023-11-09; CVM DFP 2022 TTM bridge; market snapshot: B3 COTAHIST 2024-01-02; CVM FRE document 126948, received 2023-05-17",2024-01-02,official_b3_isin_cnpj,B3/CVM point-in-time full-universe gate
RENT3.SA,2023-09-30,2023-11-13,Serviços Transporte e Logística,False,60551585071.799995,39.29634775598093,2.4027829915908763,18.162334125956527,-0.18281696485523447,0.061145198696618594,0.08684829942775533,,,0.1978298709383417,,403425623.7166666,"CVM ITR 2023, ref 2023-09-30, receipt 2023-11-13; CVM DFP 2022 TTM bridge; market snapshot: B3 COTAHIST 2024-01-02; CVM FRE document 126982, received 2023-05-18",2024-01-02,official_b3_isin_cnpj,B3/CVM point-in-time full-universe gate
SUZB3.SA,2023-09-30,2023-10-26,Papel e Celulose,False,75060074021.76,4.402208633971844,1.7923615438908576,9.053098104965079,-0.07753257741676209,0.40715052214000114,0.14235869093966486,,,0.37385023820936714,,341636718.31666666,"CVM ITR 2023, ref 2023-09-30, receipt 2023-10-26; CVM DFP 2022 TTM bridge; market snapshot: B3 COTAHIST 2024-01-02; CVM FRE document 125949, received 2023-05-08",2024-01-02,official_b3_isin_cnpj,B3/CVM point-in-time full-universe gate
ABEV3.SA,2023-09-30,2023-10-31,Bebidas e Fumo,False,215985054323.64,13.920677989320556,2.3589151979197998,10.860571456746204,0.08319247392495772,0.16945404525048816,0.23920884395946967,,,0.22593199763320673,,332692220.4166667,"CVM ITR 2023, ref 2023-09-30, receipt 2023-10-31; CVM DFP 2022 TTM bridge; market snapshot: B3 COTAHIST 2024-01-02; CVM FRE document 128293, received 2023-06-06",2024-01-02,official_b3_isin_cnpj,B3/CVM point-in-time full-universe gate
RAIL3.SA,2023-09-30,2023-11-09,Emp. Adm. Part. - Serviços Transporte e Logística,False,41255033099.75,42.801316251985476,2.55685016515237,14.308051452175516,0.04017206812058146,0.05973765269505612,0.1320572745963751,,,0.3537720045137853,,310013170.48333335,"CVM ITR 2023, ref 2023-09-30, receipt 2023-11-09; CVM DFP 2022 TTM bridge; market snapshot: B3 COTAHIST 2024-01-02; CVM FRE document 127111, received 2023-05-22",2024-01-02,official_b3_isin_cnpj,B3/CVM point-in-time full-universe gate
LREN3.SA,2023-09-30,2023-11-09,Comércio (Atacado e Varejo),False,16577136549.53,17.8020798628101,1.697591609697237,17.53647006393314,0.08117137697331392,0.09535917279214295,0.09889174797160692,,,0.06851970577901015,,298813855.4166667,"CVM ITR 2023, ref 2023-09-30, receipt 2023-11-09; CVM DFP 2022 TTM bridge; market snapshot: B3 COTAHIST 2024-01-02; CVM FRE document 126261, received 2023-05-11",2024-01-02,official_b3_isin_cnpj,B3/CVM point-in-time full-universe gate
VBBR3.SA,2023-09-30,2023-11-06,Comércio (Atacado e Varejo),False,26760050000.0,13.14990171990172,1.9741829583179638,8.945345973898055,0.22698014390855026,0.150129103651789,0.17563359570971368,,,0.024707807813289042,,257762406.86666667,"CVM ITR 2023, ref 2023-09-30, receipt 2023-11-06; CVM DFP 2022 TTM bridge; market snapshot: B3 COTAHIST 2024-01-02; CVM FRE document 126115, received 2023-05-10",2024-01-02,official_b3_isin_cnpj,B3/CVM point-in-time full-universe gate
ELET3.SA,2023-09-30,2023-11-13,Emp. Adm. Part. - Energia Elétrica,False,491066466.86,21.386980830974263,2.27583706498466,24.522524692073322,0.05166714021878712,0.10641226468434566,0.09283034964970117,,,,,252156699.38333333,"CVM ITR 2023, ref 2023-09-30, receipt 2023-11-13; CVM DFP 2022 TTM bridge; market snapshot: B3 COTAHIST 2024-01-02; CVM FRE document 127272, received 2023-05-26",2024-01-02,official_b3_issuer_unique_prefix,B3/CVM point-in-time full-universe gate
WEGE3.SA,2023-09-30,2023-10-25,"Emp. Adm. Part. - Máqs., Equip., Veíc. e Peças",False,153495919186.86002,28.96867623159025,9.246860769168906,24.362820163245225,0.03151148268711798,0.3192020475925384,0.4338356591366845,,,0.1944193702684795,,249344965.55,"CVM ITR 2023, ref 2023-09-30, receipt 2023-10-25; CVM DFP 2022 TTM bridge; market snapshot: B3 COTAHIST 2024-01-02; CVM FRE document 123176, received 2023-01-23",2024-01-02,official_b3_isin_cnpj,B3/CVM point-in-time full-universe gate
GGBR4.SA,2023-09-30,2023-11-06,Metalurgia e Siderurgia,False,27213400506.24,3.331460779459514,0.5358287079742062,2.969964483255585,0.1365928157029718,0.1608389662810731,0.20296616829805317,,,0.16692661271029868,,220279512.28333333,"CVM ITR 2023, ref 2023-09-30, receipt 2023-11-06; CVM DFP 2022 TTM bridge; market snapshot: B3 COTAHIST 2024-01-02; CVM FRE document 126945, received 2023-05-17",2024-01-02,official_b3_isin_cnpj,B3/CVM point-in-time full-universe gate
ITSA4.SA,2023-09-30,2023-11-13,Emp. Adm. Part. - Intermediação Financeira,True,64757359265.4,4.518060368757413,0.7725303819314048,,,0.17098717566358484,,,,,,200381687.53333333,"CVM ITR 2023, ref 2023-09-30, receipt 2023-11-13; CVM DFP 2022 TTM bridge; market snapshot: B3 COTAHIST 2024-01-02; CVM FRE document 127166, received 2023-05-23",2024-01-02,official_b3_isin_cnpj,B3/CVM point-in-time full-universe gate
AZUL4.SA,2023-09-30,2023-12-08,Emp. Adm. Part. - Serviços Transporte e Logística,False,4903997042.7,,,13.471794500468025,0.2893604926031372,,0.5740461979681533,,,0.12334210656423467,,197119436.71666667,"CVM ITR 2023, ref 2023-09-30, receipt 2023-12-08; CVM DFP 2022 TTM bridge; market snapshot: B3 COTAHIST 2024-01-02; CVM FRE document 127023, received 2023-05-18",2024-01-02,official_b3_isin_cnpj,B3/CVM point-in-time full-universe gate
BRFS3.SA,2023-09-30,2023-11-13,Emp. Adm. Part. - Alimentos,False,14342770509.5,,0.9606186602038583,,0.08756704286442518,-0.23974680733015405,-0.015263484876581287,,,-0.0074382046006749095,,192192975.66666663,"CVM ITR 2023, ref 2023-09-30, receipt 2023-11-13; CVM DFP 2022 TTM bridge; market snapshot: B3 COTAHIST 2024-01-02; CVM FRE document 125591, received 2023-05-02",2024-01-02,official_b3_isin_cnpj,B3/CVM point-in-time full-universe gate
CPLE6.SA,2023-09-30,2023-11-08,Energia Elétrica,False,17045253193.5,8.48922573808351,0.7250789532465657,8.52312498771679,-0.025169001312553018,0.08541167070087315,0.09441276869383446,,,0.13842849439472762,,190753039.1,"CVM ITR 2023, ref 2023-09-30, receipt 2023-11-08; CVM DFP 2022 TTM bridge; market snapshot: B3 COTAHIST 2024-01-02; CVM FRE document 125885, received 2023-05-08",2024-01-02,official_b3_isin_cnpj,B3/CVM point-in-time full-universe gate
SBSP3.SA,2023-09-30,2023-11-09,"Saneamento, Serv. Água e Gás",False,50326831654.46999,9.219872660370939,1.7005837851772339,7.6822919860356444,0.04176692493641813,0.184447643456804,0.18758705951922902,,,0.21845277642226307,,177027394.33333334,"CVM ITR 2023, ref 2023-09-30, receipt 2023-11-09; CVM DFP 2022 TTM bridge; market snapshot: B3 COTAHIST 2024-01-02; CVM FRE document 126250, received 2023-05-10",2024-01-02,official_b3_isin_cnpj,B3/CVM point-in-time full-universe gate
CMIG4.SA,2023-09-30,2023-11-09,Energia Elétrica,False,16619031545.76,3.1431018408756413,0.680160976954705,3.88594049758813,0.09724459548380344,0.2163980078880352,0.19850728122891387,,,0.1851705568518064,,169238155.38333333,"CVM ITR 2023, ref 2023-09-30, receipt 2023-11-09; CVM DFP 2022 TTM bridge; market snapshot: B3 COTAHIST 2024-01-02; CVM FRE document 125990, received 2023-05-09",2024-01-02,official_b3_isin_cnpj,B3/CVM point-in-time full-universe gate
BBSE3.SA,2023-09-30,2023-11-06,Emp. Adm. Part. - Seguradoras e Corretoras,True,67780000000.0,9.081030039077369,6.356445016047257,,,0.699969605726915,,,,,,163608009.78333333,"CVM ITR 2023, ref 2023-09-30, receipt 2023-11-06; CVM DFP 2022 TTM bridge; market snapshot: B3 COTAHIST 2024-01-02; CVM FRE document 126989, received 2023-05-18",2024-01-02,official_b3_isin_cnpj,B3/CVM point-in-time full-universe gate
ASAI3.SA,2023-09-30,2023-10-30,Comércio (Atacado e Varejo),False,17566912937.28,21.449222145641023,4.061713973937572,8.757284775724846,0.1628060667352993,0.18936416184971097,0.2221825453506642,,,0.048582047598226,,158425076.58333334,"CVM ITR 2023, ref 2023-09-30, receipt 2023-10-30; CVM DFP 2022 TTM bridge; market snapshot: B3 COTAHIST 2024-01-02; CVM FRE document 123560, received 2023-02-15",2024-01-02,official_b3_isin_cnpj,B3/CVM point-in-time full-universe gate
RADL3.SA,2023-09-30,2023-10-31,Comércio (Atacado e Varejo),False,50182990312.0,45.75942654763967,8.659725892694132,25.521789674048343,0.014215952368813074,0.1892446332053261,0.2485788054585525,,,0.06278293626482669,,156779446.83333334,"CVM ITR 2023, ref 2023-09-30, receipt 2023-10-31; CVM DFP 2022 TTM bridge; market snapshot: B3 COTAHIST 2024-01-02; CVM FRE document 126603, received 2023-05-12",2024-01-02,official_b3_isin_cnpj,B3/CVM point-in-time full-universe gate
NTCO3.SA,2023-09-30,2023-11-13,Farmacêutico e Higiene,False,23084816393.300003,4.860043199317042,0.8231276716044975,,0.34484801024063944,0.16936632820880432,-0.007205122054826387,,,-0.006403423027236986,,153936637.56666666,"CVM ITR 2023, ref 2023-09-30, receipt 2023-11-13; CVM DFP 2022 TTM bridge; market snapshot: B3 COTAHIST 2024-01-02; CVM FRE document 125705, received 2023-05-03",2024-01-02,official_b3_isin_cnpj,B3/CVM point-in-time full-universe gate
UGPA3.SA,2023-09-30,2023-11-08,Emp. Adm. Part. - Petróleo e Gás,False,29642130054.78,13.232254944008012,2.2382512189082693,8.976305482969833,0.11972054617673253,0.16915115589741722,0.19792052972542765,,,0.0325023490078795,,152698729.23333332,"CVM ITR 2023, ref 2023-09-30, receipt 2023-11-08; CVM DFP 2022 TTM bridge; market snapshot: B3 COTAHIST 2024-01-02; CVM FRE document 125889, received 2023-05-08",2024-01-02,official_b3_isin_cnpj,B3/CVM point-in-time full-universe gate
EMBR3.SA,2023-09-30,2023-11-06,"Máquinas, Equipamentos, Veículos e Peças",False,16305040268.88,,1.164693818707658,20.486633484368305,-0.006734665979916825,-0.004928560622002823,0.05366679064982112,,,0.04635781083046093,,139067823.61666667,"CVM ITR 2023, ref 2023-09-30, receipt 2023-11-06; CVM DFP 2022 TTM bridge; market snapshot: B3 COTAHIST 2024-01-02; CVM FRE document 126246, received 2023-05-10",2024-01-02,official_b3_issuer_unique_prefix,B3/CVM point-in-time full-universe gate
MRVE3.SA,2023-09-30,2023-11-08,"Construção Civil, Mat. Constr. e Decoração",False,5186159731.04,,0.6826303349471484,127.56187082211065,-0.36572321300633137,-0.027335041128987887,0.006540617631249853,,,0.013289979952086044,,133559837.73333332,"CVM ITR 2023, ref 2023-09-30, receipt 2023-11-08; CVM DFP 2022 TTM bridge; market snapshot: B3 COTAHIST 2024-01-02; CVM FRE document 127243, received 2023-05-25",2024-01-02,official_b3_isin_cnpj,B3/CVM point-in-time full-universe gate
TOTS3.SA,2023-09-30,2023-11-07,Comunicação e Informática,False,20367044973.0,25.727790263454416,4.064010563770225,26.39101804293227,0.0458820610078102,0.1579618973162664,0.19670374451413353,,,0.16718876181209819,,129056980.16666669,"CVM ITR 2023, ref 2023-09-30, receipt 2023-11-07; CVM DFP 2022 TTM bridge; market snapshot: B3 COTAHIST 2024-01-02; CVM FRE document 125611, received 2023-05-02",2024-01-02,official_b3_isin_cnpj,B3/CVM point-in-time full-universe gate
CSAN3.SA,2023-09-30,2023-11-13,"Agricultura (Açúcar, Álcool e Cana)",False,36019643313.04,13.780370892691472,0.7557116233173711,6.790443086503108,-0.1149323707628521,0.05483971579590566,0.1291855917336189,,,0.30140059958501775,,120895993.58333331,"CVM ITR 2023, ref 2023-09-30, receipt 2023-11-13; CVM DFP 2022 TTM bridge; market snapshot: B3 COTAHIST 2024-01-02; CVM FRE document 125763, received 2023-05-04",2024-01-02,official_b3_isin_cnpj,B3/CVM point-in-time full-universe gate
CYRE3.SA,2023-09-30,2023-11-09,"Construção Civil, Mat. Constr. e Decoração",False,9250048368.86,9.064737931329825,1.0831509397321575,13.415966960756723,-0.03253734337359931,0.11949059619126308,0.0785450473403775,,,0.17545419002046883,,120660378.43333334,"CVM ITR 2023, ref 2023-09-30, receipt 2023-11-09; CVM DFP 2022 TTM bridge; market snapshot: B3 COTAHIST 2024-01-02; CVM FRE document 125767, received 2023-05-04",2024-01-02,official_b3_isin_cnpj,B3/CVM point-in-time full-universe gate
VIVT3.SA,2023-09-30,2023-10-31,Telecomunicações,False,88240491820.01999,19.359229702654066,1.272834266607989,13.299963763159093,0.12272121082560787,0.06574818761686003,0.09242111932659745,,,0.14889398101067058,,120377905.51666668,"CVM ITR 2023, ref 2023-09-30, receipt 2023-10-31; CVM DFP 2022 TTM bridge; market snapshot: B3 COTAHIST 2024-01-02; CVM FRE document 125390, received 2023-04-24",2024-01-02,official_b3_isin_cnpj,B3/CVM point-in-time full-universe gate
GOAU4.SA,2023-09-30,2023-11-06,Emp. Adm. Part. - Metalurgia e Siderurgia,False,7202217824.309999,0.8794524535285344,0.139063180124468,1.3158196059274834,0.44880064430843186,0.15812472813796752,0.19852175028914587,,,0.1660317603375909,,119560413.43333334,"CVM ITR 2023, ref 2023-09-30, receipt 2023-11-06; CVM DFP 2022 TTM bridge; market snapshot: B3 COTAHIST 2024-01-02; CVM FRE document 127005, received 2023-05-18",2024-01-02,official_b3_isin_cnpj,B3/CVM point-in-time full-universe gate
CSNA3.SA,2023-09-30,2023-11-13,Metalurgia e Siderurgia,False,25739483511.27,,1.2805174862683633,11.852507928308361,-0.04493815889870311,-0.012520070673645809,0.09420513901653846,,,0.10226025642590728,,118418043.58333331,"CVM ITR 2023, ref 2023-09-30, receipt 2023-11-13; CVM DFP 2022 TTM bridge; market snapshot: B3 COTAHIST 2024-01-02; CVM FRE document 126668, received 2023-05-15",2024-01-02,official_b3_isin_cnpj,B3/CVM point-in-time full-universe gate
CIEL3.SA,2023-09-30,2023-10-31,Intermediação Financeira,True,12334340376.94,5.340960920755561,0.8339681370582792,,,0.1561457103753348,,,,,,117587750.76666668,"CVM ITR 2023, ref 2023-09-30, receipt 2023-10-31; CVM DFP 2022 TTM bridge; market snapshot: B3 COTAHIST 2024-01-02; CVM FRE document 126320, received 2023-05-11",2024-01-02,official_b3_isin_cnpj,B3/CVM point-in-time full-universe gate
HYPE3.SA,2023-09-30,2023-10-26,Farmacêutico e Higiene,False,22271076136.679996,12.568455061439675,1.9535952869558593,11.10237079805378,0.0570500496788929,0.15543639034438983,0.1415488665602264,,,0.3287774142469643,,108310341.0,"CVM ITR 2023, ref 2023-09-30, receipt 2023-10-26; CVM DFP 2022 TTM bridge; market snapshot: B3 COTAHIST 2024-01-02; CVM FRE document 126247, received 2023-05-10",2024-01-02,official_b3_isin_cnpj,B3/CVM point-in-time full-universe gate
ENEV3.SA,2023-09-30,2023-11-13,Energia Elétrica,False,21058966903.62,60.0963612340049,1.3789250564362256,16.80922276036222,-0.1689974639443604,0.02294523375661512,0.07034146899539179,,,0.23056676684252453,,107109747.71666668,"CVM ITR 2023, ref 2023-09-30, receipt 2023-11-13; CVM DFP 2022 TTM bridge; market snapshot: B3 COTAHIST 2024-01-02; CVM FRE document 127252, received 2023-05-25",2024-01-02,official_b3_isin_cnpj,B3/CVM point-in-time full-universe gate
BEEF3.SA,2023-09-30,2023-11-08,Alimentos,False,4445314539.24,12.699483598227625,3.9967044484263807,9.997693678675484,-0.11573984145741964,0.3147139344299143,0.11951005449197087,,,0.07417370608742291,,94153890.91666669,"CVM ITR 2023, ref 2023-09-30, receipt 2023-11-08; CVM DFP 2022 TTM bridge; market snapshot: B3 COTAHIST 2024-01-02; CVM FRE document 126969, received 2023-05-17",2024-01-02,official_b3_isin_cnpj,B3/CVM point-in-time full-universe gate
BBDC3.SA,2023-09-30,2023-11-09,Bancos,True,80663131541.91,6.023213752011083,0.48334227001596874,,,0.08024657432331474,,,,,,89183329.25,"CVM ITR 2023, ref 2023-09-30, receipt 2023-11-09; CVM DFP 2022 TTM bridge; market snapshot: B3 COTAHIST 2024-01-02; CVM FRE document 127227, received 2023-05-25",2024-01-02,official_b3_isin_cnpj,B3/CVM point-in-time full-universe gate
YDUQ3.SA,2023-09-30,2023-11-13,Emp. Adm. Part. - Educação,False,6605228745.87,34.65183454712854,2.030448836880527,12.938009900907538,0.12314547024712669,0.058595709676467406,0.11089360485791441,,,0.17034771206204286,,88180583.31666666,"CVM ITR 2023, ref 2023-09-30, receipt 2023-11-13; CVM DFP 2022 TTM bridge; market snapshot: B3 COTAHIST 2024-01-02; CVM FRE document 126927, received 2023-05-16",2024-01-02,official_b3_isin_cnpj,B3/CVM point-in-time full-universe gate
USIM5.SA,2023-09-30,2023-10-27,Metalurgia e Siderurgia,False,5000977248.190001,,0.19173554499456769,,0.12377320857119065,-0.006630376431380792,-0.02133643675606942,,,-0.02091442068019409,,87592470.33333333,"CVM ITR 2023, ref 2023-09-30, receipt 2023-10-27; CVM DFP 2022 TTM bridge; market snapshot: B3 COTAHIST 2024-01-02; CVM FRE document 126081, received 2023-05-10",2024-01-02,official_b3_isin_cnpj,B3/CVM point-in-time full-universe gate
BRAP4.SA,2023-09-30,2023-11-13,Emp. Adm. Part. - Extração Mineral,False,6482261551.92,3.055344446218775,0.807887408808808,2.9074756718701904,0.1131190085631166,0.26441778432170915,0.27344573045831777,,,,,86967824.93333334,"CVM ITR 2023, ref 2023-09-30, receipt 2023-11-13; CVM DFP 2022 TTM bridge; market snapshot: B3 COTAHIST 2024-01-02; CVM FRE document 125994, received 2023-05-09",2024-01-02,official_b3_isin_cnpj,B3/CVM point-in-time full-universe gate
RAIZ4.SA,2023-09-30,2023-11-13,Comércio (Atacado e Varejo),False,5544462552.0,1.296409300072204,0.2431543892349832,5.119219378887933,1.562542792695915,0.1875598927140068,0.14293089529212868,,,0.05438284818593248,,83225938.0,"CVM ITR 2023, ref 2023-09-30, receipt 2023-11-13; CVM DFP 2022 TTM bridge; market snapshot: B3 COTAHIST 2024-01-02; CVM FRE document 130598, received 2023-08-21",2024-01-02,official_b3_isin_cnpj,B3/CVM point-in-time full-universe gate
GOLL4.SA,2023-09-30,2023-11-06,Emp. Adm. Part. - Serviços Transporte e Logística,False,2812560367.95,26.444525211786715,,4.555263842523462,0.6907851728765237,,,,,0.15114785435485562,,82044669.61666666,"CVM ITR 2023, ref 2023-09-30, receipt 2023-11-06; CVM DFP 2022 TTM bridge; market snapshot: B3 COTAHIST 2024-01-02; CVM FRE document 127271, received 2023-05-26",2024-01-02,official_b3_isin_cnpj,B3/CVM point-in-time full-universe gate
MULT3.SA,2023-09-30,2023-10-27,"Emp. Adm. Part. - Const. Civil, Mat. Const. e Decoração",False,15751729193.58,16.459555937099005,2.282896689986372,13.648808544103291,0.10713026990635265,0.1386973438840375,0.14389281279722888,,,0.6729586078481704,,80915118.7,"CVM ITR 2023, ref 2023-09-30, receipt 2023-10-27; CVM DFP 2022 TTM bridge; market snapshot: B3 COTAHIST 2024-01-02; CVM FRE document 126119, received 2023-05-10",2024-01-02,official_b3_isin_cnpj,B3/CVM point-in-time full-universe gate
CVCB3.SA,2023-09-30,2023-11-03,Hospedagem e Turismo,False,909371173.52,,2.083687362564845,,-0.3327992010441092,-1.0979666562792147,-0.09654533476076751,,,-0.07431418956663262,,78110571.93333334,"CVM ITR 2023, ref 2023-09-30, receipt 2023-11-03; CVM DFP 2022 TTM bridge; market snapshot: B3 COTAHIST 2024-01-02; CVM FRE document 127245, received 2023-05-25",2024-01-02,official_b3_isin_cnpj,B3/CVM point-in-time full-universe gate
AURE3.SA,2023-09-30,2023-10-31,Energia Elétrica,False,13300000000.0,6.558644638825795,0.9525582994327623,10.054669786970438,0.25239684210526314,0.14523706526098665,0.09514203592365769,,,0.24364087015434976,,71844940.81666666,"CVM ITR 2023, ref 2023-09-30, receipt 2023-10-31; CVM DFP 2022 TTM bridge; market snapshot: B3 COTAHIST 2024-01-02; CVM FRE document 127212, received 2023-05-24",2024-01-02,official_b3_isin_cnpj,B3/CVM point-in-time full-universe gate
EGIE3.SA,2023-09-30,2023-11-06,Energia Elétrica,False,36325102984.8,10.772141019544302,3.867551867881183,8.139900232812069,0.06306468011828027,0.35903279216862627,0.25978770976309534,,,0.5635705998281411,,69971724.23333333,"CVM ITR 2023, ref 2023-09-30, receipt 2023-11-06; CVM DFP 2022 TTM bridge; market snapshot: B3 COTAHIST 2024-01-02; CVM FRE document 126050, received 2023-05-09",2024-01-02,official_b3_isin_cnpj,B3/CVM point-in-time full-universe gate
VIVA3.SA,2023-09-30,2023-11-08,Comércio (Atacado e Varejo),False,8035448101.380001,0.02098863101132458,0.004281918328032179,0.48175034977156933,10.068598910632666,0.2040113204964076,0.21231541213259916,,,0.2152702130491686,,67423036.83333333,"CVM ITR 2023, ref 2023-09-30, receipt 2023-11-08; CVM DFP 2022 TTM bridge; market snapshot: B3 COTAHIST 2024-01-02; CVM FRE document 127221, received 2023-05-25",2024-01-02,official_b3_isin_cnpj,B3/CVM point-in-time full-universe gate
COGN3.SA,2023-09-30,2023-11-08,Emp. Adm. Part. - Educação,False,6305396865.599999,,0.4806079735504655,24.662497625947083,0.1816282185579802,-0.02391363900159959,0.02692779368816787,,,0.09613302330836157,,64892624.9,"CVM ITR 2023, ref 2023-09-30, receipt 2023-11-08; CVM DFP 2022 TTM bridge; market snapshot: B3 COTAHIST 2024-01-02; CVM FRE document 127177, received 2023-05-24",2024-01-02,official_b3_isin_cnpj,B3/CVM point-in-time full-universe gate
CMIN3.SA,2023-09-30,2023-11-13,Extração Mineral,False,43279323431.82,14.045872899680782,3.7817613000077595,7.697638561800152,0.12706088182415815,0.26924359397369363,0.5760355813412623,,,0.3078532633917736,,59675022.81666667,"CVM ITR 2023, ref 2023-09-30, receipt 2023-11-13; CVM DFP 2022 TTM bridge; market snapshot: B3 COTAHIST 2024-01-02; CVM FRE document 126153, received 2023-05-10",2024-01-02,official_b3_isin_cnpj,B3/CVM point-in-time full-universe gate
SMTO3.SA,2023-09-30,2023-11-09,"Agricultura (Açúcar, Álcool e Cana)",False,10082242649.92,5.983331493583296,1.6347789720662529,7.088099817820424,-0.02116156170886176,0.27322219633316974,0.17742903084890796,,,0.506955920857797,,58006029.21666667,"CVM ITR 2023, ref 2023-09-30, receipt 2023-11-09; CVM DFP 2022 TTM bridge; market snapshot: B3 COTAHIST 2024-01-02; CVM FRE document 129782, received 2023-08-07",2024-01-02,official_b3_isin_cnpj,B3/CVM point-in-time full-universe gate
CPFE3.SA,2023-09-30,2023-11-09,Emp. Adm. Part. - Energia Elétrica,False,44258093040.399994,7.923940685047563,2.274254252458032,5.659333652814998,0.10161748261260724,0.2870105093983778,0.2885993328620561,,,0.282946872546847,,55950210.766666666,"CVM ITR 2023, ref 2023-09-30, receipt 2023-11-09; CVM DFP 2022 TTM bridge; market snapshot: B3 COTAHIST 2024-01-02; CVM FRE document 127220, received 2023-05-25",2024-01-02,official_b3_isin_cnpj,B3/CVM point-in-time full-universe gate
PETZ3.SA,2023-09-30,2023-11-09,Comércio (Atacado e Varejo),False,1738891945.12,54.27592062925276,0.9652268841106233,12.316920441922619,0.08984342036803143,0.017783703581996928,0.07834168718973956,,,0.04455543272267846,,52510127.21666667,"CVM ITR 2023, ref 2023-09-30, receipt 2023-11-09; CVM DFP 2022 TTM bridge; market snapshot: B3 COTAHIST 2024-01-02; CVM FRE document 127157, received 2023-05-23",2024-01-02,official_b3_isin_cnpj,B3/CVM point-in-time full-universe gate
LWSA3.SA,2023-09-30,2023-11-09,Comunicação e Informática,False,3309081845.86,,1.13266303264823,30.52485854584537,-0.07733595357279266,-0.0028937130370432235,0.039497660439512625,,,0.05950277788880451,,50125122.8,"CVM ITR 2023, ref 2023-09-30, receipt 2023-11-09; CVM DFP 2022 TTM bridge; market snapshot: B3 COTAHIST 2024-01-02; CVM FRE document 126272, received 2023-05-11",2024-01-02,official_b3_isin_cnpj,B3/CVM point-in-time full-universe gate
BHIA3.SA,2023-09-30,2023-11-08,Comércio (Atacado e Varejo),False,17742587307.899998,,4.001485635520973,,0.22736255597873464,-0.40324763193504737,-0.014590249868949851,,,-0.0055155558491313825,,49451214.95,"CVM ITR 2023, ref 2023-09-30, receipt 2023-11-08; CVM DFP 2022 TTM bridge; market snapshot: B3 COTAHIST 2024-01-02; CVM FRE document 126891, received 2023-05-16",2024-01-02,official_b3_isin_cnpj,B3/CVM point-in-time full-universe gate
CPLE3.SA,2023-09-30,2023-11-08,Energia Elétrica,False,9760877659.6,4.861311997744873,0.4152127795255889,6.191515240816559,-0.04395219517765996,0.08541167070087315,0.09441276869383446,,,0.13842849439472762,,49112446.18333333,"CVM ITR 2023, ref 2023-09-30, receipt 2023-11-08; CVM DFP 2022 TTM bridge; market snapshot: B3 COTAHIST 2024-01-02; CVM FRE document 125885, received 2023-05-08",2024-01-02,official_b3_isin_cnpj,B3/CVM point-in-time full-universe gate
SMFT3.SA,2023-09-30,2023-11-08,Brinquedos e Lazer,False,14556396035.869999,31.716183258315574,3.0720189102290423,17.266435404556532,0.026243446458769575,0.09685966578035832,0.14046059813535622,,,0.24392954319650262,,47483183.05,"CVM ITR 2023, ref 2023-09-30, receipt 2023-11-08; CVM DFP 2022 TTM bridge; market snapshot: B3 COTAHIST 2024-01-02; CVM FRE document 125835, received 2023-05-05",2024-01-02,official_b3_isin_cnpj,B3/CVM point-in-time full-universe gate
MOVI3.SA,2023-09-30,2023-11-07,Serviços Transporte e Logística,False,4021553154.6,,1.3282578978032757,9.037672928676068,1.1079838631259353,-0.014766703328279975,0.11737482417256734,,,0.1780815726344441,,46636045.0,"CVM ITR 2023, ref 2023-09-30, receipt 2023-11-07; CVM DFP 2022 TTM bridge; market snapshot: B3 COTAHIST 2024-01-02; CVM FRE document 125974, received 2023-05-09",2024-01-02,official_b3_isin_cnpj,B3/CVM point-in-time full-universe gate
DIRR3.SA,2023-09-30,2023-11-07,"Construção Civil, Mat. Constr. e Decoração",False,3280500000.0,8.925607692265833,1.5669848402993822,8.083700986414106,0.0592406645328456,0.17556057742233025,0.18025424968998638,,,0.20762665625706972,,43719184.766666666,"CVM ITR 2023, ref 2023-09-30, receipt 2023-11-07; CVM DFP 2022 TTM bridge; market snapshot: B3 COTAHIST 2024-01-02; CVM FRE document 127348, received 2023-05-29",2024-01-02,official_b3_isin_cnpj,B3/CVM point-in-time full-universe gate
POMO4.SA,2023-09-30,2023-10-31,"Máquinas, Equipamentos, Veículos e Peças",False,4430555450.16,5.512835270455903,1.2973359778959321,7.625257020849089,0.19282616132682592,0.23533008229876684,0.16107256147252677,,,0.11159383167514382,,42416711.85,"CVM ITR 2023, ref 2023-09-30, receipt 2023-10-31; CVM DFP 2022 TTM bridge; market snapshot: B3 COTAHIST 2024-01-02; CVM FRE document 127188, received 2023-05-24",2024-01-02,official_b3_isin_cnpj,B3/CVM point-in-time full-universe gate
ALPA4.SA,2023-09-30,2023-11-08,Têxtil e Vestuário,False,3198464772.23,,0.5932842437346472,,-0.17430925137602513,-0.05235371445286756,-0.061389106210731334,,,-0.09973390812869265,,40399790.16666666,"CVM ITR 2023, ref 2023-09-30, receipt 2023-11-08; CVM DFP 2022 TTM bridge; market snapshot: B3 COTAHIST 2024-01-02; CVM FRE document 127160, received 2023-05-23",2024-01-02,official_b3_isin_cnpj,B3/CVM point-in-time full-universe gate
EZTC3.SA,2023-09-30,2023-11-09,"Emp. Adm. Part. - Const. Civil, Mat. Const. e Decoração",False,3860679629.41,19.8951802846159,0.827694949357631,32.09544975599749,-0.05220505697096679,0.041602787082942516,0.02653643191368989,,,0.13616565985570095,,40031774.65,"CVM ITR 2023, ref 2023-09-30, receipt 2023-11-09; CVM DFP 2022 TTM bridge; market snapshot: B3 COTAHIST 2024-01-02; CVM FRE document 126061, received 2023-05-09",2024-01-02,official_b3_isin_cnpj,B3/CVM point-in-time full-universe gate
STBP3.SA,2023-09-30,2023-11-08,Emp. Adm. Part. - Serviços Transporte e Logística,False,7959009098.490001,19.186703353727772,3.6315511110872833,13.108783188244555,0.03778975451316704,0.18927436590516275,0.29150065524067803,,,0.30768384790299697,,39719623.28333333,"CVM ITR 2023, ref 2023-09-30, receipt 2023-11-08; CVM DFP 2022 TTM bridge; market snapshot: B3 COTAHIST 2024-01-02; CVM FRE document 125996, received 2023-05-09",2024-01-02,official_b3_isin_cnpj,B3/CVM point-in-time full-universe gate
CSMG3.SA,2023-09-30,2023-10-26,"Saneamento, Serv. Água e Gás",False,7681111993.8,5.94339426530009,0.973388520417797,6.675014358035609,0.039451970007025314,0.16377653525374009,0.14701270930773555,,,0.23608832812980998,,38720172.28333333,"CVM ITR 2023, ref 2023-09-30, receipt 2023-10-26; CVM DFP 2022 TTM bridge; market snapshot: B3 COTAHIST 2024-01-02; CVM FRE document 126001, received 2023-05-09",2024-01-02,official_b3_isin_cnpj,B3/CVM point-in-time full-universe gate
GMAT3.SA,2023-09-30,2023-11-28,Emp. Adm. Part. - Comércio (Atacado e Varejo),False,15222394484.31,13.155506540689233,1.8153426807952526,11.37049060189842,0.05209975347948348,0.1379910895244133,0.14300157310199765,,,0.06173988089746165,,38599937.56666667,"CVM ITR 2023, ref 2023-09-30, receipt 2023-11-28; CVM DFP 2022 TTM bridge; market snapshot: B3 COTAHIST 2024-01-02; CVM FRE document 125613, received 2023-05-02",2024-01-02,official_b3_isin_cnpj,B3/CVM point-in-time full-universe gate
HBSA3.SA,2023-09-30,2023-11-13,Serviços Transporte e Logística,False,2790604299.81,52.55375329209039,1.7601927465549638,13.998001649624218,0.1303721204847175,0.03349318814151913,0.08770486708518424,,,0.23117377335226943,,37673240.06666667,"CVM ITR 2023, ref 2023-09-30, receipt 2023-11-13; CVM DFP 2022 TTM bridge; market snapshot: B3 COTAHIST 2024-01-02; CVM FRE document 127010, received 2023-05-18",2024-01-02,official_b3_isin_cnpj,B3/CVM point-in-time full-universe gate
MDIA3.SA,2023-09-30,2023-11-10,Alimentos,False,12800640000.0,22.762115775135765,1.7545720422101514,17.271014608970457,0.11572272948852558,0.07708299437290275,0.09965950299752652,,,0.07020832952617544,,36200747.96666667,"CVM ITR 2023, ref 2023-09-30, receipt 2023-11-10; CVM DFP 2022 TTM bridge; market snapshot: B3 COTAHIST 2024-01-02; CVM FRE document 119883, received 2022-08-15",2024-01-02,official_b3_isin_cnpj,B3/CVM point-in-time full-universe gate
DXCO3.SA,2023-09-30,2023-11-07,"Construção Civil, Mat. Constr. e Decoração",False,6384005393.88,7.657391276146838,0.9800251567025743,7.95279430406689,-0.0492017128151418,0.12798420785358092,0.12425095841235807,,,0.18387318421100543,,33194706.4,"CVM ITR 2023, ref 2023-09-30, receipt 2023-11-07; CVM DFP 2022 TTM bridge; market snapshot: B3 COTAHIST 2024-01-02; CVM FRE document 126783, received 2023-05-15",2024-01-02,official_b3_isin_cnpj,B3/CVM point-in-time full-universe gate
ENAT3.SA,2023-09-30,2023-11-10,Emp. Adm. Part. - Petróleo e Gás,False,5084886092.65,73.53414450686913,1.311780124899228,26.53194596821325,-0.3806336985203381,0.01783906148220286,0.04588936255384529,,,0.15747585504875933,,33153929.366666667,"CVM ITR 2023, ref 2023-09-30, receipt 2023-11-10; CVM DFP 2022 TTM bridge; market snapshot: B3 COTAHIST 2024-01-02; CVM FRE document 127057, received 2023-05-19",2024-01-02,official_b3_isin_cnpj,B3/CVM point-in-time full-universe gate
GGPS3.SA,2023-09-30,2023-11-09,Emp. Adm. Part. - Sem Setor Principal,False,12307437588.769999,20.5997043950778,4.165923432856786,13.133763439255778,-0.06875046035350753,0.2022321948392722,0.21532321016116632,,,0.10746399741786289,,33151787.133333333,"CVM ITR 2023, ref 2023-09-30, receipt 2023-11-09; CVM DFP 2022 TTM bridge; market snapshot: B3 COTAHIST 2024-01-02; CVM FRE document 125291, received 2023-04-17",2024-01-02,official_b3_isin_cnpj,B3/CVM point-in-time full-universe gate
PCAR3.SA,2023-09-30,2023-10-30,Comércio (Atacado e Varejo),False,1131882699.1100001,,0.22551956547320187,14.033387496993246,1.4294767481402748,-0.5766088862323172,0.03681134187290138,,,0.01566634910553615,,32983286.2,"CVM ITR 2023, ref 2023-09-30, receipt 2023-10-30; CVM DFP 2022 TTM bridge; market snapshot: B3 COTAHIST 2024-01-02; CVM FRE document 126097, received 2023-05-10",2024-01-02,official_b3_isin_cnpj,B3/CVM point-in-time full-universe gate
CURY3.SA,2023-09-30,2023-11-07,"Construção Civil, Mat. Constr. e Decoração",False,5119489043.5199995,11.953156330014755,4.847248195848372,9.642732608638198,0.04732015205826734,0.4055203547933844,0.5373153833409995,,,0.1966698229113231,,30788833.133333333,"CVM ITR 2023, ref 2023-09-30, receipt 2023-11-07; CVM DFP 2022 TTM bridge; market snapshot: B3 COTAHIST 2024-01-02; CVM FRE document 125572, received 2023-05-02",2024-01-02,official_b3_isin_cnpj,B3/CVM point-in-time full-universe gate
SIMH3.SA,2023-09-30,2023-11-08,Serviços Transporte e Logística,False,7561833501.86,21.336941774599957,1.08782667553884,8.49164919427358,-0.2394075457433309,0.05098325181886266,0.1193112357109515,,,0.17891049235237608,,30769454.78333333,"CVM ITR 2023, ref 2023-09-30, receipt 2023-11-08; CVM DFP 2022 TTM bridge; market snapshot: B3 COTAHIST 2024-01-02; CVM FRE document 125942, received 2023-05-08",2024-01-02,official_b3_isin_cnpj,B3/CVM point-in-time full-universe gate
LEVE3.SA,2023-09-30,2023-11-14,"Máquinas, Equipamentos, Veículos e Peças",False,4394566125.0,6.1391884085708455,2.7975097636045922,5.414407487616329,0.15201136608224322,0.45568071501096513,0.49436574305270614,,,0.18759007184116533,,30011958.08333333,"CVM ITR 2023, ref 2023-09-30, receipt 2023-11-14; CVM DFP 2022 TTM bridge; market snapshot: B3 COTAHIST 2024-01-02; CVM FRE document 127110, received 2023-05-22",2024-01-02,official_b3_isin_cnpj,B3/CVM point-in-time full-universe gate
ANIM3.SA,2023-09-30,2023-11-10,Educação,False,1744713237.6000001,30.210438384817845,0.5849132736456111,15.768343754751955,0.17815707091646588,0.019361297118401212,0.053065206364618166,,,0.10959221173315732,,29889242.98333333,"CVM ITR 2023, ref 2023-09-30, receipt 2023-11-10; CVM DFP 2022 TTM bridge; market snapshot: B3 COTAHIST 2024-01-02; CVM FRE document 127061, received 2023-05-19",2024-01-02,official_b3_isin_cnpj,B3/CVM point-in-time full-universe gate
NEOE3.SA,2023-09-30,2023-10-25,Emp. Adm. Part. - Energia Elétrica,False,25501880180.480003,5.677177244096172,0.8593725418864365,6.458236507566031,-0.1272455198218613,0.1513732097725358,0.14530318238176773,,,0.2220517910313092,,29298856.916666668,"CVM ITR 2023, ref 2023-09-30, receipt 2023-10-25; CVM DFP 2022 TTM bridge; market snapshot: B3 COTAHIST 2024-01-02; CVM FRE document 126025, received 2023-05-09",2024-01-02,official_b3_isin_cnpj,B3/CVM point-in-time full-universe gate
INTB3.SA,2023-09-30,2023-10-30,Comércio (Atacado e Varejo),False,6830691643.5,13.07892637961043,2.7469066823904114,13.408333677300035,0.057541757191458265,0.2100253952551288,0.22022960167669645,,,0.11778381115466234,,28201636.9,"CVM ITR 2023, ref 2023-09-30, receipt 2023-10-30; CVM DFP 2022 TTM bridge; market snapshot: B3 COTAHIST 2024-01-02; CVM FRE document 127284, received 2023-05-26",2024-01-02,official_b3_isin_cnpj,B3/CVM point-in-time full-universe gate
CEAB3.SA,2023-09-30,2023-11-09,Têxtil e Vestuário,False,2318002911.3599997,49.84095018835468,0.815422121607498,7.507500774409735,0.5791049672204326,0.016360485073537403,0.11291994815202357,,,0.0610432065456097,,26723389.416666668,"CVM ITR 2023, ref 2023-09-30, receipt 2023-11-09; CVM DFP 2022 TTM bridge; market snapshot: B3 COTAHIST 2024-01-02; CVM FRE document 131429, received 2023-10-17",2024-01-02,official_b3_isin_cnpj,B3/CVM point-in-time full-universe gate
SBFG3.SA,2023-09-30,2023-11-13,Comércio (Atacado e Varejo),False,2667377711.1,14.632043923377784,1.0833979317625002,11.048910246615248,-0.14738295156477063,0.07404282938431744,0.09393338549222015,,,0.0744585020250312,,26519403.03333333,"CVM ITR 2023, ref 2023-09-30, receipt 2023-11-13; CVM DFP 2022 TTM bridge; market snapshot: B3 COTAHIST 2024-01-02; CVM FRE document 126932, received 2023-05-16",2024-01-02,official_b3_isin_cnpj,B3/CVM point-in-time full-universe gate
AESB3.SA,2023-09-30,2023-11-06,Emp. Adm. Part. - Energia Elétrica,False,23846614761.199997,76.26060448290528,6.19244937472052,36.647641610294635,0.026615140402765577,0.08120115774991833,0.08405675110731457,,,0.27946485401964855,,23371250.15,"CVM ITR 2023, ref 2023-09-30, receipt 2023-11-06; CVM DFP 2022 TTM bridge; market snapshot: B3 COTAHIST 2024-01-02; CVM FRE document 126044, received 2023-05-09",2024-01-02,official_b3_issuer_unique_prefix,B3/CVM point-in-time full-universe gate
AMBP3.SA,2023-09-30,2023-11-13,"Saneamento, Serv. Água e Gás",False,1759536461.04,,1.0217797827332957,8.21063334432736,-0.8357883070696814,-0.017182036792601295,0.12243555610797742,,,0.18459269880564724,,22003650.566666663,"CVM ITR 2023, ref 2023-09-30, receipt 2023-11-13; CVM DFP 2022 TTM bridge; market snapshot: B3 COTAHIST 2024-01-02; CVM FRE document 125861, received 2023-05-08",2024-01-02,official_b3_isin_cnpj,B3/CVM point-in-time full-universe gate
BRSR6.SA,2023-09-30,2023-11-13,Bancos,True,2598543872.35,2.771635266370078,0.26838120707948443,,,0.09683135812850828,,,,,,21421120.916666668,"CVM ITR 2023, ref 2023-09-30, receipt 2023-11-13; CVM DFP 2022 TTM bridge; market snapshot: B3 COTAHIST 2024-01-02; CVM FRE document 126999, received 2023-05-18",2024-01-02,official_b3_isin_cnpj,B3/CVM point-in-time full-universe gate
RAPT4.SA,2023-09-30,2023-11-09,"Máquinas, Equipamentos, Veículos e Peças",False,2683597225.66,4.008713576939566,0.6494299636056516,4.346214011939313,0.5505144311053088,0.16200458105601448,0.1840729118738562,,,0.11927129310704934,,20188541.53333333,"CVM ITR 2023, ref 2023-09-30, receipt 2023-11-09; CVM DFP 2022 TTM bridge; market snapshot: B3 COTAHIST 2024-01-02; CVM FRE document 127248, received 2023-05-25",2024-01-02,official_b3_isin_cnpj,B3/CVM point-in-time full-universe gate
CBAV3.SA,2023-09-30,2023-11-08,Extração Mineral,False,2997041664.9900002,,0.5962663670037107,,-0.5478275524759774,-0.06038679780763246,-0.029091534071371813,,,-0.0336414022085678,,19652309.33333333,"CVM ITR 2023, ref 2023-09-30, receipt 2023-11-08; CVM DFP 2022 TTM bridge; market snapshot: B3 COTAHIST 2024-01-02; CVM FRE document 127018, received 2023-05-18",2024-01-02,official_b3_isin_cnpj,B3/CVM point-in-time full-universe gate
QUAL3.SA,2023-09-30,2023-11-09,Seguradoras e Corretoras,True,917366269.75,,0.6842192459214961,,,-0.07174198899271975,,,,,,19570707.766666666,"CVM ITR 2023, ref 2023-09-30, receipt 2023-11-09; CVM DFP 2022 TTM bridge; market snapshot: B3 COTAHIST 2024-01-02; CVM FRE document 125999, received 2023-05-09",2024-01-02,official_b3_isin_cnpj,B3/CVM point-in-time full-universe gate
LJQQ3.SA,2023-09-30,2023-10-30,Comércio (Atacado e Varejo),False,1084410657.51,,2.152351521179931,17.962966788155942,0.0631246101520067,-0.0732633885508092,0.11009314887655584,,,0.02771461949039316,,19136240.216666665,"CVM ITR 2023, ref 2023-09-30, receipt 2023-10-30; CVM DFP 2022 TTM bridge; market snapshot: B3 COTAHIST 2024-01-02; CVM FRE document 124399, received 2023-03-21",2024-01-02,official_b3_isin_cnpj,B3/CVM point-in-time full-universe gate
MYPK3.SA,2023-09-30,2023-11-08,"Máquinas, Equipamentos, Veículos e Peças",False,1929180992.5500002,,0.45871020427452125,7.402448416425802,0.8855161887853423,-0.0010412148949607005,0.09673740329932459,,,0.049622452464144276,,16945733.383333333,"CVM ITR 2023, ref 2023-09-30, receipt 2023-11-08; CVM DFP 2022 TTM bridge; market snapshot: B3 COTAHIST 2024-01-02; CVM FRE document 125752, received 2023-05-04",2024-01-02,official_b3_isin_cnpj,B3/CVM point-in-time full-universe gate
TTEN3.SA,2023-09-30,2023-11-06,"Agricultura (Açúcar, Álcool e Cana)",False,5436427328.77,8.737947015123048,1.7126883435043778,10.487184453052198,0.040742014305581206,0.19600580554450292,0.15659832672571317,,,0.06787898866127871,,16645947.816666666,"CVM ITR 2023, ref 2023-09-30, receipt 2023-11-06; CVM DFP 2022 TTM bridge; market snapshot: B3 COTAHIST 2024-01-02; CVM FRE document 127053, received 2023-05-19",2024-01-02,official_b3_isin_cnpj,B3/CVM point-in-time full-universe gate
VVEO3.SA,2023-09-30,2023-11-13,Comércio (Atacado e Varejo),False,3836914257.6,23.706313530880063,1.2260721285241174,9.41923277546272,-0.10673498871881593,0.05171922352781779,0.12003999535247059,,,0.060141149181519284,,15231298.216666669,"CVM ITR 2023, ref 2023-09-30, receipt 2023-11-13; CVM DFP 2022 TTM bridge; market snapshot: B3 COTAHIST 2024-01-02; CVM FRE document 125821, received 2023-05-05",2024-01-02,official_b3_isin_cnpj,B3/CVM point-in-time full-universe gate
JHSF3.SA,2023-09-30,2023-11-14,"Emp. Adm. Part. - Const. Civil, Mat. Const. e Decoração",False,3641200979.76,10.114559549995,0.6752653584736026,8.974398481082986,0.04351805925594481,0.06676171662600339,0.08748080142940216,,,0.4736813074348662,,15151937.2,"CVM ITR 2023, ref 2023-09-30, receipt 2023-11-14; CVM DFP 2022 TTM bridge; market snapshot: B3 COTAHIST 2024-01-02; CVM FRE document 127215, received 2023-05-24",2024-01-02,official_b3_isin_cnpj,B3/CVM point-in-time full-universe gate
CASH3.SA,2023-09-30,2023-11-08,Comunicação e Informática,False,6644585802.24,,8.433114446514603,,-0.03448883148182766,-0.035135725128059334,-0.1336516815170318,,,-0.23423377821272096,,14966953.566666666,"CVM ITR 2023, ref 2023-09-30, receipt 2023-11-08; CVM DFP 2022 TTM bridge; market snapshot: B3 COTAHIST 2024-01-02; CVM FRE document 124966, received 2023-04-03",2024-01-02,official_b3_isin_cnpj,B3/CVM point-in-time full-universe gate
ZAMP3.SA,2023-09-30,2023-11-09,Alimentos,False,1547497612.14,,1.162247449916258,28.20495187178032,0.12279437364508759,-0.08648936889302801,0.038559720379394764,,,0.02490358559478459,,14588903.083333334,"CVM ITR 2023, ref 2023-09-30, receipt 2023-11-09; CVM DFP 2022 TTM bridge; market snapshot: B3 COTAHIST 2024-01-02; CVM FRE document 125955, received 2023-05-08",2024-01-02,official_b3_isin_cnpj,B3/CVM point-in-time full-universe gate
UNIP6.SA,2023-09-30,2023-11-09,Petroquímicos e Borracha,False,4926553488.18,6.328889932825726,1.7371774102673776,4.5553472714608505,0.31096059419136607,0.27448374497038563,0.35866084928127034,,,0.2079220745895263,,13982308.666666666,"CVM ITR 2023, ref 2023-09-30, receipt 2023-11-09; CVM DFP 2022 TTM bridge; market snapshot: B3 COTAHIST 2024-01-02; CVM FRE document 125570, received 2023-05-02",2024-01-02,official_b3_isin_cnpj,B3/CVM point-in-time full-universe gate
ITUB3.SA,2023-09-30,2023-11-06,Bancos,True,141261692327.91,4.2820847048382795,0.7331642688059106,,,0.17121666649366288,,,,,,13799751.983333332,"CVM ITR 2023, ref 2023-09-30, receipt 2023-11-06; CVM DFP 2022 TTM bridge; market snapshot: B3 COTAHIST 2024-01-02; CVM FRE document 127205, received 2023-05-24",2024-01-02,official_b3_isin_cnpj,B3/CVM point-in-time full-universe gate
PLPL3.SA,2023-09-30,2023-11-09,"Construção Civil, Mat. Constr. e Decoração",False,2326475840.0,9.385757383821554,3.6409895957231035,9.064909645721645,0.06421128362115293,0.3879270949405917,0.3164897770226942,,,0.1529175179505401,,13780747.883333333,"CVM ITR 2023, ref 2023-09-30, receipt 2023-11-09; CVM DFP 2022 TTM bridge; market snapshot: B3 COTAHIST 2024-01-02; CVM FRE document 125947, received 2023-05-08",2024-01-02,official_b3_isin_cnpj,B3/CVM point-in-time full-universe gate
IFCM3.SA,2023-09-30,2023-11-09,Comércio (Atacado e Varejo),False,668923491.9399999,,0.48955352730359813,,0.19776103185783417,-0.18748604905609287,-0.0178244126934475,,,-0.032720083918341,,12843503.0,"CVM ITR 2023, ref 2023-09-30, receipt 2023-11-09; CVM DFP 2022 TTM bridge; market snapshot: B3 COTAHIST 2024-01-02; CVM FRE document 126317, received 2023-05-11",2024-01-02,official_b3_isin_cnpj,B3/CVM point-in-time full-universe gate
ABCB4.SA,2023-09-30,2023-12-01,Bancos,True,2577309431.8399997,3.2940860958710636,0.4503304965813412,,,0.13670878157853952,,,,,,12754802.366666667,"CVM ITR 2023, ref 2023-09-30, receipt 2023-12-01; CVM DFP 2022 TTM bridge; market snapshot: B3 COTAHIST 2024-01-02; CVM FRE document 125683, received 2023-05-03",2024-01-02,official_b3_isin_cnpj,B3/CVM point-in-time full-universe gate
CMIG3.SA,2023-09-30,2023-11-09,Energia Elétrica,False,11045072836.24,2.088917676616872,0.4520376238619941,3.064526952959063,0.14631963265080303,0.2163980078880352,0.19850728122891387,,,0.1851705568518064,,11867190.55,"CVM ITR 2023, ref 2023-09-30, receipt 2023-11-09; CVM DFP 2022 TTM bridge; market snapshot: B3 COTAHIST 2024-01-02; CVM FRE document 125990, received 2023-05-09",2024-01-02,official_b3_isin_cnpj,B3/CVM point-in-time full-universe gate
SRNA3.SA,2023-09-30,2023-10-31,Emp. Adm. Part. - Energia Elétrica,False,6084077532.12,112.37260411732112,1.1904447737948955,17.945291944923927,-0.6610374339852636,0.01059372774303626,0.0596612502225332,,,0.29575207370353956,,11378938.94736842,"CVM ITR 2023, ref 2023-09-30, receipt 2023-10-31; CVM DFP 2022 TTM bridge; market snapshot: B3 COTAHIST 2024-01-02; CVM FRE document 126461, received 2023-05-12",2024-01-02,official_b3_isin_cnpj,B3/CVM point-in-time full-universe gate
POSI3.SA,2023-09-30,2023-11-13,Comunicação e Informática,False,577724000.0,2.953236821657874,0.3968146251401191,2.9600972423566203,0.423676357568666,0.13436600215398817,0.21060937026964674,,,0.1374574909300457,,11134851.9,"CVM ITR 2023, ref 2023-09-30, receipt 2023-11-13; CVM DFP 2022 TTM bridge; market snapshot: B3 COTAHIST 2024-01-02; CVM FRE document 127114, received 2023-05-22",2024-01-02,official_b3_isin_cnpj,B3/CVM point-in-time full-universe gate
VULC3.SA,2023-09-30,2023-10-31,Têxtil e Vestuário,False,4849468331.679999,8.591067024188717,2.4422487527704932,8.932925040492005,0.07203428831939242,0.2842776975076763,0.2725443814252752,,,0.19674942400875442,,10804128.416666666,"CVM ITR 2023, ref 2023-09-30, receipt 2023-10-31; CVM DFP 2022 TTM bridge; market snapshot: B3 COTAHIST 2024-01-02; CVM FRE document 125962, received 2023-05-09",2024-01-02,official_b3_isin_cnpj,B3/CVM point-in-time full-universe gate
KLBN4.SA,2023-09-30,2023-10-25,Papel e Celulose,False,15417675741.960001,4.719173212714059,1.1338769856565003,8.511818230230652,0.20387943374922712,0.24027026229969475,0.1233582452650487,,,0.24135255012150447,,10306577.1,"CVM ITR 2023, ref 2023-09-30, receipt 2023-10-25; CVM DFP 2022 TTM bridge; market snapshot: B3 COTAHIST 2024-01-02; CVM FRE document 125778, received 2023-05-04",2024-01-02,official_b3_isin_cnpj,B3/CVM point-in-time full-universe gate
MILS3.SA,2023-09-30,2023-11-13,Serviços Transporte e Logística,False,3258666164.88,13.314645014893173,2.3392548109883737,8.636205244290432,-0.07635148475209401,0.17569036263240864,0.23084268639641933,,,0.32405103606257346,,9818068.4,"CVM ITR 2023, ref 2023-09-30, receipt 2023-11-13; CVM DFP 2022 TTM bridge; market snapshot: B3 COTAHIST 2024-01-02; CVM FRE document 127326, received 2023-05-29",2024-01-02,official_b3_isin_cnpj,B3/CVM point-in-time full-universe gate
VLID3.SA,2023-09-30,2023-11-07,Comunicação e Informática,False,1690649972.2,7.987045986753215,1.2135578908002456,5.289749302288536,0.37750806523805885,0.1519407666880812,0.22222851553050818,,,0.17929411451098964,,9032956.25,"CVM ITR 2023, ref 2023-09-30, receipt 2023-11-07; CVM DFP 2022 TTM bridge; market snapshot: B3 COTAHIST 2024-01-02; CVM FRE document 124561, received 2023-03-24",2024-01-02,official_b3_isin_cnpj,B3/CVM point-in-time full-universe gate
SEER3.SA,2023-09-30,2023-11-14,Educação,False,944816250.4,,0.7848647405912136,21.836912742918194,0.048831717257686154,-0.13218778944920023,0.03909910937216863,,,0.03866918424111544,,8679804.2,"CVM ITR 2023, ref 2023-09-30, receipt 2023-11-14; CVM DFP 2022 TTM bridge; market snapshot: B3 COTAHIST 2024-01-02; CVM FRE document 127079, received 2023-05-22",2024-01-02,official_b3_isin_cnpj,B3/CVM point-in-time full-universe gate
GRND3.SA,2023-09-30,2023-11-09,Têxtil e Vestuário,False,6197839200.0,11.982382077386776,1.7791947657361487,24.512041454508452,0.21402555910130744,0.1484842291161668,0.07200040803490615,,,0.10486722758054587,,8651355.5,"CVM ITR 2023, ref 2023-09-30, receipt 2023-11-09; CVM DFP 2022 TTM bridge; market snapshot: B3 COTAHIST 2024-01-02; CVM FRE document 125802, received 2023-05-05",2024-01-02,official_b3_isin_cnpj,B3/CVM point-in-time full-universe gate
CAML3.SA,2023-08-31,2023-10-10,Alimentos,False,2758000000.0,6.914724250925766,0.9352135715155241,10.473658949499534,0.08820739666424945,0.1352495830025781,0.0925316278050464,,,0.06037837529675993,,8434592.783333333,"CVM ITR 2023, ref 2023-08-31, receipt 2023-10-10; CVM DFP 2022 TTM bridge; market snapshot: B3 COTAHIST 2024-01-02; CVM FRE document 128875, received 2023-07-07",2024-01-02,official_b3_isin_cnpj,B3/CVM point-in-time full-universe gate
BLAU3.SA,2023-09-30,2023-11-10,Farmacêutico e Higiene,False,2780606054.5,8.860879631429508,1.4120908835375425,8.308060130934356,-0.02746379692168652,0.15936238187107982,0.15879825792966243,,,0.29852432180126093,,8111291.366666666,"CVM ITR 2023, ref 2023-09-30, receipt 2023-11-10; CVM DFP 2022 TTM bridge; market snapshot: B3 COTAHIST 2024-01-02; CVM FRE document 125381, received 2023-04-24",2024-01-02,official_b3_isin_cnpj,B3/CVM point-in-time full-universe gate
FESA4.SA,2023-09-30,2023-11-09,Metalurgia e Siderurgia,False,2626636800.0,5.473824955090507,0.8082205581031545,5.592777454125113,0.16690507039267857,0.1476518823188768,0.14228905438568326,,,0.16654458686661677,,8075843.7,"CVM ITR 2023, ref 2023-09-30, receipt 2023-11-09; CVM DFP 2022 TTM bridge; market snapshot: B3 COTAHIST 2024-01-02; CVM FRE document 125482, received 2023-04-27",2024-01-02,official_b3_isin_cnpj,B3/CVM point-in-time full-universe gate
MLAS3.SA,2023-09-30,2023-11-13,Comunicação e Informática,False,1616462273.25,,0.4563402922029343,,0.25746347866396146,-0.2022943174215113,-0.16404060671685142,,,-0.15587472155423532,,7703153.216666667,"CVM ITR 2023, ref 2023-09-30, receipt 2023-11-13; CVM DFP 2022 TTM bridge; market snapshot: B3 COTAHIST 2024-01-02; CVM FRE document 127230, received 2023-05-25",2024-01-02,official_b3_isin_cnpj,B3/CVM point-in-time full-universe gate
FRAS3.SA,2023-09-30,2023-11-08,"Máquinas, Equipamentos, Veículos e Peças",False,4436368515.49,13.438979847718349,2.281613101980045,8.831579420621438,0.16030521304009626,0.1697757663032298,0.25288323433016213,,,0.15053359845077763,,7485436.65,"CVM ITR 2023, ref 2023-09-30, receipt 2023-11-08; CVM DFP 2022 TTM bridge; market snapshot: B3 COTAHIST 2024-01-02; CVM FRE document 125562, received 2023-04-29",2024-01-02,official_b3_isin_cnpj,B3/CVM point-in-time full-universe gate
LOGG3.SA,2023-09-30,2023-10-31,"Construção Civil, Mat. Constr. e Decoração",False,2137169501.68,12.839862910218207,0.578661694870464,12.095747916356816,0.2835755421007052,0.04506759136890426,0.05745790471023497,,,1.2448141589914097,,7282358.433333334,"CVM ITR 2023, ref 2023-09-30, receipt 2023-10-31; CVM DFP 2022 TTM bridge; market snapshot: B3 COTAHIST 2024-01-02; CVM FRE document 125600, received 2023-05-02",2024-01-02,official_b3_isin_cnpj,B3/CVM point-in-time full-universe gate
JALL3.SA,2023-09-30,2023-11-09,"Agricultura (Açúcar, Álcool e Cana)",False,2229602064.81,24.15446520063701,1.1168051392273435,8.05152666203829,-0.008921771429062225,0.04623597044897068,0.13028525901235938,,,0.4332168704243595,,6688911.683333334,"CVM ITR 2023, ref 2023-09-30, receipt 2023-11-09; CVM DFP 2022 TTM bridge; market snapshot: B3 COTAHIST 2024-01-02; CVM FRE document 129807, received 2023-08-08",2024-01-02,official_b3_isin_cnpj,B3/CVM point-in-time full-universe gate
LIGT3.SA,2023-09-30,2023-11-09,Emp. Adm. Part. - Energia Elétrica,False,2749458291.12,,0.9018860647944197,,0.7998190069303444,-1.7347197779939085,-0.14378616185157528,,,-0.14672278764982222,,6490443.683333334,"CVM ITR 2023, ref 2023-09-30, receipt 2023-11-09; CVM DFP 2022 TTM bridge; market snapshot: B3 COTAHIST 2024-01-02; CVM FRE document 127408, received 2023-05-30",2024-01-02,official_b3_isin_cnpj,B3/CVM point-in-time full-universe gate
EVEN3.SA,2023-09-30,2023-11-13,"Construção Civil, Mat. Constr. e Decoração",False,1643000000.0,7.372936879044345,0.5883475669518403,16.06408296372081,-0.3528052343274498,0.07979826446420085,0.04396268562694367,,,0.06796694954127534,,6446063.4,"CVM ITR 2023, ref 2023-09-30, receipt 2023-11-13; CVM DFP 2022 TTM bridge; market snapshot: B3 COTAHIST 2024-01-02; CVM FRE document 126168, received 2023-05-10",2024-01-02,official_b3_isin_cnpj,B3/CVM point-in-time full-universe gate
TGMA3.SA,2023-09-30,2023-11-06,Serviços Transporte e Logística,False,1832240920.4,9.760343273866281,2.231816401693619,7.606873263808556,0.1254027226669727,0.22866167091370632,0.3132498653079866,,,0.1488429663464506,,6056382.316666666,"CVM ITR 2023, ref 2023-09-30, receipt 2023-11-06; CVM DFP 2022 TTM bridge; market snapshot: B3 COTAHIST 2024-01-02; CVM FRE document 125199, received 2023-04-12",2024-01-02,official_b3_isin_cnpj,B3/CVM point-in-time full-universe gate
BMOB3.SA,2023-09-30,2023-11-09,Comunicação e Informática,False,1240909105.8,18.197282757508212,1.1487750492963353,9.352873247166597,0.015115530954144765,0.06312893329210648,0.12964356516828524,,,0.07496665667386557,,5355508.75,"CVM ITR 2023, ref 2023-09-30, receipt 2023-11-09; CVM DFP 2022 TTM bridge; market snapshot: B3 COTAHIST 2024-01-02; CVM FRE document 126974, received 2023-05-17",2024-01-02,official_b3_isin_cnpj,B3/CVM point-in-time full-universe gate
AZEV4.SA,2023-09-30,2023-11-14,"Construção Civil, Mat. Constr. e Decoração",False,96723857.33,,0.6908205475920093,,-0.8537500703498877,-0.2896516752015884,-0.213978666696097,,,-0.07881456007382069,,5303879.25,"CVM ITR 2023, ref 2023-09-30, receipt 2023-11-14; CVM DFP 2022 TTM bridge; market snapshot: B3 COTAHIST 2024-01-02; CVM FRE document 125588, received 2023-05-02",2024-01-02,official_b3_isin_cnpj,B3/CVM point-in-time full-universe gate
TRIS3.SA,2023-09-30,2023-11-09,"Emp. Adm. Part. - Const. Civil, Mat. Const. e Decoração",False,1024530283.62,9.200742536078955,0.7454219448207621,12.211068240738209,-0.25717639020783406,0.08101758547179558,0.06848035858805951,,,0.15122869437848935,,4955565.583333333,"CVM ITR 2023, ref 2023-09-30, receipt 2023-11-09; CVM DFP 2022 TTM bridge; market snapshot: B3 COTAHIST 2024-01-02; CVM FRE document 126121, received 2023-05-10",2024-01-02,official_b3_isin_cnpj,B3/CVM point-in-time full-universe gate
MDNE3.SA,2023-09-30,2023-11-09,"Construção Civil, Mat. Constr. e Decoração",False,1089387281.25,8.248434802607669,0.8360172157170616,7.729547379658774,-0.14072773075162978,0.10135464918177715,0.109199617312033,,,0.13911231843637742,,4855721.4,"CVM ITR 2023, ref 2023-09-30, receipt 2023-11-09; CVM DFP 2022 TTM bridge; market snapshot: B3 COTAHIST 2024-01-02; CVM FRE document 133256, received 2023-12-22",2024-01-02,official_b3_isin_cnpj,B3/CVM point-in-time full-universe gate
AERI3.SA,2023-09-30,2023-11-08,"Máquinas, Equipamentos, Veículos e Peças",False,666605706.72,,0.8178418370734616,5.798286407788974,-0.41178465355577837,-0.13424710978935783,0.15853769967529818,,,0.09033298335083245,,4606276.716666667,"CVM ITR 2023, ref 2023-09-30, receipt 2023-11-08; CVM DFP 2022 TTM bridge; market snapshot: B3 COTAHIST 2024-01-02; CVM FRE document 125311, received 2023-04-19",2024-01-02,official_b3_isin_cnpj,B3/CVM point-in-time full-universe gate
DASA3.SA,2023-09-30,2023-11-09,Serviços Médicos,False,5140502680.88,,0.6471104034703882,14.52092367118591,0.03486623996260959,-0.10695474950212619,0.058130425703539323,,,0.07354605873747297,,4408918.15,"CVM ITR 2023, ref 2023-09-30, receipt 2023-11-09; CVM DFP 2022 TTM bridge; market snapshot: B3 COTAHIST 2024-01-02; CVM FRE document 124188, received 2023-03-15",2024-01-02,official_b3_isin_cnpj,B3/CVM point-in-time full-universe gate
PNVL3.SA,2023-09-30,2023-11-09,Comércio (Atacado e Varejo),False,1977463875.15,22.465564008429713,1.7360534856025642,19.37725101718494,0.03191208739285474,0.07727620303461548,0.07129059788621674,,,0.036236686445263545,,4405600.783333333,"CVM ITR 2023, ref 2023-09-30, receipt 2023-11-09; CVM DFP 2022 TTM bridge; market snapshot: B3 COTAHIST 2024-01-02; CVM FRE document 133204, received 2023-12-21",2024-01-02,official_b3_isin_cnpj,B3/CVM point-in-time full-universe gate
SEQL3.SA,2023-09-30,2023-11-13,Serviços Transporte e Logística,False,111154590.27000001,,0.8765512721494532,,-2.3267954960003467,-4.045509388134912,-0.30357347143710606,,,-0.3260908576667252,,4276107.5,"CVM ITR 2023, ref 2023-09-30, receipt 2023-11-13; CVM DFP 2022 TTM bridge; market snapshot: B3 COTAHIST 2024-01-02; CVM FRE document 126901, received 2023-05-16",2024-01-02,official_b3_isin_cnpj,B3/CVM point-in-time full-universe gate
LAVV3.SA,2023-09-30,2023-11-08,"Construção Civil, Mat. Constr. e Decoração",False,1786280942.16,9.424991516520162,1.3416813010308892,12.228283857827327,-0.0828223581790576,0.142353581823303,0.10661939749840237,,,0.20085618463195132,,4272284.366666666,"CVM ITR 2023, ref 2023-09-30, receipt 2023-11-08; CVM DFP 2022 TTM bridge; market snapshot: B3 COTAHIST 2024-01-02; CVM FRE document 126926, received 2023-05-16",2024-01-02,official_b3_isin_cnpj,B3/CVM point-in-time full-universe gate
SOJA3.SA,2023-09-30,2023-11-09,Alimentos,False,1849645747.54,9.202904433365674,1.4871930147557801,8.073328496848834,0.0628801488905025,0.16160039751840452,0.18280823085084744,,,0.1207454992317596,,4249655.483333333,"CVM ITR 2023, ref 2023-09-30, receipt 2023-11-09; CVM DFP 2022 TTM bridge; market snapshot: B3 COTAHIST 2024-01-02; CVM FRE document 131521, received 2023-10-20",2024-01-02,official_b3_isin_cnpj,B3/CVM point-in-time full-universe gate
PORT3.SA,2023-09-30,2023-11-14,Emp. Adm. Part. - Serviços Transporte e Logística,False,7528210079.0,18.634321737537654,3.2722171734448384,15.159401554254693,0.028632038391339903,0.1756016247617516,0.13844063140098872,,,0.27836045275810994,,4070987.9166666665,"CVM ITR 2023, ref 2023-09-30, receipt 2023-11-14; CVM DFP 2022 TTM bridge; market snapshot: B3 COTAHIST 2024-01-02; CVM FRE document 127149, received 2023-05-23",2024-01-02,official_b3_isin_cnpj,B3/CVM point-in-time full-universe gate
RCSL3.SA,2023-09-30,2023-11-08,"Máquinas, Equipamentos, Veículos e Peças",False,31507817.2,,278.8302407079646,5.735427019143118,-1.6833600266031759,-121.49557522123894,85.703125,,,0.08875404530744337,,4060243.7,"CVM ITR 2023, ref 2023-09-30, receipt 2023-11-08; CVM DFP 2022 TTM bridge; market snapshot: B3 COTAHIST 2024-01-02; CVM FRE document 118264, received 2022-07-04",2024-01-02,official_b3_isin_cnpj,B3/CVM point-in-time full-universe gate
LOGN3.SA,2023-09-30,2023-11-08,Serviços Transporte e Logística,False,4141035080.24,10.76939001776245,4.2292401120162095,12.137694449659035,0.12044186787499853,0.3927093461227358,0.2134667560310924,,,0.18569006819860015,,3413449.4166666665,"CVM ITR 2023, ref 2023-09-30, receipt 2023-11-08; CVM DFP 2022 TTM bridge; market snapshot: B3 COTAHIST 2024-01-02; CVM FRE document 126924, received 2023-05-16",2024-01-02,official_b3_isin_cnpj,B3/CVM point-in-time full-universe gate
PGMN3.SA,2023-09-30,2023-11-06,Comércio (Atacado e Varejo),False,1790384128.1,,0.6981767178384095,6.21664662548895,0.023808298638815444,-0.008744054584925505,0.12791537311351595,,,0.043979464065754,,3398812.45,"CVM ITR 2023, ref 2023-09-30, receipt 2023-11-06; CVM DFP 2022 TTM bridge; market snapshot: B3 COTAHIST 2024-01-02; CVM FRE document 126730, received 2023-05-15",2024-01-02,official_b3_isin_cnpj,B3/CVM point-in-time full-universe gate
MATD3.SA,2023-09-30,2023-11-13,Serviços Médicos,False,3058638568.0,23.447725616160067,1.7347029036879411,9.513783839613161,-0.023027238568450563,0.07398171285714772,0.15399979821575333,,,0.19870376247072694,,3391825.8666666667,"CVM ITR 2023, ref 2023-09-30, receipt 2023-11-13; CVM DFP 2022 TTM bridge; market snapshot: B3 COTAHIST 2024-01-02; CVM FRE document 127251, received 2023-05-25",2024-01-02,official_b3_isin_cnpj,B3/CVM point-in-time full-universe gate
NINJ3.SA,2023-09-30,2023-11-07,Emp. Adm. Part. - Intermediação Financeira,True,249413353.47,83.4716711746988,0.8745362067006784,,,0.010477042023878398,,,,,,3351270.033333333,"CVM ITR 2023, ref 2023-09-30, receipt 2023-11-07; CVM DFP 2022 TTM bridge; market snapshot: B3 COTAHIST 2024-01-02; CVM FRE document 125927, received 2023-05-08",2024-01-02,unique_cotahist_prefix,B3/CVM point-in-time full-universe gate
USIM3.SA,2023-09-30,2023-10-27,Metalurgia e Siderurgia,False,6396714403.88,,0.24524757093154761,,0.09676639613995372,-0.006630376431380792,-0.02133643675606942,,,-0.02091442068019409,,3262112.216666667,"CVM ITR 2023, ref 2023-09-30, receipt 2023-10-27; CVM DFP 2022 TTM bridge; market snapshot: B3 COTAHIST 2024-01-02; CVM FRE document 126081, received 2023-05-10",2024-01-02,official_b3_isin_cnpj,B3/CVM point-in-time full-universe gate
OPCT3.SA,2023-09-30,2023-11-08,Petróleo e Gás,False,1219753279.3999999,14.947407318358392,1.5351536715214182,8.675068062613569,-0.014254522036253688,0.10270367554886552,0.1420837661453231,,,0.1679001875813639,,3179498.1666666665,"CVM ITR 2023, ref 2023-09-30, receipt 2023-11-08; CVM DFP 2022 TTM bridge; market snapshot: B3 COTAHIST 2024-01-02; CVM FRE document 125374, received 2023-04-24",2024-01-02,official_b3_isin_cnpj,B3/CVM point-in-time full-universe gate
RCSL4.SA,2023-09-30,2023-11-08,"Máquinas, Equipamentos, Veículos e Peças",False,21930274.44,,194.07322513274337,3.9892934257064723,-2.4185287851783035,-121.49557522123894,85.703125,,,0.08875404530744337,,3021423.6166666667,"CVM ITR 2023, ref 2023-09-30, receipt 2023-11-08; CVM DFP 2022 TTM bridge; market snapshot: B3 COTAHIST 2024-01-02; CVM FRE document 118264, received 2022-07-04",2024-01-02,official_b3_isin_cnpj,B3/CVM point-in-time full-universe gate
BMGB4.SA,2023-09-30,2023-11-09,Bancos,True,665294433.08,2.8217104852466526,0.15941419837685133,,,0.05649558989497696,,,,,,2939120.466666667,"CVM ITR 2023, ref 2023-09-30, receipt 2023-11-09; CVM DFP 2022 TTM bridge; market snapshot: B3 COTAHIST 2024-01-02; CVM FRE document 125746, received 2023-05-04",2024-01-02,official_b3_isin_cnpj,B3/CVM point-in-time full-universe gate
TAEE4.SA,2023-09-30,2023-11-08,Emp. Adm. Part. - Energia Elétrica,False,5649906639.5199995,6.215819731120098,0.8493129530212439,7.612169543248577,0.11936232632284592,0.13663732054021405,0.12261591121087523,,,0.7185601756837132,,2804087.7333333334,"CVM ITR 2023, ref 2023-09-30, receipt 2023-11-08; CVM DFP 2022 TTM bridge; market snapshot: B3 COTAHIST 2024-01-02; CVM FRE document 126020, received 2023-05-09",2024-01-02,official_b3_isin_cnpj,B3/CVM point-in-time full-universe gate
VITT3.SA,2023-09-30,2023-11-09,"Agricultura (Açúcar, Álcool e Cana)",False,1440504507.49,13.67961508684463,2.3289989902960024,13.924820709729925,0.057926927382821305,0.170253254606246,0.15030175227726905,,,0.15214523939628047,,2562293.95,"CVM ITR 2023, ref 2023-09-30, receipt 2023-11-09; CVM DFP 2022 TTM bridge; market snapshot: B3 COTAHIST 2024-01-02; CVM FRE document 127017, received 2023-05-18",2024-01-02,official_b3_isin_cnpj,B3/CVM point-in-time full-universe gate
ITSA3.SA,2023-09-30,2023-11-13,Emp. Adm. Part. - Intermediação Financeira,True,34039334379.950005,2.3748925123805207,0.40607616319654044,,,0.17098717566358484,,,,,,2485260.45,"CVM ITR 2023, ref 2023-09-30, receipt 2023-11-13; CVM DFP 2022 TTM bridge; market snapshot: B3 COTAHIST 2024-01-02; CVM FRE document 127166, received 2023-05-23",2024-01-02,official_b3_isin_cnpj,B3/CVM point-in-time full-universe gate
CLSA3.SA,2023-09-30,2023-11-13,Comunicação e Informática,False,667137513.0,,0.9316391975868955,,-0.12967341562158566,-0.03916407155525144,-0.23352626211825248,,,-0.16120487427807476,,2318183.6333333333,"CVM ITR 2023, ref 2023-09-30, receipt 2023-11-13; CVM DFP 2022 TTM bridge; market snapshot: B3 COTAHIST 2024-01-02; CVM FRE document 127091, received 2023-05-22",2024-01-02,official_b3_isin_cnpj,B3/CVM point-in-time full-universe gate
KLBN3.SA,2023-09-30,2023-10-25,Papel e Celulose,False,9055519388.25,2.771790329455294,0.6659787894979808,7.095134246157601,0.34711945999239463,0.24027026229969475,0.1233582452650487,,,0.24135255012150447,,2311280.533333333,"CVM ITR 2023, ref 2023-09-30, receipt 2023-10-25; CVM DFP 2022 TTM bridge; market snapshot: B3 COTAHIST 2024-01-02; CVM FRE document 125778, received 2023-05-04",2024-01-02,official_b3_isin_cnpj,B3/CVM point-in-time full-universe gate
ESPA3.SA,2023-09-30,2023-11-13,Serviços Médicos,False,415636525.9,,0.47231369725716216,8.508621552228242,-0.0074632516795367625,-0.025651107214650894,0.08277093617235369,,,0.13071924349235053,,2171253.833333333,"CVM ITR 2023, ref 2023-09-30, receipt 2023-11-13; CVM DFP 2022 TTM bridge; market snapshot: B3 COTAHIST 2024-01-02; CVM FRE document 127059, received 2023-05-19",2024-01-02,official_b3_isin_cnpj,B3/CVM point-in-time full-universe gate
CSED3.SA,2023-09-30,2023-11-09,Educação,False,1890301072.8000002,24.224380362154477,1.3131066578491823,5.315436082337904,0.22140970347123212,0.0542059957042549,0.24115261846478023,,,0.17369939046524427,,2005603.05,"CVM ITR 2023, ref 2023-09-30, receipt 2023-11-09; CVM DFP 2022 TTM bridge; market snapshot: B3 COTAHIST 2024-01-02; CVM FRE document 127069, received 2023-05-22",2024-01-02,official_b3_isin_cnpj,B3/CVM point-in-time full-universe gate
HBRE3.SA,2023-09-30,2023-11-07,"Construção Civil, Mat. Constr. e Decoração",False,586113412.0799999,5.00365735916064,0.2338713509881347,6.980466620442397,0.0772580853239703,0.04674008114483811,0.06747311605762793,,,1.6069305371461569,,1922377.4166666667,"CVM ITR 2023, ref 2023-09-30, receipt 2023-11-07; CVM DFP 2022 TTM bridge; market snapshot: B3 COTAHIST 2024-01-02; CVM FRE document 126874, received 2023-05-15",2024-01-02,official_b3_isin_cnpj,B3/CVM point-in-time full-universe gate
AZEV3.SA,2023-09-30,2023-11-14,"Construção Civil, Mat. Constr. e Decoração",False,51752426.699999996,,0.3696258683122281,,-1.5956353211935472,-0.2896516752015884,-0.213978666696097,,,-0.07881456007382069,,1757227.0333333334,"CVM ITR 2023, ref 2023-09-30, receipt 2023-11-14; CVM DFP 2022 TTM bridge; market snapshot: B3 COTAHIST 2024-01-02; CVM FRE document 125588, received 2023-05-02",2024-01-02,official_b3_isin_cnpj,B3/CVM point-in-time full-universe gate
LAND3.SA,2023-09-30,2023-11-09,"Agricultura (Açúcar, Álcool e Cana)",False,1565612671.74,11.131345916003669,2.2076628402418597,28.30618794149623,0.02472195115601856,0.1983284732053719,0.07268659370184519,,,0.6071620116341433,,1756091.433333333,"CVM ITR 2023, ref 2023-09-30, receipt 2023-11-09; CVM DFP 2022 TTM bridge; market snapshot: B3 COTAHIST 2024-01-02; CVM FRE document 125691, received 2023-05-03",2024-01-02,official_b3_isin_cnpj,B3/CVM point-in-time full-universe gate
BRAP3.SA,2023-09-30,2023-11-13,Emp. Adm. Part. - Extração Mineral,False,3212404825.44,1.51413255447975,0.40036357522490507,1.3174581485841659,0.22826108160249234,0.26441778432170915,0.27344573045831777,,,,,1727351.6,"CVM ITR 2023, ref 2023-09-30, receipt 2023-11-13; CVM DFP 2022 TTM bridge; market snapshot: B3 COTAHIST 2024-01-02; CVM FRE document 125994, received 2023-05-09",2024-01-02,official_b3_isin_cnpj,B3/CVM point-in-time full-universe gate
TFCO4.SA,2023-09-30,2023-11-13,Têxtil e Vestuário,False,1058295100.8,9.298788338458834,2.707294869085839,7.715317586261837,0.047500928580316834,0.29114490733042553,0.3234021103568788,,,0.22309850012750077,,1688115.0833333333,"CVM ITR 2023, ref 2023-09-30, receipt 2023-11-13; CVM DFP 2022 TTM bridge; market snapshot: B3 COTAHIST 2024-01-02; CVM FRE document 125407, received 2023-04-25",2024-01-02,official_b3_isin_cnpj,B3/CVM point-in-time full-universe gate
HBOR3.SA,2023-09-30,2023-11-09,"Construção Civil, Mat. Constr. e Decoração",False,441708537.59999996,3.143967269776645,0.1926898528090863,11.153333124640078,-1.0171752677483226,0.061288759161533965,0.04935320912823881,,,0.17758161959569543,,1617870.4666666666,"CVM ITR 2023, ref 2023-09-30, receipt 2023-11-09; CVM DFP 2022 TTM bridge; market snapshot: B3 COTAHIST 2024-01-02; CVM FRE document 127138, received 2023-05-23",2024-01-02,official_b3_isin_cnpj,B3/CVM point-in-time full-universe gate
TAEE3.SA,2023-09-30,2023-11-08,Emp. Adm. Part. - Energia Elétrica,False,7513882957.68,8.26649800175146,1.1295121372103532,8.622570363158063,0.08975199691002701,0.13663732054021405,0.12261591121087523,,,0.7185601756837132,,1571362.3,"CVM ITR 2023, ref 2023-09-30, receipt 2023-11-08; CVM DFP 2022 TTM bridge; market snapshot: B3 COTAHIST 2024-01-02; CVM FRE document 126020, received 2023-05-09",2024-01-02,official_b3_isin_cnpj,B3/CVM point-in-time full-universe gate
PFRM3.SA,2023-09-30,2023-11-08,Comércio (Atacado e Varejo),False,658683952.36,12.66018206273545,0.423833546119644,5.147915127708511,0.4485489572676311,0.03347768175997838,0.11087633857097662,,,0.02705211498002622,,1524456.183333333,"CVM ITR 2023, ref 2023-09-30, receipt 2023-11-08; CVM DFP 2022 TTM bridge; market snapshot: B3 COTAHIST 2024-01-02; CVM FRE document 126896, received 2023-05-16",2024-01-02,official_b3_isin_cnpj,B3/CVM point-in-time full-universe gate
BRIT3.SA,2023-09-30,2023-11-13,Emp. Adm. Part. - Telecomunicações,False,1594286951.8,12.142784963631517,1.0740213457342282,10.029508775045393,0.10086829087977987,0.08844934246558732,0.10425355535325635,,,0.21278701303102707,,1430593.7833333334,"CVM ITR 2023, ref 2023-09-30, receipt 2023-11-13; CVM DFP 2022 TTM bridge; market snapshot: B3 COTAHIST 2024-01-02; CVM FRE document 127016, received 2023-05-18",2024-01-02,official_b3_isin_cnpj,B3/CVM point-in-time full-universe gate
DEXP3.SA,2023-09-30,2023-11-09,Emp. Adm. Part. - Sem Setor Principal,False,1013015060.4000001,5.299692697728439,1.2239714327139866,3.24285481260725,0.33645501762374386,0.23095139709489323,0.3894837666023385,,,0.1523979001196521,,1371568.8666666667,"CVM ITR 2023, ref 2023-09-30, receipt 2023-11-09; CVM DFP 2022 TTM bridge; market snapshot: B3 COTAHIST 2024-01-02; CVM FRE document 127063, received 2023-05-19",2024-01-02,official_b3_isin_cnpj,B3/CVM point-in-time full-universe gate
GGBR3.SA,2023-09-30,2023-11-06,Metalurgia e Siderurgia,False,12671107926.2,1.5511953046350977,0.2494926492975634,1.7627600383853739,0.29335674683301,0.1608389662810731,0.20296616829805317,,,0.16692661271029868,,1268281.0166666666,"CVM ITR 2023, ref 2023-09-30, receipt 2023-11-06; CVM DFP 2022 TTM bridge; market snapshot: B3 COTAHIST 2024-01-02; CVM FRE document 126945, received 2023-05-17",2024-01-02,official_b3_isin_cnpj,B3/CVM point-in-time full-universe gate
PINE4.SA,2023-09-30,2023-11-13,Bancos,True,394032441.2,2.681149405296535,0.4040508828400182,,,0.15070062192051928,,,,,,1255559.066666667,"CVM ITR 2023, ref 2023-09-30, receipt 2023-11-13; CVM DFP 2022 TTM bridge; market snapshot: B3 COTAHIST 2024-01-02; CVM FRE document 126017, received 2023-05-09",2024-01-02,official_b3_isin_cnpj,B3/CVM point-in-time full-universe gate
CSUD3.SA,2023-09-30,2023-11-08,Emp. Adm. Part. - Sem Setor Principal,False,798380000.0,9.244896304959529,1.9344349680170576,6.989168210284908,0.10359603196472858,0.20924355495251018,0.27875446887401584,,,0.21268812120802802,,1238090.45,"CVM ITR 2023, ref 2023-09-30, receipt 2023-11-08; CVM DFP 2022 TTM bridge; market snapshot: B3 COTAHIST 2024-01-02; CVM FRE document 120648, received 2022-09-19",2024-01-02,official_b3_isin_cnpj,B3/CVM point-in-time full-universe gate
ELMD3.SA,2023-09-30,2023-10-31,Emp. Adm. Part. - Comunicação e Informática,False,2080158569.58,25.365622075920346,2.1329556200429223,16.731914141964694,0.010397284282210687,0.08408844118464348,0.0937992018953311,,,0.20778377144161886,,1226982.4666666666,"CVM ITR 2023, ref 2023-09-30, receipt 2023-10-31; CVM DFP 2022 TTM bridge; market snapshot: B3 COTAHIST 2024-01-02; CVM FRE document 125375, received 2023-04-24",2024-01-02,official_b3_isin_cnpj,B3/CVM point-in-time full-universe gate
POMO3.SA,2023-09-30,2023-10-31,"Máquinas, Equipamentos, Veículos e Peças",False,1937017968.48,2.41018560680868,0.5671891772055899,4.14593799758328,0.441052697446271,0.23533008229876684,0.16107256147252677,,,0.11159383167514382,,1218534.9166666667,"CVM ITR 2023, ref 2023-09-30, receipt 2023-10-31; CVM DFP 2022 TTM bridge; market snapshot: B3 COTAHIST 2024-01-02; CVM FRE document 127188, received 2023-05-24",2024-01-02,official_b3_isin_cnpj,B3/CVM point-in-time full-universe gate
BRKM3.SA,2023-09-30,2023-11-08,Petroquímicos e Borracha,False,9665709152.8,,2.207779436700081,,-0.5719964166724808,-1.1471550058097,-0.10842889559590553,,,-0.04950518189299883,,1127558.1166666667,"CVM ITR 2023, ref 2023-09-30, receipt 2023-11-08; CVM DFP 2022 TTM bridge; market snapshot: B3 COTAHIST 2024-01-02; CVM FRE document 126369, received 2023-05-11",2024-01-02,official_b3_isin_cnpj,B3/CVM point-in-time full-universe gate
LUPA3.SA,2023-09-30,2023-11-14,"Máquinas, Equipamentos, Veículos e Peças",False,69115939.52000001,1.927328839686568,0.4341235334907794,,-0.17459069620992687,0.22524621878297574,-0.2019242515790551,,,-0.6663289098080234,,1118465.5833333333,"CVM ITR 2023, ref 2023-09-30, receipt 2023-11-14; CVM DFP 2022 TTM bridge; market snapshot: B3 COTAHIST 2024-01-02; CVM FRE document 127312, received 2023-05-29",2024-01-02,official_b3_isin_cnpj,B3/CVM point-in-time full-universe gate
KRSA3.SA,2023-09-30,2023-11-06,Serviços Médicos,False,989885525.76,,0.8878319110773876,12.266596404998742,-0.16581513289022032,-0.17717075340800953,0.07846857105888512,,,0.11732593632891711,,1019227.4166666666,"CVM ITR 2023, ref 2023-09-30, receipt 2023-11-06; CVM DFP 2022 TTM bridge; market snapshot: B3 COTAHIST 2024-01-02; CVM FRE document 125864, received 2023-05-08",2024-01-02,official_b3_isin_cnpj,B3/CVM point-in-time full-universe gate
FIQE3.SA,2023-09-30,2023-11-08,Emp. Adm. Part. - Telecomunicações,False,1401131986.83,10.827997023392761,1.2981040635167986,6.831569817098557,0.03347008022142165,0.11988404325494179,0.18897263959413815,,,0.24844576495471943,,979557.5166666668,"CVM ITR 2023, ref 2023-09-30, receipt 2023-11-08; CVM DFP 2022 TTM bridge; market snapshot: B3 COTAHIST 2024-01-02; CVM FRE document 125729, received 2023-05-04",2024-01-02,official_b3_isin_cnpj,B3/CVM point-in-time full-universe gate
GOAU3.SA,2023-09-30,2023-11-06,Emp. Adm. Part. - Metalurgia e Siderurgia,False,4019874323.0099998,0.49086106842182253,0.07761727299771295,1.0502187859672076,0.8040947901027102,0.15812472813796752,0.19852175028914587,,,0.1660317603375909,,974025.1666666666,"CVM ITR 2023, ref 2023-09-30, receipt 2023-11-06; CVM DFP 2022 TTM bridge; market snapshot: B3 COTAHIST 2024-01-02; CVM FRE document 127005, received 2023-05-18",2024-01-02,official_b3_isin_cnpj,B3/CVM point-in-time full-universe gate
MELK3.SA,2023-09-30,2023-11-13,"Emp. Adm. Part. - Const. Civil, Mat. Const. e Decoração",False,996173143.39,11.0431911424834,0.7899365174215751,34.18734773146034,-0.13161567431322518,0.07153154439052241,0.02421156817555159,,,0.03684326151580764,,882041.4166666666,"CVM ITR 2023, ref 2023-09-30, receipt 2023-11-13; CVM DFP 2022 TTM bridge; market snapshot: B3 COTAHIST 2024-01-02; CVM FRE document 126104, received 2023-05-10",2024-01-02,official_b3_isin_cnpj,B3/CVM point-in-time full-universe gate
EUCA4.SA,2023-09-30,2023-11-13,"Construção Civil, Mat. Constr. e Decoração",False,975648740.4,3.5495819386385215,0.4423581373100655,5.081727889370848,-0.04745662868484548,0.12462260202950448,0.11384389210824815,,,0.12519044674293203,,719690.5833333334,"CVM ITR 2023, ref 2023-09-30, receipt 2023-11-13; CVM DFP 2022 TTM bridge; market snapshot: B3 COTAHIST 2024-01-02; CVM FRE document 125479, received 2023-04-27",2024-01-02,official_b3_isin_cnpj,B3/CVM point-in-time full-universe gate
UNIP3.SA,2023-09-30,2023-11-09,Petroquímicos e Borracha,False,2529994884.5600004,3.250154330691668,0.8921145324199662,2.529520960268064,0.6055205918989156,0.27448374497038563,0.35866084928127034,,,0.2079220745895263,,714926.35,"CVM ITR 2023, ref 2023-09-30, receipt 2023-11-09; CVM DFP 2022 TTM bridge; market snapshot: B3 COTAHIST 2024-01-02; CVM FRE document 125570, received 2023-05-02",2024-01-02,official_b3_isin_cnpj,B3/CVM point-in-time full-universe gate
NGRD3.SA,2023-09-30,2023-11-13,Comunicação e Informática,False,298327912.5,40.64412976839237,0.6561993544200778,,0.07026831590892454,0.01614499703055232,-0.03412408328813639,,,-0.05343085852693143,,580477.3833333333,"CVM ITR 2023, ref 2023-09-30, receipt 2023-11-13; CVM DFP 2022 TTM bridge; market snapshot: B3 COTAHIST 2024-01-02; CVM FRE document 125528, received 2023-04-28",2024-01-02,official_b3_isin_cnpj,B3/CVM point-in-time full-universe gate
CLSC4.SA,2023-09-30,2023-11-10,Energia Elétrica,False,1515864184.1200001,2.652690699561112,0.475568218191173,3.5107034817143554,-0.32632079125687785,0.17927767389913035,0.18906728856011606,,,0.09042643561809412,,562161.35,"CVM ITR 2023, ref 2023-09-30, receipt 2023-11-10; CVM DFP 2022 TTM bridge; market snapshot: B3 COTAHIST 2024-01-02; CVM FRE document 127033, received 2023-05-19",2024-01-02,official_b3_isin_cnpj,B3/CVM point-in-time full-universe gate
TCSA3.SA,2023-09-30,2023-11-09,"Construção Civil, Mat. Constr. e Decoração",False,288587381.6,15.8147403331872,0.4928340934513045,23.539348085387324,-0.08598782061232021,0.031162958295122504,0.031536885281456636,,,0.09374532588569631,,504962.6666666667,"CVM ITR 2023, ref 2023-09-30, receipt 2023-11-09; CVM DFP 2022 TTM bridge; market snapshot: B3 COTAHIST 2024-01-02; CVM FRE document 123707, received 2023-02-24",2024-01-02,official_b3_isin_cnpj,B3/CVM point-in-time full-universe gate
VSTE3.SA,2023-09-30,2023-11-14,Emp. Adm. Part. - Comércio (Atacado e Varejo),False,2268538480.0,9.538206755046524,2.205985553640957,12.083001916763138,0.00465674269717479,0.23127885673832796,0.16131629541641665,,,0.1906624500665779,,465781.6,"CVM ITR 2023, ref 2023-09-30, receipt 2023-11-14; CVM DFP 2022 TTM bridge; market snapshot: B3 COTAHIST 2024-01-02; CVM FRE document 127001, received 2023-05-18",2024-01-02,official_b3_isin_cnpj,B3/CVM point-in-time full-universe gate
CBAV9.SA,2023-09-30,2023-11-08,Extração Mineral,False,2895749998.38,,0.576114223387283,,-0.566990244640775,-0.06038679780763246,-0.029091534071371813,,,-0.0336414022085678,,440790.5,"CVM ITR 2023, ref 2023-09-30, receipt 2023-11-08; CVM DFP 2022 TTM bridge; market snapshot: B3 COTAHIST 2024-01-02; CVM FRE document 127018, received 2023-05-18",2024-01-02,official_b3_isin_cnpj,B3/CVM point-in-time full-universe gate
SCAR3.SA,2023-09-30,2023-11-09,Emp. Adm. Part. - Sem Setor Principal,False,1593550004.4,43.676853622036454,1.0395573942926926,11.360543877020554,0.2774321475820015,0.02380110534720845,0.08969430950587501,,,0.36375900935488004,,415187.4,"CVM ITR 2023, ref 2023-09-30, receipt 2023-11-09; CVM DFP 2022 TTM bridge; market snapshot: B3 COTAHIST 2024-01-02; CVM FRE document 127202, received 2023-05-24",2024-01-02,official_b3_isin_cnpj,B3/CVM point-in-time full-universe gate
LPSB3.SA,2023-09-30,2023-11-08,"Emp. Adm. Part. - Const. Civil, Mat. Const. e Decoração",False,357082207.02,10.429411969741222,1.6677511887347625,8.919342257822947,0.06457336587120549,0.159908458269114,0.1962503018024165,,,0.2042031217572719,,396678.8333333333,"CVM ITR 2023, ref 2023-09-30, receipt 2023-11-08; CVM DFP 2022 TTM bridge; market snapshot: B3 COTAHIST 2024-01-02; CVM FRE document 126288, received 2023-05-11",2024-01-02,official_b3_isin_cnpj,B3/CVM point-in-time full-universe gate
BMEB4.SA,2023-09-30,2023-11-08,Bancos,True,654651294.0,2.275836838134836,0.4347034964793502,,,0.1910081993556321,,,,,,335945.9,"CVM ITR 2023, ref 2023-09-30, receipt 2023-11-08; CVM DFP 2022 TTM bridge; market snapshot: B3 COTAHIST 2024-01-02; CVM FRE document 125465, received 2023-04-26",2024-01-02,official_b3_isin_cnpj,B3/CVM point-in-time full-universe gate
AGXY3.SA,2023-09-30,2023-11-13,Comércio (Atacado e Varejo),False,585929712.27,,0.5587903810434802,4.318584321480272,0.0237537023785312,-0.232044082977928,0.18316654575809674,,,0.039018859376778674,,331916.88333333336,"CVM ITR 2023, ref 2023-09-30, receipt 2023-11-13; CVM DFP 2022 TTM bridge; market snapshot: B3 COTAHIST 2024-01-02; CVM FRE document 126949, received 2023-05-17",2024-01-02,official_b3_isin_cnpj,B3/CVM point-in-time full-universe gate
EMAE4.SA,2023-09-30,2023-11-08,Energia Elétrica,False,1309814537.46,14.18331045772017,1.1300701065867396,64.97017655492915,0.10075624924420282,0.0796760467138775,0.01869694034527947,,,0.021763099558802318,,314883.31666666665,"CVM ITR 2023, ref 2023-09-30, receipt 2023-11-08; CVM DFP 2022 TTM bridge; market snapshot: B3 COTAHIST 2024-01-02; CVM FRE document 125410, received 2023-04-25",2024-01-02,official_b3_isin_cnpj,B3/CVM point-in-time full-universe gate
CTSA3.SA,2023-09-30,2023-11-14,Têxtil e Vestuário,False,182216921.69,,0.7904877910477546,,-0.2018253829497014,-0.21360710071493025,-0.041216099923778615,,,-0.15555864884929474,,309162.6101694915,"CVM ITR 2023, ref 2023-09-30, receipt 2023-11-14; CVM DFP 2022 TTM bridge; market snapshot: B3 COTAHIST 2024-01-02; CVM FRE document 126178, received 2023-05-10",2024-01-02,official_b3_isin_cnpj,B3/CVM point-in-time full-universe gate
ALLD3.SA,2023-09-30,2023-11-09,Comércio (Atacado e Varejo),False,690764512.62,9.0778982642293,0.44487298289521054,4.797823937999491,3.1076277961327445,0.04900616529799584,0.10886726506255781,,,0.03394227273795356,,308362.81666666665,"CVM ITR 2023, ref 2023-09-30, receipt 2023-11-09; CVM DFP 2022 TTM bridge; market snapshot: B3 COTAHIST 2024-01-02; CVM FRE document 127154, received 2023-05-23",2024-01-02,official_b3_isin_cnpj,B3/CVM point-in-time full-universe gate
WEST3.SA,2023-09-30,2023-11-14,Comércio (Atacado e Varejo),False,150149898.32000002,,0.551160496723869,,-0.05432571111447423,-0.22676700009176837,-0.535776225973023,,,-0.3883962671448972,,280812.5833333333,"CVM ITR 2023, ref 2023-09-30, receipt 2023-11-14; CVM DFP 2022 TTM bridge; market snapshot: B3 COTAHIST 2024-01-02; CVM FRE document 125582, received 2023-05-02",2024-01-02,official_b3_isin_cnpj,B3/CVM point-in-time full-universe gate
RSID3.SA,2023-09-30,2023-11-08,"Construção Civil, Mat. Constr. e Decoração",False,80200000.0,,,,-0.06557356608478802,,,,,,,266348.18333333335,"CVM ITR 2023, ref 2023-09-30, receipt 2023-11-08; CVM DFP 2022 TTM bridge; market snapshot: B3 COTAHIST 2024-01-02; CVM FRE document 125757, received 2023-05-04",2024-01-02,official_b3_isin_cnpj,B3/CVM point-in-time full-universe gate
PDTC3.SA,2023-09-30,2023-11-09,Emp. Adm. Part. - Telecomunicações,False,248685799.43,10.89580263888889,1.6227670144471706,8.29306392404092,0.027854425205930625,0.14893505951138025,0.17087592484955488,,,0.10166961794585767,,266089.73333333334,"CVM ITR 2023, ref 2023-09-30, receipt 2023-11-09; CVM DFP 2022 TTM bridge; market snapshot: B3 COTAHIST 2024-01-02; CVM FRE document 126122, received 2023-05-10",2024-01-02,official_b3_isin_cnpj,B3/CVM point-in-time full-universe gate
CTSA4.SA,2023-09-30,2023-11-14,Têxtil e Vestuário,False,152376679.52,,0.6610357791351427,,-0.24134926759034023,-0.21360710071493025,-0.041216099923778615,,,-0.15555864884929474,,258224.9,"CVM ITR 2023, ref 2023-09-30, receipt 2023-11-14; CVM DFP 2022 TTM bridge; market snapshot: B3 COTAHIST 2024-01-02; CVM FRE document 126178, received 2023-05-10",2024-01-02,official_b3_isin_cnpj,B3/CVM point-in-time full-universe gate
DMVF3.SA,2023-09-30,2023-11-08,Comércio (Atacado e Varejo),False,286412085.72,19.00923114886839,0.33241075335907555,6.33618911357408,0.31872258382714447,0.017486806844308575,0.049294116099939146,,,0.025288251600716335,,252713.66666666663,"CVM ITR 2023, ref 2023-09-30, receipt 2023-11-08; CVM DFP 2022 TTM bridge; market snapshot: B3 COTAHIST 2024-01-02; CVM FRE document 126965, received 2023-05-17",2024-01-02,official_b3_isin_cnpj,B3/CVM point-in-time full-universe gate
TPIS3.SA,2023-09-30,2023-11-09,Emp. Adm. Part. - Serviços Transporte e Logística,False,735680000.0,,0.8556318903384357,,0.3043469986950848,-0.07480149661145673,-0.004258047158429285,,,-0.010557750237129843,,239013.91666666663,"CVM ITR 2023, ref 2023-09-30, receipt 2023-11-09; CVM DFP 2022 TTM bridge; market snapshot: B3 COTAHIST 2024-01-02; CVM FRE document 127007, received 2023-05-18",2024-01-02,official_b3_isin_cnpj,B3/CVM point-in-time full-universe gate
EPAR3.SA,2023-09-30,2023-11-16,Emp. Adm. Part. - Sem Setor Principal,False,160642740.08,2.6655616778946674,1.296970289681899,2.3582911971900993,-0.35105227893844326,0.4865654771516228,0.5717939730387746,,,0.1362412335251217,,223787.3392857143,"CVM ITR 2023, ref 2023-09-30, receipt 2023-11-16; CVM DFP 2022 TTM bridge; market snapshot: B3 COTAHIST 2024-01-02; CVM FRE document 116581, received 2022-05-31",2024-01-02,official_b3_isin_cnpj,B3/CVM point-in-time full-universe gate
OFSA3.SA,2023-09-30,2023-11-09,Comércio (Atacado e Varejo),False,1345488209.64,,2.0094900280927823,13.148852854898141,0.14160510559284487,-0.0348837382965409,0.1441361854975107,,,0.11043369989984281,,221455.1833333333,"CVM ITR 2023, ref 2023-09-30, receipt 2023-11-09; CVM DFP 2022 TTM bridge; market snapshot: B3 COTAHIST 2024-01-02; CVM FRE document 125793, received 2023-05-05",2024-01-02,official_b3_isin_cnpj,B3/CVM point-in-time full-universe gate
FRIO3.SA,2023-09-30,2023-11-14,"Máquinas, Equipamentos, Veículos e Peças",False,981514206.0,,,19.677663063279965,0.15450922571771722,,0.11249502324292263,,,0.06460713335756435,,207785.5588235294,"CVM ITR 2023, ref 2023-09-30, receipt 2023-11-14; CVM DFP 2022 TTM bridge; market snapshot: B3 COTAHIST 2024-01-02; CVM FRE document 122589, received 2022-12-14",2024-01-02,official_b3_isin_cnpj,B3/CVM point-in-time full-universe gate
RSUL4.SA,2023-09-30,2023-11-08,"Máquinas, Equipamentos, Veículos e Peças",False,184725536.68,3.0402991602890106,1.037982180191722,1.8884907443418084,0.08662040066349098,0.3414079093759482,0.5494199458579075,,,0.2757553776190609,,192831.88333333333,"CVM ITR 2023, ref 2023-09-30, receipt 2023-11-08; CVM DFP 2022 TTM bridge; market snapshot: B3 COTAHIST 2024-01-02; CVM FRE document 123755, received 2023-02-28",2024-01-02,official_b3_isin_cnpj,B3/CVM point-in-time full-universe gate
CGRA4.SA,2023-09-30,2023-11-10,Comércio (Atacado e Varejo),False,301246370.28,3.509639190530559,0.34397454418399115,3.475960712702545,0.32324372874432233,0.09800852039493892,0.06313428415386664,,,0.06930622191532802,,189471.96666666667,"CVM ITR 2023, ref 2023-09-30, receipt 2023-11-10; CVM DFP 2022 TTM bridge; market snapshot: B3 COTAHIST 2024-01-02; CVM FRE document 125822, received 2023-05-05",2024-01-02,official_b3_isin_cnpj,B3/CVM point-in-time full-universe gate
ALUP4.SA,2023-09-30,2023-11-09,Emp. Adm. Part. - Energia Elétrica,False,2934414970.0,2.4435253819238003,0.27015475174042886,5.982470615263107,0.6280546612669441,0.1105594211293744,0.10565481473828885,,,0.7191902687688997,,180138.3,"CVM ITR 2023, ref 2023-09-30, receipt 2023-11-09; CVM DFP 2022 TTM bridge; market snapshot: B3 COTAHIST 2024-01-02; CVM FRE document 127024, received 2023-05-18",2024-01-02,official_b3_isin_cnpj,B3/CVM point-in-time full-universe gate
RAPT3.SA,2023-09-30,2023-11-09,"Máquinas, Equipamentos, Veículos e Peças",False,1344589181.58,2.008525294357531,0.32539029885279996,3.3420157202810836,1.098743780062238,0.16200458105601448,0.1840729118738562,,,0.11927129310704934,,159881.28333333333,"CVM ITR 2023, ref 2023-09-30, receipt 2023-11-09; CVM DFP 2022 TTM bridge; market snapshot: B3 COTAHIST 2024-01-02; CVM FRE document 127248, received 2023-05-25",2024-01-02,official_b3_isin_cnpj,B3/CVM point-in-time full-universe gate
CRPG5.SA,2023-09-30,2023-11-09,Petroquímicos e Borracha,False,459131253.6,6.90080491786031,0.6626045087521053,22.846951002160047,0.11864798915967327,0.09601843794151986,0.028909297388041277,,,0.03331247155211652,,144409.53333333333,"CVM ITR 2023, ref 2023-09-30, receipt 2023-11-09; CVM DFP 2022 TTM bridge; market snapshot: B3 COTAHIST 2024-01-02; CVM FRE document 116106, received 2022-05-31",2024-01-02,official_b3_isin_cnpj,B3/CVM point-in-time full-universe gate
CGAS5.SA,2023-09-30,2023-11-13,"Emp. Adm. Part. - Saneamento, Serv. Água e Gás",False,3556721916.09,10.110240413679596,8.004937738208843,3.085531036618167,0.6629666461504529,0.7917653201775313,0.4978038841415206,,,0.18147601404663394,,144077.61666666667,"CVM ITR 2023, ref 2023-09-30, receipt 2023-11-13; CVM DFP 2022 TTM bridge; market snapshot: B3 COTAHIST 2024-01-02; CVM FRE document 127282, received 2023-05-26",2024-01-02,official_b3_isin_cnpj,B3/CVM point-in-time full-universe gate
UCAS3.SA,2023-09-30,2023-11-13,"Construção Civil, Mat. Constr. e Decoração",False,175128864.6,12.859157397753139,0.8889383967229924,17.962993453648693,0.1876903620375553,0.06912882152592013,0.048982034613019414,,,0.04027557686490684,,137621.36666666667,"CVM ITR 2023, ref 2023-09-30, receipt 2023-11-13; CVM DFP 2022 TTM bridge; market snapshot: B3 COTAHIST 2024-01-02; CVM FRE document 127132, received 2023-05-23",2024-01-02,official_b3_isin_cnpj,B3/CVM point-in-time full-universe gate
JFEN3.SA,2023-09-30,2023-11-13,"Construção Civil, Mat. Constr. e Decoração",False,221980049.64999998,,,,0.20981615272829995,,,,,-0.9339405297649601,,130924.03333333334,"CVM ITR 2023, ref 2023-09-30, receipt 2023-11-13; CVM DFP 2022 TTM bridge; market snapshot: B3 COTAHIST 2024-01-02; CVM FRE document 116829, received 2022-06-03",2024-01-02,official_b3_isin_cnpj,B3/CVM point-in-time full-universe gate
CGRA3.SA,2023-09-30,2023-11-10,Comércio (Atacado e Varejo),False,213896631.5,2.49198023510497,0.24423529569607014,1.596299444815046,0.45524793596387236,0.09800852039493892,0.06313428415386664,,,0.06930622191532802,,130814.0,"CVM ITR 2023, ref 2023-09-30, receipt 2023-11-10; CVM DFP 2022 TTM bridge; market snapshot: B3 COTAHIST 2024-01-02; CVM FRE document 125822, received 2023-05-05",2024-01-02,official_b3_isin_cnpj,B3/CVM point-in-time full-universe gate
ALUP3.SA,2023-09-30,2023-11-09,Emp. Adm. Part. - Energia Elétrica,False,6301467201.05,5.247313419044478,0.580139934093956,7.461504084322488,0.292467284395753,0.1105594211293744,0.10565481473828885,,,0.7191902687688997,,124420.5,"CVM ITR 2023, ref 2023-09-30, receipt 2023-11-09; CVM DFP 2022 TTM bridge; market snapshot: B3 COTAHIST 2024-01-02; CVM FRE document 127024, received 2023-05-18",2024-01-02,official_b3_isin_cnpj,B3/CVM point-in-time full-universe gate
CEEB3.SA,2023-09-30,2023-10-25,Energia Elétrica,False,6064704599.099999,3.6600510555823775,1.0235788352911392,5.427557235655621,-0.06875850145477534,0.279662447257384,0.18559789750328515,,,0.2402694610778443,,116682.94,"CVM ITR 2023, ref 2023-09-30, receipt 2023-10-25; CVM DFP 2022 TTM bridge; market snapshot: B3 COTAHIST 2024-01-02; CVM FRE document 125926, received 2023-05-08",2024-01-02,official_b3_isin_cnpj,B3/CVM point-in-time full-universe gate
BEES3.SA,2023-09-30,2023-11-14,Bancos,True,2239025664.0,6.615391804571925,1.062896582629649,,,0.16067023904692643,,,,,,110865.0,"CVM ITR 2023, ref 2023-09-30, receipt 2023-11-14; CVM DFP 2022 TTM bridge; market snapshot: B3 COTAHIST 2024-01-02; CVM FRE document 126655, received 2023-05-15",2024-01-02,official_b3_isin_cnpj,B3/CVM point-in-time full-universe gate
ENGI4.SA,2023-09-30,2023-11-09,Emp. Adm. Part. - Energia Elétrica,False,10636032136.84,4.546191032130993,0.7143129135671897,6.95338658101761,0.08858058981757784,0.15712338274363297,0.1302196463700154,,,0.21510498954214158,,104173.41666666669,"CVM ITR 2023, ref 2023-09-30, receipt 2023-11-09; CVM DFP 2022 TTM bridge; market snapshot: B3 COTAHIST 2024-01-02; CVM FRE document 127076, received 2023-05-22",2024-01-02,official_b3_isin_cnpj,B3/CVM point-in-time full-universe gate
BRSR3.SA,2023-09-30,2023-11-13,Bancos,True,2776577947.14,2.9615283544006763,0.28676881269270366,,,0.09683135812850828,,,,,,102470.85,"CVM ITR 2023, ref 2023-09-30, receipt 2023-11-13; CVM DFP 2022 TTM bridge; market snapshot: B3 COTAHIST 2024-01-02; CVM FRE document 126999, received 2023-05-18",2024-01-02,official_b3_isin_cnpj,B3/CVM point-in-time full-universe gate
ENGI3.SA,2023-09-30,2023-11-09,Emp. Adm. Part. - Energia Elétrica,False,14320071688.32,6.120871077797934,0.9617319690812779,7.582091669187262,0.06579198907003031,0.15712338274363297,0.1302196463700154,,,0.21510498954214158,,92018.58333333331,"CVM ITR 2023, ref 2023-09-30, receipt 2023-11-09; CVM DFP 2022 TTM bridge; market snapshot: B3 COTAHIST 2024-01-02; CVM FRE document 127076, received 2023-05-22",2024-01-02,official_b3_isin_cnpj,B3/CVM point-in-time full-universe gate
EALT4.SA,2023-09-30,2023-11-09,Metalurgia e Siderurgia,False,12099750.0,0.35822453148592237,0.052318492158549924,2.4332649369845964,1.6878861133494494,0.14604943983465285,0.14934355756942025,,,0.1077189953825139,,87959.38333333333,"CVM ITR 2023, ref 2023-09-30, receipt 2023-11-09; CVM DFP 2022 TTM bridge; market snapshot: B3 COTAHIST 2024-01-02; CVM FRE document 123226, received 2023-01-25",2024-01-02,official_b3_isin_cnpj,B3/CVM point-in-time full-universe gate
CEDO4.SA,2023-09-30,2023-11-14,Têxtil e Vestuário,False,114663252.16,1.8945714312150952,0.6143749378998468,1.8147988830085708,0.7009307558087667,0.3242817493061286,0.45233841146286957,,,0.15558579841139414,,85814.18644067796,"CVM ITR 2023, ref 2023-09-30, receipt 2023-11-14; CVM DFP 2022 TTM bridge; market snapshot: B3 COTAHIST 2024-01-02; CVM FRE document 126500, received 2023-05-12",2024-01-02,official_b3_isin_cnpj,B3/CVM point-in-time full-universe gate
DOTZ3.SA,2023-09-30,2023-11-13,Comunicação e Informática,False,1030133145.6,,,,-0.07863061231062674,,,,,-0.6122795408119228,,80995.21666666666,"CVM ITR 2023, ref 2023-09-30, receipt 2023-11-13; CVM DFP 2022 TTM bridge; market snapshot: B3 COTAHIST 2024-01-02; CVM FRE document 126054, received 2023-05-09",2024-01-02,official_b3_isin_cnpj,B3/CVM point-in-time full-universe gate
EQPA3.SA,2023-09-30,2023-11-08,Energia Elétrica,False,16821254941.47,7.971743151527646,3.777741407395646,7.7196093933386765,0.07026003732256125,0.47389151100179483,0.3101722677579149,,,0.2761440850721973,,72751.36666666667,"CVM ITR 2023, ref 2023-09-30, receipt 2023-11-08; CVM DFP 2022 TTM bridge; market snapshot: B3 COTAHIST 2024-01-02; CVM FRE document 127135, received 2023-05-23",2024-01-02,official_b3_isin_cnpj,B3/CVM point-in-time full-universe gate
MNPR3.SA,2023-09-30,2023-11-13,Emp. Adm. Part. - Alimentos,False,133836885.00000001,,,4.25367456862309,0.04570488920150823,,,,,0.08307813341499731,,67031.80357142857,"CVM ITR 2023, ref 2023-09-30, receipt 2023-11-13; CVM DFP 2022 TTM bridge; market snapshot: B3 COTAHIST 2024-01-02; CVM FRE document 126107, received 2023-05-10",2024-01-02,official_b3_isin_cnpj,B3/CVM point-in-time full-universe gate
CRPG6.SA,2023-09-30,2023-11-09,Petroquímicos e Borracha,False,235368988.21,3.5376277668224794,0.3396774921888417,11.606569960817803,0.2314451041927262,0.09601843794151986,0.028909297388041277,,,0.03331247155211652,,62929.89473684211,"CVM ITR 2023, ref 2023-09-30, receipt 2023-11-09; CVM DFP 2022 TTM bridge; market snapshot: B3 COTAHIST 2024-01-02; CVM FRE document 116106, received 2022-05-31",2024-01-02,official_b3_isin_cnpj,B3/CVM point-in-time full-universe gate
CRIV4.SA,2023-09-30,2023-11-10,Bancos,True,259490904.69,,0.23756028904639317,,,-0.005033341999934085,,,,,,62426.525,"CVM ITR 2023, ref 2023-09-30, receipt 2023-11-10; CVM DFP 2022 TTM bridge; market snapshot: B3 COTAHIST 2024-01-02; CVM FRE document 125453, received 2023-04-26",2024-01-02,official_b3_isin_cnpj,B3/CVM point-in-time full-universe gate
REDE3.SA,2023-09-30,2023-11-09,Energia Elétrica,False,14075856904.58,6.751956103483078,2.420750303427522,6.885979701884901,0.17868112876180495,0.3585257762826315,0.21407388426247018,,,0.24026090758962498,,62284.68333333333,"CVM ITR 2023, ref 2023-09-30, receipt 2023-11-09; CVM DFP 2022 TTM bridge; market snapshot: B3 COTAHIST 2024-01-02; CVM FRE document 126923, received 2023-05-16",2024-01-02,official_b3_isin_cnpj,B3/CVM point-in-time full-universe gate
MGEL4.SA,2023-09-30,2023-11-10,Emp. Adm. Part. - Metalurgia e Siderurgia,False,50128421.81,0.23535685791284996,2.127511323741618,9.848315353681745,2.7477226496790044,9.039512774806893,0.10571488705793504,,,0.07319448775109375,,60256.06,"CVM ITR 2023, ref 2023-09-30, receipt 2023-11-10; CVM DFP 2022 TTM bridge; market snapshot: B3 COTAHIST 2024-01-02; CVM FRE document 123309, received 2023-02-01",2024-01-02,official_b3_isin_cnpj,B3/CVM point-in-time full-universe gate
BRIV4.SA,2023-09-30,2023-11-10,Bancos,True,381737605.84999996,,0.21778507857062168,,,-0.037060892802333156,,,,,,51014.96,"CVM ITR 2023, ref 2023-09-30, receipt 2023-11-10; CVM DFP 2022 TTM bridge; market snapshot: B3 COTAHIST 2024-01-02; CVM FRE document 125452, received 2023-04-26",2024-01-02,official_b3_isin_cnpj,B3/CVM point-in-time full-universe gate
GEPA4.SA,2023-09-30,2023-11-13,Energia Elétrica,False,1643139124.2,4.817318374036178,0.7738828979295793,4.040257979974747,0.38149234642878693,0.16064599385844275,0.2015517187367659,,,0.37349094513329134,,45946.92452830189,"CVM ITR 2023, ref 2023-09-30, receipt 2023-11-13; CVM DFP 2022 TTM bridge; market snapshot: B3 COTAHIST 2024-01-02; CVM FRE document 127247, received 2023-05-25",2024-01-02,official_b3_isin_cnpj,B3/CVM point-in-time full-universe gate
BEES4.SA,2023-09-30,2023-11-14,Bancos,True,867987469.8000001,2.5645428216878363,0.41204570820666386,,,0.16067023904692643,,,,,,41807.23333333333,"CVM ITR 2023, ref 2023-09-30, receipt 2023-11-14; CVM DFP 2022 TTM bridge; market snapshot: B3 COTAHIST 2024-01-02; CVM FRE document 126655, received 2023-05-15",2024-01-02,official_b3_isin_cnpj,B3/CVM point-in-time full-universe gate
MNDL3.SA,2023-09-30,2023-11-14,Têxtil e Vestuário,False,130461676.0,0.14336715740843511,0.8368614314854965,5.797869793700559,-0.36921187491106583,5.837190655188782,0.16442967795434782,,,0.10986703474111185,,40819.74509803922,"CVM ITR 2023, ref 2023-09-30, receipt 2023-11-14; CVM DFP 2022 TTM bridge; market snapshot: B3 COTAHIST 2024-01-02; CVM FRE document 126266, received 2023-05-11",2024-01-02,official_b3_isin_cnpj,B3/CVM point-in-time full-universe gate
ALPA3.SA,2023-09-30,2023-11-08,Têxtil e Vestuário,False,3395106890.0,,0.6297594524474242,,-0.16421338651873785,-0.05235371445286756,-0.061389106210731334,,,-0.09973390812869265,,38401.11666666667,"CVM ITR 2023, ref 2023-09-30, receipt 2023-11-08; CVM DFP 2022 TTM bridge; market snapshot: B3 COTAHIST 2024-01-02; CVM FRE document 127160, received 2023-05-23",2024-01-02,official_b3_isin_cnpj,B3/CVM point-in-time full-universe gate
CGAS3.SA,2023-09-30,2023-11-13,"Emp. Adm. Part. - Saneamento, Serv. Água e Gás",False,12670219068.32,36.016018091041914,28.516234095373562,6.238260440168003,0.1861047537761836,0.7917653201775313,0.4978038841415206,,,0.18147601404663394,,35680.666666666664,"CVM ITR 2023, ref 2023-09-30, receipt 2023-11-13; CVM DFP 2022 TTM bridge; market snapshot: B3 COTAHIST 2024-01-02; CVM FRE document 127282, received 2023-05-26",2024-01-02,official_b3_isin_cnpj,B3/CVM point-in-time full-universe gate
EUCA3.SA,2023-09-30,2023-11-13,"Construção Civil, Mat. Constr. e Decoração",False,515752050.0,1.8763967867628601,0.2338414500061889,3.6973683735238962,-0.08977375853377606,0.12462260202950448,0.11384389210824815,,,0.12519044674293203,,30462.392156862745,"CVM ITR 2023, ref 2023-09-30, receipt 2023-11-13; CVM DFP 2022 TTM bridge; market snapshot: B3 COTAHIST 2024-01-02; CVM FRE document 125479, received 2023-04-27",2024-01-02,official_b3_isin_cnpj,B3/CVM point-in-time full-universe gate
FRTA3.SA,2023-09-30,2023-11-14,"Agricultura (Açúcar, Álcool e Cana)",False,3802101.4,,,,-1.1835560198368198,,,,,-0.2350046548743184,,24305.3,"CVM ITR 2023, ref 2023-09-30, receipt 2023-11-14; CVM DFP 2022 TTM bridge; market snapshot: B3 COTAHIST 2024-01-02; CVM FRE document 124615, received 2023-03-27",2024-01-02,official_b3_isin_cnpj,B3/CVM point-in-time full-universe gate
UNIP5.SA,2023-09-30,2023-11-09,Petroquímicos e Borracha,False,175420375.32,0.22535353569974165,0.061855882421182576,0.5391840725002387,8.733101825859212,0.27448374497038563,0.35866084928127034,,,0.2079220745895263,,24171.91176470588,"CVM ITR 2023, ref 2023-09-30, receipt 2023-11-09; CVM DFP 2022 TTM bridge; market snapshot: B3 COTAHIST 2024-01-02; CVM FRE document 125570, received 2023-05-02",2024-01-02,official_b3_isin_cnpj,B3/CVM point-in-time full-universe gate
BMEB3.SA,2023-09-30,2023-11-08,Bancos,True,1317449143.6799998,4.579994450535888,0.8748164930556477,,,0.1910081993556321,,,,,,23427.425,"CVM ITR 2023, ref 2023-09-30, receipt 2023-11-08; CVM DFP 2022 TTM bridge; market snapshot: B3 COTAHIST 2024-01-02; CVM FRE document 125465, received 2023-04-26",2024-01-02,official_b3_isin_cnpj,B3/CVM point-in-time full-universe gate
BGIP4.SA,2023-09-30,2023-11-14,Bancos,True,175778535.0,2.8260214630225082,0.28502670627475846,,,0.10085794110350263,,,,,,22932.51724137931,"CVM ITR 2023, ref 2023-09-30, receipt 2023-11-14; CVM DFP 2022 TTM bridge; market snapshot: B3 COTAHIST 2024-01-02; CVM FRE document 125414, received 2023-04-25",2024-01-02,official_b3_isin_cnpj,B3/CVM point-in-time full-universe gate
CTKA4.SA,2023-09-30,2023-11-14,Têxtil e Vestuário,False,61182996.690000005,1.5937222373013806,,8.845747185596256,1.238988021199522,,0.16743318089562775,,,0.10288967004363692,,21542.297297297297,"CVM ITR 2023, ref 2023-09-30, receipt 2023-11-14; CVM DFP 2022 TTM bridge; market snapshot: B3 COTAHIST 2024-01-02; CVM FRE document 125812, received 2023-05-05",2024-01-02,official_b3_isin_cnpj,B3/CVM point-in-time full-universe gate
NUTR3.SA,2023-09-30,2023-11-07,"Agricultura (Açúcar, Álcool e Cana)",False,56950920.0,14.889129411764706,1.7312941176470589,5.970126102209159,0.11044597699211883,0.11627906976744186,0.27105445760838837,,,0.06420918056739315,,19397.05,"CVM ITR 2023, ref 2023-09-30, receipt 2023-11-07; CVM DFP 2022 TTM bridge; market snapshot: B3 COTAHIST 2024-01-02; CVM FRE document 126676, received 2023-05-15",2024-01-02,official_b3_isin_cnpj,B3/CVM point-in-time full-universe gate
CRIV3.SA,2023-09-30,2023-11-10,Bancos,True,345956624.40999997,,0.31671844448859116,,,-0.005033341999934085,,,,,,17262.962962962964,"CVM ITR 2023, ref 2023-09-30, receipt 2023-11-10; CVM DFP 2022 TTM bridge; market snapshot: B3 COTAHIST 2024-01-02; CVM FRE document 125453, received 2023-04-26",2024-01-02,official_b3_isin_cnpj,B3/CVM point-in-time full-universe gate
EKTR4.SA,2023-09-30,2023-10-25,Energia Elétrica,False,3882581746.23,4.338080163385475,1.4242779700036683,4.593323519478495,0.09916082265977691,0.32831988261188555,0.25179369162041426,,,0.21627906976744185,,16614.363636363636,"CVM ITR 2023, ref 2023-09-30, receipt 2023-10-25; CVM DFP 2022 TTM bridge; market snapshot: B3 COTAHIST 2024-01-02; CVM FRE document 125930, received 2023-05-08",2024-01-02,official_b3_isin_cnpj,B3/CVM point-in-time full-universe gate
HOOT4.SA,2023-09-30,2023-11-14,Hospedagem e Turismo,False,22025638.26,0.17419145288465343,,0.07191172365702816,1.5691713262524087,,,,,1.1212869659259477,,15631.50847457627,"CVM ITR 2023, ref 2023-09-30, receipt 2023-11-14; CVM DFP 2022 TTM bridge; market snapshot: B3 COTAHIST 2024-01-02; CVM FRE document 127255, received 2023-05-26",2024-01-02,official_b3_isin_cnpj,B3/CVM point-in-time full-universe gate
BRIV3.SA,2023-09-30,2023-11-10,Bancos,True,575467708.04,,0.32831001737773113,,,-0.037060892802333156,,,,,,15397.23076923077,"CVM ITR 2023, ref 2023-09-30, receipt 2023-11-10; CVM DFP 2022 TTM bridge; market snapshot: B3 COTAHIST 2024-01-02; CVM FRE document 125452, received 2023-04-26",2024-01-02,official_b3_isin_cnpj,B3/CVM point-in-time full-universe gate
AVLL3.SA,2023-09-30,2023-11-14,"Construção Civil, Mat. Constr. e Decoração",False,112078970.0,,,,0.5711954704794308,,-0.4275595670778136,,,-0.557746436586629,,14213.901960784313,"CVM ITR 2023, ref 2023-09-30, receipt 2023-11-14; CVM DFP 2022 TTM bridge; market snapshot: B3 COTAHIST 2024-01-02; CVM FRE document 121196, received 2022-10-27",2024-01-02,official_b3_isin_cnpj,B3/CVM point-in-time full-universe gate
EQMA3B.SA,2023-09-30,2023-11-08,Energia Elétrica,False,4758908700.5,5.141297870949759,1.3010907884340406,6.024696431839988,-0.04963049616295113,0.2530666032376156,0.19657458685583348,,,0.21397428834996873,,14080.024390243903,"CVM ITR 2023, ref 2023-09-30, receipt 2023-11-08; CVM DFP 2022 TTM bridge; market snapshot: B3 COTAHIST 2024-01-02; CVM FRE document 125915, received 2023-05-08",2024-01-02,official_b3_isin_cnpj,B3/CVM point-in-time full-universe gate
CEDO3.SA,2023-09-30,2023-11-14,Têxtil e Vestuário,False,159798912.0,2.640344205412908,0.8562154377015978,2.0631053506001957,0.5029508586391377,0.3242817493061286,0.45233841146286957,,,0.15558579841139414,,13101.045454545454,"CVM ITR 2023, ref 2023-09-30, receipt 2023-11-14; CVM DFP 2022 TTM bridge; market snapshot: B3 COTAHIST 2024-01-02; CVM FRE document 126500, received 2023-05-12",2024-01-02,official_b3_isin_cnpj,B3/CVM point-in-time full-universe gate
CLSC3.SA,2023-09-30,2023-11-10,Energia Elétrica,False,955540010.98,1.6721498711684786,0.29977913931381533,2.914579056200097,-0.5176737701361973,0.17927767389913035,0.18906728856011606,,,0.09042643561809412,,12563.03448275862,"CVM ITR 2023, ref 2023-09-30, receipt 2023-11-10; CVM DFP 2022 TTM bridge; market snapshot: B3 COTAHIST 2024-01-02; CVM FRE document 127033, received 2023-05-19",2024-01-02,official_b3_isin_cnpj,B3/CVM point-in-time full-universe gate
BMKS3.SA,2023-09-30,2023-11-09,Brinquedos e Lazer,False,163696357.5,7.5065968496354385,0.7998844734913266,1.5532679698882952,0.16161019343390093,0.10655753725873443,0.08696937697993665,,,0.257149993755464,,12282.362372881356,"CVM ITR 2023, ref 2023-09-30, receipt 2023-11-09; CVM DFP 2022 TTM bridge; market snapshot: B3 COTAHIST 2024-01-02; CVM FRE document 125979, received 2023-05-09",2024-01-02,official_b3_isin_cnpj,B3/CVM point-in-time full-universe gate
BRGE3.SA,2023-09-30,2023-11-10,Emp. Adm. Part. - Intermediação Financeira,True,455654832.96,6.298446767665597,0.2402673802248307,,,0.038147084366624145,,,,,,11004.117647058823,"CVM ITR 2023, ref 2023-09-30, receipt 2023-11-10; CVM DFP 2022 TTM bridge; market snapshot: B3 COTAHIST 2024-01-02; CVM FRE document 125076, received 2023-04-06",2024-01-02,official_b3_isin_cnpj,B3/CVM point-in-time full-universe gate
BALM4.SA,2023-09-30,2023-11-14,Metalurgia e Siderurgia,False,49049000.0,4.140553773425629,0.3306592421310934,3.00515727124183,0.35802972537666417,0.07985870012201945,0.12383885266945321,,,0.10696612520891821,,9085.484848484848,"CVM ITR 2023, ref 2023-09-30, receipt 2023-11-14; CVM DFP 2022 TTM bridge; market snapshot: B3 COTAHIST 2024-01-02; CVM FRE document 131057, received 2023-09-20",2024-01-02,official_b3_isin_cnpj,B3/CVM point-in-time full-universe gate
LIPR3.SA,2023-09-30,2023-11-13,Emp. Adm. Part. - Energia Elétrica,False,846954359.1099999,36.88664949740865,3.9251919096369345,42.298254787972624,0.029956750003225098,0.10641226468434566,0.09283034964970117,,,,,9071.57142857143,"CVM ITR 2023, ref 2023-09-30, receipt 2023-11-13; CVM DFP 2022 TTM bridge; market snapshot: B3 COTAHIST 2024-01-02; CVM FRE document 127272, received 2023-05-26",2024-01-02,official_b3_isin_cnpj,B3/CVM point-in-time full-universe gate
AFLT3.SA,2023-09-30,2023-10-25,Energia Elétrica,False,532434867.99999994,19.290419477555158,2.0352703628384883,18.07822458333333,0.02303004693524317,0.10550679653216312,0.11528208084155919,,,0.39378691752351785,,9070.135135135137,"CVM ITR 2023, ref 2023-09-30, receipt 2023-10-25; CVM DFP 2022 TTM bridge; market snapshot: B3 COTAHIST 2024-01-02; CVM FRE document 125920, received 2023-05-08",2024-01-02,official_b3_isin_cnpj,B3/CVM point-in-time full-universe gate
NEXP3.SA,2023-09-30,2023-11-09,"Emp. Adm. Part. - Const. Civil, Mat. Const. e Decoração",False,13304400.69,,,,-3.934863450057441,,,,,-1.1963197649656228,,8736.421052631578,"CVM ITR 2023, ref 2023-09-30, receipt 2023-11-09; CVM DFP 2022 TTM bridge; market snapshot: B3 COTAHIST 2024-01-02; CVM FRE document 125322, received 2023-04-19",2024-01-02,official_b3_isin_cnpj,B3/CVM point-in-time full-universe gate
SOND5.SA,2023-09-30,2023-11-14,"Construção Civil, Mat. Constr. e Decoração",False,42368400.0,2.827010075398679,0.7362655313233122,1.331637094074322,0.25464733150177965,0.2604396559214528,0.5273761647866602,,,0.15859802718519916,,7975.0,"CVM ITR 2023, ref 2023-09-30, receipt 2023-11-14; CVM DFP 2022 TTM bridge; market snapshot: B3 COTAHIST 2024-01-02; CVM FRE document 127857, received 2023-05-31",2024-01-02,official_b3_isin_cnpj,B3/CVM point-in-time full-universe gate
ESTR4.SA,2023-09-30,2023-11-14,Brinquedos e Lazer,False,2252602.0,,,110.51034738186462,6.893361543672606,,,,,0.0048988325387589625,,7846.578947368421,"CVM ITR 2023, ref 2023-09-30, receipt 2023-11-14; CVM DFP 2022 TTM bridge; market snapshot: B3 COTAHIST 2024-01-02; CVM FRE document 126663, received 2023-05-15",2024-01-02,official_b3_isin_cnpj,B3/CVM point-in-time full-universe gate
RPAD3.SA,2023-09-30,2023-11-10,Emp. Adm. Part. - Intermediação Financeira,True,364872241.76,10.914188679967694,0.33150644915863275,,,0.03037389758224466,,,,,,7398.962962962963,"CVM ITR 2023, ref 2023-09-30, receipt 2023-11-10; CVM DFP 2022 TTM bridge; market snapshot: B3 COTAHIST 2024-01-02; CVM FRE document 125077, received 2023-04-06",2024-01-02,official_b3_isin_cnpj,B3/CVM point-in-time full-universe gate
CBEE3.SA,2023-09-30,2023-10-25,Energia Elétrica,False,3555106830.8,,0.6621654732152337,9.201106093559982,-0.21114583491463837,-0.0066093490112518185,0.09030495783132811,,,0.1245352724931456,,7278.25,"CVM ITR 2023, ref 2023-09-30, receipt 2023-10-25; CVM DFP 2022 TTM bridge; market snapshot: B3 COTAHIST 2024-01-02; CVM FRE document 125510, received 2023-04-27",2024-01-02,official_b3_isin_cnpj,B3/CVM point-in-time full-universe gate
GSHP3.SA,2023-09-30,2023-11-14,Comércio (Atacado e Varejo),False,28931535.0,,,43.192673008294754,-4.816647301983804,,0.04499101741839737,,,0.263632318352298,,6531.222222222223,"CVM ITR 2023, ref 2023-09-30, receipt 2023-11-14; CVM DFP 2022 TTM bridge; market snapshot: B3 COTAHIST 2024-01-02; CVM FRE document 130729, received 2023-08-29",2024-01-02,official_b3_isin_cnpj,B3/CVM point-in-time full-universe gate
CPLE5.SA,2023-09-30,2023-11-08,Energia Elétrica,False,71255840.0,0.035488291317810075,0.00303111425177345,3.090025405041894,-6.020727564224911,0.08541167070087315,0.09441276869383446,,,0.13842849439472762,,6215.04,"CVM ITR 2023, ref 2023-09-30, receipt 2023-11-08; CVM DFP 2022 TTM bridge; market snapshot: B3 COTAHIST 2024-01-02; CVM FRE document 125885, received 2023-05-08",2024-01-02,official_b3_isin_cnpj,B3/CVM point-in-time full-universe gate
EALT3.SA,2023-09-30,2023-11-09,Metalurgia e Siderurgia,False,9535500.0,0.28230748734345856,0.041230850387640475,2.3833923292360355,2.141785957736878,0.14604943983465285,0.14934355756942025,,,0.1077189953825139,,4921.137931034483,"CVM ITR 2023, ref 2023-09-30, receipt 2023-11-09; CVM DFP 2022 TTM bridge; market snapshot: B3 COTAHIST 2024-01-02; CVM FRE document 123226, received 2023-01-25",2024-01-02,official_b3_isin_cnpj,B3/CVM point-in-time full-universe gate
PLAS3.SA,2023-09-30,2023-11-10,"Emp. Adm. Part. - Máqs., Equip., Veíc. e Peças",False,90705551.39999999,6.312586220335444,,8.024549670624854,0.028906720256154025,,,,,0.051151667688093365,,3655.782608695652,"CVM ITR 2023, ref 2023-09-30, receipt 2023-11-10; CVM DFP 2022 TTM bridge; market snapshot: B3 COTAHIST 2024-01-02; CVM FRE document 127070, received 2023-05-22",2024-01-02,official_b3_isin_cnpj,B3/CVM point-in-time full-universe gate
USIM6.SA,2023-09-30,2023-10-27,Metalurgia e Siderurgia,False,1006504.59,,3.858899901474856e-05,,614.9867632496341,-0.006630376431380792,-0.02133643675606942,,,-0.02091442068019409,,2301.25,"CVM ITR 2023, ref 2023-09-30, receipt 2023-10-27; CVM DFP 2022 TTM bridge; market snapshot: B3 COTAHIST 2024-01-02; CVM FRE document 126081, received 2023-05-10",2024-01-02,official_b3_isin_cnpj,B3/CVM point-in-time full-universe gate
PINE3.SA,2023-09-30,2023-11-13,Bancos,True,512000875.91,3.4838523441795273,0.5250187149471137,,,0.15070062192051928,,,,,,2034.3333333333333,"CVM ITR 2023, ref 2023-09-30, receipt 2023-11-13; CVM DFP 2022 TTM bridge; market snapshot: B3 COTAHIST 2024-01-02; CVM FRE document 126017, received 2023-05-09",2024-01-02,official_b3_isin_cnpj,B3/CVM point-in-time full-universe gate
NORD3.SA,2023-09-30,2023-11-13,Metalurgia e Siderurgia,False,21850903.799999997,,,12.531105386711381,-0.00480529322544544,,,,,2.09806508355321,,1701.5263157894738,"CVM ITR 2023, ref 2023-09-30, receipt 2023-11-13; CVM DFP 2022 TTM bridge; market snapshot: B3 COTAHIST 2024-01-02; CVM FRE document 127809, received 2023-05-31",2024-01-02,official_b3_isin_cnpj,B3/CVM point-in-time full-universe gate
