date,decision_year,strategy,mvo,cdi,equity_sleeve,IBOVESPA,BOVA11,strategy_daily_return,cdi_daily_return,market_drawdown,market_volatility,stress_at_close,tradable_stress,risk_state,risk_multiplier,base_equity_weight,protected_equity_weight,overlay_turnover,overlay_cost_rate,protected_return,base_rebased,protected_rebased,cdi_rebased
2015-01-05,2015,98.952658,98.822538,100.043455,98.415959,97.948961,98.011006,-0.010473415164087285,0.00043455050886920255,,,0,0,0,1.0,0.6374999999999998,0.6374999999999998,0.0,0.0,-0.010473415164087285,0.9895265848359127,0.9895265848359127,1.0004345505088692
2015-01-06,2015,98.692067,98.905421,100.086929,97.982467,98.946652,98.561158,-0.0026334916642664075,0.00043455116579083075,,,0,0,0,1.0,0.6374999999999998,0.6374999999999998,0.0,0.0,-0.0026334916642664075,0.9869206748231774,0.9869206748231774,1.0008692905090903
2015-01-07,2015,100.039195,100.528579,100.130422,100.070879,101.96034,101.883206,0.013649810374323224,0.0004345522480762032,,,0,0,0,1.0,0.6374999999999998,0.6374999999999998,0.0,0.0,0.013649810374323224,1.0003919548890128,1.0003919548890128,1.0013042205093114
2015-01-08,2015,100.826204,99.715933,100.173933,101.280661,102.949786,102.644943,0.007867006526791842,0.00043454325998948384,,,0,0,0,1.0,0.6374999999999998,0.6374999999999998,0.0,0.0,0.007867006526791842,1.0082620449274746,1.0082620449274746,1.0017393305095328
2015-01-09,2015,99.296611,98.348553,100.217464,98.856546,100.676121,100.571309,-0.015170589978771853,0.0004345541669008579,,,0,0,0,1.0,0.6374999999999998,0.6374999999999998,0.0,0.0,-0.015170589978771853,0.9929661148527219,0.9929661148527219,1.0021746405097542
2015-01-12,2015,97.62901,100.430495,100.261013,96.215938,99.233179,99.090147,-0.016794138120182267,0.00043454502101547554,,,0,0,0,1.0,0.6374999999999998,0.6374999999999998,0.0,0.0,-0.016794138120182267,0.9762901047712246,0.9762901047712246,1.0026101305099757
2015-01-13,2015,97.192301,98.98349,100.304582,95.50613,99.031168,98.688111,-0.004473147889136553,0.0004345557529923383,,,0,0,0,1.0,0.6374999999999998,0.6374999999999998,0.0,0.0,-0.004473147889136553,0.9719230147498823,0.9719230147498823,1.0030458205101973
2015-01-14,2015,97.6747,97.689551,100.348169,96.238049,98.214875,98.349558,0.004963345810693465,0.0004345464497323981,,,0,0,0,1.0,0.6374999999999998,0.6374999999999998,0.0,0.0,0.004963345810693465,0.9767470047734577,0.9767470047734577,1.003481690510419
2015-01-15,2015,97.746625,98.040755,100.391775,96.326076,98.998186,99.449855,0.0007363728785447776,0.00043454704190959426,,,0,0,0,1.0,0.6374999999999998,0.6374999999999998,0.0,0.0,0.0007363728785447776,0.9774662547769727,0.9774662547769727,1.0039177505106407
2015-01-16,2015,99.507054,100.035423,100.435401,99.062727,101.04098,100.719425,0.018010125669300603,0.00043455751230614403,,,0,0,0,1.0,0.6374999999999998,0.6374999999999998,0.0,0.0,0.018010125669300603,0.9950705448630066,0.9950705448630066,1.0043540105108626
2015-01-19,2015,97.260639,98.637017,100.479045,95.514122,98.445745,97.98985,-0.022575434702347796,0.00043454797377662224,,,0,0,0,1.0,0.6374999999999998,0.6374999999999998,0.0,0.0,-0.022575434702347796,0.9726063947532222,0.9726063947532222,1.0047904505110845
2015-01-20,2015,97.805078,98.623516,100.522708,96.343316,98.691046,98.434198,0.005597732089751117,0.00043454831800993077,,,0,0,0,1.0,0.6374999999999998,0.6374999999999998,0.0,0.0,0.005597732089751117,0.9780507847798294,0.9780507847798294,1.0052270805113066
2015-01-21,2015,99.196827,99.26261,100.56639,98.501613,101.467678,101.163781,0.014229823527158736,0.00043454857980940176,,,0,0,0,1.0,0.6374999999999998,0.6374999999999998,0.0,0.0,0.014229823527158736,0.9919682748478456,0.9919682748478456,1.0056639005115287
2015-01-22,2015,100.034514,99.247431,100.611948,99.789726,101.919113,101.819722,0.008444695514303158,0.00045301417302545666,,,0,0,0,1.0,0.6374999999999998,0.6374999999999998,0.0,0.0,0.008444695514303158,1.0003451448887841,1.0003451448887841,1.0061194805117604
2015-01-23,2015,99.237697,99.421368,100.65749,98.513922,100.542134,100.08464,-0.007965420814660118,0.0004526500172723491,,,0,0,0,1.0,0.6374999999999998,0.6374999999999998,0.0,0.0,-0.007965420814660118,0.9923769748498428,0.9923769748498428,1.0065749005119922
2015-01-26,2015,98.818417,99.718698,100.703052,97.830319,100.133987,99.851884,-0.004225007357839039,0.00045264391154598016,,,0,0,0,1.0,0.6374999999999998,0.6374999999999998,0.0,0.0,-0.004225007357839039,0.9881841748293522,0.9881841748293522,1.0070305205122239
2015-01-27,2015,98.547008,99.31683,100.748636,97.378659,100.162846,100.16928,-0.002746542681411168,0.00045265758181800564,,,0,0,0,1.0,0.6374999999999998,0.6374999999999998,0.0,0.0,-0.002746542681411168,0.9854700848160883,0.9854700848160883,1.0074863605124558
2015-01-28,2015,98.340967,99.645715,100.79424,97.029525,98.315881,98.03217,-0.0020907889968612148,0.00045265128949245614,,,0,0,0,1.0,0.6374999999999998,0.6374999999999998,0.0,0.0,-0.0020907889968612148,0.9834096748060189,0.9834096748060189,1.0079424005126878
2015-01-29,2015,99.255931,100.22279,100.839864,98.438821,98.453991,98.137966,0.00930399637009871,0.00045264491304264354,,,0,0,0,1.0,0.6374999999999998,0.6374999999999998,0.0,0.0,0.00930399637009871,0.9925593148507341,0.9925593148507341,1.00839864051292
2015-01-30,2015,98.148493,100.211816,100.885509,96.675707,96.693602,96.50868,-0.011157398745269997,0.00045264836929970187,-0.060769276392667826,,0,0,0,1.0,0.6374999999999998,0.6374999999999998,0.0,0.0,-0.011157398745269997,0.9814849347966125,0.9814849347966125,1.0088550905131521
2015-02-02,2015,99.429529,100.737382,100.931175,98.659208,98.225181,97.90521,0.01305201904628328,0.0004526517282079645,-0.04589232463290405,0.25668837722460697,0,0,0,1.0,0.6374999999999998,0.6374999999999998,0.0,0.0,0.01305201904628328,0.994295294859218,0.994295294859218,1.0093117505133844
2015-02-03,2015,100.35836,102.325576,100.976898,100.090199,100.931728,100.804065,0.009341601125355758,0.00045301166859501585,-0.01960235254884357,0.27250853126522795,0,0,0,1.0,0.6374999999999998,0.6374999999999998,0.0,0.0,0.009341601125355758,1.0035836049046107,1.0035836049046107,1.009768980513617
2015-02-04,2015,101.392684,100.706543,101.022641,101.686658,101.626402,101.079141,0.0103063063206692,0.0004530046070536642,-0.012854655181119168,0.2508493304573802,0,0,0,1.0,0.6374999999999998,0.6374999999999998,0.0,0.0,0.0103063063206692,1.013926844955159,1.013926844955159,1.0102264105138494
2015-02-05,2015,100.832135,100.638352,101.068406,100.781342,101.488292,101.311898,-0.005528495527350019,0.0004530172597645432,-0.014196182981866534,0.24820620193839987,0,0,0,1.0,0.6374999999999998,0.6374999999999998,0.0,0.0,-0.005528495527350019,1.0083213549277643,1.0083213549277643,1.010684060514082
2015-02-06,2015,100.342218,100.880363,101.114191,99.98681,100.577177,100.08464,-0.0048587387344321,0.0004530100138318005,-0.02304627422926353,0.23727694434705698,0,0,0,1.0,0.6374999999999998,0.6374999999999998,0.0,0.0,-0.0048587387344321,1.0034221849038216,1.0034221849038216,1.0111419105143151
2015-02-09,2015,100.536522,102.25234,101.159996,100.265554,101.795432,101.39653,0.0019364132453201233,0.0004530026848554858,-0.011212786785200324,0.2345596516931585,0,0,0,1.0,0.6374999999999998,0.6374999999999998,0.0,0.0,0.0019364132453201233,1.0053652249133174,1.0053652249133174,1.011599960514548
2015-02-10,2015,99.838843,102.119495,101.205823,99.145097,99.995877,99.788408,-0.006939557745990088,0.000453015043614613,-0.028692716272377794,0.24396334675441345,0,0,0,1.0,0.6374999999999998,0.6374999999999998,0.0,0.0,-0.006939557745990088,0.9983884348792211,0.9983884348792211,1.0120582305147812
2015-02-11,2015,98.839493,101.517879,101.25167,97.55142,99.439314,99.344059,-0.010009631221387427,0.0004530075309996384,-0.03409887612588147,0.24285945873876533,0,0,0,1.0,0.6374999999999998,0.6374999999999998,0.0,0.0,-0.010009631221387427,0.988394934830382,0.988394934830382,1.0125167005150146
2015-02-12,2015,100.058647,103.008729,101.297538,99.437737,102.104634,101.840886,0.012334684881477376,0.00045300981208495905,-0.008209361406540494,0.25897045054504936,0,0,0,1.0,0.6374999999999998,0.6374999999999998,0.0,0.0,0.012334684881477376,1.000586474889963,1.000586474889963,1.0129753805152477
2015-02-13,2015,101.004235,102.866418,101.343427,100.894918,104.378298,104.506985,0.009450337660472208,0.0004530119971919433,0.0,0.2606163508163244,0,0,0,1.0,0.6374999999999998,0.6374999999999998,0.0,0.0,0.009450337660472208,1.0100423549361748,1.0100423549361748,1.0134342705154813
2015-02-18,2015,102.147387,105.012437,101.389337,102.661993,105.705805,105.607282,0.011317862067862894,0.0004530140864487109,0.0,0.2419747962848702,0,0,0,1.0,0.6374999999999998,0.6374999999999998,0.0,0.0,0.011317862067862894,1.0214738749920418,1.0214738749920418,1.0138933705157147
2015-02-19,2015,102.117037,106.076719,101.435267,102.588268,105.734664,105.374526,-0.0002971196903940321,0.00045300621701471755,0.0,0.24224657043754239,0,0,0,1.0,0.6374999999999998,0.6374999999999998,0.0,0.0,-0.0002971196903940321,1.0211703749905585,1.0211703749905585,1.0143526705159482
2015-02-20,2015,102.273129,106.170608,101.481218,102.806988,105.619228,105.459166,0.001528559822980391,0.00045300812389048595,-0.0010917517078409267,0.22449150939822962,0,0,0,1.0,0.6374999999999998,0.6374999999999998,0.0,0.0,0.001528559822980391,1.0227312949981868,1.0227312949981868,1.014812180516182
2015-02-23,2015,102.753505,106.54808,101.52719,103.534379,105.707866,105.374526,0.004696991327995947,0.00045300993529662215,-0.0002534457384760769,0.2243565115801305,0,0,0,1.0,0.6374999999999998,0.6374999999999998,0.0,0.0,0.004696991327995947,1.0275350550216633,1.0275350550216633,1.015271900516416
2015-02-24,2015,103.126369,106.14341,101.573183,104.093111,106.930244,106.665259,0.0036287229326141812,0.0004530116513614679,0.0,0.2190746572461161,0,0,0,1.0,0.6374999999999998,0.6374999999999998,0.0,0.0,0.0036287229326141812,1.0312636950398855,1.0312636950398855,1.0157318305166498
2015-02-25,2015,103.57447,106.902343,101.619197,104.76985,106.800379,106.559463,0.0043451641354697035,0.00045301327221380916,-0.0012144833411209532,0.21805903151636938,0,0,0,1.0,0.6374999999999998,0.6374999999999998,0.0,0.0,0.0043451641354697035,1.0357447050617847,1.0357447050617847,1.0161919705168838
2015-02-26,2015,104.207856,107.491538,101.665231,105.737219,106.697312,106.453667,0.006115271456373472,0.0004530049573212569,-0.0021783547038385365,0.2183351151159912,0,0,0,1.0,0.6374999999999998,0.6374999999999998,0.0,0.0,0.006115271456373472,1.042078565092739,1.042078565092739,1.016652310517118
2015-02-27,2015,104.171906,105.966888,101.711287,105.654638,106.330392,105.818875,-0.0003449835874178575,0.00045301623324878193,-0.005609750595911844,0.2046292788872027,0,0,0,1.0,0.6374999999999998,0.6374999999999998,0.0,0.0,-0.0003449835874178575,1.0417190650909822,1.0417190650909822,1.017112870517352
2015-03-02,2015,103.054252,105.444782,101.757363,103.875256,105.171916,104.930178,-0.010728938760129814,0.00045300773747958267,-0.016443692020379208,0.21125229549567773,0,0,0,1.0,0.6374999999999998,0.6374999999999998,0.0,0.0,-0.010728938760129814,1.0305425250363613,1.0305425250363613,1.0175736305175864
2015-03-03,2015,102.873849,105.873467,101.80346,103.566058,105.755277,105.43801,-0.0017505633828674982,0.00045300898766420516,-0.010988163461031597,0.1957677418539505,0,0,0,1.0,0.6374999999999998,0.6374999999999998,0.0,0.0,-0.0017505633828674982,1.0287384950275449,1.0287384950275449,1.018034600517821
2015-03-04,2015,101.994181,105.106052,101.849578,102.159963,104.031992,103.82988,-0.00855093892715153,0.0004530101432700384,-0.027104137160670838,0.20425970896078724,0,0,0,1.0,0.6374999999999998,0.6374999999999998,0.0,0.0,-0.00855093892715153,1.0199418149845545,1.0199418149845545,1.0184957805180554
2015-03-05,2015,101.97361,104.836232,101.897552,102.100415,103.819673,103.575968,-0.00020168797668962402,0.0004710279702877518,-0.029089721332722362,0.18288101549341457,0,0,0,1.0,0.6374999999999998,0.6374999999999998,0.0,0.0,-0.00020168797668962402,1.0197361049835492,1.0197361049835492,1.0189755205182995
2015-03-06,2015,101.441475,104.324377,101.945549,101.238402,103.028117,102.729583,-0.005218359926651539,0.0004710319242997585,-0.03649226686511631,0.18443413383743842,0,0,0,1.0,0.6374999999999998,0.6374999999999998,0.0,0.0,-0.005218359926651539,1.0144147549575433,1.0144147549575433,1.0194554905185436
2015-03-09,2015,99.732095,104.005346,101.993568,98.529716,101.37904,101.036821,-0.01685089851069299,0.00047102595916181933,-0.051914255428052725,0.19374758526369606,0,0,0,1.0,0.6374999999999998,0.6374999999999998,0.0,0.0,-0.01685089851069299,0.9973209548740042,0.9973209548740042,1.0199356805187878
2015-03-10,2015,99.344924,102.665882,102.04161,97.895071,99.548565,99.344059,-0.0038821103677807445,0.00047102970257895116,-0.06903265833752337,0.20184755438576504,0,0,0,1.0,0.6374999999999998,0.6374999999999998,0.0,0.0,-0.0038821103677807445,0.9934492448550828,0.9934492448550828,1.0204161005190322
2015-03-11,2015,100.921757,103.781184,102.089675,100.341204,100.81217,100.550153,0.01587230566505826,0.0004710333363027175,-0.05721556195083599,0.20233636891690232,0,0,0,1.0,0.6374999999999998,0.6374999999999998,0.0,0.0,0.01587230566505826,1.009217574932144,1.009217574932144,1.0208967505192768
2015-03-12,2015,101.057356,103.8628,102.137762,100.526564,100.758575,100.402036,0.001343605224788158,0.0004710270651757664,-0.05771677655575169,0.19180594636560366,0,0,0,1.0,0.6374999999999998,0.6374999999999998,0.0,0.0,0.001343605224788158,1.0105735649387708,1.0105735649387708,1.0213776205195213
2015-03-13,2015,100.315878,102.860004,102.185872,99.336106,100.173153,99.894204,-0.007337199678962514,0.0004710304891937245,-0.06319157936271058,0.1919094829497112,0,0,0,1.0,0.6374999999999998,0.6374999999999998,0.0,0.0,-0.007337199678962514,1.003158784902534,1.003158784902534,1.0218587205197662
2015-03-16,2015,100.43714,102.304245,102.234005,99.49895,100.692612,100.25392,0.001208801661487735,0.00047103380396840144,-0.05833365535011781,0.16612609494923256,0,0,0,1.0,0.6374999999999998,0.6374999999999998,0.0,0.0,0.001208801661487735,1.0043714049084602,1.0043714049084602,1.0223400505200109
2015-03-17,2015,101.674048,102.325932,102.28216,101.411816,103.654766,103.512484,0.012315245137406228,0.00047102722817138343,-0.030631913642692243,0.18051992165526143,0,0,0,1.0,0.6374999999999998,0.6374999999999998,0.0,0.0,0.012315245137406228,1.016740484968909,1.016740484968909,1.022821600520256
2015-03-18,2015,103.698329,103.837741,102.330338,104.559764,106.212896,106.009311,0.019909515159659996,0.0004710303341266542,-0.006708560395691232,0.19625572984420026,0,0,0,1.0,0.6374999999999998,0.6374999999999998,0.0,0.0,0.019909515159659996,1.0369832950678375,1.0369832950678375,1.023303380520501
2015-03-19,2015,102.740885,105.079122,102.378539,103.030481,105.033806,104.845537,-0.009232974236257907,0.0004710333312882842,-0.01773528170383676,0.20039464445579133,0,0,0,1.0,0.6374999999999998,0.6374999999999998,0.0,0.0,-0.009232974236257907,1.0274088550210463,1.0274088550210463,1.0237853905207461
2015-03-20,2015,103.675315,104.871955,102.426762,104.468833,107.121949,106.474823,0.009095016068821904,0.0004710264521354812,0.0,0.2126870171336565,0,0,0,1.0,0.6374999999999998,0.6374999999999998,0.0,0.0,0.009095016068821904,1.0367531550667126,1.0367531550667126,1.0242676205209913
2015-03-23,2015,104.117537,103.536454,102.475044,105.135061,107.00033,106.70758,0.004265451231086237,0.0004713807120058089,-0.0011353322184233239,0.2127965880608181,0,0,0,1.0,0.6374999999999998,0.6374999999999998,0.0,0.0,0.004265451231086237,1.0411753750883244,1.0411753750883244,1.0247504405212369
2015-03-24,2015,103.770439,103.84444,102.523349,104.563126,106.171669,105.882359,-0.003333713128461757,0.0004713830618117143,-0.00887101111276467,0.21074121081534056,0,0,0,1.0,0.6374999999999998,0.6374999999999998,0.0,0.0,-0.003333713128461757,1.0377043950713614,1.0377043950713614,1.0252334905214826
2015-03-25,2015,104.214616,105.58341,102.571676,105.232394,106.897263,106.411347,0.0042803808510438746,0.0004713755497784966,-0.002097478640908701,0.21219573885378187,0,0,0,1.0,0.6374999999999998,0.6374999999999998,0.0,0.0,0.0042803808510438746,1.0421461650930688,1.0421461650930688,1.0257167605217286
2015-03-26,2015,102.530673,105.08007,102.620026,102.563422,104.262863,103.91452,-0.01615841486188474,0.0004713776929996527,-0.026690011026591853,0.22973794037413492,0,0,0,1.0,0.6374999999999998,0.6374999999999998,0.0,0.0,-0.01615841486188474,1.0253067350107727,1.0253067350107727,1.0262002605219744
2015-03-27,2015,102.157655,105.759008,102.668399,101.950788,103.26311,102.962339,-0.003638111299630209,0.00047137972855315624,-0.03602286026367951,0.23161407325113942,0,0,0,1.0,0.6374999999999998,0.6374999999999998,0.0,0.0,-0.003638111299630209,1.021576554992543,1.021576554992543,1.0266839905222205
2015-03-30,2015,103.26325,107.420943,102.716759,103.657557,105.629535,105.416846,0.0108224391016023,0.0004710310131552653,-0.013931916044581993,0.24392472493327363,0,0,0,1.0,0.6374999999999998,0.6374999999999998,0.0,0.0,0.0108224391016023,1.0326325050465746,1.0326325050465746,1.0271675905224664
2015-03-31,2015,103.258012,107.868837,102.765142,103.621828,105.43783,104.739741,-5.072472539846551e-05,0.0004710331641206711,-0.0157215119377635,0.24323480370545006,0,0,0,1.0,0.6374999999999998,0.6374999999999998,0.0,0.0,-5.072472539846551e-05,1.0325801250463185,1.0325801250463185,1.0276514205227125
2015-04-01,2015,105.651857,107.327938,102.813547,107.349354,107.853727,107.49048,0.023183140500516508,0.00047102547671284967,0.0,0.24824595199921096,0,0,0,1.0,0.6374999999999998,0.6374999999999998,0.0,0.0,0.023183140500516508,1.0565185751633082,1.0565185751633082,1.0281354705229588
2015-04-02,2015,106.359457,110.333039,102.861976,108.431777,109.504865,108.97165,0.006697468649320637,0.00047103714844110023,0.0,0.2521814164478405,0,0,0,1.0,0.6374999999999998,0.6374999999999998,0.0,0.0,0.006697468649320637,1.0635945751978892,1.0635945751978892,1.028619760523205
2015-04-06,2015,107.575428,111.06994,102.910427,110.311632,110.770531,110.241219,0.011432655208083675,0.00047102925574749044,0.0,0.25086511484614776,0,0,0,1.0,0.6374999999999998,0.6374999999999998,0.0,0.0,0.011432655208083675,1.075754285257315,1.075754285257315,1.0291042705234514
2015-04-07,2015,107.131165,111.062172,102.958901,109.587186,110.75404,110.45282,-0.00412978138464859,0.00047103098697665047,-0.00014887533580576484,0.24040063769014924,0,0,0,1.0,0.6374999999999998,0.6374999999999998,0.0,0.0,-0.00412978138464859,1.0713116552356035,1.0713116552356035,1.029589010523698
2015-04-08,2015,106.795684,111.76204,103.007397,109.033365,110.613869,110.49514,-0.0031314977299089497,0.00047102289873901526,-0.0014142931209746301,0.2264520579167837,0,0,0,1.0,0.6374999999999998,0.6374999999999998,0.0,0.0,-0.0031314977299089497,1.067956845219208,1.067956845219208,1.0300739705239448
2015-04-09,2015,106.552023,111.260187,103.055917,108.623562,110.90658,110.600936,-0.0022815622399121605,0.00047103413359717017,0.0,0.2249519143335862,0,0,0,1.0,0.6374999999999998,0.6374999999999998,0.0,0.0,-0.0022815622399121605,1.0655202352073003,1.0655202352073003,1.0305591705241914
2015-04-10,2015,107.246806,111.337316,103.104459,109.685815,111.753793,111.405001,0.006520598862773452,0.00047102584124325553,0.0,0.22421443732954452,0,0,0,1.0,0.6374999999999998,0.6374999999999998,0.0,0.0,0.006520598862773452,1.072468065241255,1.072468065241255,1.0310445905244385
2015-04-13,2015,105.328886,111.578154,103.153025,106.649697,111.807388,111.320361,-0.01788323654132884,0.00047103685399285666,0.0,0.22117687939406314,0,0,0,1.0,0.6374999999999998,0.6374999999999998,0.0,0.0,-0.01788323654132884,1.0532888651475243,1.0532888651475243,1.0315302505246855
2015-04-14,2015,104.350728,114.268204,103.201613,105.087704,111.275561,111.151081,-0.009286702225256516,0.0004710283581115249,-0.004756635581183666,0.22421907388923554,0,0,0,1.0,0.6374999999999998,0.6374999999999998,0.0,0.0,-0.009286702225256516,1.043507285099721,1.043507285099721,1.0320161305249325
2015-04-15,2015,105.158912,113.314415,103.250224,106.327801,113.207042,112.67457,0.007744881281518179,0.0004710294595879905,0.0,0.2105432608720113,0,0,0,1.0,0.6374999999999998,0.6374999999999998,0.0,0.0,0.007744881281518179,1.0515891251392175,1.0515891251392175,1.0325022405251798
2015-04-16,2015,105.342433,113.153445,103.298858,106.588023,112.702012,112.209058,0.0017451778124140116,0.00047103045510099584,-0.00446111824033002,0.19857006124044724,0,0,0,1.0,0.6374999999999998,0.6374999999999998,0.0,0.0,0.0017451778124140116,1.0534243351481865,1.0534243351481865,1.032988580525427
2015-04-17,2015,104.846633,112.224652,103.347515,105.782629,111.219904,110.981808,-0.004706555429567549,0.0004710313447995329,-0.017553130661253413,0.20062896570705765,0,0,0,1.0,0.6374999999999998,0.6374999999999998,0.0,0.0,-0.004706555429567549,1.0484663351239563,1.0484663351239563,1.0334751505256745
2015-04-20,2015,104.355997,112.61975,103.396195,104.985325,110.820003,110.53746,-0.004679558951597329,0.0004710321288325936,-0.021085605257665896,0.19143508367088685,0,0,0,1.0,0.6374999999999998,0.6374999999999998,0.0,0.0,-0.004679558951597329,1.0435599750999784,1.0435599750999784,1.033961950525922
2015-04-22,2015,104.985374,112.459983,103.444897,105.944888,112.584515,112.209058,0.006031057323902411,0.00047102313581270927,-0.005499013038429257,0.1974845227029204,0,0,0,1.0,0.6374999999999998,0.6374999999999998,0.0,0.0,0.006031057323902411,1.0498537451307366,1.0498537451307366,1.03444897052617
2015-04-23,2015,106.299142,112.77135,103.493623,107.977995,114.786032,114.346176,0.012513819305915996,0.0004710333850495019,0.0,0.2021991895373883,0,0,0,1.0,0.6374999999999998,0.6374999999999998,0.0,0.0,0.012513819305915996,1.0629914251949417,1.0629914251949417,1.0349362305264178
2015-04-24,2015,107.4045,113.566529,103.542372,109.684169,116.659796,116.33517,0.010398559943221253,0.000471033852974756,0.0,0.20672783857147944,0,0,0,1.0,0.6374999999999998,0.6374999999999998,0.0,0.0,0.010398559943221253,1.0740450052489614,1.0740450052489614,1.0354237205266659
2015-04-27,2015,106.597659,113.107248,103.591179,108.390783,114.47683,114.176896,-0.007512171277739843,0.0004713722416944677,-0.018712239133351405,0.19646925874965304,0,0,0,1.0,0.6374999999999998,0.6374999999999998,0.0,0.0,-0.007512171277739843,1.0659765952095301,1.0659765952095301,1.0359117905269142
2015-04-28,2015,107.086557,111.708523,103.640046,109.129894,115.047823,114.684728,0.004586385898024403,0.0004717293544849177,-0.013817725174146589,0.1890256080944548,0,0,0,1.0,0.6374999999999998,0.6374999999999998,0.0,0.0,0.004586385898024403,1.0708655752334233,1.0708655752334233,1.0364004605271628
2015-04-29,2015,107.370762,113.921591,103.688937,109.547906,114.043948,113.584431,0.002653974578713969,0.00047173850154402786,-0.022422874800843928,0.18361678282880595,0,0,0,1.0,0.6374999999999998,0.6374999999999998,0.0,0.0,0.002653974578713969,1.0737076252473128,1.0737076252473128,1.0368893705274114
2015-04-30,2015,107.042301,117.213775,103.739637,109.003843,115.907404,115.573425,-0.00305912889022808,0.0004889624820823002,-0.006449454103279906,0.18738836013392415,0,0,0,1.0,0.6374999999999998,0.6374999999999998,0.0,0.0,-0.00305912889022808,1.0704230152312606,1.0704230152312606,1.0373963705276692
2015-05-04,2015,107.948699,118.323875,103.790363,110.396801,118.226418,118.133736,0.00846766177046221,0.0004889741420630589,0.0,0.18391729455819905,0,0,0,1.0,0.6374999999999998,0.6374999999999998,0.0,0.0,0.00846766177046221,1.0794869952755572,1.0794869952755572,1.0379036305279272
2015-05-05,2015,108.83638,118.55936,103.841186,111.760341,119.665237,119.382142,0.008223174602595362,0.0004896697393763638,0.0,0.18183362605942824,0,0,0,1.0,0.6374999999999998,0.6374999999999998,0.0,0.0,0.008223174602595362,1.0883638053189393,1.0883638053189393,1.0384118605281856
2015-05-06,2015,109.052803,119.65148,103.892034,112.070915,117.70902,117.287351,0.0019885170748972225,0.0004896708325345944,-0.01634741257396255,0.19405406585779214,0,0,0,1.0,0.6374999999999998,0.6374999999999998,0.0,0.0,0.0019885170748972225,1.0905280353295161,1.0905280353295161,1.0389203405284442
2015-05-07,2015,109.046451,120.496289,103.942907,112.032023,117.333856,117.054595,-5.824701268786203e-05,0.0004896718067912698,-0.01948252523830296,0.19502873916676303,0,0,0,1.0,0.6374999999999998,0.6374999999999998,0.0,0.0,-5.824701268786203e-05,1.0904645153292059,1.0904645153292059,1.039429070528703
2015-05-08,2015,106.815792,122.491431,103.993804,108.504008,117.803842,117.435468,-0.020456044002752583,0.0004896630416542092,-0.015555018706059132,0.19441007299328397,0,0,0,1.0,0.6374999999999998,0.6374999999999998,0.0,0.0,-0.020456044002752583,1.0681579252201914,1.0681579252201914,1.039938040528962
2015-05-11,2015,106.761641,123.491778,104.044727,108.39011,117.902787,117.477788,-0.0005069568739424213,0.0004896734040038542,-0.014728170387528716,0.1945870309766349,0,0,0,1.0,0.6374999999999998,0.6374999999999998,0.0,0.0,-0.0005069568739424213,1.067616415217545,1.067616415217545,1.040447270529221
2015-05-12,2015,106.07566,121.345392,104.095675,107.285091,117.067942,116.758363,-0.00642535084300544,0.0004896740225961427,-0.02170467434915957,0.19706691047756322,0,0,0,1.0,0.6374999999999998,0.6374999999999998,0.0,0.0,-0.00642535084300544,1.0607566051840205,1.0607566051840205,1.0409567505294801
2015-05-13,2015,104.790088,121.546926,104.146647,105.239522,116.202177,115.890822,-0.012119387237373824,0.000489664916433874,-0.028939565798879352,0.2000440558404156,0,0,0,1.0,0.6374999999999998,0.6374999999999998,0.0,0.0,-0.012119387237373824,1.0479008851211933,1.0479008851211933,1.0414664705297394
2015-05-14,2015,105.492647,122.655581,104.197645,106.312577,116.78966,116.525607,0.0067044413589958385,0.0004896749100333775,-0.024030178455251905,0.19867278165528338,0,0,0,1.0,0.6374999999999998,0.6374999999999998,0.0,0.0,0.0067044413589958385,1.054926475155528,1.054926475155528,1.0419764505299989
2015-05-15,2015,106.396153,125.330885,104.248667,107.70083,118.009977,117.625904,0.008564634841326857,0.0004896655773747316,-0.013832421524389682,0.19325777623287138,0,0,0,1.0,0.6374999999999998,0.6374999999999998,0.0,0.0,0.008564634841326857,1.0639615351996832,1.0639615351996832,1.0424866705302585
2015-05-18,2015,105.37059,125.440741,104.299714,106.063076,115.855871,115.298357,-0.009639098511390665,0.000489665733567568,-0.031833522378767465,0.20533936733404082,0,0,0,1.0,0.6374999999999998,0.6374999999999998,0.0,0.0,-0.009639098511390665,1.053705905149563,1.053705905149563,1.042997140530518
2015-05-19,2015,105.120639,123.706808,104.350787,105.641955,114.402622,114.11342,-0.0023721135090921663,0.0004896753599918924,-0.043977809528760736,0.20477696960058905,0,0,0,1.0,0.6374999999999998,0.6374999999999998,0.0,0.0,-0.0023721135090921663,1.0512063951373476,1.0512063951373476,1.0435078705307779
2015-05-20,2015,104.325617,124.062237,104.401884,104.365807,113.169937,112.865006,-0.007562948699351035,0.0004896656888653261,-0.05427892145485824,0.20869045048972407,0,0,0,1.0,0.6374999999999998,0.6374999999999998,0.0,0.0,-0.007562948699351035,1.043256175098494,1.043256175098494,1.0440188405310378
2015-05-21,2015,103.764959,125.398089,104.453007,103.457274,113.604881,113.309355,-0.005374116311241073,0.0004896750713809794,-0.05064424850468474,0.20162092732215986,0,0,0,1.0,0.6374999999999998,0.6374999999999998,0.0,0.0,-0.005374116311241073,1.0376495950710942,1.0376495950710942,1.0445300705312979
2015-05-22,2015,102.76681,124.182788,104.504154,101.862465,112.089792,111.997465,-0.009619326308412002,0.0004896651754602299,-0.06330531063085598,0.1941175202643448,0,0,0,1.0,0.6374999999999998,0.6374999999999998,0.0,0.0,-0.009619326308412002,1.0276681050223138,1.0276681050223138,1.045041540531558
2015-05-25,2015,103.4145,126.22555,104.555327,102.849351,112.568024,112.145582,0.006302521212831147,0.0004896743147646543,-0.05930889519735805,0.1842150587629845,0,0,0,1.0,0.6374999999999998,0.6374999999999998,0.0,0.0,0.006302521212831147,1.034145005053967,1.034145005053967,1.0455532705318185
2015-05-26,2015,102.301131,123.89171,104.606525,101.073778,110.549967,110.53746,-0.010766082125814092,0.0004896737590425193,-0.07617308274749846,0.18327356845541792,0,0,0,1.0,0.6374999999999998,0.6374999999999998,0.0,0.0,-0.010766082125814092,1.0230113149995554,1.0230113149995554,1.0460652505320789
2015-05-27,2015,103.282339,123.447338,104.657747,102.583801,111.799142,111.405001,0.009591370011344136,0.0004896635272033656,-0.06573416973218382,0.1876369419368377,0,0,0,1.0,0.6374999999999998,0.6374999999999998,0.0,0.0,0.009591370011344136,1.0328233950475079,1.0328233950475079,1.0465774705323392
2015-05-28,2015,102.6036,122.73739,104.708995,101.489972,111.263193,110.854848,-0.006571685019643003,0.000489672302997235,-0.07021290569123262,0.18610395938070018,0,0,0,1.0,0.6374999999999998,0.6374999999999998,0.0,0.0,-0.006571685019643003,1.0260360050143373,1.0260360050143373,1.0470899505325997
2015-05-29,2015,100.990109,120.663595,104.760268,98.92985,108.756596,108.654254,-0.015725481367125482,0.0004896713983357781,-0.09115964897976181,0.18872933014959825,0,0,0,1.0,0.6374999999999998,0.6374999999999998,0.0,0.0,-0.015725481367125482,1.0099010949354845,1.0099010949354845,1.0476026805328602
2015-06-01,2015,101.747505,121.910962,104.811566,100.088752,109.315221,108.88701,0.007499704748313629,0.0004896703777046429,-0.08649141772058677,0.17112964310937,0,0,0,1.0,0.6374999999999998,0.6374999999999998,0.0,0.0,0.007499704748313629,1.0174750549724993,1.0174750549724993,1.0481156605331212
2015-06-02,2015,102.764427,122.547133,104.862889,101.65474,111.799142,111.341517,0.009994564485880986,0.0004896692412743597,-0.06573416973218382,0.18754787214428395,0,0,0,1.0,0.6374999999999998,0.6374999999999998,0.0,0.0,0.009994564485880986,1.0276442750221972,1.0276442750221972,1.0486288905333823
2015-06-03,2015,101.682152,122.899722,104.914237,99.927857,110.329403,110.114267,-0.01053161129385749,0.0004896679892159028,-0.078016257971394,0.1849263044123722,0,0,0,1.0,0.6374999999999998,0.6374999999999998,0.0,0.0,-0.01053161129385749,1.0168215249693056,1.0168215249693056,1.0491423705336433
2015-06-05,2015,100.677719,123.642671,104.967484,98.321998,109.195663,108.696574,-0.009878164262298483,0.0005075288304292602,-0.0874905215789612,0.18664029914388636,0,0,0,1.0,0.6374999999999998,0.6374999999999998,0.0,0.0,-0.009878164262298483,1.006777194920218,1.006777194920218,1.049674840533914
2015-06-08,2015,100.360033,123.457144,105.020758,97.793374,108.859664,108.442661,-0.0031554747480919687,0.0005075285980942201,-0.09029834621060429,0.18453301481648654,0,0,0,1.0,0.6374999999999998,0.6374999999999998,0.0,0.0,-0.0031554747480919687,1.0036003349046925,1.0036003349046925,1.050207580534185
2015-06-09,2015,100.05239,123.030119,105.074059,97.280487,108.872032,108.654254,-0.003065393571562436,0.0005075282355133659,-0.09019499121536856,0.18430469952531958,0,0,0,1.0,0.6374999999999998,0.6374999999999998,0.0,0.0,-0.003065393571562436,1.0005239048896577,1.0005239048896577,1.0507405905344562
2015-06-10,2015,101.361197,122.548455,105.127388,99.303195,111.057058,110.770208,0.0130812167505443,0.0005075372599814276,-0.07193550287290207,0.20242128496835893,0,0,0,1.0,0.6374999999999998,0.6374999999999998,0.0,0.0,0.0130812167505443,1.0136119749536203,1.0136119749536203,1.0512738805347273
2015-06-11,2015,100.262082,122.756884,105.180743,97.548753,110.671586,110.198907,-0.010843547950602828,0.0005075271155792205,-0.07515675584213322,0.20165446663094888,0,0,0,1.0,0.6374999999999998,0.6374999999999998,0.0,0.0,-0.010843547950602828,1.0026208248999056,1.0026208248999056,1.051807430534999
2015-06-12,2015,99.744945,123.709107,105.234125,96.707204,109.968668,109.458319,-0.005157852197802959,0.0005075263634521932,-0.0810307925935082,0.20015137626042795,0,0,0,1.0,0.6374999999999998,0.6374999999999998,0.0,0.0,-0.005157852197802959,0.9974494548746325,0.9974494548746325,1.0523412505352703
2015-06-15,2015,99.639654,124.775885,105.287535,96.511671,109.535785,109.246726,-0.0010556023666162817,0.0005075349844929633,-0.084648242496691,0.1938121503864004,0,0,0,1.0,0.6374999999999998,0.6374999999999998,0.0,0.0,-0.0010556023666162817,0.9963965448694868,0.9963965448694868,1.052875350535542
2015-06-16,2015,100.19918,125.348275,105.340971,97.358974,110.698384,110.4105,0.005615495212378141,0.000507524466215159,-0.07493281444802558,0.1920393177158746,0,0,0,1.0,0.6374999999999998,0.6374999999999998,0.0,0.0,0.005615495212378141,1.0019918048968315,1.0019918048968315,1.0534097105358136
2015-06-17,2015,99.897641,125.286066,105.394435,96.855569,109.764594,109.267882,-0.003009395885275712,0.0005075328193053785,-0.08273616672818696,0.1896446535483636,0,0,0,1.0,0.6374999999999998,0.6374999999999998,0.0,0.0,-0.003009395885275712,0.998976414882095,0.998976414882095,1.0539443505360855
2015-06-18,2015,101.471997,126.062387,105.447926,99.294732,111.805327,111.320361,0.01575969146258438,0.0005075315409204251,-0.0656824838779202,0.19998855060412446,0,0,0,1.0,0.6374999999999998,0.6374999999999998,0.0,0.0,0.01575969146258438,1.0147199749590354,1.0147199749590354,1.0544792605363575
2015-06-19,2015,100.518751,125.752277,105.501444,97.769011,110.795267,110.49514,-0.009394177981931429,0.0005075301338786087,-0.07412319753313157,0.20147107109070225,0,0,0,1.0,0.6374999999999998,0.6374999999999998,0.0,0.0,-0.009394177981931429,1.0051875149124492,1.0051875149124492,1.0550144405366297
2015-06-22,2015,101.247298,128.20986,105.554989,98.881383,111.032322,110.664412,0.007247871593629496,0.0005075285983764388,-0.0721422128633733,0.19650909762765348,0,0,0,1.0,0.6374999999999998,0.6374999999999998,0.0,0.0,0.007247871593629496,1.012472984948054,1.012472984948054,1.0555498905369023
2015-06-23,2015,100.950407,128.775098,105.608561,98.38521,110.842678,110.579772,-0.002932335043647316,0.0005075269346102029,-0.0737270005991798,0.19576985679586764,0,0,0,1.0,0.6374999999999998,0.6374999999999998,0.0,0.0,-0.002932335043647316,1.0095040749335447,1.0095040749335447,1.0560856105371745
2015-06-24,2015,99.744887,128.239471,105.662161,96.46372,110.989034,110.558616,-0.01194170519787996,0.0005075346117062729,-0.07250395534669773,0.1849268418361227,0,0,0,1.0,0.6374999999999998,0.6374999999999998,0.0,0.0,-0.01194170519787996,0.9974488748746297,0.9974488748746297,1.056621610537447
2015-06-25,2015,98.647236,128.420512,105.715788,94.71142,109.614116,109.310202,-0.011004584124698069,0.0005075326823951176,-0.08399365807465042,0.18529075514587207,0,0,0,1.0,0.6374999999999998,0.6374999999999998,0.0,0.0,-0.011004584124698069,0.9864723648209864,0.9864723648209864,1.0571578805377198
2015-06-26,2015,99.9335,129.964865,105.769442,96.69858,111.347708,110.833692,0.013039027266815495,0.0005075306254160861,-0.06950664377157423,0.19382376446945412,0,0,0,1.0,0.6374999999999998,0.6374999999999998,0.0,0.0,0.013039027266815495,0.9993350048838472,0.9993350048838472,1.0576944205379926
2015-06-29,2015,99.257101,126.356749,105.823123,95.607038,109.280178,108.992806,-0.006768491046545866,0.0005075284409650216,-0.0867842596593027,0.1881148288850652,0,0,0,1.0,0.6374999999999998,0.6374999999999998,0.0,0.0,-0.006768491046545866,0.992571014850791,0.992571014850791,1.0582312305382655
2015-06-30,2015,99.930054,130.221397,105.876831,96.632111,109.418288,108.88701,0.0067798977929043325,0.0005075261292373234,-0.08563012330807485,0.18729654727809336,0,0,0,1.0,0.6374999999999998,0.6374999999999998,0.0,0.0,0.0067798977929043325,0.9993005448836787,0.9993005448836787,1.0587683105385386
2015-07-01,2015,99.818436,131.745187,105.930567,96.426467,108.752474,108.421505,-0.0011169612697295994,0.0005075331353656676,-0.0911940950737431,0.1681044886871549,0,0,0,1.0,0.6374999999999998,0.6374999999999998,0.0,0.0,-0.0011169612697295994,0.9981843648782239,0.9981843648782239,1.059305670538812
2015-07-02,2015,100.82277,134.263679,105.98433,97.971323,109.469822,109.01397,0.010061608258418397,0.0005075305600885649,-0.08519947192349608,0.16425798866179236,0,0,0,1.0,0.6374999999999998,0.6374999999999998,0.0,0.0,0.010061608258418397,1.0082277049273067,1.0082277049273067,1.0598433005390855
2015-07-03,2015,100.090415,135.679481,106.03812,96.791944,108.259812,107.680917,-0.007263785749984986,0.0005075278581276876,-0.09531109690611328,0.16490358814793418,0,0,0,1.0,0.6374999999999998,0.6374999999999998,0.0,0.0,-0.007263785749984986,1.0009041548915156,1.0009041548915156,1.0603812005393591
2015-07-06,2015,99.548827,135.12728,106.091938,95.911792,107.497114,107.173092,-0.005410987655511179,0.0005075344602487597,-0.10168469394332125,0.16635971333057398,1,0,0,1.0,0.6374999999999998,0.6374999999999998,0.0,0.0,-0.005410987655511179,0.9954882748650478,0.9954882748650478,1.0609193805396329
2015-07-07,2015,99.243828,138.361184,106.145782,95.402744,107.899077,107.342364,-0.0030638130974662836,0.0005075220701500349,-0.09832563152822738,0.16705586911028603,0,1,1,0.85,0.6374999999999998,0.5418749999999999,0.09562499999999996,9.562499999999997e-05,-0.0026237378223238354,0.9924382848501421,0.9928763746266044,1.0614578205399066
2015-07-08,2015,98.773935,134.755597,106.199655,94.635024,106.7406,106.263231,-0.0047347327231270775,0.0005075378313197376,-0.10800661348291152,0.15212199824873454,1,0,1,0.85,0.6374999999999998,0.5418749999999999,0.0,0.0,-0.003948392139960055,0.987739354827178,0.9889561093530768,1.0619965505401807
2015-07-10,2015,100.153648,133.505452,106.307481,96.737967,108.408229,107.913673,0.013968391559979976,0.0010153140327997523,-0.0940708286066404,0.16418815274708667,0,1,1,0.85,0.6374999999999998,0.5418749999999999,0.0,0.0,0.012025429930902942,1.001536484894606,1.0008487317508405,1.063074810540729
2015-07-13,2015,100.097707,134.325575,106.361435,96.619537,109.496619,108.97165,-0.0005585517963360154,0.0005075277816055657,-0.08497553888603426,0.16735694078039529,0,0,1,0.85,0.6374999999999998,0.5418749999999999,0.0,0.0,-0.0003986398596447782,1.000977074891872,1.0004497535528898,1.0636143505410036
2015-07-14,2015,100.515755,134.931508,106.415417,97.244603,109.743981,109.394843,0.004176399365471983,0.0005075335811330905,-0.08290842226803097,0.16694831773194324,0,0,1,0.85,0.6374999999999998,0.5418749999999999,0.0,0.0,0.0036260694978211493,1.0051575549123024,1.0040774538883506,1.0641541705412783
2015-07-15,2015,100.079797,136.349979,106.469426,96.530036,109.049307,108.675418,-0.004337210619370091,0.0005075298441012954,-0.08871356683144338,0.16366092056319184,0,0,1,0.85,0.6374999999999998,0.5418749999999999,0.0,0.0,-0.0036104995498493827,1.0007979748909968,1.0004522326930727,1.0646942605415528
2015-07-16,2015,100.046391,136.10967,106.523462,96.446907,109.395613,109.01397,-0.00033379364268693035,0.0005075259821536449,-0.08581961025155538,0.1615580792947206,0,0,1,0.85,0.6374999999999998,0.5418749999999999,0.0,0.0,-0.00020759569896084404,1.0004639148893641,1.0002445431125497,1.0652346205418275
2015-07-17,2015,99.118269,134.402243,106.577526,94.960287,107.894954,107.40584,-0.009276916345738018,0.000507531383086457,-0.0983600859788546,0.1523740439967848,0,0,1,0.85,0.6374999999999998,0.5418749999999999,0.0,0.0,-0.0078092491864143465,0.991182694844006,0.9924333842280326,1.0657752605421027
2015-07-20,2015,99.114821,134.2419,106.631617,94.924122,106.365435,106.030475,-3.4786725341184876e-05,0.0005075272623611404,-0.11114173450389775,0.1566735211995503,1,0,1,0.85,0.6374999999999998,0.5418749999999999,0.0,0.0,4.656037281416394e-05,0.9911482148438375,0.9924795922963955,1.0663161705423778
2015-07-21,2015,98.433893,137.203991,106.685736,93.825226,106.105706,105.649602,-0.0068700926171274546,0.0005075323953869226,-0.11331219776049084,0.1559133815517347,1,1,1,0.85,0.6374999999999998,0.5418749999999999,0.0,0.0,-0.005763448865250298,0.9843389348105598,0.9867594869163908,1.066857360542653
2015-07-22,2015,97.720748,137.300907,106.739882,92.675778,104.955475,104.443509,-0.00724491309106301,0.0005075280166786378,-0.12292427081392066,0.15885716772308844,1,1,1,0.85,0.6374999999999998,0.5418749999999999,0.0,0.0,-0.006082046924901763,0.9772074847757077,0.9807579694133733,1.0673988205429283
2015-07-23,2015,95.494763,133.223696,106.794056,89.153232,102.669443,102.073642,-0.022779041765009778,0.0005075328826014136,-0.14202783052190837,0.1717847802537563,1,1,1,0.85,0.6374999999999998,0.5418749999999999,0.0,0.0,-0.0192860555678681,0.9549476346669218,0.9618430167166375,1.0679405605432037
2015-07-24,2015,94.516218,133.731402,106.848257,87.587438,101.513028,101.100297,-0.010247106430328667,0.0005075282467033038,-0.151691581072956,0.17108702088744782,1,1,1,0.85,0.6374999999999998,0.5418749999999999,0.0,0.0,-0.00863391122877387,0.9451621846190992,0.95353854949429,1.0684825705434795
2015-07-27,2015,94.514704,132.052661,106.902486,87.554228,100.461741,100.190436,-1.601841495602052e-05,0.0005075328463242101,-0.1604768141645012,0.15588420078432438,1,1,1,0.85,0.6374999999999998,0.5418749999999999,0.0,0.0,6.251427423601411e-05,0.9451470446190252,0.9535981592646677,1.0690248605437553
2015-07-28,2015,95.254735,131.59559,106.956742,88.68421,102.246867,101.946682,0.007829797573084551,0.0005075279540271982,-0.14555914847684637,0.16715407512998068,1,1,1,0.85,0.6374999999999998,0.5418749999999999,0.0,0.0,0.006731457130225949,0.9525473546551912,0.9600172643932202,1.0695674205440313
2015-07-29,2015,95.822031,133.069065,107.011026,89.543218,103.572312,103.13162,0.00595556745814263,0.000507532288146928,-0.13448287408648185,0.17627118398368488,1,1,1,0.85,0.6374999999999998,0.5418749999999999,0.0,0.0,0.005138362182643274,0.9582203146829156,0.964950180799263,1.0701102605443074
2015-07-30,2015,95.397888,133.051236,107.067165,88.845974,102.854964,102.475671,-0.004426362033591258,0.00052460949210964,-0.14047749723672887,0.17651158117329363,1,1,1,0.85,0.6374999999999998,0.5418749999999999,0.0,0.0,-0.0036837163047361227,0.9539788846621873,0.9613955780849948,1.0706716505445928
2015-07-31,2015,96.468607,136.141216,107.123333,90.493595,104.850346,104.464665,0.01122371807644229,0.0005246052793121958,-0.12380279663006899,0.19075587306032624,1,1,1,0.85,0.6374999999999998,0.5418749999999999,0.0,0.0,0.009618851156872776,0.9646860747145145,0.9706430990534699,1.0712333305448785
2015-08-03,2015,96.159394,134.135389,107.179531,89.976599,103.351748,103.025815,-0.0032053225356514226,0.0005246102639469008,-0.1363260493103774,0.1931079128923617,1,1,1,0.85,0.6374999999999998,0.5418749999999999,0.0,0.0,-0.002645832615711674,0.961593944699403,0.9680749398837787,1.0717953105451643
2015-08-04,2015,95.388534,134.322726,107.235759,88.735433,103.18684,102.814223,-0.00801648146825884,0.0005246150965150242,-0.1377041270557129,0.19227908537194324,1,1,1,0.85,0.6374999999999998,0.5418749999999999,0.0,0.0,-0.00673531698354276,0.9538853446617303,0.9615546482998373,1.0723575905454503
2015-08-05,2015,95.474508,134.580809,107.292016,88.838306,103.658889,103.216252,0.0009013032950060396,0.0005246104520042483,-0.13375938076318694,0.1926308857697509,1,1,1,0.85,0.6374999999999998,0.5418749999999999,0.0,0.0,0.0008447993685557708,0.9547450846659319,0.9623669690595529,1.0729201605457366
2015-08-06,2015,94.305172,133.079225,107.348302,86.972048,103.089957,102.708427,-0.012247625303290377,0.0005246056705654478,-0.138513743970607,0.1903366867180785,1,1,1,0.85,0.6374999999999998,0.5418749999999999,0.0,0.0,-0.010331790657212002,0.9430517246087853,0.9524239949998139,1.0734830205460228
2015-08-07,2015,93.193239,131.974597,107.404618,85.195815,100.133987,99.555652,-0.011790795524979192,0.0005246100678890642,-0.1632157382515358,0.20157281596783913,1,1,1,0.85,0.6374999999999998,0.5418749999999999,0.0,0.0,-0.009943484686048953,0.9319323945544441,0.9429535815909076,1.0740461805463093
2015-08-10,2015,94.008612,134.554571,107.460964,86.442792,101.733592,101.311898,0.008749272036783662,0.0005246143140698045,-0.14984840584906045,0.2080086870527177,1,1,1,0.85,0.6374999999999998,0.5418749999999999,0.0,0.0,0.007515573378376583,0.9400861245942921,0.9500404184257569,1.074609640546596
2015-08-11,2015,93.795856,133.526879,107.517339,86.077001,101.154354,101.883206,-0.0022631543586666414,0.0005246091036370526,-0.1546888926480796,0.20695642530860134,1,1,1,0.85,0.6374999999999998,0.5418749999999999,0.0,0.0,-0.001844989839321087,0.9379585645838945,0.948287603506817,1.0751733905468828
2015-08-12,2015,93.799378,130.489867,107.573744,86.050452,99.744393,99.322895,3.754963332291972e-05,0.0005246130579923403,-0.16647143731474834,0.20984162244297747,1,1,1,0.85,0.6374999999999998,0.5418749999999999,0.0,0.0,0.00011060914702333281,0.9379937845840667,0.9483924927897737,1.0757374405471696
2015-08-13,2015,93.312215,131.077457,107.630178,85.254185,98.965204,98.413034,-0.00519366983435654,0.0005246075659501859,-0.17298284379781914,0.20822210215577178,1,1,1,0.85,0.6374999999999998,0.5418749999999999,0.0,0.0,-0.004335928224310531,0.9331221545602585,0.9442803310125623,1.0763017805474564
2015-08-14,2015,93.064149,129.707916,107.686642,84.832954,97.930409,97.545493,-0.0026584515221291793,0.0005246112293897376,-0.18163025908685582,0.2067098416932226,1,1,1,0.85,0.6374999999999998,0.5418749999999999,0.0,0.0,-0.002180992109401342,0.9306414945481353,0.9422208630615609,1.0768664205477438
2015-08-17,2015,93.928536,129.75745,107.743135,86.156732,97.330557,97.058825,0.009288077195010791,0.0005246054566359071,-0.1866430097823648,0.20379699841932197,1,1,1,0.85,0.6374999999999998,0.5418749999999999,0.0,0.0,0.007973556434254559,0.9392853645903786,0.9497337142867143,1.077431350548031
2015-08-18,2015,94.193449,129.943162,107.799658,86.540141,97.812912,97.418541,0.002820367603728169,0.0005246088300661089,-0.18261213989823966,0.2063909877602719,1,1,1,0.85,0.6374999999999998,0.5418749999999999,0.0,0.0,0.0024760037876788597,0.9419344946033253,0.9520852585605744,1.0779965805483187
2015-08-19,2015,93.216576,126.405847,107.856211,84.975635,96.033971,95.535343,-0.010370922929045734,0.0005246120539641463,-0.1974781197316311,0.2112208362062205,1,1,1,0.85,0.6374999999999998,0.5418749999999999,0.0,0.0,-0.008736592681594251,0.9321657645555846,0.9437672774583803,1.0785621105486065
2015-08-20,2015,93.361247,124.665166,107.912794,85.170395,96.159713,95.577655,0.0015519879211183252,0.000524615128562278,-0.19642733837563875,0.20162874681092058,1,1,1,0.85,0.6374999999999998,0.5418749999999999,0.0,0.0,0.001397882002234918,0.933612474562655,0.9450865527498375,1.0791279405488943
2015-08-21,2015,92.80488,123.35017,107.969406,84.265472,94.244723,93.736777,-0.005959292724528553,0.0005246087873509442,-0.21243023151326734,0.20844472141584164,2,1,1,0.85,0.6374999999999998,0.5418749999999999,0.0,0.0,-0.004986707497746629,0.9280488045354646,0.9403736825512204,1.079694060549182
2015-08-24,2015,91.341616,120.967005,108.026048,81.937947,91.391821,90.774446,-0.015767101902399938,0.0005246115737638224,-0.23627092302503871,0.22803949635689397,2,2,2,0.6,0.6374999999999998,0.3824999999999999,0.159375,0.000159375,-0.009409791511934433,0.9134161644639535,0.9315249622551034,1.0802604805494702
2015-08-25,2015,91.417598,118.29343,108.082719,82.02491,91.822642,91.112998,0.0008318442712902385,0.0005246049545382103,-0.2326707045254922,0.21539617299511535,2,2,2,0.6,0.6374999999999998,0.3824999999999999,0.0,0.0,0.0007089485445894272,0.9141759844676667,0.9321853655213429,1.0808271905497584
2015-08-26,2015,92.904627,126.056661,108.13942,84.325262,94.900231,94.498522,0.016266332003166406,0.0005246074536671141,-0.2069523833391982,0.24831731521176192,2,2,2,0.6,0.6374999999999998,0.3824999999999999,0.0,0.0,0.009969642183366689,0.9290462745403393,0.9414789200641615,1.081394200550047
2015-08-27,2015,94.194856,125.577247,108.196151,86.316893,98.357108,97.968686,0.013887672139300422,0.0005246098046391978,-0.17806448668129082,0.2868117528448614,1,2,2,0.6,0.6374999999999998,0.3824999999999999,0.0,0.0,0.008542447205435932,0.941948564603394,0.9495214540338403,1.0819615105503355
2015-08-28,2015,93.013366,127.331457,108.252912,84.431299,97.200693,96.910709,-0.012543041628515272,0.0005246120076858318,-0.18772823723233845,0.2770212189035048,1,1,2,0.6,0.6374999999999998,0.3824999999999999,0.0,0.0,-0.00731598017403483,0.9301336645456535,0.942574773901308,1.0825291205506242
2015-08-31,2015,91.592787,126.523037,108.309703,82.170647,96.112302,95.937371,-0.015272847990470573,0.0005246140630379426,-0.1968235353095904,0.2756565427896152,1,1,2,0.6,0.6374999999999998,0.3824999999999999,0.0,0.0,-0.008953863169067166,0.9159278744762284,0.9341350883491811,1.083097030550913
2015-09-01,2015,90.697307,124.358681,108.366523,80.733663,93.743816,93.461701,-0.009776752398635957,0.0005246067381423636,-0.21661613389024592,0.2855277871573745,2,1,2,0.6,0.6374999999999998,0.3824999999999999,0.0,0.0,-0.005656208743924629,0.9069730744324653,0.9288514252944537,1.083665230551202
2015-09-02,2015,91.336833,124.453022,108.423373,81.704515,95.778364,95.408383,0.00705121266720754,0.0005246085084782415,-0.1996141368942428,0.29901005111491585,1,2,2,0.6,0.6374999999999998,0.3824999999999999,0.0,0.0,0.004440571003715821,0.9133683344637197,0.9329760560003765,1.0842337305514913
2015-09-03,2015,92.524493,127.328753,108.480253,83.535167,97.637698,96.953029,0.013003078396642165,0.0005246101318026053,-0.18407634123517425,0.3099840160206071,1,1,2,0.6,0.6374999999999998,0.3824999999999999,0.0,0.0,0.00801169109070634,0.9252449345217619,0.9404507719560771,1.0848025305517808
2015-09-04,2015,91.100715,125.558133,108.537163,81.26943,95.84845,95.429539,-0.015388119986780247,0.0005246116083450492,-0.1990284530168106,0.3004391146105509,1,1,2,0.6,0.6374999999999998,0.3824999999999999,0.0,0.0,-0.009023027348730128,0.9110071544521804,0.931965058920583,1.0853716305520704
2015-09-08,2015,90.626859,125.533723,108.594103,80.493748,96.392645,95.937371,-0.005201452041292964,0.0005246129383351672,-0.19448080815650748,0.29442449681152905,1,1,2,0.6,0.6374999999999998,0.3824999999999999,0.0,0.0,-0.0029110260494417117,0.9062685944290226,0.9292520843568958,1.08594103055236
2015-09-09,2015,90.757296,124.738974,108.651072,80.66596,96.176204,96.699116,0.0014392753035830097,0.0005246049133993402,-0.19628952892977602,0.2941874402094673,1,1,2,0.6,0.6374999999999998,0.3824999999999999,0.0,0.0,0.0010734071475095419,0.9075729644353973,0.9302495501860827,1.0865107205526496
2015-09-10,2015,89.756725,126.355527,108.708072,79.064025,95.860818,95.493023,-0.011024689408992483,0.0005246151644044961,-0.1989250980215751,0.29103841464232,1,1,2,0.6,0.6374999999999998,0.3824999999999999,0.0,0.0,-0.006404967579633691,0.8975672543864984,0.924291331976172,1.0870807205529396
2015-09-11,2015,89.868709,126.345325,108.765101,79.207258,95.648499,94.964034,0.0012476391044793367,0.0005246068571613804,-0.20069937270086213,0.29018821543206214,2,1,2,0.6,0.6374999999999998,0.3824999999999999,0.0,0.0,0.0009584262055521541,0.8986870943919711,0.9251771970103027,1.0876510105532295
2015-09-14,2015,91.118484,128.299978,108.82216,81.135244,97.464545,97.545493,0.013906675793017076,0.0005246076128775368,-0.18552331952511825,0.2969380786358179,1,2,2,0.6,0.6374999999999998,0.3824999999999999,0.0,0.0,0.00855384852096126,0.9111848444530488,0.9330910226085763,1.0882216005535197
2015-09-15,2015,91.537408,130.736073,108.87925,81.759917,97.633575,97.122309,0.004597574296780538,0.0005246174124828862,-0.18411079568580146,0.29612282212641444,1,1,2,0.6,0.6374999999999998,0.3824999999999999,0.0,0.0,0.002968391543061477,0.9153740844735221,0.9358608021089941,1.0887925005538102
2015-09-16,2015,92.963185,133.155943,108.936369,83.963951,100.084515,99.640292,0.015575894392814815,0.0005246086834727048,-0.16362915823247826,0.3086761169802514,1,1,2,0.6,0.6374999999999998,0.3824999999999999,0.0,0.0,0.009555380109077971,0.9296318545432012,0.9448033078023321,1.0893636905541006
2015-09-17,2015,93.177362,132.24717,108.993518,84.267418,100.080392,99.703768,0.0023038905132177767,0.0005246090036283846,-0.16366361268310525,0.3000608913754457,1,1,2,0.6,0.6374999999999998,0.3824999999999999,0.0,0.0,0.0015921779093820197,0.9317736245536683,0.946307602757726,1.089935180554391
2015-09-18,2015,91.433487,129.29324,109.050697,81.499415,97.427441,96.889553,-0.01871565112564577,0.0005246091790522822,-0.18583338451082498,0.31696920089085867,1,1,2,0.6,0.6374999999999998,0.3824999999999999,0.0,0.0,-0.011019547003766549,0.9143348744684434,0.9358797216491156,1.090506970554682
2015-09-21,2015,91.106481,127.252884,109.107906,80.953933,96.038094,95.662295,-0.003576435841279868,0.0005246092099713273,-0.19744366528100388,0.3126639701207065,1,1,2,0.6,0.6374999999999998,0.3824999999999999,0.0,0.0,-0.0019360178207793897,0.9110648144524623,0.9340678418298969,1.091079060554973
2015-09-22,2015,91.262975,127.987642,109.165145,81.166867,95.368156,95.090987,0.0017177043639737821,0.0005246090966128936,-0.20304209985394506,0.2918809009753277,2,1,2,0.6,0.6374999999999998,0.3824999999999999,0.0,0.0,0.0012404662570294268,0.9126297544601103,0.9352265214694631,1.091651450555264
2015-09-23,2015,90.559852,126.964943,109.222414,80.031363,93.461412,92.869236,-0.007704362037288304,0.0005246088392041326,-0.21897608409031943,0.3021563791026479,2,2,2,0.6,0.6374999999999998,0.3824999999999999,0.0,0.0,-0.004412773686691329,0.9055985244257481,0.9310995784844267,1.0922241405555553
2015-09-24,2015,90.54389,126.956531,109.279713,79.973744,93.362467,93.101992,-0.00017625912197827276,0.0005246084379713079,-0.21980293240884996,0.2767484124541194,2,2,2,0.6,0.6374999999999998,0.3824999999999999,0.0,0.0,0.00010408790200155948,0.905438904424968,0.9311964946861057,1.0927971305558466
2015-09-25,2015,90.24589,125.270798,109.337043,79.473694,92.412187,92.80576,-0.003291221528034627,0.0005246170439703324,-0.22774408577822813,0.24102479260697382,2,2,2,0.6,0.6374999999999998,0.3824999999999999,0.0,0.0,-0.0017648860992326432,0.9024589044104044,0.9295530389369799,1.093370430556138
2015-09-28,2015,89.434711,124.637977,109.394402,78.16864,90.610571,90.457049,-0.008988542303699498,0.0005246072001416913,-0.2427995525551001,0.24626076164773342,2,2,2,0.6,0.6374999999999998,0.3824999999999999,0.0,0.0,-0.005183282502163022,0.8943471143707612,0.9247349029354254,1.0939440205564297
2015-09-29,2015,89.974341,124.324612,109.451791,78.982485,90.971306,90.880242,0.006033787038234095,0.0005246063687975866,-0.2397850179329859,0.2457717121688331,2,2,2,0.6,0.6374999999999998,0.3824999999999999,0.0,0.0,0.0038301147704594917,0.8997434143971336,0.9282767437459178,1.0945179105567215
2015-09-30,2015,90.863191,125.554886,109.509211,80.34411,92.882173,91.895899,0.009878927593367948,0.0005246145309765193,-0.22381657924598442,0.2449597226823346,2,2,2,0.6,0.6374999999999998,0.3824999999999999,0.0,0.0,0.0061372023684113765,0.9086319144405725,0.9339737659761765,1.0950921105570137
2015-10-01,2015,91.143359,126.830528,109.56666,80.750921,93.405755,93.165468,0.0030834048080041754,0.000524604272785778,-0.21944118992552542,0.2320767266136351,2,2,2,0.6,0.6374999999999998,0.3824999999999999,0.0,0.0,0.0020598845939168164,0.9114335944542645,0.9358976441478334,1.095666600557306
2015-10-02,2015,93.268806,129.757979,109.62414,84.052271,96.95127,96.191284,0.0233198230054259,0.0005246121402258108,-0.18981257689733244,0.26136131595984974,1,2,2,0.6,0.6374999999999998,0.3824999999999999,0.0,0.0,0.014201738659345863,0.9326880645581371,0.9491890179019183,1.0962414005575982
2015-10-05,2015,93.978885,128.93698,109.68165,85.133419,98.11593,97.608977,0.007613252816810023,0.0005246107289873514,-0.1800799258016762,0.25561709157385915,1,1,2,0.6,0.6374999999999998,0.3824999999999999,0.0,0.0,0.004777795981680954,0.9397888545928395,0.9537240493775059,1.096816500557891
2015-10-06,2015,94.843058,129.010288,109.73919,86.456265,98.398334,97.735929,0.00919539532736513,0.0005246091757371563,-0.1777199756016027,0.2551728637654586,1,1,2,0.6,0.6374999999999998,0.3824999999999999,0.0,0.0,0.00572708086671394,0.9484305846350722,0.9591861041328208,1.0973919005581836
2015-10-07,2015,95.714706,131.792689,109.79676,87.79082,100.828661,100.507833,0.009190424880648695,0.0005246074807006007,-0.1574105936881235,0.26801540550374925,1,1,2,0.6,0.6374999999999998,0.3824999999999999,0.0,0.0,0.005724097920669457,0.9571470646776706,0.9646765793170224,1.0979676005584766
2015-10-08,2015,95.772339,132.032164,109.854361,87.848471,101.226501,100.698269,0.0006021331769017202,0.0005246147518378486,-0.15408598572365673,0.2671749761924864,1,1,2,0.6,0.6374999999999998,0.3824999999999999,0.0,0.0,0.0005711258068761716,0.9577233946804872,0.9652275310067594,1.0985436105587696
2015-10-09,2015,95.990487,130.54275,109.911992,88.157895,101.702672,101.121461,0.0022777766762069884,0.0005246127643490084,-0.15010679333714938,0.26655974642505853,1,1,2,0.6,0.6374999999999998,0.3824999999999999,0.0,0.0,0.0015765111114637964,0.9599048746911482,0.9667492229344824,1.0991199205590627
2015-10-13,2015,94.052962,129.127746,109.969653,85.085851,97.631514,97.185785,-0.020184552246307552,0.0005246106357530422,-0.18412801873279216,0.3003931464509041,1,1,2,0.6,0.6374999999999998,0.3824999999999999,0.0,0.0,-0.011900887093483314,0.9405296245964594,0.9552440495846264,1.099696530559356
2015-10-14,2015,93.284572,127.075416,110.027344,83.847729,96.285455,95.852731,-0.008169758651513814,0.000524608366273549,-0.1953765570196464,0.30440575958217253,1,1,2,0.6,0.6374999999999998,0.3824999999999999,0.0,0.0,-0.004692011844398869,0.9328457245589075,0.9507620331896838,1.1002734405596495
2015-10-15,2015,93.461073,128.102786,110.085065,84.091772,97.215122,96.889553,0.0018920706416492017,0.0005246059561339056,-0.18760765919011224,0.291838447563112,1,1,2,0.6,0.6374999999999998,0.3824999999999999,0.0,0.0,0.0013450847674430833,0.9346107345675333,0.9520408887179903,1.100850650559943
2015-10-16,2015,93.23038,129.162811,110.142817,83.697061,97.369723,97.016505,-0.0024683324575142107,0.0005246124894415782,-0.18631571339302166,0.2919886564639768,1,1,2,0.6,0.6374999999999998,0.3824999999999999,0.0,0.0,-0.001271154478731895,0.932303804556259,0.9508306976783605,1.1014281705602365
2015-10-19,2015,93.980715,129.046865,110.200599,84.841201,97.804667,97.333901,0.008048181290261969,0.0005246097891249413,-0.18268104044284816,0.2766965472600122,1,1,1,0.85,0.6374999999999998,0.5418749999999999,0.159375,0.000159375,0.006760270565091414,0.9398071545929287,0.9572585704562607,1.1020059905605304
2015-10-20,2015,93.713604,130.647719,110.258411,84.389329,97.041969,96.38172,-0.0028421894853640772,0.0005246069488242799,-0.18905463748005624,0.27310216467503506,1,1,1,0.85,0.6374999999999998,0.5418749999999999,0.0,0.0,-0.0023371700202358234,0.9371360445798748,0.9550212944237766,1.1025841105608245
2015-10-21,2015,93.555652,130.77712,110.316254,84.108671,96.93684,96.402884,-0.001685475675442083,0.0005246130383649295,-0.18993316329620435,0.2717142638180091,1,1,1,0.85,0.6374999999999998,0.5418749999999999,0.0,0.0,-0.0013539623683710312,0.9355565245721553,0.9537282315301338,1.1031625405611187
2015-10-22,2015,94.548105,134.358922,110.374166,85.632529,98.474604,97.968686,0.010608156522708079,0.0005249634382979984,-0.1770826142265527,0.2647698997872062,1,1,1,0.85,0.6374999999999998,0.5418749999999999,0.0,0.0,0.009095677560046566,0.9454810546206576,0.9624030360040453,1.1037416605614132
2015-10-23,2015,93.907124,133.055351,110.432108,84.594122,98.113869,97.249261,-0.00677941667894888,0.0005249597990166777,-0.180097148848667,0.2654271961710116,1,1,1,0.85,0.6374999999999998,0.5418749999999999,0.0,0.0,-0.005683760207254046,0.9390712445893321,0.9569329679246651,1.1043210805617079
2015-10-26,2015,93.802164,131.62941,110.49008,84.396513,97.314067,96.868389,-0.001117700079921402,0.0005249560209428239,-0.18678081087158183,0.2642260847682549,1,1,1,0.85,0.6374999999999998,0.5418749999999999,0.0,0.0,-0.0008713016647917682,0.9380216445842027,0.9560991906366182,1.104900800562003
2015-10-27,2015,93.773153,131.774279,110.548083,84.318025,96.971883,96.38172,-0.0003092785791168895,0.0005249611548836519,-0.18964032135748832,0.2522230314137974,1,1,1,0.85,0.6374999999999998,0.5418749999999999,0.0,0.0,-0.00018414261901680828,0.9377315345827848,0.9559231320276146,1.1054808305622978
2015-10-28,2015,92.994704,131.779815,110.606116,83.063928,96.349357,97.460861,-0.0083014058405394,0.0005249570903911316,-0.19484255063983202,0.2546601781300202,1,1,1,0.85,0.6374999999999998,0.5418749999999999,0.0,0.0,-0.00697745140089982,0.9299470445447413,0.949253224830896,1.106061160562593
2015-10-29,2015,92.150885,126.351581,110.66418,81.707274,94.055079,93.482865,-0.009073839301644515,0.0005249619288683061,-0.21401501924907396,0.2622075560548018,2,1,1,0.85,0.6374999999999998,0.5418749999999999,0.0,0.0,-0.007634019117067592,0.9215088545035031,0.9420066075655988,1.1066418005628882
2015-10-30,2015,92.314323,125.373376,110.722274,81.930614,94.551863,93.948377,0.0017735912140182108,0.0005249575788659477,-0.2098635713227226,0.2621228990851041,2,2,2,0.6,0.6374999999999998,0.3824999999999999,0.159375,0.000159375,0.0011147627599573057,0.9231432345114905,0.9430567214513467,1.1072227405631836
2015-11-03,2015,95.18676,127.966849,110.780399,86.403345,99.055904,98.666955,0.03111583237197113,0.0005249621227974011,-0.17222489602389712,0.2818558251869927,1,2,2,0.6,0.6374999999999998,0.3824999999999999,0.0,0.0,0.018879484272301638,0.9518676046518693,0.9608611459918758,1.1078039905634791
2015-11-04,2015,95.234362,128.073044,110.838554,86.444947,98.346801,97.714773,0.00050009055881306,0.000524957488192479,-0.16662299663019176,0.28033357517039276,1,1,2,0.6,0.6374999999999998,0.3824999999999999,0.0,0.0,0.0005100373305648275,0.9523436246541956,0.9613512210458209,1.108385540563775
2015-11-05,2015,96.019439,129.667756,110.89674,87.643354,99.041474,98.286082,0.008243631642116833,0.0005249617384939231,-0.16073643502193047,0.2812432015691729,1,1,2,0.6,0.6374999999999998,0.3824999999999999,0.0,0.0,0.005156163680667669,0.9601943946925632,0.9663081052961429,1.1089674005640708
2015-11-06,2015,94.706877,128.542533,110.954956,85.55133,96.716276,96.3394,-0.01366975285077432,0.0005249568201914911,-0.18043983687921583,0.27817974783420923,1,1,2,0.6,0.6374999999999998,0.3824999999999999,0.0,0.0,-0.007991868982387995,0.947068774628417,0.9585854975219965,1.109549560564367
2015-11-09,2015,93.732095,126.335621,111.013203,83.98914,95.223862,94.710114,-0.010292621094453391,0.0005249607777773058,-0.1930863438775181,0.281233501755397,1,1,2,0.6,0.6374999999999998,0.3824999999999999,0.0,0.0,-0.005965588345561113,0.9373209545807785,0.9528669710497554,1.1101320305646634
2015-11-10,2015,93.867859,124.679814,111.071481,84.168964,95.190881,95.069831,0.0014484259633800178,0.0005249645846179263,-0.1933658202475541,0.27999021419431414,1,1,2,0.6,0.6374999999999998,0.3824999999999999,0.0,0.0,0.0010790414118751813,0.9386785945874134,0.953895153971526,1.1107148105649598
2015-11-11,2015,95.069664,126.90554,111.129789,86.020994,97.017233,96.868389,0.012803157681480881,0.0005249592377363221,-0.17788956945564016,0.2542749074199711,1,1,2,0.6,0.6374999999999998,0.3824999999999999,0.0,0.0,0.007891878303983057,0.9506966446461469,0.9614231784414284,1.1112978905652564
2015-11-12,2015,94.926378,126.406601,111.188128,85.763058,96.644129,95.916215,-0.001507168469639275,0.0005249627532362133,-0.18105120044214562,0.24963304356094584,1,1,2,0.6,0.6374999999999998,0.3824999999999999,0.0,0.0,-0.0006943159804890797,0.9492637846391444,0.9607556469646239,1.1118812805655531
2015-11-13,2015,94.084134,127.913981,111.246497,84.4087,95.887615,95.683459,-0.00887260230238629,0.0005249571249188456,-0.1874617940142469,0.248656903539341,1,1,2,0.6,0.6374999999999998,0.3824999999999999,0.0,0.0,-0.005113578531464235,0.9408413445979832,0.9558427475143226,1.1124649705658498
2015-11-16,2015,94.457351,128.755678,111.304897,84.960931,96.567859,96.148964,0.00396684312362372,0.0005249603499875022,-0.16648281898463302,0.2500553054523864,1,1,2,0.6,0.6374999999999998,0.3824999999999999,0.0,0.0,0.002590090014169233,0.9445735146162226,0.9583184662697757,1.1130489705661468
2015-11-17,2015,95.031373,130.58646,111.363328,85.828133,97.394459,97.101145,0.006077049524710887,0.0005249634254635982,-0.14866934605747062,0.25150731693688927,1,1,1,0.85,0.6374999999999998,0.5418749999999999,0.159375,0.000159375,0.0050848616098237934,0.9503137346442756,0.9631913830488961,1.113633280566444
2015-11-18,2015,95.017887,129.737069,111.421789,85.773735,97.781992,97.503181,-0.00014191102973959424,0.0005249573719636746,-0.13928001033687987,0.2501923710736783,1,1,1,0.85,0.6374999999999998,0.5418749999999999,0.0,0.0,-4.188076948410393e-05,0.9501788746436165,0.9631510438526135,1.1142178905667415
2015-11-19,2015,96.111334,130.315257,111.480281,87.455686,99.231118,98.815071,0.011507801683697805,0.0005249601583761088,-0.12652416756635665,0.25517928639412385,1,1,1,0.85,0.6374999999999998,0.5418749999999999,0.0,0.0,0.00986037545489955,0.9611133446970545,0.9726480747647788,1.114802810567039
2015-11-23,2015,95.978322,130.609399,111.597357,87.180468,99.253793,98.307238,-0.0013839366749398563,0.001050194697661322,-0.11827720276941156,0.2493051642808966,1,1,1,0.85,0.6374999999999998,0.5418749999999999,0.0,0.0,-0.0010188169690496796,0.9597832246905541,0.9716571244012949,1.1159735705676344
2015-11-24,2015,95.987056,131.391146,111.655941,87.160854,99.530013,99.005507,9.09997155398301e-05,0.0005249586690481145,-0.11582339759290794,0.24892378034826745,1,1,1,0.85,0.6374999999999998,0.5418749999999999,0.0,0.0,0.0001560935585660728,0.9598705646909809,0.9718087938195488,1.1165594105679324
2015-11-25,2015,94.090042,131.104357,111.714556,84.151817,96.609086,96.085488,-0.019763227241806458,0.0005249608706445752,-0.13591696753411397,0.26958246738840874,1,1,1,0.85,0.6374999999999998,0.5418749999999999,0.0,0.0,-0.016719999024938804,0.940900424598272,0.955560151734459,1.1171455605682306
2015-11-26,2015,94.814628,131.124408,111.773202,85.255075,97.184202,96.59332,0.007700984977772718,0.0005249629242585208,-0.13077306236043662,0.27014519124907316,1,1,1,0.85,0.6374999999999998,0.5418749999999999,0.0,0.0,0.006624581669745588,0.9481462846336832,0.9618903379999785,1.1177320205685288
2015-11-27,2015,93.384191,126.978603,111.831878,82.977887,94.560109,94.350406,-0.015086669959829435,0.0005249558834325985,-0.15424325891019497,0.2862776939313767,1,1,1,0.85,0.6374999999999998,0.5418749999999999,0.0,0.0,-0.01274492608334013,0.9338419145637763,0.9496311167418897,1.1183187805688273
2015-11-30,2015,92.327006,125.599612,111.890585,81.286175,93.007916,92.467208,-0.011320813391208828,0.0005249576511627829,-0.16812625573734974,0.2795096097961602,1,1,1,0.85,0.6374999999999998,0.5418749999999999,0.0,0.0,-0.009543947734853087,0.9232700645121106,0.9405678869963149,1.1189058505691258
2015-12-01,2015,92.165371,127.267893,111.949323,80.999229,92.857437,92.107491,-0.0017506795357362659,0.0005249592715956819,-0.16947215761910883,0.27871691780896485,1,1,1,0.85,0.6374999999999998,0.5418749999999999,0.0,0.0,-0.0014093337146364737,0.9216537145042113,0.9392423129622666,1.1194932305694247
2015-12-02,2015,92.020759,125.837906,112.008092,80.73897,92.58534,91.959375,-0.0015690491822573094,0.0005249607449613336,-0.1719058252027652,0.21210406089502157,1,1,1,0.85,0.6374999999999998,0.5418749999999999,0.0,0.0,-0.001254947693174513,0.9202075944971441,0.9380636129882827,1.1200809205697235
2015-12-03,2015,93.932398,126.495917,112.066892,83.704184,95.632009,95.154471,0.020773997310759018,0.0005249620714902203,-0.1446560591875914,0.247181612380784,1,1,1,0.85,0.6374999999999998,0.5418749999999999,0.0,0.0,0.017736642024868698,0.9393239845905678,0.9547017114884109,1.1206689205700224
2015-12-04,2015,93.337886,124.679687,112.125723,82.738163,93.5047,93.313585,-0.006329147479020025,0.0005249632514123803,-0.16368296118842351,0.2557981456300381,1,1,1,0.85,0.6374999999999998,0.5418749999999999,0.0,0.0,-0.005301030869455164,0.9333788645615133,0.9496408082446891,1.1212572305703217
2015-12-07,2015,93.221394,126.735388,112.184584,82.52196,93.220234,92.996196,-0.0012480676924694345,0.000524955366397073,-0.16622725856344933,0.24384056221713804,1,1,1,0.85,0.6374999999999998,0.5418749999999999,0.0,0.0,-0.0009821142336394583,0.9322139445558203,0.9487081524900671,1.121845840570621
2015-12-08,2015,92.618604,124.696343,112.243477,81.54292,91.612385,91.091834,-0.006466219546126917,0.0005249651770335984,-0.18060804920323703,0.24527602076478716,1,1,1,0.85,0.6374999999999998,0.5418749999999999,0.0,0.0,-0.005417541837652839,0.9261860445263613,0.9435684863822298,1.1224347705709206
2015-12-09,2015,95.260058,127.968025,112.3024,85.652872,95.044525,94.477366,0.02851969135704091,0.0005249570093057709,-0.14991058520852063,0.2822217321834156,1,1,1,0.85,0.6374999999999998,0.5418749999999999,0.0,0.0,0.024320481204880638,0.9526005846554517,0.9665165260208065,1.1230240005712202
2015-12-10,2015,94.651781,125.923403,112.361354,84.665188,94.061263,93.779097,-0.006385435960998498,0.0005249576144410462,-0.15870499622974144,0.2750725170925194,1,1,1,0.85,0.6374999999999998,0.5418749999999999,0.0,0.0,-0.005348876924682566,0.9465178146257246,0.9613467480774495,1.1236135405715202
2015-12-11,2015,94.51602,125.577571,112.42034,84.418689,93.302688,92.932712,-0.0014343206072372494,0.0005249669739650908,-0.1654897802856925,0.275975434687988,1,1,1,0.85,0.6374999999999998,0.5418749999999999,0.0,0.0,-0.0011404274700568984,0.9451602046190898,0.9602504018376921,1.1242034005718202
2015-12-14,2015,93.108742,123.763011,112.479356,82.177636,92.239034,91.895899,-0.0148893065958553,0.0005249583838653482,-0.17500322681404978,0.27733004446026327,1,1,1,0.85,0.6374999999999998,0.5418749999999999,0.0,0.0,-0.012577166848897203,0.9310874245503148,0.9481731723170588,1.1247935605721204
2015-12-15,2015,93.645305,121.669692,112.538403,82.985728,92.496702,92.044015,0.005762756412281744,0.0005249585532833834,-0.17269861390414798,0.27591862864924027,1,1,1,0.85,0.6374999999999998,0.5418749999999999,0.0,0.0,0.00497708673343199,0.936453054576537,0.9528923124339942,1.1253840305724208
2015-12-16,2015,93.929505,121.048235,112.597481,83.397938,92.793536,92.551848,0.0030348558318007424,0.000524958577917678,-0.1700436956818704,0.27384637421765246,1,1,1,0.85,0.6374999999999998,0.5418749999999999,0.0,0.0,0.0026583712437182826,0.9392950545904263,0.9554254539557289,1.1259748105727214
2015-12-17,2015,94.592128,123.405413,112.65659,84.403735,93.298565,92.551848,0.00705447132932302,0.0005249584579960498,-0.16552665688281565,0.274338568777696,1,1,1,0.85,0.6374999999999998,0.5418749999999999,0.0,0.0,0.006075044398623974,0.9459212846228093,0.9612297060080853,1.126565900573022
2015-12-18,2015,92.141813,118.4348,112.71573,80.526476,90.515749,90.097341,-0.025904005458044055,0.0005249581937460945,-0.18708924839297092,0.2832268624016464,1,1,1,0.85,0.6374999999999998,0.5418749999999999,0.0,0.0,-0.021939660910275532,0.92141813450306,0.9401406522013841,1.1271573005733226
2015-12-21,2015,91.78891,117.927966,112.774902,79.939257,89.050132,88.764287,-0.0038299984394706277,0.0005249666572713085,-0.20025177348059997,0.2856280848886746,2,1,1,0.85,0.6374999999999998,0.5418749999999999,0.0,0.0,-0.003176753674959337,0.9178891044858133,0.9371540569295247,1.1277490205736236
2015-12-22,2015,91.176202,118.135166,112.834104,78.944482,89.606695,89.356752,-0.006675185488094315,0.0005249572285153103,-0.19525334998363864,0.28718321646844847,1,2,2,0.6,0.6374999999999998,0.3824999999999999,0.159375,0.000159375,-0.003954503401450465,0.9117620244558697,0.9334480780237138,1.1283410405739247
2015-12-23,2015,91.512843,119.962563,112.893337,79.438864,90.730129,90.457049,0.00369220248941704,0.0005249565326455041,-0.18516392811605953,0.2786033876756944,1,1,2,0.6,0.6374999999999998,0.3824999999999999,0.0,0.0,0.0024253041067084256,0.9151284344723216,0.9357119734807438,1.128933370574226
2015-12-28,2015,91.449749,120.523162,113.011897,79.272477,90.212731,89.928061,-0.0006894551401928073,0.001050194840108265,-0.18981061558986012,0.2767074678516519,1,1,2,0.6,0.6374999999999998,0.3824999999999999,0.0,0.0,6.4048519276217655e-06,0.9144974944692381,0.9357179665773809,1.1301189705748291
2015-12-29,2015,91.303057,119.558446,113.071224,79.008636,89.985983,89.758781,-0.0016040721992577334,0.0005249624293979238,-0.19184701134575666,0.262494370974727,1,1,2,0.6,0.6374999999999998,0.3824999999999999,0.0,0.0,-0.0007524583477954705,0.9130305744620691,0.9350138777822475,1.1307122405751309
2015-12-30,2015,90.979421,118.87122,113.130582,78.46722,89.359334,89.14516,-0.003544634874602215,0.0005249611519195785,-0.18574728941170815,0.25787966170527693,1,1,2,0.6,0.6374999999999998,0.3824999999999999,0.0,0.0,-0.0019167964639934974,0.9097942144462527,0.9332216464875297,1.1313058205754327
2016-01-05,2016,90.756533,121.428197,113.189971,78.098315,89.948829,89.318683,-0.0024498744318305343,0.0005249587878670692,-0.1803757419734937,0.2596307191894347,1,1,2,0.6,0.4335870042065203,0.2601522025239122,0.1223477974760877,0.00012234779747608772,-0.0013822889414275804,0.9075653328620535,0.9319316645256892,1.131899709507709
2016-01-06,2016,90.134112,121.890598,113.249391,76.806383,88.578996,87.843774,-0.006858139898314519,0.000524958169659806,-0.1928578206033914,0.2641825702012907,1,1,2,0.6,0.4335870042065203,0.2601522025239122,0.0,0.0,-0.0039049006711247888,0.9013411228424252,0.9282925639434404,1.1324939095074507
2016-01-07,2016,88.862627,121.262056,113.308843,74.223333,86.293114,85.609725,-0.014106590410520647,0.0005249652953982498,-0.2136870449414442,0.2423629547637323,2,1,2,0.6,0.4335870042065203,0.2601522025239122,0.0,0.0,-0.008253968128153088,0.8886262728023283,0.9206304667070497,1.133088429507192
2016-01-08,2016,88.599563,121.594137,113.368325,73.646163,86.117113,85.327755,-0.002960344622717437,0.000524954614530948,-0.21529078665371182,0.23377072853263914,2,2,2,0.6,0.4335870042065203,0.2601522025239122,0.0,0.0,-0.001566224927818083,0.8859956327940325,0.9191885523207843,1.1336832495069333
2016-01-11,2016,88.211786,121.566661,113.427839,72.820889,84.713353,83.982989,-0.004376737162913535,0.0005249614475648645,-0.22808201207863965,0.23775066002721348,2,2,2,0.6,0.4335870042065203,0.2601522025239122,0.0,0.0,-0.002416057718722175,0.8821178627818037,0.9169677397239886,1.1342783895066746
2016-01-12,2016,88.739128,122.168273,113.487384,73.815903,83.788821,83.245534,0.005978135393381434,0.0005249593091516402,-0.23650645587569863,0.2343438324672288,2,2,2,0.6,0.4335870042065203,0.2601522025239122,0.0,0.0,0.0037968649596895163,0.8873912827984336,0.9204493424041124,1.1348738395064157
2016-01-13,2016,87.735655,121.815798,113.54696,71.765857,82.580145,81.879073,-0.011308123289198835,0.0005249570295848827,-0.24752005305876412,0.17688530645734338,2,2,2,0.6,0.4335870042065203,0.2601522025239122,0.0,0.0,-0.006574891161685348,0.8773565527667886,0.9143974881579605,1.1354695995061566
2016-01-14,2016,87.747878,121.929,113.606568,71.73616,83.759135,83.006945,0.00013931622212215444,0.0005249634160173766,-0.23677695818233535,0.19158846858480363,2,2,2,0.6,0.4335870042065203,0.2601522025239122,0.0,0.0,0.00029357509968024336,0.8774787827671742,0.9146659324916938,1.1360656795058972
2016-01-15,2016,86.926369,121.79337,113.666207,70.048014,81.784964,81.293447,-0.009362152324640882,0.0005249608455737409,-0.25476583540376585,0.20174787658731078,2,2,2,0.6,0.4335870042065203,0.2601522025239122,0.0,0.0,-0.0054073070565550324,0.8692636927412675,0.909720052940541,1.136662069505638
2016-01-18,2016,86.673996,120.772984,113.725877,69.49194,80.444817,79.710091,-0.0029032962368414905,0.0005249581346546961,-0.2669774117270268,0.2041201896815785,2,2,2,0.6,0.4335870042065203,0.2601522025239122,0.0,0.0,-0.001531994488243016,0.8667399627333088,0.9083263668335919,1.1372587695053784
2016-01-19,2016,86.632231,121.19867,113.785579,69.354768,80.699276,79.926986,-0.00048186309536246696,0.0005249640765574437,-0.26231707298902385,0.20435322391875113,2,2,2,0.6,0.4335870042065203,0.2601522025239122,0.0,0.0,-7.91322265945027e-05,0.8663223127319918,0.9082544889457099,1.1378557895051187
2016-01-20,2016,85.718091,120.033464,113.845312,67.482278,79.825636,79.167846,-0.01055196189048857,0.0005249610761308698,-0.2703031336366294,0.20135975833084666,2,2,2,0.6,0.4335870042065203,0.2601522025239122,0.0,0.0,-0.006121192703840794,0.8571809127031639,0.9026948881947447,1.138453119504859
2016-01-21,2016,85.323693,121.032897,113.905036,66.643645,79.978311,79.384741,-0.004601105733910926,0.0005246065819555223,-0.2587390972890168,0.19874163564944086,2,2,2,0.6,0.4335870042065203,0.2601522025239122,0.0,0.0,-0.0025508208075643466,0.8532369326907263,0.9003922752910557,1.139050359504599
2016-01-22,2016,85.932694,122.579036,113.964792,67.800899,80.644143,79.948681,0.007137536815243095,0.0005246124499711513,-0.2418200235819089,0.18799460855890268,2,2,2,0.6,0.4335870042065203,0.2601522025239122,0.0,0.0,0.004492367069134318,0.8593269427099315,0.9044371678978762,1.1396479195043394
2016-01-26,2016,85.322896,122.224051,114.084397,66.479545,79.511804,79.059398,-0.007096228124769399,0.0010494907936127174,-0.25063592715739524,0.1865506540044214,2,2,2,0.6,0.4335870042065203,0.2601522025239122,0.0,0.0,-0.0038379405574165528,0.8532289626907011,0.9009659918095659,1.140843969503819
2016-01-27,2016,86.900535,123.250146,114.144247,69.563485,81.37571,81.293447,0.01849021861611444,0.0005246116171346848,-0.22466445890507392,0.2095742948407592,2,2,2,0.6,0.4335870042065203,0.2601522025239122,0.0,0.0,0.011303975816522538,0.8690053527404528,0.9111504895924906,1.1414424695035588
2016-01-28,2016,87.546838,124.116182,114.204128,70.794826,81.914313,81.119933,0.007437272969608166,0.0005246081302723304,-0.21875018895979603,0.20409031670869196,2,2,2,0.6,0.4335870042065203,0.2601522025239122,0.0,0.0,0.004672207033873832,0.8754683827608342,0.9154075733188822,1.1420412795032984
2016-01-29,2016,90.061687,127.202091,114.264041,75.742968,85.680294,85.002405,0.02872575477825956,0.0005246132609146859,-0.18283251063377515,0.27269884590770554,1,2,2,0.6,0.4335870042065203,0.2601522025239122,0.0,0.0,0.01744529817132161,0.9006168728401414,0.931377131383716,1.1426404095030378
2016-02-01,2016,91.933394,128.096157,114.323985,79.41177,86.028053,85.240994,0.020782499888104544,0.0005246094875988039,-0.17951579291879494,0.2736700069616094,1,1,2,0.6,0.4335870042065203,0.2601522025239122,0.0,0.0,0.012679343727902248,0.9193339428991667,0.9431863821728378,1.143239849502777
2016-02-02,2016,89.293667,127.522972,114.38396,74.106598,81.842217,81.380208,-0.028713472712646793,0.0005246055759866586,-0.21943779756339565,0.3196398025735357,2,1,2,0.6,0.4335870042065203,0.2601522025239122,0.0,0.0,-0.01701824139719341,0.8929366728159215,0.9271350086384749,1.1438395995025161
2016-02-03,2016,89.990801,128.876342,114.443967,75.438936,83.947858,83.288915,0.007807205409091411,0.0005246102687823662,-0.19935545086327144,0.3350462296620476,1,2,2,0.6,0.4335870042065203,0.2601522025239122,0.0,0.0,0.004894167352967793,0.899908012837906,0.9316725625295469,1.144439669502255
2016-02-04,2016,90.515694,129.442614,114.504006,76.428631,86.562415,85.935068,0.005832740615343557,0.0005246148099706804,-0.17441936719979922,0.3529848530725493,1,1,2,0.6,0.4335870042065203,0.2601522025239122,0.0,0.0,0.003709490293194406,0.9051569428544588,0.9351285928566858,1.1450400595019938
2016-02-05,2016,90.598202,128.871743,114.564076,76.538324,86.074704,85.349441,0.0009115325348993952,0.0005246104664669016,-0.17907086353344037,0.3411846087370538,1,1,2,0.6,0.4335870042065203,0.2601522025239122,0.0,0.0,0.0007567637075263977,0.9059820228570608,0.9358362642376299,1.1456407595017324
2016-02-10,2016,90.706626,129.623487,114.624177,76.699541,85.618799,84.937338,0.00119675664203589,0.0005246059855621432,-0.17403321773977343,0.34165013878291006,1,1,2,0.6,0.4335870042065203,0.2601522025239122,0.0,0.0,0.0009278963794463913,0.9070662628604801,0.9367046233189705,1.146241769501471
2016-02-11,2016,89.29198,128.508089,114.68431,73.831104,83.373206,82.855117,-0.01559583971296652,0.0005246100916387331,-0.19569651185437653,0.34962911125926505,1,1,2,0.6,0.4335870042065203,0.2601522025239122,0.0,0.0,-0.009147659791124418,0.8929198028158685,0.9281359681000753,1.1468430995012093
2016-02-12,2016,89.877229,128.166001,114.744475,74.94074,84.412244,84.004675,0.0065543288434191105,0.0005246140470305249,-0.1856728852264662,0.3502994231783741,1,1,2,0.6,0.4335870042065203,0.2601522025239122,0.0,0.0,0.004142442924863677,0.8987722928343246,0.931980718374443,1.1474447495009477
2016-02-15,2016,89.886818,128.33441,114.804671,74.905274,85.016582,84.698748,0.00010668998262075569,0.0005246091369541794,-0.17531654417122322,0.346375291656465,1,1,2,0.6,0.4335870042065203,0.2601522025239122,0.0,0.0,0.0002738576443541252,0.8988681828346271,0.9322359484185605,1.1480467095006859
2016-02-16,2016,91.607284,129.63342,114.864899,78.272976,86.829596,86.195351,0.019140359379503202,0.0005246128008153939,-0.1465002434987256,0.350651984443372,1,1,2,0.6,0.4335870042065203,0.2601522025239122,0.0,0.0,0.011694060748028078,0.9160728428888829,0.9431375722308627,1.148648989500424
2016-02-17,2016,91.874987,130.133444,114.925158,78.750881,88.277887,87.409976,0.0029222894546245826,0.0005246076088047946,-0.1322641296298669,0.3406360883288438,1,1,2,0.6,0.4335870042065203,0.2601522025239122,0.0,0.0,0.001963216716296667,0.918749872897325,0.9449891556784338,1.1492515795001619
2016-02-18,2016,92.101338,130.899161,114.985449,79.146501,87.953453,87.193081,0.002463684702344482,0.0005246109820444822,-0.13519034190173496,0.33343565703191036,1,1,2,0.6,0.4335870042065203,0.2601522025239122,0.0,0.0,0.001688055214224482,0.9210133829044631,0.9465843495500623,1.1498544894998997
2016-02-19,2016,91.779221,131.825246,115.045771,78.451103,88.091284,87.301529,-0.0034974193317364177,0.0005246055089980217,-0.13383510710515067,0.3335801760564156,1,1,1,0.85,0.4335870042065203,0.36854895357554224,0.10839675105163005,0.00010839675105163005,-0.003002512356677882,0.9177922128943051,0.9437422183439004,1.1504577094996373
2016-02-22,2016,93.037145,132.337576,115.106125,80.898623,91.679144,91.010486,0.013705978175604594,0.0005246085925227906,-0.09855717458436108,0.3516625976149179,1,1,1,0.85,0.4335870042065203,0.36854895357554224,0.0,0.0,0.011728772738142323,0.9303714529339743,0.9548111563462462,1.1510612494993748
2016-02-23,2016,91.870212,131.65577,115.166511,78.522699,90.165118,89.600653,-0.012542657021558434,0.0005246115269712526,-0.11344396143298963,0.3612749397489508,1,1,1,0.85,0.4335870042065203,0.36854895357554224,0.0,0.0,-0.010582566739278982,0.9187021228971745,0.944706803560804,1.1516651094991122
2016-02-24,2016,91.725592,131.607293,115.226929,78.180283,89.240587,88.66799,-0.0015741772752193572,0.0005246143125756664,-0.12253448955598734,0.36585552991604503,1,1,1,0.85,0.4335870042065203,0.36854895357554224,0.0,0.0,-0.0012593585370501037,0.9172559228926139,0.9435170789827305,1.1522692894988493
2016-02-25,2016,92.726864,131.522318,115.287378,80.117198,88.822851,88.060669,0.010915950261732865,0.0005246082710406164,-0.12664191359692112,0.3607556283461678,1,1,1,0.85,0.4335870042065203,0.36854895357554224,0.0,0.0,0.009357248963129028,0.9272686429241895,0.9523458031917362,1.1528737794985866
2016-02-26,2016,91.57358,131.80473,115.347859,77.768335,88.197309,87.301529,-0.012437431292834367,0.0005246107687522095,-0.13279260745479726,0.3571916758448726,1,1,1,0.85,0.4335870042065203,0.36854895357554224,0.0,0.0,-0.01049312498359638,0.9157358028878202,0.9423527196512419,1.1534785894983237
2016-02-29,2016,92.864722,133.122431,115.408372,80.28179,90.74401,89.904309,0.014099503372042355,0.0005246131183067604,-0.10775195758868561,0.3677117224327081,1,1,1,0.85,0.4335870042065203,0.36854895357554224,0.0,0.0,0.012063269833982015,0.928647222928537,0.9537205747871816,1.1540837194980604
2016-03-01,2016,94.442685,133.621859,115.468916,83.365746,93.560014,92.723984,0.016992060774165596,0.0005246066550526063,-0.08006336352696819,0.3491952823531715,1,1,1,0.85,0.4335870042065203,0.36854895357554224,0.0,0.0,0.014521942656298647,0.9444268529782988,0.9675704502843732,1.154689159497797
2016-03-02,2016,95.329479,134.23407,115.529492,85.07483,95.194907,94.35072,0.009389758455088382,0.0005246087180728054,-0.0639881418258117,0.3521342855744526,1,1,1,0.85,0.4335870042065203,0.36854895357554224,0.0,0.0,0.008059985994536046,0.9532947930062643,0.9753690545623922,1.1552949194975337
2016-03-03,2016,97.928678,134.524993,115.5901,90.190127,100.072021,99.122483,0.027265427517966456,0.0005246106336207479,-0.01603351188255897,0.32668866681794173,1,1,1,0.85,0.4335870042065203,0.36854895357554224,0.0,0.0,0.0232543049853146,0.9792867830882315,0.9980505840304241,1.1559009994972702
2016-03-04,2016,99.130717,134.535566,115.65074,92.526226,104.083978,99.122483,0.012274637262028598,0.0005246124019271381,0.0,0.33941267470818387,1,1,1,0.85,0.4335870042065203,0.36854895357554224,0.0,0.0,0.010512133533013378,0.9913071731261384,1.008542225042454,1.1565073994970065
2016-03-07,2016,98.718867,134.68323,115.711411,91.65202,104.425376,103.612275,-0.004154615365084102,0.0005246053764982328,0.0,0.3318291455388803,1,1,1,0.85,0.4335870042065203,0.36854895357554224,0.0,0.0,-0.003452732253846752,0.9871886731131504,1.0050599987726836,1.1571141094967428
2016-03-08,2016,99.625443,135.482354,115.772115,93.400339,104.120026,103.460447,0.00918341171804582,0.0005246155022688992,-0.0029240976829233434,0.3303117511187557,1,1,1,0.85,0.4335870042065203,0.36854895357554224,0.0,0.0,0.007884592285679282,0.9962544331417398,1.0129844870856517,1.1577211494964788
2016-03-09,2016,100.16094,135.433949,115.83285,94.410494,103.193374,102.484403,0.0053751028238839815,0.0005246081925684987,-0.011797917778146094,0.33272962169276615,1,1,1,0.85,0.4335870042065203,0.36854895357554224,0.0,0.0,0.004647528629186659,1.001609403158627,1.0176923614903042,1.1583284994962144
2016-03-10,2016,101.31318,136.992107,115.893617,96.647421,105.114533,105.412526,0.01150388564644067,0.0005246093832622645,0.0,0.30569134147359467,1,1,1,0.85,0.4335870042065203,0.36854895357554224,0.0,0.0,0.009856994206963909,1.0131318031949634,1.0277237492019855,1.1589361694959501
2016-03-11,2016,102.152874,136.681878,115.954416,98.262614,105.258726,105.108869,0.008288102298239952,0.000524610427854677,0.0,0.30791233917004934,1,1,1,0.85,0.4335870042065203,0.36854895357554224,0.0,0.0,0.00712357851768216,1.0215287432214435,1.0350448200239126,1.1595441594956857
2016-03-14,2016,101.321248,135.595769,116.015247,96.553262,103.621712,102.224128,-0.008140994642989674,0.0005246113265751084,-0.01555228779797313,0.3221600984423627,1,1,1,0.85,0.4335870042065203,0.36854895357554224,0.0,0.0,-0.006841153747554956,1.0132124831952178,1.0279639192745187,1.160152469495421
2016-03-15,2016,99.160448,134.380017,116.076109,92.199949,99.938431,99.252616,-0.021326227643781004,0.0005246034600951965,-0.050544930593212745,0.3572955470692304,1,1,1,0.85,0.4335870042065203,0.36854895357554224,0.0,0.0,-0.018048602978199574,0.9916044831270759,1.009410606619619,1.1607610894951563
2016-03-16,2016,99.952996,134.767552,116.137004,93.721275,101.280697,100.423868,0.0079925818810338,0.0005246126918330152,-0.03779286669306625,0.356348391240814,1,1,1,0.85,0.4335870042065203,0.36854895357554224,0.0,0.0,0.006872386502653682,0.9995299631520693,1.016347666448187,1.1613700394948914
2016-03-17,2016,103.162617,137.123003,116.197931,100.050506,107.962344,107.47306,0.03211130359714276,0.0005246131543050758,0.0,0.41004781682703156,1,1,1,0.85,0.4335870042065203,0.36854895357554224,0.0,0.0,0.027373300030717106,1.0316261732532863,1.0441684560573923,1.1619793094946262
2016-03-18,2016,102.636789,138.654289,116.258889,98.949319,107.752416,106.71392,-0.005097078915708431,0.000524604865812961,-0.0019444557446808286,0.4112629213699665,1,1,1,0.85,0.4335870042065203,0.36854895357554224,0.0,0.0,-0.004253826348480222,1.026367893236704,1.0397267447667633,1.162588889494361
2016-03-21,2016,104.424849,140.388181,116.31988,102.450789,108.509429,107.820097,0.017421238694441232,0.000524613649111938,0.0,0.39543438221588356,1,1,1,0.85,0.4335870042065203,0.36854895357554224,0.0,0.0,0.014886744937641838,1.0442484932930913,1.0552048916209507,1.1631987994940955
2016-03-22,2016,104.228379,140.408129,116.380903,102.004688,108.16591,107.516441,-0.0018814487344864794,0.0005246136773868759,-0.003165798614607085,0.3868679981378445,1,1,1,0.85,0.4335870042065203,0.36854895357554224,0.0,0.0,-0.0015205393727054759,1.0422837932868956,1.0536004110369697,1.1638090294938301
2016-03-23,2016,103.418639,141.042024,116.441957,100.338669,105.366871,104.544938,-0.007768901404482165,0.0005246049689096033,-0.028961151385286432,0.40111815188041966,1,1,1,0.85,0.4335870042065203,0.36854895357554224,0.0,0.0,-0.006524875448473399,1.03418639326136,1.046725799582493,1.1644195694935644
2016-03-24,2016,103.401852,140.340314,116.503044,100.249927,105.296895,104.935355,-0.00016232083657563567,0.0005246133058378621,-0.029606035434948108,0.3995996036094764,1,1,1,0.85,0.4335870042065203,0.36854895357554224,0.0,0.0,-5.928071521361098e-05,1.0340185232608305,1.0466637489284611,1.1650304394932987
2016-03-28,2016,104.607694,141.683975,116.564162,102.593157,107.801187,107.364613,0.01166170602050709,0.0005246043184932159,-0.006527008818745128,0.398329226159352,1,1,1,0.85,0.4335870042065203,0.36854895357554224,0.0,0.0,0.009991140765205008,1.0460769432988573,1.0571211137778425,1.1656416194930328
2016-03-29,2016,105.015982,140.83422,116.625313,103.349897,108.473381,107.689963,0.0039030398662645016,0.0005246123589857099,-0.00033221076114953174,0.3924507219845062,1,1,1,0.85,0.4335870042065203,0.36854895357554224,0.0,0.0,0.003396275740172683,1.0501598233117329,1.0607113885709905,1.166253129492767
2016-03-30,2016,105.360195,141.268122,116.686496,103.979155,108.672706,107.75503,0.003277720147396357,0.0005246116681376645,0.0,0.38456078534640453,1,1,1,0.85,0.4335870042065203,0.36854895357554224,0.0,0.0,0.002864753875507553,1.053601953322588,1.063750065632194,1.166864959492501
2016-03-31,2016,103.603755,140.525955,116.747711,100.429856,106.140848,105.499287,-0.016670811970308175,0.0005246108341447897,-0.0232980119221472,0.39794202113484706,1,1,1,0.85,0.4335870042065203,0.36854895357554224,0.0,0.0,-0.01409149854964023,1.0360375532671977,1.0487602331251584,1.1674771094922345
2016-04-01,2016,104.747739,140.905469,116.808958,102.649925,107.215933,106.540397,0.011041916386138606,0.000524609857233127,-0.013405141489713168,0.36063078987290204,1,1,1,0.85,0.4335870042065203,0.36854895357554224,0.0,0.0,0.009464320406802784,1.0474773933032737,1.0586860360013681,1.1680895794919681
2016-04-04,2016,102.687561,139.026505,116.870237,98.496385,103.43723,102.657926,-0.0196679949340004,0.0005246087376278297,-0.048176549500847154,0.3589319380332132,1,1,1,0.85,0.4335870042065203,0.36854895357554224,0.0,0.0,-0.016639104383256165,1.026875613238305,1.0410704485392457,1.1687023694917016
2016-04-05,2016,102.445553,137.988755,116.931548,97.959441,104.018243,102.722992,-0.002356741144139196,0.0005246074755542729,-0.04283010123995634,0.35931703951294536,1,1,1,0.85,0.4335870042065203,0.36854895357554224,0.0,0.0,-0.0019245388511851757,1.024455533230673,1.0390668680142112,1.1693154794914349
2016-04-06,2016,101.284676,137.668875,116.992892,95.594694,101.986819,101.55174,-0.011331648529438798,0.0005246146232493754,-0.06152314823190297,0.3659111378775105,1,1,1,0.85,0.4335870042065203,0.36854895357554224,0.0,0.0,-0.009553209056535571,1.0128467631940643,1.0291404450003518,1.169928919491168
2016-04-07,2016,101.275899,140.12116,117.054267,95.521624,102.871061,102.050605,-8.665674163788051e-05,0.0005246045204181371,-0.0533864041261658,0.3660582166802923,1,1,1,0.85,0.4335870042065203,0.36854895357554224,0.0,0.0,5.032447670522155e-06,1.0127589931937875,1.029145624095787,1.170542669490901
2016-04-08,2016,103.129464,141.743636,117.115675,99.153013,106.645523,102.050605,0.018302133264697096,0.000524611375337658,-0.018654021553489275,0.3834001625185857,1,1,1,0.85,0.4335870042065203,0.36854895357554224,0.0,0.0,0.01563550498129318,1.0312946432522407,1.045236835627813,1.1711567494906339
2016-04-11,2016,103.678936,140.929158,117.177115,100.190329,106.374101,105.412526,0.005327982699492972,0.0005246095366824299,-0.021151631210876487,0.3836014403762418,1,1,1,0.85,0.4335870042065203,0.36854895357554224,0.0,0.0,0.004607476725071391,1.0367893632695684,1.0500527400201556,1.1717711494903666
2016-04-12,2016,105.193215,141.626099,117.238588,103.146769,110.269431,109.642042,0.014605464315335936,0.0005246160907783626,0.0,0.39851415192978557,1,1,1,0.85,0.4335870042065203,0.36854895357554224,0.0,0.0,0.0124933370816523,1.051932153317322,1.0631714028547399,1.1723858794900992
2016-04-13,2016,106.142351,141.125279,117.300092,104.979019,112.703747,111.724263,0.00902278725866501,0.0005246054311061066,0.0,0.3756406301526882,1,1,1,0.85,0.4335870042065203,0.36854895357554224,0.0,0.0,0.007748059984531174,1.0614235133472536,1.0714089186578966,1.1730009194898319
2016-04-14,2016,105.312043,141.120776,117.361629,103.27165,111.136709,110.401191,-0.007822589119021894,0.0005246116942516643,-0.013904045266569631,0.38123932997874144,1,1,1,0.85,0.4335870042065203,0.36854895357554224,0.0,0.0,-0.006570508997030861,1.0531204333210693,1.0643692167183558,1.173616289489564
2016-04-15,2016,105.861798,143.66974,117.423198,104.309413,112.869145,112.158061,0.005220248172376651,0.0005246092826471926,0.0,0.3094178931915106,1,1,1,0.85,0.4335870042065203,0.36854895357554224,0.0,0.0,0.004515902338917232,1.0586179833384062,1.0691758041536057,1.1742319794892964
2016-04-18,2016,104.966459,142.507713,117.484799,102.472629,112.160903,111.051884,-0.008457621322471742,0.0005246067306052815,-0.0062748947021792345,0.31060480246978855,1,1,1,0.85,0.4335870042065203,0.36854895357554224,0.0,0.0,-0.0071102871145101885,1.0496645933101711,1.0615736572101862,1.1748479894890285
2016-04-19,2016,105.460461,144.067128,117.546433,103.399431,113.891218,113.307627,0.004706284318879428,0.0005246125500881771,0.0,0.3137558347572007,1,1,1,0.85,0.4335870042065203,0.36854895357554224,0.0,0.0,0.00407903355356074,1.0546046133257498,1.0659038517775228,1.1754643294887603
2016-04-20,2016,104.819848,142.599445,117.608099,102.069277,113.7237,112.67862,-0.0060744376985039095,0.0005246097089139923,-0.001470859675940961,0.3133995894491457,1,1,1,0.85,0.4335870042065203,0.36854895357554224,0.0,0.0,-0.005084580587391224,1.0481984833055478,1.0604841777447491,1.1760809894884923
2016-04-22,2016,103.22003,142.101553,117.669797,98.831085,112.19059,111.268779,-0.015262548367748097,0.0005246067279771616,-0.014932038043530271,0.30126519803701207,1,1,1,0.85,0.4335870042065203,0.36854895357554224,0.0,0.0,-0.012894475103389308,1.0322003032550966,1.0468097909172813,1.176697969488224
2016-04-25,2016,102.746635,141.932888,117.731528,97.833497,109.972563,109.208244,-0.004586270707342299,0.0005246121058575248,-0.03440699879072329,0.31205121958996823,1,1,1,0.85,0.4335870042065203,0.36854895357554224,0.0,0.0,-0.003819638285362325,1.027466353240168,1.0428113561624015,1.1773152794879556
2016-04-26,2016,103.226946,142.268016,117.793291,98.732948,112.561675,111.745958,0.004674712704703099,0.00052460883715022,-0.01167379735986318,0.31183384489188926,1,1,1,0.85,0.4335870042065203,0.36854895357554224,0.0,0.0,0.004052197124570167,1.0322694632553149,1.047037033341312,1.177932909487687
2016-04-27,2016,104.40556,144.55153,117.855087,101.021403,115.51975,114.67408,0.011417697080760236,0.0005246139188010979,0.0,0.32306456231156994,1,1,1,0.85,0.4335870042065203,0.36854895357554224,0.0,0.0,0.009783734606466366,1.044055603292483,1.0572809657986653,1.178550869487418
2016-04-28,2016,104.654233,144.718115,117.916915,101.460032,115.16775,114.67408,0.002381798440619587,0.0005246103632337018,-0.0030470980070508302,0.32383184200422976,1,1,1,0.85,0.4335870042065203,0.36854895357554224,0.0,0.0,0.002103220229011704,1.0465423333003252,1.059504660513682,1.1791691494871492
2016-04-29,2016,103.807795,144.79438,117.978775,99.720284,114.317436,113.112419,-0.008087948052708072,0.0005246066690260953,-0.010407865321730658,0.3113078800342317,1,1,1,0.85,0.4335870042065203,0.36854895357554224,0.0,0.0,-0.0067960648444479466,1.0380779532736322,1.0523041981378363,1.17978774948688
2016-05-02,2016,103.678526,144.644442,118.040668,99.407069,113.577387,112.63524,-0.0012452725732204906,0.0005246113125008112,-0.016814120529173637,0.31247766163549096,1,1,1,0.85,0.4335870042065203,0.36854895357554224,0.0,0.0,-0.0009797899903622952,1.0367852632695556,1.0512731610176846,1.1804066794866108
2016-05-03,2016,102.515128,143.480548,118.102593,97.036779,110.816516,110.184288,-0.011221205054554928,0.0005246073327880296,-0.040713678829810585,0.2967071710794532,0,1,1,0.85,0.4335870042065203,0.36854895357554224,0.0,0.0,-0.009459333196453484,1.025151283232867,1.0413288179071294,1.1810259294863414
2016-05-04,2016,103.408278,143.64423,118.164551,98.757256,111.437818,110.661466,0.008712372675377056,0.0005246116823194313,-0.03533536040374052,0.29670623645332556,0,0,1,0.85,0.4335870042065203,0.36854895357554224,0.0,0.0,0.007484208526418412,1.0340827832610329,1.0491223399249152,1.181645509486072
2016-05-05,2016,102.22877,143.033372,118.226542,96.354862,109.567551,109.164872,-0.011406320875007703,0.0005246158807812318,-0.05152537985928818,0.2940126463775466,0,0,1,0.85,0.4335870042065203,0.36854895357554224,0.0,0.0,-0.009616680361639362,1.0222877032238364,1.0390332657216022,1.1822654194858022
2016-05-06,2016,102.552647,143.577776,118.288564,96.942905,109.667213,109.121491,0.0031681590221617206,0.0005246030117331824,-0.050662652922984996,0.29358141343215116,0,0,1,0.85,0.4335870042065203,0.36854895357554224,0.0,0.0,0.00277162562059744,1.02552647323405,1.0419130769415292,1.1828856394855325
2016-05-09,2016,102.563423,144.363407,118.35062,96.908114,108.123501,107.407993,0.00010507773631629469,0.0005246153804014941,-0.06402583973736087,0.27163385178886246,0,0,1,0.85,0.4335870042065203,0.36854895357554224,0.0,0.0,0.0001680083829290746,1.02563423323439,1.0420881270727387,1.1835061994852627
2016-05-10,2016,104.723939,145.425512,118.412708,101.149462,112.536229,111.876099,0.02106517057255397,0.0005246106864500444,-0.02582693435538075,0.30592978255910885,1,0,1,0.85,0.4335870042065203,0.36854895357554224,0.0,0.0,0.01798408658963838,1.047239393302523,1.060829130184049,1.1841270794849925
2016-05-11,2016,104.894379,145.964586,118.474828,101.432208,111.88524,111.116951,0.0016275170856587806,0.0005246058556485078,-0.03146223914092616,0.2800486521230721,0,1,1,0.85,0.4335870042065203,0.36854895357554224,0.0,0.0,0.0014620804011572395,1.0489437933078978,1.0623801476642676,1.1847482794847224
2016-05-12,2016,106.346527,148.136159,118.536981,104.264441,112.896711,111.594129,0.013843906735936606,0.0005246093288271414,-0.022706411674194293,0.270623305531043,0,0,1,0.85,0.4335870042065203,0.36854895357554224,0.0,0.0,0.011846012124870187,1.0634652733536918,1.07496511577472,1.185369809484452
2016-05-13,2016,105.490486,147.961727,118.599167,102.505297,109.849575,108.926282,-0.008049543545507465,0.000524612652316403,-0.04908403108559356,0.28337004995803394,0,0,1,0.85,0.4335870042065203,0.36854895357554224,0.0,0.0,-0.006763420115833884,1.0549048633266962,1.0676946750868697,1.1859916694841814
2016-05-16,2016,105.240692,148.551351,118.661385,101.952042,109.847454,108.687693,-0.002367929179888373,0.0005246073945865959,-0.049102391582391824,0.2770114710101848,0,0,1,0.85,0.4335870042065203,0.36854895357554224,0.0,0.0,-0.0019340486937171274,1.0524069233188187,1.0656297015952292,1.186613849483911
2016-05-17,2016,103.693952,147.31934,118.723636,98.818931,107.803307,107.104337,-0.014697166757512425,0.0005246104282365938,-0.06679760820119507,0.28338766515929986,0,0,1,0.85,0.4335870042065203,0.36854895357554224,0.0,0.0,-0.012413900179650073,1.0369395232700414,1.0524010808511557,1.1872363594836401
2016-05-18,2016,103.721076,146.061987,118.78592,98.816452,107.215933,107.104337,0.0002615774543919258,0.0005246133128875563,-0.07188222793072174,0.2761230978093126,0,0,1,0.85,0.4335870042065203,0.36854895357554224,0.0,0.0,0.00030103283316627036,1.0372107632708967,1.0527178881301515,1.1878591994833694
2016-05-19,2016,103.122516,144.544853,118.848236,97.56936,106.306245,106.063227,-0.00577086184489628,0.0005246076302645175,-0.07975696796435239,0.2767724349340771,0,0,1,0.85,0.4335870042065203,0.36854895357554224,0.0,0.0,-0.00482654142362216,1.0312251632520208,1.0476369016357034,1.1884823594830982
2016-05-20,2016,103.293401,146.399492,118.910585,97.852783,105.436847,104.718452,0.0016571065818449249,0.0005246102264404584,-0.08728293646757379,0.2747988755653554,0,0,1,0.85,0.4335870042065203,0.36854895357554224,0.0,0.0,0.0014872321285342549,1.0329340132574099,1.049194980894854,1.189105849482827
2016-05-23,2016,102.406496,147.309888,118.972967,96.032069,104.603497,103.503827,-0.00858626970758758,0.0005246126743048141,-0.09449685443398204,0.26832207721886203,0,0,1,0.85,0.4335870042065203,0.36854895357554224,0.0,0.0,-0.00721963735030372,1.024064963229441,1.0416201736230342,1.1897296694825557
2016-05-24,2016,102.652181,146.99955,119.035381,96.46422,104.635304,103.785789,0.002399115384242867,0.0005246065688182533,-0.09422151623423702,0.25065987739392603,0,0,1,0.85,0.4335870042065203,0.36854895357554224,0.0,0.0,0.0021179390619291746,1.0265218132371887,1.043826261676444,1.190353809482284
2016-05-25,2016,102.136817,146.355709,119.097828,95.3825,104.927931,103.959312,-0.00502048758223661,0.0005246087295676105,-0.09168838228960852,0.22629996436480126,0,0,0,1.0,0.4335870042065203,0.4335870042065203,0.06503805063097806,6.503805063097806e-05,-0.005085525632867589,1.0213681732209363,1.0385178564664281,1.1909782794820125
2016-05-27,2016,102.234159,146.292775,119.160308,95.519517,104.011881,103.243543,0.0009530549596039606,0.0005246107426912783,-0.09961819515710513,0.22664795104236485,0,0,0,1.0,0.4335870042065203,0.4335870042065203,0.0,0.0,0.0009530549596039606,1.022341593224006,1.0395076210601708,1.1916030794817407
2016-05-30,2016,102.118233,146.98737,119.222821,95.232281,103.827399,103.048335,-0.0011339262838754305,0.0005246126084199609,-0.10121516883476633,0.22673542356981055,1,0,0,1.0,0.4335870042065203,0.4335870042065203,0.0,0.0,-0.0011339262838754305,1.0211823332203502,1.038328896046362,1.192228209481469
2016-05-31,2016,102.653083,148.352774,119.285366,96.239509,102.784121,101.985538,0.005237556352938322,0.0005246059393275715,-0.11024633450124333,0.22745917200128665,1,1,1,0.85,0.4335870042065203,0.36854895357554224,0.06503805063097806,6.503805063097806e-05,0.004465575740265731,1.026530833237217,1.0429656323749634,1.1928536594811967
2016-06-01,2016,102.935985,150.396311,119.347945,96.745545,103.931303,102.983268,0.0027559035903481632,0.0005246159030103392,-0.10031572090486696,0.22206570757671182,1,1,1,0.85,0.4335870042065203,0.36854895357554224,0.0,0.0,0.0024212104372474895,1.0293598532461385,1.04549087164976,1.1934794494809247
2016-06-02,2016,103.15726,150.732116,119.410556,97.128966,105.784606,104.978736,0.002149636980692371,0.0005246089490691386,-0.08427255079759088,0.23242876848890087,0,1,1,0.85,0.4335870042065203,0.36854895357554224,0.0,0.0,0.0019058827759488861,1.0315726032531165,1.047483454694449,1.1941055594806524
2016-06-03,2016,103.951707,151.991415,119.4732,98.652483,107.336801,106.497017,0.007701319325464917,0.0005246102363010152,-0.07083593065255078,0.2336057861694513,0,0,1,0.85,0.4335870042065203,0.36854895357554224,0.0,0.0,0.006624812962090332,1.0395170732781698,1.0544228366626838,1.19473199948038
2016-06-06,2016,104.003367,152.122787,119.535877,98.698453,106.94027,105.954771,0.0004969615361871682,0.0005246113772794381,-0.07426851252707878,0.23369759891956293,0,0,1,0.85,0.4335870042065203,0.36854895357554224,0.0,0.0,0.0005011090123510087,1.0400336732797988,1.0549512174489641,1.1953587694801073
2016-06-07,2016,103.785794,151.692327,119.598586,98.208847,107.059017,106.171674,-0.0020919803490593303,0.0005246040065443047,-0.07324057574570586,0.22872627256742034,0,0,1,0.85,0.4335870042065203,0.36854895357554224,0.0,0.0,-0.001699492695718785,1.0378579432729376,1.05315833556057,1.1959858594798345
2016-06-08,2016,105.251449,152.483591,119.661329,101.067414,109.47849,108.991349,0.014121923083230348,0.0005246132257783476,-0.05229633893771424,0.19127654231759472,0,0,1,0.85,0.4335870042065203,0.36854895357554224,0.0,0.0,0.012082326604612547,1.0525144933191577,1.065882938537183,1.1966132894795616
2016-06-09,2016,105.309294,152.704707,119.724104,101.125598,108.394923,107.71165,0.0005495886332167466,0.0005246055724485998,-0.06167626747807187,0.1931018245618951,0,0,1,0.85,0.4335870042065203,0.36854895357554224,0.0,0.0,0.0005458411741015246,1.0530929433209817,1.066464741331809,1.1972410394792885
2016-06-10,2016,103.859456,151.753226,119.786913,98.184733,104.798581,103.980998,-0.013767426833190988,0.0005246144919990314,-0.09280810424191532,0.21892428607135686,0,0,1,0.85,0.4335870042065203,0.36854895357554224,0.0,0.0,-0.011623620634412484,1.0385945632752602,1.054068559758591,1.1978691294790154
2016-06-13,2016,103.922872,152.360847,119.849754,98.253939,105.305377,104.328035,0.0006105943786187673,0.0005246065569783909,-0.08842101026015037,0.20239503470211978,0,0,1,0.85,0.4335870042065203,0.36854895357554224,0.0,0.0,0.0005976962053727108,1.0392287232772601,1.0546985725369613,1.198497539478742
2016-06-14,2016,103.312849,150.336628,119.912629,96.983539,103.157326,102.159052,-0.005869959021147952,0.0005246151777664743,-0.1070156748088531,0.21238692287309716,1,0,1,0.85,0.4335870042065203,0.36854895357554224,0.0,0.0,-0.004910772891310788,1.0331284932580227,1.0495191873784426,1.1991262894784684
2016-06-15,2016,103.543881,151.352175,119.975536,97.386099,103.723495,102.809754,0.002236236849881168,0.0005246069619573301,-0.10211461676466582,0.20610754165149192,1,1,1,0.85,0.4335870042065203,0.36854895357554224,0.0,0.0,0.0019794923666925923,1.0354388132653085,1.0515967025985558,1.199755359478195
2016-06-16,2016,103.878425,152.1895,120.038476,97.994529,104.777376,104.11114,0.00323093935410812,0.00052460694987011,-0.09299166592725483,0.20990204605220245,0,1,1,0.85,0.4335870042065203,0.36854895357554224,0.0,0.0,0.0028249894934724183,1.0387842532758584,1.054567452234767,1.2003847594779211
2016-06-17,2016,104.066368,151.474324,120.10145,98.311319,105.036075,104.15452,0.0018092592374210348,0.0005246151242372932,-0.0907522306791696,0.2083630731924433,0,0,1,0.85,0.4335870042065203,0.36854895357554224,0.0,0.0,0.0016165626204434735,1.0406636832817853,1.056272226558786,1.2010144994776473
2016-06-20,2016,104.893269,153.367296,120.164456,99.899066,106.72186,105.586048,0.0079459004469149,0.0005246064889308233,-0.07615918490128304,0.21421611886227454,0,0,1,0.85,0.4335870042065203,0.36854895357554224,0.0,0.0,0.006832706353217288,1.0489326933078622,1.063489424511921,1.2016445594773733
2016-06-21,2016,106.235838,154.196414,120.227496,102.512527,107.801187,107.039262,0.012799381817340416,0.0005246143668307113,-0.06681596004146484,0.21417328270537428,0,0,1,0.85,0.4335870042065203,0.36854895357554224,0.0,0.0,0.01095816669976396,1.0623583833502008,1.0751433189091588,1.202274959477099
2016-06-22,2016,106.454036,153.11984,120.290568,102.889408,106.355017,105.347459,0.002053901998683383,0.0005246054529821631,-0.0793347717598073,0.22070578131692528,0,0,1,0.85,0.4335870042065203,0.36854895357554224,0.0,0.0,0.0018245075168281998,1.0645403633570818,1.0771049259761762,1.2029056794768245
2016-06-23,2016,108.048873,153.027938,120.353674,106.004608,109.332177,108.687693,0.014981461106838623,0.0005246130353295797,-0.05356290158176413,0.2407748025714346,0,0,1,0.85,0.4335870042065203,0.36854895357554224,0.0,0.0,0.012812933896112266,1.0804887334073758,1.0909058001918859,1.20353673947655
2016-06-24,2016,106.72416,151.83047,120.416813,103.31234,106.246872,105.347459,-0.012260312978923937,0.0005246121526794045,-0.08027093202677471,0.26151922713263054,0,0,1,0.85,0.4335870042065203,0.36854895357554224,0.0,0.0,-0.010342574209183436,1.0672416033656003,1.0796230259981727,1.2041681294762754
2016-06-27,2016,105.956613,152.728552,120.479984,101.728329,104.425376,103.785789,-0.007191876703456779,0.0005246028226970623,-0.09603876393430566,0.26940415627353637,0,0,1,0.85,0.4335870042065203,0.36854895357554224,0.0,0.0,-0.006034404774533702,1.0595661333413953,1.0731081436553929,1.2047998394760004
2016-06-28,2016,107.967727,153.610695,120.543189,105.671481,106.039064,105.520981,0.018980542535839584,0.0005246099634275136,-0.08206982788657358,0.27145575593607885,0,0,1,0.85,0.4335870042065203,0.36854895357554224,0.0,0.0,0.016212152649977773,1.0796772734048168,1.0905055366902685,1.2054318894757254
2016-06-29,2016,109.362556,155.204439,120.606428,108.388713,108.148946,107.386299,0.012918943824759888,0.0005246169487020946,-0.06380557437148204,0.27720469428928,0,0,1,0.85,0.4335870042065203,0.36854895357554224,0.0,0.0,0.011059794793351218,1.0936255634488035,1.1025663041470763,1.2060642794754504
2016-06-30,2016,110.425651,156.573565,120.669699,110.446047,109.262201,108.232209,0.009720831689413068,0.0005246071958950882,-0.054168650815120345,0.27280012480359367,0,0,0,1.0,0.4335870042065203,0.4335870042065203,0.06503805063097806,6.503805063097806e-05,0.009655793638782089,1.1042565134823288,1.113212456852995,1.2066969894751751
2016-07-01,2016,110.948825,155.953476,120.733003,111.429363,110.759263,109.989079,0.004737794119954897,0.0005246056012786493,-0.041209291051962915,0.27221126921078936,0,0,0,1.0,0.4335870042065203,0.4335870042065203,0.0,0.0,0.004737794119954897,1.1094882534988273,1.1184866282853339,1.2073300294748999
2016-07-04,2016,111.56833,156.126809,120.796341,112.604267,111.471746,110.639772,0.005583700413231085,0.0005246121476825127,-0.03504166170719736,0.27191759851819014,0,0,0,1.0,0.4335870042065203,0.4335870042065203,0.0,0.0,0.005583700413231085,1.1156833035183638,1.124731922533884,1.2079634094746243
2016-07-05,2016,111.792725,156.663774,120.859712,112.993204,109.930153,108.991349,0.0020112786486989886,0.0005246102611669023,-0.04838650533783184,0.27783112061886833,0,0,0,1.0,0.4335870042065203,0.4335870042065203,0.0,0.0,0.0020112786486989886,1.11792725352544,1.1269940718351867,1.2085971194743488
2016-07-06,2016,111.112162,155.811713,120.923116,111.582009,110.057382,109.3167,-0.0060877217189222455,0.0005246082333871804,-0.04728514388232319,0.2663931331242214,0,0,0,1.0,0.4335870042065203,0.4335870042065203,0.0,0.0,-0.0060877217189222455,1.1111216235039783,1.120133245546979,1.209231159474073
2016-07-07,2016,111.46534,155.109224,120.986554,112.227056,110.296997,109.3167,0.003178571937066721,0.0005246143342849674,-0.0452109098227792,0.2636374063491661,0,0,0,1.0,0.4335870042065203,0.4335870042065203,0.0,0.0,0.003178571937066721,1.114653403515116,1.12369366964705,1.2098655394737972
2016-07-08,2016,112.881151,156.448096,121.050025,114.985816,112.684663,111.811024,0.012701804883921808,0.0005246120159765333,-0.02454201121453259,0.24014512550863062,0,0,0,1.0,0.4335870042065203,0.4335870042065203,0.0,0.0,0.012701804883921808,1.1288115135597645,1.137966607388205,1.210500249473521
2016-07-11,2016,114.51216,157.577533,121.113529,118.172608,114.421339,113.437761,0.014448904760016035,0.0005246095570818898,-0.009508426048359664,0.24369149949190563,0,0,0,1.0,0.4335870042065203,0.4335870042065203,0.0,0.0,0.014448904760016035,1.145121603611199,1.154408978518436,1.211135289473245
2016-07-12,2016,114.749905,158.393063,121.177066,118.58795,115.049003,114.001701,0.002076155056371265,0.0005246069578237478,-0.004075034788423637,0.2255848588824539,0,0,0,1.0,0.4335870042065203,0.4335870042065203,0.0,0.0,0.002076155056371265,1.1474990536186964,1.1568057105563074,1.2117706594729685
2016-07-13,2016,115.154309,158.479503,121.240637,119.334771,115.774208,114.760841,0.0035242207825791905,0.0005246124708120359,0.0,0.22559968419880272,0,0,0,1.0,0.4335870042065203,0.4335870042065203,0.0,0.0,0.0035242207825791905,1.1515430936314495,1.1608825492828563,1.212406369472692
2016-07-14,2016,116.006572,158.198375,121.304241,120.972426,117.646596,116.27913,0.00740105174874528,0.0005246095828415065,0.0,0.22820362371411196,0,0,0,1.0,0.4335870042065203,0.4335870042065203,0.0,0.0,0.00740105174874528,1.160065723658326,1.169474301104314,1.2130424094724155
2016-07-15,2016,115.698962,157.526945,121.367878,120.302882,117.852283,117.016585,-0.002651660114566745,0.0005246065551822721,0.0,0.22836193332250615,0,0,0,1.0,0.4335870042065203,0.4335870042065203,0.0,0.0,-0.002651660114566745,1.1569896236486252,1.166373252745065,1.2136787794721389
2016-07-18,2016,117.211698,158.518376,121.431549,123.254259,119.773442,119.033739,0.01307475861365126,0.0005246116274686408,0.0,0.22851250225691977,0,0,0,1.0,0.4335870042065203,0.4335870042065203,0.0,0.0,0.01307475861365126,1.1721169836963303,1.1816233014781259,1.214315489471862
2016-07-19,2016,118.244152,159.505889,121.495253,125.250249,120.227226,119.402462,0.008808455278926264,0.0005246083124574863,0.0,0.22806232464237927,0,0,0,1.0,0.4335870042065203,0.4335870042065203,0.0,0.0,0.008808455278926264,1.1824415237288894,1.192031577485733,1.2149525294715848
2016-07-20,2016,119.214133,158.858856,121.558991,127.121942,119.972768,119.228947,0.00820320484010062,0.0005246130892044842,-0.002116475680807972,0.2189326396565735,0,0,0,1.0,0.4335870042065203,0.4335870042065203,0.0,0.0,0.00820320484010062,1.1921413337594782,1.201810056691717,1.2155899094713076
2016-07-21,2016,119.572538,159.08117,121.622762,127.777083,120.106358,119.142186,0.003006396900944619,0.0005246094877506824,-0.0010053296912964083,0.2035894348237237,0,0,0,1.0,0.4335870042065203,0.4335870042065203,0.0,0.0,0.003006396900944619,1.1957253837707806,1.205423174721679,1.2162276194710302
2016-07-22,2016,120.0379,159.852349,121.686566,128.64495,120.871853,119.402462,0.0038918802576557443,0.0005246057477301669,0.0,0.16197983786564438,0,0,0,1.0,0.4335870042065203,0.4335870042065203,0.0,0.0,0.0038918802576557443,1.200379003785456,1.210114537377499,1.216865659470753
2016-07-25,2016,119.723617,160.539741,121.750404,127.961949,120.59831,119.510909,-0.0026181980857711284,0.0005246100871973969,-0.002263082704622721,0.1403111104786049,0,0,0,1.0,0.4335870042065203,0.4335870042065203,0.0,0.0,-0.0026181980857711284,1.197236173775545,1.2069462178121735,1.2175040394704755
2016-07-26,2016,119.837195,159.531752,121.814276,128.130001,120.407467,119.510909,0.0009486682982522421,0.0005246142756125671,-0.003841969726401051,0.14015216770170744,0,0,0,1.0,0.4335870042065203,0.4335870042065203,0.0,0.0,0.0009486682982522421,1.1983719537791266,1.2080912094267073,1.2181427594701977
2016-07-27,2016,119.592182,158.947437,121.878181,127.58473,120.555901,119.402462,-0.0020445488564714287,0.0005246101039912965,-0.002613941891004168,0.1317378008248962,0,0,0,1.0,0.4335870042065203,0.4335870042065203,0.0,0.0,-0.0020445488564714287,1.1959218237714,1.2056212079259607,1.2187818094699197
2016-07-28,2016,119.120583,161.212783,121.942119,126.588712,120.161491,119.294014,-0.00394339322281112,0.0005246057946992622,-0.005876984445667421,0.13394185852725637,0,0,0,1.0,0.4335870042065203,0.4335870042065203,0.0,0.0,-0.00394339322281112,1.1912058337565279,1.2008669694253482,1.2194211894696416
2016-07-29,2016,120.242366,163.150054,122.006091,128.76215,121.520721,120.768923,0.009417205421165642,0.0005246095485678115,0.0,0.13209099683927034,0,0,0,1.0,0.4335870042065203,0.4335870042065203,0.0,0.0,0.009417205421165642,1.202423663791904,1.2121757803599194,1.2200609094693633
2016-08-01,2016,120.284396,162.503295,122.070097,128.787761,120.350214,119.380775,0.00034954402011688757,0.0005246131523057862,-0.009632159769690674,0.14125450559530903,0,0,0,1.0,0.4335870042065203,0.4335870042065203,0.0,0.0,0.00034954402011688757,1.2028439637932293,1.2125994891552747,1.2207009694690851
2016-08-02,2016,119.761987,161.374642,122.134136,127.690584,119.090646,117.992628,-0.004343115294854982,0.0005246084141310448,-0.019997206896097852,0.13607202296296306,0,0,0,1.0,0.4335870042065203,0.4335870042065203,0.0,0.0,-0.004343115294854982,1.197619873776755,1.2073330297673912,1.2213413594688065
2016-08-03,2016,120.176659,161.806267,122.198209,128.457375,121.030889,119.923021,0.0034624676025123424,0.0005246117268968842,-0.004030851660269508,0.1422764758272762,0,0,0,1.0,0.4335870042065203,0.4335870042065203,0.0,0.0,0.0034624676025123424,1.2017665937898319,1.2115133812684038,1.221982089468528
2016-08-04,2016,121.259965,162.211231,122.262315,130.554154,122.12718,121.072579,0.009014279553236637,0.0005246067067972149,0.0,0.14268902762941615,0,0,0,1.0,0.4335870042065203,0.4335870042065203,0.0,0.0,0.009014279553236637,1.2125996538239945,1.2224343015696442,1.2226231494682493
2016-08-05,2016,120.869397,162.601496,122.326456,129.719138,122.269252,121.072579,-0.0032209146687448564,0.0005246179086335623,0.0,0.12915257799427216,0,0,0,1.0,0.4335870042065203,0.4335870042065203,0.0,0.0,-0.0032209146687448564,1.2086939738116778,1.2184969449961416,1.2232645594679703
2016-08-08,2016,120.377509,161.745745,122.390629,128.682551,122.21412,121.181026,-0.004069582642163727,0.0005246044240831971,-0.00045090649609924593,0.12288221467161517,0,0,0,1.0,0.4335870042065203,0.4335870042065203,0.0,0.0,-0.004069582642163727,1.2037750937961658,1.2135381709792556,1.2239062894676913
2016-08-09,2016,119.780215,160.442152,122.454837,127.436262,122.328626,121.311168,-0.004961840504607906,0.0005246153281881494,0.0,0.12288377083217362,0,0,0,1.0,0.4335870042065203,0.4335870042065203,0.0,0.0,-0.004961840504607906,1.1978021537773298,1.207516788128603,1.224548369467412
2016-08-10,2016,120.063897,159.029671,122.519078,127.942343,120.697973,119.575984,0.0023683544064434514,0.0005246097383642123,-0.013330101492352253,0.13523834448640643,0,0,0,1.0,0.4335870042065203,0.4335870042065203,0.0,0.0,0.0023683544064434514,1.2006389737862757,1.2103766158346219,1.2251907794671326
2016-08-11,2016,120.711709,159.446807,122.583352,129.172703,123.624242,122.525801,0.00539556033234545,0.0005246040130992835,0.0,0.14872615388227972,0,0,0,1.0,0.4335870042065203,0.4335870042065203,0.0,0.0,0.00539556033234545,1.2071170938067048,1.2169072758902177,1.2258335194668533
2016-08-12,2016,121.070176,158.667648,122.647661,129.827483,123.620001,122.569173,0.002969612500474117,0.0005246144680395304,-3.430556929107098e-05,0.14898363108447066,0,0,0,1.0,0.4335870042065203,0.4335870042065203,0.0,0.0,0.002969612500474117,1.2107017638180093,1.2205210189486193,1.2264766094665733
2016-08-15,2016,121.720868,158.028856,122.712003,131.063512,125.418172,124.152538,0.005374502800755687,0.0005246084554355601,0.0,0.14693256286453565,0,0,0,1.0,0.4335870042065203,0.4335870042065203,0.0,0.0,0.005374502800755687,1.217208683838529,1.2270807125833398,1.2271200294662934
2016-08-16,2016,122.215036,156.363298,122.776379,131.988158,124.801111,124.152538,0.004059846171980963,0.0005246104572182997,-0.004920028654220809,0.14903502771622382,0,0,0,1.0,0.4335870042065203,0.4335870042065203,0.0,0.0,0.004059846171980963,1.222150363854113,1.232062471517033,1.2277637894660134
2016-08-17,2016,121.6359,157.975633,122.840789,130.777807,125.795618,124.673089,-0.004738664070761289,0.0005246123116238177,0.0,0.14971892423479852,0,0,0,1.0,0.4335870042065203,0.4335870042065203,0.0,0.0,-0.004738664070761289,1.2163590038358496,1.2262241413503219,1.228407889465733
2016-08-18,2016,121.005995,157.743059,122.905232,129.466437,125.460581,124.369433,-0.005178610919966964,0.0005246058782639729,-0.002663343964811271,0.15075090036030483,0,0,0,1.0,0.4335870042065203,0.4335870042065203,0.0,0.0,-0.005178610919966964,1.210059953815985,1.219874003621598,1.2290523194654526
2016-08-19,2016,121.398972,158.316492,122.969709,130.189708,125.318509,124.391119,0.003247582898681989,0.0005246074471425555,-0.0037927314765447973,0.1503657419178781,0,0,0,1.0,0.4335870042065203,0.4335870042065203,0.0,0.0,0.003247582898681989,1.2139897238283779,1.2238356455743062,1.229697089465172
2016-08-22,2016,119.962416,156.682258,123.034221,127.273722,122.52371,121.571444,-0.011833345672811801,0.000524617001411265,-0.026009713629293607,0.17278823758788217,0,0,0,1.0,0.4335870042065203,0.4335870042065203,0.0,0.0,-0.011833345672811801,1.1996241637830753,1.2093535753335167,1.2303422094648913
2016-08-23,2016,118.710136,155.954103,123.098766,124.724259,123.030506,121.462996,-0.010438936141466182,0.0005246101407834214,-0.02198098824078276,0.1729135121699089,0,0,0,1.0,0.4335870042065203,0.4335870042065203,0.0,0.0,-0.010438936141466182,1.187101363743584,1.1967292105881564,1.2309876594646105
2016-08-24,2016,118.358117,155.055605,123.163344,123.965524,122.39012,121.246101,-0.0029653659903144947,0.0005246031467123213,-0.027071674309036786,0.17436887968698392,0,0,0,1.0,0.4335870042065203,0.4335870042065203,0.0,0.0,-0.0029653659903144947,1.1835811737324828,1.1931804704874625,1.2316334394643298
2016-08-25,2016,118.891153,156.883889,123.227957,124.967272,122.398602,121.593138,0.004503586348877153,0.0005246122580109258,-0.02700424747704655,0.17373313424280323,0,0,0,1.0,0.4335870042065203,0.4335870042065203,0.0,0.0,0.004503586348877153,1.1889115337492924,1.1985540617660966,1.232279569464049
2016-08-26,2016,118.336101,156.086479,123.292604,123.804612,122.385879,121.376235,-0.004668572774292112,0.0005246130957117234,-0.027105387725031904,0.1694003220839594,0,0,0,1.0,0.4335870042065203,0.4335870042065203,0.0,0.0,-0.004668572774292112,1.1833610137317885,1.1929585249048182,1.2329260394637678
2016-08-29,2016,119.695142,156.740991,123.357284,126.449351,124.281592,123.306628,0.011484584911243712,0.0005246056770771279,-0.012035602066838291,0.17308155160382305,0,0,0,1.0,0.4335870042065203,0.4335870042065203,0.0,0.0,0.011484584911243712,1.1969514237746466,1.2066591583796797,1.2335728394634866
2016-08-30,2016,119.688579,156.489972,123.421999,126.377659,124.207375,123.393389,-5.4830963816421274e-05,0.000524614338947238,-0.012625582872052066,0.16735821193328054,0,0,0,1.0,0.4335870042065203,0.4335870042065203,0.0,0.0,-5.4830963816421274e-05,1.1968857937744395,1.206592996095028,1.234219989463205
2016-08-31,2016,119.227854,156.332761,123.486747,125.402539,122.778168,121.311168,-0.003849364775230679,0.000524606638399927,-0.023986924568390022,0.16529792714714767,0,0,0,1.0,0.4335870042065203,0.4335870042065203,0.0,0.0,-0.003849364775230679,1.1922785437599102,1.2019483795178196,1.2348674694629234
2016-09-01,2016,120.051408,156.774884,123.55153,126.982019,123.488531,122.005242,0.0069073959848342525,0.0005246150018025642,-0.018339963161514983,0.16351998518081165,0,0,0,1.0,0.4335870042065203,0.4335870042065203,0.0,0.0,0.0069073959848342525,1.2005140837858814,1.210250712928479,1.2355152994626415
2016-09-02,2016,122.141581,158.678579,123.616346,131.08097,126.414799,125.258715,0.017410649611039997,0.0005246070202449271,0.0,0.18294899882280552,0,0,0,1.0,0.4335870042065203,0.4335870042065203,0.0,0.0,0.017410649611039997,1.221415813851796,1.2313219640327882,1.2361634594623596
2016-09-05,2016,121.879636,159.085239,123.681196,130.501161,126.308775,125.106887,-0.002144601354063025,0.000524606996553656,-0.0008386992728597331,0.18301551832198037,0,0,0,1.0,0.4335870042065203,0.4335870042065203,0.0,0.0,-0.002144601354063025,1.2187963638435355,1.228681269281436,1.2368119594620774
2016-09-06,2016,123.158046,160.563555,123.746081,132.985328,127.502608,126.061236,0.010489118953390886,0.0005246149139761513,0.0,0.18502196890849382,0,0,0,1.0,0.4335870042065203,0.4335870042065203,0.0,0.0,0.010489118953390886,1.2315804638838506,1.2415690532707322,1.2374608094617954
2016-09-08,2016,122.73533,160.351054,123.810999,132.085658,127.721018,126.429967,-0.0034323051861345766,0.0005246065125892319,0.0,0.1758185910497027,0,0,0,1.0,0.4335870042065203,0.4335870042065203,0.0,0.0,-0.0034323051861345766,1.22735330387052,1.2373076093702469,1.238109989461513
2016-09-09,2016,119.620781,158.437238,123.875952,125.831482,122.988096,121.593138,-0.02537614067603855,0.0005246141338379751,-0.03705671998323723,0.20865362062166515,0,0,0,1.0,0.4335870042065203,0.4335870042065203,0.0,0.0,-0.02537614067603855,1.196207813772301,1.2059095174153345,1.2387595194612306
2016-09-12,2016,120.427722,160.151256,123.940938,127.377732,124.2307,123.002972,0.006745826212253281,0.0005246054536880429,-0.027327671315616975,0.2118234175810735,0,0,0,1.0,0.4335870042065203,0.4335870042065203,0.0,0.0,0.006745826212253281,1.2042772237977484,1.2140443734475206,1.239409379460948
2016-09-13,2016,118.950162,158.98751,124.005959,124.37972,120.488045,119.662737,-0.012269268034481251,0.0005246127796774136,-0.05663103155034355,0.23058710409615873,0,0,0,1.0,0.4335870042065203,0.4335870042065203,0.0,0.0,-0.012269268034481251,1.1895016237511529,1.199148937623939,1.2400595894606652
2016-09-14,2016,118.810579,159.747748,124.071014,124.043123,120.992721,119.684432,-0.0011734578385862449,0.0005246118857884507,-0.05267963805299447,0.2312716131816911,0,0,0,1.0,0.4335870042065203,0.4335870042065203,0.0,0.0,-0.0011734578385862449,1.188105793746751,1.197741786903452,1.240710139460382
2016-09-15,2016,120.040691,161.255887,124.136102,126.431034,122.795132,121.549758,0.010353556142504772,0.000524602789173434,-0.03856754414531838,0.23626604552515912,0,0,0,1.0,0.4335870042065203,0.4335870042065203,0.0,0.0,0.010353556142504772,1.200406913785543,1.2101426737383807,1.2413610194600988
2016-09-16,2016,119.507268,161.525665,124.201226,125.310965,121.037251,120.16161,-0.004443684850164664,0.0005246177296593935,-0.05233098752783194,0.24086427293639076,0,0,0,1.0,0.4335870042065203,0.4335870042065203,0.0,0.0,-0.004443684850164664,1.1950726837687213,1.2047651810725517,1.2420122594598155
2016-09-19,2016,120.122797,163.250381,124.266383,126.476311,121.609782,120.400191,0.005150557035577208,0.000524608348069,-0.047848318903941145,0.24193849269862894,0,0,0,1.0,0.4335870042065203,0.4335870042065203,0.0,0.0,0.005150557035577208,1.2012279737881324,1.2109703928521434,1.2426638294595322
2016-09-20,2016,121.198404,165.387744,124.331574,128.556792,122.428289,121.246101,0.008954228729788793,0.0005246068842286178,-0.04143976522329307,0.23032509872494733,0,0,0,1.0,0.4335870042065203,0.4335870042065203,0.0,0.0,0.008954228729788793,1.2119840438220522,1.2218136987347437,1.2433157394592487
2016-09-21,2016,121.533776,166.334433,124.3968,129.1648,123.823567,122.872838,0.002767132148043805,0.0005246133214720228,-0.030515345563562613,0.23344913517327673,0,0,0,1.0,0.4335870042065203,0.4335870042065203,0.0,0.0,0.002767132148043805,1.2153377638326284,1.225194618699433,1.2439679994589647
2016-09-22,2016,122.356556,165.111818,124.462059,130.742306,125.095858,123.979015,0.006769969855951796,0.0005246035267787441,-0.020553860602645635,0.2349594845904089,0,0,0,1.0,0.4335870042065203,0.4335870042065203,0.0,0.0,0.006769969855951796,1.2235655638585752,1.2334891493357025,1.2446205894586808
2016-09-23,2016,121.756002,165.6029,124.527354,129.488551,124.466074,124.217604,-0.0049082290286104335,0.0005246177069913038,-0.025484795305969143,0.23598118307895302,0,0,0,1.0,0.4335870042065203,0.4335870042065203,0.0,0.0,-0.0049082290286104335,1.2175600238396365,1.227434902086457,1.2452735394583967
2016-09-26,2016,120.67638,164.012006,124.592682,127.28182,123.102603,122.026928,-0.008867094699775091,0.0005246076295815083,-0.03616017999480714,0.23973358961876723,0,0,0,1.0,0.4335870042065203,0.4335870042065203,0.0,0.0,-0.008867094699775091,1.20676380380559,1.2165511205718471,1.2459268194581126
2016-09-27,2016,121.160358,164.203247,124.658044,128.185306,123.798121,122.872838,0.004010544565556273,0.0005246054499412622,-0.030714576672102645,0.23399555208025605,0,0,0,1.0,0.4335870042065203,0.4335870042065203,0.0,0.0,0.004010544565556273,1.2116035838208523,1.2214301530571778,1.2465804394578284
2016-09-28,2016,121.704967,164.522418,124.723441,129.209363,125.863473,124.933364,0.00449494380001747,0.0005246111514471963,-0.014543769139077845,0.24142126047299625,0,0,0,1.0,0.4335870042065203,0.4335870042065203,0.0,0.0,0.00449494380001747,1.2170496738380268,1.2269204129508167,1.2472344094575438
2016-09-29,2016,120.531086,163.830708,124.788872,126.815046,123.732386,122.460726,-0.009645300672075252,0.000524608682019867,-0.031229253121048517,0.24580941220578995,0,0,0,1.0,0.4335870042065203,0.4335870042065203,0.0,0.0,-0.009645300672075252,1.205310863801008,1.2150863966671992,1.2478887194572592
2016-09-30,2016,119.711567,163.359621,124.854338,125.125576,123.766314,122.677629,-0.006799233518894887,0.0005246140857815274,-0.030963611642995215,0.24501541759530374,0,0,0,1.0,0.4335870042065203,0.4335870042065203,0.0,0.0,-0.006799233518894887,1.197115673775164,1.2068247405106263,1.2485433794569745
2016-10-03,2016,121.112298,164.08254,124.919838,127.852501,126.086124,124.824917,0.011700882672432078,0.0005246113274814945,-0.012800508683699974,0.23928631878428072,0,0,0,1.0,0.4335870042065203,0.4335870042065203,0.0,0.0,0.011700882672432078,1.2111229838193367,1.2209456552055293,1.2491983794566897
2016-10-04,2016,120.613903,164.655294,124.985372,126.801736,125.827425,124.651403,-0.00411514774494659,0.0005246084292873654,-0.014826009294726994,0.23938001873827733,0,0,0,1.0,0.4335870042065203,0.4335870042065203,0.0,0.0,-0.00411514774494659,1.2061390338036195,1.215921283445808,1.2498537194564048
2016-10-05,2016,122.058852,166.125378,125.050941,129.616555,127.767668,126.213064,0.011979953919574404,0.0005246133923575425,0.0,0.24343554487793204,0,0,0,1.0,0.4335870042065203,0.4335870042065203,0.0,0.0,0.011979953919574404,1.220588523849187,1.2304879643913185,1.2505094094561195
2016-10-06,2016,122.233151,165.458411,125.116543,129.903822,128.594657,127.687972,0.00142799147414574,0.000524602209910574,0.0,0.24440789583216938,0,0,0,1.0,0.4335870042065203,0.4335870042065203,0.0,0.0,0.00142799147414574,1.2223315138546837,1.2322450907135083,1.251165429455834
2016-10-07,2016,122.891201,165.768457,125.182181,131.153313,129.580683,128.447121,0.005383564070928548,0.0005246148784658899,0.0,0.20108737798194762,0,0,0,1.0,0.4335870042065203,0.4335870042065203,0.0,0.0,0.005383564070928548,1.2289120138754355,1.2388789611104516,1.2518218094555489
2016-10-10,2016,122.971264,165.506363,125.247853,131.253068,130.766033,129.596679,0.0006514949756248889,0.0005246114061554508,0.0,0.2006481891846245,0,0,0,1.0,0.4335870042065203,0.4335870042065203,0.0,0.0,0.0006514949756248889,1.2297126438779604,1.2396860845290225,1.2524785294552634
2016-10-11,2016,122.672417,165.16839,125.313559,130.59908,129.3962,128.013323,-0.0024302181686934876,0.0005246077950733508,-0.010475449691128902,0.16746169379182627,0,0,0,1.0,0.4335870042065203,0.4335870042065203,0.0,0.0,-0.0024302181686934876,1.2267241738685362,1.2366733768829237,1.2531355894549776
2016-10-13,2016,124.152623,167.396795,125.3793,133.483874,129.601887,128.598949,0.012066331097071448,0.000524612025423421,-0.008902510638982175,0.16759987856904854,0,0,0,1.0,0.4335870042065203,0.4335870042065203,0.0,0.0,0.012066331097071448,1.2415262339152153,1.2515954873073265,1.2537929994546917
2016-10-14,2016,125.50062,167.774016,125.445075,136.105653,130.975961,129.92203,0.01085757970655199,0.0005246081290930515,0.0,0.1643876301498902,0,0,0,1.0,0.4335870042065203,0.4335870042065203,0.0,0.0,0.01085757970655199,1.255006203957725,1.2651847850711266,1.2544507494544055
2016-10-17,2016,126.615488,169.227916,125.510885,138.263671,132.945891,131.830728,0.008883366472611787,0.0005246120662767417,0.0,0.1554963228546428,0,0,0,1.0,0.4335870042065203,0.4335870042065203,0.0,0.0,0.008883366472611787,1.266154883992883,1.276423885172486,1.2551088494541192
2016-10-18,2016,127.131264,168.91937,125.576729,139.22997,135.248737,134.151538,0.004073561679910798,0.0005246078856029346,0.0,0.16177321994935379,0,0,0,1.0,0.4335870042065203,0.4335870042065203,0.0,0.0,0.004073561679910798,1.2713126440091482,1.2816234765984476,1.2557672894538328
2016-10-19,2016,126.820623,167.677036,125.642608,138.552364,134.663484,132.980294,-0.0024434666204530275,0.000524611530532848,-0.004327234493879173,0.16527129287421335,0,0,0,1.0,0.4335870042065203,0.4335870042065203,0.0,0.0,-0.0024434666204530275,1.268206233999352,1.2784918724133902,1.2564260794535462
2016-10-20,2016,126.743234,168.482508,125.707428,138.339693,135.367484,133.978024,-0.0006102240958081318,0.0005159077882241903,0.0,0.1634588391073569,0,0,0,1.0,0.4335870042065203,0.4335870042065203,0.0,0.0,-0.0006102240958081318,1.2674323439969115,1.2777117058665488,1.2570742794532643
2016-10-21,2016,126.895503,168.816085,125.772282,138.583818,135.940015,133.479159,0.0012013974647357983,0.000515912233921556,0.0,0.1620367666890526,0,0,0,1.0,0.4335870042065203,0.4335870042065203,0.0,0.0,0.0012013974647357983,1.2689550340017135,1.2792467454706402,1.2577228194529824
2016-10-24,2016,127.444397,169.729399,125.837169,139.61686,135.838232,134.758859,0.004325559117725364,0.0005159085846910827,-0.0007487346532952799,0.1594862561820204,0,0,0,1.0,0.4335870042065203,0.4335870042065203,0.0,0.0,0.004325559117725364,1.2744439740190232,1.2847802028943311,1.2583716894527
2016-10-25,2016,127.782811,169.543542,125.90209,140.231196,135.426858,134.194919,0.0026553854697903834,0.0005159127507072814,-0.003774878206391108,0.15163451481896986,0,0,0,1.0,0.4335870042065203,0.4335870042065203,0.0,0.0,0.0026553854697903834,1.2778281140296952,1.288191789576971,1.2590208994524177
2016-10-26,2016,127.573838,168.88224,125.967044,139.756663,135.342039,134.455203,-0.0016353764513757918,0.0005159088304254045,-0.004398822524773083,0.15281384292218178,0,0,0,1.0,0.4335870042065203,0.4335870042065203,0.0,0.0,-0.0016353764513757918,1.2757383840231051,1.2860851110594411,1.2596704394521354
2016-10-27,2016,128.308403,168.664591,126.032031,141.158943,136.241124,134.715478,0.005757959559075099,0.0005159047790308513,0.0,0.14622085079642452,0,0,0,1.0,0.4335870042065203,0.4335870042065203,0.0,0.0,0.005757959559075099,1.28308403404627,1.29349033711845,1.2603203094518527
2016-10-28,2016,128.946939,169.951935,126.097053,142.370178,136.364112,135.105895,0.004976571955306763,0.0005159164657118076,0.0,0.12442370878403088,0,0,0,1.0,0.4335870042065203,0.4335870042065203,0.0,0.0,0.004976571955306763,1.2894693940664064,1.299927484854614,1.2609705294515698
2016-10-31,2016,129.706104,171.255819,126.162107,143.821329,137.672451,136.428976,0.005887421647132074,0.0005159042059452723,0.0,0.12422494284361423,0,0,0,1.0,0.4335870042065203,0.4335870042065203,0.0,0.0,0.005887421647132074,1.2970610440903472,1.307580706068649,1.261621069451287
2016-11-01,2016,127.315741,169.500672,126.227196,139.007551,134.281796,133.067047,-0.01842907100193225,0.0005159156068945681,-0.02462842039472357,0.1540930064099295,0,0,0,1.0,0.4335870042065203,0.4335870042065203,0.0,0.0,-0.01842907100193225,1.2731574140149657,1.2834832083957533,1.262271959451004
2016-11-03,2016,125.339043,166.743164,126.292317,135.016584,130.939913,130.052163,-0.015525951343282829,0.0005159030863681746,-0.048902579645364264,0.18301726163132245,0,0,0,1.0,0.4335870042065203,0.4335870042065203,0.0,0.0,-0.015525951343282829,1.2533904339526296,1.2635559105522802,1.2629231694507206
2016-11-04,2016,124.540777,166.914201,126.357473,133.369673,130.617599,129.054434,-0.006368853478480707,0.0005159142024451224,-0.051243745199248236,0.1765946255908669,0,0,0,1.0,0.4335870042065203,0.4335870042065203,0.0,0.0,-0.006368853478480707,1.245407773927456,1.2555085080961044,1.2635747294504371
2016-11-07,2016,126.860429,168.530712,126.422662,137.924757,135.821268,134.910687,0.018625642587728475,0.0005159093360469491,-0.013446284907065342,0.22341226707753176,0,0,0,1.0,0.4335870042065203,0.4335870042065203,0.0,0.0,0.018625642587728475,1.2686042940006075,1.2788931608337546,1.2642266194501537
2016-11-08,2016,126.936048,167.780059,126.487885,138.016078,136.04604,134.910687,0.0005960802796907139,0.0005159122499731605,-0.011813627114112935,0.22270419032707717,0,0,0,1.0,0.4335870042065203,0.4335870042065203,0.0,0.0,0.0005960802796907139,1.2693604840029922,1.2796554838267589,1.2648788494498702
2016-11-09,2016,124.464537,167.313751,126.553141,133.040728,134.137604,132.763391,-0.019470521092637028,0.0005159071163218787,-0.025675775903778897,0.22868474860089688,0,0,0,1.0,0.4335870042065203,0.4335870042065203,0.0,0.0,-0.019470521092637028,1.244645373925052,1.2547399247376012,1.2655314094495864
2016-11-10,2016,120.138015,164.364428,126.618431,124.375444,129.775767,128.468807,-0.03476108218680807,0.0005159097552545067,-0.057358490697605125,0.25562772248951504,0,0,0,1.0,0.4335870042065203,0.4335870042065203,0.0,0.0,-0.03476108218680807,1.2013801537886128,1.211123807090728,1.2661843094493024
2016-11-11,2016,118.125511,162.120644,126.683755,120.313071,125.49875,124.564641,-0.01675160023244926,0.000515912252932571,-0.0884251054700842,0.2813779842653017,0,0,0,1.0,0.4335870042065203,0.4335870042065203,0.0,0.0,-0.01675160023244926,1.1812551137251477,1.190835545242342,1.2668375494490183
2016-11-14,2016,119.098635,162.861166,126.749112,122.189548,126.501739,125.952788,0.00823805113528775,0.0005159067159004049,-0.08113977719478527,0.2800435370478016,0,0,0,1.0,0.4335870042065203,0.4335870042065203,0.0,0.0,0.00823805113528775,1.1909863537558356,1.2006457093577667,1.267491119448734
2016-11-16,2016,120.302736,163.731541,126.814503,124.525443,128.838513,127.861495,0.010110115871605041,0.0005159089398591998,-0.06416634508816865,0.2829957055530645,0,0,0,1.0,0.4335870042065203,0.4335870042065203,0.0,0.0,0.010110115871605041,1.2030273637938076,1.2127843766001192,1.2681450294484498
2016-11-17,2016,118.502805,162.292492,126.879928,120.885819,126.741354,125.04182,-0.014961679674517114,0.0005159110232053621,-0.07939930552990582,0.2785856815924379,0,0,0,1.0,0.4335870042065203,0.4335870042065203,0.0,0.0,-0.014961679674517114,1.185028053737046,1.1946390852431692,1.2687992794481653
2016-11-18,2016,117.843558,163.582721,126.945387,119.515164,127.148487,125.866027,-0.005563134138470316,0.000515912966154719,-0.07644204721829195,0.27942817185714525,0,0,0,1.0,0.4335870042065203,0.4335870042065203,0.0,0.0,-0.005563134138470316,1.1784355837162563,1.187993147764902,1.2694538694478803
2016-11-21,2016,119.240784,164.784427,127.010879,122.235124,129.497984,128.186837,0.011856617567504335,0.000515906891520368,-0.05937620010847333,0.2882460789951483,0,0,0,1.0,0.4335870042065203,0.4335870042065203,0.0,0.0,0.011856617567504335,1.1924078437603187,1.202078728190766,1.2701087894475958
2016-11-22,2016,119.889327,164.602905,127.076405,123.465805,131.372492,130.247372,0.005438936060668587,0.0005159085624468762,-0.045760491327346275,0.29345707732352494,0,0,0,1.0,0.4335870042065203,0.4335870042065203,0.0,0.0,0.005438936060668587,1.1988932737807707,1.2086167575332856,1.2707640494473107
2016-11-23,2016,119.634549,163.4106,127.141965,122.899609,131.440347,130.420895,-0.0021251099357658676,0.0005159100936165117,-0.04526761857388584,0.29353695640830135,0,0,0,1.0,0.4335870042065203,0.4335870042065203,0.0,0.0,-0.0021251099357658676,1.1963454937727362,1.2060483140533185,1.2714196494470256
2016-11-24,2016,119.466306,163.28592,127.207559,122.505515,130.189262,128.794158,-0.0014063078049468825,0.0005159114852442137,-0.054355021252581515,0.29489138957343414,0,0,0,1.0,0.4335870042065203,0.4335870042065203,0.0,0.0,-0.0014063078049468825,1.1946630637674307,1.2043522388961223,1.2720755894467404
2016-11-25,2016,118.659927,163.023389,127.273187,120.842036,130.5349,129.271328,-0.006749844596350085,0.0005159127375440331,-0.05184443908825309,0.29529522145280424,0,0,0,1.0,0.4335870042065203,0.4335870042065203,0.0,0.0,-0.006749844596350085,1.186599273742001,1.1962230484443073,1.2727318694464549
2016-11-28,2016,120.162416,164.030605,127.338848,123.771227,133.283048,131.982556,0.012662143303020956,0.0005159059936168386,-0.031882943668955166,0.30493030768551277,1,0,0,1.0,0.4335870042065203,0.4335870042065203,0.0,0.0,0.012662143303020956,1.2016241637893827,1.2113697961060856,1.2733884794461694
2016-11-29,2016,118.533976,162.726074,127.404544,120.472482,129.321983,128.382046,-0.01355199116502448,0.0005159148290709847,-0.0606546040209599,0.3214276889559544,1,1,1,0.85,0.4335870042065203,0.36854895357554224,0.06503805063097806,6.503805063097806e-05,-0.011506843316541138,1.1853397637380292,1.1974307536639024,1.2740454394458838
2016-11-30,2016,118.637432,163.35174,127.470273,120.618716,131.270709,130.138925,0.0008727961677419405,0.0005159078156584673,-0.04649980408934529,0.3247195080658092,1,1,1,0.85,0.4335870042065203,0.36854895357554224,0.0,0.0,0.0008192629149294194,1.1863743237412918,1.1984117642735752,1.274702729445598
2016-12-01,2016,115.230068,160.419384,127.534923,113.782359,126.183666,125.367162,-0.028720817220656003,0.0005071770733557912,-0.08345013774760202,0.3411262131039451,1,1,1,0.85,0.4335870042065203,0.36854895357554224,0.0,0.0,-0.024336618076554233,1.1523006836338388,1.1692464748679998,1.2753492294453168
2016-12-02,2016,115.926679,159.958007,127.599607,115.109419,127.899138,126.625176,0.006045392596661481,0.0005071865688113242,-0.0709896056110747,0.33550957162152684,1,1,1,0.85,0.4335870042065203,0.36854895357554224,0.0,0.0,0.005214661692483957,1.1592667936558068,1.1753436996695659,1.2759960694450354
2016-12-05,2016,115.830808,159.08768,127.664323,114.860078,126.872824,125.367162,-0.0008269968641125836,0.0005071802454688079,-0.07844435776043535,0.3364194041828658,1,1,1,0.85,0.4335870042065203,0.36854895357554224,0.0,0.0,-0.0006268702976753749,1.1583080836527835,1.1746069116146831,1.2766432294447538
2016-12-06,2016,116.48474,160.656151,127.729071,116.102185,129.536152,128.208532,0.0056455791968574864,0.0005071738014073013,-0.059098962362484575,0.3116362073126916,1,1,1,0.85,0.4335870042065203,0.36854895357554224,0.0,0.0,0.004874818387539959,1.1648474036734056,1.180332906985554,1.2772907094444723
2016-12-07,2016,117.173225,161.485046,127.793853,117.41299,130.22743,129.07612,0.005910516690855738,0.0005071828949574364,-0.05407778350659276,0.3125101175046528,1,1,1,0.85,0.4335870042065203,0.36854895357554224,0.0,0.0,0.0051000166214709925,1.1717322536951171,1.1863526244300493,1.2779385294441905
2016-12-08,2016,116.999321,160.962827,127.858668,117.008341,128.664633,129.705126,-0.0014841615906706629,0.0005071840192500954,-0.0654293428683127,0.3115563886521799,1,1,1,0.85,0.4335870042065203,0.36854895357554224,0.0,0.0,-0.0011854597491825491,1.169993213689633,1.1849462511454505,1.2785866794439085
2016-12-09,2016,117.03298,159.948692,127.923515,117.016539,128.291428,127.03728,0.0002876854302427123,0.0005071771903646383,-0.06814016117138788,0.28993516748229264,0,1,1,0.85,0.4335870042065203,0.36854895357554224,0.0,0.0,0.0003206091942610012,1.1703298036906944,1.1853261558082728,1.2792351494436265
2016-12-12,2016,115.380876,158.785603,127.988395,113.671459,125.488148,124.174224,-0.014116567825582127,0.0005071780587018182,-0.0885021143409439,0.27573465183527,0,0,1,0.85,0.4335870042065203,0.36854895357554224,0.0,0.0,-0.011923005942939534,1.1538087636385945,1.1711935050082491,1.2798839494433445
2016-12-13,2016,115.950838,158.170776,128.053308,114.746385,125.704437,125.345476,0.004939830756701902,0.0005071787953898621,-0.08693107381374354,0.27426100547283394,0,0,1,0.85,0.4335870042065203,0.36854895357554224,0.0,0.0,0.004274932962505095,1.1595083836565687,1.1762002787282808,1.280533079443062
2016-12-14,2016,114.85175,157.130476,128.118254,112.501283,123.437639,122.15707,-0.009478913813456114,0.0005071794006290542,-0.10339622703455753,0.271946319910827,1,0,1,0.85,0.4335870042065203,0.36854895357554224,0.0,0.0,-0.007980999831343339,1.1485175036219084,1.1668130245021244,1.2811825394427796
2016-12-15,2016,114.74817,156.683462,128.183233,112.236371,123.827808,122.764382,-0.0009018582651112439,0.0005071798746179024,-0.10056218872721301,0.2671199866823488,1,1,1,0.85,0.4335870042065203,0.36854895357554224,0.0,0.0,-0.000690502544151872,1.147481703618642,1.166007337140156,1.281832329442497
2016-12-16,2016,114.668234,157.17511,128.248245,112.018458,123.812965,122.373965,-0.0006966211312999793,0.0005071802175562468,-0.10067000259914016,0.2666801679175875,1,1,1,0.85,0.4335870042065203,0.36854895357554224,0.0,0.0,-0.0005160509289715454,1.146682343616121,1.1654056179706371,1.2824824494422142
2016-12-19,2016,114.8829,157.167011,128.31329,112.386527,121.102986,119.727812,0.0018720616208323104,0.0005071804296425952,-0.12035425300883174,0.26567913385615205,1,1,1,0.85,0.4335870042065203,0.36854895357554224,0.0,0.0,0.0016673294421538532,1.148829003622891,1.1673487330695311,1.2831328994419313
2016-12-20,2016,114.62305,156.733255,128.378368,111.81068,122.103854,120.833989,-0.0022618683894644054,0.0005071805110756777,-0.11308433086587522,0.261070154132374,1,1,1,0.85,0.4335870042065203,0.36854895357554224,0.0,0.0,-0.0018465110543833927,1.1462305036146965,1.1651932107295977,1.2837836794416484
2016-12-21,2016,114.350516,158.3218,128.443479,111.209571,122.239565,120.812303,-0.0023776544072069417,0.0005071804620542242,-0.1120985780953373,0.2612007245309635,1,1,1,0.85,0.4335870042065203,0.36854895357554224,0.0,0.0,-0.0019449291768177668,1.143505163606102,1.1629269924574197,1.2844347894413652
2016-12-22,2016,114.00829,158.330439,128.508623,110.469805,121.408336,121.419616,-0.002992780548537244,0.0005071802827762983,-0.118136307459217,0.26054637089768207,1,1,1,0.85,0.4335870042065203,0.36854895357554224,0.0,0.0,-0.0024677864238402125,1.1400829035953097,1.160057137013516,1.2850862294410819
2016-12-23,2016,115.187619,157.673132,128.5738,112.756618,122.854506,122.243831,0.010344239002268996,0.0005071799734404081,-0.10763188199504048,0.2654055663452698,1,1,1,0.85,0.4335870042065203,0.36854895357554224,0.0,0.0,0.008868680147944707,1.1518761936325004,1.1703453127150294,1.2857379994407985
2016-12-26,2016,115.155683,158.746968,128.63901,112.634007,124.302797,123.545217,-0.00027725201959427626,0.0005071795342441732,-0.09711205039852167,0.2561966727518737,0,1,1,0.85,0.4335870042065203,0.36854895357554224,0.0,0.0,-0.00015958728651850878,1.1515568336314932,1.1701585404822834,1.2863900994405149
2016-12-27,2016,116.267058,159.24385,128.704253,114.785591,124.466074,123.219875,0.009651065158460481,0.0005071789653852132,-0.09592606875285448,0.23679056600675039,0,0,1,0.85,0.4335870042065203,0.36854895357554224,0.0,0.0,0.008279482229499192,1.1626705836665412,1.1798468473239032,1.2870425294402308
2016-12-28,2016,117.389437,160.395273,128.76953,116.959032,126.7668,125.453924,0.009653456613652356,0.0005071860368126568,-0.07921447552350169,0.24030355284509858,0,0,1,0.85,0.4335870042065203,0.36854895357554224,0.0,0.0,0.008281516027126401,1.173894373701936,1.1896177678995705,1.2876952994399469
2016-12-29,2016,117.239922,161.099654,128.834839,116.602448,127.710415,126.32152,-0.0012736665565573624,0.000507177435531414,-0.0723604172631458,0.19786443561358552,0,0,1,0.85,0.4335870042065203,0.36854895357554224,0.0,0.0,-0.0010065399577440458,1.1723992236972212,1.1884203700817373,1.2883483894396628
2017-01-03,2017,118.823989,160.56932,128.900181,120.183253,132.479008,130.968431,0.01351132868085414,0.0005071735109163367,-0.037723182541436695,0.2332193317479936,0,0,1,0.85,0.4478301442448689,0.38065562260813857,0.012106669032596329,1.2106669032596329e-05,0.011548598736330873,1.1882398949537725,1.202144960065893,1.2890018056156183
2017-01-04,2017,118.518339,161.969288,128.965557,119.431497,131.996791,130.968431,-0.0025722920310308206,0.000507183151278845,-0.04122582229613969,0.23126515025831762,0,0,1,0.85,0.4478301442448689,0.38065562260813857,0.0,0.0,-0.002110370753684371,1.18518339494103,1.199607988500481,1.2896555656133946
2017-01-05,2017,118.621663,165.477938,129.030966,119.587974,133.029807,131.626011,0.0008717975705008207,0.000507181929203071,-0.03372238938347938,0.22150257956819433,0,0,1,0.85,0.4478301442448689,0.38065562260813857,0.0,0.0,0.0008171052243061583,1.1862166349453376,1.200588194455004,1.29030965561117
2017-01-06,2017,118.375903,166.501613,129.096408,118.96915,132.159673,131.187622,-0.0020717969533102787,0.0005071805786527328,-0.04004270977931523,0.2227287381590605,0,0,1,0.85,0.4478301442448689,0.38065562260813857,0.0,0.0,-0.0016849503235158267,1.183759034935092,1.1985652629883479,1.290964075608944
2017-01-09,2017,118.809297,166.913127,129.161883,119.858587,132.234684,130.946515,0.0036611674252655657,0.0005071790998243397,-0.03949785858029076,0.21753374248986151,0,0,1,0.85,0.4478301442448689,0.38065562260813857,0.0,0.0,0.0031880691764493816,1.1880929749531601,1.202386371959244,1.291618825606717
2017-01-10,2017,118.940021,167.978174,129.227391,120.075802,133.160541,132.064401,0.0011002842647911404,0.0005071774929141792,-0.03277278763635871,0.21774181866401807,0,0,1,0.85,0.4478301442448689,0.38065562260813857,0.0,0.0,0.0010113182490095961,1.18940021495861,1.203602367239567,1.292273905604489
2017-01-11,2017,120.090654,169.002185,129.292933,122.558044,133.833502,132.546631,0.009674060844499177,0.0005071834964152089,-0.02788465645897442,0.19885566347014097,0,0,0,1.0,0.4478301442448689,0.4478301442448689,0.06717452163673032,6.717452163673032e-05,0.009606886322862447,1.2009065450065801,1.2151652383595657,1.2929293256022596
2017-01-12,2017,123.186622,174.385151,129.355108,129.364335,137.06543,135.900297,0.025780257637700865,0.00048088475183716284,-0.004409168251097717,0.21199807799990955,0,0,0,1.0,0.4478301442448689,0.4478301442448689,0.0,0.0,0.025780257637700865,1.231866225135651,1.2464925112768535,1.293551075600145
2017-01-13,2017,122.673726,173.146205,129.417314,128.155854,136.418187,135.198876,-0.004163568995341094,0.00048089326321765213,-0.009110493718165968,0.19811105406226961,0,0,0,1.0,0.4478301442448689,0.4478301442448689,0.0,0.0,-0.004163568995341094,1.2267372651142683,1.2413026537039762,1.294173135598029
2017-01-16,2017,122.940433,175.148451,129.479549,128.67872,136.801817,135.681106,0.0021741167297715247,0.0004808861973444323,-0.0063239522044973295,0.198159839635297,0,0,0,1.0,0.4478301442448689,0.4478301442448689,0.0,0.0,0.0021741167297715247,1.2294043351253874,1.2440013905701037,1.294795485595912
2017-01-17,2017,124.210903,179.589616,129.541815,131.430757,137.922705,136.514037,0.01033402900085778,0.0004808944770113843,0.0,0.19746930053998904,0,0,0,1.0,0.4478301442448689,0.4478301442448689,0.0,0.0,0.01033402900085778,1.2421090351783535,1.2568569370173626,1.2954181455937943
2017-01-18,2017,123.088136,174.034688,129.60411,128.867746,137.485494,135.681106,-0.009039198434939277,0.0004808871946095916,-0.003169971180597253,0.17268016952735657,0,0,0,1.0,0.4478301442448689,0.4478301442448689,0.0,0.0,-0.009039198434939277,1.2308813651315453,1.2454959577593328,1.2960410955916752
2017-01-19,2017,123.150531,175.515173,129.666436,128.936765,137.059,136.119487,0.000506913192673597,0.00048089524321426325,-0.006262239418810767,0.1757555893408637,0,0,0,1.0,0.4478301442448689,0.4478301442448689,0.0,0.0,0.000506913192673597,1.2315053151341466,1.2461273160917425,1.2966643555895554
2017-01-20,2017,124.00914,179.017893,129.728791,130.774022,138.280617,137.149702,0.0069720284031906665,0.0004808877449211657,0.0,0.17514586167115373,0,0,0,1.0,0.4478301442448689,0.4478301442448689,0.0,0.0,0.0069720284031906665,1.240091405169942,1.2548153511335258,1.2972879055874345
2017-01-23,2017,125.451229,180.819806,129.791176,133.907065,140.912452,139.845787,0.011628892838060123,0.00048088785472466533,0.0,0.17363170657320384,0,0,0,1.0,0.4478301442448689,0.4478301442448689,0.0,0.0,0.011628892838060123,1.2545122952300627,1.2694074643834103,1.2979117555853126
2017-01-24,2017,125.823912,181.496537,129.853591,134.665088,141.107482,140.086902,0.002970740127225202,0.00048088785326960704,0.0,0.17413098189984305,0,0,0,1.0,0.4478301442448689,0.4478301442448689,0.0,0.0,0.002970740127225202,1.2582391252456,1.2731785440756533,1.2985359055831893
2017-01-26,2017,126.394238,183.511468,129.978512,135.792292,141.859741,140.722559,0.004532731425486158,0.0009620142118365038,0.0,0.17328542906870478,0,0,0,1.0,0.4478301442448689,0.4478301442448689,0.0,0.0,0.004532731425486158,1.263942385269377,1.2789495204726398,1.2997851155789404
2017-01-27,2017,125.889523,181.38865,130.041017,134.601647,141.52326,140.306101,-0.003993180448621403,0.00048088717925942603,-0.0023719273532299967,0.17528251862648905,0,0,0,1.0,0.4478301442448689,0.4478301442448689,0.0,0.0,-0.003993180448621403,1.2588952352483354,1.2738424442527148,1.3004101655768145
2017-01-30,2017,124.480234,177.925606,130.103553,131.402045,137.811259,136.470197,-0.011194648819187303,0.00048089442425691686,-0.02853862534543894,0.2042043397088136,0,0,0,1.0,0.4478301442448689,0.4478301442448689,0.0,0.0,-0.011194648819187303,1.244802345189582,1.2595822254383304,1.3010355255746875
2017-01-31,2017,126.301842,181.986535,130.166118,135.377743,138.602095,136.755152,0.014633712851150227,0.0004808861753375915,-0.022963851315645822,0.2039416695691108,0,0,0,1.0,0.4478301442448689,0.4478301442448689,0.0,0.0,0.014633712851150227,1.2630184252655248,1.2780145900378077,1.3016611755725593
2017-02-01,2017,125.69678,180.532067,130.228714,133.964138,138.955721,137.456572,-0.0047906031330879895,0.00048089319218980187,-0.02047106514877961,0.1619879108524058,0,0,0,1.0,0.4478301442448689,0.4478301442448689,0.0,0.0,-0.0047906031330879895,1.2569678052403,1.2718921293386405,1.30228713557043
2017-02-02,2017,126.538237,179.241307,130.29134,135.763002,138.402779,137.325061,0.006694340141410127,0.00048089240902737806,-0.024368872913704265,0.16216118187613424,0,0,0,1.0,0.4478301442448689,0.4478301442448689,0.0,0.0,0.006694340141410127,1.2653823752753803,1.2804066078756158,1.3029133955682999
2017-02-03,2017,126.853942,179.360535,130.353995,136.394215,139.208617,138.289512,0.002494937557886212,0.00048088384078326385,-0.018688346540827294,0.16142988137365502,0,0,0,1.0,0.4478301442448689,0.4478301442448689,0.0,0.0,0.002494937557886212,1.2685394252885422,1.2836011424109703,1.3035399455661687
2017-02-06,2017,125.338491,178.637753,130.416681,132.958676,137.149014,135.922212,-0.011946424179707371,0.00048089051662758564,-0.0332069336007037,0.16987811472857803,0,0,0,1.0,0.4478301442448689,0.4478301442448689,0.0,0.0,-0.011946424179707371,1.253384915225363,1.268266698686172,1.3041668055640367
2017-02-07,2017,125.652458,180.087265,130.479397,133.585964,137.590511,135.922212,0.002504952768260127,0.0004808894040171374,-0.030094725747455198,0.16986113686406512,0,0,0,1.0,0.4478301442448689,0.4478301442448689,0.0,0.0,0.002504952768260127,1.2565245852384523,1.271443646863938,1.3047939655619034
2017-02-08,2017,126.310405,184.170047,130.542144,134.977143,138.953578,137.807282,0.005236244562760728,0.00048089584595500945,-0.020486171619332194,0.1712932093841812,0,0,0,1.0,0.4478301442448689,0.4478301442448689,0.0,0.0,0.005236244562760728,1.2631040552658823,1.278101236746686,1.3054214355597693
2017-02-09,2017,126.574843,187.139481,130.60492,135.494368,139.232192,137.719611,0.0020935567422177837,0.00048088684677938254,-0.01852216126631734,0.17095797585179784,0,0,0,1.0,0.4478301442448689,0.4478301442448689,0.0,0.0,0.0020935567422177837,1.2657484352769068,1.2807770142081139,1.3060491955576339
2017-02-10,2017,128.138514,192.689406,130.667727,138.896955,141.71829,140.262261,0.012353726561604272,0.00048089306283416455,-0.000997118696276278,0.16135057529399,0,0,0,1.0,0.4478301442448689,0.4478301442448689,0.0,0.0,0.012353726561604272,1.2813851453420961,1.296599383228029,1.3066772655554977
2017-02-13,2017,129.15763,194.056282,130.730563,141.090135,143.524997,141.774697,0.007953237228894627,0.00048088385282762935,0.0,0.16399524724278017,0,0,0,1.0,0.4478301442448689,0.4478301442448689,0.0,0.0,0.007953237228894627,1.2915763053845835,1.30691154571368,1.3073056255533604
2017-02-14,2017,128.548232,192.752886,130.79343,139.666602,142.978485,142.585721,-0.004718250094864707,0.000480889843639698,-0.003807782695860351,0.16555420087357337,0,0,0,1.0,0.4478301442448689,0.4478301442448689,0.0,0.0,-0.004718250094864707,1.2854823253591776,1.3007452101891366,1.307934295551222
2017-02-15,2017,130.960502,195.280346,130.856328,144.953697,145.685331,144.339263,0.018765485627215694,0.00048089571471576775,0.0,0.17478731135002626,0,0,0,1.0,0.4478301442448689,0.4478301442448689,0.0,0.0,0.018765485627215694,1.309605025459745,1.3251543257356104,1.3085632755490824
2017-02-16,2017,132.520362,194.504493,130.919255,148.347688,145.338134,143.791278,0.011910919522895691,0.0004808861822869215,-0.002383198072289039,0.17445293003945828,0,0,0,1.0,0.4478301442448689,0.4478301442448689,0.0,0.0,0.011910919522895691,1.3252036255247759,1.3409381322648644,1.309192545546942
2017-02-17,2017,132.89903,193.340393,130.982213,149.118396,145.196684,143.396728,0.0028574325808135015,0.0004808918290897246,-0.003354126298412252,0.17365325536968476,0,0,0,1.0,0.4478301442448689,0.4478301442448689,0.0,0.0,0.0028574325808135015,1.3289903055405625,1.3447697725728531,1.3098221255448006
2017-02-20,2017,133.216715,193.383303,131.045201,149.753635,146.879086,145.435233,0.0023904237675773654,0.000480889722026534,0.0,0.17512527863494465,0,0,0,1.0,0.4478301442448689,0.4478301442448689,0.0,0.0,0.0023904237675773654,1.3321671555538066,1.3479843421991309,1.310452005542658
2017-02-21,2017,133.496088,191.918652,131.108219,150.303757,147.991401,146.618883,0.0020971317300535475,0.00048088750689934123,0.0,0.16575243620249402,0,0,0,1.0,0.4478301442448689,0.4478301442448689,0.0,0.0,0.0020971317300535475,1.3349608855654538,1.350811242934772,1.3110821855405148
2017-02-22,2017,132.30481,190.622237,131.171268,147.587753,147.001248,145.720196,-0.008923692205871858,0.0004808928111517119,-0.0066906117065543835,0.16892499042793127,0,0,0,1.0,0.4478301442448689,0.4478301442448689,0.0,0.0,-0.008923692205871858,1.3230481055157894,1.338757019174591,1.3117126755383703
2017-02-23,2017,132.223257,191.862894,131.230875,147.340118,144.581589,143.177538,-0.0006164023817426534,0.00045442116180494097,-0.023040608960786746,0.18069952934685984,0,0,0,1.0,0.4478301442448689,0.4478301442448689,0.0,0.0,-0.0006164023817426534,1.3222325755123894,1.337931806159397,1.3123087455363427
2017-02-24,2017,132.527864,193.703577,131.290509,147.950057,142.869182,141.380147,0.0023037323910422014,0.0004544205012728675,-0.03461159881850162,0.18609974287551856,0,0,0,1.0,0.4478301442448689,0.4478301442448689,0.0,0.0,0.0023037323910422014,1.3252786455250885,1.341014042998252,1.312905085534314
2017-03-01,2017,133.222035,195.805822,131.35017,149.425128,143.570004,142.103492,0.005237924909134772,0.0004544197478890677,-0.029876039892344775,0.157289307314954,0,0,0,1.0,0.4478301442448689,0.4478301442448689,0.0,0.0,0.005237924909134772,1.3322203555540286,1.348038173857572,1.313501695532285
2017-03-02,2017,132.229717,193.145176,131.409858,147.154735,141.139629,139.188207,-0.007448602627936229,0.000454418901780107,-0.04629844675907879,0.17036185230727185,0,0,0,1.0,0.4478301442448689,0.4478301442448689,0.0,0.0,-0.007448602627936229,1.3222971755126587,1.337997173173218,1.314098575530255
2017-03-03,2017,133.386998,191.224344,131.469573,149.658242,143.134937,141.599338,0.008752049284050267,0.00045441796307232885,-0.03281585259132713,0.17664324266636428,0,0,0,1.0,0.4478301442448689,0.4478301442448689,0.0,0.0,0.008752049284050267,1.333869985560906,1.34970739037475,1.3146957255282237
2017-03-06,2017,133.684028,192.298116,131.529316,150.251233,142.181219,140.722559,0.0022268287348368165,0.00045442453821609163,-0.03926026756108614,0.17800736976112602,0,0,0,1.0,0.4478301442448689,0.4478301442448689,0.0,0.0,0.0022268287348368165,1.3368402855732893,1.3527129575752581,1.3152931555261915
2017-03-07,2017,134.153847,191.443779,131.589085,151.22793,140.897449,139.889627,0.003514398892887849,0.00045441580491467626,-0.047934893190179406,0.18090448648566174,0,0,0,1.0,0.4478301442448689,0.4478301442448689,0.0,0.0,0.003514398892887849,1.3415384755928759,1.3574669304957556,1.3158908455241587
2017-03-08,2017,131.958743,184.620406,131.648882,146.28621,138.702825,137.281221,-0.01636258705275906,0.0004544221885878219,-0.0627642953390245,0.18180864110417855,0,0,0,1.0,0.4478301442448689,0.4478301442448689,0.0,0.0,-0.01636258705275906,1.3195874355013617,1.3352552596742773,1.3164888155221244
2017-03-09,2017,128.342281,171.213238,131.708706,138.187841,138.417781,136.711312,-0.02740600522392056,0.0004544208738515021,-0.06469038022013185,0.18177472045588816,0,0,0,1.0,0.4478301442448689,0.4478301442448689,0.0,0.0,-0.02740600522392056,1.2834228153505916,1.2986612470523766,1.3170870555200898
2017-03-10,2017,129.259589,170.670711,131.768557,140.158253,138.610668,137.105862,0.007147356216927303,0.00045441946715341075,-0.06338701395224977,0.1783250190833353,0,0,0,1.0,0.4478301442448689,0.4478301442448689,0.0,0.0,0.007147356216927303,1.292595895388834,1.307943241590179,1.317685565518054
2017-03-13,2017,130.930647,175.826233,131.828435,143.802599,140.451666,139.122452,0.012927922894756971,0.00045441796862077943,-0.05094711550166353,0.18444755211367203,0,0,0,1.0,0.4478301442448689,0.4478301442448689,0.0,0.0,0.012927922894756971,1.3093064754585002,1.3248522309681754,1.3182843455160176
2017-03-14,2017,129.596426,173.374838,131.888341,140.772648,138.662104,137.544252,-0.010190287992695723,0.0004544239639951986,-0.0630394532179609,0.17813074444756763,0,0,0,1.0,0.4478301442448689,0.4478301442448689,0.0,0.0,-0.010190287992695723,1.2959642654028767,1.3113516051868443,1.3188834055139798
2017-03-15,2017,130.784535,174.956903,131.948273,143.344375,141.954041,140.525292,0.009167760536852976,0.00045441469310780747,-0.04079534323754397,0.19305557729053213,0,0,0,1.0,0.4478301442448689,0.4478301442448689,0.0,0.0,0.009167760536852976,1.3078453554524088,1.323373762682815,1.3194827255119415
2017-03-16,2017,131.421028,174.801038,132.008233,144.69102,140.98532,139.012848,0.004866729846919604,0.0004544204985539313,-0.04734113571909493,0.19403959262986906,0,0,0,1.0,0.4478301442448689,0.4478301442448689,0.0,0.0,0.004866729846919604,1.3142102854789441,1.3298142652722937,1.320082325509902
2017-03-17,2017,130.247002,170.341066,132.06822,142.016745,137.614086,136.360602,-0.008933319255423844,0.0004544186270565298,-0.07012106737201584,0.19633388752268474,0,0,0,1.0,0.4478301442448689,0.4478301442448689,0.0,0.0,-0.008933319255423844,1.302470025429999,1.3179346098901994,1.3206821955078616
2017-03-20,2017,127.0344,166.382881,132.128235,134.815073,139.058594,137.675771,-0.024665458326633916,0.0004544242362014561,-0.060360311069695194,0.2019169923502172,0,0,0,1.0,0.4478301442448689,0.4478301442448689,0.0,0.0,-0.024665458326633916,1.2703440052960655,1.2854271486927242,1.32128234550582
2017-03-21,2017,125.343686,165.222137,132.188277,130.993252,134.977965,133.664517,-0.013309103675854694,0.00045442217554803044,-0.08793373069020394,0.22370252832236653,0,0,0,1.0,0.4478301442448689,0.4478301442448689,0.0,0.0,-0.013309103675854694,1.2534368652255796,1.2683192655030144,1.321882765503778
2017-03-22,2017,125.74994,168.108603,132.248346,131.828448,136.137429,134.519372,0.0032411205778646313,0.00045442002394802117,-0.08009905926899086,0.22125276232429097,0,0,0,1.0,0.4478301442448689,0.4478301442448689,0.0,0.0,0.0032411205778646313,1.2574994052425164,1.2724300411737384,1.3224834555017346
2017-03-23,2017,125.963636,168.982942,132.308442,132.235973,136.158861,134.892006,0.001699372580217462,0.00045441778152754964,-0.07995424004398743,0.21778124986667277,0,0,0,1.0,0.4478301442448689,0.4478301442448689,0.0,0.0,0.001699372580217462,1.2596363652514253,1.274592373895954,1.3230844154996906
2017-03-24,2017,126.930994,167.42813,132.368565,134.317234,136.851111,135.637266,0.007679660818936673,0.0004544154484109608,-0.07527660340211251,0.21990119348557743,0,0,0,1.0,0.4478301442448689,0.4478301442448689,0.0,0.0,0.007679660818936673,1.2693099452917544,1.2843808110098782,1.3236856454976453
2017-03-27,2017,127.27608,165.94492,132.428716,135.016494,137.824118,136.514037,0.0027186898103075396,0.0004544205793877154,-0.06870184977842053,0.21734911101465035,0,0,0,1.0,0.4478301442448689,0.4478301442448689,0.0,0.0,0.0027186898103075396,1.2727608053061412,1.2878726440333252,1.3242871554955995
2017-03-28,2017,126.564189,164.047087,132.488895,133.368339,138.535656,136.996267,-0.005593281942687045,0.00045442560962394296,-0.06389388123976203,0.21582368335022564,0,0,0,1.0,0.4478301442448689,0.4478301442448689,0.0,0.0,-0.005593281942687045,1.2656418952764625,1.280669209228973,1.3248889454935528
2017-03-29,2017,126.824867,162.833972,132.5491,133.88008,140.438807,139.144367,0.0020596505382735053,0.0004544154436489922,-0.05103400568523575,0.22147669353291688,0,0,0,1.0,0.4478301442448689,0.4478301442448689,0.0,0.0,0.0020596505382735053,1.26824867528733,1.2833069402551118,1.3254909954915048
2017-03-30,2017,126.497657,162.395947,132.609333,133.086181,139.877292,138.421031,-0.002580014532954311,0.0004544202865202074,-0.05482824640601913,0.21377199849330647,0,0,0,1.0,0.4478301442448689,0.4478301442448689,0.0,0.0,-0.002580014532954311,1.2649765752736888,1.2799959896990125,1.326093325489456
2017-03-31,2017,127.357518,165.065992,132.669594,134.928555,139.272913,137.610007,0.006797446058625312,0.0004544250290436924,-0.058912125576809804,0.20710349070462283,0,0,0,1.0,0.4478301442448689,0.4478301442448689,0.0,0.0,0.006797446058625312,1.2735751853095363,1.2886966933942483,1.3266959354874062
2017-04-03,2017,127.243948,165.309215,132.729881,134.609057,139.759417,138.267596,-0.0008917416245501908,0.0004544145963092383,-0.05562474538638895,0.2067432649519589,0,0,0,1.0,0.4478301442448689,0.4478301442448689,0.0,0.0,-0.0008917416245501908,1.2724394853048016,1.2875475089113284,1.3272988054853558
2017-04-04,2017,126.705251,165.414577,132.790196,133.345386,140.955315,139.670437,-0.0042335765941496906,0.00045441915223287666,-0.047543883985529556,0.20685819553063112,0,0,0,1.0,0.4478301442448689,0.4478301442448689,0.0,0.0,-0.0042335765941496906,1.2670525152823433,1.2820965779137456,1.3279019554833043
2017-04-05,2017,125.773124,165.100612,132.850539,131.207935,138.824987,137.127786,-0.007356656434073239,0.0004544236082006936,-0.06193882845936438,0.20639925522019284,0,0,0,1.0,0.4478301442448689,0.4478301442448689,0.0,0.0,-0.007356656434073239,1.2577312452434828,1.2726646338747332,1.3285053854812516
2017-04-06,2017,125.276686,161.331333,132.910909,130.038055,137.641947,135.900297,-0.003947091272059056,0.00045442043708998625,-0.06993280643380095,0.20857010715974897,0,0,0,1.0,0.4478301442448689,0.4478301442448689,0.0,0.0,-0.003947091272059056,1.2527668652227864,1.267641310406108,1.3291090854791985
2017-04-07,2017,125.907415,163.666082,132.971306,131.371408,138.434927,136.492122,0.005034687779017499,0.00045441717654637337,-0.06457452213726933,0.2095860513496198,0,0,0,1.0,0.4478301442448689,0.4478301442448689,0.0,0.0,0.005034687779017499,1.2590741552490816,1.2740234886197872,1.3297130554771441
2017-04-10,2017,125.17932,163.886777,133.031731,129.686992,138.557088,137.083946,-0.005782780942647392,0.0004544213471138203,-0.0637490620147586,0.20371914704120206,0,0,0,1.0,0.4478301442448689,0.4478301442448689,0.0,0.0,-0.005782780942647392,1.2517932052187273,1.2666560898693116,1.330317305475089
2017-04-11,2017,126.3307,166.906849,133.092183,132.176571,137.935564,136.820908,0.009197845139276906,0.0004544179012448968,-0.06794879251126218,0.1992520796487611,0,0,0,1.0,0.4478301442448689,0.4478301442448689,0.0,0.0,0.009197845139276906,1.2633070052667281,1.2783065964286515,1.3309218254730328
2017-04-12,2017,124.86132,162.653033,133.152663,128.84581,136.932552,135.198876,-0.011631218698226031,0.00045442187990851757,-0.074726294401389,0.17926331580820148,0,0,0,1.0,0.4478301442448689,0.4478301442448689,0.0,0.0,-0.011631218698226031,1.24861320520547,1.263438332842205,1.3315266254709757
2017-04-13,2017,123.504056,161.464044,133.208435,125.769297,134.647914,133.269967,-0.010870171803405548,0.0004188575635173386,-0.09016393459238903,0.1862543239724895,0,0,0,1.0,0.4478301442448689,0.4478301442448689,0.0,0.0,-0.010870171803405548,1.2350405651488856,1.249704541101202,1.332084345469079
2017-04-17,2017,125.122998,165.005411,133.264231,129.302458,137.881984,136.448282,0.013108411597429592,0.00041886236408372746,-0.0683108405737709,0.1899252863385092,0,0,0,1.0,0.4478301442448689,0.4478301442448689,0.0,0.0,0.013108411597429592,1.2512299852163793,1.2660861826011334,1.332642305467181
2017-04-18,2017,125.139861,164.316642,133.32005,129.277618,137.504783,135.790701,0.00013477138711137648,0.0004188595813081619,-0.07085964406810363,0.18614908098488192,0,0,0,1.0,0.4478301442448689,0.4478301442448689,0.0,0.0,0.00013477138711137648,1.2513986152170822,1.2662568147921651,1.3332004954652825
2017-04-19,2017,124.886419,163.623126,133.375893,128.652445,135.893106,134.146746,-0.002025269949756381,0.000418864229348781,-0.08174998627116181,0.15836185828713265,0,0,0,1.0,0.4478301442448689,0.4478301442448689,0.0,0.0,-0.002025269949756381,1.2488641952065163,1.2636923029164924,1.333758925463383
2017-04-20,2017,125.221747,163.333532,133.431758,129.334817,136.651794,134.826242,0.002685063777831509,0.0004188538029132882,-0.07662341814035534,0.1566458956176639,0,0,0,1.0,0.4478301442448689,0.4478301442448689,0.0,0.0,0.002685063777831509,1.252217475220496,1.267085397345378,1.3343175754614829
2017-04-24,2017,125.482713,164.571452,133.487648,129.852014,137.997716,136.535961,0.0020840309790599587,0.00041886579954986125,-0.06752882216447154,0.16031721032726903,0,0,0,1.0,0.4478301442448689,0.4478301442448689,0.0,0.0,0.0020840309790599587,1.2548271352313758,1.2697260425665602,1.334876475459582
2017-04-25,2017,125.803981,168.833443,133.54356,130.503108,139.624396,138.092237,0.002560257045127745,0.0004188552337067719,-0.0565371024496214,0.16445056586481327,0,0,0,1.0,0.4478301442448689,0.4478301442448689,0.0,0.0,0.002560257045127745,1.2580398152447694,1.2729768676124233,1.3354355954576804
2017-04-26,2017,124.595249,167.526748,133.599496,127.756276,139.011444,137.653847,-0.00960805842861201,0.00041885958409348945,-0.060678910661843055,0.16389965871590284,0,0,0,1.0,0.4478301442448689,0.4478301442448689,0.0,0.0,-0.00960805842861201,1.2459524951943775,1.2607460314901318,1.3359949554557775
2017-04-27,2017,124.115463,169.127808,133.655456,126.6283,138.614954,136.908587,-0.0038507567812636756,0.00041886385559419814,-0.06335805281010876,0.16333045177026273,0,0,0,1.0,0.4478301442448689,0.4478301442448689,0.0,0.0,-0.0038507567812636756,1.2411546351743754,1.2558912051599198,1.336554555453874
2017-04-28,2017,125.671435,180.055051,133.711439,130.021404,140.170909,138.508703,0.012536487899174942,0.00041886056638062996,-0.05284423248348058,0.16076695929243948,0,0,0,1.0,0.4478301442448689,0.4478301442448689,0.0,0.0,0.012536487899174942,1.256714355239244,1.2716356700560874,1.33711438545197
2017-05-02,2017,126.123517,182.38525,133.767445,130.962911,142.997773,141.511658,0.003597332997749225,0.0004188572078713815,-0.033742690225630034,0.17513177965255594,0,0,0,1.0,0.4478301442448689,0.4478301442448689,0.0,0.0,0.003597332997749225,1.2612351752580913,1.276210167013095,1.337674445450065
2017-05-03,2017,126.242499,182.102407,133.823475,131.164626,141.651851,140.196498,0.000943376801013196,0.0004188612558160276,-0.042837286201513836,0.17815208782591826,0,0,0,1.0,0.4478301442448689,0.4478301442448689,0.0,0.0,0.000943376801013196,1.2624249952630515,1.2774141140778723,1.3382347454481593
2017-05-04,2017,124.409359,179.977105,133.879528,127.030951,139.013587,137.346977,-0.014520783527898984,0.0004188577527222126,-0.0606644300907726,0.19074802878533612,0,0,0,1.0,0.4478301442448689,0.4478301442448689,0.0,0.0,-0.014520783527898984,1.2440935951866279,1.2588650602518647,1.3387952754462527
2017-05-05,2017,124.32166,184.630176,133.935605,126.773607,140.828867,139.538917,-0.0007049228506996741,0.00041886165000537545,-0.04839831200733069,0.19412790567435517,0,0,0,1.0,0.4478301442448689,0.4478301442448689,0.0,0.0,-0.0007049228506996741,1.2432166051829716,1.2579776575049457,1.3393560454443454
2017-05-08,2017,123.535389,182.762227,133.991705,124.964814,140.434521,139.012848,-0.006324489232206187,0.0004188580026944777,-0.051062966827376766,0.18614795228942974,0,0,0,1.0,0.4478301442448689,0.4478301442448689,0.0,0.0,-0.006324489232206187,1.235353895150192,1.2500215913556998,1.339917045442437
2017-05-09,2017,124.852369,186.73262,134.047829,127.826997,142.046198,140.656803,0.010660750823393572,0.00041886174968830403,-0.040172624624318476,0.18662561174256337,0,0,0,1.0,0.4478301442448689,0.4478301442448689,0.0,0.0,0.010660750823393572,1.2485236952050967,1.2633477600650047,1.3404782854405282
2017-05-10,2017,125.490524,187.600428,134.103976,129.181587,144.343695,142.914499,0.005111276663080311,0.00041885795852758534,-0.024648094249746344,0.19321826697105052,0,0,0,1.0,0.4478301442448689,0.4478301442448689,0.0,0.0,0.005111276663080311,1.2549052452317013,1.2698050799883798,1.3410397554386184
2017-05-11,2017,126.074534,191.481133,134.160147,130.415901,144.746614,143.243293,0.004653817526493187,0.0004188615556037778,-0.021925510388269176,0.19316937948406526,0,0,0,1.0,0.4478301442448689,0.4478301442448689,0.0,0.0,0.004653817526493187,1.2607453452560489,1.2757145211248597,1.3416014654367079
2017-05-12,2017,127.059101,191.482627,134.216341,132.539766,146.212555,144.536547,0.007809404237020701,0.00041885762095961176,-0.012019928103795596,0.1933679086457788,0,0,0,1.0,0.4478301442448689,0.4478301442448689,0.0,0.0,0.007809404237020701,1.2705910152970956,1.2856770915113611,1.3421634054347966
2017-05-15,2017,126.590271,190.201682,134.272559,131.435833,146.752638,145.259874,-0.003689857682843134,0.00041886106848942894,-0.008370506608015749,0.18953059532423833,0,0,0,1.0,0.4478301442448689,0.4478301442448689,0.0,0.0,-0.003689857682843134,1.2659027152775502,1.2809331260175925,1.3427255854328843
2017-05-16,2017,126.891299,188.921064,134.328801,132.041609,147.202708,145.654424,0.0023779710527676023,0.00041886443826544273,-0.005329316397241213,0.17390486301748925,0,0,0,1.0,0.4478301442448689,0.4478301442448689,0.0,0.0,0.0023779710527676023,1.2689129952901002,1.2839791479117935,1.3432880054309713
2017-05-17,2017,125.738144,188.050775,134.385066,129.417839,144.750901,143.199462,-0.009087738947333168,0.000418860285963607,-0.021896542488978765,0.17336408174260656,0,0,0,1.0,0.4478301442448689,0.4478301442448689,0.0,0.0,-0.009087738947333168,1.257381445242025,1.272310680601752,1.3438506554290575
2017-05-18,2017,116.849782,171.708951,134.441354,109.615325,132.013936,130.793072,-0.07068946397045595,0.00041885606544989074,-0.10796211733950678,0.36532139190456275,1,0,0,1.0,0.4478301442448689,0.4478301442448689,0.0,0.0,-0.07068946397045595,1.1684978248714692,1.1823717205861282,1.3444135354271427
2017-05-19,2017,119.633712,176.681444,134.497666,115.73517,134.247138,132.853501,0.02382486259152805,0.000418859215000289,-0.09287203788279552,0.36910109898265225,1,1,1,0.85,0.4478301442448689,0.38065562260813857,0.06717452163673032,6.717452163673032e-05,0.020246787563412156,1.1963371249875314,1.2063109496338218,1.3449766554252274
2017-05-22,2017,117.612362,169.546351,134.554002,111.183194,132.176818,130.486201,-0.016896157163459047,0.0004188622871714731,-0.10686149933805955,0.3721481707985198,1,1,1,0.85,0.4478301442448689,0.38065562260813857,0.0,0.0,-0.014298904245864469,1.1761236249032614,1.18906202487427,1.345540015423311
2017-05-23,2017,118.915694,176.681535,134.610361,114.014802,134.296431,133.138456,0.011081590215831216,0.00041885785009965204,-0.0925389577195771,0.3752615524873547,1,1,1,0.85,0.4478301442448689,0.38065562260813857,0.0,0.0,0.009482180360971482,1.1891569449575974,1.2003369254545098,1.3461036054213944
2017-05-24,2017,120.974162,178.952913,134.666744,118.523428,135.571628,134.080982,0.017310313977564773,0.0004188607740229777,-0.08392226113191525,0.37430589720595303,1,1,1,0.85,0.4478301442448689,0.38065562260813857,0.0,0.0,0.014776595997033503,1.2097416250434152,1.2180738192622722,1.3466674354194763
2017-05-25,2017,120.354998,178.05037,134.723151,117.085415,135.507332,134.344021,-0.005118150766772911,0.0004188636208506402,-0.08435671880692586,0.3741207589213161,1,1,1,0.85,0.4478301442448689,0.38065562260813857,0.0,0.0,-0.004287598608629378,1.2035499850176021,1.2128512076495954,1.3472315054175577
2017-05-26,2017,121.125714,180.440125,134.779581,118.734086,137.346187,135.790701,0.006403689192866047,0.0004188589680478305,-0.07193130092741007,0.3775681715459729,1,1,1,0.85,0.4478301442448689,0.38065562260813857,0.0,0.0,0.005505964659143314,1.2112571450497334,1.2195291235357133,1.3477958054156385
2017-05-29,2017,121.043793,180.035748,134.836035,118.489154,136.651794,135.330396,-0.000676330378535539,0.0004188616671838563,-0.07662341814035534,0.37546295899989546,1,1,1,0.85,0.4478301442448689,0.38065562260813857,0.0,0.0,-0.0005120515716776297,1.210437935046318,1.2189046617313002,1.3483603454137183
2017-05-30,2017,121.683733,179.228299,134.892512,119.847338,137.082575,135.681106,0.005286846885242724,0.00041885687309028974,-0.07371256658351388,0.3675181885583199,1,1,1,0.85,0.4478301442448689,0.38065562260813857,0.0,0.0,0.004556648383419859,1.216837335072997,1.224458781687721,1.3489251154117972
2017-05-31,2017,120.992983,178.763472,134.949013,118.250238,134.401447,132.743906,-0.005676600996453729,0.00041885942490260675,-0.09182934892277972,0.3720264945766806,1,1,1,0.85,0.4478301442448689,0.38065562260813857,0.0,0.0,-0.004762281933250278,1.2099298350441996,1.21862756375368,1.3494901254098752
2017-06-01,2017,119.977397,177.629377,135.000744,115.937046,133.497022,132.086317,-0.008393759495953557,0.0003833373720190103,-0.0979406837293203,0.36749358821324507,1,1,1,0.85,0.4478301442448689,0.38065562260813857,0.0,0.0,-0.007077194965757671,1.19977397500186,1.210003098894349,1.3500074354081155
2017-06-02,2017,120.0731,178.475473,135.052496,116.091839,133.97281,132.283592,0.0007976752487803829,0.00038334603548539903,-0.09472571315140121,0.3639454043241946,1,1,1,0.85,0.4478301442448689,0.38065562260813857,0.0,0.0,0.0007355258667861353,1.2007310050058497,1.2108930874724773,1.350524955406355
2017-06-05,2017,120.218164,176.874205,135.104267,116.35623,133.842075,132.502791,0.0012081307137068453,0.0003833398236490204,-0.09560910907249265,0.36396518538067363,1,1,1,0.85,0.4478301442448689,0.38065562260813857,0.0,0.0,0.0010844120801981715,1.2021816450118974,1.212206194564361,1.351042665404594
2017-06-06,2017,121.072981,179.967044,135.156057,118.196856,134.924385,133.598761,0.007110547787104737,0.00038333356266240237,-0.08829577875271277,0.36247903775423296,1,1,1,0.85,0.4478301442448689,0.38065562260813857,0.0,0.0,0.006101465653438387,1.2107298150475347,1.2196024290253806,1.3515605654028324
2017-06-07,2017,121.286594,179.855041,135.207868,118.613439,135.387314,134.124822,0.0017643325392309173,0.00038334205029366686,-0.08516769835836602,0.3566357924212873,1,1,1,0.85,0.4478301442448689,0.38065562260813857,0.0,0.0,0.0015571839658903297,1.21286594505644,1.2215015743726199,1.35207867540107
2017-06-08,2017,120.001028,178.588622,135.259699,115.700555,134.497891,133.072692,-0.010599407218904955,0.00038334307586307403,-0.09117766241026382,0.35618587746351854,1,1,1,0.85,0.4478301442448689,0.38065562260813857,0.0,0.0,-0.00895199467468975,1.200010285002845,1.210566698783711,1.3525969853993072
2017-06-09,2017,120.28574,178.540804,135.311549,116.274996,133.329853,131.998646,0.0023725796749007877,0.0003833366507788316,-0.0990702696300576,0.35294425580106004,1,1,1,0.85,0.4478301442448689,0.38065562260813857,0.0,0.0,0.0020741932212824943,1.2028574050147145,1.2130776480242385,1.3531154853975438
2017-06-12,2017,119.511253,177.16918,135.36342,114.497096,132.234684,130.74924,-0.0064387266520536945,0.00038334495749481334,-0.10647049013340992,0.3518718751209854,1,1,1,0.85,0.4478301442448689,0.38065562260813857,0.0,0.0,-0.005415415910621418,1.195112534982426,1.2065083280283087,1.3536341953957791
2017-06-13,2017,119.491646,176.686392,135.41531,114.395646,132.511156,131.121866,-0.00016405986472245448,0.0003833384233349335,-0.10460232753658438,0.3515938438217843,1,1,1,0.85,0.4478301442448689,0.38065562260813857,0.0,0.0,-8.195012151384625e-05,1.1949164649816089,1.2064094545242192,1.3541530953940144
2017-06-14,2017,119.970754,177.364807,135.46722,115.401743,132.712615,131.275301,0.004009552266105665,0.0003833392250847112,-0.10324103898442039,0.34951506632584384,1,1,1,0.85,0.4478301442448689,0.38065562260813857,0.0,0.0,0.0034656203099525215,1.1997075450015828,1.2105904116319373,1.3546721953922487
2017-06-15,2017,119.970754,177.364807,135.46722,115.401743,,131.275301,0.0,0.0,,,0,1,1,0.85,0.4478301442448689,0.38065562260813857,0.0,0.0,0.0,1.1997075450015828,1.2105904116319373,1.3546721953922487
2017-06-16,2017,120.096136,179.748189,135.51915,115.622248,132.076088,130.661561,0.0010451047094361954,0.0003833399696251405,-0.10754214699271614,,1,0,1,0.85,0.4478301442448689,0.38065562260813857,0.0,0.0,0.0009458399984645371,1.20096136500681,1.2117354364650164,1.3551914953904824
2017-06-19,2017,119.684517,180.346859,135.5711,114.650133,132.907645,131.713691,-0.0034274125189173166,0.00038334065702150255,-0.10192319214546797,,1,1,1,0.85,0.4478301442448689,0.38065562260813857,0.0,0.0,-0.002855799542526494,1.1968451749896496,1.2082749629598966,1.3557109953887154
2017-06-20,2017,118.523528,177.332467,135.62307,112.013759,130.232947,128.754575,-0.00970041095624763,0.0003833412873393005,-0.11999652601437294,,1,1,1,0.85,0.4478301442448689,0.38065562260813857,0.0,0.0,-0.008187848119709589,1.185235284941248,1.1983817910763332,1.3562306953869478
2017-06-21,2017,117.784539,173.922614,135.675059,110.31456,130.224374,128.842246,-0.006234956151490945,0.0003833344872667954,-0.12005445505580414,,1,1,1,0.85,0.4478301442448689,0.38065562260813857,0.0,0.0,-0.005242212555677283,1.1778453949104395,1.192099619004658,1.3567505853851796
2017-06-22,2017,119.365595,173.994108,135.727069,113.767806,131.3174,130.091652,0.013423289791880011,0.00038334237982518005,-0.11266871512352261,,1,1,1,0.85,0.4478301442448689,0.38065562260813857,0.0,0.0,0.011467297680071787,1.1936559549763537,1.2057697802000846,1.3572706853834102
2017-06-23,2017,118.666079,172.429014,135.779099,112.156227,130.92091,129.543667,-0.005860281599568085,0.0003833428392976401,-0.11534785727178842,,1,1,1,0.85,0.4478301442448689,0.38065562260813857,0.0,0.0,-0.004923737933738226,1.1866607949471908,1.1998328857939582,1.3577909853816406
2017-06-26,2017,119.407037,173.969403,135.831148,113.743698,133.28056,132.086317,0.006244059012011416,0.00038333587704841854,-0.09940334979327603,,0,1,1,0.85,0.4478301442448689,0.38065562260813857,0.0,0.0,0.005364950541766966,1.1940703749780814,1.2062699298846284,1.3583114753798702
2017-06-27,2017,119.017551,172.922884,135.883218,112.820604,132.181105,130.968431,-0.0032618345600520238,0.0003833435906761551,-0.10683253143876914,,1,0,1,0.85,0.4478301442448689,0.38065562260813857,0.0,0.0,-0.002715057837442797,1.1901755149618436,1.2029948372574237,1.358832175378099
2017-06-28,2017,119.406069,172.288255,135.935307,113.625314,132.916218,131.406821,0.003264375688590615,0.00038333652062894075,-0.10186526310403676,,1,1,1,0.85,0.4478301442448689,0.38065562260813857,0.0,0.0,0.0028322198133963637,1.1940606949780408,1.2064019830709176,1.359353065376327
2017-06-29,2017,118.859814,170.430831,135.987417,112.354017,133.389863,131.735607,-0.004574767468477736,0.000383344115300277,-0.09866477309718835,,0,1,1,0.85,0.4478301442448689,0.38065562260813857,0.0,0.0,-0.003831050730911034,1.1885981449552674,1.2017801958719012,1.3598741653745545
2017-06-30,2017,119.465038,173.1693,136.039546,113.639954,134.80651,133.554921,0.005091914412721499,0.00038333693771108734,-0.08909227773308259,,0,0,1,0.85,0.4478301442448689,0.38065562260813857,0.0,0.0,0.004385627791469937,1.1946503849804992,1.2070507564981552,1.3603954553727817
2017-07-03,2017,120.142195,172.960664,136.091695,115.085621,135.620921,133.905631,0.0056682441267879025,0.00038333706288606884,-0.08358918096869683,,0,0,1,0.85,0.4478301442448689,0.38065562260813857,0.0,0.0,0.004875508067202627,1.20142195500873,1.212935742198985,1.360916945371008
2017-07-04,2017,119.946092,170.985766,136.143865,114.59189,135.518048,134.037151,-0.0016322575095286673,0.000383344479617298,-0.08428430919442409,,0,0,1,0.85,0.4478301442448689,0.38065562260813857,0.0,0.0,-0.0013299172111567725,1.1994609250005543,1.2113226380794075,1.3614386453692335
2017-07-05,2017,120.932404,175.865348,136.196054,116.7241,135.350879,133.817952,0.008222960694709514,0.00038333714119254125,-0.08541389509516173,,0,0,1,0.85,0.4478301442448689,0.38065562260813857,0.0,0.0,0.007047017161681967,1.2093240450416738,1.219858849498287,1.3619605353674584
2017-07-06,2017,122.49723,180.895021,136.248264,120.14108,133.884939,132.437027,0.012939674960897873,0.0003833444396268426,-0.09531947062248569,,0,0,1,0.85,0.4478301442448689,0.38065562260813857,0.0,0.0,0.011056225382707218,1.2249723051069112,1.2333458838734297,1.3624826353656827
2017-07-07,2017,121.866996,178.971281,136.300493,118.683141,133.567747,132.612386,-0.005144883684308654,0.00038333699429737855,-0.09746278434109834,,0,0,1,0.85,0.4478301442448689,0.38065562260813857,0.0,0.0,-0.004315650582517749,1.2186699650806367,1.2280231939912456,1.363004925363906
2017-07-10,2017,122.77516,180.369873,136.352742,120.641729,135.074408,133.576837,0.007452091458790111,0.00038333683796731854,-0.08728205093483765,,0,0,1,0.85,0.4478301442448689,0.38065562260813857,0.0,0.0,0.006391778265666692,1.2277516051184982,1.2358724459523334,1.3635274153621288
2017-07-11,2017,122.644547,179.722968,136.405012,120.293328,136.803961,135.242716,-0.0010638389719874741,0.00038334395944894517,-0.07559520299426048,,0,0,1,0.85,0.4478301442448689,0.38065562260813857,0.0,0.0,-0.0008467615322720111,1.226445475113053,1.234825956706306,1.364050115360351
2017-07-12,2017,123.653438,184.281599,136.457301,122.475572,138.955721,137.434656,0.008226138256273163,0.00038333635423892787,-0.06105543929542223,,0,0,1,0.85,0.4478301442448689,0.38065562260813857,0.0,0.0,0.007049717970968028,1.2365343851551136,1.2435311314443163,1.3645730053585725
2017-07-13,2017,123.666122,186.774212,136.509611,122.445367,139.688691,138.530627,0.00010257701043459022,0.0003833433580808787,-0.056102651531760195,,0,0,0,1.0,0.4478301442448689,0.4478301442448689,0.06717452163673032,6.717452163673032e-05,3.5402488797859905e-05,1.2366612251556424,1.243575155541267,1.3650961053567932
2017-07-14,2017,123.849765,185.060877,136.561941,122.794814,140.241634,138.837497,0.001484990367855099,0.0003833429720929704,-0.05236633309525862,0.1471104955470769,0,0,0,1.0,0.4478301442448689,0.4478301442448689,0.0,0.0,0.001484990367855099,1.2384976551632985,1.2454218526689498,1.3656194053550132
2017-07-17,2017,123.726258,185.040836,136.61429,122.462106,139.76156,138.223756,-0.0009972324129965404,0.0003833352075746088,-0.0556102648153185,0.1483020884499711,0,0,0,1.0,0.4478301442448689,0.4478301442448689,0.0,0.0,-0.0009972324129965404,1.2372625851581494,1.244179877629614,1.3661428953532329
2017-07-18,2017,124.043926,185.522248,136.66666,123.109158,140.031601,138.355267,0.002567506729250546,0.0003833420354488748,-0.05378555744600322,0.12186787119063883,0,0,0,1.0,0.4478301442448689,0.4478301442448689,0.0,0.0,0.002567506729250546,1.240439265171393,1.2473743178378263,1.3666665953514516
2017-07-19,2017,123.66386,184.338864,136.71905,122.206627,139.692978,138.289512,-0.00306396300291234,0.0003833414821141634,-0.056073683632469895,0.12310196404604647,0,0,0,1.0,0.4478301442448689,0.4478301442448689,0.0,0.0,-0.00306396300291234,1.236638605155548,1.2435524090771881,1.3671904953496696
2017-07-20,2017,123.872711,185.046298,136.77146,122.611968,139.174326,137.544252,0.0016888604318190392,0.00038334087312619225,-0.059578292660395826,0.12427169732635801,0,0,0,1.0,0.4478301442448689,0.4478301442448689,0.0,0.0,0.0016888604318190392,1.2387271151642552,1.2456525955357718,1.3677145953478869
2017-07-21,2017,123.965054,187.058254,136.82389,122.758539,138.629957,137.062022,0.0007454668526629682,0.0003833402085495763,-0.06325667529831691,0.12487783138445048,0,0,0,1.0,0.4478301442448689,0.4478301442448689,0.0,0.0,0.0007454668526629682,1.239650545168105,1.2465811882556772,1.3682388953461038
2017-07-24,2017,123.870137,186.021699,136.87634,122.489214,139.521523,137.938802,-0.0007656754620539719,0.0003833394884473762,-0.05723223067534844,0.11240725810675878,0,0,0,1.0,0.4478301442448689,0.4478301442448689,0.0,0.0,-0.0007656754620539719,1.238701375164148,1.2456267116283717,1.3687633953443195
2017-07-25,2017,123.887909,187.603033,136.92881,122.470129,140.738853,139.144367,0.00014347283720206327,0.0003833387128848731,-0.04900655004948562,0.10728148815181994,0,0,0,1.0,0.4478301442448689,0.4478301442448689,0.0,0.0,0.00014347283720206327,1.238879095164889,1.2458054252267836,1.3692880953425346
2017-07-26,2017,122.836678,185.654241,136.9813,120.076929,139.330779,137.675771,-0.008485339759830679,0.00038333788192579377,-0.058521116372159954,0.11649959553918521,0,0,0,1.0,0.4478301442448689,0.4478301442448689,0.0,0.0,-0.008485339759830679,1.2283667851210633,1.235234342919094,1.3698129953407494
2017-07-27,2017,122.681675,184.586537,137.02885,119.67963,139.900867,138.201832,-0.0012618625195970345,0.00034712767363132,-0.05466894660994526,0.11658551149060896,0,0,0,1.0,0.4478301442448689,0.4478301442448689,0.0,0.0,-0.0012618625195970345,1.2268167551146012,1.2336756469988452,1.3702884953391319
2017-07-28,2017,122.567326,184.994417,137.076417,119.372598,140.372368,138.947092,-0.0009320788944233716,0.00034713127928887033,-0.051482943931316694,0.11258656896251311,0,0,0,1.0,0.4478301442448689,0.4478301442448689,0.0,0.0,-0.0009320788944233716,1.2256732651098339,1.2325257639657135,1.3707641653375138
2017-07-31,2017,122.792068,186.155567,137.124001,119.818616,141.278937,139.670437,0.0018336208134295262,0.00034713483939396994,-0.045357121796556155,0.11279223295865841,0,0,0,1.0,0.4478301442448689,0.4478301442448689,0.0,0.0,0.0018336208134295262,1.2279206851192035,1.234785748859609,1.3712400053358953
2017-08-01,2017,122.962051,184.832244,137.1716,120.143003,142.556277,140.788331,0.0013843158012454282,0.0003471237686538675,-0.03672594463782397,0.11487797811177108,0,0,0,1.0,0.4478301442448689,0.4478301442448689,0.0,0.0,0.0013843158012454282,1.2296205151262902,1.236495082282908,1.3717159953342764
2017-08-02,2017,123.39663,186.08368,137.219217,121.055001,143.885053,142.300758,0.0035342530192505883,0.0003471345380527957,-0.027747206744802688,0.11635545062485007,0,0,0,1.0,0.4478301442448689,0.4478301442448689,0.0,0.0,0.0035342530192505883,1.2339663051444079,1.2408651687607548,1.3721921653326563
2017-08-03,2017,123.97212,187.931165,137.26685,122.279922,143.115649,141.270544,0.0046637416273038745,0.000347130679225538,-0.03294618448811093,0.10905514725673027,0,0,0,1.0,0.4478301442448689,0.4478301442448689,0.0,0.0,0.0046637416273038745,1.2397212051684001,1.2466522433021758,1.3726684953310362
2017-08-04,2017,124.757702,188.209937,137.314499,123.971409,143.374974,141.840453,0.0063367634593971545,0.00034712678261361596,-0.031193886731297193,0.10713406500228573,0,0,0,1.0,0.4478301442448689,0.4478301442448689,0.0,0.0,0.0063367634593971545,1.247577025201151,1.2545519836841086,1.3731449853294155
2017-08-07,2017,126.06548,191.26931,137.362165,126.822594,145.608176,143.857034,0.010482543194006544,0.00034713013081000277,-0.016103807274586268,0.11219960453103192,0,0,0,1.0,0.4478301442448689,0.4478301442448689,0.0,0.0,0.010482543194006544,1.2606548052556723,1.2677028790422038,1.373621645327794
2017-08-08,2017,125.469931,190.965202,137.409848,125.446759,145.520305,143.922806,-0.004724124320154788,0.0003471334337223908,-0.016697564745670523,0.10791726614644741,0,0,0,1.0,0.4478301442448689,0.4478301442448689,0.0,0.0,-0.004724124320154788,1.2546993152308439,1.2617140930405903,1.374098475326172
2017-08-09,2017,124.141213,186.096951,137.457547,122.442651,145.031658,143.440577,-0.010589931702441158,0.0003471294138974734,-0.019999425507161717,0.09924706079792689,0,0,0,1.0,0.4478301442448689,0.4478301442448689,0.0,0.0,-0.010589931702441158,1.2414121351754495,1.248352626967283,1.3745754653245494
2017-08-10,2017,122.770067,184.346153,137.505262,119.344296,143.576434,141.884301,-0.011045050768111908,0.00034712535645620157,-0.029832591421984023,0.10741619231540837,0,0,0,1.0,0.4478301442448689,0.4478301442448689,0.0,0.0,-0.011045050768111908,1.2277006751182864,1.2345645088259236,1.375052615322926
2017-08-11,2017,123.433371,185.022261,137.552995,120.764128,144.362984,142.695308,0.005402815329570432,0.0003471358063376062,-0.02451775559581315,0.10803093685783362,0,0,0,1.0,0.4478301442448689,0.4478301442448689,0.0,0.0,0.005402815329570432,1.2343337151459395,1.2412346328795518,1.3755299453213028
2017-08-14,2017,124.494847,187.136909,137.600743,123.06822,146.347576,144.711889,0.008599586897776623,0.0003471243937653856,-0.011107571040563369,0.11470055880079147,0,0,0,1.0,0.4478301442448689,0.4478301442448689,0.0,0.0,0.008599586897776623,1.2449484751901925,1.2519087379655294,1.3760074253196786
2017-08-15,2017,123.674738,183.799024,137.648509,121.19358,146.497599,144.843417,-0.006587493536981404,0.00034713475348024936,-0.010093843222688248,0.11478741332365124,0,0,0,1.0,0.4478301442448689,0.4478301442448689,0.0,0.0,-0.006587493536981404,1.2367473851560022,1.2436617972452908,1.376485085318054
2017-08-16,2017,124.021737,185.619679,137.696291,121.910893,147.009821,145.588669,0.0028057387111666277,0.00034713053085089207,-0.006632682665123291,0.11348626934874263,0,0,0,1.0,0.4478301442448689,0.4478301442448689,0.0,0.0,0.0028057387111666277,1.2402173751704686,1.247151187293421,1.3769629053164287
2017-08-17,2017,123.319405,182.97016,137.744089,120.29778,145.687474,144.229676,-0.005662975031546225,0.00034712627081590064,-0.015567978844932995,0.11879573357006575,0,0,0,1.0,0.4478301442448689,0.4478301442448689,0.0,0.0,-0.005662975031546225,1.2331940551411884,1.240088601259215,1.377440885314803
2017-08-18,2017,123.521141,183.497267,137.791904,120.692447,147.269146,145.698272,0.001635882041435277,0.0003471292332550835,-0.004880384908309554,0.12008697568527306,0,0,0,1.0,0.4478301442448689,0.4478301442448689,0.0,0.0,0.001635882041435277,1.2352114151495985,1.2421172399318035,1.3779190353131765
2017-08-21,2017,123.620245,180.937092,137.839736,120.859167,147.097691,145.654424,0.0008023241948518223,0.00034713215081194626,-0.006038931951188209,0.1202806001242835,0,0,0,1.0,0.4478301442448689,0.4478301442448689,0.0,0.0,0.0008023241948518223,1.2362024551537303,1.2431138206462433,1.3783973553115494
2017-08-22,2017,128.372259,195.850011,137.887584,131.359272,150.046718,148.569709,0.038440418881227956,0.00034712776873013773,0.0,0.13379155768520098,0,0,0,1.0,0.4478301442448689,0.4478301442448689,0.0,0.0,0.038440418881227956,1.283722595351842,1.2908996366289285,1.3788758353099222
2017-08-23,2017,127.180975,194.341384,137.935449,128.660198,151.047586,149.49032,-0.009279917711816577,0.00034713060169355714,0.0,0.12467878566149491,0,0,0,1.0,0.4478301442448689,0.4478301442448689,0.0,0.0,-0.009279917711816577,1.2718097553021774,1.278920194226798,1.379354485308294
2017-08-24,2017,128.182671,197.009475,137.983331,130.831379,152.451374,150.89316,0.007876146569878006,0.00034713338990899345,0.0,0.12604812731058787,0,0,0,1.0,0.4478301442448689,0.4478301442448689,0.0,0.0,0.007876146569878006,1.281826715343938,1.2889931571277051,1.3798333053066651
2017-08-25,2017,127.625763,196.558891,138.031229,129.541122,152.324926,150.476703,-0.004344643434680773,0.000347128886169612,-0.0008294316848858063,0.12734911164260326,0,0,0,1.0,0.4478301442448689,0.4478301442448689,0.0,0.0,-0.004344643434680773,1.2762576353207205,1.2833929414702419,1.380312285305036
2017-08-28,2017,127.430531,195.790278,138.079144,129.05407,152.202765,150.630138,-0.0015297224902781625,0.00034713159005494987,-0.0016307429279055485,0.12818942826927665,0,0,0,1.0,0.4478301442448689,0.4478301442448689,0.0,0.0,-0.0015297224902781625,1.2743053153125812,1.2814297064238105,1.3807914353034063
2017-08-29,2017,127.290682,196.159029,138.127075,128.690001,152.873582,151.200047,-0.0010974528545282247,0.00034712700710226585,0.0,0.12670484679285227,0,0,0,1.0,0.4478301442448689,0.4478301442448689,0.0,0.0,-0.0010974528545282247,1.2729068253067508,1.2800233977346185,1.3812707453017756
2017-08-30,2017,127.532379,197.630455,138.175023,129.173267,151.922007,150.213664,0.0018987799908245506,0.0003471296268311441,-0.006224587581129537,0.12927123357090417,0,0,0,1.0,0.4478301442448689,0.4478301442448689,0.0,0.0,0.0018987799908245506,1.2753237953168273,1.2824538805500243,1.381750225300145
2017-08-31,2017,127.080953,200.233014,138.222988,128.117194,151.812704,149.950642,-0.0035396971619263695,0.0003471322020331957,-0.006939577042160305,0.12643791196791565,0,0,0,1.0,0.4478301442448689,0.4478301442448689,0.0,0.0,-0.0035396971619263695,1.270809535298007,1.27791438218874,1.3822298752985134
2017-09-01,2017,128.061003,197.808313,138.270969,130.240192,154.144493,152.361773,0.0077120133022610116,0.0003471274980686445,0.0,0.13370837269772587,0,0,0,1.0,0.4478301442448689,0.4478301442448689,0.0,0.0,0.0077120133022610116,1.2806100353388654,1.2877696749033303,1.3827096852968814
2017-09-04,2017,129.196059,198.840516,138.318967,132.707417,154.585989,153.0851,0.008863400827807011,0.0003471299893760271,0.0,0.1260810138078569,0,0,0,1.0,0.4478301442448689,0.4478301442448689,0.0,0.0,0.008863400827807011,1.291960595386186,1.2991836937058932,1.3831896652952487
2017-09-05,2017,129.758781,200.692901,138.366982,133.903556,154.63314,152.909758,0.0043555662947893925,0.00034713243629136414,0.0,0.12577503163107642,0,0,0,1.0,0.4478301442448689,0.4478301442448689,0.0,0.0,0.0043555662947893925,1.297587815409646,1.3048423744129385,1.3836698152936155
2017-09-06,2017,130.064045,200.295503,138.415013,134.527901,157.335699,155.518155,0.0023525498440062353,0.00034712761170130335,0.0,0.13317571511778464,0,0,0,1.0,0.4478301442448689,0.4478301442448689,0.0,0.0,0.0023525498440062353,1.3006404554223725,1.3079120811373164,1.3841501252919817
2017-09-07,2017,130.064045,200.295503,138.415013,134.527901,,155.518155,0.0,0.0,,,0,0,0,1.0,0.4478301442448689,0.4478301442448689,0.0,0.0,0.0,1.3006404554223725,1.3079120811373164,1.3841501252919817
2017-09-08,2017,130.102929,202.04967,138.458004,134.566283,156.622018,154.992094,0.0002989604083125652,0.0003105949207979908,-0.00453603984687545,,0,0,0,1.0,0.4478301442448689,0.4478301442448689,0.0,0.0,0.0002989604083125652,1.3010292954239935,1.3083030950671302,1.3845800352905193
2017-09-11,2017,131.453587,204.205533,138.501007,137.5179,159.279571,157.666264,0.010381457284486029,0.00031058515042592383,0.0,,0,0,0,1.0,0.4478301442448689,0.4478301442448689,0.0,0.0,0.010381457284486029,1.3145358754803027,1.3218851877637305,1.3850100652890567
2017-09-12,2017,132.130685,205.241779,138.544024,138.973629,159.751072,158.03889,0.005150852216760038,0.00031058979953857424,0.0,,0,0,0,1.0,0.4478301442448689,0.4478301442448689,0.0,0.0,0.005150852216760038,1.321306855508531,1.3286940230134257,1.3854402352875936
2017-09-13,2017,131.699747,202.436926,138.587055,137.968563,160.284726,158.411516,-0.0032614528563141842,0.00031059441437886193,0.0,,0,0,0,1.0,0.4478301442448689,0.4478301442448689,0.0,0.0,-0.0032614528563141842,1.3169974754905651,1.324360550096901,1.3858705452861297
2017-09-14,2017,131.794677,202.985934,138.630098,138.131354,160.003968,157.753944,0.0007208062442216612,0.00031058456361598985,-0.001751620425766709,,0,0,0,1.0,0.4478301442448689,0.4478301442448689,0.0,0.0,0.0007208062442216612,1.3179467754945229,1.3253151574510116,1.3863009752846658
2017-09-15,2017,132.842132,200.51764,138.673155,140.409545,162.361475,160.31851,0.007947627505471955,0.000310589118966087,0.0,,0,0,0,1.0,0.4478301442448689,0.4478301442448689,0.0,0.0,0.007947627505471955,1.3284213255381911,1.3358482686497881,1.3867315452832012
2017-09-18,2017,133.3258,202.202422,138.716226,141.435634,162.860837,161.10761,0.0036409231974685596,0.00031059364013175106,0.0,,0,0,0,1.0,0.4478301442448689,0.4478301442448689,0.0,0.0,0.0036409231974685596,1.3332580055583552,1.3407119895994133,1.3871622552817362
2017-09-19,2017,132.295182,199.362725,138.75931,139.098711,162.826546,160.998006,-0.007730071749053602,0.00031059091818130824,-0.00021055399586333845,,0,0,0,1.0,0.4478301442448689,0.4478301442448689,0.0,0.0,-0.007730071749053602,1.322951825515389,1.3303481897249934,1.3875930952802706
2017-09-20,2017,132.892027,203.262744,138.802407,140.376118,162.890842,161.01993,0.00451146437063743,0.00031058816882256757,0.0,,0,0,0,1.0,0.4478301442448689,0.4478301442448689,0.0,0.0,0.00451146437063743,1.3289202755402714,1.3363500081834796,1.3880240652788045
2017-09-21,2017,132.179263,202.652646,138.845518,138.745069,162.033567,160.165075,-0.0053634820394455884,0.0003105925965678491,-0.0052628802790520846,,0,0,0,1.0,0.4478301442448689,0.4478301442448689,0.0,0.0,-0.0053634820394455884,1.321792635510556,1.3291825189161746,1.3884551752773382
2017-09-22,2017,131.712489,201.943019,138.888642,137.660314,161.574925,159.61709,-0.0035313708777449104,0.0003105897879973618,-0.008078520460959915,,0,0,0,1.0,0.4478301442448689,0.4478301442448689,0.0,0.0,-0.0035313708777449104,1.3171248954910963,1.3244886824776663,1.3888864152758715
2017-09-25,2017,130.189599,196.637655,138.931779,134.230067,159.545326,157.600509,-0.011562229303859084,0.0003105869520994009,-0.020538392207463674,,0,0,0,1.0,0.4478301442448689,0.4478301442448689,0.0,0.0,-0.011562229303859084,1.3018959954276068,1.3091746406204934,1.3893177852744043
2017-09-26,2017,130.008292,198.155813,138.97493,133.77926,159.279571,157.490905,-0.0013926381323285941,0.00031059128667743074,-0.022169883559199688,,0,0,0,1.0,0.4478301442448689,0.4478301442448689,0.0,0.0,-0.0013926381323285941,1.3000829254200483,1.3073514340940877,1.3897492952729364
2017-09-27,2017,128.34814,196.409207,139.018094,130.044147,158.160827,156.373011,-0.012769585496900548,0.00031058839173359054,-0.029037943090747698,,0,0,0,1.0,0.4478301442448689,0.4478301442448689,0.0,0.0,-0.012769585496900548,1.2834814053508365,1.2906570981819276,1.3901809352714682
2017-09-28,2017,128.880744,195.832067,139.061272,131.178795,157.667893,155.803118,0.004149682262633458,0.00031059266285149434,-0.032064104622898326,,0,0,0,1.0,0.4478301442448689,0.4478301442448689,0.0,0.0,0.004149682262633458,1.2888074453730407,1.296012915049395,1.3906127152699996
2017-09-29,2017,129.95144,198.29132,139.104463,133.508451,159.225991,156.899088,0.008307649124061456,0.00031058970897390736,-0.02249881549510313,,0,0,0,1.0,0.4478301442448689,0.4478301442448689,0.0,0.0,0.008307649124061456,1.299514405417678,1.3067797356078776,1.3910446252685307
2017-10-02,2017,131.081521,198.994977,139.147667,135.969976,159.367441,157.425149,0.008696179126603143,0.0003105867279038499,-0.0216304425512146,,0,0,0,1.0,0.4478301442448689,0.4478301442448689,0.0,0.0,0.008696179126603143,1.3108152154647912,1.318143726267739,1.3914766652670612
2017-10-03,2017,132.757793,201.476294,139.190885,139.644493,164.517521,162.554298,0.012788011515368236,0.00031059090627794106,0.0,,0,0,0,1.0,0.4478301442448689,0.4478301442448689,0.0,0.0,0.012788011515368236,1.3275779355346748,1.3350001634181612,1.391908845265591
2017-10-04,2017,132.622469,200.634061,139.234117,139.295716,164.148893,162.247411,-0.001019329991422735,0.00031059505081798555,-0.0022406610418108652,,0,0,0,1.0,0.4478301442448689,0.4478301442448689,0.0,0.0,-0.001019329991422735,1.3262246955290333,1.3336393577130348,1.3923411652641202
2017-10-05,2017,132.701243,200.496899,139.277361,139.422404,164.206759,162.291259,0.0005939717499905406,0.00031058479725931676,-0.0018889295080004587,,0,0,0,1.0,0.4478301442448689,0.4478301442448689,0.0,0.0,0.0005939717499905406,1.3270124355323174,1.3344315018161919,1.3927736052626496
2017-10-06,2017,131.748578,198.992963,139.320619,137.258409,163.000145,161.129534,-0.007179020922961521,0.00031058888314228206,-0.009223187845141312,0.1592133314369313,0,0,0,1.0,0.4478301442448689,0.4478301442448689,0.0,0.0,-0.007179020922961521,1.3174857854926008,1.3248515901443945,1.3932061852611781
2017-10-09,2017,131.907113,198.687234,139.363891,137.562202,162.297179,160.471945,0.0012033146953585039,0.00031059293527824217,-0.013496082280500588,0.15043615728835924,0,0,0,1.0,0.4478301442448689,0.4478301442448689,0.0,0.0,0.0012033146953585039,1.31907113549921,1.3264458035319844,1.3936389052597062
2017-10-10,2017,132.718879,199.286069,139.407176,139.316707,164.804709,162.729641,0.006154072980127934,0.0003105897782373912,0.0,0.1589100247629256,0,0,0,1.0,0.4478301442448689,0.4478301442448689,0.0,0.0,0.006154072980127934,1.3271887955330524,1.3346088478111047,1.3940717552582338
2017-10-11,2017,132.62519,198.270862,139.450475,139.060321,164.296773,162.488526,-0.0007059206701104381,0.0003105937674257042,-0.0030820478558049036,0.15961373160494105,0,0,0,1.0,0.4478301442448689,0.4478301442448689,0.0,0.0,-0.0007059206701104381,1.3262519055291466,1.3336667198389225,1.3945047452567612
2017-10-12,2017,132.62519,198.270862,139.450475,139.060321,,162.488526,0.0,0.0,,,0,0,0,1.0,0.4478301442448689,0.4478301442448689,0.0,0.0,0.0,1.3262519055291466,1.3336667198389225,1.3945047452567612
2017-10-13,2017,132.705387,202.454167,139.493786,139.190095,165.004025,163.189946,0.0006046890488902168,0.00031058338094580584,0.0,,0,0,0,1.0,0.4478301442448689,0.4478301442448689,0.0,0.0,0.0006046890488902168,1.3270538755324899,1.3344731734992785,1.394937855255288
2017-10-16,2017,132.112205,200.250861,139.537112,137.82438,164.793993,162.948832,-0.004469916507609528,0.0003105944805312788,-0.0012728901613158206,,0,0,0,1.0,0.4478301442448689,0.4478301442448689,0.0,0.0,-0.004469916507609528,1.32112205550776,1.328508189832092,1.3953711152538144
2017-10-17,2017,131.315258,199.415274,139.580451,136.006119,163.31305,161.567915,-0.006032349547114069,0.00031059120673226914,-0.010248083342209391,,0,0,0,1.0,0.4478301442448689,0.4478301442448689,0.0,0.0,-0.006032349547114069,1.3131525854745354,1.3204941640548211,1.3958045052523405
2017-10-18,2017,132.1925,201.27351,139.623803,137.905962,164.148893,162.400846,0.006680427037656145,0.0003105879060385508,-0.005182491760428398,,0,0,0,1.0,0.4478301442448689,0.4478301442448689,0.0,0.0,0.006680427037656145,1.3219250055111076,1.32931562897144,1.396238025250866
2017-10-19,2017,132.457959,199.995001,139.667169,138.447113,163.488791,161.743274,0.0020081245153846794,0.0003105917405787917,-0.00918301235378971,,0,0,0,1.0,0.4478301442448689,0.4478301442448689,0.0,0.0,0.0020081245153846794,1.3245795955221744,1.3319850602746617,1.396671685249391
2017-10-20,2017,134.006527,205.674504,139.710548,141.83784,163.720256,161.3268,0.011691015109179137,0.00031058838172626224,-0.007780228391398358,,0,0,0,1.0,0.4478301442448689,0.4478301442448689,0.0,0.0,0.011691015109179137,1.3400652755867346,1.3475573177395337,1.3971054752479155
2017-10-23,2017,133.881649,207.803121,139.753941,141.512082,161.624218,161.3268,-0.0009318799822339852,0.0003105921537149836,-0.02048317912244868,,0,0,0,1.0,0.4478301442448689,0.4478301442448689,0.0,0.0,-0.0009318799822339852,1.3388164955815285,1.3463015560502194,1.3975394052464398
2017-10-24,2017,134.161755,206.77386,139.797347,142.085717,163.632385,161.89671,0.002092191141147337,0.0003105887368142213,-0.008312766915837488,,0,0,0,1.0,0.4478301442448689,0.4478301442448689,0.0,0.0,0.002092191141147337,1.3416175555932062,1.3491182762391005,1.3979734652449634
2017-10-25,2017,134.440429,208.286198,139.840766,142.656157,164.320348,162.225504,0.0020771493336531055,0.0003105852931528652,-0.004143395895948698,,0,0,0,1.0,0.4478301442448689,0.4478301442448689,0.0,0.0,0.0020771493336531055,1.3444042956048239,1.3519205963676098,1.3984076552434863
2017-10-26,2017,134.709982,206.231486,139.880336,143.210636,162.659378,160.121243,0.002004999552627229,0.00028296469714694794,-0.014209635189202263,,0,0,0,1.0,0.4478301442448689,0.4478301442448689,0.0,0.0,0.002004999552627229,1.3470998256160618,1.3546311965585143,1.3988033552421402
2017-10-27,2017,134.678,203.570659,139.919916,143.09544,162.830833,160.822664,-0.00023741373523455955,0.0002829561404542602,-0.013170539324722563,,0,0,0,1.0,0.4478301442448689,0.4478301442448689,0.0,0.0,-0.00023741373523455955,1.3467800056147285,1.3543095885062741,1.3991991552407939
2017-10-30,2017,133.936222,201.484522,139.959508,141.403882,160.310444,158.586875,-0.005507788948454939,0.0002829618622697261,-0.028445251562802976,,0,0,0,1.0,0.4478301442448689,0.4478301442448689,0.0,0.0,-0.005507788948454939,1.3393622255838036,1.3468503371219127,1.399595075239447
2017-10-31,2017,133.250864,201.337515,139.999111,139.837612,159.255996,157.315546,-0.005117047425751475,0.0002829604116643125,-0.03483568961423822,,0,0,0,1.0,0.4478301442448689,0.4478301442448689,0.0,0.0,-0.005117047425751475,1.3325086455552313,1.3399584400714706,1.3999911052381002
2017-11-01,2017,131.960332,198.230512,140.038725,136.927331,158.218693,156.219576,-0.009684980354048633,0.00028295893964647156,-0.04112222110945485,,0,0,0,1.0,0.4478301442448689,0.4478301442448689,0.0,0.0,-0.009684980354048633,1.319603325501429,1.3269809689041367,1.400387245236753
2017-11-02,2017,131.960332,198.230512,140.038725,136.927331,,156.219576,0.0,0.0,,,0,0,0,1.0,0.4478301442448689,0.4478301442448689,0.0,0.0,0.0,1.319603325501429,1.3269809689041367,1.400387245236753
2017-11-03,2017,131.454535,197.161074,140.078351,135.759813,158.413723,156.285348,-0.003832947313288093,0.0002829645871169628,-0.03994024994238776,,0,0,0,1.0,0.4478301442448689,0.4478301442448689,0.0,0.0,-0.003832947313288093,1.3145453554803423,1.3218947207645912,1.4007835052354052
2017-11-06,2017,131.917744,198.698459,140.117987,136.7443,159.262425,157.359394,0.0035237201972531107,0.00028295592942839676,-0.034796726928328026,,0,0,0,1.0,0.4478301442448689,0.4478301442448689,0.0,0.0,0.0035237201972531107,1.3191774454996537,1.3265527078907917,1.401179865234057
2017-11-07,2017,131.664117,196.960906,140.157635,136.136789,155.198941,153.370063,-0.0019226147469592059,0.00028296153012807856,-0.059423301946725404,,0,0,0,1.0,0.4478301442448689,0.4478301442448689,0.0,0.0,-0.0019226147469592059,1.31664117548908,1.3240022580919821,1.4015763452327084
2017-11-08,2017,132.390917,198.935649,140.197294,137.706645,159.373871,157.666264,0.0055201068944243925,0.0002829599686096085,-0.03412131310130162,,0,0,0,1.0,0.4478301442448689,0.4478301442448689,0.0,0.0,0.0055201068944243925,1.3239091755193804,1.331310892085109,1.4019729352313595
2017-11-09,2017,131.410374,194.439605,140.236964,135.484739,156.304826,154.531789,-0.007406421997968371,0.00028295838577307997,-0.05272113210571694,,0,0,0,1.0,0.4478301442448689,0.4478301442448689,0.0,0.0,-0.007406421997968371,1.3141037454785014,1.3214506418078351,1.4023696352300101
2017-11-10,2017,131.222383,193.63885,140.276646,135.022958,154.665287,153.370063,-0.0014305643784255917,0.0002829639124246608,-0.06265748971881147,,0,0,0,1.0,0.4478301442448689,0.4478301442448689,0.0,0.0,-0.0014305643784255917,1.3122238354706641,1.3195602215918172,1.4027664552286603
2017-11-13,2017,131.293999,195.067436,140.316338,135.137713,155.327532,154.487957,0.0005457605506220542,0.00028295515420295736,-0.05864398156348016,,0,0,0,1.0,0.4478301442448689,0.4478301442448689,0.0,0.0,0.0005457605506220542,1.31293999547365,1.320280385504932,1.4031633752273103
2017-11-14,2017,130.075591,191.299968,140.356042,132.387507,151.795559,150.060229,-0.009279997633402925,0.0002829606342775737,-0.08004935637176136,,0,0,0,1.0,0.4478301442448689,0.4478301442448689,0.0,0.0,-0.009279997633402925,1.3007559154228545,1.308028186652018,1.4035604152259598
2017-11-15,2017,130.075591,191.299968,140.356042,132.387507,,150.060229,0.0,0.0,,,0,0,0,1.0,0.4478301442448689,0.4478301442448689,0.0,0.0,0.0,1.3007559154228545,1.308028186652018,1.4035604152259598
2017-11-16,2017,130.524746,194.030128,140.395757,133.340693,155.40683,153.808445,0.0034530306304738634,0.00028295896232233275,-0.058163399347379574,,0,0,0,1.0,0.4478301442448689,0.4478301442448689,0.0,0.0,0.0034530306304738634,1.3052474654415798,1.3125448480460506,1.4039575652246088
2017-11-17,2017,131.188548,196.403088,140.435484,134.770564,157.389279,155.430492,0.005085641001745467,0.0002829643918655922,-0.04614885000532576,,0,0,0,1.0,0.4478301442448689,0.4478301442448689,0.0,0.0,0.005085641001745467,1.3118854854692539,1.3192199799419033,1.4043548352232578
2017-11-20,2017,131.214415,196.403088,140.475221,134.783668,,155.430492,0.00019717422285969732,0.0002829555527432692,,,0,0,0,1.0,0.4478301442448689,0.4478301442448689,0.0,0.0,0.00019717422285969732,1.3121441554703321,1.3194800961162294,1.4047522052219061
2017-11-21,2017,131.839684,199.478599,140.51497,136.127937,159.87109,157.819699,0.00476524625743302,0.0002829609358649954,-0.031107938124539714,,0,0,0,1.0,0.4478301442448689,0.4478301442448689,0.0,0.0,0.00476524625743302,1.3183968454963997,1.3257677437060047,1.4051496952205542
2017-11-22,2017,132.436574,198.411096,140.55473,137.409171,159.708208,157.600509,0.004527392526213925,0.00028295917509724156,-0.03209507768068076,,0,0,0,1.0,0.4478301442448689,0.4478301442448689,0.0,0.0,0.004527392526213925,1.324365745521284,1.3317700146803548,1.405547295219202
2017-11-23,2017,133.567992,200.262947,140.594502,139.877497,159.639626,157.666264,0.008543093239485211,0.0002829645078468168,-0.03251071602647282,,0,0,0,1.0,0.4478301442448689,0.4478301442448689,0.0,0.0,0.008543093239485211,1.3356799255684528,1.3431474500893197,1.4059450152178492
2017-11-24,2017,132.943597,196.934938,140.634284,138.446416,158.932374,157.008675,-0.0046747352464503455,0.00028295558812119204,-0.03679698722500857,,0,0,0,1.0,0.4478301442448689,0.4478301442448689,0.0,0.0,-0.0046747352464503455,1.3294359755424219,1.3368685913632072,1.4063428352164962
2017-11-27,2017,132.573004,196.598879,140.674078,137.578978,158.722342,156.920996,-0.002787595704966672,0.0002829608746044432,-0.0380698773863245,,0,0,0,1.0,0.4478301442448689,0.4478301442448689,0.0,0.0,-0.002787595704966672,1.3257300455269716,1.3331419422198183,1.4067407752151426
2017-11-28,2017,132.519235,196.170247,140.713883,137.415147,158.89594,157.512829,-0.00040558030954773727,0.0002829590253294878,-0.0370177939598747,,0,0,0,1.0,0.4478301442448689,0.4478301442448689,0.0,0.0,-0.00040558030954773727,1.32519235552473,1.3326012460982217,1.4071388252137889
2017-11-29,2017,131.592636,191.114776,140.7537,135.312879,155.80975,153.983804,-0.0069921849458307594,0.00028296426160023813,-0.055721519520508744,,0,0,0,1.0,0.4478301442448689,0.4478301442448689,0.0,0.0,-0.0069921849458307594,1.3159263654861,1.3232834517264584,1.4075369952124346
2017-11-30,2017,129.595868,184.90166,140.793527,130.833915,154.247366,152.120658,-0.015173858208904711,0.0002829552615668529,-0.0651902824794729,,0,0,0,1.0,0.4478301442448689,0.4478301442448689,0.0,0.0,-0.015173858208904711,1.2959586854028546,1.3032041362597713,1.40793526521108
2017-12-01,2017,129.640923,183.887596,140.833366,130.88952,154.87532,152.712474,0.000347657689209635,0.0002829604517258222,-0.06138459349703762,,0,0,0,1.0,0.4478301442448689,0.4478301442448689,0.0,0.0,0.000347657689209635,1.296409235404733,1.3036572051983517,1.4083336552097248
2017-12-04,2017,130.115034,184.654305,140.873217,131.897977,156.645593,154.597544,0.003657109105895673,0.00028296561483864835,-0.05065592793872764,,0,0,0,1.0,0.4478301442448689,0.4478301442448689,0.0,0.0,0.003657109105895673,1.3011503454244988,1.3084248218344492,1.408732165208369
2017-12-05,2017,129.52176,181.955748,140.913078,130.535925,155.479699,153.435819,-0.004559611458888058,0.00028295655376431306,-0.05772177981718929,,0,0,0,1.0,0.4478301442448689,0.4478301442448689,0.0,0.0,-0.004559611458888058,1.295217605399765,1.3024589130237192,1.4091307752070135
2017-12-06,2017,129.771609,180.833038,140.952951,131.046306,157.02708,159.967808,0.0019290117737746915,0.0002829616708819316,-0.04834394191293212,,0,0,0,1.0,0.4478301442448689,0.4478301442448689,0.0,0.0,0.0019290117737746915,1.2977160954101814,1.3049713716017997,1.4095295052056571
2017-12-07,2017,129.399329,181.23117,140.990224,130.177934,155.353251,153.435819,-0.0028687322509811652,0.0002644357548782228,-0.05848811263846454,,0,0,0,1.0,0.4478301442448689,0.4478301442448689,0.0,0.0,-0.0028687322509811652,1.293993295394661,1.3012277581414784,1.4099022352043893
2017-12-08,2017,129.672022,185.422581,141.027508,130.741938,155.878332,153.698858,0.0021073756881690997,0.00026444386668966757,-0.05530588117471691,,0,0,0,1.0,0.4478301442448689,0.4478301442448689,0.0,0.0,0.0021073756881690997,1.2967202254060295,1.3039699338837565,1.4102750752031212
2017-12-11,2017,129.792751,186.547629,141.064801,130.968443,156.024068,154.400278,0.0009310335270318326,0.0002644377719556168,-0.05442265423525283,,0,0,0,1.0,0.4478301442448689,0.4478301442448689,0.0,0.0,0.0009310335270318326,1.2979275154110628,1.3051839736104438,1.4106480052018524
2017-12-12,2017,130.09499,188.574314,141.102104,131.598043,158.197261,156.504538,0.002328627736690736,0.00026443875251347393,-0.04125210885007213,,0,0,0,1.0,0.4478301442448689,0.4478301442448689,0.0,0.0,0.002328627736690736,1.300949905423663,1.3082232612128772,1.4110210352005836
2017-12-13,2017,129.476179,186.264934,141.139417,130.182119,156.268392,154.26875,-0.004756608997779188,0.00026443971381184816,-0.05294193884058285,,0,0,0,1.0,0.4478301442448689,0.4478301442448689,0.0,0.0,-0.004756608997779188,1.294761795397865,1.302000554677488,1.4113941651993145
2017-12-14,2017,128.731331,186.339259,141.17674,128.486275,155.228946,153.435819,-0.005752780208319153,0.00026444065586583854,-0.05924145789776947,,0,0,0,1.0,0.4478301442448689,0.4478301442448689,0.0,0.0,-0.005752780208319153,1.2873133153668124,1.2945104316553189,1.411767395198045
2017-12-15,2017,129.783424,190.50217,141.214073,130.781154,155.612576,153.326215,0.008172781185646238,0.0002644415786907661,-0.05691648431000407,,0,0,0,1.0,0.4478301442448689,0.4478301442448689,0.0,0.0,0.008172781185646238,1.2978342454106742,1.3050901821557743,1.4121407251967752
2017-12-18,2017,129.521411,189.036251,141.251416,130.157592,156.699173,154.904415,-0.002018847953957459,0.00026444248230128586,-0.05033120858718454,,0,0,0,1.0,0.4478301442448689,0.4478301442448689,0.0,0.0,-0.002018847953957459,1.295214115399751,1.3024554035117992,1.412514155195505
2017-12-19,2017,128.702514,187.399489,141.288768,128.297264,155.766886,153.808445,-0.006322483623962372,0.00026443628713779255,-0.0559812950017432,0.1350117837093887,0,0,0,1.0,0.4478301442448689,0.4478301442448689,0.0,0.0,-0.006322483623962372,1.2870251453656112,1.2942206505521545,1.4128876751942343
2017-12-20,2017,129.193976,189.335507,141.326131,129.347031,157.239256,155.408568,0.0038185889671120687,0.0002644442338120001,-0.04705805812918806,0.1402787555905815,0,0,0,1.0,0.4478301442448689,0.4478301442448689,0.0,0.0,0.0038185889671120687,1.2919397653861002,1.2991627472493616,1.4132613051929634
2017-12-21,2017,130.283804,192.900846,141.363503,131.72567,161.024125,159.003349,0.008435594551250647,0.0002644380040377481,-0.024120017678356698,0.16566300251004826,0,0,0,1.0,0.4478301442448689,0.4478301442448689,0.0,0.0,0.008435594551250647,1.3028380454315351,1.3101219574412462,1.4136350251916925
2017-12-22,2017,130.800062,194.765811,141.400885,132.830484,161.139858,159.354051,0.003962564679182989,0.0002644388346826343,-0.023418622666931954,0.1646424595152154,0,0,0,1.0,0.4478301442448689,0.4478301442448689,0.0,0.0,0.003962564679182989,1.3080006254530578,1.315313400435225,1.4140088451904207
2017-12-25,2017,130.800062,194.765811,141.400885,132.830484,,159.354051,0.0,0.0,,,0,0,0,1.0,0.4478301442448689,0.4478301442448689,0.0,0.0,0.0,1.3080006254530578,1.315313400435225,1.4140088451904207
2017-12-26,2017,131.151785,195.280108,141.438277,133.56988,162.213595,160.559625,0.002689012486859488,0.0002644396461874976,-0.016911284436849416,,0,0,0,1.0,0.4478301442448689,0.4478301442448689,0.0,0.0,0.002689012486859488,1.3115178554677211,1.3188502945931289,1.4143827651891487
2017-12-27,2017,131.69593,198.558191,141.475679,134.736607,163.038722,161.436404,0.004148971361693787,0.0002644404385667709,-0.011910636725376844,,0,0,0,1.0,0.4478301442448689,0.4478301442448689,0.0,0.0,0.004148971361693787,1.3169593054904067,1.3243221666957572,1.4147567851878766
2017-12-28,2017,132.627728,204.296915,141.513091,136.76424,163.743831,161.80903,0.007075374311111826,0.0002644412118353312,-0.007637353088811083,,0,0,0,1.0,0.4478301442448689,0.4478301442448689,0.0,0.0,0.007075374311111826,1.3262772855292533,1.3336922417336323,1.415130905186604
2017-12-29,2017,132.65705,204.307903,141.550513,136.7876,163.743831,161.80903,0.0002210849906136847,0.00026444196600849956,-0.007637353088811083,,0,0,0,1.0,0.4478301442448689,0.4478301442448689,0.0,0.0,0.0002210849906136847,1.3265705055304757,1.3339871010703777,1.4155051251853308
2018-01-03,2018,132.173472,203.801232,141.587945,136.215387,163.962462,162.239956,-0.003645322223546299,0.0002644426236844133,-0.006312349047243093,,0,0,0,1.0,0.6725882073791795,0.6725882073791795,0.22475806313431057,0.00022475806313431058,-0.0038700802866806095,1.3217347285855645,1.328824463887839,1.4158794450744736
2018-01-04,2018,133.029958,206.827971,141.625386,137.510842,165.333108,163.748156,0.006480014385942701,0.0002644363543802264,0.0,,0,0,0,1.0,0.6725882073791795,0.6725882073791795,0.0,0.0,0.006480014385942701,1.330299588641199,1.3374352655302248,1.416253855073171
2018-01-05,2018,133.133326,206.092072,141.662838,137.651697,166.224448,164.696177,0.0007770279834262706,0.00026444411597226214,0.0,,0,0,0,1.0,0.6725882073791795,0.6725882073791795,0.0,0.0,0.0007770279834262706,1.3313332686479138,1.338474490157563,1.416628375071868
2018-01-08,2018,133.573669,205.934085,141.700299,138.30916,166.871931,165.385642,0.003307533982888522,0.00026443773489837064,0.0,,0,0,0,1.0,0.6725882073791795,0.6725882073791795,0.0,0.0,0.003307533982888522,1.335736698676517,1.3429015400189885,1.4170029850705648
2018-01-09,2018,132.819944,203.985951,141.73777,137.136005,165.789289,164.092897,-0.00564276631496885,0.00026443839755074805,-0.00648786164043369,,0,0,0,1.0,0.6725882073791795,0.6725882073791795,0.0,0.0,-0.00564276631496885,1.3281994486275575,1.3353238604446496,1.4173776950692614
2018-01-10,2018,132.847651,204.218547,141.775251,137.160851,164.395518,162.886321,0.0002086057196351021,0.00026443904119544115,-0.014840201016191101,,0,0,0,1.0,0.6725882073791795,0.6725882073791795,0.0,0.0,0.0002086057196351021,1.3284765186293575,1.3356024166395035,1.4177525050679574
2018-01-11,2018,134.001166,207.158449,141.812742,138.911654,166.8425,165.170188,0.008682991316120381,0.0002644396658482151,-0.000176368786671377,,0,0,0,1.0,0.6725882073791795,0.6725882073791795,0.0,0.0,0.008682991316120381,1.340011668704286,1.3471994408249737,1.418127415066653
2018-01-12,2018,132.951309,205.736283,141.850243,137.284491,166.808864,165.191722,-0.007834685557885357,0.0002644402715239469,-0.0003779365386500366,,0,0,0,1.0,0.6725882073791795,0.6725882073791795,0.0,0.0,-0.007834685557885357,1.3295130986360906,1.336644556822351,1.4185024250653488
2018-01-15,2018,133.643986,208.402534,141.887754,138.32878,167.656058,166.053557,0.005210005115481753,0.00026444085823662533,0.0,,0,0,0,1.0,0.6725882073791795,0.6725882073791795,0.0,0.0,0.005210005115481753,1.3364398686810846,1.3436084818009764,1.418877535064044
2018-01-16,2018,133.209356,209.339939,141.925275,137.644804,167.824235,166.032007,-0.003252147837015218,0.0002644414260020156,0.0,,0,0,0,1.0,0.6725882073791795,0.6725882073791795,0.0,0.0,-0.003252147837015218,1.3320935686528526,1.339238868383092,1.4192527450627386
2018-01-17,2018,133.287522,212.478284,141.962806,137.746984,170.676945,168.940704,0.0005867906155179181,0.00026444197483499465,0.0,,0,0,0,1.0,0.6725882073791795,0.6725882073791795,0.0,0.0,0.0005867906155179181,1.3328752286579297,1.340024721182996,1.4196280550614329
2018-01-18,2018,133.037139,211.400606,142.000346,137.345465,170.201843,168.272773,-0.0018785179305831345,0.00026443546065157975,-0.0027836331380315382,,0,0,0,1.0,0.6725882073791795,0.6725882073791795,0.0,0.0,-0.0018785179305831345,1.3303713986416656,1.3375074607168291,1.420003455060127
2018-01-19,2018,132.734615,210.067262,142.037897,136.864005,170.742113,168.962238,-0.0022739815533766583,0.0002644430176246271,0.0,,0,0,0,1.0,0.6725882073791795,0.6725882073791795,0.0,0.0,-0.0022739815533766583,1.3273461586220145,1.3344659934236554,1.4203789650588206
2018-01-22,2018,133.900187,208.566649,142.075457,138.63326,171.698622,169.867158,0.008781221085396584,0.0002644364693742407,0.0,,0,0,0,1.0,0.6725882073791795,0.6725882073791795,0.0,0.0,0.008781221085396584,1.3390018786977262,1.3461842343428518,1.4207545650575142
2018-01-23,2018,132.720415,203.589306,142.113028,136.806891,169.602711,167.863414,-0.008810831608472514,0.00026444398486091814,-0.01220691800310425,,0,0,0,1.0,0.6725882073791795,0.6725882073791795,0.0,0.0,-0.008810831608472514,1.3272041586210923,1.3343232317400764,1.4211302750562074
2018-01-24,2018,137.323632,214.310219,142.150608,143.846351,175.913569,174.154786,0.034683563941538376,0.0002644374026004037,0.0,,0,0,0,1.0,0.6725882073791795,0.6725882073791795,0.0,0.0,0.034683563941538376,1.3732363289201026,1.3806023168668136,1.4215060750549
2018-01-25,2018,137.335166,214.310219,142.188198,143.846351,,174.154786,8.399137010872693e-05,0.0002644378418696913,,,0,0,0,1.0,0.6725882073791795,0.6725882073791795,0.0,0.0,8.399137010872693e-05,1.3733516689208516,1.3807182755469825,1.4218819750535923
2018-01-26,2018,140.555009,219.58766,142.225799,148.764967,179.804773,178.076123,0.023445145870359507,0.000264445295241611,0.0,,0,0,0,1.0,0.6725882073791795,0.6725882073791795,0.0,0.0,0.023445145870359507,1.4055500991300027,1.4130894169230528,1.422257985052284
2018-01-29,2018,140.328936,220.59379,142.263409,148.400685,178.053626,176.201632,-0.0016084307603723147,0.00026443866207426225,-0.009739157480541438,,0,0,0,1.0,0.6725882073791795,0.6725882073791795,0.0,0.0,-0.0016084307603723147,1.4032893691153177,1.4108165604377172,1.4226340850509758
2018-01-30,2018,139.736447,219.015208,142.301029,147.47465,177.599547,175.835357,-0.004222144177021381,0.00026443904489870107,-0.012264557626621042,,0,0,0,1.0,0.6725882073791795,0.6725882073791795,0.0,0.0,-0.004222144177021381,1.3973644790768314,1.4048598895122197,1.423010285049667
2018-01-31,2018,140.949184,223.094879,142.338659,149.31618,178.505603,176.675642,0.008678745066417859,0.00026443940893794426,-0.007225447791644579,,0,0,0,1.0,0.6725882073791795,0.6725882073791795,0.0,0.0,0.008678745066417859,1.409491849155607,1.4170523103473323,1.4233865850483582
2018-02-01,2018,141.390264,225.321961,142.376299,149.974689,179.729094,177.860668,0.00312935476093279,0.00026443975420598065,-0.00042089538969025675,,0,0,0,1.0,0.6725882073791795,0.6725882073791795,0.0,0.0,0.00312935476093279,1.4139026491842581,1.4214867697412086,1.4237629850470486
2018-02-02,2018,140.310833,221.886324,142.413949,148.302114,176.672469,175.038156,-0.0076344082644898,0.00026444008071879743,-0.017420583156599556,,0,0,0,1.0,0.6725882073791795,0.6725882073791795,0.0,0.0,-0.0076344082644898,1.403108339114142,1.4106345593984333,1.424139485045739
2018-02-05,2018,138.552161,216.869,142.451609,145.5882,172.089635,170.642809,-0.012534114169217347,0.0002644403884901614,-0.042908416007399475,,0,0,0,1.0,0.6725882073791795,0.6725882073791795,0.0,0.0,-0.012534114169217347,1.3855216189999042,1.3929535047798898,1.4245160850444287
2018-02-06,2018,139.558211,218.841949,142.489279,147.112842,176.363443,174.844252,0.00726116426289436,0.00026444067753583766,-0.019139258333259135,,0,0,0,1.0,0.6725882073791795,0.6725882073791795,0.0,0.0,0.00726116426289436,1.3955821190652538,1.403067968988671,1.4248927850431186
2018-02-07,2018,138.615774,216.13389,142.526959,145.650279,173.994244,172.280295,-0.006753002874191449,0.000264440947869371,-0.03231576616711951,,0,0,0,1.0,0.6725882073791795,0.6725882073791795,0.0,0.0,-0.006753002874191449,1.386157749004036,1.3935930469614044,1.4252695850418076
2018-02-08,2018,137.29636,212.72046,142.563325,143.610393,171.400107,169.565518,-0.009518498233830108,0.00025515172887380366,-0.04674328639763092,,0,0,0,1.0,0.6725882073791795,0.6725882073791795,0.0,0.0,-0.009518498233830108,1.3729636089183312,1.3803281340052242,1.4256332450405422
2018-02-09,2018,135.672895,209.488556,142.5997,141.104367,170.067302,168.423593,-0.011824530526519328,0.0002551497729168517,-0.054155798188961324,,0,0,0,1.0,0.6725882073791795,0.6725882073791795,0.0,0.0,-0.011824530526519328,1.3567289588128764,1.364006401848066,1.425996995039277
2018-02-14,2018,138.218446,216.823645,142.636084,144.989805,175.625565,173.659226,0.018762413818913526,0.0002551478018537612,-0.02324303148504303,,0,0,0,1.0,0.6725882073791795,0.6725882073791795,0.0,0.0,0.018762413818913526,1.3821844689782272,1.3895984544111866,1.4263608350380113
2018-02-15,2018,139.277795,220.099082,142.672478,146.596761,177.198024,175.382897,0.007664309870767827,0.00025515282654553495,-0.01449766297360755,,0,0,0,1.0,0.6725882073791795,0.6725882073791795,0.0,0.0,0.007664309870767827,1.392777959047039,1.4002487675617339,1.426724775036745
2018-02-16,2018,140.026192,220.626453,142.70888,147.726994,177.689943,175.727621,0.005373412179594084,0.00025514381266988906,-0.011761812351889112,,0,0,0,1.0,0.6725882073791795,0.6725882073791795,0.0,0.0,0.005373412179594084,1.4002619290956526,1.4077728813438117,1.4270887950354785
2018-02-19,2018,142.427643,224.163485,142.745293,151.391503,178.253337,176.374002,0.01715001290615681,0.0002551558109069596,-0.008628447254845795,,0,0,0,1.0,0.6725882073791795,0.6725882073791795,0.0,0.0,0.01715001290615681,1.4242764392516432,1.4319162044277958,1.427452925034212
2018-02-20,2018,144.04947,225.565686,142.781714,153.860773,180.378679,178.700954,0.011387024076499053,0.000255146766905856,0.0,,0,0,0,1.0,0.6725882073791795,0.6725882073791795,0.0,0.0,0.011387024076499053,1.440494709356992,1.4482214687231443,1.427817135032945
2018-02-21,2018,143.265349,222.110753,142.818145,152.641509,180.900029,178.916408,-0.005443414682470005,0.0002551517206188514,0.0,,0,0,0,1.0,0.6725882073791795,0.6725882073791795,0.0,0.0,-0.005443414682470005,1.4326534993060578,1.4403381987168284,1.4281814450316777
2018-02-22,2018,144.03319,224.888838,142.854585,153.801535,182.232835,180.446159,0.005359572327569673,0.0002551496520277752,0.0,,0,0,0,1.0,0.6725882073791795,0.6725882073791795,0.0,0.0,0.005359572327569673,1.4403319093559344,1.4480577954690128,1.42854584503041
2018-02-23,2018,146.218112,230.722166,142.891034,157.134067,183.508881,181.609635,0.01516957306854061,0.0002551475684171578,0.0,,0,0,0,1.0,0.6725882073791795,0.6725882073791795,0.0,0.0,0.01516957306854061,1.4621811294978597,1.4700242140048498,1.4289103350291419
2018-02-26,2018,148.009405,236.307728,142.927493,159.863127,184.265679,182.536105,0.012250828406264791,0.00025515246813889725,0.0,,0,0,0,1.0,0.6725882073791795,0.6725882073791795,0.0,0.0,0.012250828406264791,1.4800940596142165,1.4880332284036775,1.4292749250278738
2018-02-27,2018,146.738923,233.229446,142.963961,157.898211,182.756287,181.178709,-0.008583792361032683,0.0002551503509546915,-0.008191389781273428,0.22164619090844104,0,0,0,1.0,0.6725882073791795,0.6725882073791795,0.0,0.0,-0.008583792361032683,1.46738923953169,1.475260260144743,1.4296396050266054
2018-02-28,2018,146.129889,231.417949,143.000438,156.947347,179.699663,177.752933,-0.004150459793138883,0.000255148218787804,-0.024779525003134295,0.22740883354964905,0,0,0,1.0,0.6725882073791795,0.6725882073791795,0.0,0.0,-0.004150459793138883,1.4612988994921292,1.4691372517505967,1.4300043750253364
2018-03-01,2018,147.222952,231.070018,143.036925,158.605946,179.483134,177.796017,0.00748007822000063,0.0002551530646359712,-0.025954616323314306,0.22721505713803059,0,0,0,1.0,0.6725882073791795,0.6725882073791795,0.0,0.0,0.00748007822000063,1.4722295295631311,1.480126513309608,1.430369245024067
2018-03-02,2018,147.228553,230.827179,143.073421,158.597365,180.288284,178.722488,3.8044339716991615e-05,0.0002551508989723228,-0.02158511026896115,0.2270646054459306,0,0,0,1.0,0.6725882073791795,0.6725882073791795,0.0,0.0,3.8044339716991615e-05,1.4722855395634953,1.4801828237455044,1.4307342050227974
2018-03-05,2018,146.571099,229.863786,143.109926,157.572257,180.839065,178.614768,-0.004465533258348309,0.0002551487183632961,-0.018596051194102237,0.22607370340071686,0,0,0,1.0,0.6725882073791795,0.6725882073791795,0.0,0.0,-0.004465533258348309,1.4657109995207893,1.473573018117633,1.4310992550215273
2018-03-06,2018,146.389133,229.182032,143.14644,157.27611,180.061244,178.162308,-0.0012414862223283363,0.0002551465228206595,-0.022817244224845656,0.21742894400526738,0,0,0,1.0,0.6725882073791795,0.6725882073791795,0.0,0.0,-0.0012414862223283363,1.4638913395089692,1.471743597518045,1.4314643950202572
2018-03-07,2018,147.13236,229.00176,143.182964,158.398362,179.705969,177.968388,0.005077064019499478,0.00025515129820896654,-0.024745302677879555,0.1932899414921157,0,0,0,1.0,0.6725882073791795,0.6725882073791795,0.0,0.0,0.005077064019499478,1.471323609557247,1.4792157339829326,1.4318296350189865
2018-03-08,2018,147.116099,231.019513,143.219497,158.356247,178.656963,176.977282,-0.00011051953492768885,0.0002551490692705993,-0.030438202222129562,0.17558278672485825,0,0,0,1.0,0.6725882073791795,0.6725882073791795,0.0,0.0,-0.00011051953492768885,1.4711609995561907,1.4790522517479552,1.4321949650177157
2018-03-09,2018,148.412562,239.016668,143.25604,160.326648,181.570636,179.692059,0.008812516161130768,0.000255153807725117,-0.014625854443572228,0.17556041983384493,0,0,0,1.0,0.6725882073791795,0.6725882073791795,0.0,0.0,0.008812516161130768,1.484125629640405,1.492086423619641,1.4325603950164447
2018-03-12,2018,150.503982,241.44766,143.292591,163.515786,182.682709,180.877069,0.014091933808136892,0.00025514456493413995,-0.008590693658150128,0.16387440909913722,0,0,0,1.0,0.6725882073791795,0.6725882073791795,0.0,0.0,0.014091933808136892,1.505039829776257,1.5131128067373085,1.432925905015173
2018-03-13,2018,151.208786,239.364533,143.329152,164.579114,181.597965,179.907514,0.004682959152535915,0.0002551492700693103,-0.014477541419962492,0.16235803558761974,0,0,0,1.0,0.6725882073791795,0.6725882073791795,0.0,0.0,0.004682959152535915,1.5120878698220388,1.5201986522044384,1.433291515013901
2018-03-14,2018,150.126873,237.616407,143.365723,162.903243,180.897927,179.131863,-0.007155093487755448,0.00025515395500286253,-0.018276610263379567,0.12139497408300491,0,0,0,1.0,0.6725882073791795,0.6725882073791795,0.0,0.0,-0.007155093487755448,1.5012687397517612,1.5093214887279558,1.4336572250126287
2018-03-15,2018,150.559157,237.583071,143.402303,163.548765,178.537136,176.826462,0.002879457830311294,0.0002551516445810087,-0.031088496952272893,0.12841881957800114,0,0,0,1.0,0.6725882073791795,0.6725882073791795,0.0,0.0,0.002879457830311294,1.505591579779841,1.5136675163071307,1.4340230250113561
2018-03-16,2018,151.743248,238.619701,143.438892,165.346868,178.448843,176.697193,0.00786462294020418,0.00025514931932457685,-0.03156765834835684,0.12814324763126367,0,0,0,1.0,0.6725882073791795,0.6725882073791795,0.0,0.0,0.00786462294020418,1.5174324898567557,1.5255719405797217,1.4343889150100835
2018-03-19,2018,149.750783,234.339495,143.47549,162.275027,176.403385,174.714966,-0.013130501859298427,0.0002551469792446692,-0.042668249685281934,0.13409964033801064,0,0,0,1.0,0.6725882073791795,0.6725882073791795,0.0,0.0,-0.013130501859298427,1.4975078397273318,1.505540415377446,1.4347548950088103
2018-03-20,2018,150.384571,234.499086,143.512098,163.229458,176.931042,175.382897,0.004232285049220685,0.00025515159418509903,-0.03980468332358311,0.12667850574957565,0,0,0,1.0,0.6725882073791795,0.6725882073791795,0.0,0.0,0.004232285049220685,1.5038457197685005,1.5119122915684455,1.4351209750075367
2018-03-21,2018,151.539108,238.716974,143.548715,164.98224,178.640145,176.869547,0.0076772303988552615,0.0002551492209386108,-0.030529472610035024,0.13157350473850674,0,0,0,1.0,0.6725882073791795,0.6725882073791795,0.0,0.0,0.0076772303988552615,1.5153910898434955,1.5235195905736778,1.4354871450062625
2018-03-22,2018,151.915789,241.101972,143.584004,165.543126,178.200781,176.223182,0.0024857015787633774,0.0002458329215975219,-0.0329138775756499,0.12826744877617854,0,0,0,1.0,0.6725882073791795,0.6725882073791795,0.0,0.0,0.0024857015787633774,1.5191578998679633,1.5273066056252438,1.435840035005035
2018-03-23,2018,153.29595,238.8719,143.619301,167.64243,177.378814,175.770722,0.009085039870345701,0.000245828219137989,-0.037374648590961956,0.12514001228491195,0,0,0,1.0,0.6725882073791795,0.6725882073791795,0.0,0.0,0.009085039870345701,1.5329595099576145,1.5411822470315915,1.4361930050038074
2018-03-26,2018,155.087706,245.237208,143.654607,170.372742,178.873491,177.171203,0.011688214854991275,0.0002458304681485224,-0.029263116328896,0.12866338991962945,0,0,0,1.0,0.6725882073791795,0.6725882073791795,0.0,0.0,0.011688214854991275,1.5508770700740013,1.5591959162655948,1.4365460650025792
2018-03-27,2018,153.286249,241.349436,143.689921,167.594337,176.182653,174.477977,-0.011615730520896372,0.0002458257395114849,-0.04386615046201858,0.13553820178732875,0,0,0,1.0,0.6725882073791795,0.6725882073791795,0.0,0.0,-0.011615730520896372,1.5328624999569844,1.5410847166729715,1.4368992050013507
2018-03-28,2018,153.872976,242.176265,143.725245,168.477224,176.321399,174.564146,0.003827655799705898,0.00024583491837271154,-0.043113183329164584,0.12369042561875009,0,0,0,1.0,0.6725882073791795,0.6725882073791795,0.0,0.0,0.003827655799705898,1.5387297699950964,1.546983458526583,1.437252445000122
2018-03-29,2018,154.136992,247.155636,143.760577,168.865363,179.457908,177.602113,0.0017158048597174513,0.00024583016017820647,-0.02609151647822605,0.14036052838413757,0,0,0,1.0,0.6725882073791795,0.6725882073791795,0.0,0.0,0.0017158048597174513,1.5413699300122459,1.5496377802626253,1.437605764998893
2018-04-02,2018,152.549918,244.867879,143.795917,166.415614,177.986355,176.352452,-0.010296515971973785,0.0002458253906423291,-0.03407755602713192,0.14223000310234707,0,0,0,1.0,0.6725882073791795,0.6725882073791795,0.0,0.0,-0.010296515971973785,1.5254991899091546,1.5336819101073773,1.4379591649976635
2018-04-03,2018,152.148941,244.184751,143.831267,165.784252,177.89596,176.136997,-0.0026284969881136266,0.00024583451837512094,-0.03456812486496741,0.14157500918054475,0,0,0,1.0,0.6725882073791795,0.6725882073791795,0.0,0.0,-0.0026284969881136266,1.5214894198831086,1.5296506318259357,1.4383126649964337
2018-04-04,2018,151.855497,244.299789,143.866625,165.317744,177.343077,175.382897,-0.001928662783134305,0.0002458297193475012,-0.037568591381577976,0.14124462339787047,0,0,0,1.0,0.6725882073791795,0.6725882073791795,0.0,0.0,-0.001928662783134305,1.5185549798640474,1.526700451581135,1.4386662449952037
2018-04-05,2018,153.071209,246.122909,143.901992,167.1649,179.129962,177.472843,0.0080057161183964,0.0002458318598910214,-0.027871261907650213,0.14621780443291804,0,0,0,1.0,0.6725882073791795,0.6725882073791795,0.0,0.0,0.0080057161183964,1.5307120999430162,1.5389227819943212,1.4390199149939733
2018-04-06,2018,152.632768,247.062108,143.937367,166.476091,178.310097,176.546373,-0.0028642943559686884,0.0002458270348335567,-0.03232062548121073,0.1456314448560225,0,0,0,1.0,0.6725882073791795,0.6725882073791795,0.0,0.0,-0.0028642943559686884,1.5263276899145364,1.5345148541555833,1.4393736649927427
2018-04-09,2018,151.254752,244.458527,143.972751,164.346825,175.129442,173.2714,-0.009028310356004265,0.00024582914595061567,-0.04958187031671801,0.14517538806473704,0,0,0,1.0,0.6725882073791795,0.6725882073791795,0.0,0.0,-0.009028310356004265,1.5125475298250248,1.520660777806368,1.4397275049915117
2018-04-10,2018,150.364886,247.153236,144.008144,162.965933,177.658409,175.727621,-0.005883226729960778,0.0002458312406630192,-0.03585730145655608,0.1539074756544551,0,0,0,1.0,0.6725882073791795,0.6725882073791795,0.0,0.0,-0.005883226729960778,1.5036488697672221,1.5117143856711748,1.4400814349902804
2018-04-11,2018,151.390447,247.81325,144.043545,164.521556,179.205641,177.645197,0.006820482010673645,0.0002458263749305356,-0.02746055601596864,0.1568681861477499,0,0,0,1.0,0.6725882073791795,0.6725882073791795,0.0,0.0,0.006820482010673645,1.5139044798338392,1.5220250064439216,1.4404354449890489
2018-04-12,2018,153.191147,250.665563,144.078956,167.26553,179.621881,177.602113,0.011894409691517671,0.0002458353826269022,-0.02520164376351386,0.15670928359504535,0,0,0,1.0,0.6725882073791795,0.6725882073791795,0.0,0.0,0.011894409691517671,1.531911479950807,1.5401285954313004,1.4407895549878171
2018-04-13,2018,151.370291,249.127252,144.114375,164.457335,177.288419,175.167442,-0.011886169897272092,0.00024583048755566494,-0.03786521742879745,0.15664531068064252,0,0,0,1.0,0.6725882073791795,0.6725882073791795,0.0,0.0,-0.011886169897272092,1.51370291983253,1.521822365282357,1.441143744986585
2018-04-16,2018,149.714589,245.306148,144.149802,161.902332,174.193955,172.323396,-0.010938090883369056,0.0002458255812440857,-0.05465870830997244,0.168069712897743,0,0,0,1.0,0.6725882073791795,0.6725882073791795,0.0,0.0,-0.010938090883369056,1.4971458997249807,1.505176533942555,1.4414980149853525
2018-04-17,2018,150.471889,247.561536,144.185239,163.04667,176.767069,174.758066,0.005058291279816496,0.00024583453815640866,-0.04069455603829519,0.17246594497387027,0,0,0,1.0,0.6725882073791795,0.6725882073791795,0.0,0.0,0.005058291279816496,1.5047188997741725,1.512790155278781,1.4418523849841198
2018-04-18,2018,151.814918,250.404257,144.220684,165.088979,180.319817,178.183842,0.008925447862224933,0.00024582960257113484,-0.021413982361848327,0.18632549364413975,0,0,0,1.0,0.6725882073791795,0.6725882073791795,0.0,0.0,0.008925447862224933,1.5181491898614115,1.526292484936209,1.4422068349828867
2018-04-19,2018,150.849387,249.501055,144.256137,163.592057,180.420723,178.614768,-0.006359921756832865,0.000245824655775273,-0.02086637088830845,0.18350401516980752,0,0,0,1.0,0.6725882073791795,0.6725882073791795,0.0,0.0,-0.006359921756832865,1.5084938797986938,1.5165853841539727,1.442561364981653
2018-04-20,2018,152.137238,249.355386,144.2916,165.549763,179.844716,178.270028,0.00853733001911361,0.000245833562006359,-0.023992330118079108,0.18368233885475926,0,0,0,1.0,0.6725882073791795,0.6725882073791795,0.0,0.0,0.00853733001911361,1.5213723898823484,1.5295329740806594,1.4429159949804193
2018-04-23,2018,152.444419,250.771092,144.327071,166.004013,179.954031,178.183842,0.0020191046192123974,0.0002458285860023057,-0.023399083450586722,0.18267852946713714,0,0,0,1.0,0.6725882073791795,0.6725882073791795,0.0,0.0,0.0020191046192123974,1.524444199902302,1.5326212611738632,1.4432707049791855
2018-04-24,2018,152.674839,251.901508,144.362551,166.340576,179.674436,177.709848,0.0015115017100100214,0.000245830527524582,-0.0249164305849926,0.1805634550594272,0,0,0,1.0,0.6725882073791795,0.6725882073791795,0.0,0.0,0.0015115017100100214,1.526748399917269,1.5349378208309252,1.4436255049779514
2018-04-25,2018,152.591953,253.234352,144.39804,166.196811,178.780993,176.848013,-0.0005428923360449867,0.0002458324527667699,-0.029765098035429705,0.17258715762005974,0,0,0,1.0,0.6725882073791795,0.6725882073791795,0.0,0.0,-0.0005428923360449867,1.525919539911885,1.5341045148516905,1.4439803949767167
2018-04-26,2018,154.034469,255.847707,144.433537,168.391616,181.595863,179.929064,0.009453421177458843,0.00024582743643875027,-0.014488948861713924,0.18056818706498556,0,0,0,1.0,0.6725882073791795,0.6725882073791795,0.0,0.0,0.009453421177458843,1.5403447000055863,1.5486070509608247,1.4443353649754815
2018-04-27,2018,154.535579,252.581819,144.469043,169.143159,181.7262,179.842879,0.003253232885166879,0.00024582933256001027,-0.013781616922812878,0.1700505077568824,0,0,0,1.0,0.6725882073791795,0.6725882073791795,0.0,0.0,0.003253232885166879,1.545355800038137,1.5536450303452118,1.4446904249742463
2018-04-30,2018,154.971121,254.984303,144.504558,169.794177,181.032469,179.218048,0.002818393038149569,0.00024583121243493267,-0.017546458014028876,0.16770970904792937,0,0,0,1.0,0.6725882073791795,0.6725882073791795,0.0,0.0,0.002818393038149569,1.5497112200664287,1.5580238126824926,1.445045574973011
2018-05-02,2018,151.176692,247.971071,144.540081,163.960273,177.736191,176.050812,-0.024484749000428296,0.00024582615587798173,-0.035435182696176515,0.18093100464826295,0,0,0,1.0,0.6725882073791795,0.6725882073791795,0.0,0.0,-0.024484749000428296,1.5117669298199548,1.5198759906922714,1.445400804971775
2018-05-03,2018,147.746575,241.322419,144.575614,158.684886,175.089499,173.42222,-0.022689456652484452,0.0002458349251930336,-0.04979863884473035,0.18831392892752336,0,0,0,1.0,0.6725882073791795,0.6725882073791795,0.0,0.0,-0.022689456652484452,1.4774657595971454,1.4853908302843073,1.4457561349705392
2018-05-04,2018,147.090332,241.785278,144.611155,157.662088,174.732122,172.926676,-0.0044416799509566784,0.0002458298396021963,-0.05173810473951579,0.1840911085726909,0,0,0,1.0,0.6725882073791795,0.6725882073791795,0.0,0.0,-0.0044416799509566784,1.4709033295545177,1.4787931996140986,1.446111544969303
2018-05-07,2018,146.84699,236.956055,144.646705,157.272301,173.882826,171.978655,-0.001654371138410271,0.0002458316580074005,-0.056347188778437696,0.18416329904281725,0,0,0,1.0,0.6725882073791795,0.6725882073791795,0.0,0.0,-0.001654371138410271,1.4684699095387113,1.4763467268249797,1.4464670449680663
2018-05-08,2018,149.83906,246.028798,144.682263,161.84268,174.391563,172.840491,0.020375426149354503,0.00024582654682658855,-0.05358630024639599,0.17372493319900392,0,0,0,1.0,0.6725882073791795,0.6725882073791795,0.0,0.0,0.020375426149354503,1.4983906097330666,1.5064279205282434,1.4468226249668292
2018-05-09,2018,150.886635,248.268003,144.71783,163.431974,177.143366,175.275161,0.006991334569237395,0.0002458283362625213,-0.038652412313852635,0.1752748874644869,0,0,0,1.0,0.6725882073791795,0.6725882073791795,0.0,0.0,0.006991334569237395,1.508866359801114,1.5169598621250968,1.4471782949655918
2018-05-10,2018,151.181041,248.271067,144.753406,163.866589,180.498505,178.550134,0.001951173475370993,0.00024583010953116435,-0.020444252127928886,0.18554653595905243,0,0,0,1.0,0.6725882073791795,0.6725882073791795,0.0,0.0,0.001951173475370993,1.5118104198202376,1.5199197139712777,1.4475340549643543
2018-05-11,2018,149.071998,245.31971,144.788991,160.616501,179.150984,177.300473,-0.01395044633936593,0.0002458318666436199,-0.027757176636241665,0.18746146773424519,0,0,0,1.0,0.6725882073791795,0.6725882073791795,0.0,0.0,-0.01395044633936593,1.490719989683241,1.498716155561377,1.4478899049631164
2018-05-14,2018,146.903735,242.898435,144.824584,157.275619,179.17621,177.515927,-0.014545072375027779,0.0002458267010092552,-0.02762027648133003,0.18114093604938614,0,0,0,1.0,0.6725882073791795,0.6725882073791795,0.0,0.0,-0.014545072375027779,1.4690373595423976,1.4769172206091135,1.448245834961878
2018-05-15,2018,145.192678,242.202841,144.860187,154.635669,178.961784,177.128102,-0.011647471046260405,0.00024583533414479497,-0.02878395493281205,0.1684042262782888,0,0,0,1.0,0.6725882073791795,0.6725882073791795,0.0,0.0,-0.011647471046260405,1.4519267894312526,1.4597148700443454,1.4486018649606398
2018-05-16,2018,148.264818,250.073644,144.895798,159.328779,181.919604,179.735143,0.021159055968373197,0.00024583013965062683,-0.012732023742739518,0.1703570668697081,0,0,0,1.0,0.6725882073791795,0.6725882073791795,0.0,0.0,0.021159055968373197,1.482648189630809,1.4906010586774803,1.4489579749594013
2018-05-17,2018,144.398326,241.689678,144.931417,153.384349,175.79164,174.047051,-0.026078283790831547,0.00024582493413638495,-0.04598815713261506,0.19729126463198357,0,0,0,1.0,0.6725882073791795,0.6725882073791795,0.0,0.0,-0.026078283790831547,1.4439832693796542,1.451728741250375,1.449314164958162
2018-05-18,2018,142.819944,238.715463,144.967046,150.947791,174.656443,172.81894,-0.010930749986672317,0.0002458335172421666,-0.05214881063119736,0.19803359214669802,0,0,0,1.0,0.6725882073791795,0.6725882073791795,0.0,0.0,-0.010930749986672317,1.4281994492771275,1.4358602573313006,1.4496704549569226
2018-05-21,2018,143.599757,241.609313,145.002683,152.126548,171.992933,170.642809,0.0054601127696845,0.00024582828293251424,-0.06660353716765677,0.20389983042978443,0,0,0,1.0,0.6725882073791795,0.6725882073791795,0.0,0.0,0.0054601127696845,1.435997579327782,1.4437002162578378,1.4500268249556827
2018-05-22,2018,146.689643,251.021753,145.038329,156.846847,173.935382,172.36648,0.021517348389384683,0.0002458299340573067,-0.056061970172969655,0.20927464163560522,0,0,0,1.0,0.6725882073791795,0.6725882073791795,0.0,0.0,0.021517348389384683,1.466896439528491,1.4747648167808878,1.450383284954443
2018-05-23,2018,144.999854,246.593765,145.073984,154.23948,170.000031,168.595963,-0.011519484030648286,0.00024583156911561765,-0.0774189098991136,0.2221607017058974,0,0,0,1.0,0.6725882073791795,0.6725882073791795,0.0,0.0,-0.011519484030648286,1.4499985494187277,1.4577762870250184,1.4507398349532024
2018-05-24,2018,145.986235,246.985473,145.109647,155.734912,168.433878,166.872292,0.006802634435755905,0.0002458262950855161,-0.08591833859630482,0.22325070769623603,0,0,0,1.0,0.6725882073791795,0.6725882073791795,0.0,0.0,0.006802634435755905,1.4598623594827997,1.467693006194763,1.451096464951962
2018-05-25,2018,145.37578,242.95113,145.14532,154.78225,165.860764,166.872292,-0.004181592874150097,0.00024583479277562326,-0.09988249086798207,0.21595948516275276,0,0,0,1.0,0.6725882073791795,0.6725882073791795,0.0,0.0,-0.004181592874150097,1.4537578094431465,1.461555711578619,1.4514531949507208
2018-05-28,2018,139.440118,230.983536,145.181001,145.665571,158.414709,156.616498,-0.04082978608953969,0.00024582949005869104,-0.14029183372775578,0.25810700915014223,1,0,0,1.0,0.6725882073791795,0.6725882073791795,0.0,0.0,-0.04082978608953969,1.394401189057585,1.401880704516919,1.4518100049494795
2018-05-29,2018,141.128329,232.188756,145.216691,148.23696,159.919897,158.146249,0.0121070680677422,0.000245831064355162,-0.13212325882998543,0.2643438587775764,1,1,1,0.85,0.6725882073791795,0.5716999762723025,0.10088823110687695,0.00010088823110687695,0.010226994286127266,1.4112832991672457,1.4162177304718457,1.4521669049482377
2018-05-30,2018,142.290412,237.186527,145.252389,150.001741,161.35361,159.589814,0.008234229146155236,0.0002458257363817662,-0.12434257494039358,0.26536021884053757,1,1,1,0.85,0.6725882073791795,0.5716999762723025,0.0,0.0,0.007035968634689215,1.4229041292427307,1.4261821940033363,1.452523884946996
2018-06-01,2018,145.614281,248.515137,145.288097,155.080729,162.375287,160.77484,0.023359753853267273,0.00024583416662427027,-0.11879798841975353,0.26523171613691415,1,1,1,0.85,0.6725882073791795,0.5716999762723025,0.0,0.0,0.019892665900270824,1.4561428194586385,1.4545527599015597,1.4528809649457537
2018-06-04,2018,149.414565,258.227393,145.323813,160.890098,165.225894,163.424966,0.026098291828944964,0.0002458288100504191,-0.10332789645542184,0.2757019408990105,1,1,1,0.85,0.6725882073791795,0.5716999762723025,0.0,0.0,0.02222042237611078,1.4941456597054927,1.4868735365949102,1.4532381249445112
2018-06-05,2018,145.205861,249.368607,145.359538,154.420978,161.118161,159.654449,-0.028167963411063757,0.00024583032376113145,-0.12562034409023082,0.28675035197454696,1,1,1,0.85,0.6725882073791795,0.5716999762723025,0.0,0.0,-0.023905894350840024,1.4520586194321088,1.4513284949160123,1.4535953749432684
2018-06-06,2018,141.42595,241.749707,145.395272,148.609232,160.014497,158.297069,-0.026031394145997977,0.0002458318215075028,-0.1316098696817002,0.28587617930514864,1,1,1,0.85,0.6725882073791795,0.5716999762723025,0.0,0.0,-0.022089810250872154,1.414259509186578,1.4192689238516336,1.4539527149420255
2018-06-07,2018,136.835521,230.103186,145.431014,141.554885,155.250872,153.772452,-0.03245818041172788,0.0002458264254974196,-0.1574618081753576,0.2894873513614292,1,1,1,0.85,0.6725882073791795,0.5716999762723025,0.0,0.0,-0.027552579386144083,1.3683552188883983,1.380164404156924,1.4543101349407819
2018-06-08,2018,137.205103,229.799751,145.466765,142.104669,153.339956,151.682506,0.00270092149537704,0.00024582789472948896,-0.16783224726293167,0.27402523662601014,1,1,1,0.85,0.6725882073791795,0.5716999762723025,0.0,0.0,0.0023326574552799072,1.3720510389124052,1.383383854943793,1.4546676449395382
2018-06-11,2018,135.255739,225.775686,145.502526,139.0993,152.00715,150.51903,-0.014207663981710694,0.00024583622245244463,-0.1750653142520372,0.27402946381863535,1,1,1,0.85,0.6725882073791795,0.5716999762723025,0.0,0.0,-0.012039638951086224,1.3525573987857806,1.3667284127995079,1.4550252549382938
2018-06-12,2018,136.625729,228.167784,145.538294,141.182789,152.944739,151.4024,0.010128886287035899,0.0002458239109883742,-0.16997706881703134,0.2772319092116787,1,1,1,0.85,0.6725882073791795,0.5716999762723025,0.0,0.0,0.008646426930628769,1.3662572988747708,1.378545730154793,1.4553829349370495
2018-06-13,2018,136.439345,230.048071,145.574072,140.880215,151.616138,150.282025,-0.0013641940018487286,0.0002458322068830121,-0.17718731549568711,0.2761611951358241,1,1,1,0.85,0.6725882073791795,0.5716999762723025,0.0,0.0,-0.0011226900705389674,1.3643934588626638,1.3769980505517643,1.455740714935805
2018-06-14,2018,137.327263,232.270535,145.609859,142.224637,150.142483,148.23518,0.006507785565813107,0.0002458336124582239,-0.18518476248634452,0.2603664582026101,1,1,1,0.85,0.6725882073791795,0.5716999762723025,0.0,0.0,0.005568492772809874,1.37327263892034,1.384665854244435,1.4560985849345602
2018-06-15,2018,135.895758,229.361612,145.645654,140.013175,148.748713,146.748513,-0.010424040854873695,0.0002458281344810409,-0.19274867784792415,0.2441089664385039,1,1,1,0.85,0.6725882073791795,0.5716999762723025,0.0,0.0,-0.008823560506470485,1.3589575888273542,1.3724481712982657,1.4564565349333152
2018-06-18,2018,135.57424,227.993144,145.681458,139.503417,146.766322,145.477302,-0.002365916381289801,0.0002458295116720688,-0.20350700794367682,0.24467455172662006,2,1,1,0.85,0.6725882073791795,0.5716999762723025,0.0,0.0,-0.0019741544973455203,1.3557424088064693,1.3697387465685236,1.4568145749320693
2018-06-19,2018,139.330451,236.613661,145.717271,145.245174,150.085723,148.256714,0.027705934401697663,0.000245830872999786,-0.18549279597531565,0.2668330296028645,1,2,2,0.6,0.6725882073791795,0.4035529244275077,0.16814705184479484,0.00016814705184479484,0.016553745938373714,1.393304519050461,1.3924130537811654,1.4571727049308236
2018-06-20,2018,139.416413,235.141781,145.753092,145.36011,151.61824,149.76493,0.0006169649160181478,0.000245825355870144,-0.17717590805393568,0.2658930752954481,1,1,2,0.6,0.6725882073791795,0.4035529244275077,0.0,0.0,0.0004685090919589463,1.3941641390560446,1.3930654119566241,1.4575309149295774
2018-06-21,2018,137.61079,229.711448,145.788923,142.575075,147.312898,145.778959,-0.012951294335768027,0.00024583354979523797,-0.20054076917926755,0.2712106841801881,2,1,2,0.6,0.6725882073791795,0.4035529244275077,0.0,0.0,-0.007672443181542721,1.3761079089387571,1.3823771967352145,1.4578892249283308
2018-06-22,2018,138.136718,232.596437,145.824762,143.36451,148.502753,146.899333,0.003821851469641313,0.00024582800436756536,-0.19408348963346556,0.2762341933180265,1,2,2,0.6,0.6725882073791795,0.4035529244275077,0.0,0.0,0.002391442083531814,1.3813671889729198,1.3856830717388018,1.458247614927084
2018-06-25,2018,138.763991,233.335596,145.86061,144.309312,149.158645,147.804253,0.004540957748829788,0.00024582930572525363,-0.19052399877461712,0.2764322300728367,1,1,2,0.6,0.6725882073791795,0.4035529244275077,0.0,0.0,0.0028229063715879744,1.3876399190136657,1.3895947253110148,1.458606094925837
2018-06-26,2018,138.586321,238.308446,145.896467,144.020061,150.108848,148.666089,-0.0012803753965249243,0.0002458305912746983,-0.185367297835209,0.2355393691030896,1,1,2,0.6,0.6725882073791795,0.4035529244275077,0.0,0.0,-0.0006698930014050752,1.3858632190021247,1.3886638455297395,1.4589646649245895
2018-06-27,2018,137.503724,233.211212,145.932333,142.343471,148.435482,146.511508,-0.007811716136111202,0.0002458318610278898,-0.19444856575814096,0.23287654024117158,1,1,2,0.6,0.6725882073791795,0.4035529244275077,0.0,0.0,-0.0045886969372555654,1.3750372489318028,1.3822916879948797,1.459323324923342
2018-06-28,2018,138.796847,236.288527,145.968208,144.309067,150.86985,149.527925,0.009404276207093831,0.0002458331149959303,-0.1812373806193176,0.23960255247231832,1,1,2,0.6,0.6725882073791795,0.4035529244275077,0.0,0.0,0.00574089897025467,1.3879684790158,1.3902272849230812,1.459682074922094
2018-06-29,2018,141.369276,241.395887,146.004091,148.235948,152.963659,151.57477,0.018533771159801704,0.00024582750238311135,-0.16987439098737422,0.2450386290981172,1,1,2,0.6,0.6725882073791795,0.4035529244275077,0.0,0.0,0.011218593696834266,1.4136927691828969,1.4058236799788864,1.4600409049208456
2018-07-02,2018,140.519653,237.189231,146.039983,146.916516,153.12553,151.467051,-0.006009955090949259,0.00024582872818279533,-0.1689959257144137,0.2335289143780285,1,1,2,0.6,0.6725882073791795,0.4035529244275077,0.0,0.0,-0.0035076415632964374,1.405196539127708,1.4008925544083262,1.460399824919597
2018-07-03,2018,141.622837,237.335637,146.075884,148.590906,154.866166,153.190706,0.007850745261945624,0.0002458299382299689,-0.1595495870937529,0.22523260688120902,1,1,2,0.6,0.6725882073791795,0.4035529244275077,0.0,0.0,0.004808779132459362,1.416228379199367,1.4076291372907825,1.460758834918348
2018-07-04,2018,142.074971,238.538612,146.111794,149.267175,157.12605,155.366837,0.003192521838833118,0.0002458311325366225,-0.1472853173053459,0.23172513425045058,1,1,2,0.6,0.6725882073791795,0.4035529244275077,0.0,0.0,0.00201384555631452,1.4207497192287362,1.4104638849738544,1.4611179349170988
2018-07-05,2018,140.621922,235.163371,146.147713,147.022627,156.726629,154.849743,-0.010227339761343268,0.0002458323111138583,-0.14945295374294854,0.20523209146690177,1,1,2,0.6,0.6725882073791795,0.4035529244275077,0.0,0.0,-0.006038070932360418,1.406219229134351,1.4019474039888498,1.4614771249158494
2018-07-06,2018,140.797142,236.176917,146.18364,147.274354,157.687342,156.099387,0.0012460361621284832,0.00024582663158057017,-0.1442392155947826,0.2002833303124376,1,1,1,0.85,0.6725882073791795,0.5716999762723025,0.16814705184479484,0.00016814705184479484,0.0009278576807015014,1.4079714291457328,1.4032482116555802,1.4618363949145994
2018-07-10,2018,138.765135,234.658649,146.255522,144.125293,157.376214,155.883932,-0.014432160845992303,0.000491723971300928,-0.1459276906363013,0.19715549903793309,1,1,1,0.85,0.6725882073791795,0.5716999762723025,0.0,0.0,-0.012193578123398318,1.38765135901374,1.386137594960239,1.462555214912099
2018-07-11,2018,138.346773,228.954788,146.291476,143.466994,156.402887,154.612737,-0.0030148927538604653,0.0002458300343695097,-0.15120988428886972,0.1984064026148094,1,1,1,0.85,0.6725882073791795,0.5716999762723025,0.0,0.0,-0.002525784335625969,1.3834677389865648,1.3826365103358662,1.462914754910848
2018-07-12,2018,140.483912,238.588733,146.327438,146.7265,159.465818,157.844609,0.01544769678147806,0.0002458243021623563,-0.13458752131480756,0.20500320811476422,1,1,1,0.85,0.6725882073791795,0.5716999762723025,0.0,0.0,0.013167415909580704,1.4048391291253863,1.4008422603192299,1.463274374909597
2018-07-13,2018,142.312279,243.800938,146.36341,149.512625,161.017255,159.460545,0.01301477851784183,0.00024583222730911736,-0.12616795556377047,0.201080126886295,1,1,1,0.85,0.6725882073791795,0.5716999762723025,0.0,0.0,0.011099436574261922,1.423122799244151,1.4163908201381887,1.4636340949083455
2018-07-16,2018,143.405042,245.784004,146.399391,151.171002,161.141286,159.331259,0.00767862764674021,0.00024583329945659926,-0.12549484595012395,0.19564438609080065,1,1,1,0.85,0.6725882073791795,0.5716999762723025,0.0,0.0,0.006563708494647669,1.4340504293151335,1.4256875965960707,1.463993904907094
2018-07-17,2018,145.464696,251.795596,146.43538,154.311704,164.246261,162.390776,0.01436249361441555,0.0002458275253345299,-0.1086443124332448,0.19134186846730245,1,1,1,0.85,0.6725882073791795,0.5716999762723025,0.0,0.0,0.012244993701053397,1.454646969448922,1.4431451322360596,1.4643537949058423
2018-07-18,2018,144.201095,248.778259,146.471378,152.357557,162.63386,160.861026,-0.008686650677082408,0.00024582856957100496,-0.1173947265567562,0.18794046916705617,1,1,1,0.85,0.6725882073791795,0.5716999762723025,0.0,0.0,-0.007346778790084396,1.4420109593668426,1.432542664187534,1.4647137749045898
2018-07-19,2018,143.801496,248.222624,146.507385,151.727999,162.894535,160.839475,-0.0027711232012490594,0.00024582959818952865,-0.11598005725200733,0.18670169965464295,1,1,1,0.85,0.6725882073791795,0.5716999762723025,0.0,0.0,-0.002318580281333271,1.4380149693408857,1.4292211990141803,1.4650738449033371
2018-07-20,2018,146.165367,252.215303,146.543401,155.335079,165.173339,163.317247,0.016438431210757498,0.0002458306112007591,-0.10361310963394332,0.14646899835017024,1,1,1,0.85,0.6725882073791795,0.5716999762723025,0.0,0.0,0.014009541120823987,1.4616536794944355,1.449243932172523,1.465434004902084
2018-07-23,2018,145.87592,249.428808,146.579426,154.874385,163.964564,162.13222,-0.001980270743615953,0.0002458316086169088,-0.11017306700940233,0.1532999143727134,1,1,1,0.85,0.6725882073791795,0.5716999762723025,0.0,0.0,-0.0016463553907810236,1.458759209475634,1.4468579616122341,1.465794254900831
2018-07-24,2018,147.367866,256.653621,146.615459,157.144719,166.401034,164.825447,0.010227500193314976,0.0002458257682083076,-0.09695047442882732,0.15719726615872057,0,1,1,0.85,0.6725882073791795,0.5716999762723025,0.0,0.0,0.008730249029548975,1.4736786695725461,1.4594893919274945,1.4661545848995772
2018-07-25,2018,148.821314,256.80189,146.651502,159.356028,168.635691,166.699938,0.009862720004373271,0.0002458335583834792,-0.08482311022227851,0.15967473207762786,0,0,1,0.85,0.6725882073791795,0.5716999762723025,0.0,0.0,0.008420187037474802,1.4882131496669575,1.4717785655867341,1.4665150148983233
2018-07-26,2018,147.915354,254.396793,146.687553,157.950153,166.926588,165.084002,-0.006087568881430472,0.00024582769019310113,-0.0940983209358266,0.15827627172616354,0,0,1,0.85,0.6725882073791795,0.5716999762723025,0.0,0.0,-0.005137559395686935,1.4791535496081094,1.4642172157887334,1.4668755248970693
2018-07-27,2018,146.186472,252.495111,146.723613,155.282661,167.895711,166.182827,-0.011688320064460633,0.0002458286286908251,-0.08883894216676125,0.15337677671723288,0,0,1,0.85,0.6725882073791795,0.5716999762723025,0.0,0.0,-0.009898197760487915,1.4618647294958067,1.4497241042225455,1.4672361248958148
2018-07-30,2018,146.276745,252.616963,146.759683,155.40409,168.75762,166.807657,0.0006175195198636629,0.00024583636718378266,-0.08416140805038363,0.15007465339414364,0,0,1,0.85,0.6725882073791795,0.5716999762723025,0.0,0.0,0.0005617670469616809,1.4627674595016706,1.450538511451484,1.46759682489456
2018-07-31,2018,144.546596,249.979081,146.79576,152.734648,166.537678,164.717711,-0.011827915640315934,0.0002458236435411987,-0.09620891473772497,0.16291568612849713,0,0,1,0.85,0.6725882073791795,0.5716999762723025,0.0,0.0,-0.010016854747737364,1.4454659693892857,1.4360086778762753,1.467957594893305
2018-08-01,2018,145.470997,251.7352,146.831847,154.134859,166.71006,164.739261,0.006395176542241199,0.0002458313509872134,-0.09527340682906016,0.16105221859074897,0,0,1,0.85,0.6725882073791795,0.5716999762723025,0.0,0.0,0.005472774763553101,1.4547099794493321,1.4438676299287998,1.4683184648920495
2018-08-02,2018,146.807049,252.839773,146.867943,156.166165,167.414303,165.795002,0.009184318713371997,0.00024583222739127386,-0.09145151767519344,0.15590901018701894,0,0,1,0.85,0.6725882073791795,0.5716999762723025,0.0,0.0,0.007843545740474888,1.4680704995361176,1.4551926717273374,1.4686794248907937
2018-08-03,2018,148.885524,257.388948,146.904048,159.335667,171.19409,169.47935,0.014157869217846564,0.0002458330883001736,-0.07093881546980874,0.16857472556432315,0,0,1,0.85,0.6725882073791795,0.5716999762723025,0.0,0.0,0.012071063798414605,1.4888552496711287,1.4727583953067436,1.4690404748895376
2018-08-06,2018,148.527125,259.323418,146.940161,158.769222,170.386839,168.574413,-0.002407211865674719,0.00024582712656084915,-0.07531972353896677,0.17153478483139423,0,0,1,0.85,0.6725882073791795,0.5716999762723025,0.0,0.0,-0.0020092560168393837,1.4852712596478483,1.4697992466396228,1.4694016048882812
2018-08-07,2018,149.963941,262.710297,146.976283,160.954995,168.906877,166.958477,0.00967376161088418,0.0002458279598591684,-0.08335139828182547,0.17619333793059078,0,0,0,1.0,0.6725882073791795,0.6725882073791795,0.10088823110687695,0.00010088823110687695,0.009572873379777302,1.4996394197411793,1.483869448721396,1.4697628248870247
2018-08-08,2018,148.139182,255.637923,147.012414,158.140481,166.394727,164.437621,-0.012167985102498724,0.0002458287776947454,-0.09698470218102861,0.18506825861438517,0,0,0,1.0,0.6725882073791795,0.6725882073791795,0.0,0.0,-0.012167985102498724,1.4813918296226487,1.465813747375301,1.4701241348857679
2018-08-09,2018,148.362966,257.291958,147.048554,158.466561,165.587476,163.661971,0.0015106334258008225,0.0002458295800786825,-0.10136561025018664,0.17644152380438718,1,0,0,1.0,0.6725882073791795,0.6725882073791795,0.0,0.0,0.0015106334258008225,1.483629669637185,1.4680280546180846,1.4704855348845103
2018-08-10,2018,145.267357,249.816752,147.084703,153.703715,160.849077,159.008085,-0.02086510591868318,0.00024583036702274796,-0.1270806485889323,0.20430094304575114,1,1,1,0.85,0.6725882073791795,0.5716999762723025,0.10088823110687695,0.00010088823110687695,-0.017799353706934168,1.452673579436104,1.4418981040222347,1.4708470248832526
2018-08-13,2018,147.156964,251.575172,147.120861,156.583639,162.913455,161.35657,0.013007788115811714,0.000245831138537822,-0.11587737942235032,0.20931002297452173,1,1,1,0.85,0.6725882073791795,0.5716999762723025,0.0,0.0,0.01109349456922063,1.4715696495588466,1.4578937928085751,1.4712086048819946
2018-08-14,2018,148.700282,256.391094,147.157028,158.932668,165.238508,163.532701,0.01048756346998303,0.0002458318946352289,-0.10325944095101947,0.2040948331350298,1,1,1,0.85,0.6725882073791795,0.5716999762723025,0.0,0.0,0.00895130373368086,1.4870028296590958,1.4709438429594526,1.4715702748807364
2018-08-15,2018,148.007426,250.95808,147.193204,157.853442,162.034728,160.279279,-0.00465941281806026,0.00024583263532629296,-0.12064618392663351,0.21306842843884713,1,1,1,0.85,0.6725882073791795,0.5716999762723025,0.0,0.0,-0.003923626000052277,1.4800742696140903,1.4651724094526002,1.4719320348794782
2018-08-16,2018,146.949682,248.418982,147.229388,156.214805,161.490254,159.740634,-0.007146560335425378,0.00024582656682969883,-0.12360101524929124,0.21327096735086212,1,1,1,0.85,0.6725882073791795,0.5716999762723025,0.0,0.0,-0.0060377023000871164,1.4694968295453825,1.456326134626024,1.4722938748782193
2018-08-17,2018,145.586157,246.597572,147.265581,154.107375,159.829502,158.038513,-0.009278856418348802,0.00024582728008071264,-0.13261382766782093,0.208991542808327,1,1,1,0.85,0.6725882073791795,0.5716999762723025,0.0,0.0,-0.007850153863584374,1.4558615794568122,1.4448937503936505,1.47265580487696
2018-08-20,2018,146.248412,251.435695,147.301784,155.105641,160.458065,158.749529,0.004548887158275727,0.00024583476841066876,-0.12920264983258223,0.20869609968254668,1,1,1,0.85,0.6725882073791795,0.5716999762723025,0.0,0.0,0.0039034292997959684,1.4624841294998303,1.4505337909940292,1.4730178348757006
2018-08-21,2018,143.245476,242.314444,147.337995,150.484841,158.044719,156.228673,-0.020533118677555362,0.0002458286588029601,-0.14229974969999715,0.20552680060420597,1,1,1,0.85,0.6725882073791795,0.5716999762723025,0.0,0.0,-0.017416276577101614,1.4324547693047691,1.4252708933056455,1.473379944874441
2018-08-22,2018,143.669593,246.769436,147.374215,151.118011,161.664738,159.762185,0.0029607706424179536,0.0002458293259657296,-0.12265409989887488,0.21765744517369573,1,1,1,0.85,0.6725882073791795,0.5716999762723025,0.0,0.0,0.00255352944495012,1.4366959393323182,1.4289103644987318,1.473742144873181
2018-08-23,2018,141.753852,240.795168,147.410444,148.163969,158.999126,157.349048,-0.013334352523710402,0.0002458299777883255,-0.13712023387708583,0.22192613918787554,1,1,1,0.85,0.6725882073791795,0.5716999762723025,0.0,0.0,-0.011297325148485592,1.417538529207878,1.4127674995029484,1.4741044348719208
2018-08-24,2018,142.385662,243.393398,147.446682,149.115542,160.319319,158.749529,0.00445709228416602,0.0002458306142811839,-0.12995561696543612,0.22331420730162987,1,1,1,0.85,0.6725882073791795,0.5716999762723025,0.0,0.0,0.0038254030336832942,1.4238566292489183,1.4181719045814363,1.47446681487066
2018-08-27,2018,143.51768,248.314077,147.482929,150.833974,163.825817,161.80903,0.007950365114712366,0.00024583123545629526,-0.10358313965964949,0.2380355480665677,1,1,1,0.85,0.6725882073791795,0.5716999762723025,0.0,0.0,0.0067946850328239545,1.4351768093224508,1.4278079359954672,1.474829284869399
2018-08-28,2018,141.80434,246.828203,147.519185,148.190218,162.865104,161.141115,-0.011938180717525615,0.0002458318413243177,-0.10848101119411357,0.23463291325673702,1,1,1,0.85,0.6725882073791795,0.5716999762723025,0.0,0.0,-0.010110578833698125,1.4180434092111576,1.4133719712992052,1.4751918448681374
2018-08-29,2018,143.874724,248.733946,147.555449,151.347239,164.790735,163.058691,0.014600286563866804,0.0002458256531177039,-0.09794016137564487,0.23896554520296337,0,1,1,0.85,0.6725882073791795,0.5716999762723025,0.0,0.0,0.012447117427254439,1.438747249345643,1.4309643781943566,1.475554484866876
2018-08-30,2018,140.800062,240.928377,147.591723,146.616448,160.617833,158.878799,-0.021370411108486254,0.0002458330088508376,-0.12078250930688794,0.25381940519892576,1,0,1,0.85,0.6725882073791795,0.5716999762723025,0.0,0.0,-0.018127974490885688,1.4080006291459228,1.4050238924490832,1.4759172248656143
2018-08-31,2018,141.89613,243.066759,147.628005,148.27975,161.193841,159.69755,0.007784570435771521,0.00024582679341711433,-0.11762945775015854,0.23793552852354938,1,1,1,0.85,0.6725882073791795,0.5716999762723025,0.0,0.0,0.006653758889418359,1.4189613092171198,1.4143725826633116,1.476280044864352
2018-09-03,2018,140.985317,240.273019,147.664297,146.86632,160.174266,158.318619,-0.006418871325102327,0.00024583411528178445,-0.12321058256257844,0.23816709798841887,1,1,1,0.85,0.6725882073791795,0.5716999762723025,0.0,0.0,-0.00541916550904471,1.4098531791579565,1.406707863546404,1.4766429648630894
2018-09-04,2018,136.997534,228.679785,147.700597,140.735622,157.060881,155.280652,-0.02828509439745419,0.00024582787266425044,-0.14025316429920032,0.24455637019269966,1,1,1,0.85,0.6725882073791795,0.5716999762723025,0.0,0.0,-0.024005456056936426,1.3699753488989228,1.372939199743094,1.4770059648618263
2018-09-05,2018,138.504059,232.714694,147.736906,143.028176,157.859724,156.034752,0.010996730787869557,0.00024582839025377723,-0.13588032023326302,0.24251692020141252,1,1,1,0.85,0.6725882073791795,0.5716999762723025,0.0,0.0,0.00938409542822719,1.385040598996782,1.385822992210637,1.4773690548605636
2018-09-06,2018,139.867276,237.948182,147.773224,145.101023,160.64306,159.654449,0.009842433570845577,0.00024582889261259844,-0.12064441741993215,0.2525709980609613,1,1,1,0.85,0.6725882073791795,0.5716999762723025,0.0,0.0,0.008402942869110629,1.398672769085332,1.397467983640883,1.4777322348593
2018-09-10,2018,139.890587,235.574319,147.809551,145.119674,160.685104,159.438994,0.00016666514617758033,0.0002458293797529265,-0.12041426974897773,0.23118652289921615,1,1,1,0.85,0.6725882073791795,0.5716999762723025,0.0,0.0,0.00017853978121388226,1.3989058790868463,1.3977174872689357,1.4780955048580364
2018-09-11,2018,137.72415,231.011515,147.845887,141.781241,156.945259,155.409922,-0.015486653151294605,0.0002458298516854196,-0.1372823184025841,0.24006297261160098,1,1,1,0.85,0.6725882073791795,0.5716999762723025,0.0,0.0,-0.013126780700847602,1.3772415089461214,1.3793699563318167,1.4784588648567725
2018-09-12,2018,138.779947,231.912345,147.882232,143.382774,157.929097,156.357943,0.007666026619151278,0.0002458303084209579,-0.13187422615541744,0.2345949543999294,1,1,1,0.85,0.6725882073791795,0.5716999762723025,0.0,0.0,0.00655299717254173,1.3877994790147024,1.3884089637555481,1.478822314855508
2018-09-13,2018,137.228176,226.214315,147.918586,140.986671,157.008326,155.172917,-0.011181521779944248,0.00024583074997153176,-0.13693564328559105,0.22617046967241008,1,1,1,0.85,0.6725882073791795,0.5716999762723025,0.0,0.0,-0.009467418900456881,1.3722817689139042,1.375264314490525,1.4791858548542436
2018-09-14,2018,137.481359,229.008093,147.954949,141.357717,158.568171,156.875038,0.0018449782499478928,0.00024583117634713325,-0.12836127875476244,0.2296004291148439,1,1,1,0.85,0.6725882073791795,0.5716999762723025,0.0,0.0,0.0016051061889077788,1.3748135989303503,1.3774717597530977,1.4795494848529784
2018-09-17,2018,139.571475,235.458672,147.991321,144.544939,161.427187,159.589814,0.015202904707975584,0.00024583158755975276,-0.11264545738567011,0.23601773379417937,1,1,1,0.85,0.6725882073791795,0.5716999762723025,0.0,0.0,0.012959343739913209,1.3957147590661174,1.3953228897797612,1.479913204851713
2018-09-18,2018,141.431747,242.763122,148.027702,147.379786,164.633069,162.347675,0.013328454112847998,0.0002458319836202705,-0.09502293661545125,0.24557576803770578,0,1,1,0.85,0.6725882073791795,0.5716999762723025,0.0,0.0,0.011366060793463839,1.4143174791869548,1.4111822145715096,1.4802770148504474
2018-09-19,2018,139.802327,237.674837,148.064091,144.864623,164.328247,162.175305,-0.01152089283037716,0.00024582560904695683,-0.09669852293653847,0.23821806052515773,0,0,1,0.85,0.6725882073791795,0.5716999762723025,0.0,0.0,-0.009755885064463543,1.3980232790811127,1.3974148830811348,1.480640904849181
2018-09-20,2018,139.162557,236.526838,148.10049,143.866677,164.21683,162.304591,-0.004576247146444112,0.00024583273198919287,-0.09731097479741657,0.2251986452157453,0,0,1,0.85,0.6725882073791795,0.5716999762723025,0.0,0.0,-0.0038529351646791167,1.3916255790395553,1.3920307341384657,1.481004894847915
2018-09-21,2018,142.348206,245.004991,148.136897,148.733432,167.008575,164.825447,0.022891567018274994,0.0002458263304867536,-0.0819649376545476,0.2222992086964795,0,0,1,0.85,0.6725882073791795,0.5716999762723025,0.0,0.0,0.01949470591510676,1.4234820692464851,1.4191679639252852,1.4813689648466484
2018-09-24,2018,140.466057,239.30905,148.173314,145.8308,163.939337,162.024485,-0.0132221476679516,0.00024583341988049234,-0.09883633541770465,0.233060858592025,0,0,1,0.85,0.6725882073791795,0.5716999762723025,0.0,0.0,-0.011201950504776787,1.4046605791242268,1.4032705146354294,1.4817331348453815
2018-09-25,2018,140.413691,242.165102,148.209739,145.733383,165.29737,163.489601,-0.00037280180791299244,0.00024582699149200415,-0.09137131806861232,0.22181029713002828,0,0,1,0.85,0.6725882073791795,0.5716999762723025,0.0,0.0,-0.000280007488002243,1.4041369191208253,1.4028775883836386,1.4820973848441146
2018-09-26,2018,140.43372,240.94997,148.246174,145.746951,165.352027,163.424966,0.0001426427854531731,0.0002458340473832088,-0.09107087216394771,0.22052418532472073,0,0,1,0.85,0.6725882073791795,0.5716999762723025,0.0,0.0,0.00015812147474267846,1.4043372091221262,1.4030994134567971,1.4824617348428468
2018-09-27,2018,142.339022,244.447225,148.282617,148.650804,168.177408,166.053557,0.013567268601871518,0.00024582759215086014,-0.07553994015950027,0.22474910334350784,0,0,1,0.85,0.6725882073791795,0.5716999762723025,0.0,0.0,0.01156905245041342,1.4233902292458886,1.4193319441642231,1.482826164841579
2018-09-28,2018,141.737274,243.711576,148.319069,147.711122,166.794149,165.062452,-0.004227568740777121,0.00024582787070737133,-0.08314362315784274,0.20544103400339198,0,0,1,0.85,0.6725882073791795,0.5716999762723025,0.0,0.0,-0.003556559249054447,1.4173727492068011,1.4142840060107276,1.4831906848403111
2018-10-01,2018,141.336282,242.480118,148.355586,147.079188,165.284757,163.317247,-0.0028291217171285687,0.00024620569860767105,-0.09144065089323727,0.2089865162631048,0,0,1,0.85,0.6725882073791795,0.5716999762723025,0.0,0.0,-0.0023678226047681326,1.4133628291807538,1.4109352323717335,1.4835558548390406
2018-10-02,2018,146.007103,253.813949,148.392111,154.222788,171.566183,169.737889,0.03304757231409261,0.00024619902077716027,-0.05691206869601584,0.24377444685006133,0,0,0,1.0,0.6725882073791795,0.6725882073791795,0.10088823110687695,0.00010088823110687695,0.03294668408298573,1.4600710394841554,1.457420869734239,1.4839211048377703
2018-10-03,2018,151.112741,265.301627,148.428645,162.032995,175.057966,172.991311,0.03496842204998751,0.0002461990718629625,-0.03771796908704794,0.23475316968497884,0,0,0,1.0,0.6725882073791795,0.6725882073791795,0.0,0.0,0.03496842204998751,1.5111274198158013,1.5083845778115657,1.4842864448364992
2018-10-04,2018,150.715127,262.680259,148.465188,161.406227,174.385256,172.107925,-0.0026312407370071567,0.000246199107995837,-0.04141581134928152,0.23711098289727367,0,0,0,1.0,0.6725882073791795,0.6725882073791795,0.0,0.0,-0.0026312407370071567,1.5071512797899735,1.5044156548633545,1.4846518748352282
2018-10-05,2018,152.367004,265.480345,148.50174,163.921506,173.058757,171.181454,0.010960260146946066,0.0002461991291857757,-0.04870748839141037,0.23633652924974763,0,0,0,1.0,0.6725882073791795,0.6725882073791795,0.0,0.0,0.010960260146946066,1.5236700498972744,1.520904441809795,1.4850173948339567
2018-10-08,2018,158.991793,276.433768,148.538301,174.060693,180.9673,180.209154,0.043479157731551865,0.0002461991354443249,-0.005234751940203175,0.2785002477434078,0,0,0,1.0,0.6725882073791795,0.6725882073791795,0.0,0.0,0.043479157731551865,1.5899179403275996,1.587032085929861,1.4853830048326846
2018-10-09,2018,159.819724,275.772758,148.574871,175.312781,180.975709,178.830223,0.0052073819936102606,0.000246199126782809,-0.005188528224808531,0.25737145170222303,0,0,0,1.0,0.6725882073791795,0.6725882073791795,0.0,0.0,0.0052073819936102606,1.5981972503813795,1.595296368237414,1.4857487048314124
2018-10-10,2018,156.368693,266.451657,148.61145,170.004839,175.911466,173.939332,-0.021593273431006588,0.00024619910321166394,-0.03302633618309769,0.28624019659076205,0,0,0,1.0,0.6725882073791795,0.6725882073791795,0.0,0.0,-0.021593273431006588,1.5636869401572115,1.5608486975545717,1.48611449483014
2018-10-11,2018,157.313912,269.3501,148.648039,171.436731,174.317986,172.689671,0.006044809749736757,0.0002462057936991613,-0.04178559007857119,0.2881666844446877,0,0,0,1.0,0.6725882073791795,0.6725882073791795,0.0,0.0,0.006044809749736757,1.57313913021861,1.5702837309794135,1.4864803848288675
2018-10-15,2018,157.560789,268.973882,148.684636,171.798,175.240859,173.357585,0.0015693271933889807,0.00024619900972933095,-0.03671261839378226,0.28766800316997915,0,0,0,1.0,0.6725882073791795,0.6725882073791795,0.0,0.0,0.0015693271933889807,1.5756079002346464,1.5727480199397759,1.4868463548275943
2018-10-16,2018,161.674625,281.273643,148.721242,178.087653,180.197888,177.968388,0.02610951637212211,0.00024619894149635613,-0.009464158684074464,0.295936645689175,0,0,0,1.0,0.6725882073791795,0.6725882073791795,0.0,0.0,0.02610951637212211,1.6167462605018679,1.613811710115616,1.4872124148263206
2018-10-17,2018,162.788755,284.315982,148.757857,179.778488,180.29459,178.226943,0.006891186542105965,0.0002461988583986052,-0.00893259420243675,0.2915721250683882,0,0,0,1.0,0.6725882073791795,0.6725882073791795,0.0,0.0,0.006891186542105965,1.6278875605742384,1.6249327876538577,1.487578564825047
2018-10-18,2018,161.5356,279.588649,148.794481,177.840062,176.264639,178.226943,-0.007698044008015326,0.0002461987604458482,-0.031084967621191617,0.3063971337826174,1,0,0,1.0,0.6725882073791795,0.6725882073791795,0.0,0.0,-0.007698044008015326,1.6153560104928373,1.6124239835444314,1.4879448048237727
2018-10-19,2018,163.301316,286.207371,148.831114,180.529829,177.048766,174.995072,0.010930816488749384,0.00024619864765029753,-0.026774673498079937,0.3059684749650282,1,1,1,0.85,0.6725882073791795,0.5716999762723025,0.10088823110687695,0.00010088823110687695,0.009227235581477644,1.6330131706075328,1.6273021994978203,1.4883111348224987
2018-10-22,2018,164.522588,289.448844,148.867757,182.384909,179.94352,178.011488,0.007478641507089767,0.00024620523904705927,-0.010862402712793817,0.3056089023392968,1,1,1,0.85,0.6725882073791795,0.5716999762723025,0.0,0.0,0.006393776066883361,1.6452258906868626,1.637706805354556,1.488677564821224
2018-10-23,2018,164.297435,289.286923,148.904408,182.022487,179.319161,177.300473,-0.001368523330060989,0.00024619837591810523,-0.014294462734208646,0.2956059648998446,0,1,1,0.85,0.6725882073791795,0.5716999762723025,0.0,0.0,-0.0011263150741641248,1.6429743606722373,1.6358622314926239,1.4890440748199487
2018-10-24,2018,163.134883,284.2867,148.941068,180.222948,174.618603,172.689671,-0.007075898659038793,0.0002461982186585665,-0.04013311836364808,0.31473541578941766,1,0,1,0.85,0.6725882073791795,0.5716999762723025,0.0,0.0,-0.0059775841273841885,1.6313488405967216,1.6260837273830664,1.4894106748186735
2018-10-25,2018,165.111383,288.801177,148.977737,183.235847,176.762865,174.585696,0.012115741058275065,0.0002461980465990887,-0.02834625233682886,0.3162798657393849,1,1,1,0.85,0.6725882073791795,0.5716999762723025,0.0,0.0,0.010335309606523667,1.6511138407251087,1.6428898061517005,1.4897773648173978
2018-10-26,2018,167.008482,290.70541,149.014416,186.127013,180.202093,178.205393,0.011489813515764613,0.00024620457216384395,-0.009441044077910354,0.3177356371343505,1,1,1,0.85,0.6725882073791795,0.5716999762723025,0.0,0.0,0.009803272174224498,1.670084830848338,1.6589955020736646,1.490144154816122
2018-10-29,2018,165.367793,287.094975,149.051103,183.594435,176.159528,174.111686,-0.00982398606556989,0.0002461976564738233,-0.031662755818223975,0.32859465505308716,1,1,1,0.85,0.6725882073791795,0.5716999762723025,0.0,0.0,-0.008313458507263333,1.6536779407417643,1.6452035118034387,1.4905110248148459
2018-10-30,2018,168.396453,295.882618,149.0878,188.220375,182.653278,180.467709,0.018314690817697432,0.00024620414919018785,0.0,0.346317943536129,1,1,1,0.85,0.6725882073791795,0.5716999762723025,0.0,0.0,0.015604417817421345,1.6839645409384962,1.6708759547963083,1.490877994813569
2018-10-31,2018,168.986228,299.542745,149.124505,189.107284,183.784271,181.157175,0.0035023006096215337,0.0002461972072833607,0.0,0.32408884163059937,1,1,1,0.85,0.6725882073791795,0.5716999762723025,0.0,0.0,0.0030138850992708077,1.6898622909768062,1.675911782939199,1.4912450448122925
2018-11-01,2018,169.771111,301.63962,149.161219,190.293309,185.875978,183.67803,0.004644656604797293,0.00024619696139138725,0.0,0.31948572372725415,1,1,1,0.85,0.6725882073791795,0.5716999762723025,0.0,0.0,0.003984887658286407,1.6977111210277895,1.6825901031194102,1.4916121848110153
2018-11-05,2018,171.409903,303.174582,149.197943,192.788446,188.354492,185.509421,0.009652949729474392,0.0002462034049213191,0.0,0.32028521668571697,1,1,1,0.85,0.6725882073791795,0.5716999762723025,0.0,0.0,0.008241937780791431,1.7140990411342405,1.6964579060598957,1.491979424809738
2018-11-06,2018,167.726506,291.776752,149.234675,187.124194,186.401532,183.742665,-0.021488822614875502,0.0002461964237669978,-0.010368534242336969,0.321765284740143,1,1,1,0.85,0.6725882073791795,0.5716999762723025,0.0,0.0,-0.018228569759079126,1.6772650708949786,1.6655339047759414,1.4923467448084602
2018-11-07,2018,165.54942,284.750982,149.271417,183.769245,184.393914,182.255999,-0.01297997586618782,0.00024620283456244785,-0.021027255352104923,0.28481940106565934,0,1,1,0.85,0.6725882073791795,0.5716999762723025,0.0,0.0,-0.01099604906107528,1.655494210753562,1.6472196122461409,1.492714164807182
2018-11-08,2018,164.024363,279.438449,149.308168,181.41391,179.991871,177.968388,-0.009212095095229023,0.0002462025265024259,-0.04439830933259603,0.2983183971354955,0,0,1,0.85,0.6725882073791795,0.5716999762723025,0.0,0.0,-0.007793350451969305,1.6402436406544991,1.6343822525365497,1.4930816748059035
2018-11-09,2018,164.28466,277.635065,149.344927,181.795677,180.036017,177.796017,0.0015869410814295382,0.0002461955061963117,-0.044163932124326566,0.27956952788119105,0,0,1,0.85,0.6725882073791795,0.5716999762723025,0.0,0.0,0.001385829245144554,1.6428466106714072,1.63664722725986,1.4934492648046247
2018-11-12,2018,166.715851,286.052241,149.381696,185.50561,179.79216,177.429742,0.014798648881763965,0.0002462018679749711,-0.04545860260131196,0.2771079209596424,0,0,1,0.85,0.6725882073791795,0.5716999762723025,0.0,0.0,0.012615781829695616,1.6671585208293294,1.6572948116111468,1.4938169548033455
2018-11-13,2018,167.159305,285.443886,149.418474,186.168164,178.507705,175.899992,0.0026599390360309005,0.0002462015158803954,-0.05227795151283143,0.2784771788770192,0,0,1,0.85,0.6725882073791795,0.5716999762723025,0.0,0.0,0.0022978784080083248,1.6715930608581349,1.6611030735744523,1.494184734802066
2018-11-14,2018,166.614487,286.482807,149.455261,185.315604,180.733954,178.076123,-0.0032592741397194924,0.00024620114912976554,-0.04045848824247833,0.26321632148835855,0,0,1,0.85,0.6725882073791795,0.5716999762723025,0.0,0.0,-0.0027334528463921035,1.6661448808227455,1.6565625266498394,1.4945526048007864
2018-11-16,2018,169.617071,292.362398,149.492057,189.90152,186.077791,183.785766,0.018021146024355117,0.0002462007677332956,-0.012087319903153704,0.28302006345845065,0,0,1,0.85,0.6725882073791795,0.5716999762723025,0.0,0.0,0.015354904235861843,1.6961707210177839,1.681998885607265,1.4949205647995063
2018-11-19,2018,168.561848,291.746759,149.528861,188.266457,184.787029,181.631185,-0.006221207533998796,0.00024619368238409933,-0.01894015354834222,0.2706415972695337,0,0,1,0.85,0.6725882073791795,0.5716999762723025,0.0,0.0,-0.005251097351541362,1.6856184909492398,1.673166545713757,1.4952886047982261
2018-11-21,2018,168.2453,290.138691,149.602499,187.746522,183.458428,181.588084,-0.0018779338489455233,0.0004924668021111245,-0.02599387966813127,0.2726763996588064,0,0,1,0.85,0.6725882073791795,0.5716999762723025,0.0,0.0,-0.0015223737512870261,1.6824530109286777,1.6706193608830306,1.4960249847956644
2018-11-22,2018,170.608353,292.661164,149.639331,191.351964,183.895689,181.631185,0.014045283880144144,0.0002461990959121696,-0.02367240065609899,0.26732739907622044,0,0,1,0.85,0.6725882073791795,0.5716999762723025,0.0,0.0,0.011975421162509348,1.7060835410821742,1.6906257313318471,1.4963933047943832
2018-11-23,2018,170.980342,291.951326,149.676172,191.904926,181.274224,178.894858,0.002180368038603664,0.00024619864145214443,-0.037590120229253676,0.27252827348897574,0,0,0,1.0,0.6725882073791795,0.6725882073791795,0.10088823110687695,0.00010088823110687695,0.002079479807496787,1.7098034311063375,1.6941413534021863,1.4967617147931016
2018-11-26,2018,169.235048,287.070794,149.713022,189.211901,179.838409,177.408192,-0.01020757111364301,0.0002461981724117823,-0.045213060275727246,0.2558073058789948,0,0,0,1.0,0.6725882073791795,0.6725882073791795,0.0,0.0,-0.01020757111364301,1.6923504909929687,1.67684828506077,1.4971302147918195
2018-11-27,2018,173.59593,298.597612,149.749881,195.880179,184.766007,182.040544,0.025768196668103815,0.0002461976888021855,-0.01905176224838845,0.269449536561132,0,0,0,1.0,0.6725882073791795,0.6725882073791795,0.0,0.0,0.025768196668103815,1.7359593112762377,1.7200576414527886,1.497498804790537
2018-11-28,2018,176.63407,301.976504,149.78675,200.520572,187.625023,185.293966,0.017501216762397576,0.00024620386843587916,-0.003872851622779394,0.2664503529319238,0,0,0,1.0,0.6725882073791795,0.6725882073791795,0.0,0.0,0.017501216762397576,1.7663407114735856,1.7501607430796722,1.4978674947892547
2018-11-29,2018,177.016678,301.100621,149.823627,201.089795,188.589941,186.112701,0.00216610532724526,0.0002461966762745682,0.0,0.250184574365114,0,0,0,1.0,0.6725882073791795,0.6725882073791795,0.0,0.0,0.00216610532724526,1.7701667914984387,1.7539517755887926,1.4982362647879717
2018-11-30,2018,175.316822,295.895782,149.860514,198.466414,188.156884,186.091167,-0.009602801381234927,0.0002462028235372671,-0.002296288962729043,0.2174657332871064,0,0,0,1.0,0.6725882073791795,0.6725882073791795,0.0,0.0,-0.009602801381234927,1.7531682313880212,1.7371089250555491,1.4986051347866884
2018-12-03,2018,174.723249,292.319542,149.89741,197.539059,188.821185,186.349706,-0.0033857161750284748,0.0002462022784734952,0.0,0.21692067321056033,0,0,0,1.0,0.6725882073791795,0.6725882073791795,0.0,0.0,-0.0033857161750284748,1.7472325013494647,1.7312275672702022,1.498974094785405
2018-12-04,2018,174.280521,290.675402,149.934314,196.842957,186.306932,183.634946,-0.0025338814527195996,0.0002461950476662089,-0.013315523891029635,0.2196081009550073,0,0,0,1.0,0.6725882073791795,0.6725882073791795,0.0,0.0,-0.0025338814527195996,1.7428052213207064,1.7268408418470593,1.4993431347841213
2018-12-05,2018,173.700875,291.722233,149.971228,195.936944,187.181455,185.358601,-0.003325936809656427,0.00024620114645657054,-0.008684036168928877,0.21484760559234245,0,0,0,1.0,0.6725882073791795,0.6725882073791795,0.0,0.0,-0.003325936809656427,1.7370087612830545,1.721097478326742,1.4997122747828369
2018-12-06,2018,174.985502,294.434104,150.008151,197.889022,186.773625,184.302861,0.007395627684661843,0.00024620055788293627,-0.010843910337709262,0.21166283294675134,0,0,0,1.0,0.6725882073791795,0.6725882073791795,0.0,0.0,0.007395627684661843,1.7498550313664996,1.733826074485457,1.5000815047815523
2018-12-07,2018,173.814486,292.183769,150.045083,196.076377,185.236904,182.988565,-0.006692074409684556,0.0002461999548277749,-0.01898240920371308,0.21010423081006424,0,0,0,1.0,0.6725882073791795,0.6725882073791795,0.0,0.0,-0.006692074409684556,1.738144871290434,1.722223181381549,1.5004508247802675
2018-12-10,2018,171.983578,286.925853,150.082024,193.252056,180.612025,178.528583,-0.010533690500341808,0.0002461993373017446,-0.043475841971863605,0.21180392507072016,0,0,0,1.0,0.6725882073791795,0.6725882073791795,0.0,0.0,-0.010533690500341808,1.719835791171504,1.7040818154163617,1.5008202347789823
2018-12-11,2018,173.570649,292.123215,150.118974,195.667794,181.673645,179.907514,0.009228038039771569,0.0002461987053161696,-0.03785348556095558,0.21274171850861928,0,0,0,1.0,0.6725882073791795,0.6725882073791795,0.0,0.0,0.009228038039771569,1.7357065012745954,1.719807147231907,1.5011897347776972
2018-12-12,2018,176.304309,296.517719,150.155934,199.84135,182.84458,180.769349,0.015749552218359053,0.0002462047202640427,-0.031652195170790876,0.21362133786975654,0,0,0,1.0,0.6725882073791795,0.6725882073791795,0.0,0.0,0.015749552218359053,1.7630431014521648,1.746893339702743,1.5015593347764113
2018-12-13,2018,176.932545,298.742237,150.192902,200.7871,184.654589,181.588084,0.0035633615738797086,0.0002461973963678865,-0.0220663587086376,0.21364644101238142,0,0,0,1.0,0.6725882073791795,0.6725882073791795,0.0,0.0,0.0035633615738797086,1.7693254614929732,1.7531181523031063,1.5019290147751252
2018-12-14,2018,177.77874,301.047367,150.22988,202.066998,183.838929,181.437264,0.0047825853632523785,0.00024620337917169444,-0.02638610704619826,0.21082909437844,0,0,0,1.0,0.6725882073791795,0.6725882073791795,0.0,0.0,0.0047825853632523785,1.7777874115479393,1.7615025895183631,1.5022987947738389
2018-12-17,2018,175.497885,298.512493,150.266866,198.552846,181.631601,179.347318,-0.01282973993403258,0.0002461960297110988,-0.03807615125389674,0.1861486388281203,0,0,0,1.0,0.6725882073791795,0.6725882073791795,0.0,0.0,-0.01282973993403258,1.7549788613997823,1.7389029694017175,1.502668654772552
2018-12-18,2018,178.127592,304.850373,150.303862,202.567016,182.073066,179.907514,0.014984266049701933,0.0002462019804154725,-0.035738145589966464,0.18524946781030305,0,0,0,1.0,0.6725882073791795,0.6725882073791795,0.0,0.0,0.014984266049701933,1.7812759315705997,1.7649591541298495,1.5030386147712653
2018-12-19,2018,177.010707,304.670497,150.340867,200.837325,180.105391,177.752933,-0.006270140338505148,0.00024620125862107045,-0.04615898369666527,0.18736951607330804,0,0,0,1.0,0.6725882073791795,0.6725882073791795,0.0,0.0,-0.006270140338505148,1.7701070814980506,1.753892612541726,1.503408664769978
2018-12-20,2018,177.923913,306.923823,150.377881,202.219939,179.253992,177.580562,0.005159043853770973,0.0002462005224435071,-0.050668006346851424,0.1874391507445916,0,0,0,1.0,0.6725882073791795,0.6725882073791795,0.0,0.0,0.005159043853770973,1.7792391415573696,1.7629410214446337,1.5037788047686904
2018-12-21,2018,178.556681,313.340514,150.414904,203.172611,180.153742,177.623663,0.0035563966042047035,0.00024619977189344056,-0.04590291603137653,0.1820585946433666,0,0,0,1.0,0.6725882073791795,0.6725882073791795,0.0,0.0,0.0035563966042047035,1.7855668215984724,1.7692107389067127,1.5041490347674027
2018-12-26,2018,177.622896,308.653763,150.488977,201.706192,178.974398,176.977282,-0.005229627896141231,0.0004924578484588604,-0.0521487406193325,0.18135433562270917,0,0,0,1.0,0.6725882073791795,0.6725882073791795,0.0,0.0,-0.005229627896141231,1.7762289715378168,1.7599584250723734,1.5048897647648256
2018-12-27,2018,177.386361,306.594781,150.526027,201.326133,179.655516,178.076123,-0.0013316695388189137,0.00024619743411502526,-0.04854152885440266,0.15047532188400847,0,0,0,1.0,0.6725882073791795,0.6725882073791795,0.0,0.0,-0.0013316695388189137,1.7738636215224521,1.7576147420481167,1.5052602647635367
2018-12-28,2018,181.300382,316.748268,150.563087,207.30924,184.757598,182.27755,0.02206494895061306,0.00024620326955160365,-0.021520821405712542,0.17469725332949307,0,0,0,1.0,0.6725882073791795,0.6725882073791795,0.0,0.0,0.02206494895061306,1.8130038317766946,1.7963964216062533,1.5056308647622476
2019-01-03,2019,180.148002,311.517351,150.600156,205.633697,185.878178,182.484916,-0.006356190631678249,0.00024620206724357274,-0.01558621189672138,0.17513737712704616,0,0,0,1.0,0.6933300722942337,0.6933300722942337,0.020741864915054253,2.0741864915054254e-05,-0.006376932496593303,1.8014800338059587,1.7849409228885484,1.5060015541936578
2019-01-04,2019,180.672326,309.718544,150.637233,206.475844,186.440497,183.521762,0.002910517986205674,0.0002461949641008321,-0.01260816152594324,0.17549873108916472,0,0,0,1.0,0.6933300722942337,0.6933300722942337,0.0,0.0,0.002910517986205674,1.8067232738461414,1.79013602554893,1.5063723241922282
2019-01-07,2019,180.288737,309.95232,150.67432,205.820632,186.152232,183.480295,-0.0021231198407219987,0.0002462007517092246,-0.014134817552384327,0.1749148805015428,0,0,0,1.0,0.6933300722942337,0.6933300722942337,0.0,0.0,-0.0021231198407219987,1.8028873838167445,1.7863353522354959,1.5067431941907983
2019-01-08,2019,180.955424,311.170055,150.711416,206.897557,186.828234,184.206084,0.0036978849100262057,0.00024619988329810383,-0.010554700204852607,0.16888467530737436,0,0,0,1.0,0.6933300722942337,0.6933300722942337,0.0,0.0,0.0036978849100262057,1.809554253867837,1.7929410147787739,1.5071141541893682
2019-01-09,2019,181.738608,310.708956,150.748521,208.166605,190.037721,187.295881,0.004328049321141059,0.00024619900061195743,0.0,0.17881971197743346,0,0,0,1.0,0.6933300722942337,0.6933300722942337,0.0,0.0,0.004328049321141059,1.8173860939278577,1.8007009519206332,1.5074852041879379
2019-01-10,2019,182.451345,308.914965,150.785636,209.319465,190.429517,187.503247,0.003921769886121362,0.00024620473722580805,0.0,0.17851051672233129,0,0,0,1.0,0.6933300722942337,0.6933300722942337,0.0,0.0,0.003921769886121362,1.8245134639824796,1.8077628866877855,1.5078563541865067
2019-01-11,2019,181.578341,305.570924,150.822759,207.857077,190.129072,187.420298,-0.004784859218220694,0.00024619719082519254,-0.0015777228485014394,0.17547137477791233,0,0,0,1.0,0.6933300722942337,0.6933300722942337,0.0,0.0,-0.004784859218220694,1.8157834239155752,1.7991129957750602,1.5082275841850752
2019-01-14,2019,182.729285,307.84414,150.859892,209.732628,191.785581,189.141466,0.006338553341006747,0.000246202895678449,0.0,0.14683296029831533,0,0,0,1.0,0.6933300722942337,0.6933300722942337,0.0,0.0,0.006338553341006747,1.82729286400378,1.8105167694652788,1.5085989141836436
2019-01-15,2019,182.034143,309.681505,150.897033,208.563563,190.937026,187.897254,-0.0038042178077805078,0.00024619532406933153,-0.004424498419409395,0.14873939396317462,0,0,0,1.0,0.6933300722942337,0.6933300722942337,0.0,0.0,-0.0038042178077805078,1.8203414439505066,1.8036291693295938,1.5089703241822117
2019-01-16,2019,183.260233,316.525758,150.934184,210.563036,191.621148,189.01705,0.006735494670359721,0.0002462009972057366,-0.0008573793668044116,0.1480859370816686,0,0,0,1.0,0.6933300722942337,0.6933300722942337,0.0,0.0,0.006735494670359721,1.83260234404447,1.8157775039869186,1.5093418341807792
2019-01-17,2019,183.435779,318.332625,150.971344,210.829919,193.565922,190.717477,0.0009579055811852477,0.0002462000258338648,0.0,0.14825660536693525,0,0,0,1.0,0.6933300722942337,0.6933300722942337,0.0,0.0,0.0009579055811852477,1.8343578040579234,1.8175168473921783,1.5097134341793466
2019-01-18,2019,183.581096,323.369935,151.008513,211.046943,195.080329,192.044638,0.0007921955072898168,0.0002461990402629066,0.0,0.1471539104780807,0,0,0,1.0,0.6933300722942337,0.6933300722942337,0.0,0.0,0.0007921955072898168,1.83581097406906,1.818956676073106,1.5100851241779136
2019-01-21,2019,182.688827,323.237067,151.045692,209.552748,194.903716,192.106847,-0.0048603533775612995,0.00024620466264702046,-0.000905334745462727,0.13705550883533552,0,0,0,1.0,0.6933300722942337,0.6933300722942337,0.0,0.0,-0.0048603533775612995,1.8268882840006793,1.8101159038489163,1.51045691417648
2019-01-22,2019,181.239469,322.762088,151.082879,207.139783,193.062474,189.535473,-0.007933479150314948,0.0002461970249372225,-0.01034371333257289,0.14463742327531892,0,0,0,1.0,0.6933300722942337,0.6933300722942337,0.0,0.0,-0.007933479150314948,1.8123947038896053,1.7957553870660774,1.5108287841750463
2019-01-23,2019,184.892859,324.730349,151.120076,213.14239,196.016175,193.060743,0.020157805692974984,0.0002462026157181718,0.0,0.14129452103919238,0,0,0,1.0,0.6933300722942337,0.6933300722942337,0.0,0.0,0.020157805692974984,1.848928604169589,1.8319538752306685,1.5112007541736125
2019-01-24,2019,185.757134,328.909851,151.157282,214.545116,198.287785,195.279593,0.004674463928323158,0.00024620157020027733,0.0,0.13935748116820365,0,0,0,1.0,0.6933300722942337,0.6933300722942337,0.0,0.0,0.004674463928323158,1.8575713542358245,1.8405172775387861,1.511572814172178
2019-01-28,2019,183.610531,328.211765,151.231721,210.95955,193.754716,190.945584,-0.01155596532836256,0.0004924605617080413,-0.022861060251391785,0.17108624976396467,0,0,0,1.0,0.6933300722942337,0.6933300722942337,0.0,0.0,-0.01155596532836256,1.8361053240713159,1.8192483236932957,1.5123172041693078
2019-01-29,2019,185.717379,326.052658,151.268954,214.41154,194.150573,191.173692,0.01147454881005694,0.0002461983488240005,-0.020864684125651012,0.1669291866360146,0,0,0,1.0,0.6933300722942337,0.6933300722942337,0.0,0.0,0.01147454881005694,1.8571738042327777,1.8401233773811287,1.5126895341678723
2019-01-30,2019,186.298583,323.965808,151.306196,215.347395,196.905331,193.93169,0.0031295078744355553,0.00024619724679264543,-0.006971957450631838,0.17068786382546108,0,0,0,1.0,0.6933300722942337,0.6933300722942337,0.0,0.0,0.0031295078744355553,1.8629858442773195,1.845882057980576,1.5130619541664365
2019-01-31,2019,185.466096,321.990639,151.343448,213.95175,197.713285,194.927069,-0.004468563241836421,0.0002462027397740485,-0.0028973040371599312,0.14582760550565887,0,0,0,1.0,0.6933300722942337,0.6933300722942337,0.0,0.0,-0.004468563241836421,1.8546609742135203,1.8376336172675185,1.513434474165
2019-02-01,2019,184.944016,325.002556,151.380709,213.06803,198.661312,195.6736,-0.0028149619324493447,0.00024620160629607035,0.0,0.14559322746860556,0,0,0,1.0,0.6933300722942337,0.6933300722942337,0.0,0.0,-0.0028149619324493447,1.8494401741735098,1.8324607485891213,1.5138070841635634
2019-02-04,2019,184.748451,325.312563,151.417978,212.722801,200.139178,197.06297,-0.0010574281029996913,0.00024619385287727447,0.0,0.14629549199329264,0,0,0,1.0,0.6933300722942337,0.6933300722942337,0.0,0.0,-0.0010574281029996913,1.847484524158522,1.8305230530959193,1.5141797741621266
2019-02-05,2019,185.200485,323.345645,151.455258,213.445603,199.574828,196.58603,0.0024467539378720815,0.0002462059029739727,-0.002819787737911028,0.14695711963172314,0,0,0,1.0,0.6933300722942337,0.6933300722942337,0.0,0.0,0.0024467539378720815,1.8520048641931646,1.8350018925844473,1.5145525741606891
2019-02-06,2019,180.801101,318.125475,151.492546,206.167319,192.114447,189.265883,-0.023754711009531082,0.0002461981214281206,-0.04009575276660715,0.20658610655406293,0,0,0,1.0,0.6933300722942337,0.6933300722942337,0.0,0.0,-0.023754711009531082,1.80801102385601,1.7914119529241612,1.5149254541592516
2019-02-07,2019,181.318102,317.452418,151.529843,206.997256,191.647539,188.705993,0.0028595013920851287,0.0002461969316958079,-0.04242866931331157,0.19838238517751378,0,0,0,1.0,0.6933300722942337,0.6933300722942337,0.0,0.0,0.0028595013920851287,1.8131810338956316,1.7965344978973459,1.5152984241578136
2019-02-08,2019,184.519749,327.958672,151.56715,212.254773,193.549682,190.157571,0.017657624719676246,0.0002462023272866709,-0.03292456812228939,0.2011493716065239,0,0,0,1.0,0.6933300722942337,0.6933300722942337,0.0,0.0,0.017657624719676246,1.8451975041409951,1.8282570298571692,1.5156714941563751
2019-02-11,2019,182.562831,325.832622,151.604466,209.004647,191.661749,188.685251,-0.010605466409993825,0.0002462011062422942,-0.042357668721913155,0.20454516444929885,0,0,0,1.0,0.6933300722942337,0.6933300722942337,0.0,0.0,-0.010605466409993825,1.8256283239910234,1.808867511338184,1.5160446541549364
2019-02-12,2019,185.927327,335.183201,151.641791,214.530726,195.224461,191.71284,0.018429249708556528,0.0002461998711833502,-0.02455649637973434,0.2126594039031159,0,0,0,1.0,0.6933300722942337,0.6933300722942337,0.0,0.0,0.018429249708556528,1.8592732842488675,1.8422035823943306,1.5164179041534975
2019-02-13,2019,184.8411,330.536995,151.679125,212.716556,194.56267,192.023897,-0.0058422127479946795,0.0002461986221198309,-0.02786315031232911,0.21234245953217182,0,0,0,1.0,0.6933300722942337,0.6933300722942337,0.0,0.0,-0.0058422127479946795,1.848411014165623,1.831441037140865,1.516791244152058
2019-02-14,2019,188.685935,337.156898,151.716468,219.034811,198.973937,195.632117,0.02080075805651438,0.0002461973590630606,-0.005822153421655263,0.22577721208877646,0,0,0,1.0,0.6933300722942337,0.6933300722942337,0.0,0.0,0.02080075805651438,1.8868593644602785,1.8695363990492038,1.5171646741506182
2019-02-15,2019,187.725467,333.77424,151.753821,217.428035,197.98125,195.010019,-0.005090299920871066,0.00024620267326547207,-0.01078213681880913,0.2249066301061597,0,0,0,1.0,0.6933300722942337,0.6933300722942337,0.0,0.0,-0.005090299920871066,1.8772546843866715,1.860019898065058,1.517538204149178
2019-02-18,2019,189.222518,337.27483,151.791183,219.874255,195.918734,192.81191,0.007974682518701703,0.0002462013790085482,-0.021087545388039808,0.22711762330796903,0,0,0,1.0,0.6933300722942337,0.6933300722942337,0.0,0.0,0.007974682518701703,1.8922251945014008,1.8748529662305946,1.5179118241477378
2019-02-19,2019,189.137447,338.550919,151.828554,219.711195,198.251244,194.470855,-0.0004495817987159034,0.00024620007079079187,-0.009433105596146518,0.23073031571109542,0,0,0,1.0,0.6933300722942337,0.6933300722942337,0.0,0.0,-0.0004495817987159034,1.8913744844948812,1.8740100664617088,1.5182855341462973
2019-02-20,2019,188.032698,335.876035,151.865934,217.86645,195.989785,193.205901,-0.005840985048296665,0.0002461987486228612,-0.020732537434524523,0.23200349678027055,0,0,0,1.0,0.6933300722942337,0.6933300722942337,0.0,0.0,-0.005840985048296665,1.8803269944102168,1.8630640016831486,1.5186593341448562
2019-02-21,2019,191.279169,340.483088,151.903323,223.19784,196.775409,194.056122,0.017265459861667276,0.0002461974125151922,-0.01680714907303149,0.22606592622348903,0,0,0,1.0,0.6933300722942337,0.6933300722942337,0.0,0.0,0.017265459861667276,1.912791704659016,1.8952306584239262,1.5190332241434148
2019-02-22,2019,195.967405,340.690984,151.940722,230.907019,198.712063,195.839499,0.024509914093154617,0.00024620264561292515,-0.007130612877804365,0.22499041138051085,0,0,0,1.0,0.6933300722942337,0.6933300722942337,0.0,0.0,0.024509914093154617,1.959674065018307,1.9416825990486095,1.5194072141419728
2019-02-25,2019,197.772624,340.388629,151.97813,233.86145,197.40066,194.450113,0.00921183295762873,0.0002462012784170131,-0.013683068089747064,0.20977056790077594,0,0,0,1.0,0.6933300722942337,0.6933300722942337,0.0,0.0,0.00921183295762873,1.977726255156653,1.9595690548077798,1.5197812941405306
2019-02-26,2019,198.99728,341.926377,152.015547,235.858395,198.137562,195.175918,0.006192242258969083,0.0002461998973142254,-0.010001120320380141,0.20996597769640762,0,0,0,1.0,0.6933300722942337,0.6933300722942337,0.0,0.0,0.006192242258969083,1.9899728152505067,1.9717031811183285,1.5201554641390882
2019-02-27,2019,196.476231,334.707318,152.052973,231.677825,197.536672,194.595271,-0.012668761100654069,0.0002461985023149982,-0.013003481007601514,0.2045572136902983,0,0,0,1.0,0.6933300722942337,0.6933300722942337,0.0,0.0,-0.012668761100654069,1.964762325057302,1.9467241445553407,1.5205297241376452
2019-02-28,2019,196.475391,330.878235,152.090408,231.65364,194.038921,190.468628,-4.275326311642402e-06,0.0002461970934299895,-0.03048007422115029,0.21354604995861767,0,0,0,1.0,0.6933300722942337,0.6933300722942337,0.0,0.0,-4.275326311642402e-06,1.9647539250572377,1.946715821674384,1.5209040741362019
2019-03-01,2019,199.122535,333.761009,152.127853,235.996571,192.049486,188.871892,0.01347315807097682,0.00024620224570637284,-0.040420331895237305,0.21494501325721954,0,0,0,1.0,0.6933300722942337,0.6933300722942337,0.0,0.0,0.01347315807097682,1.991225365260106,1.9729442316590746,1.5212785241347582
2019-03-06,2019,200.483717,325.413396,152.165307,238.218658,191.263862,188.208311,0.006835901320762172,0.0002462008058448095,-0.04434572025673056,0.2123929971806772,0,0,0,1.0,0.6933300722942337,0.6933300722942337,0.0,0.0,0.006835901320762172,2.0048371853644227,1.986431083738063,1.5216530641333146
2019-03-07,2019,198.179233,321.685238,152.20277,234.395229,191.513556,188.809684,-0.011494619286213648,0.0002461993521294392,-0.0430981184503515,0.21273265311041561,0,0,0,1.0,0.6933300722942337,0.6933300722942337,0.0,0.0,-0.011494619286213648,1.9817923451878146,1.963597814692193,1.52202769413187
2019-03-08,2019,199.089295,335.322954,152.240242,235.873304,193.594343,190.468628,0.00459211586513697,0.0002461978845720303,-0.03270141840994256,0.17108327566978676,0,0,0,1.0,0.6933300722942337,0.6933300722942337,0.0,0.0,0.00459211586513697,1.9908929652575584,1.9726148833697894,1.5224024141304253
2019-03-11,2019,203.5296,337.603774,152.277724,243.17354,198.998298,196.067606,0.022303082644398398,0.000246202971747822,-0.005700433125592097,0.19637150059145508,0,0,0,1.0,0.6933300722942337,0.6933300722942337,0.0,0.0,0.022303082644398398,2.035296015597849,2.016610276139156,1.5227772341289803
2019-03-12,2019,202.570195,335.937935,152.315215,241.568432,198.59432,195.756549,-0.0047138352357591895,0.0002462014733026763,-0.007718918481817605,0.19451319131636233,0,0,0,1.0,0.6933300722942337,0.6933300722942337,0.0,0.0,-0.0047138352357591895,2.025701965524324,2.007104307562697,1.5231521441275346
2019-03-13,2019,206.308562,334.295139,152.352715,247.711002,200.778639,197.643601,0.018454674440136598,0.0002461999610479104,0.0,0.19272950274296585,0,0,0,1.0,0.6933300722942337,0.6933300722942337,0.0,0.0,0.018454674440136598,2.06308563581082,2.0441447641261625,1.523527144126089
2019-03-14,2019,205.679714,334.141314,152.390224,246.651047,200.171658,196.897071,-0.0030480945332749254,0.00024619843499351646,-0.003023135344592087,0.18370291803888886,0,0,0,1.0,0.6933300722942337,0.6933300722942337,0.0,0.0,-0.0030480945332749254,2.0567971557626272,2.037914017645407,1.5239022341246429
2019-03-15,2019,206.959157,333.184162,152.427742,248.738286,201.251637,198.099816,0.006220559991638286,0.0002461968951499305,0.0,0.1833650329832371,0,0,0,1.0,0.6933300722942337,0.6933300722942337,0.0,0.0,0.006220559991638286,2.0695915858606795,2.050590984049971,1.5242774141231965
2019-03-18,2019,210.278466,339.523044,152.46527,254.189719,202.991378,199.862451,0.016038473716821322,0.00024620190201329883,0.0,0.1682804274583902,0,0,0,1.0,0.6933300722942337,0.6933300722942337,0.0,0.0,0.016038473716821322,2.1027846761150606,2.0834793336516073,1.5246526941217495
2019-03-19,2019,208.495702,342.198832,152.502807,251.226679,202.167183,199.19887,-0.008478110164642394,0.00024620033139344244,-0.004060246342088458,0.16786991894675127,0,0,0,1.0,0.6933300722942337,0.6933300722942337,0.0,0.0,-0.008478110164642394,2.084957035978435,2.065815366335153,1.5250280641203022
2019-03-20,2019,208.138785,340.893467,152.540353,250.615175,199.026718,195.652859,-0.0017118674225715669,0.00024619874701725664,-0.01953117437332741,0.1734162831130793,0,0,0,1.0,0.6933300722942337,0.6933300722942337,0.0,0.0,-0.0017118674225715669,2.0813878659510823,2.0622789643084762,1.5254035241188548
2019-03-21,2019,206.252224,338.580914,152.577909,247.48094,196.363311,192.874119,-0.009063957013105473,0.0002462037045369847,-0.032651963178455756,0.17524377556196183,0,0,0,1.0,0.6933300722942337,0.6933300722942337,0.0,0.0,-0.009063957013105473,2.062522255806502,2.0435865564269524,1.5257790841174066
2019-03-22,2019,201.493391,336.064086,152.615473,239.609676,190.285385,187.150724,-0.02307288090139581,0.00024619553542315487,-0.0625937570609526,0.20302702066108028,0,0,0,1.0,0.6933300722942337,0.6933300722942337,0.0,0.0,-0.02307288090139581,2.0149339254418006,1.9964351271988197,1.5261547241159583
2019-03-25,2019,202.566589,340.836237,152.653047,241.356739,190.137192,187.35809,0.005326219359720774,0.0002462004622556524,-0.06332380284644401,0.20204500896630806,0,0,0,1.0,0.6933300722942337,0.6933300722942337,0.0,0.0,0.005326219359720774,2.025665905524047,2.007068578623733,1.5265304641145092
2019-03-26,2019,206.06027,342.7658,152.690631,247.095715,193.476601,190.59306,0.01724707424480565,0.000246205370535435,-0.04687281348471861,0.2095816720925512,0,0,0,1.0,0.6933300722942337,0.6933300722942337,0.0,0.0,0.01724707424480565,2.0606027157917914,2.0416846394136727,1.5269063041130602
2019-03-27,2019,199.380146,333.670825,152.728223,236.055794,186.56636,182.692282,-0.032418301693965534,0.0002461971618941128,-0.08091485540829224,0.24235778355436954,0,0,0,1.0,0.6933300722942337,0.6933300722942337,0.0,0.0,-0.032418301693965534,1.9938014752798485,1.975496690809225,1.527282224111611
2019-03-28,2019,202.759082,334.583763,152.765825,241.605519,191.613028,188.74746,0.016947203960819612,0.0002462020395535003,-0.05605336597104127,0.263763420754031,0,0,0,1.0,0.6933300722942337,0.6933300722942337,0.0,0.0,0.016947203960819612,2.027590835538799,2.008975836152293,1.5276582441101612
2019-03-29,2019,206.099472,341.694928,152.803436,247.091668,193.695845,190.385678,0.016474675102346348,0.0002462003527294865,-0.04579274790676091,0.2673133996712995,0,0,0,1.0,0.6933300722942337,0.6933300722942337,0.0,0.0,0.016474675102346348,2.0609947357947958,2.042073060341367,1.5280343541087111
2019-04-01,2019,207.32411,341.886837,152.841056,249.08846,194.993037,191.505474,0.0059419754360166,0.00024619865223463044,-0.03940236811437381,0.2608555684556926,0,0,0,1.0,0.6933300722942337,0.6933300722942337,0.0,0.0,0.0059419754360166,2.073241115888648,2.0542070083044663,1.528410554107261
2019-04-02,2019,204.764199,336.968941,152.878685,244.843674,193.639004,190.427161,-0.01234738690063597,0.0002461969380791462,-0.04607276472599742,0.2593277010506881,0,0,0,1.0,0.6933300722942337,0.6933300722942337,0.0,0.0,-0.01234738690063597,2.0476420056924645,2.028842919598933,1.5287868441058101
2019-04-03,2019,206.794765,341.783442,152.916324,248.169611,191.820092,189.037791,0.009916606564607688,0.0002462017514084369,-0.05503330294156639,0.2612593072443548,0,0,0,1.0,0.6933300722942337,0.6933300722942337,0.0,0.0,0.009916606564607688,2.067947665848081,2.0489621566139857,1.529163234104359
2019-04-04,2019,206.842953,339.327962,152.953972,248.226155,195.518817,192.583803,0.00023302330694874307,0.0002462000067435799,-0.03681220884169767,0.26985172329320556,0,0,0,1.0,0.6933300722942337,0.6933300722942337,0.0,0.0,0.00023302330694874307,2.0684295458517736,2.0494396125515326,1.5295397141029077
2019-04-05,2019,207.998806,347.629807,152.991629,250.109483,197.132695,194.01464,0.0055880704816664295,0.00024619824845073524,-0.028861733230856612,0.26876509442494767,0,0,0,1.0,0.6933300722942337,0.6933300722942337,0.0,0.0,0.0055880704816664295,2.0799880759403546,2.0608920255543897,1.5299162841014557
2019-04-08,2019,209.206747,353.578689,153.029296,252.078709,197.662534,194.470855,0.005807441990796747,0.0002462030128458359,-0.026251578035003997,0.24954329783978346,0,0,0,1.0,0.6933300722942337,0.6933300722942337,0.0,0.0,0.005807441990796747,2.0920674860329274,2.0728605364420924,1.5302929541000034
2019-04-09,2019,206.72745,348.968272,153.066972,247.966845,195.476186,192.231263,-0.011850941881907828,0.0002462012241106759,-0.03702222268770439,0.25245485413697716,0,0,0,1.0,0.6933300722942337,0.6933300722942337,0.0,0.0,-0.011850941881907828,2.067274515842922,2.048295186695417,1.5306697140985508
2019-04-10,2019,206.606778,348.253416,153.104657,247.744879,194.788004,191.79579,-0.0005837250931117755,0.0002461994217799468,-0.040412425792784146,0.24878792620163803,0,0,0,1.0,0.6933300722942337,0.6933300722942337,0.0,0.0,-0.0005837250931117755,2.066067795833674,2.0470995453968426,1.5310465640970978
2019-04-11,2019,204.448058,349.58367,153.142351,244.161709,192.356021,189.49399,-0.010448447146298334,0.0002461976058636406,-0.05239314647147231,0.2518569566717684,0,0,0,1.0,0.6933300722942337,0.6933300722942337,0.0,0.0,-0.010448447146298334,2.0444805956682366,2.025710533993552,1.5314235040956443
2019-04-12,2019,205.004138,349.950086,153.180055,245.055847,188.539554,185.616196,0.0027199084473572555,0.00024620230624528006,-0.07119427505930809,0.25805682215936937,0,0,0,1.0,0.6933300722942337,0.6933300722942337,0.0,0.0,0.0027199084473572555,2.0500413957108528,2.0312202811868616,1.5318005440941909
2019-04-15,2019,204.650761,348.448848,153.217768,244.450081,188.961802,186.238294,-0.0017237554492681717,0.00024620045997503226,-0.06911414730136956,0.25516570971358005,0,0,0,1.0,0.6933300722942337,0.6933300722942337,0.0,0.0,-0.0017237554492681717,2.0465076256837706,2.0277189541585017,1.5321776740927369
2019-04-16,2019,202.812835,347.080996,153.25549,241.395954,191.499346,188.705993,-0.008980792404676086,0.0002461986001518479,-0.05661339960951439,0.26207050607224786,0,0,0,1.0,0.6933300722942337,0.6933300722942337,0.0,0.0,-0.008980792404676086,2.0281283655429183,2.0095084311761773,1.5325548940912823
2019-04-17,2019,200.788702,344.820854,153.293221,238.034724,189.371869,186.632301,-0.009980300309889167,0.00024619672678594107,-0.0670940270182313,0.25962837526688065,0,0,0,1.0,0.6933300722942337,0.6933300722942337,0.0,0.0,-0.009980300309889167,2.007887035387795,1.9894529335577849,1.5329322040898274
2019-04-18,2019,202.013945,343.847795,153.330962,240.032441,191.996705,189.037791,0.006102151106091691,0.0002462013633337534,-0.054163251209615404,0.2622782515119325,0,0,0,1.0,0.6933300722942337,0.6933300722942337,0.0,0.0,0.006102151106091691,2.020139465481694,2.001592875976812,1.5333096140883726
2019-04-22,2019,201.734132,348.825984,153.368712,239.547975,192.017005,189.120725,-0.0013851172501978537,0.0002461994597020567,-0.05406324696214426,0.23719597733131173,0,0,0,1.0,0.6933300722942337,0.6933300722942337,0.0,0.0,-0.0013851172501978537,2.01734133546025,1.9988204351564234,1.533687114086917
2019-04-23,2019,204.754764,358.580654,153.406472,244.50668,194.727103,191.546957,0.01497333133492762,0.0002462040627948525,-0.040712443461514924,0.2419251935158028,0,0,0,1.0,0.6933300722942337,0.6933300722942337,0.0,0.0,0.01497333133492762,2.0475476556917416,2.0287494358110445,1.5340647140854613
2019-04-24,2019,202.90862,357.056272,153.44424,241.438973,192.944731,189.950205,-0.009016366525176345,0.00024619561031302695,-0.049492974031635995,0.2366403953647068,0,0,0,1.0,0.6933300722942337,0.6933300722942337,0.0,0.0,-0.009016366525176345,2.0290862155502594,2.0104574873100276,1.5344423940840053
2019-04-25,2019,204.02331,360.974014,153.482018,243.254339,196.003995,192.646011,0.0054935566561933324,0.00024620018320664627,-0.03442206791659885,0.20172640888702384,0,0,0,1.0,0.6933300722942337,0.6933300722942337,0.0,0.0,0.0054935566561933324,2.0402331156356857,2.0215020494214335,1.534820174082549
2019-04-26,2019,204.714989,354.373572,153.519806,244.37206,195.362504,192.086105,0.003390195953589803,0.00024620473780823104,-0.03758225632617751,0.18047054225647466,0,0,0,1.0,0.6933300722942337,0.6933300722942337,0.0,0.0,0.003390195953589803,2.0471499056886935,2.0283553374895558,1.5351980540810917
2019-04-29,2019,203.989602,354.766564,153.557602,243.152715,195.265062,192.272746,-0.0035433995504843274,0.00024619624649613314,-0.038062286566673764,0.17672278769977737,0,0,0,1.0,0.6933300722942337,0.6933300722942337,0.0,0.0,-0.0035433995504843274,2.039896035633102,2.0211680640984726,1.5355760140796346
2019-04-30,2019,206.911505,356.207865,153.595408,247.948566,195.600018,192.604528,0.014323784013265506,0.00024620077096537685,-0.03641218692549586,0.17527050112652803,0,0,0,1.0,0.6933300722942337,0.6933300722942337,0.0,0.0,0.014323784013265506,2.069115065857027,2.050118838903129,1.535954074078177
2019-05-02,2019,205.990957,363.16377,153.633223,246.407346,193.925239,191.111483,-0.004448993786014932,0.0002461987665671739,-0.044662680205067584,0.17623841823919753,0,0,0,1.0,0.6933300722942337,0.6933300722942337,0.0,0.0,-0.004448993786014932,2.059909585786479,2.0409978729282567,1.5363322240767188
2019-05-03,2019,211.100452,372.730167,153.671048,254.811015,194.899656,192.023897,0.024804462654154147,0.00024620325774216134,-0.039862392579058215,0.17330928533244688,0,0,0,1.0,0.6933300722942337,0.6933300722942337,0.0,0.0,0.024804462654154147,2.111004536178054,2.091623728444514,1.5367104740752606
2019-05-06,2019,210.817902,369.90521,153.708882,254.321986,192.87165,189.970946,-0.0013384623165088039,0.0002462012232777866,-0.04985299424884937,0.1631817075196442,0,0,0,1.0,0.6933300722942337,0.6933300722942337,0.0,0.0,-0.0013384623165088039,2.1081790361564003,2.0888241689036753,1.5370888140738017
2019-05-07,2019,209.450507,370.052448,153.746725,252.043797,191.613028,188.664526,-0.006486142718562959,0.00024619917539969727,-0.05605336597104127,0.16092573186702314,0,0,0,1.0,0.6933300722942337,0.6933300722942337,0.0,0.0,-0.006486142718562959,2.0945050860516075,2.0752757572301825,1.5374672440723427
2019-05-08,2019,210.594588,370.566721,153.784577,253.907591,194.065311,191.007792,0.005462297591860121,0.0002461971141174413,-0.04397264104488219,0.16814679465348725,0,0,0,1.0,0.6933300722942337,0.6933300722942337,0.0,0.0,0.005462297591860121,2.105945896139286,2.0866115310013464,1.5378457640708834
2019-05-09,2019,210.008421,369.743989,153.822439,252.917811,192.463613,189.473265,-0.0027833906159069333,0.00024620154204413325,-0.05186311410724054,0.16617245114900167,0,0,0,1.0,0.6933300722942337,0.6933300722942337,0.0,0.0,-0.0027833906159069333,2.1000842260943644,2.080803676046914,1.5382243840694236
2019-05-10,2019,210.723447,372.767306,153.86031,254.073986,191.347093,188.291261,0.0034047491838433697,0.00024619945078363514,-0.05736344624450007,0.16687717013420666,0,0,0,1.0,0.6933300722942337,0.6933300722942337,0.0,0.0,0.0034047491838433697,2.1072344861491614,2.087888290664673,1.5386030940679636
2019-05-13,2019,205.261694,360.269538,153.89819,245.043256,186.209073,183.127756,-0.025919056838511145,0.00024619734615116684,-0.08267496464800594,0.1867810923794659,0,0,0,1.0,0.6933300722942337,0.6933300722942337,0.0,0.0,-0.025919056838511145,2.0526169557305907,2.0337721953864736,1.538981894066503
2019-05-14,2019,207.060185,362.869179,153.93608,247.986297,186.950036,184.060927,0.008761941719140243,0.0002462017259592386,-0.07902474557318384,0.17459499122164307,0,0,0,1.0,0.6933300722942337,0.6933300722942337,0.0,0.0,0.008761941719140243,2.0706018658684213,2.051591988832458,1.5393607940650422
2019-05-15,2019,204.542466,356.280012,153.973979,243.810931,185.99795,182.215342,-0.01215935840103688,0.00024619959141491954,-0.08371502360065752,0.17508316242497587,0,0,0,1.0,0.6933300722942337,0.6933300722942337,0.0,0.0,-0.01215935840103688,2.0454246756754717,2.026645946547548,1.5397397840635811
2019-05-16,2019,203.794901,351.598629,154.011888,242.554941,182.751923,179.498794,-0.0036548156215149286,0.00024620393813412633,-0.09970598357138105,0.17626587722385698,0,0,0,1.0,0.6933300722942337,0.6933300722942337,0.0,0.0,-0.0036548156215149286,2.0379490256181807,2.0192389292828263,1.5401188740621194
2019-05-17,2019,204.50959,357.268831,154.049805,243.710531,182.688992,179.872059,0.0035069032468089123,0.0002461952807175649,-0.1000160016648588,0.1732264998432896,1,0,0,1.0,0.6933300722942337,0.6933300722942337,0.0,0.0,0.0035069032468089123,2.045095915672952,2.0263202048400113,1.5404980440606575
2019-05-20,2019,208.715729,373.07534,154.087732,250.624301,186.653651,184.206084,0.0205669523859493,0.0002461995975910902,-0.08048483221784919,0.18446266805031805,0,1,1,0.85,0.6933300722942337,0.5893305614500987,0.10399951084413506,0.00010399951084413505,0.017414839956851433,2.087157305995297,2.0616082469086345,1.5408773140591951
2019-05-21,2019,215.228006,376.723349,154.125669,261.341407,191.807912,189.099999,0.031201658979903568,0.0002462038963622071,-0.05509330549004898,0.21123512372940356,0,0,1,0.85,0.6933300722942337,0.5893305614500987,0.0,0.0,0.026558340717372363,2.1522800764943764,2.116361141155779,1.5412566840577326
2019-05-22,2019,217.199,376.163406,154.163614,264.568911,191.556187,188.623043,0.009157702274117607,0.00024619520061919253,-0.056333382790277886,0.2045857591066436,0,0,1,0.85,0.6933300722942337,0.5893305614500987,0.0,0.0,0.007820976213092846,2.171990016645427,2.132913151299072,1.5416361340562699
2019-05-23,2019,216.188638,373.832424,154.20157,262.879481,190.640641,187.523989,-0.004651780164733776,0.00024620595622515395,-0.06084365317230378,0.2027819029530585,0,0,1,0.85,0.6933300722942337,0.5893305614500987,0.0,0.0,-0.0039170822465899365,2.1618863965679957,2.1245583550606004,1.5420156940548064
2019-05-24,2019,214.252062,363.481454,154.239534,259.66251,190.068171,187.150724,-0.008957806561508574,0.00024619723391916537,-0.06366382221416311,0.19341187086754683,0,0,1,0.85,0.6933300722942337,0.5893305614500987,0.0,0.0,-0.0075772059921944135,2.142520636419583,2.1084601387618687,1.5423953340533427
2019-05-27,2019,217.465085,362.299781,154.277508,264.938382,192.577295,189.742839,0.0149964624377803,0.0002462014699813331,-0.051303080468767526,0.20009540834444203,0,0,1,0.85,0.6933300722942337,0.5893305614500987,0.0,0.0,0.012783923292610454,2.1746508666658184,2.135414531441327,1.542775074051879
2019-05-28,2019,218.868595,372.893515,154.315491,267.229953,195.681219,192.54232,0.006453955585559834,0.00024619920617330315,-0.03601216500929416,0.2087593758316504,0,0,1,0.85,0.6933300722942337,0.5893305614500987,0.0,0.0,0.005522792128651854,2.1886859667733787,2.1472079820069796,1.5431549040504147
2019-05-29,2019,217.64604,378.097206,154.353483,265.190546,196.034446,192.977794,-0.005585794526620003,0.0002461969291209787,-0.03427205661907473,0.20876832289237593,0,0,1,0.85,0.6933300722942337,0.5893305614500987,0.0,0.0,-0.004710995808258856,2.176460416679686,2.1370924942042846,1.54353482404895
2019-05-30,2019,220.112262,385.129842,154.391485,269.234758,197.841177,194.84412,0.011331343313206954,0.00024620111746997964,-0.025371525878306045,0.2084175333001671,0,0,1,0.85,0.6933300722942337,0.5893305614500987,0.0,0.0,0.009668571983846408,2.2011226368686887,2.157755126820637,1.5439148440474846
2019-05-31,2019,218.936192,380.000136,154.429496,267.272004,196.974352,194.076848,-0.00534304626790838,0.00024619881077003747,-0.029641781140083645,0.2087315816504819,0,0,1,0.85,0.6933300722942337,0.5893305614500987,0.0,0.0,-0.004504659506106617,2.1893619367785586,2.148035174676754,1.5442949540460194
2019-06-03,2019,217.418835,375.56846,154.467517,264.746385,196.954052,193.848756,-0.0069305900780443075,0.0002462029663037324,-0.029741785387554787,0.20468384279374977,0,0,0,1.0,0.6933300722942337,0.6933300722942337,0.10399951084413506,0.00010399951084413505,-0.007034589588888442,2.1741883666622734,2.132924628800407,1.5446751640445533
2019-06-04,2019,219.881966,380.569442,154.505547,268.785482,197.684865,194.512337,0.01132896788817761,0.00024620063000058146,-0.0261415684364682,0.20282473135449247,0,0,0,1.0,0.6933300722942337,0.6933300722942337,0.0,0.0,0.01132896788817761,2.1988196768510395,2.1570884634279897,1.5450554640430874
2019-06-05,2019,216.0895,370.209716,154.543586,262.507686,194.881385,192.106847,-0.017247735541895293,0.00024619828050576054,-0.03995240132809974,0.20572509232199002,0,0,0,1.0,0.6933300722942337,0.6933300722942337,0.0,0.0,-0.017247735541895293,2.160895016560397,2.1198835720703104,1.5454358540416209
2019-06-06,2019,217.989088,366.570103,154.581635,265.617362,197.329608,194.28423,0.008790746426827978,0.0002462023884963749,-0.02789167725143471,0.2075218947876239,0,0,0,1.0,0.6933300722942337,0.6933300722942337,0.0,0.0,0.008790746426827978,2.1798908967059756,2.1385189310067787,1.5458163440401538
2019-06-07,2019,220.431722,377.257824,154.619693,269.622637,198.58011,195.383284,0.011205304001271843,0.00024620000946429244,-0.021731307228231134,0.20645962006886068,0,0,0,1.0,0.6933300722942337,0.6933300722942337,0.0,0.0,0.011205304001271843,2.204317236893171,2.1624816857411844,1.5461969240386866
2019-06-10,2019,222.210777,376.249017,154.65776,272.533514,197.861478,194.616012,0.00807077576611226,0.0002461976172722924,-0.025271516704517327,0.17800121461300714,0,0,0,1.0,0.6933300722942337,0.6933300722942337,0.0,0.0,0.00807077576611226,2.222107787029512,2.179934590525126,1.5465775940372186
2019-06-11,2019,225.644839,373.720668,154.695837,278.173865,200.892321,197.871709,0.015454074938948459,0.00024620167782085645,-0.010340621462257338,0.18321894900156482,0,0,0,1.0,0.6933300722942337,0.6933300722942337,0.0,0.0,0.015454074938948459,2.256448407292687,2.213623463049107,1.5469583640357507
2019-06-12,2019,220.318195,369.103911,154.733923,269.365835,199.595128,196.295714,-0.023606318777802837,0.00024619925615709803,-0.016731006180962127,0.18414570072628786,0,0,0,1.0,0.6933300722942337,0.6933300722942337,0.0,0.0,-0.023606318777802837,2.20318196688447,2.161367961926346,1.5473392240342823
2019-06-13,2019,219.977521,368.81946,154.772018,268.780788,200.514734,197.291077,-0.0015462817312932309,0.00024619682136539645,-0.01220073494944196,0.1665046251652239,0,0,0,1.0,0.6933300722942337,0.6933300722942337,0.0,0.0,-0.0015462817312932309,2.199775226858362,2.1580258781322166,1.5477201740328135
2019-06-14,2019,217.262464,361.757558,154.810123,264.279841,199.024688,195.984657,-0.012342429297582669,0.00024620083457205233,-0.01954117479807438,0.17118689765010153,0,0,0,1.0,0.6933300722942337,0.6933300722942337,0.0,0.0,-0.012342429297582669,2.1726246566502887,2.131390596309016,1.5481012240313443
2019-06-17,2019,216.765779,368.613365,154.848238,263.437482,198.178163,195.445492,-0.00228610589632261,0.00024620482989989867,-0.02371142581238095,0.16076074769236573,0,0,0,1.0,0.6933300722942337,0.6933300722942337,0.0,0.0,-0.00228610589632261,2.1676578066122247,2.1265180116994276,1.5484823740298748
2019-06-18,2019,219.427085,372.401133,154.886361,267.803357,201.793657,198.597498,0.012277334606400236,0.00024619589148944243,-0.005900354053461343,0.14437549413868528,0,0,0,1.0,0.6933300722942337,0.6933300722942337,0.0,0.0,0.012277334606400236,2.1942708668161788,2.1526259848755984,1.5488636040284047
2019-06-19,2019,218.809433,372.147184,154.924494,266.761486,203.618659,200.380874,-0.0028148393804711125,0.00024619985745566453,0.0,0.14534921465321163,0,0,0,1.0,0.6933300722942337,0.6933300722942337,0.0,0.0,-0.0028148393804711125,2.1880943467688443,2.146566688481945,1.5492449340269348
2019-06-21,2019,220.160817,376.155124,154.962637,268.966993,207.090019,203.678053,0.006176077427155535,0.00024620380557771604,0.0,0.150228822156251,0,0,0,1.0,0.6933300722942337,0.6933300722942337,0.0,0.0,0.006176077427155535,2.20160818687241,2.1598240505525625,1.5496263640254642
2019-06-24,2019,220.908242,379.376424,155.000788,270.17643,207.189491,203.864678,0.0033949047345696037,0.0002461948295318095,0.0,0.1485161736112548,0,0,0,1.0,0.6933300722942337,0.6933300722942337,0.0,0.0,0.0033949047345696037,2.20908243692969,2.1671564474476206,1.5500078740239933
2019-06-25,2019,217.547747,372.09262,155.03895,264.610976,203.192351,199.820984,-0.015212175741274536,0.0002462051999374548,-0.019292194699199294,0.16656153366612875,0,0,0,1.0,0.6933300722942337,0.6933300722942337,0.0,0.0,-0.015212175741274536,2.1754774866721527,2.1341892827102114,1.550389494022522
2019-06-26,2019,218.198977,375.250516,155.07712,265.661755,204.402252,200.837089,0.002993503766325123,0.00024619619779420177,-0.013452607980006137,0.15949065180421892,0,0,0,1.0,0.6933300722942337,0.6933300722942337,0.0,0.0,0.002993503766325123,2.1819897867220615,2.140577986366055,1.5507711940210505
2019-06-27,2019,220.12686,376.437045,155.1153,268.818016,204.473304,201.293304,0.008835435557518645,0.0002462000841902956,-0.013109675528861553,0.15962606072153693,0,0,0,1.0,0.6933300722942337,0.6933300722942337,0.0,0.0,0.008835435557518645,2.201268616869808,2.1594909252204353,1.5511529940195783
2019-06-28,2019,221.972317,376.787858,155.15349,271.83833,204.966602,201.376254,0.00838360661665738,0.0002462039528017268,-0.010728772918313756,0.15744770873156383,0,0,0,1.0,0.6933300722942337,0.6933300722942337,0.0,0.0,0.00838360661665738,2.2197231870112377,2.177595247629725,1.5515348940181062
2019-07-01,2019,222.965446,382.696107,155.191688,273.452961,205.723805,202.081301,0.004474111967754935,0.0002461949131791208,-0.007074132925014021,0.15583200597850944,0,0,0,1.0,0.6933300722942337,0.6933300722942337,0.0,0.0,0.004474111967754935,2.229654477087348,2.1873380525880712,1.5519168740166334
2019-07-02,2019,219.451173,370.766761,155.229897,267.633864,204.231729,200.67119,-0.01576151400607595,0.00024620519624729553,-0.014275637175053424,0.15927498021917905,0,0,0,1.0,0.6933300722942337,0.6933300722942337,0.0,0.0,-0.01576151400607595,2.1945117468180255,2.1528622932361814,1.55229896401516
2019-07-03,2019,222.252544,371.642816,155.268114,272.23068,207.15092,207.369223,0.012765349857573938,0.0002461961306332583,-0.00018616291692130638,0.16522159258370972,0,0,0,1.0,0.6933300722942337,0.6933300722942337,0.0,0.0,0.012765349857573938,2.2225254570327135,2.1803443336045203,1.5526811340136866
2019-07-04,2019,223.395516,372.419951,155.306341,274.092417,210.384767,207.369223,0.005142672292650863,0.0002461999377412205,0.0,0.15932164430013457,0,0,0,1.0,0.6933300722942337,0.6933300722942337,0.0,0.0,0.005142672292650863,2.233955177120307,2.1915571299973866,1.5530634040122127
2019-07-05,2019,224.563555,375.160757,155.344578,275.995488,211.304373,207.929113,0.005228569583285658,0.0002462037271229178,0.0,0.15602159294273427,0,0,0,1.0,0.6933300722942337,0.6933300722942337,0.0,0.0,0.005228569583285658,2.2456355672098214,2.203015838947324,1.5534457740107386
2019-07-08,2019,226.365114,372.803095,155.382823,278.943372,212.199619,208.530485,0.0080224905595212,0.000246194624185625,0.0,0.1556879640224538,0,0,0,1.0,0.6933300722942337,0.6933300722942337,0.0,0.0,0.0080224905595212,2.263651157347887,2.220689512717754,1.5538282240092638
2019-07-10,2019,229.766645,389.769163,155.459343,284.50666,214.812275,211.433658,0.01502674568484963,0.0004924611261567513,0.0,0.15647389786862137,0,0,0,1.0,0.6933300722942337,0.6933300722942337,0.0,0.0,0.01502674568484963,2.297666467608569,2.2540592492703766,1.5545934240063135
2019-07-11,2019,226.597735,374.165291,155.497617,279.257106,213.450121,209.878388,-0.013791862609126793,0.00024619941948422763,-0.006341136697146421,0.15487680959818942,0,0,0,1.0,0.6933300722942337,0.6933300722942337,0.0,0.0,-0.013791862609126793,2.265977367365714,2.2229715737916083,1.5549761640048378
2019-07-12,2019,224.960779,368.165537,155.535901,276.53408,210.932877,207.472914,-0.007224061617385535,0.00024620312991685545,-0.018059480073938983,0.1602988203840423,0,0,0,1.0,0.6933300722942337,0.6933300722942337,0.0,0.0,-0.007224061617385535,2.249607807240263,2.206912690168841,1.555359004003362
2019-07-15,2019,224.322806,363.491266,155.574194,275.458599,210.723783,207.452172,-0.002835929902251899,0.0002462003933099144,-0.01903286020317041,0.16069978699787654,0,0,0,1.0,0.6933300722942337,0.6933300722942337,0.0,0.0,-0.002835929902251899,2.2432280771913713,2.200654040479132,1.5557419340018859
2019-07-16,2019,225.375548,364.205876,155.612496,277.17148,210.666942,207.161857,0.004692978029171124,0.00024619764380706677,-0.019297467986873595,0.15677199043278073,0,0,0,1.0,0.6933300722942337,0.6933300722942337,0.0,0.0,0.004692978029171124,2.25375549727205,2.2109816615409073,1.556124954000409
2019-07-17,2019,225.635373,363.479131,155.650808,277.576658,210.831375,207.389964,0.0011528535473599444,0.0002462013076380831,-0.0185319949709577,0.15473366929671323,0,0,0,1.0,0.6933300722942337,0.6933300722942337,0.0,0.0,0.0011528535473599444,2.2563537472919624,2.2135305995925623,1.556508073998932
2019-07-18,2019,226.815782,360.342729,155.689129,279.50008,212.579236,208.820801,0.00523148912471294,0.000246198529210373,-0.010395304458276411,0.14561668380281861,0,0,0,1.0,0.6933300722942337,0.6933300722942337,0.0,0.0,0.00523148912471294,2.2681578373824256,2.22511066085155,1.5568912839974547
2019-07-19,2019,224.399873,352.807456,155.72746,275.492358,210.011241,206.539743,-0.010651414900220701,0.0002462021609741516,-0.022349905283578386,0.15245365641175562,0,0,0,1.0,0.6933300722942337,0.6933300722942337,0.0,0.0,-0.010651414900220701,2.243998747197278,2.201410084003916,1.5572745939959767
2019-07-22,2019,226.151079,363.763768,155.7658,278.35714,211.020168,207.369223,0.007803952723270946,0.00024619935366576584,-0.017653120614266493,0.14181168169960257,0,0,0,1.0,0.6933300722942337,0.6933300722942337,0.0,0.0,0.007803952723270946,2.261510807331485,2.2185897842240143,1.5576579939944986
2019-07-23,2019,225.748777,369.537625,155.80415,277.670298,210.52281,207.576589,-0.0017789081607698654,0.0002462029534080479,-0.01996843523024938,0.14230063362900391,0,0,0,1.0,0.6933300722942337,0.6933300722942337,0.0,0.0,-0.0017789081607698654,2.257487787300654,2.2146431167514575,1.5580414939930196
2019-07-24,2019,223.951934,368.992727,155.842509,274.683538,211.367304,208.177961,-0.007959480551250064,0.0002462001172627293,-0.016037123576853385,0.12103402625717766,0,0,0,1.0,0.6933300722942337,0.6933300722942337,0.0,0.0,-0.007959480551250064,2.23951935716295,2.1970157079357144,1.5584250839915408
2019-07-25,2019,223.028164,368.874156,155.880877,273.136668,208.393302,204.880798,-0.004124858327858805,0.00024619726829477884,-0.029881779335003023,0.13267292412758583,0,0,0,1.0,0.6933300722942337,0.6933300722942337,0.0,0.0,-0.004124858327858805,2.2302816570921555,2.1879533293963993,1.5588087639900616
2019-07-26,2019,224.360729,370.391386,155.919255,275.310994,208.726228,205.606588,0.005974873200319086,0.00024620082166970647,-0.028331933079708826,0.13266553216077848,0,0,0,1.0,0.6933300722942337,0.6933300722942337,0.0,0.0,0.005974873200319086,2.243607307194279,2.2010260731077587,1.5591925439885819
2019-07-29,2019,225.830808,371.407485,155.957642,277.712106,210.074172,206.456793,0.006552300870799943,0.00024619794392943817,-0.022056947164681318,0.13398196240108326,0,0,0,1.0,0.6933300722942337,0.6933300722942337,0.0,0.0,0.006552300870799943,2.258308097306941,2.215447858163236,1.559576413987102
2019-07-30,2019,225.021282,370.31823,155.996039,276.353631,208.957652,205.544379,-0.0035846570588365934,0.00024620146539544585,-0.027254601721433347,0.13562212867935888,0,0,0,1.0,0.6933300722942337,0.6933300722942337,0.0,0.0,-0.0035846570588365934,2.250212837244902,2.2075062373599867,1.5599603839856218
2019-07-31,2019,224.740652,372.404493,156.034445,275.867419,206.681982,203.180371,-0.001247126482907479,0.00024619855892638043,-0.03784836318129392,0.13906329623800637,0,0,0,1.0,0.6933300722942337,0.6933300722942337,0.0,0.0,-0.001247126482907479,2.247406537223396,2.2047531978701915,1.5603444439841412
2019-08-01,2019,225.315994,368.487772,156.069945,276.794668,207.319413,204.113527,0.0025600263898850617,0.00022751386721053812,-0.03488097689017078,0.1298456761133925,0,0,0,1.0,0.6933300722942337,0.6933300722942337,0.0,0.0,0.0025600263898850617,2.253159957267488,2.2103974242399227,1.5606994439827724
2019-08-02,2019,224.566707,368.868438,156.105452,275.537301,208.431873,204.839316,-0.00332549406146454,0.000227506968109914,-0.029702222556881375,0.11815061309243922,0,0,0,1.0,0.6933300722942337,0.6933300722942337,0.0,0.0,-0.00332549406146454,2.2456670872100655,2.2030467607321365,1.5610545139814038
2019-08-05,2019,220.038034,366.562168,156.140968,268.04687,203.202501,200.049092,-0.020166270684104592,0.0002275128737974086,-0.05404613865757901,0.14538083701303495,0,0,0,1.0,0.6933300722942337,0.6933300722942337,0.0,0.0,-0.020166270684104592,2.2003803568630027,2.1586195234254726,1.561409673980034
2019-08-06,2019,225.845475,385.820545,156.176491,277.603012,207.396555,204.134268,0.02639289623902008,0.00022750595474740898,-0.03452186333392726,0.16492871235189432,0,0,0,1.0,0.6933300722942337,0.6933300722942337,0.0,0.0,0.02639289623902008,2.258454767308066,2.215591744526764,1.5617649039786647
2019-08-07,2019,224.754401,387.414477,156.212023,275.781946,208.651117,205.399222,-0.004831064248685957,0.0002275118346717342,-0.02868159186899355,0.15958906352647825,0,0,0,1.0,0.6933300722942337,0.6933300722942337,0.0,0.0,-0.004831064248685957,2.24754402722445,2.204888078460097,1.5621202239772949
2019-08-08,2019,226.862377,386.007394,156.247563,279.236828,211.357154,208.115753,0.00937901990181711,0.00022751129725806507,-0.01608437413550967,0.1662499391382548,0,0,0,1.0,0.6933300722942337,0.6933300722942337,0.0,0.0,0.00937901990181711,2.268623787385998,2.225567767629254,1.562475623975925
2019-08-09,2019,226.987724,393.845874,156.283111,279.421905,211.11558,207.866904,0.0005525244055781808,0.0002275107484395189,-0.01720895605244166,0.1608133343604062,0,0,0,1.0,0.6933300722942337,0.6933300722942337,0.0,0.0,0.0005525244055781808,2.269877257395604,2.226797448137137,1.5628311039745542
2019-08-12,2019,224.542218,388.121452,156.318667,275.367061,206.891076,203.553637,-0.010773736821115487,0.00022751018822519953,-0.036874983052062604,0.17596961677105472,0,0,0,1.0,0.6933300722942337,0.6933300722942337,0.0,0.0,-0.010773736821115487,2.2454221972081885,2.202806518476976,1.5631866639731835
2019-08-13,2019,228.487329,398.709781,156.354231,281.851777,209.700645,206.373844,0.01756957348662147,0.00022750961662176827,-0.02379580030982864,0.18329907260235218,0,0,0,1.0,0.6933300722942337,0.6933300722942337,0.0,0.0,0.01756957348662147,2.2848733075105288,2.241508889480166,1.5635423039718124
2019-08-14,2019,224.580157,395.22423,156.389803,275.386306,203.527307,200.422357,-0.017100169261464737,0.00022750903363788488,-0.052534092849209846,0.2105849470184065,0,0,0,1.0,0.6933300722942337,0.6933300722942337,0.0,0.0,-0.017100169261464737,2.245801587211096,2.2031787080689775,1.563898023970441
2019-08-15,2019,221.359032,390.418256,156.425383,270.052278,201.089234,197.788759,-0.014342874468646793,0.00022750843928109887,-0.06388387721325517,0.21015098001321433,0,0,0,1.0,0.6933300722942337,0.6933300722942337,0.0,0.0,-0.014342874468646793,2.2135903369642396,2.1715787924271486,1.5642538239690693
2019-08-16,2019,225.282653,401.225849,156.460971,276.501538,202.609731,199.385511,0.01772514527439739,0.0002275078335591818,-0.056805617835386735,0.21007687561419155,0,0,0,1.0,0.6933300722942337,0.6933300722942337,0.0,0.0,0.01772514527439739,2.252826547264933,2.2100703419977203,1.5646097039676972
2019-08-19,2019,224.737357,399.075607,156.496568,275.580543,201.925609,198.597498,-0.0024204970633047163,0.00022751360785044916,-0.059990361351556776,0.20871567897302457,0,0,0,1.0,0.6933300722942337,0.6933300722942337,0.0,0.0,-0.0024204970633047163,2.2473735872231435,2.204720873225218,1.5649656739663247
2019-08-20,2019,224.312437,396.40127,156.532172,274.858071,201.42419,198.120557,-0.0018907403988025484,0.0002275065865982029,-0.062324580846229494,0.20871807990981747,0,0,0,1.0,0.6933300722942337,0.6933300722942337,0.0,0.0,-0.0018907403988025484,2.243124387190579,2.200552318402128,1.5653217139649522
2019-08-21,2019,225.558021,403.399026,156.567785,276.89063,205.443661,202.2472,0.005552897630905829,0.00022751233529150205,-0.04361302909715015,0.22217354313947157,0,0,0,1.0,0.6933300722942337,0.6933300722942337,0.0,0.0,0.005552897630905829,2.255580227286037,2.2127717601576675,1.5656778439635788
2019-08-22,2019,221.29289,395.113306,156.603406,269.834776,203.025888,199.800243,-0.018909241094999696,0.00022751168128243293,-0.054868312343882564,0.22056689770640328,0,0,0,1.0,0.6933300722942337,0.6933300722942337,0.0,0.0,-0.018909241094999696,2.212928916959171,2.1709299254566394,1.5660340539622055
2019-08-23,2019,217.739644,388.883834,156.639035,263.952975,198.267485,194.968536,-0.01605675627445602,0.00022751101594820078,-0.07701976062587679,0.23384015382879111,0,0,0,1.0,0.6933300722942337,0.6933300722942337,0.0,0.0,-0.01605675627445602,2.1773964566868615,2.1360718327546593,1.566390343960832
2019-08-26,2019,216.35216,382.732487,156.674672,261.642999,195.756331,192.127588,-0.006372215800995784,0.0002275103392967992,-0.08870975366747558,0.23401605391398014,0,0,0,1.0,0.6933300722942337,0.6933300722942337,0.0,0.0,-0.006372215800995784,2.163521616580529,2.122460322069918,1.5667467139594577
2019-08-27,2019,218.027861,390.431436,156.710317,264.384897,197.473741,194.20128,0.0077452473781634,0.0002275096513366659,-0.0807148194859908,0.23781509401734635,0,0,0,1.0,0.6933300722942337,0.6933300722942337,0.0,0.0,0.0077452473781634,2.180278626708949,2.138899302314686,1.5671031639580835
2019-08-28,2019,216.912712,384.718272,156.74597,262.524052,199.337314,196.129815,-0.0051147087114705725,0.0002275089520749063,-0.07203946329417166,0.2394873820790142,0,0,0,1.0,0.6933300722942337,0.6933300722942337,0.0,0.0,-0.0051147087114705725,2.1691271366234877,2.1279594554201786,1.567459693956709
2019-08-29,2019,224.349898,401.737596,156.781631,274.767927,204.067296,200.85783,0.03428653826429495,0.00022750824151973603,-0.050020321231642795,0.25562367964874283,0,0,0,1.0,0.6933300722942337,0.6933300722942337,0.0,0.0,0.03428653826429495,2.2434989971934494,2.2009198187133108,1.5678163039553341
2019-08-30,2019,226.831993,413.005788,156.8173,278.839736,205.307648,202.4131,0.011063499569765822,0.00022750751967870464,-0.044246200548827996,0.25585900168164905,0,0,0,1.0,0.6933300722942337,0.6933300722942337,0.0,0.0,0.011063499569765822,2.2683199473836693,2.2252696941807346,1.5681729939539588
2019-09-02,2019,225.806182,405.551999,156.852978,277.126215,204.27436,200.650464,-0.0045223382576372595,0.00022751316340752226,-0.049056391214142625,0.2398333819260378,0,0,0,1.0,0.6933300722942337,0.6933300722942337,0.0,0.0,-0.0045223382576372595,2.2580618373050543,2.2152062719091803,1.5685297739525834
2019-09-03,2019,223.318072,399.237659,156.888664,273.001029,202.355976,198.867088,-0.011018786013573423,0.0002275124161175146,-0.057986905077933804,0.2296471129205804,0,0,0,1.0,0.6933300722942337,0.6933300722942337,0.0,0.0,-0.011018786013573423,2.2331807371143735,2.1907973880230873,1.5688866339512075
2019-09-04,2019,225.160597,402.373739,156.924357,276.018029,205.441631,201.915418,0.008250675744684077,0.00022750528361936695,-0.04362247920888129,0.23570322228894652,0,0,0,1.0,0.6933300722942337,0.6933300722942337,0.0,0.0,0.008250675744684077,2.2516059872555787,2.2088729468939667,1.5692435639498312
2019-09-05,2019,224.677871,398.816781,156.960059,275.200162,207.556928,204.134268,-0.0021439186359947238,0.00022751088921157958,-0.03377529054147399,0.23383543342665983,0,0,0,1.0,0.6933300722942337,0.6933300722942337,0.0,0.0,-0.0021439186359947238,2.246778727218584,2.2041373030185762,1.569600583948455
2019-09-06,2019,222.826131,392.680057,156.995769,272.124477,208.961712,205.565105,-0.00824175514819614,0.00022751010816057793,-0.02723570149797072,0.2353642697918761,0,0,0,1.0,0.6933300722942337,0.6933300722942337,0.0,0.0,-0.00824175514819614,2.2282613270766727,2.1859713430540917,1.5699576839470781
2019-09-09,2019,223.348054,394.219098,157.031487,272.963494,209.461101,205.979853,0.002342288122392455,0.00022750931587212087,-0.02491093211502926,0.223765289182278,0,0,0,1.0,0.6933300722942337,0.6933300722942337,0.0,0.0,0.002342288122392455,2.2334805571166707,2.1910915177668175,1.5703148639457012
2019-09-10,2019,221.743284,391.523312,157.067213,270.295108,209.158626,205.689537,-0.007185063721217855,0.00022750851235331382,-0.02631902203912695,0.21860185518719658,0,0,0,1.0,0.6933300722942337,0.6933300722942337,0.0,0.0,-0.007185063721217855,2.2174328569936863,2.175348385592643,1.5706721239443238
2019-09-11,2019,224.207769,400.793766,157.102948,274.337836,209.99906,206.8508,0.011114135930267999,0.00022751406431331667,-0.022406610609193578,0.18920572375867398,0,0,0,1.0,0.6933300722942337,0.6933300722942337,0.0,0.0,0.011114135930267999,2.2420777071825566,2.199525503245809,1.571029473942946
2019-09-12,2019,224.159163,398.821503,157.13869,274.235905,211.876843,208.115753,-0.00021678999000251942,0.00022750687020844929,-0.013665103635255416,0.18373647159110323,0,0,0,1.0,0.6933300722942337,0.6933300722942337,0.0,0.0,-0.00021678999000251942,2.2415916471788315,2.19904866813395,1.571386893941568
2019-09-13,2019,220.688639,390.568408,157.174441,268.490459,210.110712,206.498276,-0.015482409701895627,0.0002275123968515924,-0.021886845153518353,0.1867748176825918,0,0,0,1.0,0.6933300722942337,0.6933300722942337,0.0,0.0,-0.015482409701895627,2.206886406912862,2.165002095699492,1.5717444039401898
2019-09-16,2019,220.705414,400.953271,157.2102,268.496346,210.474089,206.954491,7.601206874996436e-05,0.0002275115455951937,-0.020195242567027427,0.1857436028101127,0,0,0,1.0,0.6933300722942337,0.6933300722942337,0.0,0.0,7.601206874996436e-05,2.2070541569141477,2.165166661987634,1.5721019939388108
2019-09-17,2019,224.588888,416.191171,157.245967,274.879285,212.376232,208.945233,0.017595735100544463,0.00022751068314930123,-0.011340334252314066,0.18644053975997177,0,0,0,1.0,0.6933300722942337,0.6933300722942337,0.0,0.0,0.017595735100544463,2.2458888972117648,2.2032643610204987,1.5724596639374322
2019-09-18,2019,225.177745,412.731154,157.281742,275.828655,212.203679,208.675643,0.002621932924838255,0.00022750980952035427,-0.012143607715154991,0.1752075101245959,0,0,0,1.0,0.6933300722942337,0.6933300722942337,0.0,0.0,0.002621932924838255,2.251777467256893,2.2090411723907812,1.5728174139360531
2019-09-19,2019,226.705735,415.786038,157.314569,278.328662,211.811882,208.281652,0.0067857061096336935,0.00020871462626592674,-0.013967511865883853,0.1685201130653916,0,0,0,1.0,0.6933300722942337,0.6933300722942337,0.0,0.0,0.0067857061096336935,2.2670573673739933,2.224031076570706,1.5731456839347873
2019-09-20,2019,226.995025,414.472961,157.347404,278.785769,212.782239,208.945233,0.001276059469779156,0.0002087219270836549,-0.009450279319466293,0.13876355946706104,0,0,0,1.0,0.6933300722942337,0.6933300722942337,0.0,0.0,0.001276059469779156,2.2699502673961636,2.2268690724870472,1.5734740339335214
2019-09-23,2019,226.310747,414.121665,157.380246,277.637239,212.418863,208.9867,-0.003014506595463984,0.00020872285887851838,-0.011141877250729793,0.12667925897701912,0,0,0,1.0,0.6933300722942337,0.6933300722942337,0.0,0.0,-0.003014506595463984,2.2631074873437225,2.2201561609808005,1.573802453932255
2019-09-24,2019,223.921139,411.332366,157.413094,273.676233,210.871976,207.369223,-0.01055896828443581,0.00020871742696360052,-0.018342988081104794,0.1315868526520341,0,0,0,1.0,0.6933300722942337,0.6933300722942337,0.0,0.0,-0.01055896828443581,2.239211407160591,2.1967136024905094,1.5741309339309888
2019-09-25,2019,223.72228,409.968205,157.445949,273.328261,212.100147,208.302378,-0.0008880760471658977,0.00020871834207136786,-0.012625572723905076,0.12997439814030237,0,0,0,1.0,0.6933300722942337,0.6933300722942337,0.0,0.0,-0.0008880760471658977,2.237222817145351,2.194762753757654,1.5744594839297221
2019-09-26,2019,223.941678,412.979547,157.478811,273.670083,213.801317,210.334603,0.0009806712143287655,0.0002087192475177524,-0.004706239436270465,0.1068800286646042,0,0,0,1.0,0.6933300722942337,0.6933300722942337,0.0,0.0,0.0009806712143287655,2.239416797162165,2.196915094412545,1.574788103928455
2019-09-27,2019,223.997646,416.556519,157.51168,273.74237,213.312078,209.940597,0.00024992221412212245,0.00020872014330874933,-0.006983758260555528,0.10713925489598537,0,0,0,1.0,0.6933300722942337,0.6933300722942337,0.0,0.0,0.00024992221412212245,2.239976477166454,2.197464152297179,1.575116793927188
2019-09-30,2019,223.994669,418.468246,157.544556,273.717438,212.636077,209.463656,-1.329031823849025e-05,0.00020872102944990978,-0.010130696674573225,0.10572634941707384,0,0,0,1.0,0.6933300722942337,0.6933300722942337,0.0,0.0,-1.329031823849025e-05,2.239946707166226,2.197434947299277,1.5754455539259202
2019-10-01,2019,224.165379,416.952284,157.577439,273.978951,211.231292,207.493639,0.000762116351974429,0.00020872190594767304,-0.01667029037330392,0.10213808377242156,0,0,0,1.0,0.6933300722942337,0.6933300722942337,0.0,0.0,0.000762116351974429,2.2416538071793086,2.199109648405014,1.5757743839246525
2019-10-02,2019,220.482328,409.627567,157.610329,267.884741,205.096524,201.459203,-0.01643006166442862,0.00020872277280759022,-0.04522903078979079,0.14064847010067777,0,0,0,1.0,0.6933300722942337,0.6933300722942337,0.0,0.0,-0.01643006166442862,2.2048232968970516,2.1629781412748796,1.5761032839233844
2019-10-03,2019,220.928523,403.003583,157.643225,268.600581,206.081092,202.641207,0.002023722282177731,0.0002087172852738295,-0.04064564280602678,0.13658242043785512,0,0,0,1.0,0.6933300722942337,0.6933300722942337,0.0,0.0,0.002023722282177731,2.2092852469312465,2.167355408335241,1.5764322439221161
2019-10-04,2019,223.529961,410.991617,157.676128,272.8709,208.182179,204.652691,0.011775021009849285,0.0002087181355241441,-0.030864604920738392,0.13945346734145755,0,0,0,1.0,0.6933300722942337,0.6933300722942337,0.0,0.0,0.011775021009849285,2.235299627130612,2.192876063804199,1.5767612739208476
2019-10-07,2019,219.858021,400.354976,157.709038,266.795002,204.166768,200.733414,-0.01642705963698521,0.00020871897615326596,-0.049557256446355336,0.15462199807638127,0,0,0,1.0,0.6933300722942337,0.6933300722942337,0.0,0.0,-0.01642705963698521,2.1985802268492063,2.15685355792757,1.5770903739195785
2019-10-08,2019,217.974075,402.050814,157.741955,263.667903,202.964987,199.385511,-0.008568920940118963,0.00020871980716785643,-0.055151820351048375,0.15550365614058514,0,0,0,1.0,0.6933300722942337,0.6933300722942337,0.0,0.0,-0.008568920940118963,2.1797407667048265,2.1383716503102743,1.5774195439183092
2019-10-09,2019,220.963446,408.141352,157.774879,268.577998,205.539072,202.184992,0.013714341946398978,0.00020872062857346663,-0.04316886919055252,0.16243567383656704,0,0,0,1.0,0.6933300722942337,0.6933300722942337,0.0,0.0,0.013714341946398978,2.2096344769339225,2.1676980103311148,1.5777487839170399
2019-10-10,2019,221.674525,405.44895,157.80781,269.730672,206.692132,203.387738,0.0032180843160818373,0.00020872144037564766,-0.037801112622637634,0.16013909893053743,0,0,0,1.0,0.6933300722942337,0.6933300722942337,0.0,0.0,0.0032180843160818373,2.216745266988417,2.174673845300163,1.57807809391577
2019-10-11,2019,225.609802,413.203172,157.840748,276.200769,210.782654,207.307015,0.01775249997716255,0.00020872224258106087,-0.018758802307735856,0.1740122380791464,0,0,0,1.0,0.6933300722942337,0.6933300722942337,0.0,0.0,0.01775249997716255,2.256098037290004,2.21327974268919,1.5784074739145
2019-10-14,2019,227.559391,419.5713,157.873692,279.396016,211.736771,208.095012,0.008641419755334834,0.0002087166996953549,-0.014317170655168576,0.17461686560738154,0,0,0,1.0,0.6933300722942337,0.6933300722942337,0.0,0.0,0.008641419755334834,2.275593927439414,2.232405621981747,1.57873691391323
2019-10-15,2019,227.940837,418.735528,157.906644,280.005038,212.118418,208.571968,0.0016762481140581986,0.0002087238195456198,-0.012540517063096224,0.17171098658298214,0,0,0,1.0,0.6933300722942337,0.6933300722942337,0.0,0.0,0.0016762481140581986,2.2794083874686466,2.2361476876954067,1.5790664339119596
2019-10-16,2019,227.54674,418.076053,157.939602,279.335012,214.012441,210.272395,-0.0017289442523192866,0.000208718260138685,-0.003723409195307892,0.1745613584372162,0,0,0,1.0,0.6933300722942337,0.6933300722942337,0.0,0.0,-0.0017289442523192866,2.275467417438444,2.2322815130034286,1.579396013910689
2019-10-17,2019,229.248833,424.65044,157.972567,282.122069,213.186216,209.546606,0.007480190663245567,0.0002087190266566452,-0.007569674498349777,0.17506345870779927,0,0,0,1.0,0.6933300722942337,0.6933300722942337,0.0,0.0,0.007480190663245567,2.2924883475688866,2.2489794043347326,1.579725663909418
2019-10-18,2019,227.926271,422.204774,158.005539,279.920786,212.603596,208.924492,-0.005769111156173179,0.00020871978360648136,-0.01028190311750099,0.17466100257024686,0,0,0,1.0,0.6933300722942337,0.6933300722942337,0.0,0.0,-0.005769111156173179,2.27926272746753,2.2360047921631816,1.5800553839081468
2019-10-21,2019,230.524119,433.466504,158.038518,284.185137,215.228432,211.516607,0.011397755899757556,0.0002087205309935225,0.0,0.17986818216105746,0,0,0,1.0,0.6933300722942337,0.6933300722942337,0.0,0.0,0.011397755899757556,2.3052412076666204,2.2614902289749454,1.5803851739068753
2019-10-22,2019,232.127766,437.606957,158.071504,286.809823,217.98725,214.087981,0.006956525880920994,0.00020872126882376385,0.0,0.1821464600588881,0,0,0,1.0,0.6933300722942337,0.6933300722942337,0.0,0.0,0.006956525880920994,2.321277677789519,2.2772223442822597,1.5807150339056033
2019-10-23,2019,231.548899,436.431086,158.104497,285.835049,218.318146,214.41978,-0.002493743036324214,0.00020872199710342265,0.0,0.181500875509535,0,0,0,1.0,0.6933300722942337,0.6933300722942337,0.0,0.0,-0.002493743036324214,2.3154890077451564,2.2715435369190438,1.5810449639043316
2019-10-24,2019,228.769801,434.266981,158.137496,281.231592,217.185386,213.590299,-0.01200220779283434,0.0002087163909068046,-0.005188574659295675,0.18127100791969805,0,0,0,1.0,0.6933300722942337,0.6933300722942337,0.0,0.0,-0.01200220779283434,2.2876980275321754,2.2442799993784717,1.581374953903059
2019-10-25,2019,225.455772,429.244087,158.170503,275.745913,217.95274,214.357571,-0.014486304510095693,0.0002087234263530302,-0.0016737316924632095,0.18111296328784823,0,0,0,1.0,0.6933300722942337,0.6933300722942337,0.0,0.0,-0.014486304510095693,2.254557737278199,2.2117686759015576,1.5817050239017865
2019-10-28,2019,226.663965,429.67817,158.203516,277.718387,219.623459,215.560301,0.005358891410418121,0.00020871780372355708,0.0,0.18177703039686094,0,0,0,1.0,0.6933300722942337,0.6933300722942337,0.0,0.0,0.005358891410418121,2.266639667370791,2.2236213040606785,1.5820351539005137
2019-10-29,2019,223.54929,420.936132,158.236536,272.561478,218.342507,214.627146,-0.01374137702038336,0.0002087184964965072,-0.0058324916920645675,0.18132921756435108,0,0,0,1.0,0.6933300722942337,0.6933300722942337,0.0,0.0,-0.01374137702038336,2.2354929171320927,2.193065685371024,1.5823653538992404
2019-10-30,2019,226.248703,423.845597,158.269563,276.993304,220.072097,216.265364,0.012075247476742046,0.00020871917974751852,0.0,0.14118523863945512,0,0,0,1.0,0.6933300722942337,0.6933300722942337,0.0,0.0,0.012075247476742046,2.2624870473389667,2.21954749625463,1.582695623897967
2019-10-31,2019,226.75369,428.584045,158.299611,277.807842,217.660415,214.067256,0.0022319995354846967,0.00018985330742338213,-0.010958599626557874,0.15015673405274052,0,0,0,1.0,0.6933300722942337,0.6933300722942337,0.0,0.0,0.0022319995354846967,2.2675369173776674,2.2245015252352567,1.5829961038968086
2019-11-01,2019,229.842874,435.877727,158.329664,282.884298,219.641729,216.223882,0.01362352251026211,0.0001898488556615341,-0.0019555773124659837,0.1494896115832766,0,0,0,1.0,0.6933300722942337,0.6933300722942337,0.0,0.0,0.01362352251026211,2.2984287576144125,2.2548070718384117,1.58329663389565
2019-11-04,2019,228.74815,435.396887,158.359723,281.060545,220.463894,216.970412,-0.004762923387391926,0.0001898507155297935,0.0,0.12482884434957754,0,0,0,1.0,0.6933300722942337,0.6933300722942337,0.0,0.0,-0.004762923387391926,2.2874815175305168,2.244067598501896,1.583597223894491
2019-11-05,2019,228.04125,433.632659,158.389787,279.876398,220.159388,217.053362,-0.003090298216619547,0.0001898462527623046,-0.0013812057587987425,0.1211250950947031,0,0,0,1.0,0.6933300722942337,0.6933300722942337,0.0,0.0,-0.003090298216619547,2.280412517476342,2.237132760404272,1.5838978638933323
2019-11-06,2019,228.675926,430.264125,158.419858,280.904808,219.925934,216.389781,0.0027831631338628426,0.0001898544127720836,-0.0024401274523436767,0.11799547869077902,0,0,0,1.0,0.6933300722942337,0.6933300722942337,0.0,0.0,0.0027831631338628426,2.286759277524981,2.243359065828586,1.5841985738921727
2019-11-07,2019,226.76607,417.088736,158.449934,277.736709,222.453329,218.380523,-0.008351801754593047,0.00018984993661597116,0.0,0.12124941223721558,0,0,0,1.0,0.6933300722942337,0.6933300722942337,0.0,0.0,-0.008351801754593047,2.2676607173786163,2.2246229756464166,1.5844993338910132
2019-11-08,2019,224.152968,406.92912,158.480015,273.408796,218.490699,214.41978,-0.011523337684513524,0.00018984545616795856,-0.017813309505473773,0.12836279642130158,0,0,0,1.0,0.6933300722942337,0.6933300722942337,0.0,0.0,-0.011523337684513524,2.2415296971783563,2.1989878938773155,1.5848001438898536
2019-11-11,2019,225.973127,419.005545,158.510103,276.392323,219.6803,216.161673,0.008120164619011438,0.00018985359131851176,-0.012465666449972601,0.12865976083394076,0,0,0,1.0,0.6933300722942337,0.6933300722942337,0.0,0.0,0.008120164619011438,2.2597312873178472,2.2168440375708127,1.5851010238886931
2019-11-12,2019,222.878418,416.436664,158.540196,271.270125,216.777349,212.449762,-0.013695031091019882,0.0001898490975051903,-0.025515374508061517,0.1393678182150201,0,0,0,1.0,0.6933300722942337,0.6933300722942337,0.0,0.0,-0.013695031091019882,2.228784197080679,2.186484289552338,1.585401953887533
2019-11-13,2019,219.592569,414.371269,158.570295,265.83269,215.009188,212.283879,-0.014742786804956665,0.0001898509069584442,-0.03346383276646758,0.13987125759238192,0,0,0,1.0,0.6933300722942337,0.6933300722942337,0.0,0.0,-0.014742786804956665,2.195925706828862,2.1542494178190807,1.5857029438863723
2019-11-14,2019,222.787796,423.701976,158.600399,271.084003,216.314501,212.657144,0.014550706403912983,0.0001898464021903301,-0.0275960266703853,0.14042352287413265,0,0,0,1.0,0.6933300722942337,0.6933300722942337,0.0,0.0,0.014550706403912983,2.227877977073734,2.1855952686185667,1.5860039838852118
2019-11-18,2019,221.721983,415.724155,158.63051,269.307901,215.888194,211.516607,-0.004783982871305881,0.0001898545034553223,-0.029512415163721828,0.14019754009401536,0,0,0,1.0,0.6933300722942337,0.6933300722942337,0.0,0.0,-0.004783982871305881,2.2172198469920534,2.175139418289888,1.5863050938840504
2019-11-19,2019,222.22019,419.086695,158.660626,270.111215,214.408298,211.433658,0.0022469896455870053,0.00018984998535298558,-0.036165028575499525,0.13572735885683676,0,0,0,1.0,0.6933300722942337,0.6933300722942337,0.0,0.0,0.0022469896455870053,2.2222019170302345,2.1800269340404936,1.5866062538828896
2019-11-21,2019,224.900579,424.81511,158.720875,274.495086,218.222734,214.627146,0.012061860805717028,0.00037973504529098534,-0.01901789925562314,0.14298513251428535,0,0,0,1.0,0.6933300722942337,0.6933300722942337,0.0,0.0,0.012061860805717028,2.2490058072356507,2.206322115471604,1.5872087438805667
2019-11-22,2019,226.040068,427.402232,158.751008,276.356009,220.648627,216.908204,0.005066634354907507,0.00018984900379370728,-0.00811272192739354,0.14821796875458443,0,0,0,1.0,0.6933300722942337,0.6933300722942337,0.0,0.0,0.005066634354907507,2.2604006973229773,2.2175007428998446,1.587510073879405
2019-11-25,2019,225.26039,424.556322,158.781147,275.051788,220.104577,216.182415,-0.0034492911230232792,0.0001898507630262447,-0.010558403466283894,0.14712536667626486,0,0,0,1.0,0.6933300722942337,0.6933300722942337,0.0,0.0,-0.0034492911230232792,2.2526039172632255,2.2098519372720626,1.5878114638782428
2019-11-26,2019,223.997561,418.993457,158.811292,272.950741,217.333579,214.502729,-0.00560608547290542,0.0001898525144172769,-0.02301493991128367,0.15399065706643997,0,0,0,1.0,0.6933300722942337,0.6933300722942337,0.0,0.0,-0.00560608547290542,2.239975627166446,2.19746331842925,1.5881129138770806
2019-11-27,2019,226.488325,423.777733,158.841442,277.040208,218.651072,215.000411,0.011119603217465412,0.00018984796118903802,-0.017092380757313785,0.15302068902562208,0,0,0,1.0,0.6933300722942337,0.6933300722942337,0.0,0.0,0.011119603217465412,2.2648832673573303,2.2218982386151183,1.5884144138759182
2019-11-28,2019,227.411388,429.295707,158.871598,278.544181,219.832553,216.451989,0.004075543408252891,0.0001898496992995824,-0.011781239740404237,0.15271095601401471,0,0,0,1.0,0.6933300722942337,0.6933300722942337,0.0,0.0,0.004075543408252891,2.274113897428071,2.230953681335315,1.5887159738747556
2019-11-29,2019,226.426275,425.410087,158.90176,276.90114,219.716841,216.389781,-0.0043318543044994495,0.00018985142958016787,-0.012301402780985127,0.1501026510357045,0,0,0,1.0,0.6933300722942337,0.6933300722942337,0.0,0.0,-0.0043318543044994495,2.264262767352575,2.2212895150276837,1.5890175938735926
2019-12-02,2019,228.255454,425.573529,158.931927,279.899494,221.39771,217.343677,0.008078474991473517,0.00018984685883904895,-0.004745350428089101,0.1466407033149117,0,0,0,1.0,0.6933300722942337,0.6933300722942337,0.0,0.0,0.008078474991473517,2.282554557492757,2.239234146823657,1.5893192638724296
2019-12-03,2019,225.79319,423.783136,158.9621,275.820291,221.184556,217.737684,-0.010787317266031105,0.00018984857586223924,-0.005703546922419922,0.14348456249771666,0,0,0,1.0,0.6933300722942337,0.6933300722942337,0.0,0.0,-0.010787317266031105,2.2579319173040573,2.2150788176489398,1.5896209938712662
2019-12-04,2019,226.470647,420.889847,158.992279,276.91919,223.914954,220.018742,0.0030003429244256363,0.00018985028506790513,0.0,0.14928261225638093,0,0,0,1.0,0.6933300722942337,0.6933300722942337,0.0,0.0,0.0030003429244256363,2.2647064873559755,2.2217248137065178,1.5899227838701027
2019-12-05,2019,227.910771,425.680496,159.022464,279.275897,224.566596,220.723806,0.0063589874408758185,0.0001898519864604875,0.0,0.1492209359792213,0,0,0,1.0,0.6933300722942337,0.6933300722942337,0.0,0.0,0.0063589874408758185,2.279107727466342,2.2358527338939598,1.5902246338689392
2019-12-06,2019,229.235317,425.80587,159.052654,281.441983,225.589734,221.739911,0.005811686714885411,0.0001898473916237542,0.0,0.14950715549876323,0,0,0,1.0,0.6933300722942337,0.6933300722942337,0.0,0.0,0.005811686714885411,2.292353187567851,2.2488468095239713,1.590526533867775
2019-12-09,2019,229.365298,425.389364,159.082851,281.637963,225.287258,221.408112,0.0005670199587961555,0.00018985536701587868,-0.0013408234259453256,0.1447854142152267,0,0,0,1.0,0.6933300722942337,0.6933300722942337,0.0,0.0,0.0005670199587961555,2.2936529975778117,2.2501219505492465,1.590828503866611
2019-12-10,2019,230.396678,426.148684,159.113053,283.320545,224.668097,221.014121,0.004496669762136474,0.00018985075896083003,-0.004085456300063739,0.12819937509888119,0,0,0,1.0,0.6933300722942337,0.6933300722942337,0.0,0.0,0.004496669762136474,2.3039667976568534,2.2602400058854006,1.5911305238654465
2019-12-11,2019,232.812055,428.847461,159.14326,287.285648,225.260868,221.366645,0.010483558274221094,0.00018984614668915434,-0.001457805699615733,0.1274172624633977,0,0,0,1.0,0.6933300722942337,0.6933300722942337,0.0,0.0,0.010483558274221094,2.3281205678419594,2.283935363700826,1.591432593864282
2019-12-12,2019,235.319123,434.508946,159.170456,291.403805,227.769992,223.647704,0.010768634811457733,0.00017089005214554476,0.0,0.11975342475980025,0,0,0,1.0,0.6933300722942337,0.6933300722942337,0.0,0.0,0.010768634811457733,2.353191248034093,2.308530229565494,1.5917045538632335
2019-12-13,2019,236.115047,430.922272,159.197657,292.699898,228.510955,224.6016,0.003382317551812397,0.00017089226658995038,0.0,0.11293749060118417,0,0,0,1.0,0.6933300722942337,0.6933300722942337,0.0,0.0,0.003382317551812397,2.36115048809509,2.3163384118798427,1.5919765638621848
2019-12-16,2019,236.519508,433.900838,159.224862,293.350376,227.152861,223.378129,0.001712982739299873,0.0001708881934110451,-0.005943233662473624,0.11669787820620964,0,0,0,1.0,0.6933300722942337,0.6933300722942337,0.0,0.0,0.001712982739299873,2.3651950981260863,2.32030625959777,1.5922486138611358
2019-12-17,2019,235.413781,435.517928,159.252072,291.510212,228.614487,224.808982,-0.0046749928128549945,0.00017089039775708414,0.0,0.11626593241627307,0,0,0,1.0,0.6933300722942337,0.6933300722942337,0.0,0.0,-0.0046749928128549945,2.354137828041347,2.309458844510528,1.5925207138600868
2019-12-18,2019,237.035603,444.473945,159.279287,294.168388,232.063517,228.437943,0.006889239844459327,0.0001708925959846841,0.0,0.1179408739063082,0,0,0,1.0,0.6933300722942337,0.6933300722942337,0.0,0.0,0.006889239844459327,2.3703560481656387,2.325369260401269,1.5927928638590376
2019-12-19,2019,237.327477,445.787193,159.306506,294.633175,233.720026,229.806572,0.0012313508869803425,0.00017088850981616943,0.0,0.10695953288847283,0,0,0,1.0,0.6933300722942337,0.6933300722942337,0.0,0.0,0.0012313508869803425,2.3732747881880067,2.328232605902621,1.5930650538579882
2019-12-20,2019,237.980066,450.984398,159.33373,295.692862,233.699726,229.848039,0.002749740604203188,0.00017089069796050183,-8.685605742653202e-05,0.1036618195254007,0,0,0,1.0,0.6933300722942337,0.6933300722942337,0.0,0.0,0.002749740604203188,2.379800678238019,2.334634641635101,1.5933372938569386
2019-12-23,2019,241.372751,453.597166,159.360958,301.27158,235.206012,231.569207,0.014256173035938291,0.0001708866038596657,0.0,0.10236471294632297,0,0,0,1.0,0.6933300722942337,0.6933300722942337,0.0,0.0,0.014256173035938291,2.4137275284980233,2.367917597061947,1.5936095738558886
2019-12-26,2019,242.904262,461.57617,159.415429,303.764213,237.92626,233.933215,0.006345003707564301,0.00034180893917556965,0.0,0.08730073665485293,0,0,0,1.0,0.6933300722942337,0.6933300722942337,0.0,0.0,0.006345003707564301,2.4290426386153934,2.382942042994512,1.5941542838537883
2019-12-27,2019,240.37206,457.130662,159.442672,299.571451,236.568166,232.606053,-0.010424691518998497,0.0001708931197619279,-0.005708045845801202,0.09431416321426142,0,0,0,1.0,0.6933300722942337,0.6933300722942337,0.0,0.0,-0.010424691518998497,2.4037206184213336,2.358100607288642,1.594426713852738
2019-12-30,2019,239.565939,452.343668,159.469919,298.225382,235.411046,230.656793,-0.00335363852188153,0.0001708890076805858,-0.010571401408150605,0.0991816826946288,0,0,0,1.0,0.6933300722942337,0.6933300722942337,0.0,0.0,-0.00335363852188153,2.395659408359555,2.3501923902535666,1.5946991838516877
2020-01-03,2020,238.3339,456.968381,159.497171,296.600743,233.691717,229.768419,-0.005142798008480387,0.00017088983590940465,-0.017797711778430814,0.10549951650556415,0,0,0,1.0,0.75,0.75,0.05666992770576629,5.666992770576629e-05,-0.005199467936186153,2.383339015925246,2.3379726402765746,1.594971701733541
2020-01-06,2020,237.063175,452.672583,159.524427,294.474591,232.045847,227.32535,-0.005331700609942591,0.00017088704350753936,-0.02471527522855188,0.10991049317673632,0,0,0,1.0,0.75,0.75,0.0,0.0,-0.005331700609942591,2.3706317658403373,2.325507270124383,1.5952442617321283
2020-01-07,2020,240.868033,454.088478,159.551688,300.772937,231.617008,226.618684,0.016049974864295047,0.00017088918927754548,-0.026517678208365925,0.11031118306117274,0,0,0,1.0,0.75,0.75,0.0,0.0,0.016049974864295047,2.4086803460945743,2.362831603356615,1.5955168717307153
2020-01-08,2020,243.06962,447.764542,159.578954,304.410156,230.79308,226.033156,0.009140220778072194,0.00017089132895908854,-0.02998063349543678,0.10550063341791889,0,0,0,1.0,0.75,0.75,0.0,0.0,0.009140220778072194,2.430696216241682,2.3844284058727006,1.595789531729302
2020-01-09,2020,243.804694,450.561889,159.606225,305.61324,230.197469,225.447644,0.0030241294654593798,0.0001708934625550551,-0.032483976337878806,0.10634822595651892,0,0,0,1.0,0.75,0.75,0.0,0.0,0.0030241294654593798,2.4380469562907994,2.3916392260731785,1.5960622417278885
2020-01-10,2020,243.821289,452.945504,159.6335,305.623782,229.315966,224.680393,6.806677807436046e-05,0.00017088932464881523,-0.03618891836487492,0.10706455312659384,0,0,0,1.0,0.75,0.75,0.0,0.0,6.806677807436046e-05,2.4382129062919082,2.3918020172496135,1.5963349917264749
2020-01-13,2020,245.927687,462.235088,159.66078,309.102996,232.933307,228.314698,0.00863910616107022,0.0001708914482234647,-0.020985296032476564,0.11900933287191455,0,0,0,1.0,0.75,0.75,0.0,0.0,0.00863910616107022,2.4592768864326557,2.4124650487928947,1.5966077917250607
2020-01-14,2020,249.33239,460.966694,159.688064,314.737147,233.542815,228.799266,0.013844325710264727,0.00017088730244219086,-0.018423544336804265,0.11786981385424523,0,0,0,1.0,0.75,0.75,0.0,0.0,0.013844325710264727,2.493323916660155,2.445864000693013,1.5968806317236468
2020-01-15,2020,251.068381,461.480936,159.715353,317.601549,231.124636,226.497545,0.006962557090957944,0.00017088941600551522,-0.02858710930016717,0.12565122234944703,0,0,0,1.0,0.75,0.75,0.0,0.0,0.006962557090957944,2.510683826776152,2.462893468434557,1.5971535217222326
2020-01-16,2020,251.952365,457.037584,159.742647,319.05178,231.700393,226.840781,0.0035208893946705455,0.0001708915234968078,-0.02616721248003484,0.12032080527819893,0,0,0,1.0,0.75,0.75,0.0,0.0,0.0035208893946705455,2.519523666835219,2.4715650439277717,1.597426461720818
2020-01-17,2020,253.742275,458.597867,159.769945,322.005672,235.222436,230.374127,0.007104160343960331,0.00017088736485004752,-0.011364126011143227,0.13048710831520002,0,0,0,1.0,0.75,0.75,0.0,0.0,0.007104160343960331,2.5374227669548195,2.489123438300362,1.5976994417194033
2020-01-20,2020,254.364077,460.541187,159.797248,323.020726,235.984817,231.000044,0.0024505258337421676,0.00017088946234533609,-0.008159851712038924,0.12759753282461697,0,0,0,1.0,0.75,0.75,0.0,0.0,0.0024505258337421676,2.543640786996368,2.4952230995892903,1.5979724717179882
2020-01-21,2020,252.388127,447.042734,159.824556,319.724003,232.339682,227.446504,-0.007768195978396841,0.00017089155377703058,-0.02348029175089794,0.14037371661046735,0,0,0,1.0,0.75,0.75,0.0,0.0,-0.007768195978396841,2.5238812868643365,2.475839717541858,1.598245551716573
2020-01-22,2020,251.266535,467.91116,159.851868,317.845348,235.049709,230.374127,-0.004443917443073708,0.00017088738228676625,-0.012090094636884596,0.13623305609313593,0,0,0,1.0,0.75,0.75,0.0,0.0,-0.004443917443073708,2.512665366789393,2.464837290234819,1.5985186717151574
2020-01-23,2020,252.737631,460.578969,159.879186,320.270058,237.307072,232.615278,0.005854723152846297,0.00017089571952966232,-0.0026024365700533236,0.13805358846685184,0,0,0,1.0,0.75,0.75,0.0,0.0,0.005854723152846297,2.5273763268876897,2.479268230185956,1.5987918517137418
2020-01-24,2020,251.521379,455.362893,159.906507,318.234281,235.019928,230.172224,-0.004812310676442166,0.00017088528334130437,-0.012215263670349086,0.14294161148070797,0,0,0,1.0,0.75,0.75,0.0,0.0,-0.004812310676442166,2.515213806806421,2.4673372212120683,1.5990650617123257
2020-01-27,2020,245.063686,440.309702,159.933834,307.498706,227.288905,222.681533,-0.02567452924150837,0.00017089360847566404,-0.04470862106603957,0.18314207026791357,0,0,0,1.0,0.75,0.75,0.0,0.0,-0.02567452924150837,2.450636876374924,2.403989499577397,1.5993383317109091
2020-01-28,2020,250.72734,438.398991,159.961165,316.882255,231.253685,226.739838,0.023110947576296503,0.00017088941918319556,-0.028044718561120674,0.18983319004820626,0,0,0,1.0,0.75,0.75,0.0,0.0,0.023110947576296503,2.507273416753364,2.4595479748760973,1.5996116417094925
2020-01-29,2020,247.285407,429.847929,159.988501,311.152261,229.081693,223.872768,-0.013727792908423964,0.000170891478566082,-0.037173563775600105,0.19139822184889094,0,0,0,1.0,0.75,0.75,0.0,0.0,-0.013727792908423964,2.4728540865233772,2.4257838096286646,1.599885001708076
2020-01-30,2020,245.55019,417.846541,160.015841,308.255088,229.3656,224.498686,-0.007017061868111019,0.00017088728145520093,-0.03598030751208381,0.19121032700533375,0,0,0,1.0,0.75,0.75,0.0,0.0,-0.007017061868111019,2.4555019164074317,2.4087619345578384,1.6001584017066588
2020-01-31,2020,244.237303,404.035655,160.043186,306.0589,225.857455,219.875049,-0.005346715471895913,0.00017088933088826863,-0.0507249809247623,0.19660474578078316,0,0,0,1.0,0.75,0.75,0.0,0.0,-0.005346715471895913,2.4423730463197058,2.395882969854224,1.6004318517052416
2020-02-03,2020,248.013241,409.389353,160.070536,312.309189,227.580754,222.944005,0.015460119947361184,0.00017089137428194512,-0.043481984712406274,0.19813990187247904,0,0,0,1.0,0.75,0.75,0.0,0.0,0.015460119947361184,2.4801324265720104,2.4329236079480103,1.600705351703824
2020-02-04,2020,250.260581,406.282272,160.09789,316.022294,229.423176,224.53906,0.009061371041879207,0.00017088716439350726,-0.0357383165691757,0.2006347613681308,0,0,0,1.0,0.75,0.75,0.0,0.0,0.009061371041879207,2.5026058267221756,2.454969231476175,1.6009788917024064
2020-02-05,2020,253.392381,408.165645,160.12525,321.20343,230.358284,225.669726,0.012514156194658455,0.00017089544403114942,-0.031808073644330026,0.20087070517559394,0,0,0,1.0,0.75,0.75,0.0,0.0,0.012514156194658455,2.533923826931439,2.485691099891948,1.6012524917009883
2020-02-06,2020,250.644052,403.050821,160.151089,316.625621,228.694546,224.014102,-0.010846139055775361,0.00016136742955907835,-0.03880073599274003,0.20232667235658028,0,0,0,1.0,0.75,0.75,0.0,0.0,-0.010846139055775361,2.506440536747798,2.458730948572817,1.601510881699649
2020-02-07,2020,246.954283,394.276951,160.176933,310.485197,225.875323,220.783617,-0.014721151252374387,0.0001613726148310679,-0.05064988202647325,0.2065258897595585,0,0,0,1.0,0.75,0.75,0.0,0.0,-0.014721151252374387,2.4695428465012514,2.4225355983899823,1.6017693216983093
2020-02-10,2020,243.241208,389.568378,160.20278,304.306087,223.492882,219.652952,-0.01503547520979831,0.0001613653072005672,-0.06066324078729268,0.19974381568224817,0,0,0,1.0,0.75,0.75,0.0,0.0,-0.01503547520979831,2.432412096253147,2.386111624455536,1.6020277916969696
2020-02-11,2020,248.987212,403.105741,160.228632,313.827244,229.053897,224.720783,0.023622658542297614,0.00016137048308406676,-0.03729038988802669,0.2210552795229311,0,0,0,1.0,0.75,0.75,0.0,0.0,0.023622658542297614,2.4898721366370893,2.442477924603856,1.6022863116956299
2020-02-12,2020,250.671548,411.165735,160.254488,316.606802,231.640832,227.042683,0.006764749026548333,0.00016136941117994574,-0.026417546343980747,0.22209992032218745,0,0,0,1.0,0.75,0.75,0.0,0.0,0.006764749026548333,2.506715496749635,2.4590006747666857,1.6025448716942898
2020-02-13,2020,251.505568,410.322615,160.280349,317.974996,229.63164,223.913158,0.0033271426560146367,0.00016137457566856028,-0.0348621459438736,0.2241024745324126,0,0,0,1.0,0.75,0.75,0.0,0.0,0.0033271426560146367,2.5150556968053634,2.4671821208028706,1.6028034816929493
2020-02-14,2020,251.557979,407.572035,160.306213,318.045866,227.088383,222.257534,0.0002083890246118436,0.0001613672553208989,-0.04555141160122478,0.21927152648344486,0,0,0,1.0,0.75,0.75,0.0,0.0,0.0002083890246118436,2.5155798068088653,2.4676962544785646,1.6030621216916088
2020-02-17,2020,254.527023,407.565691,160.332082,322.957787,228.930805,223.711256,0.011802623044606442,0.0001613724104381209,-0.0378077434579942,0.22138979405266973,0,0,0,1.0,0.75,0.75,0.0,0.0,0.011802623044606442,2.545270247007254,2.496821543158762,1.6033208116902682
2020-02-18,2020,256.368165,407.628131,160.357954,325.997605,228.271662,224.397727,0.007233581638205644,0.0001613650847493986,-0.04057811020944058,0.21524105430132986,0,0,0,1.0,0.75,0.75,0.0,0.0,0.007233581638205644,2.563681667130277,2.5148825056272317,1.603579531688927
2020-02-19,2020,258.672927,407.597079,160.383831,329.80694,231.331115,226.295643,0.008990047574744864,0.0001613702305029996,-0.027719281595902867,0.21665965697468648,0,0,0,1.0,0.75,0.75,0.0,0.0,0.008990047574744864,2.5867292872842795,2.537491418997714,1.6038383016875855
2020-02-20,2020,255.393899,399.478275,160.409712,324.348243,227.495384,222.499811,-0.012676347842153657,0.00016136913452347024,-0.043840793361775265,0.2200408044527371,0,0,0,1.0,0.75,0.75,0.0,0.0,-0.012676347842153657,2.553939007065178,2.505325295124019,1.6040971116862444
2020-02-21,2020,256.272188,397.884669,160.435598,325.7899,225.698625,220.98552,0.00343895842241726,0.0001613742689094977,-0.05139254069727328,0.21932713638176948,0,0,0,1.0,0.75,0.75,0.0,0.0,0.00343895842241726,2.562721897123865,2.5139410046485806,1.6043559716849025
2020-02-26,2020,240.857001,371.21406,160.461487,300.187486,209.88914,205.741667,-0.060151618949770835,0.00016136693054868978,-0.11783953566117511,0.30985663457543955,1,0,0,1.0,0.75,0.75,0.0,0.0,-0.060151618949770835,2.408570026093836,2.362723383274755,1.6046148616835607
2020-02-27,2020,234.715094,358.688893,160.487381,289.976949,204.461143,200.29021,-0.025500222017627805,0.00016137205558863776,-0.14065331418230176,0.30862709295759505,1,1,1,0.85,0.75,0.6375,0.11250000000000004,0.00011250000000000005,-0.02176348290664534,2.3471509556834396,2.3113022933097236,1.6048738016822186
2020-02-28,2020,235.318455,364.648517,160.513279,290.96227,206.819761,203.11689,0.00257061013724158,0.00016137094292800747,-0.13074008308288465,0.3144203880252409,1,1,1,0.85,0.75,0.6375,0.0,0.0,0.002209224258094544,2.3531845657237556,2.316408478403893,1.6051327816808765
2020-03-02,2020,241.239738,371.895704,160.539181,300.774326,211.689869,207.942429,0.025162850062057318,0.0001613698266047514,-0.1102711024836015,0.3297996091603446,1,1,1,0.85,0.75,0.6375,0.0,0.0,0.021412628026739433,2.41239739611941,2.366008871509941,1.6053918016795339
2020-03-03,2020,237.455591,369.097958,160.565087,294.477212,209.529788,205.438805,-0.015686250662401147,0.00016136870662109004,-0.1193498859688713,0.3279342359299225,1,1,1,0.85,0.75,0.6375,0.0,0.0,-0.01330910775704781,2.374555925866557,2.334519404484884,1.605650861678191
2020-03-04,2020,242.903804,366.13647,160.590997,303.504057,212.879104,208.164526,0.022944134425539886,0.00016136758297879972,-0.10527276812572095,0.33300942770489994,1,1,1,0.85,0.75,0.6375,0.0,0.0,0.019526719399155724,2.4290380562306018,2.3801049098281446,1.605909961676848
2020-03-05,2020,232.435447,335.803685,160.616912,286.112423,202.970132,199.462406,-0.04309671906167434,0.00016137268267923943,-0.14692000790497028,0.3636776030319183,1,1,1,0.85,0.75,0.6375,0.0,0.0,-0.0366080053000213,2.324354485531116,2.2929740166745494,1.606169111675505
2020-03-06,2020,227.057234,323.324228,160.642831,277.169457,194.560113,190.598757,-0.02313852327351784,0.00016137154971573864,-0.18226717387143399,0.3825888560613019,1,1,1,0.85,0.75,0.6375,0.0,0.0,-0.019643539050032802,2.2705723551717485,2.2479318920372924,1.6064283016741616
2020-03-09,2020,202.948342,273.723861,160.668754,237.137128,170.874672,166.975809,-0.10617980134471294,0.00016137041309982614,-0.281816677150307,0.5557534654576245,2,1,1,0.85,0.75,0.6375,0.0,0.0,-0.09022862558104103,2.029483433560815,2.0451040870189785,1.606687531672818
2020-03-10,2020,212.789517,296.693134,160.694681,253.455442,183.07873,178.948804,0.04849103423569723,0.0001613692728332783,-0.23052323018064502,0.6329490822600785,2,2,2,0.6,0.75,0.44999999999999996,0.1875,0.0001875,0.028971668250551648,2.127895184218393,2.10435416416594,1.6069468016714743
2020-03-11,2020,201.152341,280.216436,160.720612,234.123782,169.095782,165.683615,-0.05468867152887036,0.0001613681289176494,-0.2892933213845331,0.6758453340378783,2,2,2,0.6,0.75,0.44999999999999996,0.0,0.0,-0.032748655665755154,2.011523423440808,2.0354393942448716,1.6072061116701302
2020-03-12,2020,175.368889,221.237521,160.746548,191.311994,144.103969,141.535724,-0.12817873195917717,0.00016137320333253768,-0.3943334838281407,0.8118812842974791,2,2,2,0.6,0.75,0.44999999999999996,0.0,0.0,-0.07684268989417328,1.7536889017179824,1.879030756074529,1.607465471668786
2020-03-13,2020,191.071875,260.563993,160.772487,217.359789,164.14626,160.494646,0.08954259840238832,0.00016136582914372255,-0.3100960776670889,0.9881183168067987,2,2,2,0.6,0.75,0.44999999999999996,0.0,0.0,0.05379010537309048,1.910718762767241,1.9801040184430558,1.6077248616674418
2020-03-16,2020,171.968664,226.245941,160.798431,185.635924,141.294674,138.103338,-0.09997918845984011,0.0001613708942624914,-0.4061409026477364,1.0809673724976676,2,2,2,0.6,0.75,0.44999999999999996,0.0,0.0,-0.059922964718199065,1.7196866514907825,1.8614503152075286,1.607984301666097
2020-03-17,2020,178.90402,220.767513,160.824379,197.131119,148.142208,143.352876,0.04032918462400814,0.00016136973376323915,-0.37736083440306256,1.1090443702827184,2,2,2,0.6,0.75,0.44999999999999996,0.0,0.0,0.024262058667910178,1.7890402119541966,1.9066129319624934,1.6082437816647523
2020-03-18,2020,166.017023,181.82349,160.850331,175.724981,132.811196,131.258744,-0.07203302083429997,0.00016136856962467583,-0.44179681553435934,1.1434080384830136,2,2,2,0.6,0.75,0.44999999999999996,0.0,0.0,-0.043155265072730105,1.6601702410930996,1.8243325454925567,1.6085033016634074
2020-03-19,2020,165.947868,188.232619,160.873216,175.595931,135.66417,131.238549,-0.0004165536687161797,0.0001422751190982563,-0.42980581462508594,1.1527019360278936,2,2,2,0.6,0.75,0.44999999999999996,0.0,0.0,-0.0001930221535904053,1.659478691088479,1.8239804088957607,1.6087321516622215
2020-03-20,2020,165.899943,195.913469,160.896103,175.502117,133.15665,130.77416,-0.00028879551498661726,0.00014226731191846476,-0.4403448782828764,1.144834632597858,2,2,2,0.6,0.75,0.44999999999999996,0.0,0.0,-0.00011637038422458447,1.6589994410852766,1.8237681515947592,1.6089610216610353
2020-03-23,2020,161.413678,182.619935,160.918994,168.041502,126.209847,123.444997,-0.02704199241346339,0.00014227193557325712,-0.4695421724361153,1.1484482022558222,2,2,2,0.6,0.75,0.44999999999999996,0.0,0.0,-0.01616828667384873,1.6141367907855086,1.7942809452931399,1.6091899316598488
2020-03-24,2020,168.899885,199.134526,160.941888,180.452908,138.437729,136.084283,0.046379012564226496,0.00014227034006930595,-0.41814859360206824,1.2283910909868614,2,2,2,0.6,0.75,0.44999999999999996,0.0,0.0,0.02788431567456362,1.68899886128573,1.844313241580548,1.6094188716586622
2020-03-25,2020,175.205153,229.018783,160.964785,190.90418,148.815248,144.826793,0.03733139309123845,0.00014226874236733522,-0.3745320587983857,1.2594380560944485,2,2,2,0.6,0.75,0.44999999999999996,0.0,0.0,0.022455743351690004,1.7520515417070417,1.8857286663936046,1.6096478416574753
2020-03-26,2020,180.995428,244.571378,160.987685,200.500659,154.282951,150.560901,0.03304854281312153,0.00014226714246845518,-0.3515513966386057,1.2711664259348792,2,2,2,0.6,0.75,0.44999999999999996,0.0,0.0,0.019886032544860297,1.8099542920939424,1.9232283280242837,1.6098768416562885
2020-03-27,2020,175.61647,225.521348,161.010589,191.558335,145.783591,141.778016,-0.029718750685790885,0.0001422717520287442,-0.3872740612994968,1.277576072881028,2,2,2,0.6,0.75,0.44999999999999996,0.0,0.0,-0.01777434171066303,1.7561647117345254,1.8890442105343528,1.6101058816551015
2020-03-30,2020,178.38801,223.666493,161.033496,196.144285,148.187871,145.311362,0.015781777187527046,0.00014227014597167909,-0.3771689135953299,1.2750542699770326,2,2,2,0.6,0.75,0.44999999999999996,0.0,0.0,0.009525974370904898,1.7838801119197174,1.9070391972694092,1.6103349516539145
2020-03-31,2020,176.132375,216.599124,161.056406,192.386079,144.971575,140.021433,-0.012644543767263317,0.00014226853772081327,-0.3906869506543751,1.2751876476709865,2,2,2,0.6,0.75,0.44999999999999996,0.0,0.0,-0.007529818845269664,1.7613237617689979,1.892679537583142,1.610564051652727
2020-04-01,2020,172.395268,205.541103,161.07932,186.168909,140.895615,137.659143,-0.02121760408897011,0.00014227313628234484,-0.4078181407970689,1.2705171164674185,2,2,2,0.6,0.75,0.44999999999999996,0.0,0.0,-0.012673653198869128,1.7239526915192878,1.8686923735072172,1.6107931916515392
2020-04-02,2020,169.291184,202.309688,161.102236,181.002435,143.448798,140.586766,-0.018005621824840334,0.00014226531375971518,-0.3970871563315458,1.271530503544854,2,2,2,0.6,0.75,0.44999999999999996,0.0,0.0,-0.010746466969400315,1.692911851311876,1.8486105326393516,1.6110223516503515
2020-04-03,2020,167.373012,185.85319,161.125156,177.804346,138.058524,135.074756,-0.011330607741511178,0.00014226990617305368,-0.41974238572909106,1.270503632720656,2,2,2,0.6,0.75,0.44999999999999996,0.0,0.0,-0.006741456682437486,1.6737301311837056,1.8361482048108657,1.6112515516491634
2020-04-06,2020,173.395086,201.29379,161.14808,187.785553,147.062168,144.503737,0.035979958345972785,0.00014227449374804024,-0.381900224044206,1.2328044421203102,2,2,2,0.6,0.75,0.44999999999999996,0.0,0.0,0.021644884805082885,1.733950871586095,1.8758914211890567,1.611480791647975
2020-04-07,2020,173.624855,213.101367,161.171006,188.152634,151.598734,148.420708,0.0013251182908378123,0.0001422666655415128,-0.3628331147642131,1.2077980777443216,2,2,2,0.6,0.75,0.44999999999999996,0.0,0.0,0.0008519776407192925,1.7362485616014478,1.8774896387363267,1.6117100516467868
2020-04-08,2020,176.92899,228.590486,161.193936,193.622575,156.099563,152.903012,0.019030311069230255,0.00014227124697607785,-0.34391620748378093,1.1849757564279368,2,2,2,0.6,0.75,0.44999999999999996,0.0,0.0,0.011475095140328583,1.769289911822227,1.8990340109658073,1.6119393516455984
2020-04-09,2020,178.385915,229.72498,161.216869,196.026497,154.227361,151.166623,0.008234518266339474,0.00014226961986962827,-0.35178504045749304,1.0529708344320028,2,2,2,0.6,0.75,0.44999999999999996,0.0,0.0,0.0049976188077515355,1.7838591619195772,1.90852465905557,1.6121686816444099
2020-04-13,2020,181.441325,234.129793,161.239805,201.083599,156.518476,153.367385,0.01712808996158688,0.00014226799057848183,-0.34215552331213883,0.9289930060055513,2,2,2,0.6,0.75,0.44999999999999996,0.0,0.0,0.01033376117318352,1.8144132621237365,1.9282468970753817,1.6123980416432209
2020-04-14,2020,182.963104,245.232898,161.262745,203.595163,158.666644,155.164343,0.00838716868938194,0.00014227256104670793,-0.3331268099620446,0.7718944679712426,2,2,2,0.6,0.75,0.44999999999999996,0.0,0.0,0.005089210238047847,1.82963105222542,1.9380601509254616,1.612627441642032
2020-04-15,2020,183.163472,244.939766,161.285688,203.913434,156.508549,153.549108,0.0010951279007598291,0.000142270925625132,-0.34219724632329374,0.7589467899304198,2,2,2,0.6,0.75,0.44999999999999996,0.0,0.0,0.0007139851107059503,1.8316347322388087,1.9394438970168748,1.612856871640843
2020-04-16,2020,182.103783,246.452709,161.308634,202.140248,154.485459,151.287762,-0.005785482162076638,0.000142269288022856,-0.3507002589793998,0.6492355816707686,2,2,2,0.6,0.75,0.44999999999999996,0.0,0.0,-0.0034143815820368404,1.8210378421680011,1.9328218954955065,1.613086331639654
2020-04-17,2020,183.350936,247.96591,161.331583,204.195979,156.824222,153.448149,0.006848583700207911,0.00014226764823987992,-0.34087047810527527,0.6479254974171783,2,2,2,0.6,0.75,0.44999999999999996,0.0,0.0,0.004166057279420698,1.8335093722513347,1.9408741422230593,1.6133158216384642
2020-04-20,2020,185.012474,252.512531,161.354536,206.939507,156.790471,152.761678,0.009062064455455099,0.0001422722046928726,-0.34101233298081524,0.6412132225785109,2,2,2,0.6,0.75,0.44999999999999996,0.0,0.0,0.005494147555150208,1.8501247523623574,1.9515375911464083,1.6135453516372746
2020-04-22,2020,188.397715,256.058045,161.377492,212.544053,160.193392,156.880536,0.01829736626299061,0.00014227055878990313,-0.32670991423981544,0.6000984978053494,2,2,2,0.6,0.75,0.44999999999999996,0.0,0.0,0.011035327981310327,1.8839771625885562,1.9730734485325652,1.6137749116360849
2020-04-23,2020,186.656633,251.908198,161.400451,209.639876,158.180229,154.760538,-0.009241523974959032,0.00014226891071045245,-0.33517120388476673,0.5162561340292195,2,2,2,0.6,0.75,0.44999999999999996,0.0,0.0,-0.005488006820691238,1.8665663424722188,1.9622452079892936,1.6140045016348952
2020-04-24,2020,179.373231,233.351827,161.423414,197.536502,149.559761,146.199751,-0.03902032241200881,0.00014227345622486176,-0.3714028833975703,0.49491731278580875,2,2,2,0.6,0.75,0.44999999999999996,0.0,0.0,-0.02335528406471534,1.7937323219855488,1.9164164137520772,1.6142341316337052
2020-04-27,2020,185.832607,240.700351,161.446379,208.243519,155.333211,152.014623,0.03601081367598269,0.00014226560714414305,-0.3471371718279437,0.49675527649630674,2,2,2,0.6,0.75,0.44999999999999996,0.0,0.0,0.02166339444844727,1.8583260824171581,1.957932498450667,1.614463781632515
2020-04-28,2020,192.750592,245.939421,161.469348,219.71174,161.434247,158.091981,0.037226970614473665,0.00014227014654810688,-0.3214946219051231,0.4680319864725673,2,2,2,0.6,0.75,0.44999999999999996,0.0,0.0,0.02239309042730344,1.9275059328794117,2.001776657939029,1.6146934716313244
2020-04-29,2020,194.626196,265.280587,161.492321,222.810564,165.125046,161.887798,0.00973073016553938,0.00014227468113636732,-0.3059822568555485,0.47055157857067287,2,2,2,0.6,0.75,0.44999999999999996,0.0,0.0,0.005895347971778175,1.9462619730047375,2.013577827899363,1.6149232016301336
2020-04-30,2020,194.898248,258.257583,161.515296,223.247796,159.83404,155.891204,0.001397817999792883,0.00014226682642082267,-0.32822026454751163,0.47991627796402286,2,2,2,0.6,0.75,0.44999999999999996,0.0,0.0,0.0008955975304440588,1.9489824930229158,2.015381183229387,1.615152951628943
2020-05-04,2020,189.488442,250.784573,161.538275,214.254224,156.59789,153.650052,-0.02775707865778254,0.00014227135490618714,-0.3418217476288662,0.47341293579774874,2,2,2,0.6,0.75,0.44999999999999996,0.0,0.0,-0.016597338652707048,1.8948844326614376,1.9819312192170353,1.615382741627752
2020-05-05,2020,189.548067,249.112401,161.561257,214.338864,157.779184,154.538441,0.00031466299142413057,0.00014226968809727403,-0.3368567891581199,0.47122141475150725,2,2,2,0.6,0.75,0.44999999999999996,0.0,0.0,0.00024570567009338793,1.8954806826654218,1.9824181909553318,1.615612561626561
2020-05-06,2020,187.569731,244.514332,161.584242,211.040876,156.97114,153.851954,-0.010437120416532775,0.0001422680191203174,-0.34025298426495676,0.44553763780096955,2,2,2,0.6,0.75,0.44999999999999996,0.0,0.0,-0.006205365042271538,1.875697322533231,1.9701165624140144,1.6158424116253696
2020-05-07,2020,186.640184,238.910884,161.602574,209.486576,155.094967,152.23672,-0.004955740966542166,0.00011345165700005211,-0.3481385072837274,0.39240853843012036,2,2,2,0.6,0.75,0.44999999999999996,0.0,0.0,-0.0029280639171252788,1.8664018524711197,1.964347935195079,1.6160257316244195
2020-05-08,2020,187.009502,235.631987,161.620908,210.088146,159.351596,156.335398,0.001978770016643372,0.00011345116322214466,-0.3302479684251751,0.3893746980642737,2,2,2,0.6,0.75,0.44999999999999996,0.0,0.0,0.001232642475274881,1.8700950324957972,1.966769273896219,1.6162090716234692
2020-05-11,2020,188.739057,226.057823,161.639244,212.947447,156.973125,153.730816,0.009248487277400574,0.0001134506681523817,-0.34024464134391885,0.38059355406976414,2,2,2,0.6,0.75,0.44999999999999996,0.0,0.0,0.005594472633701297,1.8873905826113646,1.9777723107758363,1.6163924316225189
2020-05-12,2020,188.175779,220.763918,161.657582,212.001082,154.604581,151.429095,-0.002984427330268935,0.00011345017179120731,-0.350199591251508,0.3821024947957349,2,2,2,0.6,0.75,0.44999999999999996,0.0,0.0,-0.001745276329444878,1.881757802573727,1.9743205515768076,1.6165758116215685
2020-05-13,2020,187.712696,214.406775,161.675922,211.22102,154.406044,151.731956,-0.0024609065123094576,0.00011344967413906559,-0.3510340388656553,0.3782790664502266,2,2,2,0.6,0.75,0.44999999999999996,0.0,0.0,-0.0014311640377300482,1.8771269725427842,1.9714949750044397,1.616759211620618
2020-05-14,2020,190.428234,220.127113,161.694264,215.716862,156.865915,153.952913,0.014466458890985301,0.00011344917519617859,-0.3406952431396182,0.37945173141876937,2,2,2,0.6,0.75,0.44999999999999996,0.0,0.0,0.008725255004669651,1.904282352724234,1.9886967714017783,1.6169426316196671
2020-05-15,2020,187.25803,218.473933,161.712608,210.443493,153.97919,150.540706,-0.016647762432119295,0.00011344867496343447,-0.35282809892443157,0.38205794182475744,2,2,2,0.6,0.75,0.44999999999999996,0.0,0.0,-0.009943277989286204,1.8725803125124039,1.9689226065673344,1.6171260716187164
2020-05-18,2020,189.1705,227.280485,161.730954,213.606391,161.199974,157.546828,0.010213019970358728,0.00011344817344127733,-0.3224792673158482,0.41400498145242093,2,2,2,0.6,0.75,0.44999999999999996,0.0,0.0,0.006173191251591747,1.8917050126401935,1.9810771423772569,1.6173095316177657
2020-05-19,2020,188.856517,229.24875,161.749303,213.073801,160.302587,156.779593,-0.001659788391953354,0.0001134538537379548,-0.3262509695230784,0.41210948794017105,2,2,2,0.6,0.75,0.44999999999999996,0.0,0.0,-0.0009504914936768305,1.8885651826192134,1.9791941454051096,1.6174930216168149
2020-05-20,2020,188.516001,233.19109,161.767653,212.497171,161.448145,158.394827,-0.0018030407708938823,0.00011344716582795122,-0.3214362088489098,0.4125508666384147,2,2,2,0.6,0.75,0.44999999999999996,0.0,0.0,-0.0010364455962051488,1.8851600225964602,1.9771428183490694,1.6176765216158637
2020-05-21,2020,188.328682,241.541247,161.786006,212.174817,164.839153,161.463799,-0.0009936504010606972,0.00011345284214514528,-0.3071838602430854,0.4121099162819589,2,2,2,0.6,0.75,0.44999999999999996,0.0,0.0,-0.0005508091037783602,1.8832868325839436,1.9760537900852526,1.6178600516149124
2020-05-22,2020,188.817996,237.991605,161.80436,212.975543,163.143649,161.40323,0.0025981916020629825,0.0001134461530623021,-0.3143100345459976,0.4111371352499355,2,2,2,0.6,0.75,0.44999999999999996,0.0,0.0,0.0016042934224627103,1.888179972616639,1.979223960183119,1.6180435916139613
2020-05-25,2020,192.502356,251.013388,161.822717,219.079436,170.072583,166.773907,0.01951275873089986,0.00011345182540201115,-0.2851878434940305,0.37753744817822293,2,2,2,0.6,0.75,0.44999999999999996,0.0,0.0,0.01175303596870072,1.9250235728628247,2.0024858505772656,1.61822716161301
2020-05-26,2020,193.609888,252.612523,161.841076,220.906283,169.687422,166.471045,0.005753342572077491,0.00011345131474937986,-0.28680666858714965,0.3591765171406398,2,2,2,0.6,0.75,0.44999999999999996,0.0,0.0,0.0034973860691462464,1.936098892936829,2.009489316694737,1.618410751612058
2020-05-27,2020,199.429914,261.885512,161.859437,230.554973,174.605179,170.973544,0.030060582442979378,0.00011345080281111031,-0.2661374200561133,0.34769496138503975,2,2,2,0.6,0.75,0.44999999999999996,0.0,0.0,0.01808172978691207,1.9942991533257177,2.045824359528898,1.6185943616111065
2020-05-28,2020,198.505147,261.835352,161.8778,229.008589,172.625767,168.89392,-0.004637052593825075,0.0001134502895867584,-0.2744568548255246,0.3444667026239342,2,2,2,0.6,0.75,0.44999999999999996,0.0,0.0,-0.0027368514404603416,1.9850514832639254,2.0402252421835922,1.6187779916101548
2020-05-29,2020,198.734341,260.398374,161.896165,229.377559,173.527124,169.903448,0.0011545997847601797,0.00011344977507721232,-0.2706684667762189,0.3194742488948015,2,2,2,0.6,0.75,0.44999999999999996,0.0,0.0,0.0007381397808869927,1.9873434232792397,2.041731213596818,1.618961641609203
2020-06-01,2020,199.887988,271.814134,161.914532,231.280944,175.943317,172.285933,0.005804970566209322,0.00011344925928291616,-0.26051324893687655,0.3074390993187264,2,2,2,0.6,0.75,0.44999999999999996,0.0,0.0,0.0035283620434387597,1.9988798933563254,2.048935180513777,1.619145311608251
2020-06-02,2020,202.439279,287.701778,161.932901,235.504152,180.75982,177.23261,0.012763603383711075,0.00011344874220409196,-0.24026956923544307,0.3166663838622475,2,2,2,0.6,0.75,0.44999999999999996,0.0,0.0,0.007703541527108282,2.0243928035268004,2.0647192377632178,1.6193290016072985
2020-06-03,2020,205.362441,309.109528,161.951272,240.34459,184.6432,180.442915,0.01443969774264997,0.00011344822384184994,-0.22394778953781735,0.3172316762609858,2,2,2,0.6,0.75,0.44999999999999996,0.0,0.0,0.008709197935126723,2.0536244237221233,2.0827012862853618,1.6195127116063466
2020-06-04,2020,207.013182,323.257642,161.969646,243.073053,186.285099,182.340816,0.008038183574181401,0.00011345387889272196,-0.21704691613275473,0.30804410243693015,2,2,2,0.6,0.75,0.44999999999999996,0.0,0.0,0.004868291696065929,2.0701318338324244,2.0928404836627705,1.6196964516053944
2020-06-05,2020,207.376057,327.375825,161.988021,243.663902,187.889276,183.834927,0.0017529076964770685,0.00011344718256656172,-0.21030458764829074,0.3005588833363449,2,2,2,0.6,0.75,0.44999999999999996,0.0,0.0,0.0010971234909128657,2.0737605838566715,2.0951365881201305,1.6198802016044422
2020-06-08,2020,214.68594,344.006563,162.006399,255.785461,193.861263,189.690173,0.03524940683002753,0.00011345283365105097,-0.18520442846451668,0.2981219207109848,1,2,2,0.6,0.75,0.44999999999999996,0.0,0.0,0.021195025231476938,2.1468594143451107,2.139543060968727,1.6200639816034894
2020-06-09,2020,212.853718,341.733677,162.024778,252.732864,192.078403,187.671119,-0.008534429408837862,0.00011344613616159904,-0.1926977585408185,0.2920131429070954,1,1,2,0.6,0.75,0.44999999999999996,0.0,0.0,-0.005075279190838077,2.1285371942226834,2.1286842825934906,1.620247771602537
2020-06-10,2020,209.484168,336.298963,162.04316,247.128594,187.986559,184.077204,-0.015830355380496486,0.000113451783282148,-0.2098957088637463,0.3112573180659461,2,1,2,0.6,0.75,0.44999999999999996,0.0,0.0,-0.009452832514985032,2.0948416939975334,2.108562186592853,1.6204315916015841
2020-06-12,2020,208.183464,327.160064,162.061544,244.958212,184.232228,180.200623,-0.006209080201230455,0.00011345125582584714,-0.2256750978223253,0.3279309760476845,2,2,2,0.6,0.75,0.44999999999999996,0.0,0.0,-0.0036800676184079338,2.0818346539106214,2.1008025351685737,1.6206154316006312
2020-06-15,2020,207.299737,322.086288,162.07993,243.479933,183.400359,179.837192,-0.004244943296745185,0.00011345072708923709,-0.2291714289965303,0.31645225827571777,2,2,2,0.6,0.75,0.44999999999999996,0.0,0.0,-0.002501585687211416,2.072997383851572,2.0955471976149385,1.6207992915996783
2020-06-16,2020,209.014488,320.102331,162.098318,246.314631,185.693459,181.714914,0.008271843586564742,0.0001134501970725399,-0.2195335689301383,0.28362817196018897,2,2,2,0.6,0.75,0.44999999999999996,0.0,0.0,0.005008486230767861,2.09014489396615,2.106042716900117,1.6209831715987253
2020-06-17,2020,211.899888,324.949016,162.116708,251.092382,189.695961,185.652064,0.013804784671194614,0.00011344966577619964,-0.20271112150462078,0.2837141000849135,2,2,2,0.6,0.75,0.44999999999999996,0.0,0.0,0.008328250669027247,2.1189988941589495,2.12358236856614,1.621167071597772
2020-06-18,2020,212.497505,326.661049,162.130394,252.07578,190.843504,187.025022,0.0028202799238854492,8.442066316827201e-05,-0.19788801790941457,0.2838155440855114,1,2,2,0.6,0.75,0.44999999999999996,0.0,0.0,0.0017259362195985782,2.1249750641988814,2.127247536291349,1.6213039315970628
2020-06-19,2020,212.633048,332.95511,162.144081,252.292223,191.730963,187.045217,0.0006378569009553026,8.441970479644567e-05,-0.1941580429163221,0.2802110046043185,1,1,2,0.6,0.75,0.44999999999999996,0.0,0.0,0.0004164820224917598,2.1263304942079384,2.1281334966476044,1.6214408015963535
2020-06-22,2020,211.902372,337.127213,162.157769,251.070908,189.277049,185.248259,-0.0034363237834975635,8.441874606579525e-05,-0.20447180147328003,0.2824867819160169,2,1,2,0.6,0.75,0.44999999999999996,0.0,0.0,-0.00202802677167222,2.1190237341591156,2.1238175849427106,1.6215776815956442
2020-06-23,2020,211.492746,349.881503,162.171458,250.382473,190.545699,186.277982,-0.0019330883186149395,8.441778697632074e-05,-0.199139687229144,0.2506758383811899,1,2,2,0.6,0.75,0.44999999999999996,0.0,0.0,-0.0011260858763784353,2.1149274741317448,2.1214259839563026,1.6217145715949346
2020-06-24,2020,210.798368,345.594725,162.185149,249.221404,187.373081,183.269579,-0.0032832237186990465,8.4422993841482e-05,-0.2124741464014943,0.26178218909100404,2,1,2,0.6,0.75,0.44999999999999996,0.0,0.0,-0.0019361650336828348,2.1079836940853474,2.11731855314462,1.621851481594225
2020-06-25,2020,211.701464,343.724236,162.19884,250.711836,190.561582,186.540453,0.004284169790157,8.441586720131511e-05,-0.19907293125189307,0.2505069409290337,1,2,2,0.6,0.75,0.44999999999999996,0.0,0.0,0.002604268220974726,2.1170146541456916,2.122832618566255,1.6219883915935156
2020-06-26,2020,207.692945,331.121796,162.212533,244.049923,186.295026,182.159108,-0.018934772222453655,8.442107230854923e-05,-0.21700519312159994,0.26255690190166425,2,1,2,0.6,0.75,0.44999999999999996,0.0,0.0,-0.011327094904548774,2.0769294638778466,2.098787092029283,1.622125321592806
2020-06-29,2020,209.804652,336.274507,162.226227,247.546417,190.06921,186.358746,0.01016744694914884,8.44201107443876e-05,-0.20114236234369431,0.2688748415260167,2,2,2,0.6,0.75,0.44999999999999996,0.0,0.0,0.006134236213787059,2.0980465340189487,2.1116615478142378,1.622262261592096
2020-06-30,2020,209.505206,334.463738,162.239922,247.040858,188.721146,184.985788,-0.001427261012305947,8.441914882251211e-05,-0.2068082522711029,0.26965948092424,2,2,2,0.6,0.75,0.44999999999999996,0.0,0.0,-0.0008225889478545634,2.09505207399894,2.109924518363396,1.6223992115913866
2020-07-01,2020,210.505824,340.985712,162.253619,248.693154,190.998363,187.125981,0.00477610088600855,8.442435025313166e-05,-0.19723714818196192,0.2569707612409216,1,2,2,0.6,0.75,0.44999999999999996,0.0,0.0,0.0028994302717063824,2.1050582540658,2.116042097382955,1.6225361815906763
2020-07-02,2020,209.078989,336.982708,162.267316,246.316342,191.061894,186.76255,-0.0067781260056728465,8.441722338403679e-05,-0.19487484131952038,0.24745636536801377,1,1,2,0.6,0.75,0.44999999999999996,0.0,0.0,-0.004033108714050093,2.0907899039704603,2.107507869560703,1.6226731515899662
2020-07-03,2020,211.159403,348.572266,162.281015,249.760894,192.11414,188.155703,0.00995037334908866,8.442242305894965e-05,-0.19044072989110084,0.24646395396295587,1,1,2,0.6,0.75,0.44999999999999996,0.0,0.0,0.006003992978676776,2.1115940441094714,2.1201613320120516,1.6228101415892562
2020-07-06,2020,213.206581,353.987711,162.294714,253.150279,196.426359,192.436089,0.00969494121935921,8.441529651515012e-05,-0.1722692571083596,0.2563369135950272,1,1,2,0.6,0.75,0.44999999999999996,0.0,0.0,0.005850730850221586,2.132065824246262,2.1325658253247015,1.6229471315885462
2020-07-07,2020,216.138206,348.105732,162.308415,258.007678,194.091566,189.993035,0.013750161867658317,8.442049443457833e-05,-0.18210795673211122,0.23587767063137152,1,1,2,0.6,0.75,0.44999999999999996,0.0,0.0,0.00828386531836882,2.1613820744421504,2.1502317134042475,1.623084141587836
2020-07-08,2020,216.289309,351.162478,162.322117,258.249939,198.080171,194.031144,0.0006991036096599679,8.441952932636276e-05,-0.16530017697913357,0.24372367284133303,1,1,2,0.6,0.75,0.44999999999999996,0.0,0.0,0.0004532299775265258,2.1628931044522473,2.1512062628753905,1.623221161587126
2020-07-09,2020,213.680698,347.350058,162.335821,253.911599,196.869096,192.638007,-0.012060748689155076,8.442472445091553e-05,-0.1704035857810423,0.23034658224795906,1,1,2,0.6,0.75,0.44999999999999996,0.0,0.0,-0.007202679323712679,2.136806994277942,2.1357118140047366,1.6233582015864159
2020-07-10,2020,215.565104,347.790454,162.349525,257.030811,198.600337,194.515713,0.008818793731196095,8.44175975183159e-05,-0.16310822376165857,0.2154222799116568,1,1,2,0.6,0.75,0.44999999999999996,0.0,0.0,0.005325043277724983,2.1556510544038563,2.1470845718430605,1.6234952415857054
2020-07-13,2020,213.113631,350.895997,162.363231,252.953289,195.949871,191.911146,-0.011372309128475644,8.442279088916038e-05,-0.1742771534427765,0.22214537744562723,1,1,2,0.6,0.75,0.44999999999999996,0.0,0.0,-0.006789616360729722,2.131136324240051,2.1325066913062045,1.6236323015849954
2020-07-14,2020,212.317049,349.730776,162.376937,251.62257,199.410367,195.040671,-0.0037378275442174758,8.441566428296632e-05,-0.15969479830757005,0.22567196450037183,1,1,2,0.6,0.75,0.44999999999999996,0.0,0.0,-0.0022089302608172988,2.1231705041868243,2.127796132744383,1.623769361584285
2020-07-15,2020,216.247933,354.30923,162.390645,258.138544,202.092599,197.92792,0.01851421738628245,8.442085590032455e-05,-0.14839200830896437,0.21888338600722976,1,1,1,0.85,0.75,0.6375,0.1875,0.0001875,0.01556224790672513,2.162479344449482,2.1609094236571225,1.6239064415835747
2020-07-16,2020,215.774321,350.874622,162.404354,257.343892,199.634714,195.484866,-0.0021901342289362136,8.441988761109798e-05,-0.1587494113955441,0.22525888812875267,1,1,1,0.85,0.75,0.6375,0.0,0.0,-0.0018489511114541167,2.157743224417836,2.1569140077765,1.624043531582864
2020-07-17,2020,221.003894,358.068335,162.418064,266.015441,204.270548,200.148877,0.02423630845303415,8.441891896548981e-05,-0.13921424136909,0.23710856933235178,1,1,1,0.85,0.75,0.6375,0.0,0.0,0.02061352502292385,2.210038954767271,2.2013756086480956,1.6241806315821532
2020-07-20,2020,223.552571,364.280366,162.431776,270.237212,207.324044,202.914987,0.011532271915534631,8.442410691467117e-05,-0.12634696365053977,0.2325681822472903,1,1,1,0.85,0.75,0.6375,0.0,0.0,0.009815094744241637,2.2355257249375713,2.222982318814639,1.6243177515814426
2020-07-21,2020,223.465668,360.075998,162.445488,270.084422,207.093741,202.490988,-0.00038873630310432006,8.44169800864325e-05,-0.1273174488453509,0.23331316506576896,1,1,1,0.85,0.75,0.6375,0.0,0.0,-0.00031776331062570716,2.2346566949317643,2.22227593659355,1.6244548715807319
2020-07-22,2020,225.76466,357.624449,162.459202,273.891762,207.054034,202.672695,0.01028789800498564,8.442216628390398e-05,-0.1274847721352358,0.22070914615813378,1,1,1,0.85,0.75,0.6375,0.0,0.0,0.00875737662918038,2.2576466150853807,2.2417372439442644,1.6245920115800212
2020-07-23,2020,223.203622,350.91116,162.472917,269.632378,203.089254,198.674976,-0.011343839199633776,8.442119517493296e-05,-0.14419215454312295,0.23185852382468847,1,1,1,0.85,0.75,0.6375,0.0,0.0,-0.00962960014041247,2.2320362349142546,2.220150210665211,1.6247291615793105
2020-07-24,2020,222.222366,353.069535,162.486633,267.99513,203.265952,199.058585,-0.004396236903359885,8.442022371046853e-05,-0.14344755810732857,0.21149772402579856,1,1,1,0.85,0.75,0.6375,0.0,0.0,-0.003724138334299332,2.222223674848688,2.21188206415777,1.6248663215786
2020-07-27,2020,224.310892,349.104456,162.50035,271.453135,207.425298,202.834223,0.009398360919260496,8.44192518900666e-05,-0.11741400073954578,0.21170047922547408,1,1,1,0.85,0.75,0.6375,0.0,0.0,0.008001269669154931,2.2431089349882414,2.2295799290294633,1.6250034915778888
2020-07-28,2020,224.577431,350.381029,162.514068,271.886987,206.694682,202.006419,0.001188257055301678,8.441827971461535e-05,-0.10769323259899188,0.20948354399098623,1,1,1,0.85,0.75,0.6375,0.0,0.0,0.0010226812389636185,2.2457743250060513,2.2318600785936513,1.6251406715771781
2020-07-29,2020,222.488726,353.90875,162.527787,268.411582,209.664793,204.893667,-0.009300600646731882,8.441730718344864e-05,-0.09487117970634806,0.21072205162436428,0,1,1,0.85,0.75,0.6375,0.0,0.0,-0.007892847953644583,2.2248872748664863,2.2142443463395023,1.625277861576467
2020-07-30,2020,223.483489,357.621542,162.541508,270.054146,208.481514,204.550416,0.004471071491505496,8.442248709150668e-05,-0.0999794284973039,0.21343647728862425,0,0,1,0.85,0.75,0.6375,0.0,0.0,0.0038130741408433978,2.234834904932955,2.222687424198038,1.625415071575756
2020-07-31,2020,221.698385,349.674703,162.55523,267.08266,204.318197,200.471933,-0.007987632589716687,8.442151281129462e-05,-0.11795258531967279,0.23026988312981517,1,0,1,0.85,0.75,0.6375,0.0,0.0,-0.006776824474337489,2.216983864813676,2.2076246616629307,1.6255522915750447
2020-08-03,2020,222.281107,352.148881,162.568953,268.041312,204.155397,200.29021,0.002628444947851083,8.442053817647732e-05,-0.11865539750781073,0.21898641485115103,1,1,1,0.85,0.75,0.6375,0.0,0.0,0.002246841286399892,2.222811084852613,2.2125848438976297,1.6256895215743334
2020-08-04,2020,219.091978,346.742704,162.582677,262.739411,200.951013,197.059726,-0.014347278736559388,8.441956318683275e-05,-0.13248881354389197,0.22258330140503865,1,1,1,0.85,0.75,0.6375,0.0,0.0,-0.012182523991597454,2.1909197946395187,2.1856299759534017,1.6258267615736222
2020-08-05,2020,219.278277,355.128957,162.596402,263.040075,204.099806,199.86621,0.0008503232373024971,8.441858784258294e-05,-0.11889538542151323,0.217761371874687,1,1,1,0.85,0.75,0.6375,0.0,0.0,0.00073543753988351,2.1927827846519667,2.1872373702860126,1.6259640115729108
2020-08-06,2020,221.373298,361.097101,162.608546,266.509841,206.728434,202.248695,0.009554165732522657,7.468799955345773e-05,-0.10754752426377057,0.2192835750916095,1,1,1,0.85,0.75,0.6375,0.0,0.0,0.008132244072577276,2.213732994791954,2.205024518425841,1.6260854515722811
2020-08-07,2020,219.482034,361.028698,162.620692,263.363132,204.048187,199.54317,-0.008543324859351387,7.469472114962628e-05,-0.11911822609927414,0.22458706551654928,1,1,1,0.85,0.75,0.6375,0.0,0.0,-0.007250621922276234,2.1948203546655813,2.189036719313386,1.6262069115716518
2020-08-10,2020,220.822731,353.609151,162.632838,265.580862,205.374413,200.976697,0.006108458973001829,7.468914226493872e-05,-0.11339287108069096,0.2182050025496944,1,1,1,0.85,0.75,0.6375,0.0,0.0,0.005203393498391295,2.2082273247551654,2.200427138746401,1.6263283715710224
2020-08-11,2020,220.444975,354.553408,162.644985,264.946287,202.852995,198.271155,-0.001710675338038481,7.468971303326022e-05,-0.12427790364697011,0.21638010892550671,1,1,1,0.85,0.75,0.6375,0.0,0.0,-0.0014428705803777198,2.204449764729924,2.197252207163639,1.626449841570393
2020-08-12,2020,222.082366,345.329258,162.657133,267.656473,202.741815,198.533642,0.0074276630710226055,7.469028325712834e-05,-0.12475787084031886,0.2112946433123312,1,1,1,0.85,0.75,0.6375,0.0,0.0,0.006324717152857783,2.220823674839333,2.211149205887441,1.6265713215697635
2020-08-13,2020,219.129033,345.464011,162.669282,262.746929,199.45206,194.858964,-0.013298367867712768,7.469085293676514e-05,-0.13895983588938243,0.21492106164279084,1,1,1,0.85,0.75,0.6375,0.0,0.0,-0.011292409059615338,2.191290344641994,2.1861800045627167,1.626692811569134
2020-08-14,2020,221.872371,341.608037,162.681431,267.292774,201.223008,196.797254,0.012519281276616612,7.468527462983765e-05,-0.1301515665110593,0.19990975950926296,1,1,1,0.85,0.75,0.6375,0.0,0.0,0.010652591876318595,2.2187237248253013,2.2094684879194912,1.6268143015685044
2020-08-17,2020,221.250515,327.923342,162.693582,266.253037,197.732731,193.486006,-0.002802764477601305,7.469199112208891e-05,-0.14523936393078818,0.19929874730918026,1,1,1,0.85,0.75,0.6375,0.0,0.0,-0.002371146007292796,2.21250516478375,2.2042295155361216,1.6269358115678745
2020-08-18,2020,224.890159,340.267052,162.705734,272.286577,202.63659,198.372114,0.016450330070418184,7.469255916947581e-05,-0.12404092289962809,0.2213378530829073,1,1,1,0.85,0.75,0.6375,0.0,0.0,0.013993984443730878,2.2489016050269477,2.2350754690869468,1.627057331567245
2020-08-19,2020,226.750235,336.407152,162.717886,275.366374,200.232309,195.848296,0.008271042220215463,7.468698060741907e-05,-0.13443416809710196,0.22463001209309477,1,1,1,0.85,0.75,0.6375,0.0,0.0,0.007041588934274257,2.267502365151236,2.2508139517773373,1.6271788515666148
2020-08-20,2020,227.989005,338.063874,162.730039,277.41492,201.451325,197.201059,0.005463147590563544,7.46875484851639e-05,-0.12916459595156493,0.21615168717980227,1,1,1,0.85,0.75,0.6375,0.0,0.0,0.004654878584251787,2.279890065234009,2.261291217438601,1.6273003815659852
2020-08-21,2020,228.87282,345.282564,162.742194,278.874308,201.55655,197.059726,0.0038765685213635326,7.469426096551324e-05,-0.11401916620866481,0.2161298858868821,1,1,1,0.85,0.75,0.6375,0.0,0.0,0.0033062873823038294,2.2887282152930646,2.2687676960585326,1.627421931565355
2020-08-24,2020,231.620606,347.623795,162.754349,283.427533,203.099181,198.876878,0.012005733140352914,7.468868214943747e-05,-0.10013106637224756,0.20423799923102504,1,1,1,0.85,0.75,0.6375,0.0,0.0,0.010216076471622393,2.316206075476669,2.291945600337813,1.6275434815647247
2020-08-25,2020,232.456851,347.979812,162.766505,284.807963,202.741815,198.574017,0.003610408479804983,7.468924839604263e-05,-0.047619934552148524,0.2040421235550097,0,1,1,0.85,0.75,0.6375,0.0,0.0,0.003080050595093642,2.324568525532546,2.2990049087480555,1.6276650415640948
2020-08-26,2020,230.844283,343.305542,162.778662,282.123829,199.781631,195.10124,-0.006937063773611918,7.46898140990826e-05,-0.06152540457892952,0.20120671869444223,0,0,1,0.85,0.75,0.6375,0.0,0.0,-0.005885300735455267,2.308442845424796,2.2854745734677855,1.6277866115634647
2020-08-27,2020,230.695472,344.843607,162.79082,281.869251,199.775675,195.585824,-0.0006446380134091934,7.469037925877942e-05,-0.06155338290037149,0.20096900154486644,0,0,1,0.85,0.75,0.6375,0.0,0.0,-0.0005367387545089974,2.3069547354148527,2.2842478706917606,1.6279081915628348
2020-08-28,2020,232.509679,351.861232,162.802979,284.87291,202.791449,198.473073,0.007864077193504793,7.469094387513309e-05,-0.047386778741797086,0.19803352837391267,0,0,1,0.85,0.75,0.6375,0.0,0.0,0.0066956692560603435,2.325096805536077,2.2995424389327725,1.6280297815622047
2020-08-31,2020,228.749639,347.404232,162.815139,278.62438,197.284038,193.223519,-0.016171541830738212,7.469150794836565e-05,-0.07325785249453132,0.21981764899440387,0,0,1,0.85,0.75,0.6375,0.0,0.0,-0.013734606829935225,2.287496405284834,2.2679591276452804,1.6281513815615745
2020-09-01,2020,229.776343,351.913003,162.827299,280.320932,202.841083,198.574017,0.004488330580491029,7.468592954373854e-05,-0.04715362293144565,0.23703086614966998,0,0,1,0.85,0.75,0.6375,0.0,0.0,0.0038262838828489352,2.2977634453534375,2.2766369831023496,1.6282729815609442
2020-09-02,2020,231.557068,356.319778,162.839461,283.269017,202.330844,198.170212,0.0077498187008746555,7.469263492465572e-05,-0.03497940162037594,0.23036625888997986,0,0,1,0.85,0.75,0.6375,0.0,0.0,0.006598549790982155,2.315570695472424,2.291659485591342,1.6283946015603137
2020-09-03,2020,229.115375,352.431868,162.851623,279.208689,199.968256,195.767532,-0.010544670569071046,7.46870563517188e-05,-0.046247807565860666,0.22816395775146914,0,0,1,0.85,0.75,0.6375,0.0,0.0,-0.00895176692525763,2.2911537653092724,2.271145084004272,1.6285162215596833
2020-09-04,2020,229.291367,357.920919,162.863787,279.49322,201.002632,196.696295,0.0007681370139389632,7.469375973001569e-05,-0.04131433263571338,0.22520676948520457,0,0,1,0.85,0.75,0.6375,0.0,0.0,0.000664120525807621,2.292913685321032,2.2726533980716463,1.6286378615590529
2020-09-08,2020,227.945289,356.908005,162.875951,277.251403,198.636074,195.444491,-0.005870600440006979,7.468818098876895e-05,-0.05260167356757883,0.22684104914852762,0,0,1,0.85,0.75,0.6375,0.0,0.0,-0.004978807146857616,2.2794529052310883,2.261338295090997,1.6287595015584222
2020-09-09,2020,229.72761,359.433654,162.888116,280.202134,201.101901,196.857823,0.007819073637446383,7.468874272298365e-05,-0.04084086735535042,0.22831005539241547,0,0,0,1.0,0.75,0.75,0.11250000000000004,0.00011250000000000005,0.007706573637446383,2.2972761153501815,2.278765465181293,1.6288811515577917
2020-09-10,2020,229.196444,349.771903,162.900282,279.312915,196.223851,191.890951,-0.002312155687337669,7.468930391474338e-05,-0.06410681453800404,0.24360152673596241,0,0,0,1.0,0.75,0.75,0.0,0.0,-0.002312155687337669,2.2919644553146896,2.2734966046508656,1.6290028115571613
2020-09-11,2020,225.56541,338.294405,162.912449,273.278506,195.286758,190.760285,-0.015842453471922147,7.468986456382609e-05,-0.06857629645049668,0.23775415609111075,0,0,0,1.0,0.75,0.75,0.0,0.0,-0.015842453471922147,2.2556541150720673,2.2374788404731114,1.6291244815565307
2020-09-14,2020,229.7076,352.058475,162.924617,280.146168,199.082781,194.858964,0.0183635868637837,7.469042467089793e-05,-0.05047109649925818,0.24634211365855851,0,0,0,1.0,0.75,0.75,0.0,0.0,0.0183635868637837,2.2970760153488445,2.2785669775160176,1.6292461615559
2020-09-15,2020,231.023144,349.132499,162.936786,282.322133,199.128445,194.758005,0.005727037329195772,7.469098423595888e-05,-0.05025330123021654,0.23808790110182862,0,0,0,1.0,0.75,0.75,0.0,0.0,0.005727037329195772,2.310231455436748,2.2916164156533245,1.6293678515552692
2020-09-16,2020,231.382668,350.635249,162.948956,282.911289,197.893546,193.647534,0.001556225033453762,7.469154325900895e-05,-0.05614317421428028,0.22085735978509224,0,0,0,1.0,0.75,0.75,0.0,0.0,0.001556225033453762,2.313826695460771,2.295182686486438,1.6294895515546384
2020-09-17,2020,230.721374,346.864575,162.961127,281.80608,198.731371,194.576297,-0.0028580100908854877,7.469210174004814e-05,-0.05214715281263271,0.2178137297815738,0,0,0,1.0,0.75,0.75,0.0,0.0,-0.0028580100908854877,2.307213755416584,2.2886230312080342,1.6296112615540075
2020-09-18,2020,227.5535,340.351159,162.973298,276.540425,195.141826,191.083326,-0.013730301380746712,7.468652324660319e-05,-0.06926755223038328,0.22518413326710313,0,0,0,1.0,0.75,0.75,0.0,0.0,-0.013730301380746712,2.27553501520491,2.25719954724263,1.6297329715533764
2020-09-21,2020,225.420633,333.512581,162.985471,272.992685,192.562833,188.579703,-0.009373035352125969,7.469321753550417e-05,-0.0815681057143437,0.22880379388227826,0,0,0,1.0,0.75,0.75,0.0,0.0,-0.009373035352125969,2.2542063450623937,2.236042736089522,1.6298547015527454
2020-09-22,2020,224.908705,332.990796,162.997644,272.135393,193.164399,189.124841,-0.0022709899851980353,7.468763887552576e-05,-0.07869892586114824,0.22677748059064318,0,0,0,1.0,0.75,0.75,0.0,0.0,-0.0022709899851980353,2.249087065028187,2.230964705429388,1.6299764315521146
2020-09-23,2020,221.163005,324.788649,163.009818,265.910654,190.06921,186.096259,-0.016654313135634258,7.468819610667587e-05,-0.0934614854483461,0.23183286398821737,0,0,0,1.0,0.75,0.75,0.0,0.0,-0.016654313135634258,2.211630064777903,2.193809520630619,1.6300981715514835
2020-09-24,2020,223.369761,332.386925,163.021993,269.565859,192.604525,188.3778,0.009977961730082363,7.468875279648124e-05,-0.0813692549707189,0.23467871136251636,0,0,0,1.0,0.75,0.75,0.0,0.0,0.009977961730082363,2.2336976249253566,2.2156992680705616,1.6302199215508526
2020-09-25,2020,223.073845,333.599114,163.03417,269.067105,192.578716,188.781605,-0.0013247809312918468,7.469544308658094e-05,-0.08149235146026645,0.23466902809234805,0,0,0,1.0,0.75,0.75,0.0,0.0,-0.0013247809312918468,2.2307384649055835,2.2127639519307443,1.6303416915502214
2020-09-28,2020,217.707335,331.038996,163.046347,260.15213,187.946852,184.137773,-0.02405710091203206,7.468986409420175e-05,-0.10358411008947976,0.2385538481349239,1,0,0,1.0,0.75,0.75,0.0,0.0,-0.02405710091203206,2.1770733645469984,2.1595312662446395,1.6304634615495903
2020-09-29,2020,215.921775,324.026902,163.058525,257.180848,185.790742,181.553386,-0.008201652920881153,7.469041916041697e-05,-0.11386771550147667,0.2241468160144953,1,1,1,0.85,0.75,0.6375,0.11250000000000004,0.00011250000000000005,-0.007072701419874917,2.159217764427689,2.1442575463916067,1.6305852415489592
2020-09-30,2020,216.270047,329.783768,163.070703,257.751322,187.821774,183.834927,0.0016129545063252593,7.46848409183265e-05,-0.10418067185939028,0.19944846660200286,1,1,1,0.85,0.75,0.6375,0.0,0.0,0.0013822140565142194,2.1627004844509603,2.147221369313016,1.6307070215483281
2020-10-01,2020,218.313507,331.97874,163.082883,261.135484,189.560956,185.571316,0.009448650094388666,7.469152812822344e-05,-0.09588561203978585,0.20473565179635397,0,1,1,0.85,0.75,0.6375,0.0,0.0,0.008042556309449599,2.1831350845875024,2.1644905180845693,1.630828821547697
2020-10-02,2020,215.773571,329.54298,163.095064,256.912082,186.656363,181.937011,-0.01163435114438427,7.469208157173668e-05,-0.10973912057805535,0.20713858652519837,1,0,1,0.85,0.75,0.6375,0.0,0.0,-0.009877994660490868,2.1577357244177864,2.1431096923042467,1.6309506315470654
2020-10-05,2020,217.741713,333.371787,163.107245,260.171228,190.772031,187.045217,0.009121330248550219,7.468650308140035e-05,-0.09010936805207925,0.22430761642621125,0,1,1,0.85,0.75,0.6375,0.0,0.0,0.007764333686729896,2.177417144549296,2.159749511082562,1.6310724415464342
2020-10-06,2020,216.60847,331.409405,163.119428,258.282667,189.830966,185.813592,-0.005204528725279212,7.469318729524943e-05,-0.09459779448998862,0.22186295151101668,0,0,1,0.85,0.75,0.6375,0.0,0.0,-0.004412645438393042,2.1660847144735738,2.150219302254412,1.6311942715458028
2020-10-07,2020,215.912703,328.443969,163.131611,257.120231,189.654269,185.652064,-0.003212095076429944,7.468760863971191e-05,-0.09544055400851204,0.21518366327827423,0,0,1,0.85,0.75,0.6375,0.0,0.0,-0.0027190776736694955,2.159127044427083,2.144372688956159,1.6313161015451714
2020-10-08,2020,217.830497,336.62294,163.143796,260.29581,194.40724,190.33627,0.008882265718288984,7.469429085715795e-05,-0.07277117336528693,0.22120363660974177,0,0,1,0.85,0.75,0.6375,0.0,0.0,0.00756113000417421,2.1783049845552283,2.160586569634757,1.63143795154454
2020-10-09,2020,216.367268,337.935156,163.155981,257.859532,193.539634,189.084466,-0.006717282566728988,7.468871203641925e-05,-0.07690923578189879,0.22112383244996578,0,0,1,0.85,0.75,0.6375,0.0,0.0,-0.005698486874914177,2.1636726944574565,2.1482744954255777,1.6315598015439083
2020-10-13,2020,218.255521,340.308341,163.168167,260.986076,195.564709,191.406382,0.008727073265074381,7.46892631537932e-05,-0.06725060415841977,0.21259814603948624,0,0,1,0.85,0.75,0.6375,0.0,0.0,0.007429215664786292,2.1825552245836275,2.1642344899592545,1.631681661543277
2020-10-14,2020,221.045205,343.25474,163.180354,265.608823,197.21455,193.001422,0.012781733938359352,7.468981373048855e-05,-0.05938165784467209,0.21510930546851864,0,0,1,0.85,0.75,0.6375,0.0,0.0,0.010875677319665022,2.2104520647700316,2.187772005916141,1.6318035315426451
2020-10-15,2020,222.114399,340.313513,163.192542,267.375885,196.658647,192.496658,0.004836992505673043,7.469036376783755e-05,-0.062033047198343905,0.21423169387477306,0,0,1,0.85,0.75,0.6375,0.0,0.0,0.0041226471843872625,2.2211440048414737,2.1967914180164123,1.6319254115420136
2020-10-16,2020,221.502714,334.195788,163.204731,266.353005,195.179548,190.881424,-0.0027539187137525234,7.469091326495203e-05,-0.0690876364731392,0.21504768230567778,0,0,1,0.85,0.75,0.6375,0.0,0.0,-0.002329627269699902,2.2150271548006013,2.1916737128231585,1.6320473015413821
2020-10-19,2020,221.003742,334.484288,163.21692,265.517209,195.872441,191.810187,-0.002252667658058649,7.468533494892071e-05,-0.06578287085137846,0.2055300932466883,0,0,1,0.85,0.75,0.6375,0.0,0.0,-0.0019035647091075135,2.2100374347672602,2.18750172008955,1.6321691915407501
2020-10-20,2020,222.298448,342.057476,163.229111,267.658575,199.608904,195.182004,0.005858298996584521,7.46920110978877e-05,-0.04796174339103276,0.2093625892126693,0,0,0,1.0,0.75,0.75,0.11250000000000004,0.00011250000000000005,0.005745798996584521,2.2229844948537716,2.2000706652778677,1.6322911015401182
2020-10-21,2020,221.680836,345.083984,163.241303,266.625856,199.632728,195.14163,-0.0027783009983047835,7.469255897629701e-05,-0.047848114394675734,0.20939765212231143,0,0,0,1.0,0.75,0.75,0.0,0.0,-0.0027783009983047835,2.216808374812503,2.193958206752185,1.6324130215394865
2020-10-22,2020,222.247422,346.294352,163.253495,267.55868,202.344741,197.988489,0.0025558636922498046,7.468698041446231e-05,-0.03491311962900712,0.20235857866770524,0,0,0,1.0,0.75,0.75,0.0,0.0,0.0025558636922498046,2.222474234850362,2.1995656648751365,1.6325349415388546
2020-10-23,2020,220.160285,340.706141,163.265689,264.086829,201.038369,196.736685,-0.00939105156414377,7.469365357248847e-05,-0.041143884371659944,0.20141570836589182,0,0,0,1.0,0.75,0.75,0.0,0.0,-0.00939105156414377,2.201602864710901,2.178909430297574,1.632656881538223
2020-10-26,2020,220.862563,337.861398,163.277883,265.244875,200.555924,196.312685,0.0031898487050014968,7.46880748470069e-05,-0.04344491447355203,0.20192706837106933,0,0,0,1.0,0.75,0.75,0.0,0.0,0.0031898487050014968,2.2086256447578267,2.1858598217221243,1.6327788215375907
2020-10-27,2020,218.947241,337.07997,163.290078,262.058203,197.75457,193.183145,-0.008672008392839325,7.468862148329869e-05,-0.05680602274507762,0.18723861161250188,0,0,0,1.0,0.75,0.75,0.0,0.0,-0.008672008392839325,2.1894724246298467,2.16690402700258,1.6329007715369586
2020-10-28,2020,213.077982,318.562638,163.302274,252.308749,189.342566,184.864634,-0.026806727379588224,7.468916758068822e-05,-0.09692722707145207,0.24253767960047365,0,0,0,1.0,0.75,0.75,0.0,0.0,-0.026806727379588224,2.1307798342376683,2.10881642149299,1.6330227315363266
2020-10-29,2020,212.967615,323.979545,163.314471,252.117956,191.750817,187.368273,-0.0005179652959168557,7.468971313895345e-05,-0.0854410306264437,0.24358327897367035,0,0,0,1.0,0.75,0.75,0.0,0.0,-0.0005179652959168557,2.1296761642302937,2.107724127771197,1.6331447015356944
2020-10-30,2020,209.690797,313.476869,163.326669,246.671459,186.529299,183.047497,-0.015386461458001488,7.469025815853847e-05,-0.11034515461067418,0.26126425926101043,1,0,0,1.0,0.75,0.75,0.0,0.0,-0.015386461458001488,2.09690798401134,2.0752937117151458,1.6332666815350623
2020-11-03,2020,210.931734,310.965954,163.338868,248.723575,189.775376,186.277982,0.005917937352300617,7.469080263899919e-05,-0.09486293199450047,0.26275160904021116,0,1,1,0.85,0.75,0.6375,0.11250000000000004,0.00011250000000000005,0.004928950369851375,2.109317354094258,2.085522731423054,1.6333886715344297
2020-11-04,2020,216.029735,328.004854,163.351068,257.17768,194.190835,190.114188,0.024168961698290525,7.469134658144583e-05,-0.07380332090376285,0.2640796789712361,0,0,1,0.85,0.75,0.6375,0.0,0.0,0.020554821145534162,2.1602973644349013,2.128390278162401,1.6335106715337975
2020-11-05,2020,222.105784,336.187286,163.363269,267.25516,200.07348,195.747337,0.02812598460114768,7.469188998499021e-05,-0.04574593980592634,0.2825059232529791,0,0,1,0.85,0.75,0.6375,0.0,0.0,0.023918290694473276,2.2210578548408972,2.1792977355467804,1.633632681533165
2020-11-06,2020,223.029387,346.635002,163.37547,268.780557,200.123114,196.231921,0.004158392381172771,7.468631152329763e-05,-0.04550920955050386,0.2823313504350717,0,0,1,0.85,0.75,0.6375,0.0,0.0,0.00354583647072535,2.2302938849026117,2.1870251689380513,1.6337546915325327
2020-11-09,2020,226.377799,346.937701,163.387673,274.330677,206.30555,200.895933,0.015013321988819328,7.469297563456045e-05,-0.016021969887905718,0.28909678028101143,0,0,1,0.85,0.75,0.6375,0.0,0.0,0.012772527636841613,2.2637780051263494,2.214959008350781,1.6338767215319001
2020-11-10,2020,228.27676,341.731021,163.399876,277.474984,209.16051,203.924514,0.008388459506137202,7.468739701055327e-05,-0.002405186835540918,0.290016738816874,0,0,1,0.85,0.75,0.6375,0.0,0.0,0.007141393689768205,2.2827676152532357,2.230776902636112,1.6339987515312675
2020-11-11,2020,227.509466,344.713748,163.412081,276.193814,207.534493,203.702417,-0.00336124448235553,7.469405913140825e-05,-0.01016050415293146,0.2918850936257354,0,0,1,0.85,0.75,0.6375,0.0,0.0,-0.002845853701132489,2.275094675201966,2.2244284379313446,1.634120801530635
2020-11-12,2020,224.461598,339.751349,163.424286,271.127326,202.854981,199.280683,-0.013396664559003457,7.468848034553055e-05,-0.03247952077485894,0.3048558316083237,1,0,1,0.85,0.75,0.6375,0.0,0.0,-0.01137596160310111,2.2446159949983104,2.1991234254325915,1.6342428515300023
2020-11-13,2020,226.544159,354.696521,163.436492,274.576372,207.494786,203.581279,0.009278028039344077,7.468902143470402e-05,-0.010349887403365843,0.3134504658789206,1,1,1,0.85,0.75,0.6375,0.0,0.0,0.007897527186657672,2.265441605137465,2.216491062471761,1.6343649115293697
2020-11-16,2020,229.332596,355.977284,163.448699,279.197036,211.302722,206.973291,0.012308580421179549,7.468956198608545e-05,0.0,0.3155205907148176,1,1,1,0.85,0.75,0.6375,0.0,0.0,0.01047349679230053,2.2933259753237856,2.239705474504722,1.6344869815287373
2020-11-17,2020,231.353025,352.544556,163.460907,282.542953,212.889031,208.164526,0.008810038499716732,7.469010199945281e-05,0.0,0.31573088883411854,1,1,1,0.85,0.75,0.6375,0.0,0.0,0.00749973624005914,2.3135302654587884,2.2565026748189236,1.6346090615281044
2020-11-18,2020,232.241146,353.71783,163.473116,284.009454,211.407946,205.782041,0.0038388130001756338,7.469064147569426e-05,-0.0069570752097601885,0.31315333042007115,1,1,1,0.85,0.75,0.6375,0.0,0.0,0.0032741946463706426,2.3224114755181313,2.263890903796337,1.6347311515274718
2020-11-19,2020,231.553002,353.465651,163.485326,282.859656,211.475449,207.417486,-0.002963058062071422,7.469118041392164e-05,-0.006639994523719661,0.31312921987424197,1,1,1,0.85,0.75,0.6375,0.0,0.0,-0.0025073956756986203,2.31553003547215,2.2582144335339045,1.6348532515268388
2020-11-23,2020,232.828918,354.885492,163.509748,284.962209,213.186836,208.527956,0.005510254624122801,0.00014938343763049033,0.0,0.3112848010073584,1,1,1,0.85,0.75,0.6375,0.0,0.0,0.004706123946148955,2.3282891955574057,2.268841870555098,1.6350974715255733
2020-11-24,2020,234.852852,361.595602,163.521961,288.313942,217.965617,213.454455,0.008692794767014345,7.469279446259414e-05,0.0,0.31672557174322646,1,1,1,0.85,0.75,0.6375,0.0,0.0,0.007400079471131582,2.348528535692643,2.2856314807046365,1.6352196015249403
2020-11-25,2020,236.489285,370.370547,163.534174,291.022496,218.65454,213.676552,0.006967907717807753,7.468721586567639e-05,0.0,0.31579307706438503,1,1,1,0.85,0.75,0.6375,0.0,0.0,0.005933924642516441,2.3648928658019877,2.299194245671701,1.635341731524307
2020-11-26,2020,237.935011,366.504095,163.546388,293.414511,218.841164,214.060162,0.006113283314294726,7.468775303198782e-05,0.0,0.3085857326493905,1,1,1,0.85,0.75,0.6375,0.0,0.0,0.005207493980105315,2.3793501258985894,2.311167285865129,1.635463871523674
2020-11-27,2020,239.018503,365.281628,163.558604,295.205286,219.532072,214.908176,0.004553730850479942,7.469440413432338e-05,0.0,0.2521879164936856,0,1,1,0.85,0.75,0.6375,0.0,0.0,0.0038818753835280994,2.3901850459709872,2.3201389492593445,1.6355860315230406
2020-11-30,2020,237.122534,358.036261,163.57082,292.050724,216.182756,212.000733,-0.007932310579319535,7.468882529715337e-05,-0.015256613621357329,0.26385546406166827,0,0,1,0.85,0.75,0.6375,0.0,0.0,-0.0067312606686270315,2.3712253558443,2.304521489204445,1.6357081915224074
2020-12-01,2020,237.733314,360.479428,163.583037,293.056887,221.040952,216.139801,0.002575799059232331,7.468936085297528e-05,0.0,0.23820678866590586,0,0,1,0.85,0.75,0.6375,0.0,0.0,0.0022006326044754277,2.3773331558851116,2.3095928943313027,1.6358303615217742
2020-12-02,2020,239.496347,367.823089,163.595255,295.97557,221.991943,217.553133,0.00741601153972038,7.468989587233743e-05,0.0,0.23633990238963545,0,0,1,0.85,0.75,0.6375,0.0,0.0,0.006314813293143173,2.3949634860029154,2.324177542242175,1.6359525415211411
2020-12-03,2020,240.227091,370.283578,163.607474,297.180848,224.185775,218.360758,0.003051169711578261,7.469043035501777e-05,0.0,0.22953159019890138,0,0,1,0.85,0.75,0.6375,0.0,0.0,0.0026046978193947743,2.4022709260517434,2.3302313224183395,1.6360747315205078
2020-12-04,2020,239.08436,372.376558,163.619694,295.276516,225.700611,220.945145,-0.004756878149100974,7.469096430168243e-05,0.0,0.21286900267387948,0,0,1,0.85,0.75,0.6375,0.0,0.0,-0.004032142782090575,2.3908436159753874,2.320835497011049,1.6361969315198746
2020-12-07,2020,241.311965,369.937303,163.631915,298.966298,225.587445,220.702853,0.009317234301733368,7.469149771166528e-05,-0.0005013987312599832,0.21316007391370367,0,0,1,0.85,0.75,0.6375,0.0,0.0,0.007930852881130112,2.4131196661242336,2.339241701899148,1.636319141519241
2020-12-08,2020,239.413208,372.972646,163.644136,295.807103,225.480235,220.96534,-0.007868474321196639,7.468591930859247e-05,-0.0009764085219956531,0.19286929598347372,0,0,1,0.85,0.75,0.6375,0.0,0.0,-0.006677000285120854,2.39413209599736,2.323622584388601,1.6364413515186076
2020-12-09,2020,238.314537,368.813933,163.656359,293.9759,223.794658,219.612562,-0.004589015824055909,7.46925633803297e-05,-0.00844460717919815,0.19405175607620398,0,0,1,0.85,0.75,0.6375,0.0,0.0,-0.003889459565940473,2.383145385923948,2.3145849483001153,1.636563581517974
2020-12-10,2020,239.635901,369.161555,163.668582,296.161492,228.301443,223.509338,0.00554462189606153,7.468698481782887e-05,0.0,0.19787973916784318,0,0,1,0.85,0.75,0.6375,0.0,0.0,0.004724131659374975,2.3963590260122403,2.3255193523326927,1.6366858115173402
2020-12-11,2020,242.706853,367.249312,163.680807,301.251068,228.9586,223.691061,0.012815074816356464,7.469362690515347e-05,0.0,0.1697668449163671,0,0,0,1.0,0.75,0.75,0.11250000000000004,0.00011250000000000005,0.012702574816356465,2.427068546217438,2.3550594358925836,1.6368080615167067
2020-12-14,2020,241.892336,370.319134,163.693032,299.891503,228.267692,222.499811,-0.0033559703400710683,7.468804818389074e-05,-0.003017611044092594,0.16051393016325935,0,0,0,1.0,0.75,0.75,0.0,0.0,-0.0033559703400710683,2.418923376163013,2.3471559262766237,1.636930311516073
2020-12-15,2020,242.447462,371.858275,163.705258,300.805285,230.592558,225.649546,0.0022949300882355583,7.468857929149308e-05,0.0,0.15386936313511476,0,0,0,1.0,0.75,0.75,0.0,0.0,0.0022949300882355583,2.424474636200106,2.3525424850336165,1.6370525715154391
2020-12-16,2020,244.446,373.981064,163.717485,304.114856,234.168206,228.859836,0.008243179712064785,7.468910986374588e-05,0.0,0.15854544286152392,0,0,0,1.0,0.75,0.75,0.0,0.0,0.008243179712064785,2.4444600163336463,2.371934915518016,1.6371748415148057
2020-12-17,2020,244.622862,376.778807,163.729713,304.400791,234.585133,230.152029,0.000723521759407042,7.468963989998301e-05,0.0,0.15286769528753832,0,0,0,1.0,0.75,0.75,0.0,0.0,0.000723521759407042,2.4462286363454644,2.3736510620412905,1.6372971215141718
2020-12-18,2020,244.66143,373.473472,163.741942,304.457183,233.636127,229.162697,0.00015766310509435222,7.469016940131468e-05,-0.004045465234150281,0.15550072332080264,0,0,0,1.0,0.75,0.75,0.0,0.0,0.00015766310509435222,2.4466143163480414,2.3740252992381423,1.637419411513538
2020-12-21,2020,239.889928,374.240409,163.754172,296.529774,230.33446,224.983255,-0.019502469187726024,7.469069836751885e-05,-0.01811995903423258,0.16912883006883536,0,0,0,1.0,0.75,0.75,0.0,0.0,-0.019502469187726024,2.398899296029214,2.3277259439888685,1.6375417115129045
2020-12-22,2020,242.953855,375.426291,163.766403,301.607686,230.993602,226.638879,0.012772220265954592,7.469122679815143e-05,-0.01531013902743783,0.15438057348101977,0,0,0,1.0,0.75,0.75,0.0,0.0,0.012772220265954592,2.429538566233943,2.3574561724642713,1.6376640215122706
2020-12-23,2020,244.233451,377.488208,163.778635,303.723947,233.989522,228.435836,0.00526682731582917,7.469175469410061e-05,-0.0025389972176967923,0.1584301011423741,0,0,0,1.0,0.75,0.75,0.0,0.0,0.00526682731582917,2.4423345263194443,2.369872487029276,1.6377863415116367
2020-12-28,2020,245.909228,379.215747,163.803101,306.490166,236.360052,231.585556,0.00686137379273255,0.00014938456410984458,0.0,0.15983602209327966,0,0,0,1.0,0.75,0.75,0.0,0.0,0.00686137379273255,2.459092296431418,2.386133068003897,1.6380310015103685
2020-12-29,2020,246.471071,380.359681,163.815335,307.415092,237.201848,232.13071,0.0022847576911591005,7.468723073822403e-05,0.0,0.15981733989937144,0,0,0,1.0,0.75,0.75,0.0,0.0,0.0022847576911591005,2.46471072646896,2.391584803883148,1.6381533415097347
2020-12-30,2020,246.304449,373.894866,163.827571,307.130904,236.866321,231.484613,-0.000676030656758031,7.469386184144611e-05,-0.00141452102008921,0.14461073927229975,0,0,0,1.0,0.75,0.75,0.0,0.0,-0.000676030656758031,2.4630445064578264,2.3899680192374864,1.6382757015091005
2021-01-05,2021,245.671718,379.14603,163.839807,305.506775,238.194921,232.702004,-0.002568898980639278,7.468536735566467e-05,0.0,0.12848611621963688,0,0,0,1.0,0.3822303445787806,0.3822303445787806,0.3677696554212194,0.00036776965542121946,-0.0029366686360604976,2.456717193935918,2.382949475114204,1.6383980567316976
2021-01-06,2021,246.545287,387.972193,163.852044,308.319554,239.449598,234.446916,0.0035558386903942196,7.468880868488625e-05,0.0,0.12858427703498476,0,0,0,1.0,0.3822303445787806,0.3822303445787806,0.0,0.0,0.0035558386903942196,2.465452883985472,2.3914228590550697,1.6385204267307065
2021-01-07,2021,245.2241,390.152972,163.864283,303.972343,243.655165,240.168596,-0.0053588004706007775,7.469543681737356e-05,0.0,0.1360581835070712,0,0,0,1.0,0.3822303445787806,0.3822303445787806,0.0,0.0,-0.0053588004706007775,2.4522410139105264,2.3786077011125597,1.6386428167297153
2021-01-08,2021,246.94226,394.656017,163.876522,309.540442,249.890592,244.287393,0.007006489166440089,7.468985782588256e-05,0.0,0.1557407516935522,0,0,0,1.0,0.3822303445787806,0.3822303445787806,0.0,0.0,0.007006489166440089,2.4694226140079905,2.395273390201616,1.6387652067287244
2021-01-11,2021,245.787489,391.24998,163.888762,305.736126,245.355373,240.675838,-0.004676279386120474,7.469038182317256e-05,-0.018148818503739506,0.17556858522440152,0,0,0,1.0,0.3822303445787806,0.3822303445787806,0.0,0.0,-0.004676279386120474,2.457874903942485,2.3840724226228933,1.6388876067277336
2021-01-12,2021,247.335354,396.923883,163.901002,310.748664,247.734865,242.359867,0.006297574405831563,7.468480358641116e-05,-0.008626683312671468,0.17563804687682902,0,0,0,1.0,0.3822303445787806,0.3822303445787806,0.0,0.0,0.006297574405831563,2.473353554030289,2.399086296093252,1.6390100067267424
2021-01-13,2021,249.372771,398.229592,163.913244,317.358271,243.822988,238.119337,0.008237467741874172,7.469142867089218e-05,-0.024281042161042987,0.18553181158799315,0,0,0,1.0,0.3822303445787806,0.3822303445787806,0.0,0.0,0.008237467741874172,2.4937277241458635,2.418848692067293,1.6391324267257508
2021-01-14,2021,249.91562,398.384076,163.925487,319.092121,246.701953,240.797571,0.0021768575527436607,7.469195106657445e-05,-0.012760140245695939,0.17835301963622802,0,0,0,1.0,0.3822303445787806,0.3822303445787806,0.0,0.0,0.0021768575527436607,2.4991562141766566,2.424114181111564,1.6392548567247593
2021-01-15,2021,248.915729,390.794607,163.93773,315.793061,240.750227,234.913569,-0.004000914388624377,7.4686372595556e-05,-0.03657746747024393,0.20435332841491455,0,0,0,1.0,0.3822303445787806,0.3822303445787806,0.0,0.0,-0.004000914388624377,2.4891573041199373,2.4144155078046863,1.6393772867237677
2021-01-18,2021,248.080967,398.28663,163.949975,313.032704,242.228669,236.455587,-0.00335359281373504,7.469299471218882e-05,-0.030661110283015436,0.20360285699715014,0,0,0,1.0,0.3822303445787806,0.3822303445787806,0.0,0.0,-0.00335359281373504,2.4808096840725846,2.406318541308342,1.6394997367227762
2021-01-19,2021,248.85809,398.20483,163.96222,315.53082,241.091867,235.359944,0.003132537773443911,7.468741608529506e-05,-0.03521030915801737,0.20353795422721205,0,0,0,1.0,0.3822303445787806,0.3822303445787806,0.0,0.0,0.003132537773443911,2.4885809141166675,2.4138564250339285,1.6396221867217846
2021-01-20,2021,247.162109,395.468907,163.974467,309.960888,239.163899,233.817926,-0.006815052707348279,7.46940362237325e-05,-0.04292555759762262,0.20039644431096357,0,0,0,1.0,0.3822303445787806,0.3822303445787806,0.0,0.0,-0.006815052707348279,2.4716211040204614,2.397405866269351,1.639744656720793
2021-01-21,2021,245.74958,393.180747,163.986714,305.315662,236.636563,230.916505,-0.0057149900756025,7.468845744140751e-05,-0.0530393277070631,0.20461520797655955,0,0,0,1.0,0.3822303445787806,0.3822303445787806,0.0,0.0,-0.0057149900756025,2.457495813940335,2.3837047155364304,1.6398671267198013
2021-01-22,2021,245.806911,395.877765,163.998962,305.465583,234.09724,229.638263,0.00023329032749508372,7.468897754736581e-05,-0.06320106680926985,0.20794034852501647,0,0,0,1.0,0.3822303445787806,0.3822303445787806,0.0,0.0,0.00023329032749508372,2.458069123943587,2.3842608107901695,1.6399896067188096
2021-01-26,2021,244.53845,393.857028,164.023461,301.253229,232.682731,227.406404,-0.0051603959987926995,0.0001493850918397044,-0.06886158003099219,0.2024664949700157,0,0,0,1.0,0.3822303445787806,0.3822303445787806,0.0,0.0,-0.0051603959987926995,2.4453845138716326,2.3719570808420896,1.6402345967168255
2021-01-27,2021,244.082104,390.440347,164.035712,299.727364,231.519957,226.4122,-0.0018661523371887867,7.469053466691022e-05,-0.07351471239061291,0.2032146505739853,0,0,0,1.0,0.3822303445787806,0.3822303445787806,0.0,0.0,-0.0018661523371887867,2.4408210538457458,2.3675306475919644,1.6403571067158333
2021-01-28,2021,245.470652,390.361282,164.047964,304.220126,238.376729,232.33679,0.005688856238309059,7.469105264124032e-05,-0.04607561616405309,0.22456676464463096,0,0,0,1.0,0.3822303445787806,0.3822303445787806,0.0,0.0,0.005688856238309059,2.4547065339245124,2.3809991890859057,1.6404796267148416
2021-01-29,2021,244.965016,385.010615,164.060217,302.533456,231.769693,224.322369,-0.0020598633518111864,7.469157008244132e-05,-0.07251533102934904,0.24358999389973954,0,0,0,1.0,0.3822303445787806,0.3822303445787806,0.0,0.0,-0.0020598633518111864,2.44965017389583,2.3760946561156153,1.6406021567138491
2021-02-01,2021,246.139775,388.180656,164.07247,306.328762,234.482833,229.394781,0.004795619469189827,7.468599166871037e-05,-0.061658019522399576,0.2472427794376026,0,0,0,1.0,0.3822303445787806,0.3822303445787806,0.0,0.0,0.004795619469189827,2.461397763962469,2.3874895019091213,1.640724686712857
2021-02-02,2021,247.584194,389.488969,164.084725,311.003783,236.219003,230.997666,0.005868287642661674,7.469260382308995e-05,-0.05471029897756219,0.24876873839573907,0,0,0,1.0,0.3822303445787806,0.3822303445787806,0.0,0.0,0.005868287642661674,2.475841954044405,2.4014999770501593,1.6408472367118645
2021-02-03,2021,248.073459,391.786768,164.09698,312.562786,239.197863,233.83822,0.0019761560384585763,7.468702525481596e-05,-0.0427896421166587,0.25208936932186743,0,0,0,1.0,0.3822303445787806,0.3822303445787806,0.0,0.0,0.0019761560384585763,2.480734604072159,2.406245715731165,1.6409697867108721
2021-02-04,2021,247.999216,388.312551,164.109237,312.283446,238.270841,232.559977,-0.0002992782875657074,7.469363543433083e-05,-0.04649935360511692,0.2518031468321394,0,0,0,1.0,0.3822303445787806,0.3822303445787806,0.0,0.0,-0.0002992782875657074,2.4799921740679474,2.405525578633899,1.6410923567098794
2021-02-05,2021,248.746186,389.681776,164.121494,314.683159,239.597442,234.994729,0.003011985328211786,7.468805671195788e-05,-0.041190626336184755,0.24410789353086218,0,0,0,1.0,0.3822303445787806,0.3822303445787806,0.0,0.0,0.003011985328211786,2.4874618741103203,2.4127709863833826,1.641214926708887
2021-02-08,2021,248.139201,391.231103,164.133752,312.665842,238.780303,233.696193,-0.002440178117947056,7.468857186965216e-05,-0.04446061338715779,0.22347176355445442,0,0,0,1.0,0.3822303445787806,0.3822303445787806,0.0,0.0,-0.002440178117947056,2.481392024075889,2.4068833954187925,1.641337506707894
2021-02-09,2021,249.408227,392.297152,164.146012,316.768662,238.606487,233.148379,0.005114169767960197,7.469517908798018e-05,-0.04515618179014924,0.21536685386309376,0,0,0,1.0,0.3822303445787806,0.3822303445787806,0.0,0.0,0.005114169767960197,2.494082284147875,2.4191926057146484,1.6414601067069012
2021-02-10,2021,248.265173,391.356147,164.158272,313.002509,236.610591,231.139693,-0.004583064535397252,7.468960013468084e-05,-0.05314326119168178,0.21265290491309036,0,0,0,1.0,0.3822303445787806,0.3822303445787806,0.0,0.0,-0.004583064535397252,2.4826517440830345,2.4081052898791024,1.6415827067059081
2021-02-11,2021,249.553738,392.329553,164.170533,317.169066,238.218895,233.128085,0.005190276930224114,7.469011369698464e-05,-0.04670722857785692,0.20859619540464866,0,0,0,1.0,0.3822303445787806,0.3822303445787806,0.0,0.0,0.005190276930224114,2.495537394156129,2.4206040232107124,1.641705316704915
2021-02-12,2021,250.628982,395.220534,164.182794,320.6397,237.981146,233.432433,0.004308667177728154,7.468453550063536e-05,-0.047658640946354636,0.20297997746981147,0,0,0,1.0,0.3822303445787806,0.3822303445787806,0.0,0.0,0.004308667177728154,2.506289834217123,2.4310336003157973,1.641827926703922
2021-02-17,2021,254.228893,401.966482,164.195057,332.346593,240.528461,235.07589,0.0143635064519394,7.469113968183727e-05,-0.03746491984780287,0.18917129391819262,0,0,0,1.0,0.3822303445787806,0.3822303445787806,0.0,0.0,0.0143635064519394,2.542288944421331,2.4659517671188147,1.6419505567029289
2021-02-18,2021,251.39042,397.667535,164.207321,323.049435,238.029095,232.539683,-0.011165029145605354,7.469165164941671e-05,-0.0474667609735383,0.191169531291738,0,0,0,1.0,0.3822303445787806,0.3822303445787806,0.0,0.0,-0.011165029145605354,2.5139042142603167,2.438419343767276,1.6420731967019357
2021-02-19,2021,250.687085,399.19268,164.219586,320.717774,237.245921,230.936799,-0.0027977796449045744,7.469216308564341e-05,-0.05060082854179637,0.1908557384403824,0,0,0,1.0,0.3822303445787806,0.3822303445787806,0.0,0.0,-0.0027977796449045744,2.5068708642204194,2.4315971837615424,1.6421958467009423
2021-02-22,2021,247.937433,398.043366,164.231851,311.710373,225.098725,219.635465,-0.010968462934578316,7.468658458331667e-05,-0.09921088585839999,0.26127973248979697,0,0,0,1.0,0.3822303445787806,0.3822303445787806,0.0,0.0,-0.010968462934578316,2.4793743440644436,2.404926300179629,1.6423184966999493
2021-02-23,2021,248.897658,399.598339,164.244118,314.805765,230.211336,224.728171,0.003872852067481114,7.469318481945209e-05,-0.07875148817127142,0.2746809229141634,0,0,0,1.0,0.3822303445787806,0.3822303445787806,0.0,0.0,0.003872852067481114,2.4889765941189133,2.4142402239734193,1.6424411666989558
2021-02-24,2021,249.2055,403.010849,164.256385,315.772871,231.092407,226.148441,0.0012368216015916644,7.468760616435866e-05,-0.07522566115654317,0.2728581639919282,0,0,0,1.0,0.3822303445787806,0.3822303445787806,0.0,0.0,0.0012368216015916644,2.4920550141363758,2.417226208433861,1.6425638366979622
2021-02-25,2021,246.187957,392.301915,164.268653,305.891521,224.275593,219.310823,-0.012108653300187955,7.468811638600137e-05,-0.10250485540488063,0.2912560555510561,1,0,0,1.0,0.3822303445787806,0.3822303445787806,0.0,0.0,-0.012108653300187955,2.4618795839652035,2.3879568543278076,1.642686516696969
2021-02-26,2021,243.630722,386.854431,164.280923,297.511833,219.83827,214.23841,-0.010387327760309706,7.469471366516878e-05,-0.12026191846390122,0.298141234640888,1,1,1,0.85,0.3822303445787806,0.32489579289196346,0.057334551686817115,5.733455168681712e-05,-0.008875358940900292,2.436307233820142,2.366762880110265,1.6428092166959753
2021-03-01,2021,242.990347,388.392776,164.293193,295.385552,220.437638,214.94856,-0.0026284657154198587,7.468913478159145e-05,-0.11786339679406577,0.27413634615288723,1,1,1,0.85,0.3822303445787806,0.32489579289196346,0.0,0.0,-0.002222992487889641,2.4299034837838165,2.361501584007164,1.6429319166949816
2021-03-02,2021,243.270059,388.231716,164.305464,296.26088,222.845101,218.113741,0.0011511239168688903,7.468964341073026e-05,-0.10822932861754153,0.26345306258032586,1,1,1,0.85,0.3822303445787806,0.32489579289196346,0.0,0.0,0.0009896587758501663,2.4327006037996832,2.363838664773961,1.6430546266939876
2021-03-03,2021,244.657726,390.572628,164.317736,300.750704,222.13385,217.4239,0.0057042243739497955,7.46901515094045e-05,-0.11107557822745084,0.25856416564085505,1,1,1,0.85,0.3822303445787806,0.32489579289196346,0.0,0.0,0.004859794240583737,2.4465772738784,2.3753264343026985,1.6431773466929935
2021-03-04,2021,247.202963,389.330146,164.330009,309.016885,225.142679,220.284733,0.010403256180023579,7.469065907761419e-05,-0.09903499288200501,0.2625944387916968,0,1,1,0.85,0.3822303445787806,0.32489579289196346,0.0,0.0,0.008853971351881684,2.4720296440227805,2.3963575065033815,1.6433000766919994
2021-03-05,2021,248.2748,391.967551,164.342282,312.476367,230.161389,225.073092,0.004335858223511568,7.468508079999658e-05,-0.07895136364317379,0.27195011541598724,0,0,1,0.85,0.3822303445787806,0.32489579289196346,0.0,0.0,0.0036966822521048324,2.482748014083581,2.4052160787673706,1.6434228066910057
2021-03-08,2021,246.850292,385.807403,164.354557,307.79198,220.991055,213.751463,-0.005737626210956526,7.469167307760927e-05,-0.1156487595979604,0.3037340402349876,1,0,1,0.85,0.3822303445787806,0.32489579289196346,0.0,0.0,-0.0048657785283514055,2.4685029340027747,2.3935128300152586,1.6435455566900115
2021-03-09,2021,249.283581,393.633161,164.366833,315.692943,222.427541,217.484767,0.00985734705956931,7.469217905531345e-05,-0.10990029988804062,0.3041243657557904,1,1,1,0.85,0.3822303445787806,0.32489579289196346,0.0,0.0,0.00838994882749221,2.4928358241408053,2.4135942801770325,1.6436683166890174
2021-03-10,2021,247.825751,390.443803,164.379109,310.899844,225.314498,220.406466,-0.00584807869877324,7.468660055032217e-05,-0.09834741597634866,0.30972557126704336,1,1,1,0.85,0.3822303445787806,0.32489579289196346,0.0,0.0,-0.0049596639038747056,2.4782575240581086,2.40162366374704,1.643791076688023
2021-03-11,2021,248.654268,392.041557,164.391387,313.565529,229.725848,224.099182,0.00334314330394192,7.469318987496365e-05,-0.08069429040369791,0.31968047915762227,1,1,1,0.85,0.3822303445787806,0.32489579289196346,0.0,0.0,0.0028528757868318765,2.486542694105107,2.408475197746426,1.6439138566870288
2021-03-12,2021,249.675311,395.232769,164.403665,316.859291,228.079583,222.884561,0.0041062757869090305,7.468761121876e-05,-0.08728223349841036,0.31937717020309175,1,1,1,0.85,0.3822303445787806,0.32489579289196346,0.0,0.0,0.00350153756055549,2.4967531241630265,2.4169085641150017,1.6440366366860342
2021-03-15,2021,253.033895,401.733328,164.415945,327.778849,229.460128,224.240605,0.013451806614551476,7.46941985751981e-05,-0.08175763575765194,0.3191272213868085,1,1,1,0.85,0.3822303445787806,0.32489579289196346,0.0,0.0,0.011445239752155034,2.530338964353545,2.4445706620903342,1.6441594366850396
2021-03-16,2021,253.502311,403.567704,164.428225,329.26976,227.79788,222.60656,0.001851198630918649,7.468861976867025e-05,-0.08840953884330305,0.3197207926939977,1,1,1,0.85,0.3822303445787806,0.32489579289196346,0.0,0.0,0.0015847221292461522,2.5350231243801162,2.448444627315055,1.6442822366840453
2021-03-17,2021,254.743102,404.873151,164.440506,333.280403,232.852552,227.546992,0.004894594432316657,7.468912347619039e-05,-0.06818199862442198,0.3282536739615653,1,1,1,0.85,0.3822303445787806,0.32489579289196346,0.0,0.0,0.004171608635990587,2.547431034450501,2.458658580067107,1.6444050466830507
2021-03-18,2021,255.332248,405.671962,164.457573,335.150671,229.428162,224.197819,0.0023127063907701917,0.00010378829654045241,-0.08188555573952949,0.3301705824206803,1,1,1,0.85,0.3822303445787806,0.32489579289196346,0.0,0.0,0.001981368676635731,2.553322494483921,2.4635300891641934,1.6445757166816684
2021-03-19,2021,254.686862,398.496037,164.474642,332.993497,232.199241,226.899457,-0.002527632154008197,0.00010378968683921741,-0.07079638676433242,0.3336342261390852,1,1,1,0.85,0.3822303445787806,0.32489579289196346,0.0,0.0,-0.002132918877881085,2.546868634447311,2.458275579330787,1.6447464066802862
2021-03-22,2021,253.601711,394.501031,164.491713,329.401669,229.715858,224.476904,-0.004260726256071989,0.00010379107558722289,-0.08073426789912919,0.2791001763479897,0,1,1,0.85,0.3822303445787806,0.32489579289196346,0.0,0.0,-0.0036060486563231076,2.536017124385755,2.4494109179810692,1.6449171166789036
2021-03-23,2021,255.249438,395.716604,164.508786,334.725347,226.285474,221.127065,0.006497302378216219,0.00010379246278491294,-0.09446181151149546,0.27246047920180083,0,0,1,0.85,0.3822303445787806,0.32489579289196346,0.0,0.0,0.005538275890901522,2.5524943944792238,2.4629764314150346,1.6450878466775207
2021-03-24,2021,253.197438,391.824941,164.52586,327.979339,223.891997,218.787637,-0.008039194977581099,0.0001037877697305234,-0.1040399111944158,0.2740658694072156,1,0,1,0.85,0.3822303445787806,0.32489579289196346,0.0,0.0,-0.006817747565484355,2.5319743943628223,2.4461844798459094,1.6452585866761382
2021-03-25,2021,254.853624,392.95216,164.542936,333.330602,227.260446,222.075201,0.0065410851432075034,0.00010378915509079434,-0.09056021604846975,0.2587619153696295,0,1,1,0.85,0.3822303445787806,0.32489579289196346,0.0,0.0,0.0055754907449899966,2.5485362544567707,2.4598231587738284,1.6454293466747552
2021-03-26,2021,254.476,395.678992,164.560014,332.046926,229.320275,224.092959,-0.0014817289786704935,0.00010379053890230416,-0.08231729268143073,0.2483954078296851,0,0,1,0.85,0.3822303445787806,0.32489579289196346,0.0,0.0,-0.0012439010510345739,2.54476001443535,2.4567633821612707,1.6456001266733722
2021-03-29,2021,254.473104,394.23911,164.577094,331.985728,230.594932,225.337471,-1.1380248039039031e-05,0.00010379192116505287,-0.07721643238173603,0.24867362367071377,0,0,1,0.85,0.3822303445787806,0.32489579289196346,0.0,0.0,5.895577341574759e-06,2.5447310544351858,2.4567778661998005,1.645770926671989
2021-03-30,2021,255.425828,397.843854,164.594175,335.042058,233.453918,228.131802,0.0037439084328534378,0.00010378722569992505,-0.06577548145550038,0.24940129407979666,0,0,1,0.85,0.3822303445787806,0.32489579289196346,0.0,0.0,0.003197890251780411,2.55425829448923,2.4646343721889106,1.645941736670606
2021-03-31,2021,257.339103,398.959578,164.611259,341.232007,233.022373,227.704251,0.007490530675699825,0.000103794681676872,-0.06750241721785188,0.24904390207967253,0,0,1,0.85,0.3822303445787806,0.32489579289196346,0.0,0.0,0.006382520276596381,2.573391044597762,2.4803649510438026,1.6461125766692224
2021-04-01,2021,256.928867,396.519006,164.628344,339.841919,230.263281,225.015693,-0.0015941456048363944,0.00010378998437765574,-0.07854361720028258,0.2504276424080003,0,0,1,0.85,0.3822303445787806,0.32489579289196346,0.0,0.0,-0.0013394552664542868,2.569288684574491,2.477042613147398,1.6462834266678388
2021-04-05,2021,257.486529,401.779518,164.64543,341.609416,234.788511,229.443698,0.0021704918038656373,0.00010378528742305271,-0.060434772190223196,0.2476458664328346,0,0,1,0.85,0.3822303445787806,0.32489579289196346,0.0,0.0,0.0018604858263992496,2.5748653046061247,2.481651115820546,1.6464542866664553
2021-04-06,2021,257.706128,402.809088,164.662519,342.274039,234.750551,229.401964,0.00085285626728826,0.00010379273812821666,-0.060586678669359406,0.1950875132192316,0,0,1,0.85,0.3822303445787806,0.32489579289196346,0.0,0.0,0.0007404967379142535,2.577061294618581,2.4834887703764523,1.6466251766650715
2021-04-07,2021,256.894835,400.711497,164.679609,339.575563,235.000288,229.642551,-0.0031481323564024333,0.00010378803934130154,-0.05958729330634416,0.19478356288057838,0,0,1,0.85,0.3822303445787806,0.32489579289196346,0.0,0.0,-0.002660344297040873,2.56894836457256,2.4768818351894164,1.6467960766636875
2021-04-08,2021,258.46881,404.716429,164.696701,344.658579,236.376837,230.794772,0.006126923493810388,0.0001037894132964734,-0.05407868656375825,0.19147139999374885,0,0,1,0.85,0.3822303445787806,0.32489579289196346,0.0,0.0,0.005223453381733301,2.5846881146618452,2.48981971198759,1.6469669966623035
2021-04-09,2021,259.392167,407.537285,164.713795,347.619067,235.092191,229.293343,0.00357241169640532,0.0001037907857062148,-0.05921952035713285,0.18218613556355995,0,0,0,1.0,0.3822303445787806,0.3822303445787806,0.057334551686817115,5.733455168681712e-05,0.003515077144718503,2.593921684714223,2.4985716203516675,1.6471379366609193
2021-04-12,2021,259.074306,406.910478,164.730891,346.530306,237.373786,232.113603,-0.0012254070879480494,0.0001037921565707478,-0.05008914461253511,0.1817311846449706,0,0,0,1.0,0.3822303445787806,0.3822303445787806,0.0,0.0,-0.0012254070879480494,2.590743074696192,2.495509852978343,1.6473088966595348
2021-04-13,2021,257.922641,406.664044,164.747988,342.721406,238.342765,232.661416,-0.004445307671691601,0.00010378745538375256,-0.04621153164501679,0.18129114964818857,0,0,0,1.0,0.3822303445787806,0.3822303445787806,0.0,0.0,-0.004445307671691601,2.579226424630863,2.4844165438841164,1.64747986665815
2021-04-14,2021,258.851774,408.908605,164.765087,345.700721,240.336663,234.548355,0.0036023708364554263,0.0001037888244195262,-0.03823244774257051,0.17923284007244378,0,0,0,1.0,0.3822303445787806,0.3822303445787806,0.0,0.0,0.0036023708364554263,2.5885177546835685,2.493366333587412,1.6476508566567654
2021-04-15,2021,260.398087,412.327304,164.782188,350.693467,241.147808,235.76573,0.005973739241207587,0.00010379019191120165,-0.03498644718885613,0.16394957195530702,0,0,0,1.0,0.3822303445787806,0.3822303445787806,0.0,0.0,0.005973739241207587,2.603980884771284,2.508261053897069,1.6478218666553803
2021-04-16,2021,260.497545,409.752494,164.799291,350.966111,241.972938,236.293266,0.0003819459702867345,0.00010379155785944505,-0.03168448214328934,0.15192635473998237,0,0,0,1.0,0.3822303445787806,0.3822303445787806,0.0,0.0,0.0003819459702867345,2.6049754647769263,2.509219074099032,1.6479928966539954
2021-04-19,2021,260.497213,408.162477,164.816396,350.9132,241.613317,236.049784,-1.2744841799694484e-06,0.00010379292226447845,-0.03312359594554082,0.14842067363558745,0,0,0,1.0,0.3822303445787806,0.3822303445787806,0.0,0.0,-1.2744841799694484e-06,2.6049721447769074,2.509215876139018,1.6481639466526101
2021-04-20,2021,263.59026,407.549467,164.833502,360.951867,239.871154,234.304889,0.011873627991559443,0.00010378821776946268,-0.04009529898588582,0.14493252355783126,0,0,0,1.0,0.3822303445787806,0.3822303445787806,0.0,0.0,0.011873627991559443,2.635902614952363,2.5390093720028077,1.648335006651225
2021-04-22,2021,265.456598,412.999301,164.85061,366.988618,238.490609,233.229524,0.007080451303473678,0.00010378958034862329,-0.04561989672664424,0.13377018824605252,0,0,0,1.0,0.3822303445787806,0.3822303445787806,0.0,0.0,0.007080451303473678,2.654565995058232,2.556986704220337,1.6485060866498393
2021-04-23,2021,265.471335,416.50731,164.86772,366.984851,240.806168,235.299077,5.5515666632643956e-05,0.00010379094138635026,-0.036353605501082575,0.1263114644986935,0,0,0,1.0,0.3822303445787806,0.3822303445787806,0.0,0.0,5.5515666632643956e-05,2.654713365059068,2.5571286570417926,1.6486771866484538
2021-04-26,2021,264.469093,416.923716,164.884831,363.663374,240.936031,235.258489,-0.003775330394899412,0.00010378623541340559,-0.035833926072734945,0.11929801036048171,0,0,0,1.0,0.3822303445787806,0.3822303445787806,0.0,0.0,-0.003775330394899412,2.644690945002215,2.5474746514991944,1.648848296647068
2021-04-27,2021,262.884201,415.002828,164.901945,358.4411,238.524573,232.884604,-0.005992730500270493,0.00010379365946655561,-0.04548398124568054,0.12539411913841308,0,0,0,1.0,0.3822303445787806,0.3822303445787806,0.0,0.0,-0.005992730500270493,2.628842024912311,2.5322083224564893,1.649019436645682
2021-04-28,2021,262.508358,413.688988,164.91906,357.163122,241.851067,236.171533,-0.0014296903296977526,0.00010378895167062474,-0.03217217957529184,0.13191689274537496,0,0,0,1.0,0.3822303445787806,0.3822303445787806,0.0,0.0,-0.0014296903296977526,2.6250835948909907,2.528588048705093,1.649190586644296
2021-04-29,2021,266.316036,416.653918,164.936177,369.53311,239.879145,233.980247,0.01450497816149543,0.0001037903078029423,-0.04006332099129206,0.13146627222633503,0,0,0,1.0,0.3822303445787806,0.3822303445787806,0.0,0.0,0.01450497816149543,2.6631603751069846,2.5652651631309786,1.6493617566429095
2021-04-30,2021,265.147038,415.238163,164.953296,365.6676,237.537613,232.113603,-0.004389514118481319,0.00010379166239560256,-0.04943354970322378,0.13693882355969303,0,0,0,1.0,0.3822303445787806,0.3822303445787806,0.0,0.0,-0.004389514118481319,2.6514703950406724,2.5540048954797667,1.6495329466415232
2021-05-03,2021,265.537354,414.254034,164.970416,366.889061,238.16695,232.68171,0.0014720737706297449,0.00010378695312640573,-0.04691509954884565,0.12831254136819684,0,0,0,1.0,0.3822303445787806,0.3822303445787806,0.0,0.0,0.0014720737706297449,2.655373555062813,2.5577645790964625,1.6497041466401368
2021-05-04,2021,264.852195,412.130374,164.987538,364.601973,235.176103,229.820862,-0.0025802735083365613,0.00010378830589852228,-0.0588837254025153,0.11922499365985889,0,0,0,1.0,0.3822303445787806,0.3822303445787806,0.0,0.0,-0.0025802735083365613,2.648521965023947,2.5511648469124584,1.6498753666387502
2021-05-05,2021,265.090413,414.203212,165.004663,365.32723,238.876202,233.635326,0.0008994375145729983,0.00010379571819529865,-0.04407684943977397,0.13146770506037575,0,0,0,1.0,0.3822303445787806,0.3822303445787806,0.0,0.0,0.0008994375145729983,2.6509041450374604,2.553459460281631,1.6500466166373633
2021-05-06,2021,265.601295,415.926504,165.026557,366.92755,239.589451,234.203434,0.0019271990798097605,0.00013268715927128305,-0.04122260433077851,0.1316755553627927,0,0,0,1.0,0.3822303445787806,0.3822303445787806,0.0,0.0,0.0019271990798097605,2.6560129650664406,2.5583804850038177,1.6502655566355902
2021-05-07,2021,266.673313,414.342757,165.048454,370.358465,243.818992,238.322231,0.004036192669919059,0.00013268773461705408,-0.024297033159215498,0.14356696941933134,0,0,0,1.0,0.3822303445787806,0.3822303445787806,0.0,0.0,0.004036192669919059,2.666733145127252,2.568706601564254,1.6504845266338166
2021-05-10,2021,265.108386,408.089596,165.070355,365.18682,243.561264,237.672963,-0.005868329989210497,0.00013269436622542763,-0.025328396516824503,0.14155286743015041,0,0,0,1.0,0.3822303445787806,0.3822303445787806,0.0,0.0,-0.005868329989210497,2.6510838750384798,2.5536325835808116,1.6507035366320433
2021-05-11,2021,265.484622,407.377691,165.092258,366.347855,245.669042,239.681634,0.0014191780413916888,0.0001326888768125034,-0.016893593176969257,0.14082247282787377,0,0,0,1.0,0.3822303445787806,0.3822303445787806,0.0,0.0,0.0014191780413916888,2.654846235059822,2.557256642869212,1.6509225666302694
2021-05-12,2021,260.982239,400.324724,165.114164,351.593282,239.167895,233.878792,-0.01695911034726527,0.0001326894444679816,-0.04290956659945011,0.17234354175916541,0,0,0,1.0,0.3822303445787806,0.3822303445787806,0.0,0.0,-0.01695911034726527,2.6098224048044205,2.513887845276516,1.6511416266284953
2021-05-13,2021,261.743044,399.718375,165.136073,354.008883,241.157797,235.441104,0.002915160061907507,0.00013269000956217525,-0.03494647369517623,0.17231508051739353,0,0,0,1.0,0.3822303445787806,0.3822303445787806,0.0,0.0,0.002915160061907507,2.617430454847578,2.521216230723181,1.651360716626721
2021-05-14,2021,263.547719,400.254784,165.157985,359.829914,243.505323,237.875856,0.006894834614974421,0.00013269057209552848,-0.025552258485985746,0.1753087125469124,0,0,0,1.0,0.3822303445787806,0.3822303445787806,0.0,0.0,0.006894834614974421,2.6354772049499493,2.5385995996626063,1.6515798366249463
2021-05-17,2021,263.391824,401.936772,165.1799,359.254934,245.617097,240.046848,-0.0005915247553327507,0.00013269113206981764,-0.01710146414795799,0.17742954570868236,0,0,0,1.0,0.3822303445787806,0.3822303445787806,0.0,0.0,-0.0005915247553327507,2.6339182549411064,2.537097955155528,1.6517989866231717
2021-05-18,2021,263.483618,404.59044,165.201817,359.487985,245.701008,239.803382,0.0003485074008979794,0.0001326856354799677,-0.0167656731950917,0.17723471086556236,0,0,0,1.0,0.3822303445787806,0.3822303445787806,0.0,0.0,0.0003485074008979794,2.6348361949463137,2.537982152569703,1.652018156621397
2021-05-19,2021,266.024804,403.699654,165.223738,367.71172,245.013733,239.438168,0.00964456924984236,0.00013269224514633748,-0.019515976815965952,0.17523762892336575,0,0,0,1.0,0.3822303445787806,0.3822303445787806,0.0,0.0,0.00964456924984236,2.660248055090465,2.5624598971950254,1.6522373666196215
2021-05-20,2021,265.651612,402.491398,165.245662,366.427822,245.143596,239.235274,-0.001402846630797705,0.00013269279744787532,-0.01899629738761832,0.1733776539305248,0,0,0,1.0,0.3822303445787806,0.3822303445787806,0.0,0.0,-0.001402846630797705,2.656516135069295,2.5588651589616913,1.652456606617846
2021-05-21,2021,264.727549,401.546436,165.267588,363.346798,244.925826,239.438168,-0.003478476915848683,0.0001326872955973446,-0.01986775876700475,0.1707292560290763,0,0,0,1.0,0.3822303445787806,0.3822303445787806,0.0,0.0,-0.003478476915848683,2.6472755050168773,2.5499642055754737,1.6526758666160701
2021-05-24,2021,266.403055,406.364259,165.289517,368.746384,247.802793,241.974374,0.006329171279412238,0.00013268784439457448,-0.008354852350743958,0.17499336876193441,0,0,0,1.0,0.3822303445787806,0.3822303445787806,0.0,0.0,0.006329171279412238,2.6640305651119216,2.566103365788931,1.6528951566142944
2021-05-25,2021,265.629614,405.242051,165.31145,366.156722,245.716992,240.229463,-0.0029032737631330408,0.00013269444062813385,-0.01670170920240166,0.17369584813067235,0,0,0,1.0,0.3822303445787806,0.3822303445787806,0.0,0.0,-0.0029032737631330408,2.6562961550680475,2.558653265213549,1.6531144866125183
2021-05-26,2021,265.831932,405.496986,165.333385,366.750284,247.716884,241.933786,0.0007616545344977244,0.000132688933525138,-0.008698638802696501,0.1693654185707495,0,0,0,1.0,0.3822303445787806,0.3822303445787806,0.0,0.0,0.0007616545344977244,2.658319335079524,2.5606020750752063,1.6533338366107417
2021-05-27,2021,265.220565,405.367942,165.355323,364.689341,248.472087,242.643921,-0.002299825289611812,0.00013268947466360537,-0.005676504219894851,0.1657425247025741,0,0,0,1.0,0.3822303445787806,0.3822303445787806,0.0,0.0,-0.002299825289611812,2.652205665044844,2.5547131376663157,1.6535532166089653
2021-05-28,2021,265.41718,409.362556,165.377264,365.264279,250.857573,244.936661,0.0007413263748983212,0.00013269001325100227,0.0,0.1620166373154335,0,0,0,1.0,0.3822303445787806,0.3822303445787806,0.0,0.0,0.0007413263748983212,2.6541718150559963,2.556607013895567,1.6537726266071884
2021-05-31,2021,265.879178,410.089771,165.399208,366.704972,252.166194,246.01201,0.001740648438808945,0.00013269054928843893,0.0,0.1622450011523906,0,0,0,1.0,0.3822303445787806,0.3822303445787806,0.0,0.0,0.001740648438808945,2.6587917950822044,2.5610571679029523,1.653992066605411
2021-06-01,2021,265.272724,408.907887,165.421155,364.660029,256.263874,250.232261,-0.0022809382989744664,0.00013269108277724762,0.0,0.15798813915478346,0,0,0,1.0,0.3822303445787806,0.3822303445787806,0.0,0.0,-0.0022809382989744664,2.6527272550478025,2.5552155545228192,1.6542115366036338
2021-06-02,2021,265.837837,405.818181,165.443104,366.437101,258.929065,252.951067,0.002130309484815296,0.00013268556854173497,0.0,0.15397490145013296,0,0,0,1.0,0.3822303445787806,0.3822303445787806,0.0,0.0,0.002130309484815296,2.658378385079859,2.5606589544543668,1.6544310266018565
2021-06-04,2021,265.727627,406.776605,165.465057,366.011045,259.977959,253.722083,-0.0004145760484802752,0.00013269214291344866,0.0,0.15392060319460765,0,0,0,1.0,0.3822303445787806,0.3822303445787806,0.0,0.0,-0.0004145760484802752,2.6572762850736074,2.559597366583523,1.6546505566000789
2021-06-07,2021,265.499398,405.443314,165.487013,365.199964,261.27659,255.142353,-0.0008588832202983676,0.00013269266876081431,0.0,0.14550579390671362,0,0,0,1.0,0.3822303445787806,0.3822303445787806,0.0,0.0,-0.0008588832202983676,2.6549939950606607,2.557398971354645,1.6548701165983006
2021-06-08,2021,264.093176,403.387295,165.508971,360.545891,259.300673,253.032227,-0.005296516717525512,0.00013268714929326464,-0.007562548944779146,0.1499741594223547,0,0,0,1.0,0.3822303445787806,0.3822303445787806,0.0,0.0,-0.005296516717525512,2.640931774980892,2.5438536649494825,1.6550896965965227
2021-06-09,2021,264.57862,405.926524,165.530932,362.063019,259.54042,253.377148,0.0018381542732477385,0.00013268767165497408,-0.006644950471835331,0.14873593981922478,0,0,0,1.0,0.3822303445787806,0.3822303445787806,0.0,0.0,0.0018381542732477385,2.645786215008429,2.5485296604342262,1.6553093065947442
2021-06-10,2021,265.069134,404.128192,165.552897,363.596682,259.878064,253.620629,0.0018539442075857782,0.00013269423264050673,-0.0053526647756693135,0.10143588488448989,0,0,0,1.0,0.3822303445787806,0.3822303445787806,0.0,0.0,0.0018539442075857782,2.6506913550362543,2.5532544922360487,1.6555289565929654
2021-06-11,2021,265.23567,406.919484,165.574864,364.073416,258.609402,252.565574,0.0006282738298757362,0.00013268870794802545,-0.010208293058325713,0.1050501694501562,0,0,0,1.0,0.3822303445787806,0.3822303445787806,0.0,0.0,0.0006282738298757362,2.6523567150457015,2.5548586352145333,1.6557486265911863
2021-06-14,2021,265.368152,404.340828,165.596834,364.439045,260.141787,253.924977,0.0004994878705415484,0.0001326892226829468,-0.004343301479860728,0.10291004393964878,0,0,0,1.0,0.3822303445787806,0.3822303445787806,0.0,0.0,0.0004994878705415484,2.653681535053216,2.5561347561137713,1.655968326589407
2021-06-15,2021,265.569516,403.849643,165.618807,365.029378,259.908033,253.985843,0.0007588099720421404,0.00013268973487745583,-0.0052379625744503056,0.10192291009532804,0,0,0,1.0,0.3822303445787806,0.3822303445787806,0.0,0.0,0.0007588099720421404,2.6556951750646385,2.558074376656594,1.6561880565876275
2021-06-16,2021,263.60463,398.943368,165.640783,358.552713,258.245785,252.038039,-0.007398763343003711,0.00013269024453244072,-0.011599986818566443,0.10681141071734954,0,0,0,1.0,0.3822303445787806,0.3822303445787806,0.0,0.0,-0.007398763343003711,2.6360463149531785,2.53914778972991,1.6564078165858478
2021-06-17,2021,262.218225,394.947656,165.667512,353.948832,255.844316,249.745298,-0.005259410656026642,0.00016136726424420544,-0.020791277167234945,0.1133906946916552,0,0,0,1.0,0.3822303445787806,0.3822303445787806,0.0,0.0,-0.005259410656026642,2.622182264874534,2.525793368787378,1.6566751065836829
2021-06-18,2021,263.999859,401.66642,165.694246,359.680084,256.539584,250.110513,0.006794470521642726,0.00016137140998417898,-0.018130235089182767,0.11323190052329365,0,0,0,1.0,0.3822303445787806,0.3822303445787806,0.0,0.0,0.006794470521642726,2.6399986049755984,2.542954797375365,1.656942446581518
2021-06-21,2021,264.187721,401.385887,165.720984,360.211932,258.257772,252.058333,0.0007115988649069038,0.0001613695143041216,-0.011554108234495875,0.11360122492926299,0,0,0,1.0,0.3822303445787806,0.3822303445787806,0.0,0.0,0.0007115988649069038,2.641877224986255,2.5447643611226867,1.6572098265793527
2021-06-22,2021,263.798286,401.071761,165.747727,358.860445,257.262821,251.22645,-0.0014740844068221737,0.000161373649579577,-0.015362145533206917,0.11053876596397058,0,0,0,1.0,0.3822303445787806,0.3822303445787806,0.0,0.0,-0.0014740844068221737,2.6379828749641643,2.541013163658919,1.657477256577187
2021-06-23,2021,262.987638,400.829992,165.774473,356.134813,256.585535,250.658342,-0.0030729843331885887,0.00016136571212221895,-0.017954363994110656,0.1051553257434514,0,0,0,1.0,0.3822303445787806,0.3822303445787806,0.0,0.0,-0.0030729843331885887,2.62987639491818,2.533204670016569,1.657744716575021
2021-06-24,2021,263.891259,403.008879,165.801224,359.001656,258.755248,252.667013,0.0034359827970316115,0.00016136983888936918,-0.009650087671459584,0.10539910823745108,0,0,0,1.0,0.3822303445787806,0.3822303445787806,0.0,0.0,0.0034359827970316115,2.638912604969438,2.5419087176841058,1.6580122265728543
2021-06-25,2021,262.919516,398.861075,165.82798,355.750454,254.244003,248.548216,-0.003682361453283267,0.0001613739594588104,-0.02691625376770268,0.12623762447806047,0,0,0,1.0,0.3822303445787806,0.3822303445787806,0.0,0.0,-0.003682361453283267,2.629195174914315,2.532548491004341,1.6582797865706875
2021-06-28,2021,263.91418,401.080447,165.854739,358.914282,254.589639,248.446762,0.00378315012568331,0.00016136601314209464,-0.025593379797248517,0.1222728127905574,0,0,0,1.0,0.3822303445787806,0.3822303445787806,0.0,0.0,0.00378315012568331,2.6391418149707384,2.5421295021463832,1.6585473765685206
2021-06-29,2021,263.05603,404.631803,165.881503,356.033631,254.385854,248.162708,-0.0032516252063453654,0.00016137012521544314,-0.026373338690618975,0.12122953437233264,0,0,0,1.0,0.3822303445787806,0.3822303445787806,0.0,0.0,-0.0032516252063453654,2.6305603149220596,2.53386344977941,1.658815016566353
2021-06-30,2021,262.785119,403.379945,165.908272,355.068726,253.336959,247.148226,-0.0010298604445601045,0.000161374231097966,-0.030387839186051813,0.10675397273201852,0,0,0,1.0,0.3822303445787806,0.3822303445787806,0.0,0.0,-0.0010298604445601045,2.6278512049066918,2.5312539240405654,1.6590827065641853
2021-07-01,2021,262.585477,405.148612,165.935044,354.33631,251.067352,244.956955,-0.0007597157737078142,0.00016136627593832387,-0.03907444597313525,0.10244022484199998,0,0,0,1.0,0.3822303445787806,0.3822303445787806,0.0,0.0,-0.0007597157737078142,2.6258547848953673,2.529330890507212,1.6593504265620174
2021-07-02,2021,263.912939,412.040327,165.961821,358.585778,254.975233,249.116324,0.005055351937837571,0.00016137037333696647,-0.024117572110076924,0.11775463725657784,0,0,0,1.0,0.3822303445787806,0.3822303445787806,0.0,0.0,0.005055351937837571,2.639129404970668,2.5421175483259697,1.6596181965598484
2021-07-05,2021,266.229479,418.74179,165.988603,366.061919,253.572711,247.472867,0.00877766739583774,0.000161374464552555,-0.02948553102289031,0.11662072296888154,0,0,0,1.0,0.3822303445787806,0.3822303445787806,0.0,0.0,0.00877766739583774,2.662294805102076,2.5644314106462973,1.6598860165576799
2021-07-06,2021,265.160368,416.781293,166.015388,362.492981,249.926554,244.084499,-0.004015749886210118,0.00016136650056619573,-0.04344069248607385,0.12364291182029664,0,0,0,1.0,0.3822303445787806,0.3822303445787806,0.0,0.0,-0.004015749886210118,2.6516036950414295,2.554133295500801,1.6601538665555104
2021-07-07,2021,265.932022,421.924454,166.042178,364.929187,253.770502,248.101842,0.0029101407794094314,0.00016137058331011644,-0.028728513335236072,0.13772929091210123,0,0,0,1.0,0.3822303445787806,0.3822303445787806,0.0,0.0,0.0029101407794094314,2.659320235085202,2.5615661829600853,1.660421766553341
2021-07-08,2021,265.891297,419.3142,166.068972,364.715146,250.591853,244.814928,-0.00015314063982863058,0.00016136863731097684,-0.04089435260924068,0.1431854787452304,0,0,0,1.0,0.3822303445787806,0.3822303445787806,0.0,0.0,-0.00015314063982863058,2.658912985082892,2.5611739030758636,1.6606897065511712
2021-07-12,2021,266.735778,423.115568,166.122574,367.307698,254.919292,249.116324,0.003176038514716595,0.0003227695056724489,-0.024331678548009217,0.15767437025457384,0,0,0,1.0,0.3822303445787806,0.3822303445787806,0.0,0.0,0.003176038514716595,2.6673577951307954,2.5693082900349196,1.66122572654683
2021-07-13,2021,266.398482,424.330142,166.149381,366.126106,256.066083,250.211967,-0.0012645322743317644,0.00016136879747619126,-0.01994249465671616,0.15696232259522003,0,0,0,1.0,0.3822303445787806,0.3822303445787806,0.0,0.0,-0.0012645322743317644,2.663984835111662,2.5660593167794623,1.6614937965446595
2021-07-14,2021,267.574519,423.347524,166.176192,369.881475,256.543579,250.516315,0.004414578458446394,0.00016136683650946892,-0.01811494477940012,0.1572322149249343,0,0,0,1.0,0.3822303445787806,0.3822303445787806,0.0,0.0,0.004414578458446394,2.675745205178374,2.5773873869624127,1.661761906542488
2021-07-15,2021,266.31232,423.457718,166.203008,365.682532,254.667557,249.156912,-0.004717186840948795,0.00016137089000101135,-0.025295159432385472,0.15771319702707962,0,0,0,1.0,0.3822303445787806,0.3822303445787806,0.0,0.0,-0.004717186840948795,2.6631232151067747,2.565229369096606,1.6620300665403165
2021-07-16,2021,265.523604,418.361883,166.229828,363.028224,251.654733,245.809117,-0.002961620401189191,0.00016136892059126495,-0.036826326461165126,0.15979641537815487,0,0,0,1.0,0.3822303445787806,0.3822303445787806,0.0,0.0,-0.002961620401189191,2.655236055062034,2.55763213346336,1.6622982665381443
2021-07-19,2021,264.30782,415.980894,166.256653,358.980676,248.528028,242.948269,-0.004578817030518989,0.000161372963701778,-0.048793357261743164,0.1643781892948625,0,0,0,1.0,0.3822303445787806,0.3822303445787806,0.0,0.0,-0.004578817030518989,2.643078214993068,2.5459212038928554,1.6625665165359718
2021-07-20,2021,266.177698,418.904016,166.283482,364.999519,250.53791,244.69318,0.007074622309699352,0.0001613709858576673,-0.041100811978600826,0.16537215074926792,0,0,0,1.0,0.3822303445787806,0.3822303445787806,0.0,0.0,0.007074622309699352,2.6617769950991383,2.5639326348406524,1.6628348065337992
2021-07-21,2021,265.950888,419.381575,166.310315,364.178289,251.592798,245.74825,-0.0008520999381398386,0.000161369004769929,-0.03706337410481364,0.16630212766376862,0,0,0,1.0,0.3822303445787806,0.3822303445787806,0.0,0.0,-0.0008520999381398386,2.6595088950862724,2.56174790800111,1.6631031365316264
2021-07-22,2021,266.238245,418.397826,166.337152,365.034423,252.028339,246.377224,0.0010804889660680495,0.00016136702044011741,-0.03539640118542575,0.16647665415468452,0,0,0,1.0,0.3822303445787806,0.3822303445787806,0.0,0.0,0.0010804889660680495,2.662382465102573,2.564515848349553,1.6633715065294532
2021-07-23,2021,266.288049,419.064813,166.363994,365.115569,249.842643,243.881591,0.0001870655359825779,0.00016137104475610897,-0.043761850229291466,0.1648813265640597,0,0,0,1.0,0.3822303445787806,0.3822303445787806,0.0,0.0,0.0001870655359825779,2.662880505105398,2.56499558088126,1.6636399265272794
2021-07-26,2021,265.694227,417.767793,166.39084,363.096991,251.74264,245.910556,-0.0022299986883751455,0.00016136905200769824,-0.03648987458080344,0.15695442830845857,0,0,0,1.0,0.3822303445787806,0.3822303445787806,0.0,0.0,-0.0022299986883751455,2.6569422850717133,2.559275644100207,1.6639083865251052
2021-07-27,2021,264.363528,415.160922,166.417691,358.674471,248.961571,242.988856,-0.005008385071159416,0.00016137306596930578,-0.047134031410927424,0.1611811719005908,0,0,0,1.0,0.3822303445787806,0.3822303445787806,0.0,0.0,-0.005008385071159416,2.643635294996228,2.5464578061713135,1.6641768965229309
2021-07-28,2021,264.521336,418.469467,166.444546,359.107922,252.306046,246.417797,0.0005969355954427158,0.0001613710648107336,-0.03433351606433621,0.16921397488720896,0,0,0,1.0,0.3822303445787806,0.3822303445787806,0.0,0.0,0.0005969355954427158,2.64521337500518,2.54797787747811,1.664445446520756
2021-07-29,2021,265.901323,422.292998,166.471405,363.528495,251.085333,244.956955,0.005216921329930013,0.00016136906041963606,-0.03900562618334846,0.1694439420654053,0,0,0,1.0,0.3822303445787806,0.3822303445787806,0.0,0.0,0.005216921329930013,2.6590132450834605,2.5612704776153157,1.6647140365185809
2021-07-30,2021,263.461218,418.401679,166.498268,355.486706,243.345491,237.612096,-0.009176731324499698,0.00016136705279801156,-0.06862880061317389,0.19926104467696876,0,0,0,1.0,0.3822303445787806,0.3822303445787806,0.0,0.0,-0.009176731324499698,2.6346121949450434,2.537766386592867,1.6649826665164054
2021-08-02,2021,264.885123,422.956717,166.525136,360.050526,244.773986,238.606285,0.005404609493606882,0.00016137104801594582,-0.06316143363628557,0.19106111092931172,0,0,0,1.0,0.3822303445787806,0.3822303445787806,0.0,0.0,0.005404609493606882,2.6488512450258157,2.551482022898403,1.6652513465142296
2021-08-03,2021,265.356126,423.18002,166.552008,361.505664,246.893751,240.899025,0.0017781406319297144,0.00016136903200014707,-0.05504832637321233,0.1941774527217179,0,0,0,1.0,0.3822303445787806,0.3822303445787806,0.0,0.0,0.0017781406319297144,2.653561275052534,2.556018916754957,1.6655200665120535
2021-08-04,2021,263.800369,420.464548,166.578885,356.348856,243.345491,237.307748,-0.005862902143815685,0.00016137301688989858,-0.06862880061317389,0.19417070730204908,0,0,0,1.0,0.3822303445787806,0.3822303445787806,0.0,0.0,-0.005862902143815685,2.638003704964282,2.5410332279682812,1.6657888365098772
2021-08-05,2021,262.265404,417.870237,166.612084,351.240723,243.009845,237.246882,-0.005818661307482875,0.00019929896877379782,-0.06991343924076776,0.18396402553620478,0,0,0,1.0,0.3822303445787806,0.3822303445787806,0.0,0.0,-0.005818661307482875,2.6226540548772097,2.5262478162436737,1.6661208265071885
2021-08-06,2021,262.874006,419.320312,166.64529,353.125562,245.361366,239.904821,0.00232055768972117,0.00019930127036871248,-0.060913317951677204,0.18415652206707217,0,0,0,1.0,0.3822303445787806,0.3822303445787806,0.0,0.0,0.00232055768972117,2.6287400749117333,2.5321101200397993,1.6664528865044992
2021-08-09,2021,265.507971,422.432595,166.678502,361.617758,245.778926,239.701928,0.010019876214006462,0.00019929756190539827,-0.059315164822075994,0.17154403714454916,0,0,0,1.0,0.3822303445787806,0.3822303445787806,0.0,0.0,0.010019876214006462,2.655079725061147,2.557481550002831,1.6667850065018097
2021-08-10,2021,264.881644,422.177031,166.711721,359.47383,244.146647,238.545418,-0.002358976258381329,0.00019929984731925643,-0.06556248686497324,0.17070192581608276,0,0,0,1.0,0.3822303445787806,0.3822303445787806,0.0,0.0,-0.002358976258381329,2.648816455025618,2.551448511745126,1.6671171964991196
2021-08-11,2021,263.716663,418.703331,166.744947,355.572618,243.854954,237.916444,-0.004398119033118042,0.0001993021234540926,-0.06667890146606703,0.17005014853054204,0,0,0,1.0,0.3822303445787806,0.3822303445787806,0.0,0.0,-0.004398119033118042,2.637166644959534,2.540226937483599,1.6674494564964286
2021-08-12,2021,262.584658,416.209371,166.778179,351.778967,241.147808,235.096184,-0.004292504641619788,0.00019929839313204134,-0.07704012824111028,0.17199944900615846,0,0,0,1.0,0.3822303445787806,0.3822303445787806,0.0,0.0,-0.004292504641619788,2.6258465948953202,2.5293230015636827,1.6677817764937373
2021-08-13,2021,261.612818,412.782278,166.811418,348.507804,242.13277,236.496159,-0.003701054004457416,0.00019930065311490885,-0.073270322457898,0.17002044968880647,0,0,0,1.0,0.3822303445787806,0.3822303445787806,0.0,0.0,-0.003701054004457416,2.616128194840192,2.519961840540179,1.6681141664910457
2021-08-16,2021,259.606354,405.654249,166.844664,341.861352,238.109011,232.580256,-0.007669593620600046,0.00019930290383363136,-0.08867070333396498,0.17407574453091096,0,0,0,1.0,0.3822303445787806,0.3822303445787806,0.0,0.0,-0.007669593620600046,2.596063554726374,2.500634757283817,1.6684466264883533
2021-08-17,2021,257.967915,402.874486,166.877916,336.415493,235.559698,229.983183,-0.006311243830341762,0.0001992991516948095,-0.09842784613807154,0.17228865285867287,0,0,0,1.0,0.3822303445787806,0.3822303445787806,0.0,0.0,-0.006311243830341762,2.5796791646334323,2.484852641599971,1.6687791464856605
2021-08-18,2021,258.386032,401.68049,166.911174,337.67875,233.040354,227.365816,0.0016208100918286839,0.0001992953938854125,-0.10807028674095909,0.1721147653803979,1,0,0,1.0,0.3822303445787806,0.3822303445787806,0.0,0.0,0.0016208100918286839,2.5838603346571505,2.4888801158381835,1.6691117264829671
2021-08-19,2021,261.022362,403.847819,166.94444,346.178499,234.083255,228.968701,0.010203067014086908,0.00019930361283071463,-0.10407872745124236,0.17354692547090672,1,1,1,0.85,0.3822303445787806,0.32489579289196346,0.057334551686817115,5.733455168681712e-05,0.008645167952211662,2.6102236348066983,2.510396902452525,1.6694443864802733
2021-08-20,2021,262.745895,405.439964,166.977712,351.700397,235.857385,230.591879,0.00660300897897792,0.00019929983891642244,-0.09728849033126163,0.17683960847945177,0,1,1,0.85,0.3822303445787806,0.32489579289196346,0.0,0.0,0.005642452607968695,2.6274589649044673,2.5245616980018046,1.6697771064775788
2021-08-23,2021,262.859148,404.824226,167.010991,351.969032,234.696608,229.374503,0.0004310362298904913,0.0001993020481678709,-0.10173120370255906,0.1725876421986067,1,0,1,0.85,0.3822303445787806,0.32489579289196346,0.0,0.0,0.0003962761026320982,2.6285914949108915,2.525562121472343,1.6701098964748837
2021-08-24,2021,264.159807,407.292627,167.044276,356.111337,240.16884,234.609221,0.0049481214935689355,0.00019929826055586908,-0.08078699281860657,0.19425132753641536,0,1,1,0.85,0.3822303445787806,0.32489579289196346,0.0,0.0,0.004235798008616975,2.6415980849846727,2.5362598924771143,1.6704427464721883
2021-08-25,2021,265.107146,408.559762,167.077568,359.100984,241.381562,235.643998,0.0035862344493611253,0.00019930045373128813,-0.07614546714652082,0.1877445242169477,0,0,1,0.85,0.3822303445787806,0.32489579289196346,0.0,0.0,0.0030781943500166496,2.6510714750384112,2.544066993348311,1.6707756664694924
2021-08-26,2021,263.497489,406.074059,167.110866,353.74888,237.197971,231.444041,-0.006071722412190339,0.00019929665243845207,-0.0921575828894583,0.19521179012635786,0,0,1,0.85,0.3822303445787806,0.32489579289196346,0.0,0.0,-0.0051310695524960205,2.634974904947102,2.5310132086592314,1.6711086464667955
2021-08-27,2021,263.911882,408.001482,167.144172,354.999847,241.101856,235.725158,0.0015726639429189948,0.00019930481360797003,-0.07721600316354404,0.17631646010346422,0,0,1,0.85,0.3822303445787806,0.32489579289196346,0.0,0.0,0.001366660073522341,2.6391188349706085,2.5344722433570634,1.6714417064640983
2021-08-30,2021,262.913091,405.365099,167.177483,351.64054,239.227832,233.4933,-0.0037845624548271672,0.0001992950134090954,-0.08438857074795714,0.17652742806909685,0,0,1,0.85,0.3822303445787806,0.32489579289196346,0.0,0.0,-0.0031869838345917278,2.6291309249139516,2.5263949212882633,1.6717748164614006
2021-08-31,2021,260.816853,398.320567,167.210802,344.700997,237.311851,231.464334,-0.007973121429697194,0.00019930315615535044,-0.09172172294502168,0.17422183011636674,0,0,1,0.85,0.3822303445787806,0.32489579289196346,0.0,0.0,-0.006747257741819312,2.6081685447950407,2.5093486835967083,1.6721080064587024
2021-09-01,2021,263.053939,398.361859,167.244127,351.898105,238.540556,232.925192,0.008577229478342163,0.00019929932517159799,-0.08701902455172117,0.16944511319179129,0,0,1,0.85,0.3822303445787806,0.32489579289196346,0.0,0.0,0.007320539955366578,2.6305394049219415,2.5277184708969247,1.6724412564560036
2021-09-02,2021,260.763924,394.504175,167.277459,344.326357,233.108282,227.548431,-0.008705495947734287,0.00019930146784763458,-0.10781030171895611,0.1863500108124373,1,0,1,0.85,0.3822303445787806,0.32489579289196346,0.0,0.0,-0.007369776335396999,2.607639254792038,2.5090897511275627,1.6727745764533042
2021-09-03,2021,260.370195,394.68649,167.310797,342.940873,233.619743,227.426683,-0.0015099059484928734,0.00019929762323811495,-0.10585275550327722,0.18196621226458073,1,1,1,0.85,0.3822303445787806,0.32489579289196346,0.0,0.0,-0.0012535254127332251,2.6037019647697037,2.5059445433616956,1.6731079564506044
2021-09-06,2021,261.953237,396.073257,167.344142,348.004223,235.489772,230.246959,0.006079966257274583,0.00019929974991383936,-0.09869547822864655,0.18519111675057875,0,1,1,0.85,0.3822303445787806,0.32489579289196346,0.0,0.0,0.005197866281170471,2.619532384859503,2.5189701080061186,1.673441406447904
2021-09-08,2021,259.35506,393.357506,167.377494,339.427092,226.587156,221.319509,-0.009918476403481202,0.00019930186740579892,-0.1327690092709799,0.2242991431478242,1,0,1,0.85,0.3822303445787806,0.32489579289196346,0.0,0.0,-0.008400809662848152,2.593550614712119,2.497808719582355,1.6737749264452033
2021-09-09,2021,261.293176,399.942272,167.410852,345.648767,230.479054,226.249895,0.007472828947312715,0.00019929800119955488,-0.11787330812913632,0.2361121778395052,1,1,1,0.85,0.3822303445787806,0.32489579289196346,0.0,0.0,0.006381799305395741,2.6129317748220604,2.5137492335339973,1.6741085064425019
2021-09-10,2021,262.499887,399.758993,167.444217,349.484344,228.331318,222.942672,0.004618226233355616,0.000199300102719846,-0.12609347052485642,0.23535546617406194,1,1,1,0.85,0.3822303445787806,0.32489579289196346,0.0,0.0,0.00395538731376025,2.624998884890512,2.5236920853622924,1.6744421564398
2021-09-13,2021,261.605669,400.13103,167.477589,346.466006,232.562857,227.487565,-0.0034065462283419112,0.0001993021950705831,-0.10989784044563655,0.24615555532165803,1,1,1,0.85,0.3822303445787806,0.32489579289196346,0.0,0.0,-0.002865668964830037,2.6160567048397865,2.5164600192764826,1.6747758764370972
2021-09-14,2021,263.001256,404.019738,167.510967,350.91772,232.117327,226.635388,0.005334697085635609,0.0001992983073095811,-0.11160304488052297,0.23994983801265113,1,1,1,0.85,0.3822303445787806,0.32489579289196346,0.0,0.0,0.004564387268886705,2.6300125749189527,2.5279461173511306,1.6751096564343941
2021-09-15,2021,264.24232,409.025974,167.544352,354.865306,229.883681,224.56585,0.004718851989056638,0.00019930038371751557,-0.12015201591539448,0.2394085296128472,1,1,1,0.85,0.3822303445787806,0.32489579289196346,0.0,0.0,0.00404091924825577,2.642423214989353,2.5381613434752883,1.6754435064316904
2021-09-16,2021,264.209405,405.420749,167.577744,354.656752,227.348354,222.049938,-0.00012456369592883654,0.00019930245097121713,-0.12985562923949667,0.23958853386525839,1,1,1,0.85,0.3822303445787806,0.32489579289196346,0.0,0.0,-7.598377389382848e-05,2.642094064987486,2.5379684843976595,1.675777426428986
2021-09-17,2021,262.475969,399.009551,167.611142,348.900539,222.643313,217.383312,-0.006560841390184313,0.00019929854169653538,-0.14786352271361158,0.24828433355942423,1,1,1,0.85,0.3822303445787806,0.32489579289196346,0.0,0.0,-0.005546820400402185,2.6247597048891556,2.523890829032825,1.6761114064262812
2021-09-20,2021,259.941446,394.529707,167.644547,340.530908,217.458778,212.57466,-0.009656209708097219,0.00019930059303563397,-0.16770661313361446,0.25591108312531546,1,1,1,0.85,0.3822303445787806,0.32489579289196346,0.0,0.0,-0.00817788316292729,2.5994144747453825,2.5032507447170107,1.6764454564235758
2021-09-21,2021,261.67929,397.046103,167.677958,346.099069,220.267817,214.603625,0.006685521015375118,0.0001992966702339949,-0.15695540499820515,0.2627362784188239,1,1,1,0.85,0.3822303445787806,0.32489579289196346,0.0,0.0,0.005712587363603949,2.616792914843963,2.517550783289213,1.67677956642087
2021-09-22,2021,263.929937,403.351083,167.711377,353.340138,224.327538,219.107929,0.008600783806773649,0.0001993046694903633,-0.14141738454256458,0.2567411124274052,1,1,1,0.85,0.3822303445787806,0.32489579289196346,0.0,0.0,0.007340561936181156,2.639299384971633,2.536031020741429,1.6771137564181637
2021-09-23,2021,265.877249,406.108435,167.751102,359.572516,227.887785,222.374564,0.007378139903848835,0.00023686526645128048,-0.12779103171853246,0.2641641200884775,1,1,1,0.85,0.3822303445787806,0.32489579289196346,0.0,0.0,0.006306948708239201,2.658772505082096,2.552025638311749,1.6775110064149468
2021-09-24,2021,266.060534,404.467471,167.790838,360.050055,226.32743,221.218055,0.0006893594720471796,0.00023687474792266627,-0.13376307460228265,0.25905487320289416,1,1,1,0.85,0.3822303445787806,0.32489579289196346,0.0,0.0,0.0006214867634285026,2.660605355092493,2.5536116884658897,1.677908366411729
2021-09-27,2021,267.300989,402.094294,167.830582,363.976387,226.926798,220.934001,0.004662303654551003,0.0002368663299718854,-0.13146907650624196,0.2503430580083202,1,1,1,0.85,0.3822303445787806,0.32489579289196346,0.0,0.0,0.003998488055864136,2.673009905162859,2.5638222743015358,1.67830580640851
2021-09-28,2021,265.88904,397.293269,167.870336,359.249707,220.016083,214.725373,-0.005282243830381006,0.0002368698214967324,-0.15791888205521964,0.26847952879269804,1,1,1,0.85,0.3822303445787806,0.32489579289196346,0.0,0.0,-0.004454376782599345,2.658890415082765,2.552402043888176,1.6787033464052907
2021-09-29,2021,268.273412,397.742176,167.9101,366.907802,221.980013,216.754338,0.008967545258729004,0.00023687329725707862,-0.15040221169451107,0.2718677017994076,1,1,1,0.85,0.3822303445787806,0.32489579289196346,0.0,0.0,0.007657944464508215,2.6827341352180203,2.571948196991369,1.6791009864020703
2021-09-30,2021,267.971854,398.307727,167.949872,365.803514,221.724282,216.064482,-0.0011240696487656576,0.000236864846129059,-0.1513809867160315,0.27020613965284607,1,1,1,0.85,0.3822303445787806,0.32489579289196346,0.0,0.0,-0.00091992947453145,2.679718555200914,2.5695821860379886,1.6794987063988496
2021-10-01,2021,269.057209,401.136542,167.989655,369.223747,225.562237,220.122412,0.004050257457262729,0.000236874250193031,-0.13669174494354808,0.26976524092857307,1,1,1,0.85,0.3822303445787806,0.32489579289196346,0.0,0.0,0.0034782499762022745,2.690572105262482,2.578519835215425,1.679896536395628
2021-10-04,2021,267.199215,395.058581,168.029446,363.041816,220.553516,215.435508,-0.00690557226437305,0.00023686577605031012,-0.15586193160282746,0.27906977427173757,1,1,1,0.85,0.3822303445787806,0.32489579289196346,0.0,0.0,-0.005834206558309546,2.6719921651570853,2.5634762178820796,1.6802944463924054
2021-10-05,2021,266.649849,390.204266,168.069248,361.129013,220.683379,215.313775,-0.0020560165193598268,0.00023687514865677883,-0.1553648989371761,0.2765177618298742,1,1,1,0.85,0.3822303445787806,0.32489579289196346,0.0,0.0,-0.0017120827691573359,2.6664985051259222,2.559087334420299,1.6806924663891818
2021-10-06,2021,266.682529,391.846099,168.109058,361.115001,220.887165,215.821016,0.0001225577292562896,0.00023686665153643816,-0.15458493621644398,0.2443443592026461,1,1,1,0.85,0.3822303445787806,0.32489579289196346,0.0,0.0,0.0001397040675983119,2.6668253051277757,2.559444849330257,1.6810905663859579
2021-10-07,2021,267.320404,394.162936,168.148878,363.075298,220.937112,215.922455,0.002391888971474465,0.00023687004420658297,-0.1543937709842278,0.2346908954810232,1,1,1,0.85,0.3822303445787806,0.32489579289196346,0.0,0.0,0.002068636132384283,2.6732040551639598,2.5647394094244262,1.681488766382733
2021-10-08,2021,268.509028,396.630524,168.188708,366.832285,225.428378,219.919519,0.004446439486901266,0.00023687342118328125,-0.13720407174634353,0.24577401768171622,1,1,1,0.85,0.3822303445787806,0.32489579289196346,0.0,0.0,0.003815004577043568,2.6850902952313853,2.5745239020103043,1.6818870663795074
2021-10-11,2021,270.14438,399.383528,168.228546,372.046608,224.123753,218.620982,0.006090491676130849,0.0002368648910722193,-0.14219734343593504,0.2357175735722954,1,1,1,0.85,0.3822303445787806,0.32489579289196346,0.0,0.0,0.005212447658372054,2.701443815324152,2.5879434730947612,1.682285446376281
2021-10-13,2021,272.256634,402.78504,168.268395,378.816709,226.673066,221.644136,0.007818981834824879,0.00023687418661988424,-0.1324402006318285,0.24026406257421704,1,1,1,0.85,0.3822303445787806,0.32489579289196346,0.0,0.0,0.006681665687594129,2.7225663554439716,2.6052352462003716,1.682683936373054
2021-10-14,2021,274.954435,406.139027,168.308252,387.497025,226.131636,221.096322,0.009909036780348934,0.00023686563362068647,-0.1345124490487265,0.23821466968322025,1,1,1,0.85,0.3822303445787806,0.32489579289196346,0.0,0.0,0.008458211108339697,2.7495443655970067,2.627270875899622,1.6830825063698263
2021-10-15,2021,273.909452,404.799617,168.34812,383.967161,229.054555,223.632528,-0.0038005679013688454,0.00023687489785095828,-0.12332538096888057,0.23963038347845442,1,1,1,0.85,0.3822303445787806,0.32489579289196346,0.0,0.0,-0.0031949514814858747,2.739094535537729,2.6188768729224017,1.6834811863665973
2021-10-18,2021,274.431853,407.325327,168.387996,385.550576,228.615019,223.084699,0.0019072032607330147,0.00023686632199981794,-0.12500764419805088,0.22653207312101942,1,1,1,0.85,0.3822303445787806,0.32489579289196346,0.0,0.0,0.0016566527199230352,2.7443185455673627,2.6232154424170724,1.6838799463633678
2021-10-19,2021,272.91903,405.406947,168.427882,380.494415,221.112927,216.693472,-0.005512563441387286,0.00023686961628799352,-0.15372086339614266,0.24229396368249054,1,1,1,0.85,0.3822303445787806,0.32489579289196346,0.0,0.0,-0.004650148482735994,2.7291903154815467,2.611017101107627,1.684278806360138
2021-10-20,2021,271.94764,405.965215,168.467778,377.20455,221.338689,216.551445,-0.003559260781485385,0.00023687289495222252,-0.15285679057584156,0.2381416454361682,1,1,1,0.85,0.3822303445787806,0.32489579289196346,0.0,0.0,-0.0029898407300197436,2.7194764154264437,2.6032105758319575,1.6846777663569072
2021-10-21,2021,270.46305,402.660378,168.507683,372.240438,215.243114,210.302229,-0.0054591023477901235,0.00023687022215002074,-0.17618676055133764,0.24756988964934573,1,1,1,0.85,0.3822303445787806,0.32489579289196346,0.0,0.0,-0.004604706462299102,2.704630515342229,2.5912235552706986,1.6850768163536753
2021-10-22,2021,268.024653,397.443269,168.547597,364.164676,212.368144,207.623995,-0.009015638180520424,0.00023686753796270388,-0.18719031046753942,0.24132830200199046,1,1,1,0.85,0.3822303445787806,0.32489579289196346,0.0,0.0,-0.007627762322747955,2.680246545203909,2.5714583178659876,1.6854759563504431
2021-10-25,2021,269.684869,400.811602,168.587521,369.459856,217.20105,212.1283,0.006194266017760741,0.00023687077544054524,-0.16869303139634506,0.2580363688104311,1,1,1,0.85,0.3822303445787806,0.32489579289196346,0.0,0.0,0.005300656731412712,2.6968487052980863,2.585088735708131,1.6858751963472103
2021-10-26,2021,267.846026,396.234946,168.627454,363.339972,212.615883,207.461674,-0.006818487840339338,0.00023686806569744867,-0.18624212372030724,0.2661016311945125,1,1,1,0.85,0.3822303445787806,0.32489579289196346,0.0,0.0,-0.005760184454433819,2.6784602751937765,2.570198147759373,1.6862745263439765
2021-10-27,2021,269.64921,395.634473,168.667397,369.101504,212.502003,207.766022,0.0067321663379840135,0.0002368712748281876,-0.18667798366474397,0.24575150807260662,1,1,1,0.85,0.3822303445787806,0.32489579289196346,0.0,0.0,0.00575787207851064,2.6964921152960635,2.5849970199105967,1.6866739563407418
2021-10-28,2021,268.105105,392.158492,168.716743,363.914631,211.187389,204.134173,-0.0057263472049482456,0.00029256395057797313,-0.19170948686983402,0.24298792759978297,1,1,1,0.85,0.3822303445787806,0.32489579289196346,0.0,0.0,-0.004823510531619312,2.681051065208473,2.5725282595608534,1.6871674163367458
2021-10-29,2021,267.914802,385.758214,168.766102,363.144244,206.784031,202.247235,-0.0007098074465980986,0.00029255543416928376,-0.20856273039999484,0.25157935890780897,2,1,1,0.85,0.3822303445787806,0.32489579289196346,0.0,0.0,-0.0005594530144829912,2.679148035197678,2.5710890508711994,1.6876610063327484
2021-11-01,2021,267.341995,386.637148,168.815477,361.125962,210.879713,205.980523,-0.0021380192349357285,0.0002925646762879097,-0.19288707419214246,0.2544404314326017,1,2,2,0.6,0.3822303445787806,0.22933820674726835,0.09555758614469512,9.555758614469511e-05,-0.0012613432565909684,2.673419965165185,2.5678460250347883,1.6881547563287498
2021-11-03,2021,270.131189,390.714557,168.864865,370.07555,211.011574,206.954433,0.010433055981347028,0.00029255611439005236,-0.19238239445791916,0.244581429452354,1,1,2,0.6,0.3822303445787806,0.22933820674726835,0.0,0.0,0.006376856034564238,2.7013119053234043,2.5842208094553634,1.6886486363247504
2021-11-04,2021,269.059949,390.253124,168.914268,366.431135,206.606218,202.186368,-0.003965628715312808,0.0002925593787670433,-0.20924328505665202,0.25317490135974724,2,1,2,0.6,0.3822303445787806,0.22933820674726835,0.0,0.0,-0.0022623534776808675,2.6905995052626372,2.578374388519997,1.6891426663207494
2021-11-05,2021,270.9972,395.799574,168.963686,372.601329,209.427244,204.53996,0.007200071980984379,0.00029256261525523186,-0.19844619833717214,0.2598491844942865,1,2,2,0.6,0.3822303445787806,0.22933820674726835,0.0,0.0,0.00443706823469272,2.709972015372529,2.5898148116164443,1.6896368463167475
2021-11-08,2021,272.509504,396.760667,169.013118,377.385166,209.341335,204.580548,0.005580515223035487,0.00029255990544618804,-0.1987750031489618,0.2597693947641546,1,1,2,0.6,0.3822303445787806,0.22933820674726835,0.0,0.0,0.0034653330959997673,2.7250950554583158,2.598789382595649,1.6901311663127443
2021-11-09,2021,273.690916,396.246238,169.062564,381.089484,210.847747,205.716763,0.004335305677999557,0.00029255717298837247,-0.19300941963457197,0.2483515219781244,1,1,2,0.6,0.3822303445787806,0.22933820674726835,0.0,0.0,0.002718206275995083,2.7369091755253327,2.60585342820541,1.6906256263087402
2021-11-10,2021,273.800298,396.191563,169.112025,381.296458,211.712835,206.995006,0.000399655208140004,0.0002925603328716164,-0.1896984150015123,0.2494747332472027,1,1,2,0.6,0.3822303445787806,0.22933820674726835,0.0,0.0,0.00035681725803264895,2.7380029955315375,2.606783241680497,1.6911202363047344
2021-11-11,2021,274.135685,395.984927,169.161501,382.240688,215.223135,210.099335,0.001224932925383504,0.0002925634649575404,-0.17626322740969635,0.2540203906306357,1,1,2,0.6,0.3822303445787806,0.22933820674726835,0.0,0.0,0.0008519851412131185,2.741356865550563,2.6090041822687726,1.6916149963007274
2021-11-12,2021,272.799146,390.512844,169.210991,377.730523,212.400111,207.218193,-0.004875465228104114,0.00029256065775884466,-0.18706796119774827,0.2568160780433348,1,1,2,0.6,0.3822303445787806,0.22933820674726835,0.0,0.0,-0.0028082548737589307,2.7279914754747465,2.601677433558259,1.6921098962967198
2021-11-16,2021,269.994288,385.859635,169.260495,368.430191,208.79591,203.626932,-0.010281769723722078,0.00029255782799575414,-0.20086254187564223,0.25413391477634417,2,1,2,0.6,0.3822303445787806,0.22933820674726835,0.0,0.0,-0.006052038703034945,2.699942895315638,2.585931981037552,1.6926049362927105
2021-11-17,2021,267.491953,383.576551,169.310014,360.116742,205.673201,201.374779,-0.009268103479285306,0.000292560883743187,-0.21281427853907608,0.25658125113959523,2,2,2,0.6,0.3822303445787806,0.22933820674726835,0.0,0.0,-0.005443837734073908,2.6749195451736916,2.5718545869414315,1.6931001262887004
2021-11-18,2021,267.992821,381.994095,169.359547,361.600646,204.832088,200.157403,0.0018724600661164104,0.00029255800545846533,-0.21603352217663285,0.2348395028694825,2,2,2,0.6,0.3822303445787806,0.22933820674726835,0.0,0.0,0.0012404992418532323,2.6799282252021035,2.5750449706066894,1.6935954562846889
2021-11-19,2021,268.499321,385.003445,169.409095,363.102882,205.853012,201.415352,0.0018899760005139932,0.0002925610092709974,-0.212126076813847,0.23631577753755684,2,2,2,0.6,0.3822303445787806,0.22933820674726835,0.0,0.0,0.0012510100040167948,2.6849932252308357,2.5782663776257118,1.6940909362806762
2021-11-22,2021,265.678543,381.457588,169.458657,353.750438,204.028935,199.32552,-0.010505717442764073,0.000292558082551464,-0.219107479166044,0.219857646942371,2,2,2,0.6,0.3822303445787806,0.22933820674726835,0.0,0.0,-0.006186407232637858,2.656785445070825,2.562316171859501,1.6945865562766622
2021-11-23,2021,268.020472,383.236528,169.508234,361.240336,207.107689,202.896503,0.008814897031409918,0.00029256103451835713,-0.2073239741838333,0.22450361284469447,2,2,2,0.6,0.3822303445787806,0.22933820674726835,0.0,0.0,0.005405962632653294,2.680204735203673,2.5761679573376166,1.6950823262726473
2021-11-24,2021,267.709973,384.298578,169.557825,360.077132,208.807897,204.235627,-0.0011584898634160457,0.0002925580594510535,-0.20081666329157155,0.20937886122587318,2,2,2,0.6,0.3822303445787806,0.22933820674726835,0.0,0.0,-0.000578070694269206,2.6770997451860596,2.574678750137964,1.6955782362686314
2021-11-25,2021,268.930884,389.341072,169.607431,363.909823,211.399166,206.934139,0.004560573468064266,0.0002925609596606815,-0.1908989397021753,0.2022449498308709,1,2,2,0.6,0.3822303445787806,0.22933820674726835,0.0,0.0,0.0028533684647028324,2.689308855255317,2.5820252572903484,1.6960742962646138
2021-11-26,2021,266.127324,383.854695,169.657052,354.613376,204.23272,199.629868,-0.010424834657517423,0.00029256383230058525,-0.21832752027267344,0.23498432919492515,2,1,2,0.6,0.3822303445787806,0.22933820674726835,0.0,0.0,-0.00613787526159022,2.6612732550962828,2.5661771083388247,1.6965705062605956
2021-11-29,2021,266.767689,384.268042,169.706687,356.552059,205.411477,200.887832,0.002406235445406635,0.0002925607831496535,-0.21381599093895098,0.23590825798000786,2,2,2,0.6,0.3822303445787806,0.22933820674726835,0.0,0.0,0.0015607655805038422,2.667676905132608,2.570182309242997,1.6970668562565758
2021-11-30,2021,265.190802,382.237696,169.756336,351.257318,203.615371,199.548708,-0.00591108693077147,0.0002925577116477118,-0.22069033815850092,0.22630635993489673,2,2,2,0.6,0.3822303445787806,0.22933820674726835,0.0,0.0,-0.003429629073803797,2.651908035043158,2.561367537270241,1.6975633462525554
2021-12-01,2021,263.15847,384.239904,169.806,344.476727,201.337771,196.992207,-0.007663659465836248,0.0002925605086103733,-0.22940753704723416,0.21559058657125543,2,2,2,0.6,0.3822303445787806,0.22933820674726835,0.0,0.0,-0.0044811714760575995,2.631584714927872,2.5498896101225257,1.6980599862485335
2021-12-02,2021,265.510531,387.030195,169.855678,351.999369,208.711998,203.768959,0.008937812261942346,0.0002925573890204536,-0.2011837034462215,0.25599013375237795,2,2,2,0.6,0.3822303445787806,0.22933820674726835,0.0,0.0,0.005479710312773589,2.6551053250612946,2.563862266515548,1.6985567662445105
2021-12-03,2021,263.414162,384.988262,169.905371,345.009783,209.918726,205.574736,-0.007895615259042366,0.0002925601344925255,-0.19656511897985196,0.2449941162551024,1,2,2,0.6,0.3822303445787806,0.22933820674726835,0.0,0.0,-0.004620345101628409,2.634141634942376,2.552016338051203,1.699053696240486
2021-12-06,2021,264.668898,390.386146,169.955079,348.952517,213.492959,208.983398,0.004763358167508169,0.00029256285253054237,-0.18288523667581535,0.24759984891729062,1,1,2,0.6,0.3822303445787806,0.22933820674726835,0.0,0.0,0.0029750400415171183,2.646688995013552,2.5596086888435114,1.6995507762364608
2021-12-07,2021,265.239166,393.550827,170.004801,350.662257,214.889487,210.261641,0.0021546468221589343,0.0002925596592495694,-0.17395244540239907,0.2482745764473412,1,1,2,0.6,0.3822303445787806,0.22933820674726835,0.0,0.0,0.0014098119569951884,2.652391675045901,2.5632172557782718,1.700047996232434
2021-12-08,2021,269.522093,400.384783,170.054537,364.483819,215.964354,211.41815,0.016147415423557687,0.00029255644374437395,-0.16982059479740574,0.24771969748286213,1,1,2,0.6,0.3822303445787806,0.22933820674726835,0.0,0.0,0.009805471831632362,2.6952209452888534,2.5883508103781594,1.7005453562284065
2021-12-09,2021,268.073073,401.14755,170.11363,359.57761,212.358155,207.238487,-0.005376256854757955,0.00034749440410397625,-0.1836830312847817,0.25549691117479706,1,1,2,0.6,0.3822303445787806,0.22933820674726835,0.0,0.0,-0.003086756351213182,2.680730745206657,2.580361202075057,1.701136286223621
2021-12-10,2021,267.390738,398.352301,170.172742,357.172505,215.289065,210.46455,-0.0025453321080107782,0.000347485383740187,-0.17241644457528094,0.25332606997540175,1,1,2,0.6,0.3822303445787806,0.22933820674726835,0.0,0.0,-0.001388205111310392,2.6739073951679506,2.5767791314653095,1.7017274062188337
2021-12-13,2021,267.687495,399.073046,170.231876,357.961451,214.539855,209.997881,0.0011098252774934814,0.0003474939599903415,-0.1752964509311994,0.24891043875333208,1,1,2,0.6,0.3822303445787806,0.22933820674726835,0.0,0.0,0.0008048927504922254,2.6768749651847847,2.5788531623078454,1.7023187462140448
2021-12-14,2021,268.534473,394.961431,170.29103,360.545327,213.295167,208.374703,0.003164055160663981,0.0003474907366938229,-0.1793436911586338,0.24149119716624323,1,1,2,0.6,0.3822303445787806,0.22933820674726835,0.0,0.0,0.0020374293910759176,2.68534474523283,2.5841073935360006,1.7029102862092544
2021-12-15,2021,269.652072,398.883854,170.350204,364.011992,214.513883,209.389185,0.004161845544500942,0.00034748747482460374,-0.1709776529827136,0.23421361061337378,1,1,2,0.6,0.3822303445787806,0.22933820674726835,0.0,0.0,0.0026361023166304063,2.696520735296226,2.5909193650225224,1.7035020262044622
2021-12-16,2021,268.289299,399.287578,170.409399,359.386836,216.196109,211.844246,-0.005053819872001375,0.00034749004468470623,-0.1644764283196296,0.23378623282007144,1,1,2,0.6,0.3822303445787806,0.22933820674726835,0.0,0.0,-0.0028932959053269425,2.682893005218922,2.5834230686326705,1.7040939761996685
2021-12-17,2021,269.46226,397.706234,170.468615,363.033985,214.176238,209.186292,0.004372000688704247,0.00034749256993737987,-0.1722825347294984,0.23751774692664254,1,1,1,0.85,0.3822303445787806,0.32489579289196346,0.09555758614469512,9.555758614469511e-05,0.0036727668847445216,2.694622615285459,2.5929113793284295,1.7046861361948729
2021-12-20,2021,268.131706,393.96848,170.527851,358.513811,209.818832,204.925468,-0.004937812070603176,0.00034748918444615917,-0.1891224096061619,0.2478152043804882,1,1,1,0.85,0.3822303445787806,0.32489579289196346,0.0,0.0,-0.004145016882345775,2.681317075209982,2.5821637178866865,1.705278496190076
2021-12-21,2021,268.103988,394.846928,170.587107,358.243842,210.777821,205.77763,-0.00010337457070441758,0.00034748576055187996,-0.18541624709385607,0.24293830046508944,1,1,1,0.85,0.3822303445787806,0.32489579289196346,0.0,0.0,-3.574552101597294e-05,2.68103989520841,2.5820714170992423,1.7058710561852775
2021-12-22,2021,265.774465,394.253128,170.646385,350.46459,210.26636,205.797924,-0.008688878585424109,0.0003474940225114409,-0.1873928678733504,0.24167655781971312,1,1,1,0.85,0.3822303445787806,0.32489579289196346,0.0,0.0,-0.007333422694233776,2.6577446650762657,2.5631359959709545,1.7064638361804771
2021-12-23,2021,266.620286,393.365185,170.705683,353.044257,209.561103,204.62112,0.0031824765407768574,0.0003474905137896833,-0.19011844351075724,0.23778349703033672,1,1,1,0.85,0.3822303445787806,0.32489579289196346,0.0,0.0,0.0027572286367287813,2.6662028751242457,2.570203147938876,1.707056816175675
2021-12-27,2021,266.797062,393.96245,170.82434,353.261427,210.839755,206.142844,0.0006630253183359525,0.0006950969523376038,-0.17815228187800414,0.20268594445700333,1,1,1,0.85,0.3822303445787806,0.32489579289196346,0.0,0.0,0.0006678360634362002,2.667970635134273,2.571919622291427,1.7082433861660657
2021-12-28,2021,266.89627,393.639141,170.8837,353.405216,209.50716,205.047201,0.00037184817275104365,0.0003474914640384519,-0.18334670149744825,0.20398118976258314,1,1,1,0.85,0.3822303445787806,0.32489579289196346,0.0,0.0,0.00036819466644415487,2.668962715139901,2.572866589378878,1.7088369861612587
2021-12-29,2021,267.918304,395.752332,170.94308,356.559496,207.994754,203.403744,0.003829330398660069,0.0003474877943303589,-0.18924201957905962,0.2030783040315321,1,1,1,0.85,0.3822303445787806,0.32489579289196346,0.0,0.0,0.0033070540080106124,2.6791830551978766,2.58137519814536,1.70943078615645
2021-12-30,2021,267.121377,395.875111,171.002482,353.779683,209.423249,204.519681,-0.002974514947660989,0.0003474957863165429,-0.183673784328081,0.19860506877862472,1,1,1,0.85,0.3822303445787806,0.32489579289196346,0.0,0.0,-0.002476213337564359,2.6712137851526703,2.574983162450455,1.710024806151639
2022-01-04,2022,265.641532,390.764275,171.061904,349.271814,208.601049,203.782893,-0.005539971184563619,0.0003474906963931712,-0.1868786979073057,0.15154151722475603,1,1,1,0.85,0.4073725706328719,0.3462666850379411,0.02137089214597765,2.137089214597765e-05,-0.004678222794566078,2.6564153377551154,2.5629368175242555,1.7106190238623782
2022-01-05,2022,259.395935,373.517798,171.121346,328.787751,203.546936,198.727716,-0.023511372461140545,0.0003474882402805246,-0.20657949501827144,0.172404704905203,2,1,1,0.85,0.4073725706328719,0.3462666850379411,0.0,0.0,-0.019932543355927385,2.5939593673376686,2.511850968290451,1.7112134438567705
2022-01-06,2022,258.947771,370.250148,171.180809,327.151755,204.66537,200.262688,-0.0017277217547762014,0.0003474902540798741,-0.20221986924100732,0.16042641171257496,2,2,2,0.6,0.4073725706328719,0.24442354237972314,0.10184314265821798,0.00010184314265821798,-0.000999480093891989,2.5894777273077136,2.5093404232488212,1.7118080738511612
2022-01-07,2022,261.080979,373.87399,171.240293,333.908035,206.998968,202.00232,0.008237985566595274,0.00034749222385088707,-0.19312356673717423,0.16475250710450406,1,2,2,0.6,0.4073725706328719,0.24442354237972314,0.0,0.0,0.005081788229497519,2.6108098074502943,2.5220923598754896,1.7124029138455497
2022-01-10,2022,261.897385,372.338816,171.299797,336.383175,205.439206,201.449737,0.0031270221336192616,0.0003474883098921744,-0.19920347723846177,0.16387803406431173,1,1,2,0.6,0.4073725706328719,0.24442354237972314,0.0,0.0,0.0020152086041284266,2.6189738675048617,2.5271749020995173,1.7129979538399362
2022-01-11,2022,265.452603,378.785524,171.359322,347.762452,209.135076,204.867604,0.013574851081464612,0.0003474901957996046,-0.1847970749640162,0.1700042201475019,1,1,2,0.6,0.4073725706328719,0.24442354237972314,0.0,0.0,0.00828390672719861,2.6545260477424875,2.548109783271827,1.7135932038343205
2022-01-12,2022,268.171814,388.884721,171.418867,356.423707,212.978056,208.572014,0.010243678039954851,0.0003474862021222158,-0.1698172418495807,0.175856959248232,1,1,2,0.6,0.4073725706328719,0.24442354237972314,0.0,0.0,0.006285201304821797,2.6817181579242355,2.5641251662064763,1.7141886538287032
2022-01-13,2022,266.417938,385.87115,171.478434,350.542377,212.663685,207.835226,-0.006540120581054021,0.0003474938380032544,-0.17104265158786158,0.1755472916694879,1,1,2,0.6,0.4073725706328719,0.24442354237972314,0.0,0.0,-0.003785074813431111,2.664179397807009,2.5544197606213834,1.7147843238230838
2022-01-14,2022,266.358895,381.36152,171.538021,350.171083,215.48093,210.946096,-0.00022161796027408975,0.00034748976072407345,-0.1600611060314241,0.18069264502805793,1,1,2,0.6,0.4073725706328719,0.24442354237972314,0.0,0.0,6.02512812517556e-06,2.663588967803063,2.5544351513277266,1.7153801938174624
2022-01-17,2022,265.711149,378.756886,171.597629,347.885788,215.005343,209.943252,-0.002431854209336781,0.000347491475374051,-0.15574113352805274,0.17988866970855252,1,1,2,0.6,0.4073725706328719,0.24442354237972314,0.0,0.0,-0.0013201159354524483,2.657111507759768,2.5510630007783788,1.7159762738118396
2022-01-18,2022,265.270811,371.985646,171.657257,346.274734,214.66276,210.495835,-0.001657205584549959,0.0003474873187203631,-0.149196924119686,0.17765938722239125,1,1,2,0.6,0.4073725706328719,0.24442354237972314,0.0,0.0,-0.0008553284232418301,2.6527081277303366,2.548881004084332,1.7165725538062142
2022-01-19,2022,265.928401,373.803197,171.716906,348.233111,217.667418,212.9518,0.0024789384008028215,0.0003474889500303391,-0.13728814092707076,0.18117888056180936,1,1,2,0.6,0.4073725706328719,0.24442354237972314,0.0,0.0,0.0016263586204938285,2.659284027774289,2.553026398677938,1.7171690438005873
2022-01-20,2022,265.882113,375.176538,171.776576,347.903037,219.861967,214.691432,-0.00017406188968893677,0.0003474905377109927,-0.1285901765509021,0.1654307660247394,1,1,2,0.6,0.4073725706328719,0.24442354237972314,0.0,0.0,3.455908127103502e-05,2.658821147771195,2.5531146289247366,1.7177657437949583
2022-01-21,2022,262.861584,368.155959,171.836267,337.903296,219.539535,214.282097,-0.011360406933429212,0.000347492081807399,-0.12986811659677788,0.16576401223542112,1,1,1,0.85,0.4073725706328719,0.3462666850379411,0.10184314265821798,0.00010184314265821798,-0.009706065223801939,2.628615857569307,2.52833393181255,1.718362653789327
2022-01-24,2022,263.360585,373.407375,171.895978,339.345894,217.141452,213.013196,0.0018983412958510915,0.0003474877628715234,-0.13937277587077723,0.17147997575394655,1,1,1,0.85,0.4073725706328719,0.3462666850379411,0.0,0.0,0.0016657132659041562,2.6336058676026597,2.532545411183406,1.7189597637836942
2022-01-25,2022,263.849126,376.623451,171.95571,340.754423,221.359258,217.618113,0.0018550270155270887,0.00034748922397698223,-0.12265575276781115,0.18141107456705327,1,1,1,0.85,0.4073725706328719,0.3462666850379411,0.0,0.0,0.0016288963467945728,2.638491277635313,2.5366706651517736,1.719557083778059
2022-01-26,2022,263.761536,372.908838,172.015463,340.289819,224.841517,219.787535,-0.0003319700213827437,0.0003474906416309764,-0.10885402643105901,0.18687060377708864,1,1,1,0.85,0.4073725706328719,0.3462666850379411,0.0,0.0,-0.00023005092193068564,2.637615377629458,2.5360871017266207,1.720154613772422
2022-01-27,2022,264.020281,372.37842,172.075237,340.951129,226.336793,221.4453,0.0009809807901635104,0.0003474920158774708,-0.10292758898056686,0.18367160456076725,1,1,1,0.85,0.4073725706328719,0.3462666850379411,0.0,0.0,0.0008859574740206044,2.6402028276467524,2.5383339670491623,1.7207523537667826
2022-01-28,2022,263.632872,376.19699,172.135031,339.511657,224.650074,220.176399,-0.001467345608953341,0.00034748753535063237,-0.10961279936985746,0.18386133530144882,1,1,1,0.85,0.4073725706328719,0.3462666850379411,0.0,0.0,-0.001195120637307745,2.636328737620859,2.5353003517407626,1.7213502937611418
2022-01-31,2022,263.787071,379.892145,172.194846,339.832951,226.483902,220.995054,0.0005849005051237199,0.00034748882695478933,-0.09798035873325983,0.18419366253686129,0,1,1,0.85,0.4073725706328719,0.3462666850379411,0.0,0.0,0.0005492887533983803,2.6378707276311655,2.5366929637104607,1.721948443755499
2022-02-01,2022,266.925809,391.609004,172.254682,349.857266,228.013437,223.389607,0.011898756023565715,0.000347490075283563,-0.07647141300064741,0.18199602488638678,0,0,1,0.85,0.4073725706328719,0.3462666850379411,0.0,0.0,0.010166066131323393,2.6692581078409545,2.562481152134404,1.7225468037498541
2022-02-02,2022,264.859426,385.196039,172.314539,342.959065,226.026453,220.40153,-0.007741413270381914,0.0003474912803820285,-0.08451934451755327,0.15596018293649927,0,0,1,0.85,0.4073725706328719,0.3462666850379411,0.0,0.0,-0.006528077587767322,2.64859427770284,2.5457530763560796,1.723145373744207
2022-02-03,2022,262.570988,372.651776,172.383755,335.31077,225.089386,220.565248,-0.008640198442474878,0.0004016840389771126,-0.08831477067234483,0.15951208456990715,0,0,1,0.85,0.4073725706328719,0.3462666850379411,0.0,0.0,-0.007283916070257079,2.625709897549884,2.527210024612303,1.7238375337376775
2022-02-04,2022,264.867004,380.325647,172.452998,342.566986,226.195729,221.076906,0.008744362876830891,0.0004016793809833441,-0.07967809656715652,0.15760991163727237,0,0,1,0.85,0.4073725706328719,0.3462666850379411,0.0,0.0,0.007492960352453759,2.6486700577033466,2.546146309129047,1.724529963731145
2022-02-07,2022,266.570434,383.859545,172.522269,347.896551,225.693945,220.462926,0.0064312654059393015,0.0004016804625222026,-0.08171970366572434,0.1533003493756545,0,0,1,0.85,0.4073725706328719,0.3462666850379411,0.0,0.0,0.0055268276644267365,2.6657043578172015,2.5602184209880194,1.72522267372461
2022-02-08,2022,265.392775,384.25659,172.591567,343.859277,226.173562,221.506712,-0.004417815518130586,0.0004016756816478395,-0.07976828737546038,0.1452694980629915,0,0,1,0.85,0.4073725706328719,0.3462666850379411,0.0,0.0,-0.003694891838163822,2.6539277677384883,2.550758690840394,1.7259156537180727
2022-02-09,2022,264.951059,383.585964,172.660894,342.214557,226.631012,221.506712,-0.0016643859276123107,0.0004016824298258559,-0.07790706189350027,0.1349849295683189,0,0,1,0.85,0.4073725706328719,0.3462666850379411,0.0,0.0,-0.0013544756739965857,2.6495106077089647,2.5473037502434153,1.7266089237115325
2022-02-10,2022,266.530555,390.016434,172.730248,347.140948,228.440658,223.287269,0.005961463245179877,0.00040167752172060034,-0.06433014416945892,0.13486607325426989,0,0,1,0.85,0.4073725706328719,0.3462666850379411,0.0,0.0,0.005127495386660985,2.665305567814536,2.5603650384712124,1.7273024637049896
2022-02-11,2022,262.233242,380.546376,172.799631,332.961065,228.869895,223.71706,-0.01612315330975833,0.00040168413351682197,-0.06145070565185229,0.13005253181925489,0,0,1,0.85,0.4073725706328719,0.3462666850379411,0.0,0.0,-0.013644427693267057,2.6223324375273096,2.5254303228354233,1.7279962936984445
2022-02-14,2022,262.347647,383.000546,172.869041,333.124106,229.343466,224.14685,0.0004362719200945442,0.0004016790984930907,-0.0528193850010471,0.12863785594355961,0,0,0,1.0,0.4073725706328719,0.4073725706328719,0.0611058855949308,6.11058855949308e-05,0.00037516603449961336,2.6234764875349557,2.5263777785150467,1.7286903936918967
2022-02-15,2022,262.776444,380.131759,172.938479,334.30919,231.062429,226.357213,0.0016344610096694634,0.0004016797895003421,-0.045720127019568624,0.12813036943841946,0,0,0,1.0,0.4073725706328719,0.4073725706328719,0.0,0.0,0.0016344610096694634,2.6277644575636163,2.530507044489725,1.729384773685346
2022-02-16,2022,262.46434,378.281652,173.007945,333.085432,232.112346,226.705137,-0.001187716810720052,0.0004016804149180597,-0.038400679501775725,0.12233535921499858,0,0,0,1.0,0.4073725706328719,0.4073725706328719,0.0,0.0,-0.001187716810720052,2.6246434175427553,2.527501518733339,1.730079433678793
2022-02-17,2022,260.117411,376.852091,173.077439,325.246139,228.781226,223.287269,-0.008941896640130231,0.0004016809748246253,-0.052200905055043045,0.13437755323789258,0,0,0,1.0,0.4073725706328719,0.4073725706328719,0.0,0.0,-0.008941896640130231,2.6011741273858897,2.504900861395053,1.7307743736722372
2022-02-18,2022,258.967467,371.626481,173.14696,321.298299,227.249677,222.079765,-0.004420865160771559,0.00040167569153837235,-0.058545834582013345,0.13742554290266548,0,0,0,1.0,0.4073725706328719,0.4073725706328719,0.0,0.0,-0.004420865160771559,2.5896746873090293,2.4938270324457252,1.7314695836656788
2022-02-21,2022,257.791996,363.973881,173.21651,317.267384,225.147827,219.910328,-0.0045390682220327605,0.0004016819007390815,-0.06725341764090498,0.13549063926827468,0,0,0,1.0,0.4073725706328719,0.4073725706328719,0.0,0.0,-0.0045390682220327605,2.5779199772304624,2.4825073814115046,1.7321650836591176
2022-02-22,2022,259.129149,370.041051,173.286088,321.405217,227.499561,223.082609,0.005186945369707985,0.0004016822645831475,-0.057510610524593386,0.12323525718118658,0,0,0,1.0,0.4073725706328719,0.4073725706328719,0.0,0.0,0.005186945369707985,2.5912915073198355,2.495384011578783,1.7328608636525535
2022-02-23,2022,257.546497,366.346199,173.355693,316.050343,225.718128,220.176399,-0.006107579969708454,0.0004016767924266418,-0.06489076410898353,0.11499256212179479,0,0,0,1.0,0.4073725706328719,0.4073725706328719,0.0,0.0,-0.006107579969708454,2.5754649872140534,2.4801432541729334,1.7335569136459872
2022-02-24,2022,257.901559,373.946506,173.425327,316.995118,224.879806,219.97174,0.001378632612502706,0.0004016827990760419,-0.06836377999741339,0.11317584312751758,0,0,0,1.0,0.4073725706328719,0.4073725706328719,0.0,0.0,0.001378632612502706,2.5790156072377854,2.483562460546815,1.7342532536394182
2022-02-25,2022,259.687919,372.894534,173.494988,322.59312,228.003361,222.87795,0.0069265188117766385,0.000401677201392836,-0.05542345856557174,0.12040789524585323,0,0,0,1.0,0.4073725706328719,0.4073725706328719,0.0,0.0,0.0069265188117766385,2.5968792073571834,2.500764902650015,1.7349498636328464
2022-03-02,2022,267.207502,394.350343,173.564678,346.830413,232.09824,227.380528,0.02895622957339028,0.00040168307340371356,-0.03734361961941923,0.13277418562272514,0,0,0,1.0,0.4073725706328719,0.4073725706328719,0.0,0.0,0.02895622957339028,2.672075037859782,2.5731776252802256,1.7356467636262718
2022-03-03,2022,268.80198,394.636803,173.634395,351.804418,232.082118,227.216794,0.005967190247525345,0.0004016773505035598,-0.037410487623952604,0.13122879012234173,0,0,0,1.0,0.4073725706328719,0.4073725706328719,0.0,0.0,0.005967190247525345,2.688019817966355,2.588532265710948,1.7363439336196953
2022-03-04,2022,270.221454,395.356967,173.704141,356.209383,230.687602,225.947894,0.005280742351674528,0.0004016830881921063,-0.03569914891842518,0.12892626979902683,0,0,0,1.0,0.4073725706328719,0.4073725706328719,0.0,0.0,0.005280742351674528,2.7022145580612302,2.602201637675164,1.7370413936131153
2022-03-07,2022,267.583443,389.743577,173.773914,347.422906,224.881821,219.214481,-0.009762403987360724,0.0004016772403832025,-0.05725959236885492,0.15839379638644902,0,0,0,1.0,0.4073725706328719,0.4073725706328719,0.0,0.0,-0.009762403987360724,2.675834447884909,2.5767978940316074,1.7377391236065332
2022-03-08,2022,267.00958,389.639376,173.843715,345.347133,224.095895,219.582875,-0.002144613259946526,0.00040167708946237113,-0.060554319325054284,0.15774525784028282,0,0,0,1.0,0.4073725706328719,0.4073725706328719,0.0,0.0,-0.002144613259946526,2.6700958178465535,2.5712716590998648,1.7384371335999482
2022-03-09,2022,269.329446,394.724412,173.913545,352.67912,229.53088,224.678978,0.008688324965718364,0.00040168262626005813,-0.02530424973191614,0.1801371468091186,0,0,0,1.0,0.4073725706328719,0.4073725706328719,0.0,0.0,0.008688324965718364,2.6932944780016097,2.593611702849266,1.7391354335933606
2022-03-10,2022,270.862043,397.695306,173.983403,357.451521,229.053278,223.901264,0.005690417526793556,0.0004016823416486126,-0.027332371785556697,0.18037763143332156,0,0,0,1.0,0.4073725706328719,0.4073725706328719,0.0,0.0,0.005690417526793556,2.7086204481040466,2.608370436340856,1.7398340135867705
2022-03-11,2022,267.479927,386.861199,174.053288,346.245537,225.123645,220.421985,-0.012486489293740077,0.0004016762449461364,-0.04401943622417703,0.19103597821801274,0,0,0,1.0,0.4073725706328719,0.4073725706328719,0.0,0.0,-0.012486489293740077,2.67479928787799,2.575801046813378,1.7405328635801776
2022-03-14,2022,263.821385,381.323513,174.123202,334.140775,221.526519,217.024588,-0.01367781889666797,0.0004016815815623964,-0.04745529076468136,0.1961789029701484,0,0,0,1.0,0.4073725706328719,0.4073725706328719,0.0,0.0,-0.01367781889666797,2.6382138676334583,2.5405697065812167,1.7412320035735818
2022-03-15,2022,262.551493,377.160351,174.193144,329.801705,219.573794,214.691432,-0.0048134536174920806,0.00040168110393468126,-0.05585183793988224,0.19743116338371786,0,0,0,1.0,0.4073725706328719,0.4073725706328719,0.0,0.0,-0.0048134536174920806,2.6255149475485804,2.5283407921365826,1.7419314235669836
2022-03-16,2022,264.642178,383.291362,174.263114,336.38818,223.912512,219.275877,0.00796295224266741,0.0004016805621236408,-0.037195728980918163,0.211732706512869,0,0,0,1.0,0.4073725706328719,0.4073725706328719,0.0,0.0,0.00796295224266741,2.646421797688319,2.548473849117554,1.7426311235603829
2022-03-17,2022,267.456133,393.493912,174.339335,345.307272,227.870358,222.734686,0.01063305562728556,0.0004373903246099875,-0.020177336400713397,0.22013954638806787,0,0,0,1.0,0.4073725706328719,0.4073725706328719,0.0,0.0,0.01063305562728556,2.6745613478764,2.5755719133199033,1.7433933335531924
2022-03-18,2022,269.747585,401.309536,174.415589,352.527548,232.374322,226.623285,0.008567580688082277,0.0004373883839812187,0.0,0.23121293325677889,0,0,0,1.0,0.4073725706328719,0.4073725706328719,0.0,0.0,0.008567580688082277,2.697475868029557,2.59763833350523,1.7441558735459988
2022-03-21,2022,269.601179,400.738611,174.491877,351.821964,234.075148,229.099705,-0.0005427518470647597,0.0004373920957259081,0.0,0.22591285274801623,0,0,0,1.0,0.4073725706328719,0.4073725706328719,0.0,0.0,-0.0005427518470647597,2.6960118080197715,2.5962284605017136,1.7449187535388018
2022-03-22,2022,271.131772,403.373384,174.568198,356.568397,236.326122,231.473787,0.005677248911437394,0.0004373899880738552,0.0,0.22573349280438496,0,0,0,1.0,0.4073725706328719,0.4073725706328719,0.0,0.0,0.005677248911437394,2.711317738122074,2.61096789570294,1.7456819635316019
2022-03-23,2022,270.784199,401.812411,174.644552,355.208594,236.698933,231.064467,-0.001281933863509055,0.0004373877995809128,0.0,0.22177873679212715,0,0,0,1.0,0.4073725706328719,0.4073725706328719,0.0,0.0,-0.001281933863509055,2.7078420080988423,2.6076208075409033,1.746445503524399
2022-03-24,2022,272.915653,406.588823,174.72094,361.908294,239.915187,234.830258,0.007871412024303526,0.0004373912562700699,0.0,0.22352735559115355,0,0,0,1.0,0.4073725706328719,0.4073725706328719,0.0,0.0,0.007871412024303526,2.729156548241306,2.6281464653202047,1.747209383517193
2022-03-25,2022,271.128714,402.775505,174.797361,355.868744,239.971612,234.850729,-0.0065475870671295455,0.0004373889014104293,0.0,0.2202713923149015,0,0,0,1.0,0.4073725706328719,0.4073725706328719,0.0,0.0,-0.0065475870671295455,2.711287158121869,2.6109384475133517,1.7479735935099834
2022-03-28,2022,272.080972,402.721179,174.873816,358.734543,239.2804,234.359542,0.0035121990067048525,0.0004373921869449404,-0.0028803907022135755,0.21994609612470842,0,0,0,1.0,0.4073725706328719,0.4073725706328719,0.0,0.0,0.0035121990067048525,2.7208097381855163,2.6201085829352757,1.7487381435027707
2022-03-29,2022,273.701949,409.810081,174.950304,363.774324,241.851791,236.897358,0.00595770070977264,0.00043738966615780583,0.0,0.21819569214860562,0,0,0,1.0,0.4073725706328719,0.4073725706328719,0.0,0.0,0.00595770070977264,2.7370195082938604,2.6357184056995107,1.7495030234955549
2022-03-30,2022,274.022618,411.728541,175.026825,364.586549,242.347529,237.204356,0.001171599256678979,0.00043738706507201464,0.0,0.21095760509157818,0,0,0,1.0,0.4073725706328719,0.4073725706328719,0.0,0.0,0.001171599256678979,2.7402261983152933,2.638806411424443,1.7502682334883362
2022-03-31,2022,272.28998,407.084148,175.10338,358.723135,241.821563,236.590361,-0.0063229744049814185,0.0004373900972036715,-0.002170296524871995,0.21139489128280206,0,0,0,1.0,0.4073725706328719,0.4073725706328719,0.0,0.0,-0.0063229744049814185,2.7228998181994863,2.6221213060253055,1.751033783481114
2022-04-01,2022,272.749583,408.229406,175.179969,359.986851,244.987437,239.864965,0.0016879174180406409,0.00043739304175627325,0.0,0.21249725123812918,0,0,0,1.0,0.4073725706328719,0.4073725706328719,0.0,0.0,0.0016879174180406409,2.727495848230205,2.626547230249961,1.7517996734738888
2022-04-04,2022,273.916562,411.185542,175.256591,363.550229,244.40303,239.046325,0.004278572994188767,0.00043739019042754457,-0.002385457014271286,0.18604878220413748,0,0,0,1.0,0.4073725706328719,0.4073725706328719,0.0,0.0,0.004278572994188767,2.739165638308205,2.6377851042972695,1.7525658934666604
2022-04-05,2022,277.078058,417.57312,175.333246,373.59791,239.576634,234.359542,0.01154182126453529,0.00043738725923314625,-0.02208604272226411,0.20316355755738286,0,0,0,1.0,0.4073725706328719,0.4073725706328719,0.0,0.0,0.01154182126453529,2.7707805985195146,2.668229948505322,1.7533324434594293
2022-04-06,2022,273.832829,411.355173,175.409935,362.816483,238.25265,233.0497,-0.011712327650282517,0.00043738995170361505,-0.02749033616772767,0.1897236576574728,0,0,0,1.0,0.4073725706328719,0.4073725706328719,0.0,0.0,-0.011712327650282517,2.738328308302608,2.636978765102131,1.7540993334521944
2022-04-07,2022,272.414241,406.001126,175.486658,357.973579,239.530284,234.646069,-0.005180489151649481,0.0004373925570408943,-0.022275236097106466,0.1894740047258281,0,0,0,1.0,0.4073725706328719,0.4073725706328719,0.0,0.0,-0.005180489151649481,2.7241424282077915,2.6233179252163894,1.7548665634449567
2022-04-08,2022,272.27577,405.679969,175.563414,357.292384,238.442078,233.274831,-0.000508310430070269,0.0004373893769176185,-0.026717121008943745,0.17718144623610366,0,0,0,1.0,0.4073725706328719,0.4073725706328719,0.0,0.0,-0.000508310430070269,2.7227577181985367,2.6219844653536115,1.7556341234377155
2022-04-11,2022,272.851501,405.616429,175.640203,358.933039,235.683274,230.389076,0.002114514266179368,0.0004373861173605498,-0.03797812293534053,0.17154069237335656,0,0,0,1.0,0.4073725706328719,0.4073725706328719,0.0,0.0,0.002114514266179368,2.7285150282370174,2.6275286889113025,1.7564020134304716
2022-04-12,2022,272.326798,400.23971,175.717027,356.995956,234.059026,228.751766,-0.0019230350504833016,0.0004373941653892377,-0.04460804657505768,0.16988831022045905,0,0,0,1.0,0.4073725706328719,0.4073725706328719,0.0,0.0,-0.0019230350504833016,2.723267998201947,2.6224758591463755,1.757170253423224
2022-04-13,2022,270.208101,394.528335,175.793884,349.87651,235.338676,230.286738,-0.007779979846125884,0.0004373907373245167,-0.03938471751104533,0.15867577387605256,0,0,0,1.0,0.4073725706328719,0.4073725706328719,0.0,0.0,-0.007779979846125884,2.7020810280603365,2.602073049815265,1.7579388234159736
2022-04-14,2022,269.345503,390.140401,175.870774,346.840688,234.129558,228.506181,-0.0031923469237511437,0.0004373872301497439,-0.04432014609794055,0.1502517414581684,0,0,0,1.0,0.4073725706328719,0.4073725706328719,0.0,0.0,-0.0031923469237511437,2.6934550480026815,2.5937663299193114,1.7587077234087203
2022-04-18,2022,271.066324,392.308093,175.947698,352.203761,233.132036,228.117316,0.006388898202618121,0.0004373893299634002,-0.048391873253484374,0.13469654327290773,0,0,0,1.0,0.4073725706328719,0.4073725706328719,0.0,0.0,0.006388898202618121,2.7106632581176986,2.610337638962544,1.7594769634014635
2022-04-19,2022,273.813675,401.159738,176.024656,360.904099,231.862462,227.012134,0.010135346063865791,0.00043739134342057895,-0.053574073677908673,0.13335893645227653,0,0,0,1.0,0.4073725706328719,0.4073725706328719,0.0,0.0,0.010135346063865791,2.7381367683013274,2.6367943142769636,1.7602465433942032
2022-04-20,2022,270.885107,399.971721,176.101647,351.151264,230.425627,225.231577,-0.010695477499434558,0.00043738758961153756,-0.05943900707039118,0.1292923024137307,0,0,0,1.0,0.4073725706328719,0.4073725706328719,0.0,0.0,-0.010695477499434558,2.708851088105586,2.6085925400179772,1.7610164533869404
2022-04-22,2022,266.888714,387.768748,176.178672,337.926706,223.843995,218.477693,-0.014753092350699104,0.00043738943565929667,-0.08630418873274714,0.16098685105950747,0,0,0,1.0,0.4073725706328719,0.4073725706328719,0.0,0.0,-0.014753092350699104,2.6688871578384727,2.5701077333697473,1.761786703379674
2022-04-25,2022,268.474486,394.973804,176.255731,342.850315,223.052023,218.498164,0.005941697482194863,0.0004373911956834231,-0.0895368932734294,0.14898059861464105,0,0,0,1.0,0.4073725706328719,0.4073725706328719,0.0,0.0,0.005941697482194863,2.6847448779444636,2.5853785360180797,1.7625572933724043
2022-04-26,2022,266.500091,392.333533,176.332824,336.199303,218.070457,213.422516,-0.007354125263135836,0.0004373928697953833,-0.1098708583983431,0.16223415855265388,1,0,0,1.0,0.4073725706328719,0.4073725706328719,0.0,0.0,-0.007354125263135836,2.6650009278124975,2.56636533841158,1.7633282233651313
2022-04-27,2022,269.019645,401.218148,176.40995,344.15854,220.35972,215.960332,0.009454233169474024,0.00043738878701349293,-0.10052644862764937,0.1709653502050964,1,1,1,0.85,0.4073725706328719,0.3462666850379411,0.0611058855949308,6.11058855949308e-05,0.008040600626510014,2.6901964679809014,2.587000457159465,1.7640994833578556
2022-04-28,2022,270.76121,404.249103,176.48711,349.588341,221.508382,216.656194,0.006473746554828574,0.00043739029459510803,-0.09583779187828312,0.16565735018477312,0,1,1,0.85,0.4073725706328719,0.3462666850379411,0.0,0.0,0.005568293115793555,2.707612118097305,2.601405633995621,1.7648710833505765
2022-04-29,2022,268.886111,398.685561,176.564304,343.259851,217.391336,211.621488,-0.006925286676034537,0.00043739171659606946,-0.11264292299200629,0.17121628342252737,1,0,1,0.85,0.4073725706328719,0.3462666850379411,0.0,0.0,-0.005820884917139946,2.688861127971976,2.586263151177333,1.765643023343294
2022-05-02,2022,268.431054,397.329338,176.641531,341.547978,214.898538,210.229779,-0.0016923782277471489,0.0004373873894691904,-0.12281813046601242,0.17209472868770698,1,1,1,0.85,0.4073725706328719,0.3462666850379411,0.0,0.0,-0.001372913385164698,2.6843105579415605,2.5827124358795235,1.7664152933360087
2022-05-03,2022,270.497295,403.043758,176.718792,348.033034,214.674851,210.229779,0.0076974737803621185,0.0004373886455955045,-0.12373118544850126,0.15824161206056264,1,1,1,0.85,0.4073725706328719,0.3462666850379411,0.0,0.0,0.0066084610101471266,2.704972968079665,2.5997801903124556,1.7671879033287201
2022-05-04,2022,273.4891,410.683064,176.796087,357.527106,218.334448,213.627176,0.011060387868204069,0.0004373898164717893,-0.10879328885750161,0.17871020474560698,1,1,1,0.85,0.4073725706328719,0.3462666850379411,0.0,0.0,0.009466938160444227,2.734891018279633,2.6243921486048913,1.7679608533214282
2022-05-05,2022,270.134822,396.669821,176.879675,346.370388,212.208251,207.732889,-0.01226475936335314,0.0004727932694572612,-0.13379945682684136,0.18956488823097256,1,1,1,0.85,0.4073725706328719,0.3462666850379411,0.0,0.0,-0.010354126468431578,2.7013482380554374,2.5972188603954773,1.7687967333135424
2022-05-06,2022,269.530754,390.655319,176.963302,344.154801,211.867682,207.180306,-0.0022361722769675962,0.0004727903304888592,-0.13518960566128946,0.19019898738811403,1,1,1,0.85,0.4073725706328719,0.3462666850379411,0.0,0.0,-0.001829827885849128,2.6953075580150627,2.592466396899072,1.7696330033056533
2022-05-09,2022,265.973183,376.917015,177.046968,332.336918,208.069037,204.008024,-0.013199128289456685,0.00047278729010158393,-0.150695074213132,0.19006666746151882,1,1,1,0.85,0.4073725706328719,0.3462666850379411,0.0,0.0,-0.011148340952522944,2.65973184777728,2.563564697598483,1.7704696632977606
2022-05-10,2022,264.810429,379.958026,177.130674,328.30474,207.786909,203.107502,-0.0043716963751191384,0.00047278979666010024,-0.1518466761216004,0.19093604879970072,1,1,1,0.85,0.4073725706328719,0.3462666850379411,0.0,0.0,-0.0036450234493522523,2.6481043076995627,2.554220444161805,1.771306723289864
2022-05-11,2022,265.235583,384.844752,177.21442,329.434919,210.380467,205.972786,0.0016055032334094665,0.0004727921940836932,-0.14126018225171277,0.20172863877191854,1,1,1,0.85,0.4073725706328719,0.3462666850379411,0.0,0.0,0.0014355965775106005,2.65235584772798,2.5578872742896515,1.7721441832819635
2022-05-12,2022,265.086506,386.25222,177.298205,328.698085,212.982086,208.83807,-0.0005620550542799752,0.00047278883964407825,-0.13064078465378615,0.21142367753881747,1,1,1,0.85,0.4073725706328719,0.3462666850379411,0.0,0.0,-0.0004068284701913671,2.650865077718015,2.55684665292293,1.7729820332740593
2022-05-13,2022,268.388435,399.617315,177.38203,339.180753,215.472869,211.396357,0.012456043311386278,0.0004727910245903022,-0.1204738020913293,0.2164610145535292,1,1,1,0.85,0.4073725706328719,0.3462666850379411,0.0,0.0,0.010658555468366882,2.6838843679387123,2.5840989447972174,1.7738202832661512
2022-05-16,2022,267.769495,405.901261,177.465894,336.916101,218.110761,213.668117,-0.002306135135815457,0.00047278746330725596,-0.10970634383999045,0.22423251874693506,1,1,1,0.85,0.4073725706328719,0.3462666850379411,0.0,0.0,-0.0018892967459470497,2.677694967897343,2.5792168150696066,1.7746589232582395
2022-05-17,2022,268.260886,404.803076,177.549798,338.261146,219.23121,214.691432,0.0018351268877734306,0.00047278943637474313,-0.1051328480978394,0.22624968044757948,1,1,1,0.85,0.4073725706328719,0.3462666850379411,0.0,0.0,0.0016307762700636275,2.682608877930187,2.583422940646971,1.775497963250324
2022-05-18,2022,265.353202,396.477631,177.633742,328.555284,214.108581,209.185994,-0.010839015867561197,0.0004727913010635909,-0.1260426100951455,0.23751063489465538,1,1,1,0.85,0.4073725706328719,0.3462666850379411,0.0,0.0,-0.009142244792267478,2.653532037735841,2.559804655721617,1.7763374032424049
2022-05-19,2022,267.434667,404.198639,177.717726,335.069605,215.6361,210.966567,0.007844129953253676,0.0004727930575261219,-0.11980751894636954,0.24047254226403494,1,1,1,0.85,0.4073725706328719,0.3462666850379411,0.0,0.0,0.006738429418894542,2.6743466878749627,2.577053718720355,1.777177243234482
2022-05-20,2022,268.944789,410.191241,177.801749,339.726303,218.624636,214.200245,0.005646695011309211,0.0004727890790139355,-0.10760878730283618,0.22795428318140928,1,1,1,0.85,0.4073725706328719,0.3462666850379411,0.0,0.0,0.004870609121464919,2.6894479079758975,2.5896055400692597,1.7780174732265552
2022-05-23,2022,270.537316,408.671809,177.885812,344.650792,222.368871,218.498164,0.0059213900589834,0.00047279062479854694,-0.09232541177203302,0.23663556466247085,0,1,1,0.85,0.4073725706328719,0.3462666850379411,0.0,0.0,0.005104100143855672,2.70537317808234,2.6028231460788565,1.7788581032186248
2022-05-24,2022,270.496707,410.696041,177.969914,344.265646,222.842442,218.252563,-0.00015010498588652332,0.0004727864412255034,-0.09039236979323151,0.22152816383078433,0,0,1,0.85,0.4073725706328719,0.3462666850379411,0.0,0.0,-5.6671271819719294e-05,2.704967088079626,2.6026756407808462,1.7796991232106907
2022-05-25,2022,270.83122,412.372569,178.054057,345.099943,222.840427,218.293504,0.0012366620049091281,0.00047279339585459823,-0.09040059470478068,0.21878671308971012,0,0,1,0.85,0.4073725706328719,0.3462666850379411,0.0,0.0,0.0011220817135509486,2.708312218101984,2.605596055523671,1.780540553202753
2022-05-26,2022,269.760075,407.400022,178.138239,341.364166,225.480335,221.076906,-0.003955027784462994,0.00047278900249936306,-0.07962490746005069,0.22186694901972917,0,0,1,0.85,0.4073725706328719,0.3462666850379411,0.0,0.0,-0.0032908552664186407,2.69760076803039,2.597021416022191,1.7813823731948113
2022-05-27,2022,270.168054,405.503627,178.222461,342.437072,225.585125,220.83132,0.0015123772485605702,0.0004727901234053977,-0.07919717124107062,0.20954440482047632,0,0,1,0.85,0.4073725706328719,0.3462666850379411,0.0,0.0,0.0013564391797872943,2.701680558057659,2.6005441176216304,1.7822245931868663
2022-05-30,2022,269.788145,407.898781,178.306723,340.948342,223.751296,218.825616,-0.0014061951232768877,0.0004727911371396054,-0.08668257140058988,0.2070330506031114,0,0,1,0.85,0.4073725706328719,0.3462666850379411,0.0,0.0,-0.0011243471842144136,2.697881468032266,2.5976202031655573,1.7830672131789174
2022-05-31,2022,269.11089,413.939071,178.391024,338.492787,224.394144,219.357744,-0.0025103215710238214,0.0004727864355400513,-0.0840585674603388,0.20671095987752533,0,0,1,0.85,0.4073725706328719,0.3462666850379411,0.0,0.0,-0.0020628553700392403,2.691108917986999,2.592261688380135,1.7839102231709645
2022-06-01,2022,271.204195,420.673318,178.475366,345.044524,224.41228,219.951269,0.00777859639942502,0.00047279284634860197,-0.08398453917455362,0.19929440416177274,0,0,1,0.85,0.4073725706328719,0.3462666850379411,0.0,0.0,0.006682725866463557,2.7120419681269134,2.609585062617715,1.7847536431630078
2022-06-02,2022,273.762286,427.17125,178.559747,353.107213,226.493978,221.916031,0.009432343035844282,0.00047278793645944006,-0.07548737693027097,0.16750503014775792,0,0,1,0.85,0.4073725706328719,0.3462666850379411,0.0,0.0,0.008088409770936555,2.7376228782978926,2.6306924559362823,1.7855974531550474
2022-06-03,2022,272.009906,420.069512,178.644168,347.155941,223.89236,219.97174,-0.0064011008441097195,0.00047278852831267315,-0.08610677044635562,0.1748660259844122,0,0,1,0.85,0.4073725706328719,0.3462666850379411,0.0,0.0,-0.005370017438246361,2.720099078180766,2.616565591573241,1.7864416631470834
2022-06-06,2022,271.237415,415.751545,178.72863,344.390282,222.04644,217.802302,-0.002839937013176308,0.0004727946114646553,-0.09364152415701221,0.16256990921482048,0,0,0,1.0,0.4073725706328719,0.4073725706328719,0.0611058855949308,6.11058855949308e-05,-0.002901042898771239,2.712374168129134,2.6089748225446385,1.7872862831391154
2022-06-07,2022,269.450807,409.65472,178.813131,338.32749,221.812677,217.249719,-0.006586878878785951,0.0004727893902616298,-0.0945957077790891,0.1624581233880782,0,0,0,1.0,0.4073725706328719,0.4073725706328719,0.0,0.0,-0.006586878878785951,2.6945080880097194,2.591789821390735,1.7881312931311437
2022-06-08,2022,267.682979,406.550324,178.897672,332.325634,218.382813,214.077437,-0.006560856208532417,0.0004727896633049955,-0.1085958705711102,0.17158554136154883,1,0,0,1.0,0.4073725706328719,0.4073725706328719,0.0,0.0,-0.006560856208532417,2.67682980789156,2.5747854610498524,1.7889767031231683
2022-06-09,2022,265.263017,401.641246,178.982253,324.203495,215.815452,212.194541,-0.009040402976089101,0.0004727898303784617,-0.11907543242717389,0.1734695128674998,1,1,1,0.85,0.4073725706328719,0.3462666850379411,0.0611058855949308,6.11058855949308e-05,-0.007674529940713898,2.6526301877298133,2.5550251929381105,1.7898225131151888
2022-06-10,2022,264.842613,400.80499,179.066874,322.582032,212.56494,208.387809,-0.0015848571910045406,0.00047278989163257457,-0.1323435086999991,0.17697793848296722,1,1,1,0.85,0.4073725706328719,0.3462666850379411,0.0,0.0,-0.0012762101286089734,2.648426147701714,2.5517644439080316,1.790668723107206
2022-06-13,2022,261.456921,388.511387,179.151535,311.319953,206.755129,202.861916,-0.012783788687358855,0.0004727898472163261,-0.15605823901900728,0.19378348264975173,1,1,1,0.85,0.4073725706328719,0.3462666850379411,0.0,0.0,-0.010795301907172577,2.6145692274754198,2.524217376340056,1.7915153330992188
2022-06-14,2022,259.319224,379.181518,179.236236,304.115129,205.676999,201.306473,-0.008176096436169678,0.0004727896972804846,-0.1604589952912565,0.1917760376952076,1,1,1,0.85,0.4073725706328719,0.3462666850379411,0.0,0.0,-0.006878763516152153,2.593192257332539,2.506853881944851,1.792362343091228
2022-06-15,2022,260.632583,383.51806,179.320977,308.129966,207.176305,203.394029,0.005064641871672437,0.000472789441974264,-0.15433906514969575,0.17931035536576886,1,1,1,0.85,0.4073725706328719,0.3462666850379411,0.0,0.0,0.004375864007217711,2.6063258474203224,2.5178235336182078,1.7932097530832338
2022-06-17,2022,257.264679,379.096314,179.408911,296.915866,201.166989,196.906217,-0.01292203745684406,0.0004903720773281606,-0.17886814334891787,0.20062843879041048,1,1,1,0.85,0.4073725706328719,0.3462666850379411,0.0,0.0,-0.010910176026718227,2.572646807195216,2.4903536356622196,1.7940890930749385
2022-06-20,2022,257.499468,372.056891,179.496887,297.414414,201.223415,197.069951,0.0009126359705211584,0.000490365832497508,-0.17863782133448747,0.190687675808352,1,1,1,0.85,0.4073725706328719,0.3462666850379411,0.0,0.0,0.0008492954498176108,2.574994697210909,2.492468681673424,1.7949688530666388
2022-06-21,2022,258.454266,374.704365,179.584907,300.253658,200.884861,197.295082,0.00370796105877802,0.0004903706213021941,-0.1800197452573864,0.17390852378372115,1,1,1,0.85,0.4073725706328719,0.3462666850379411,0.0,0.0,0.003225322493156646,2.584542677274727,2.5005076969759137,1.795849053058335
2022-06-22,2022,256.831742,369.037767,179.67297,294.713605,200.556384,196.537823,-0.006277799260624328,0.0004903697168716636,-0.1813605364588552,0.1723652189595176,1,1,1,0.85,0.4073725706328719,0.3462666850379411,0.0,0.0,-0.005262573913999929,2.5683174371662796,2.487348590398052,1.7967296830500274
2022-06-23,2022,256.159737,367.301316,179.761076,292.263666,197.650471,193.733951,-0.002616518483139929,0.0004903686959703002,-0.19322201407413386,0.17423707444681033,1,1,1,0.85,0.4073725706328719,0.3462666850379411,0.0,0.0,-0.0021504854062733944,2.5615973871213633,2.4819995835540865,1.7976107430417159
2022-06-24,2022,258.458552,372.04709,179.849226,299.472077,198.843467,195.391716,0.008974146471738331,0.0004903731217096308,-0.18835239294331652,0.16746692043590322,1,1,1,0.85,0.4073725706328719,0.3462666850379411,0.0,0.0,0.007701580469234026,2.5845855372750126,2.5011149030714335,1.7984922430334
2022-06-27,2022,261.212801,381.795998,179.937419,308.161028,203.059259,199.239373,0.010656443668383586,0.0004903718629294396,-0.17114419626341904,0.1927080316690159,1,1,1,0.85,0.4073725706328719,0.3462666850379411,0.0,0.0,0.009131532897565464,2.6121280274591028,2.5239539160894213,1.7993741730250805
2022-06-28,2022,259.700367,379.804889,180.025654,302.978369,202.71063,198.625394,-0.005790045488620499,0.0004903649307095304,-0.17256724474406415,0.19274881055320478,1,1,1,0.85,0.4073725706328719,0.3462666850379411,0.0,0.0,-0.004847983925720994,2.597003687358014,2.5117178280749592,1.8002565230167564
2022-06-29,2022,258.366504,370.863223,180.113934,298.376134,200.757904,196.476427,-0.005136161397877426,0.0004903745551732008,-0.18053796366709207,0.19120413311738002,1,1,1,0.85,0.4073725706328719,0.3462666850379411,0.0,0.0,-0.004292181004919832,2.5836650572688606,2.5009370805235775,1.8011393230084285
2022-06-30,2022,257.128268,361.670025,180.202256,294.084663,198.581492,194.429797,-0.004792556236314693,0.0004903673915646056,-0.18942173349076674,0.19092101678181186,1,1,1,0.85,0.4073725706328719,0.3462666850379411,0.0,0.0,-0.004000117692132798,2.5712826971860983,2.4909330378608643,1.8020225430000967
2022-07-01,2022,259.184924,367.867536,180.290622,300.505137,199.411753,195.719168,0.007998560469438587,0.0004903712193260468,-0.18603273930328112,0.18630526684059925,1,1,1,0.85,0.4073725706328719,0.3462666850379411,0.0,0.0,0.006872332081921706,2.5918492573235623,2.5080515568908743,1.8029062029917606
2022-07-04,2022,258.199879,363.320386,180.379031,297.036558,198.71651,194.839117,-0.003800548985634755,0.0004903693770603734,-0.1888706113530222,0.18550326441138368,1,1,1,0.85,0.4073725706328719,0.3462666850379411,0.0,0.0,-0.003156911231230486,2.581998807257723,2.5001338607624204,1.80379029298342
2022-07-05,2022,256.71574,357.388438,180.467484,291.945238,198.083738,194.020478,-0.005748023607710651,0.0004903729635847842,-0.191453486653685,0.1855178490887909,1,1,1,0.85,0.4073725706328719,0.3462666850379411,0.0,0.0,-0.0048122641220163355,2.567157417158525,2.4881025562840353,1.8046748229750758
2022-07-06,2022,257.943846,359.806017,180.555979,295.671606,198.938182,195.289378,0.0047839139119401075,0.0004903653447065892,-0.18796578128208263,0.18823134154208127,1,1,1,0.85,0.4073725706328719,0.3462666850379411,0.0,0.0,0.00413988162685508,2.57943847724061,2.4984030063425267,1.8055597729667272
2022-07-07,2022,260.36008,366.676925,180.644519,303.260589,202.990742,199.30077,0.009367286862893343,0.0004903742345745421,-0.17142387182898688,0.20495614857595787,1,1,1,0.85,0.4073725706328719,0.3462666850379411,0.0,0.0,0.008035749968645523,2.6036008174021075,2.518479548222407,1.8064451729583744
2022-07-08,2022,259.135377,363.455542,180.733101,299.012333,202.10204,198.277455,-0.004703881639612217,0.0004903663863724539,-0.1750514129424523,0.20270772287666208,1,1,1,0.85,0.4073725706328719,0.3462666850379411,0.0,0.0,-0.0039247444357145165,2.59135378732025,2.5085951596290603,1.8073309929500179
2022-07-11,2022,258.326814,358.19232,180.821727,296.116863,197.916477,194.020478,-0.0031202339462897966,0.0004903694979483397,-0.19213621962174332,0.20801402938986832,1,1,1,0.85,0.4073725706328719,0.3462666850379411,0.0,0.0,-0.002578643429654076,2.583268157266207,2.502126387203021,1.8082172529416571
2022-07-12,2022,259.588593,359.230188,180.910397,299.952186,198.035374,194.225137,0.00488442907053388,0.0004903724871512249,-0.19165090085823466,0.18822595504820053,1,1,1,0.85,0.4073725706328719,0.3462666850379411,0.0,0.0,0.0042253205830264816,2.5958859473505425,2.5126986733282033,1.809103952933292
2022-07-13,2022,258.590804,354.481124,180.99911,296.441263,197.249447,193.426953,-0.003843732070307193,0.0004903698265612544,-0.19485893066426907,0.18800304721651723,1,1,1,0.85,0.4073725706328719,0.3462666850379411,0.0,0.0,-0.003193616785776926,2.5859080572838513,2.504674076667463,1.809991082924923
2022-07-14,2022,256.624287,347.641289,181.087866,289.780757,193.702701,189.415561,-0.007604744521386819,0.0004903670520810532,-0.20933618730824965,0.19274092776996382,2,1,1,0.85,0.4073725706328719,0.3462666850379411,0.0,0.0,-0.006390477785366638,2.566242887152412,2.488668012620936,1.81087864291655
2022-07-15,2022,257.821191,345.745347,181.176666,293.404771,194.569236,190.889121,0.004664032442104782,0.0004903696860618645,-0.20579912838550984,0.1686149455787988,2,2,2,0.6,0.4073725706328719,0.24442354237972314,0.10184314265821798,0.00010184314265821798,0.002892724197029397,2.5782119272324113,2.4958670427994174,1.8117666429081731
2022-07-18,2022,258.509571,347.432069,181.26551,295.375384,195.304782,191.093797,0.002669989993181021,0.0004903721983713361,-0.2027967458592581,0.16959091381025984,2,2,2,0.6,0.4073725706328719,0.24442354237972314,0.0,0.0,0.0017981428752571471,2.585095727278422,2.5003549683400164,1.8126550828997918
2022-07-19,2022,260.495702,357.663127,181.354397,301.565005,197.982979,193.815802,0.007683007605161274,0.000490369072417618,-0.19186476896772464,0.17789726329250244,1,2,2,0.6,0.4073725706328719,0.24442354237972314,0.0,0.0,0.0048059521920638115,2.6049570374111717,2.5123715547810477,1.8135439528914066
2022-07-20,2022,261.965475,364.969872,181.443328,306.075754,198.067617,194.327459,0.005642215931839223,0.0004903713473238813,-0.1915192900279209,0.1778991520189443,1,1,2,0.6,0.4073725706328719,0.24442354237972314,0.0,0.0,0.0035814780980330863,2.6196547675094095,2.521369558478617,1.814433262883017
2022-07-21,2022,262.443274,365.998557,181.532302,307.36135,199.570953,195.146114,0.0018239006495033294,0.0004903679897227953,-0.18538291006326169,0.1721484339851581,1,1,2,0.6,0.4073725706328719,0.24442354237972314,0.0,0.0,0.0012904875855911158,2.6244327575413444,2.5246233545925207,1.8153230028746232
2022-07-22,2022,262.319726,366.161773,181.62132,306.691765,199.353312,195.289378,-0.00047076077857488574,0.0004903700279192957,-0.1862712862292608,0.1709852239905272,1,1,2,0.6,0.4073725706328719,0.24442354237972314,0.0,0.0,-8.630845597721313e-05,2.623197277533087,2.5244054582488618,1.8162131828662254
2022-07-25,2022,263.057704,367.592879,181.710382,308.822968,202.063751,198.011399,0.002813276802523079,0.0004903719453202005,-0.17520770258925566,0.16038835257926223,1,1,2,0.6,0.4073725706328719,0.24442354237972314,0.0,0.0,0.0018841148596419276,2.6305770575824123,2.52916172808451,1.8171038028578237
2022-07-26,2022,262.453613,362.980319,181.799487,306.59082,201.060184,196.783424,-0.0022964201040848176,0.0004903682388384123,-0.17930410447944722,0.16120946074349282,1,1,2,0.6,0.4073725706328719,0.24442354237972314,0.0,0.0,-0.0011817047669155257,2.624536147542036,2.5261730056141323,1.8179948528494176
2022-07-27,2022,264.126818,371.734425,181.888636,311.762295,204.417501,200.221762,0.0063752408697075325,0.0004903699205707213,-0.16560006707609265,0.16806917771072005,1,1,2,0.6,0.4073725706328719,0.24442354237972314,0.0,0.0,0.004021292490052808,2.6412681976538708,2.536331486150183,1.8188863428410074
2022-07-28,2022,264.193708,369.095987,181.977829,311.711318,206.753114,202.820975,0.00025324955832384255,0.0004903714820316818,-0.15606646393055656,0.1659094258663969,1,1,2,0.6,0.4073725706328719,0.24442354237972314,0.0,0.0,0.00034809832780697826,2.6419370976583414,2.537214378899276,1.8197782728325935
2022-07-29,2022,263.755116,371.342579,182.067066,310.016834,207.897745,203.23031,-0.0016601152363553418,0.000490372923396043,-0.15139426108613074,0.16620758459481502,1,1,2,0.6,0.4073725706328719,0.24442354237972314,0.0,0.0,-0.0007999199724547878,2.6375511776290264,2.535184810443195,1.820670642824175
2022-08-01,2022,261.554327,363.769557,182.156346,302.593107,206.003461,201.715793,-0.008344061845609763,0.0004903687523585276,-0.159126429001337,0.16989086262504915,1,1,2,0.6,0.4073725706328719,0.24442354237972314,0.0,0.0,-0.004810289606422447,2.615543287481929,2.5229898372991597,1.8215634428157526
2022-08-02,2022,263.929981,367.694524,182.24567,310.047798,208.294739,203.701026,0.009082831957889947,0.0004903699594411837,-0.149773794319094,0.17183953649553446,1,1,1,0.85,0.4073725706328719,0.3462666850379411,0.10184314265821798,0.00010184314265821798,0.007692119515464415,2.6392998276407145,2.542396976663967,1.8224566828073256
2022-08-03,2022,263.923146,370.948861,182.335038,309.756609,209.127015,205.072264,-2.5897020013099237e-05,0.0004903710469499334,-0.1463765752200591,0.17180050924049506,1,1,1,0.85,0.4073725706328719,0.3462666850379411,0.0,0.0,5.1543190031355646e-05,2.6392314776402577,2.542528019914471,1.8233503627988947
2022-08-04,2022,265.33823,372.333968,182.427642,314.0785,213.393186,209.738592,0.005361727538667704,0.0005078782499279288,-0.1289627394240629,0.1718403543944328,1,1,1,0.85,0.4073725706328719,0.3462666850379411,0.0,0.0,0.0046336501453567375,2.65338231773484,2.5543092052435212,1.8242764027901586
2022-08-05,2022,264.863483,372.896053,182.520293,312.25619,214.562,210.270705,-0.0017892144678889332,0.0005078780769418589,-0.1241918253955201,0.17011687024649802,1,1,1,0.85,0.4073725706328719,0.3462666850379411,0.0,0.0,-0.0014446505861643144,2.648634847703108,2.550619120952921,1.825202912781418
2022-08-08,2022,266.457172,377.173497,182.612992,317.158467,218.451329,214.486772,0.006017020473902068,0.0005078832521925314,-0.10831619908738432,0.15318714291523142,1,1,1,0.85,0.4073725706328719,0.3462666850379411,0.0,0.0,0.005190649890645637,2.664571737809628,2.563858491814174,1.8261299027726727
2022-08-09,2022,266.614804,377.177181,182.705737,317.391812,218.953113,214.998429,0.0005915847519388784,0.000507877336569873,-0.10626799610136739,0.15265960907750117,1,1,1,0.85,0.4073725706328719,0.3462666850379411,0.0,0.0,0.0005790286396335276,2.6661480578201635,2.565343039308902,1.8270573527639236
2022-08-10,2022,267.368296,385.329134,182.79853,319.562226,222.1472,218.088829,0.002826144642740891,0.0005078822456461296,-0.0932302377611306,0.15228625997248424,0,1,1,0.85,0.4073725706328719,0.3462666850379411,0.0,0.0,0.0024784052831766765,2.673682977870526,2.5717009990506856,1.8279852827551695
2022-08-11,2022,267.554913,385.850179,182.891369,319.889523,221.103328,216.69712,0.0006979772949595731,0.0005078760753709499,-0.09749115829151678,0.13024250266531337,0,0,1,0.85,0.4073725706328719,0.3462666850379411,0.0,0.0,0.0006694621120212796,2.6755491478829994,2.5734226554329975,1.828913672746411
2022-08-12,2022,269.81145,402.591769,182.984256,326.946224,227.241616,222.345822,0.008433921002227951,0.0005078807190730394,-0.07243563677103981,0.14980163992977613,0,0,1,0.85,0.4073725706328719,0.3462666850379411,0.0,0.0,0.007245014959754714,2.698114518033823,2.592067141069381,1.829842542737648
2022-08-15,2022,269.881734,408.252738,183.07719,326.895025,227.781689,223.021213,0.00026049302207153957,0.0005078797598849771,-0.07023114413821963,0.15038709405966202,0,0,1,0.85,0.4073725706328719,0.3462666850379411,0.0,0.0,0.00029760103274355525,2.6988173580385206,2.5928385429275043,1.8307718827288808
2022-08-16,2022,266.352145,401.346672,183.170172,315.140078,228.748983,224.638052,-0.013078280429308253,0.0005078841334631434,-0.06628280290144017,0.14916895702590383,0,0,1,0.85,0.4073725706328719,0.3462666850379411,0.0,0.0,-0.011040355744892543,2.663521467802608,2.5642126830245155,1.8317017027201092
2022-08-17,2022,265.58898,400.557497,183.2632,312.378953,229.143962,225.108768,-0.002865248184879543,0.0005078774507019101,-0.06467056104595281,0.14844577284345756,0,0,1,0.85,0.4073725706328719,0.3462666850379411,0.0,0.0,-0.002359279339542325,2.655889817751599,2.5581629890192636,1.832631982711333
2022-08-18,2022,265.150464,400.830096,183.356276,310.673158,229.355557,225.006446,-0.0016511076626748444,0.0005078815605097375,-0.06380686369644328,0.15018173991218184,0,0,1,0.85,0.4073725706328719,0.3462666850379411,0.0,0.0,-0.001327259279197157,2.651504657722289,2.554767643454389,1.8335627427025525
2022-08-19,2022,264.125564,395.149071,183.449399,307.060822,224.686347,220.074062,-0.0038653524664395977,0.0005078800793270055,-0.08286584099412408,0.17713873148004303,0,0,1,0.85,0.4073725706328719,0.3462666850379411,0.0,0.0,-0.0032093675845746073,2.6412556576537862,2.5465684549933663,1.8344939726937672
2022-08-22,2022,263.372638,393.797994,183.542569,304.332559,222.681227,218.436767,-0.0028506366010069284,0.0005078784695282668,-0.09105042394480001,0.18238786380982516,0,0,1,0.85,0.4073725706328719,0.3462666850379411,0.0,0.0,-0.002346859340426649,2.6337263976034615,2.5405920170287293,1.8354256726849778
2022-08-23,2022,266.811321,400.656873,183.635787,315.231559,227.42903,223.287269,0.013056341107082092,0.0005078821796375976,-0.0716706424419632,0.18726960014241245,0,0,1,0.85,0.4073725706328719,0.3462666850379411,0.0,0.0,0.011174072267965417,2.668113227833299,2.568980775830424,1.836357852676184
2022-08-24,2022,264.219882,399.943415,183.729052,306.525792,227.511653,223.451003,-0.009712627598736812,0.0005078803076656868,-0.07133338841370873,0.18412832277608562,0,0,0,1.0,0.4073725706328719,0.4073725706328719,0.0611058855949308,6.11058855949308e-05,-0.009773733484331743,2.6421988376600902,2.543872242401086,1.8372905026673854
2022-08-25,2022,266.099336,404.86658,183.822364,312.355275,228.789287,224.310584,0.007113219435924245,0.0005078783076724047,-0.06611828834308753,0.18276895888894,0,0,0,1.0,0.4073725706328719,0.4073725706328719,0.0,0.0,0.007113219435924245,2.66099337778571,2.5619673638782414,1.8382236226585826
2022-08-26,2022,263.915737,402.680777,183.915724,304.975161,226.30455,221.772768,-0.008205954335789856,0.0005078816198882397,-0.07626059208905478,0.19136182604738886,0,0,0,1.0,0.4073725706328719,0.4073725706328719,0.0,0.0,-0.008205954335789856,2.6391573876397616,2.5409439766804724,1.8391572226497752
2022-08-29,2022,263.452534,406.347654,184.009131,303.188108,226.352915,221.854635,-0.0017551170129728177,0.0005078793589174957,-0.07606317380266325,0.1854525862274617,0,0,0,1.0,0.4073725706328719,0.4073725706328719,0.0,0.0,-0.0017551170129728177,2.634525357608802,2.53648432267799,1.8400912926409632
2022-08-30,2022,262.713035,402.173147,184.102585,300.502643,222.540163,217.761376,-0.002806953452951122,0.0005078769705184616,-0.09162622489903427,0.1988634614936972,0,0,0,1.0,0.4073725706328719,0.4073725706328719,0.0,0.0,-0.002806953452951122,2.6271303675593747,2.5293645292500924,1.8410258326321471
2022-08-31,2022,263.495725,412.009923,184.196087,302.765848,220.710365,216.594798,0.002979258337904689,0.0005078798866404721,-0.0990951711536131,0.20305285224852548,0,0,0,1.0,0.4073725706328719,0.4073725706328719,0.0,0.0,0.002979258337904689,2.6349572676116884,2.5369001596134613,1.8419608526233264
2022-09-01,2022,263.973538,419.947608,184.289637,304.037718,222.487768,218.150225,0.0018133614881228333,0.0005078826674531634,-0.09184009300852436,0.19333732124077174,0,0,0,1.0,0.4073725706328719,0.4073725706328719,0.0,0.0,0.0018133614881228333,2.6397353976436246,2.541500476662117,1.842896352614501
2022-09-02,2022,264.811433,420.97642,184.383234,306.480116,223.412743,219.17354,0.003174162858702978,0.0005078798869193601,-0.08806449124164684,0.1930934979625224,0,0,0,1.0,0.4073725706328719,0.4073725706328719,0.0,0.0,0.003174162858702978,2.6481143476996287,2.5495676130805136,1.843832322605671
2022-09-05,2022,264.084723,417.540578,184.476878,303.835656,226.111091,221.956957,-0.00274425462589456,0.0005078769797475235,-0.07705026115277913,0.18754578933616356,0,0,0,1.0,0.4073725706328719,0.4073725706328719,0.0,0.0,-0.00274425462589456,2.640847247651056,2.5425709503642864,1.8447687625968368
2022-09-06,2022,263.216536,411.527306,184.570571,300.731095,221.196027,216.840383,-0.003287532084921052,0.0005078847875992221,-0.09711277562367415,0.20525365514237512,0,0,0,1.0,0.4073725706328719,0.4073725706328719,0.0,0.0,-0.003287532084921052,2.6321653775930276,2.5342121667867756,1.845705692587998
2022-09-08,2022,264.752748,413.208064,184.66431,305.443374,221.502337,217.311115,0.00583630505645738,0.000507876198746704,-0.09586246661293085,0.19855138924527305,0,0,0,1.0,0.4073725706328719,0.4073725706328719,0.0,0.0,0.00583630505645738,2.6475274976957057,2.5490026020699292,1.8466430825791547
2022-09-09,2022,266.166445,416.66782,184.758098,309.757197,226.306565,221.854635,0.00533968773007798,0.0005078837377943124,-0.0762523671775055,0.21203098694162506,0,0,0,1.0,0.4073725706328719,0.4073725706328719,0.0,0.0,0.00533968773007798,2.6616644677901955,2.562613479988139,1.847580962570307
2022-09-12,2022,265.642964,413.43062,184.851932,307.772886,228.537388,223.983131,-0.0019667430280326803,0.0005078748970452907,-0.06714650025094959,0.1907979011637403,0,0,0,1.0,0.4073725706328719,0.4073725706328719,0.0,0.0,-0.0019667430280326803,2.656429657755207,2.5575734777928294,1.8485193025614552
2022-09-13,2022,263.780049,399.939924,184.945815,301.433776,223.271679,218.948425,-0.007012852785364898,0.0005078821680912782,-0.08864029219588099,0.2077972741175442,0,0,0,1.0,0.4073725706328719,0.4073725706328719,0.0,0.0,-0.007012852785364898,2.6378005076306925,2.5396375915053144,1.8494581325525987
2022-09-14,2022,263.339139,400.144529,185.039745,299.717625,222.773926,218.477693,-0.0016715062479953913,0.0005078784832195371,-0.0906720412769575,0.20693226814339333,0,0,0,1.0,0.4073725706328719,0.4073725706328719,0.0,0.0,-0.0016715062479953913,2.6333914076012226,2.5353925714034693,1.8503974325437376
2022-09-15,2022,262.986143,404.715092,185.133723,298.28715,221.578914,217.167852,-0.001340461586304298,0.0005078800773314907,-0.09554989140116599,0.20711391902490575,0,0,0,1.0,0.4073725706328719,0.4073725706328719,0.0,0.0,-0.001340461586304298,2.629861447577629,2.5319939750553018,1.851337212534872
2022-09-16,2022,261.784208,403.386983,185.227749,294.096533,220.220672,216.124066,-0.004570335859863328,0.0005078815381462931,-0.10109402058849248,0.2074887829787086,1,0,0,1.0,0.4073725706328719,0.4073725706328719,0.0,0.0,-0.004570335859863328,2.617842097497293,2.5204219121941485,1.8522774725260016
2022-09-19,2022,265.107328,406.089327,185.321823,304.61725,225.347332,221.486241,0.01269411942526344,0.000507882865865783,-0.08016780468624607,0.21385897229794376,0,1,1,0.85,0.4073725706328719,0.3462666850379411,0.0611058855949308,6.11058855949308e-05,0.010805078055758859,2.651073297719406,2.5476552676888513,1.8532182125171268
2022-09-20,2022,263.856098,398.844974,185.415944,300.266083,226.743863,222.775612,-0.004719711105081292,0.000507878664673056,-0.0744673858521161,0.2119992159986627,0,0,1,0.85,0.4073725706328719,0.3462666850379411,0.0,0.0,-0.00393557263961814,2.638560997635775,2.537628785322156,1.8541594225082478
2022-09-21,2022,263.041484,395.982246,185.510113,297.334258,225.573034,221.363448,-0.003087341949549849,0.0005078797322843887,-0.07924652479220795,0.1987404078458919,0,0,1,0.85,0.4073725706328719,0.3462666850379411,0.0,0.0,-0.002548058697274713,2.6304148575813278,2.5311627582252614,1.855101112499364
2022-09-22,2022,264.040695,396.379344,185.60433,300.299247,229.873463,225.395295,0.003798682188091762,0.0005078806674005953,-0.06169285325434881,0.2103589063475757,0,0,1,0.85,0.4073725706328719,0.3462666850379411,0.0,0.0,0.003305061959988087,2.6404069676481137,2.53952840797201,1.8560432824904758
2022-09-23,2022,263.100765,393.986813,185.698594,296.95972,225.12969,220.708512,-0.0035597921752175132,0.0005078760824168693,-0.08105618493408695,0.22235473802827532,0,0,1,0.85,0.4073725706328719,0.3462666850379411,0.0,0.0,-0.002949641936572356,2.63100766758529,2.5320377084807393,1.8569859224815832
2022-09-26,2022,261.27188,382.036583,185.792907,290.729951,219.886149,215.162148,-0.006951272072508119,0.0005078821436850234,-0.10245949060645099,0.23395467465786263,1,0,1,0.85,0.4073725706328719,0.3462666850379411,0.0,0.0,-0.005832398940079147,2.61271881746305,2.5172698544335557,1.8579290524726861
2022-09-27,2022,260.80154,382.566071,185.887268,288.916826,218.398934,214.241171,-0.001800193729229571,0.0005078826825180016,-0.1085300671968743,0.23465228076388017,1,1,1,0.85,0.4073725706328719,0.3462666850379411,0.0,0.0,-0.0014539822674674353,2.608015417431613,2.513609788702779,1.8588726624637841
2022-09-28,2022,261.266715,382.753629,185.981676,290.145025,218.550074,214.527698,0.0017836359401866009,0.0005078777100537835,-0.10791313760305188,0.22778034882696163,1,1,1,0.85,0.4073725706328719,0.3462666850379411,0.0,0.0,0.0015922722056666782,2.6126671674627047,2.5176121397052222,1.8598167424548777
2022-09-29,2022,260.377757,380.070594,186.076132,286.970637,216.964114,212.440143,-0.0034024923534557994,0.0005078779911629194,-0.11438677567780753,0.22738883760595027,1,1,1,0.85,0.4073725706328719,0.3462666850379411,0.0,0.0,-0.0028159368017629913,2.603777587403288,2.510522703028461,1.8607613024459668
2022-09-30,2022,262.925917,383.475794,186.170637,294.970571,221.746175,217.884169,0.009786396616052073,0.0005078835151195449,-0.09270284005889784,0.2396669149094198,0,1,1,0.85,0.4073725706328719,0.3462666850379411,0.0,0.0,0.008394619650912193,2.6292591875736036,2.531597586245365,1.8617063524370514
2022-10-03,2022,265.156136,398.838886,186.265189,301.936699,234.032828,230.041153,0.008482309486439688,0.0005078781569618496,-0.023140011224967894,0.310271189295952,1,0,1,0.85,0.4073725706328719,0.3462666850379411,0.0,0.0,0.007286144787018012,2.651561377722668,2.550043172801214,1.8626518724281313
2022-10-04,2022,265.610785,392.540268,186.359789,303.130098,234.226287,229.938815,0.0017146463470867346,0.0005078780447806963,-0.02214332530912866,0.3082302341052856,1,1,1,0.85,0.4073725706328719,0.3462666850379411,0.0,0.0,0.0015336311017408288,2.6561078677530565,2.553953998321804,1.8635978724192073
2022-10-05,2022,265.597338,392.896136,186.454438,302.801521,236.176998,231.924048,-5.062670930344737e-05,0.0005078831678650975,-0.013999423972627989,0.2958226119324666,0,1,1,0.85,0.4073725706328719,0.3462666850379411,0.0,0.0,3.3149772271834376e-05,2.6559733977521574,2.554038661315241,1.8645443624102782
2022-10-06,2022,265.674685,392.113275,186.549134,302.767977,236.908514,232.231046,0.00029121903322693043,0.0005078774257976093,-0.0064315997111885626,0.29572689436491484,0,0,1,0.85,0.4073725706328719,0.3462666850379411,0.0,0.0,0.0003237177921125323,2.6567468677573274,2.554865449071652,1.8654913224013445
2022-10-07,2022,265.435394,391.873507,186.643879,301.704866,234.518491,230.818866,-0.0009006917614301502,0.0005078822826376506,-0.01008837951682895,0.29132646527557965,0,0,1,0.85,0.4073725706328719,0.3462666850379411,0.0,0.0,-0.0006894056548199801,2.654353957741333,2.5531041103837575,1.8664387723924065
2022-10-10,2022,266.479781,396.176444,186.738672,304.814992,233.643896,229.386232,0.003934618455593064,0.0005078816434156419,-0.013780078836676979,0.29042049110548934,0,0,1,0.85,0.4073725706328719,0.3462666850379411,0.0,0.0,0.003420607933766451,2.6647978278111384,2.5618372785594676,1.8673867023834638
2022-10-11,2022,267.437763,397.984251,186.833512,307.644063,231.398967,226.950738,0.00359495191869752,0.0005078755192176043,-0.02325601096801444,0.27920955143336657,0,0,1,0.85,0.4073725706328719,0.3462666850379411,0.0,0.0,0.0031318904587755323,2.674377647875169,2.5698606722891237,1.868335102374517
2022-10-13,2022,267.463394,400.809541,186.928401,307.441805,230.336958,225.661367,9.583912052080201e-05,0.0005078799781914611,-0.027738792030074455,0.27980134590382544,0,0,1,0.85,0.4073725706328719,0.3462666850379411,0.0,0.0,0.0001576452491714009,2.674633957876882,2.5702657986151425,1.8692839923655653
2022-10-14,2022,266.069815,396.383854,187.023339,302.625388,225.8471,221.486241,-0.0052103541316760316,0.0005078842995076549,-0.046690656292749266,0.2889545197663366,0,0,1,0.85,0.4073725706328719,0.3462666850379411,0.0,0.0,-0.004352618366998478,2.660698167783737,2.5590784124920223,1.8702333723566087
2022-10-17,2022,266.190571,401.227017,187.118324,302.732105,228.974685,224.924579,0.0004538508060374369,0.0005078777895202169,-0.03348899904880587,0.29101089707747785,0,0,1,0.85,0.4073725706328719,0.3462666850379411,0.0,0.0,0.00046195485355985386,2.661905727791808,2.560260591185313,1.8711832223476481
2022-10-18,2022,267.976657,409.480159,187.213358,308.252855,233.244887,229.099705,0.006709801903539203,0.0005078818469963498,-0.015464311257298191,0.28697917765657194,0,0,1,0.85,0.4073725706328719,0.3462666850379411,0.0,0.0,0.005779513895057775,2.6797665879111876,2.5750576528470375,1.8721335623386826
2022-10-19,2022,267.420048,410.577782,187.30844,306.157089,234.314956,229.938815,-0.0020770801689640184,0.0005078804259255332,-0.010947508623518676,0.28671453774241606,0,0,1,0.85,0.4073725706328719,0.3462666850379411,0.0,0.0,-0.0016893360797305855,2.674200497873985,2.570707515046697,1.8730843823297125
2022-10-20,2022,268.307739,411.430859,187.40357,308.756765,236.122587,231.064467,0.003319463169044079,0.0005078788761467834,-0.0033174282626246,0.2862120705728123,0,0,0,1.0,0.4073725706328719,0.4073725706328719,0.0611058855949308,6.11058855949308e-05,0.003258357283449148,2.6830774079333173,2.579083798601967,1.8740356823207382
2022-10-21,2022,270.876412,422.382833,187.498748,316.82136,241.680499,238.289067,0.009573607565602105,0.000507877197857054,0.0,0.2900730925599495,0,0,0,1.0,0.4073725706328719,0.4073725706328719,0.0,0.0,0.009573607565602105,2.708764138105004,2.603774934768585,1.8749874623117595
2022-10-24,2022,270.59799,417.849756,187.593975,315.629575,233.78899,229.509025,-0.0010278562018166681,0.0005078807246221562,-0.03265265105232995,0.30559539430322963,1,0,0,1.0,0.4073725706328719,0.4073725706328719,0.0,0.0,-0.0010278562018166681,2.705979918086394,2.601098628553748,1.8759397323027758
2022-10-25,2022,269.35508,410.074524,187.68925,311.301983,230.993912,226.111628,-0.004593197458709897,0.0005078787844865484,-0.04421782909344296,0.29560748593227043,0,1,1,0.85,0.4073725706328719,0.3462666850379411,0.0611058855949308,6.11058855949308e-05,-0.003889141907825361,2.69355081800332,2.5909825868710525,1.8768924822937878
2022-10-26,2022,267.691911,403.608383,187.784574,305.607936,227.241616,222.632348,-0.006174633869908797,0.0005078820443897847,-0.059743682505389084,0.3014607154117649,1,0,1,0.85,0.4073725706328719,0.3462666850379411,0.0,0.0,-0.005172256482764009,2.676919127892156,2.57758136038938,1.877845722284795
2022-10-27,2022,269.52,410.636085,187.879946,311.264226,231.02414,225.129239,0.006829078223435703,0.0005078798432078813,-0.04409275487303599,0.30572204746861154,1,1,1,0.85,0.4073725706328719,0.3462666850379411,0.0,0.0,0.005880898466401529,2.6952000180143427,2.5927398546587193,1.8787994422757976
2022-10-28,2022,268.254679,409.719067,187.975367,306.863333,230.81859,231.269127,-0.004694720243395567,0.0005078828370539412,-0.04494325791672582,0.30373069924856366,1,1,1,0.85,0.4073725706328719,0.3462666850379411,0.0,0.0,-0.0039143297813281405,2.6825468079297705,2.5825910158303924,1.8797536522667961
2022-10-31,2022,267.808213,412.395937,188.070835,305.124491,233.837354,229.529495,-0.0016643363003557843,0.0005078750557778733,-0.03245253560983419,0.2979971770809743,0,1,1,0.85,0.4073725706328719,0.3462666850379411,0.0,0.0,-0.0013385045969357356,2.6780821478999295,2.5791342058836983,1.8807083322577898
2022-11-01,2022,270.475853,425.836721,188.166353,313.509821,235.63491,230.880263,0.009961008925442938,0.0005078831069156298,-0.02501479856676403,0.22567844694073222,0,0,1,0.85,0.4073725706328719,0.3462666850379411,0.0,0.0,0.008543040052663842,2.70475854807823,2.6011678527057582,1.881663512248779
2022-11-03,2022,271.824518,434.331762,188.261919,317.606865,235.568408,231.473787,0.004986267665084476,0.0005078803860327774,-0.025289963506737068,0.22568741606933923,0,0,1,0.85,0.4073725706328719,0.3462666850379411,0.0,0.0,0.004314509573226721,2.7182451981683733,2.6123906163078265,1.8826191722397638
2022-11-04,2022,274.127242,433.913021,188.357533,324.805516,238.105541,233.315757,0.00847136239564672,0.0005078775384201872,-0.014792082997147404,0.22699045255793024,0,0,1,0.85,0.4073725706328719,0.3462666850379411,0.0,0.0,0.0072768396670627395,2.741272438322284,2.631400563970438,1.8835753122307437
2022-11-07,2022,271.665195,424.58259,188.453196,316.513202,232.436793,227.626129,-0.00898140214754739,0.0005078798733257894,-0.03824762874227594,0.2424765653958052,0,0,1,0.85,0.4073725706328719,0.3462666850379411,0.0,0.0,-0.007558009844416413,2.716651968157724,2.6115124126033464,1.884531942221719
2022-11-08,2022,272.539702,425.231734,188.548908,319.068266,234.085224,229.836493,0.003219061610008511,0.0005078820738069201,-0.03142692534741909,0.24145320383705768,0,0,1,0.85,0.4073725706328719,0.3462666850379411,0.0,0.0,0.0028123846795782724,2.7253970382161743,2.6188569901030805,1.88548906221269
2022-11-09,2022,272.306208,424.469478,188.644668,318.020942,228.886017,224.617582,-0.0008567338933977986,0.0005078788364023534,-0.052939654018175464,0.2538512058705146,0,0,1,0.85,0.4073725706328719,0.3462666850379411,0.0,0.0,-0.0006520419839277757,2.7230620982005687,2.6171493853956305,1.886446662203656
2022-11-10,2022,269.381003,405.144577,188.740477,308.222405,221.218194,217.147381,-0.010742336803426844,0.0005078807740275249,-0.08466676080472668,0.2777558111114209,0,0,1,0.85,0.4073725706328719,0.3462666850379411,0.0,0.0,-0.009054804166808688,2.693810048005052,2.593451610235589,1.8874047521946176
2022-11-11,2022,273.359819,410.210332,188.836334,320.869496,226.211851,222.161632,0.01477021748263363,0.000507877279551483,-0.06400453517766036,0.29094953985497296,0,0,1,0.85,0.4073725706328719,0.3462666850379411,0.0,0.0,0.012630866452171307,2.7335982082709904,2.6262091511746433,1.8883633221855747
2022-11-14,2022,274.420478,415.49796,188.932241,324.029174,228.041649,223.573796,0.003880083780710919,0.0005078842507078019,-0.05643339059805563,0.28375828329140496,0,0,1,0.85,0.4073725706328719,0.3462666850379411,0.0,0.0,0.0033742538512104513,2.744204798341883,2.6350706475170784,1.889322392176527
2022-11-16,2022,273.68893,403.373124,189.028196,321.362036,222.161306,217.024588,-0.0026657923101496284,0.0005078804945737314,-0.08076445174833902,0.29397581913506865,0,0,0,1.0,0.4073725706328719,0.4073725706328719,0.0611058855949308,6.11058855949308e-05,-0.002726898195744559,2.7368893182929876,2.6278850781227048,1.8902819421674748
2022-11-17,2022,271.932923,390.939274,189.124199,315.364111,221.0731,216.308271,-0.006416068782906237,0.0005078766132857737,-0.08526711540760257,0.28446298906716616,0,0,0,1.0,0.4073725706328719,0.4073725706328719,0.0,0.0,-0.006416068782906237,2.7193292481756184,2.6110243867078964,1.8912419721584182
2022-11-18,2022,271.429219,391.044455,189.220252,313.437426,219.414593,214.589094,-0.0018523097330146454,0.0005078831820986007,-0.09212951020926186,0.2836909981969751,0,0,0,1.0,0.4073725706328719,0.4073725706328719,0.0,0.0,-0.0018523097330146454,2.714292208141951,2.6061879608232585,1.8922025021493565
2022-11-21,2022,272.862338,397.342706,189.316353,317.807427,221.163784,217.106455,0.00527989950853458,0.0005078790403472144,-0.08489189274638165,0.28382298252205646,0,0,0,1.0,0.4073725706328719,0.4073725706328719,0.0,0.0,0.00527989950853458,2.728623398237739,2.619948371356758,1.8931635121402908
2022-11-22,2022,273.542653,393.373499,189.412503,319.729829,219.730979,215.039355,0.002493253576094201,0.0005078800561935104,-0.09082040169074634,0.2658694607456867,0,0,0,1.0,0.4073725706328719,0.4073725706328719,0.0,0.0,0.002493253576094201,2.7354265482832094,2.6264805670028255,1.89412501213122
2022-11-23,2022,273.350565,393.141673,189.508702,318.815801,219.017599,215.387278,-0.0007022232105058368,0.0005078809396230621,-0.09377214998219618,0.24435976040957805,0,0,0,1.0,0.4073725706328719,0.4073725706328719,0.0,0.0,-0.0007022232105058368,2.733505668270371,2.6246361913867338,1.8950870021221449
2022-11-24,2022,274.569508,399.926786,189.604949,322.48905,225.361438,221.4453,0.004459266436855458,0.0005078764140340475,-0.06752328411900543,0.2669201628243793,0,0,0,1.0,0.4073725706328719,0.4073725706328719,0.0,0.0,0.004459266436855458,2.745695098351843,2.636340143463941,1.8960494721130652
2022-11-25,2022,274.352693,394.525125,189.701246,321.494339,219.610067,215.039355,-0.0007896543268016698,0.0005078823127131482,-0.09132069857237435,0.27578526852309165,0,0,0,1.0,0.4073725706328719,0.4073725706328719,0.0,0.0,-0.0007896543268016698,2.7435269483373514,2.6342583460627336,1.8970124421039805
2022-11-28,2022,273.839159,389.001721,189.797591,319.53481,219.217104,215.203089,-0.0018718022935535483,0.0005078775286484483,-0.09294665929997104,0.2672746093509312,0,0,0,1.0,0.4073725706328719,0.4073725706328719,0.0,0.0,-0.0018718022935535483,2.7383916083030275,2.629327535248761,1.8979758920948915
2022-11-29,2022,278.263381,401.665498,189.893986,333.628354,223.505442,219.582875,0.016156279533417583,0.0005078831585381138,-0.0752028280113739,0.2785157924958698,0,0,0,1.0,0.4073725706328719,0.4073725706328719,0.0,0.0,0.016156279533417583,2.782633828598736,2.671807685893152,1.898939842085798
2022-11-30,2022,279.370048,402.480395,189.990429,336.935993,226.681392,222.223029,0.003977048636521818,0.0005078781167930924,-0.06206171810328809,0.27932682367068706,0,0,0,1.0,0.4073725706328719,0.4073725706328719,0.0,0.0,0.003977048636521818,2.793700498672704,2.6824335950073817,1.8999042720766999
2022-12-01,2022,277.802745,396.596045,190.086921,331.550097,223.537685,219.112143,-0.005610132550787905,0.0005078782152756478,-0.07506941633714515,0.28049791306365,0,0,0,1.0,0.4073725706328719,0.4073725706328719,0.0,0.0,-0.005610132550787905,2.778027468567948,2.667384786980704,1.9008691920675969
2022-12-02,2022,279.048137,402.214947,190.183463,335.308451,225.548851,220.933642,0.004483008258251653,0.0005078834434906199,-0.06674782643509847,0.28338254929476236,0,0,0,1.0,0.4073725706328719,0.4073725706328719,0.0,0.0,0.004483008258251653,2.790481388651188,2.6793426950086734,1.9018346120584895
2022-12-05,2022,276.915344,395.718762,190.280053,328.083788,220.464511,216.185463,-0.007643100659725954,0.000507878016712926,-0.08778527058569174,0.2880743222571429,0,0,0,1.0,0.4073725706328719,0.4073725706328719,0.0,0.0,-0.007643100659725954,2.769153458508635,2.658864209088821,1.9028005120493778
2022-12-06,2022,278.860648,399.552255,190.376693,334.117343,220.730516,218.457223,0.007024905055459829,0.0005078829781488547,-0.08668462323888204,0.2784211982879001,0,0,0,1.0,0.4073725706328719,0.4073725706328719,0.0,0.0,0.007024905055459829,2.7886064986386563,2.67754247771303,1.9037669120402607
2022-12-07,2022,278.691528,396.289476,190.473381,333.276514,220.383903,216.103596,-0.0006064677867348989,0.0005078772956730315,-0.08811880184011034,0.27617926111173674,0,0,0,1.0,0.4073725706328719,0.4073725706328719,0.0,0.0,-0.0006064677867348989,2.786915298627352,2.6759186344526826,1.9047337920311396
2022-12-08,2022,276.7677,386.87937,190.570119,326.730777,216.119747,211.969411,-0.00690307313539873,0.0005078819911323862,-0.10576257540745981,0.2736962773759637,1,0,0,1.0,0.4073725706328719,0.4073725706328719,0.0,0.0,-0.00690307313539873,2.767677018498766,2.6574465724146794,1.9057011720220134
2022-12-09,2022,277.310216,385.928957,190.666905,328.203262,217.014494,212.644802,0.0019601853829043225,0.0005078760537480242,-0.10206038593126199,0.24906217286489085,1,1,1,0.85,0.4073725706328719,0.3462666850379411,0.0611058855949308,6.11058855949308e-05,0.001681233097935947,2.7731021785350274,2.661914359548219,1.906669032012883
2022-12-12,2022,275.990658,377.20005,190.763741,323.621779,212.127643,208.346884,-0.004758418276231247,0.0005078804840303874,-0.12228068099114608,0.24422083131557804,1,1,1,0.85,0.4073725706328719,0.3462666850379411,0.0,0.0,-0.003968473462192001,2.75990659844683,2.651350623053724,1.9076373920037475
2022-12-13,2022,274.886013,373.423884,190.860626,319.738857,209.362793,205.27694,-0.004002472431512527,0.0005078795346122877,-0.1337207848118519,0.24289575935640484,1,1,1,0.85,0.4073725706328719,0.3462666850379411,0.0,0.0,-0.0033259196365938047,2.748860148372997,2.6425324439530145,1.9086062419946073
2022-12-14,2022,275.499299,373.078597,190.957561,321.440982,209.183441,206.095579,0.0022310556776128365,0.0005078836951943888,-0.13446288854277821,0.22917874840907437,1,1,1,0.85,0.4073725706328719,0.3462666850379411,0.0,0.0,0.0019725798802500694,2.7549930084139884,2.6477450502848643,1.9095755919854627
2022-12-15,2022,274.492665,380.805942,191.054544,317.876406,209.052453,205.686259,-0.0036538532172454286,0.000507877245038646,-0.13500487683120843,0.22918790875463807,1,1,1,0.85,0.4073725706328719,0.3462666850379411,0.0,0.0,-0.0030295936479028175,2.7449266683467064,2.639723458699255,1.9105454219763134
2022-12-16,2022,273.263728,368.32401,191.151577,313.588952,207.212578,203.43497,-0.0044771214560505035,0.0005078811420471396,-0.14261771695530967,0.22959546521974764,1,1,1,0.85,0.4073725706328719,0.3462666850379411,0.0,0.0,-0.0037293710663358565,2.732637298264566,2.629878950409254,1.9115157519671597
2022-12-19,2022,273.079134,374.079996,191.248659,312.696631,210.648488,207.466832,-0.0006755159250407816,0.0005078796708017919,-0.12840097206187917,0.23685103952113803,1,1,1,0.85,0.4073725706328719,0.3462666850379411,0.0,0.0,-0.0004980065856643955,2.730791358252228,2.6285692533724503,1.9124865719580013
2022-12-20,2022,275.222242,381.047599,191.34579,319.371789,215.583705,211.928485,0.007847937587204923,0.0005078780709253383,-0.10798055328411083,0.2531300465401335,1,1,1,0.85,0.4073725706328719,0.3462666850379411,0.0,0.0,0.006746928659762985,2.75222243839547,2.6463040226022008,1.913457881948838
2022-12-21,2022,274.254819,377.029567,191.442971,315.934102,216.25678,212.583406,-0.0035150611119576514,0.000507881568755808,-0.10519557475756458,0.2533335625770145,1,1,1,0.85,0.4073725706328719,0.3462666850379411,0.0,0.0,-0.0029116197098506325,2.742548208330809,2.638598991651735,1.9144296919396702
2022-12-22,2022,274.018606,379.0003,191.540201,314.873515,216.264841,212.706199,-0.0008612902440924275,0.0005078797069022478,-0.10516222080458382,0.2282582258492947,1,1,1,0.85,0.4073725706328719,0.3462666850379411,0.0,0.0,-0.0006559147514432261,2.7401860783150203,2.6368682956499674,1.9154019919304974
2022-12-23,2022,272.921677,384.413344,191.637481,311.014491,221.063024,216.942721,-0.004003118678736706,0.0005078829378486471,-0.08530880681440489,0.22574911781014947,0,1,1,0.85,0.4073725706328719,0.3462666850379411,0.0,0.0,-0.003326468436248903,2.729216788241703,2.6280968364939423,1.9163747919213203
2022-12-26,2022,273.317693,385.828021,191.73481,312.009056,219.128435,215.203089,0.0014510243537746437,0.000507880814818229,-0.0933135445073705,0.22799661437121096,0,0,1,0.85,0.4073725706328719,0.3462666850379411,0.0,0.0,0.0013095528229311814,2.7331769482681723,2.6315384681251097,1.9173480819121385
2022-12-27,2022,274.557288,383.910715,191.832188,315.746046,218.340493,214.691432,0.004535363175335982,0.0005078785641479122,-0.09657380755407985,0.21626507057957864,0,0,1,0.85,0.4073725706328719,0.3462666850379411,0.0,0.0,0.003931240483657772,2.745572898351025,2.641883678685306,1.9183218619029518
2022-12-28,2022,274.863834,387.251651,191.929616,316.449434,222.149215,218.580031,0.0011165101543397782,0.0005078813989236597,-0.08081448060896301,0.21957717480127756,0,0,1,0.85,0.4073725706328719,0.3462666850379411,0.0,0.0,0.0010252158410273605,2.748638358371514,2.6445921796828458,1.9192961418937609
2022-12-29,2022,274.062933,383.398889,192.027093,313.552239,221.734084,216.840383,-0.00291381004312119,0.0005078788882690866,-0.08253216574168032,0.21425773913356222,0,0,1,0.85,0.4073725706328719,0.3462666850379411,0.0,0.0,-0.0024005567034126483,2.7406293483179827,2.6382436861981153,1.9202709118845651
2023-01-03,2023,271.029268,369.372155,192.12462,308.055809,217.127478,212.297798,-0.011069228302019285,0.0005078833433365126,-0.10159289268928562,0.2229754169124956,1,0,1,0.85,0.6027723314177797,0.5123564817051127,0.1660897966671716,0.00016608979666717162,-0.009498751351883087,2.7102926963702365,2.6131836654172442,1.9212461854954048
2023-01-04,2023,270.359041,369.706727,192.222196,306.678691,219.562101,215.340271,-0.002472895288932464,0.0005078786883221387,-0.09151916721257669,0.21332707490280395,0,1,1,0.85,0.6027723314177797,0.5123564817051127,0.0,0.0,-0.0020257791923442734,2.7035904263297543,2.607889932322068,1.922221945488038
2023-01-05,2023,271.97392,372.211994,192.319822,309.638752,224.114511,220.305433,0.005973090428294636,0.0005078809941385654,-0.07268268674006673,0.2258316019992699,0,0,1,0.85,0.6027723314177797,0.5123564817051127,0.0,0.0,0.005153309013171225,2.7197392164272935,2.621329195015662,1.9231982054806676
2023-01-06,2023,273.331211,379.709069,192.417497,312.109847,226.861799,222.904229,0.004990518943875033,0.000507877965902015,-0.06131524910497643,0.22917034372333314,0,0,1,0.85,0.6027723314177797,0.5123564817051127,0.0,0.0,0.00431812279717908,2.733312126509274,2.6326484163715707,1.9241749554732934
2023-01-09,2023,273.331656,381.179938,192.515222,312.005534,227.676814,222.5873,1.6280614218988632e-06,0.0005078800084381552,-0.05794296626307438,0.2154843303644915,0,0,1,0.85,0.6027723314177797,0.5123564817051127,0.0,0.0,7.75658534743373e-05,2.733316576509301,2.6328526199928843,1.9251522054659156
2023-01-10,2023,276.867816,386.277375,192.612997,318.61211,231.189091,226.453795,0.012937250122247113,0.0005078819169945792,-0.043410238076345586,0.22016138291566262,0,0,1,0.85,0.6027723314177797,0.5123564817051127,0.0,0.0,0.011072844891459233,2.768678176722886,2.6620057886761375,1.926129955458534
2023-01-11,2023,277.985617,392.998273,192.710821,320.628482,232.962947,230.510436,0.004037309269633527,0.0005078785000163233,-0.036070564385916715,0.1982703236315533,0,0,1,0.85,0.6027723314177797,0.5123564817051127,0.0,0.0,0.003507894654190946,2.7798561867904015,2.6713438245516596,1.9271081954511489
2023-01-12,2023,278.936345,395.100223,192.808695,322.327688,233.200573,228.735662,0.0034200618372282054,0.0005078801464915017,-0.0350873406629304,0.18751726755849596,0,0,1,0.85,0.6027723314177797,0.5123564817051127,0.0,0.0,0.0029832345836176997,2.789363466847826,2.6793130698337952,1.9280869354437595
2023-01-13,2023,278.253897,392.626989,192.906619,320.927001,231.197429,226.812973,-0.002446608382998705,0.0005078816595900371,-0.043375737982070284,0.19291048335265423,0,0,1,0.85,0.6027723314177797,0.5123564817051127,0.0,0.0,-0.0020034348766103938,2.782538986806606,2.6739452405843323,1.9290661754363665
2023-01-16,2023,276.09865,388.571021,193.004592,316.730823,227.647632,222.840846,-0.007745612993157791,0.0005078778556582009,-0.05806371245534381,0.20537497319341563,0,0,1,0.85,0.6027723314177797,0.5123564817051127,0.0,0.0,-0.006507589365835392,2.7609865166764287,2.6565443029718794,1.9300459054289698
2023-01-17,2023,277.263741,393.495418,193.102615,318.836739,232.287589,227.763759,0.0042198359173430955,0.0005078791078709788,-0.038864989268331485,0.2067123602427432,0,0,1,0.85,0.6027723314177797,0.5123564817051127,0.0,0.0,0.003663042395922278,2.7726374267467997,2.6662753373803114,1.9310261354215692
2023-01-18,2023,278.318481,396.433807,193.200688,320.73315,234.399124,228.88356,0.003804103616996235,0.0005078802273084104,-0.03012810313669534,0.2032148049186336,0,0,0,1.0,0.6027723314177797,0.6027723314177797,0.09041584971266703,9.041584971266703e-05,0.003713687767283568,2.783184826810506,2.6761770514849506,1.9320068654141656
2023-01-19,2023,281.15232,401.717922,193.298811,326.006315,235.553902,230.531569,0.010182000813664827,0.0005078812141703359,-0.02534998489886431,0.19177529686977104,0,0,0,1.0,0.6027723314177797,0.6027723314177797,0.0,0.0,0.010182000813664827,2.81152321698167,2.7034258884006817,1.9329880954067575
2023-01-20,2023,283.637994,404.136752,193.396984,330.618595,234.084374,229.13709,0.008841022546070443,0.000507882068659038,-0.03143044238749271,0.19551490192978158,0,0,0,1.0,0.6027723314177797,0.6027723314177797,0.0,0.0,0.008841022546070443,2.836379957131806,2.7273269376316627,1.933969825399346
2023-01-23,2023,285.355487,407.294964,193.495206,333.772781,232.850387,227.975039,0.006055228976129312,0.0005078776202631641,-0.03653630324555057,0.19785080684591475,0,0,0,1.0,0.6027723314177797,0.6027723314177797,0.0,0.0,0.006055228976129312,2.8535548872355427,2.7438415267317877,1.9349520453919307
2023-01-24,2023,289.170153,410.959826,193.593478,340.907439,235.59976,231.207676,0.013368118623210634,0.0005078782158562944,-0.025160238518044387,0.18823716089155004,0,0,0,1.0,0.6027723314177797,0.6027723314177797,0.0,0.0,0.013368118623210634,2.8917015474659498,2.7805215257444296,1.9359347653845118
2023-01-25,2023,290.382001,421.567751,193.691801,343.10178,238.032298,233.785339,0.0041907782923915615,0.0005078838451364476,-0.015095140133751572,0.18423454925015795,0,0,0,1.0,0.6027723314177797,0.6027723314177797,0.0,0.0,0.0041907782923915615,2.9038200275391453,2.792174074996047,1.9369179953770885
2023-01-26,2023,292.830701,421.877321,193.790173,347.643667,237.853036,233.29938,0.008432685192495626,0.0005078790092927221,-0.015836871472199365,0.18290868489092604,0,0,0,1.0,0.6027723314177797,0.6027723314177797,0.0,0.0,0.008432685192495626,2.9283070276870466,2.815719599973136,1.9379017153696618
2023-01-27,2023,290.678839,420.587856,193.888595,343.453431,234.503346,229.031457,-0.007348484952744094,0.0005078792101600449,-0.029696864371336784,0.18716486856977002,0,0,0,1.0,0.6027723314177797,0.6027723314177797,0.0,0.0,-0.007348484952744094,2.9067884075570736,2.795028326861587,1.9388859353622316
2023-01-30,2023,291.196054,423.149714,193.987067,344.329167,233.223501,229.665299,0.0017793348899401984,0.0005078792798514087,-0.03499247161021457,0.1887727367311838,0,0,0,1.0,0.6027723314177797,0.6027723314177797,0.0,0.0,0.0017793348899401984,2.9119605575883134,2.800001618281943,1.9398706553547975
2023-01-31,2023,294.508738,424.501529,194.085589,350.510772,236.650316,232.073931,0.011376129430654913,0.0005078792185666536,-0.02081335904557191,0.17174689089298614,0,0,0,1.0,0.6027723314177797,0.6027723314177797,0.0,0.0,0.011376129430654913,2.9450873977884,2.8318547990975613,1.9408558753473595
2023-02-01,2023,292.326253,414.402119,194.184162,346.262249,234.088543,229.031457,-0.00741059506356645,0.0005078841788710431,-0.03141319234035511,0.17780904574316073,0,0,0,1.0,0.6027723314177797,0.6027723314177797,0.0,0.0,-0.00741059506356645,2.9232625476565777,2.810869069902632,1.9418416053399172
2023-02-02,2023,290.656965,409.415223,194.282784,342.987745,229.152596,224.594504,-0.005710359513964036,0.0005078787012506858,-0.051836631634892494,0.1851389553537535,0,0,0,1.0,0.6027723314177797,0.6027723314177797,0.0,0.0,-0.005710359513964036,2.906569667555752,2.794817996966806,1.9428278253324718
2023-02-03,2023,288.106163,407.618304,194.381456,338.040033,226.140584,221.573148,-0.008775987872852276,0.0005078782482341726,-0.06429941623051683,0.18692216374266632,0,0,0,1.0,0.6027723314177797,0.6027723314177797,0.0,0.0,-0.008775987872852276,2.881061647401683,2.7702907081185963,1.9438145453250222
2023-02-06,2023,286.089275,409.681946,194.480179,334.105659,226.069713,222.37602,-0.007000502797296915,0.0005078828095619325,-0.06459265875646836,0.18641413785160538,0,0,0,1.0,0.6027723314177797,0.6027723314177797,0.0,0.0,-0.007000502797296915,2.8608927672798625,2.7508972802670866,1.9448017753175693
2023-02-07,2023,285.063737,411.438436,194.578951,332.052859,224.952455,219.946255,-0.003584678244229811,0.000507876949249475,-0.06921553070775488,0.1774450272392086,0,0,0,1.0,0.6027723314177797,0.6027723314177797,0.0,0.0,-0.003584678244229811,2.85063738721792,2.741036198634402,1.9457894953101125
2023-02-08,2023,286.900675,415.113897,194.677774,335.433111,229.042121,224.679004,0.006443955374092258,0.0005078812455927562,-0.05229374340211035,0.1880976138780757,0,0,0,1.0,0.6027723314177797,0.6027723314177797,0.0,0.0,0.006443955374092258,2.869006767328871,2.7586993135771736,1.946777725302652
2023-02-09,2023,284.8448,401.698749,194.776647,331.424577,224.666887,220.664628,-0.007165807469780128,0.0005078802678317729,-0.07039712376628282,0.19879854136807112,0,0,0,1.0,0.6027723314177797,0.6027723314177797,0.0,0.0,-0.007165807469780128,2.8484480172046958,2.7389310054290648,1.9477664552951877
2023-02-10,2023,286.198593,410.363959,194.87557,333.887688,225.431875,221.319602,0.004752739035432718,0.0005078791606880628,-0.06723183735233851,0.19791271248371387,0,0,0,1.0,0.6027723314177797,0.6027723314177797,0.0,0.0,0.004752739035432718,2.8619859472864655,2.7519484297339245,1.9487556852877193
2023-02-13,2023,287.612958,411.869511,194.974543,336.465715,226.882644,222.840846,0.004941900605360372,0.0005078779243596898,-0.06122899886928812,0.19225990097336548,0,0,0,1.0,0.6027723314177797,0.6027723314177797,0.0,0.0,0.004941900605360372,2.8761295973718934,2.7655482853447473,1.9497454152802474
2023-02-14,2023,284.122707,409.609682,195.073567,329.734511,224.408417,220.643495,-0.01213523557586027,0.0005078816879184878,-0.07146659358726337,0.17972270558095182,0,0,0,1.0,0.6027723314177797,0.6027723314177797,0.0,0.0,-0.01213523557586027,2.8412270871610814,2.7319877054056723,1.9507356552727713
2023-02-15,2023,287.822431,415.149859,195.172641,336.650141,228.124968,224.066295,0.013021570993268172,0.0005078801886060358,-0.05608864205464914,0.18744264014572454,0,0,0,1.0,0.6027723314177797,0.6027723314177797,0.0,0.0,0.013021570993268172,2.878224327384546,2.767562477264348,1.9517263952652917
2023-02-16,2023,283.748573,413.180772,195.271765,328.811115,229.090063,225.017065,-0.014154067095625278,0.0005078785607046665,-0.052095374066568834,0.1871525784367835,0,0,0,1.0,0.6027723314177797,0.6027723314177797,0.0,0.0,-0.014154067095625278,2.8374857471384844,2.7283902122698134,1.9527176352578084
2023-02-17,2023,283.992535,410.477022,195.37094,329.167449,227.835231,223.030994,0.0008597822974776292,0.0005078819254795697,-0.0572874851603149,0.18690683106545602,0,0,0,1.0,0.6027723314177797,0.6027723314177797,0.0,0.0,0.0008597822974776292,2.8399253671532194,2.7307360338749342,1.9537093852503211
2023-02-22,2023,280.095113,406.261075,195.470165,321.6632,223.351607,218.889837,-0.013723677631174214,0.0005078800357924962,-0.07583935019928933,0.19766853225875883,0,0,0,1.0,0.6027723314177797,0.6027723314177797,0.0,0.0,-0.013723677631174214,2.8009511469178148,2.6932602928502036,1.9547016352428301
2023-02-23,2023,280.492791,407.824833,195.56944,322.311184,224.535568,220.051903,0.0014197962818436327,0.0005078780181106968,-0.0709404816314948,0.1929301526828278,0,0,0,1.0,0.6027723314177797,0.6027723314177797,0.0,0.0,0.0014197962818436327,2.804927926941834,2.6970841738000293,1.955694385235335
2023-02-24,2023,277.40462,399.010207,195.668766,316.342819,220.685612,216.312174,-0.011009805239522108,0.0005078809859047073,-0.08687042225943109,0.1936692107120738,0,0,0,1.0,0.6027723314177797,0.6027723314177797,0.0,0.0,-0.011009805239522108,2.774046216755308,2.6673898023318934,1.9566876452278366
2023-02-27,2023,276.270579,398.084219,195.768142,314.083424,220.347933,216.122026,-0.004088039341233807,0.0005078787076318036,-0.08826763470063836,0.19353169810796553,0,0,0,1.0,0.6027723314177797,0.6027723314177797,0.0,0.0,-0.004088039341233807,2.7627058066868115,2.6564854078815547,1.957681405220334
2023-02-28,2023,275.813827,391.141338,195.867569,313.109501,218.724157,213.713394,-0.0016532777455104952,0.0005078814100405449,-0.09498632324488876,0.190213566759435,0,0,0,1.0,0.6027723314177797,0.6027723314177797,0.0,0.0,-0.0016532777455104952,2.7581382866592237,2.6520934996754306,1.9586756752128274
2023-03-01,2023,275.770981,386.791903,195.967046,312.921136,217.58397,213.819026,-0.00015534391609739462,0.0005078788719738991,-0.09970406838658508,0.19018057362539856,0,0,0,1.0,0.6027723314177797,0.6027723314177797,0.0,0.0,-0.00015534391609739462,2.7577098266566358,2.6516815130853346,1.959670445205317
2023-03-02,2023,276.752525,394.50087,196.066574,314.677051,215.376551,211.156864,0.0035592722498962726,0.0005078813097993962,-0.10883769318930436,0.1789509998363943,1,0,0,1.0,0.6027723314177797,0.6027723314177797,0.0,0.0,0.0035592722498962726,2.767525266715921,2.661119569510422,1.960665725197803
2023-03-03,2023,276.956389,393.230314,196.166152,314.956844,216.502147,212.171017,0.000736629232199526,0.0005078785127341501,-0.10418032114374276,0.18065302146758122,1,1,1,0.85,0.6027723314177797,0.5123564817051127,0.09041584971266703,9.041584971266703e-05,0.0006119007745670526,2.7695639067282345,2.662747910636221,1.9616615051902853
2023-03-06,2023,278.11177,398.24996,196.265781,317.042601,218.240567,214.389501,0.004171707336926511,0.0005078806867762076,-0.09698727078513691,0.1731875168477842,0,1,1,0.85,0.6027723314177797,0.5123564817051127,0.0,0.0,0.0036221333394039655,2.7811177167980197,2.6723927386177646,1.9626577951827637
2023-03-07,2023,275.299187,394.350968,196.365461,311.596934,217.256713,213.185185,-0.010113139044780284,0.0005078827266380426,-0.10105815777879545,0.16872387990801288,1,0,1,0.85,0.6027723314177797,0.5123564817051127,0.0,0.0,-0.008519985779067535,2.7529918866281395,2.649623990488658,1.9636545951752387
2023-03-08,2023,278.866637,397.897365,196.465191,318.260796,222.075932,218.086965,0.01295844727648987,0.0005078795399766634,-0.08111770325333534,0.18926024281086723,0,1,1,0.85,0.6027723314177797,0.5123564817051127,0.0,0.0,0.011090862116012888,2.7886663868436146,2.679010604826447,1.9646518951677092
2023-03-09,2023,278.656966,394.273687,196.564972,317.755463,219.013894,214.579649,-0.0007518683563427775,0.000507881317255876,-0.093787480139223,0.19435003693446476,0,0,1,0.85,0.6027723314177797,0.5123564817051127,0.0,0.0,-0.0005629059053029793,2.78656967683095,2.677502573936621,1.9656497051601762
2023-03-10,2023,277.058791,388.87,196.664803,314.614632,215.985206,211.727323,-0.005735277401965333,0.0005078778735816414,-0.10631926492339783,0.18485271490786395,1,0,1,0.85,0.6027723314177797,0.5123564817051127,0.0,0.0,-0.004798804110633287,2.77058792673442,2.6646537635785825,1.9666480151526393
2023-03-13,2023,276.541593,381.138353,196.764685,313.525489,214.949241,210.818803,-0.0018667445928470805,0.0005078793890738176,-0.1106057712997357,0.17489385648703354,1,1,1,0.85,0.6027723314177797,0.5123564817051127,0.0,0.0,-0.0015105509955589459,2.7654159467031807,2.6606286681831888,1.9676468351450982
2023-03-14,2023,274.321578,380.647383,196.864618,309.204269,214.555283,210.396242,-0.008027779748849495,0.0005078807713896349,-0.11223584903306572,0.1736710083291166,1,1,1,0.85,0.6027723314177797,0.5123564817051127,0.0,0.0,-0.006747430670813626,2.7432157965690913,2.6426762607038436,1.968646165137554
2023-03-15,2023,274.924328,371.345177,196.964602,310.240728,214.019582,209.994798,0.00219723874583444,0.0005078820207295998,-0.11445241595599309,0.1705005078529061,1,1,1,0.85,0.6027723314177797,0.5123564817051127,0.0,0.0,0.001943835237068714,2.749243296605498,2.6478131879395645,1.9696460051300055
2023-03-16,2023,274.493726,370.964857,197.064636,309.315785,215.603754,211.283629,-0.0015662564427547654,0.0005078780602414401,-0.10789759665300913,0.1714236189841423,1,1,1,0.85,0.6027723314177797,0.5123564817051127,0.0,0.0,-0.0012551362673053346,2.7449372765794893,2.644489821578332,1.9706463451224532
2023-03-17,2023,274.624641,365.505874,197.164721,309.456571,212.575067,208.579201,0.00047693257659386923,0.0005078790493895369,-0.12042937729948999,0.16175823251591234,1,1,1,0.85,0.6027723314177797,0.5123564817051127,0.0,0.0,0.00048157454751321935,2.7462464265873967,2.6457633405675622,1.9716471951148968
2023-03-20,2023,274.910985,360.722018,197.264857,309.892311,210.367648,206.424099,0.0010426740985707283,0.0005078799061624117,-0.12956300210220928,0.16084139709433626,1,1,1,0.85,0.6027723314177797,0.5123564817051127,0.0,0.0,0.0009624549697094809,2.749109866604692,2.6483097686433665,1.9726485551073372
2023-03-21,2023,270.603416,360.089112,197.365044,301.608549,210.523981,206.910059,-0.015668959172366326,0.000507880630760349,-0.1289161439541715,0.1617021167734437,1,1,1,0.85,0.6027723314177797,0.5123564817051127,0.0,0.0,-0.013242433201897325,2.7060341763445135,2.6132397034341746,1.9736504250997735
2023-03-22,2023,270.49348,361.133093,197.465282,301.292025,208.904373,205.008503,-0.00040626242500951815,0.0005078812233840768,-0.13561758658897838,0.1514560697406968,1,1,1,0.85,0.6027723314177797,0.5123564817051127,0.0,0.0,-0.0002691408777504789,2.704934816337873,2.61253637380662,1.9746528050922056
2023-03-23,2023,263.752482,355.859593,197.56557,288.389397,204.12059,199.832061,-0.024921110852653472,0.0005078766200532492,-0.15541141778261558,0.16287778677831644,1,1,1,0.85,0.6027723314177797,0.5123564817051127,0.0,0.0,-0.021106762731747462,2.637524835930715,2.5573941884366236,1.9756556850846345
2023-03-24,2023,270.421657,364.921352,197.66591,300.939816,206.002837,202.536488,0.025285733614442307,0.0005078820160819841,-0.14762325527969056,0.1630560794467021,1,1,1,0.85,0.6027723314177797,0.5123564817051127,0.0,0.0,0.02156905587468826,2.7042165863335343,2.6125547665806157,1.9766590850770591
2023-03-27,2023,272.344115,366.405974,197.766301,304.480701,207.755849,203.973218,0.007109112566380027,0.0005078822139841233,-0.1403698276872557,0.16837961526707995,1,1,1,0.85,0.6027723314177797,0.5123564817051127,0.0,0.0,0.006118928013520641,2.723441166449651,2.6285408011287026,1.97766299506948
2023-03-28,2023,275.465417,371.706769,197.866742,310.296988,210.913771,207.121339,0.011460875517725011,0.0005078772242395058,-0.1273033121302849,0.1791225616727345,1,1,1,0.85,0.6027723314177797,0.5123564817051127,0.0,0.0,0.009817925773702186,2.7546541866381786,2.6543476196073317,1.978667405061897
2023-03-29,2023,272.462904,366.922317,197.967235,304.489951,212.181109,208.220023,-0.010899782022365523,0.0005078822190340837,-0.12205945503282001,0.1806724669010611,1,1,1,0.85,0.6027723314177797,0.5123564817051127,0.0,0.0,-0.009188632386155582,2.724629056456826,2.6299577951056925,1.9796723350543104
2023-03-30,2023,275.151556,366.942709,198.067778,309.484941,216.183228,212.276665,0.009867956189735239,0.0005078769726718502,-0.10549991044167772,0.19067634183708548,1,1,1,0.85,0.6027723314177797,0.5123564817051127,0.0,0.0,0.00846394430717573,2.7515155766192216,2.6522176114136897,1.98067776504672
2023-03-31,2023,272.049962,361.325736,198.168373,303.489733,212.366624,208.093242,-0.011272311322128359,0.0005078817009800396,-0.1212918506925128,0.19984232708467503,1,1,1,0.85,0.6027723314177797,0.5123564817051127,0.0,0.0,-0.0095052823686621,2.7204996364318843,2.627007534114064,1.9816837150391253
2023-04-03,2023,269.65727,358.144263,198.269019,298.839998,211.582875,207.691814,-0.008795046256981354,0.0005078812450056702,-0.12453476438742372,0.19721848491388277,1,1,1,0.85,0.6027723314177797,0.5123564817051127,0.0,0.0,-0.0073996071316833004,2.6965727162873647,2.6075687104296477,1.982690175031527
2023-04-04,2023,270.939978,366.964244,198.369716,301.16628,212.339526,208.135508,0.004756808522166089,0.0005078806588538765,-0.12140397393006042,0.19765646407070178,1,1,1,0.85,0.6027723314177797,0.5123564817051127,0.0,0.0,0.004119469342669257,2.709399796364841,2.618310509791166,1.983697145023925
2023-04-05,2023,268.606814,362.877693,198.470464,296.629422,210.482292,206.276202,-0.008611368529748753,0.0005078799427227221,-0.12908864028785372,0.17900869858875376,1,1,1,0.85,0.6027723314177797,0.5123564817051127,0.0,0.0,-0.007243481258878031,2.686068156223917,2.59934482668357,1.984704625016319
2023-04-06,2023,269.329633,371.488974,198.571263,297.892899,210.15712,206.191686,0.002690992790674418,0.0005078790968111591,-0.1304341025876482,0.1740824130844507,1,1,1,0.85,0.6027723314177797,0.5123564817051127,0.0,0.0,0.002363525736594929,2.6932963462675756,2.6054884450797218,1.9857126150087092
2023-04-10,2023,269.56539,374.403904,198.672113,298.231855,212.293668,208.452436,0.0008753474223164304,0.0005078781213170291,-0.12159372031088034,0.17330111320956568,1,1,1,0.85,0.6027723314177797,0.5123564817051127,0.0,0.0,0.0008202270271665201,2.6956539162818154,2.607625537121346,1.9867211150010953
2023-04-11,2023,275.388469,382.853593,198.773015,309.17574,221.396405,217.431991,0.021601730845343337,0.0005078820498576331,-0.0839293781828877,0.23156728828809495,0,1,1,0.85,0.6027723314177797,0.5123564817051127,0.0,0.0,0.01843765352602048,2.753884706633531,2.6557040333003923,1.9877301349934775
2023-04-12,2023,275.003324,385.510222,198.873968,308.336087,222.805485,218.361628,-0.0013985516583120416,0.0005078808106824262,-0.07809903603351953,0.2317935125443132,0,0,1,0.85,0.6027723314177797,0.5123564817051127,0.0,0.0,-0.0011125867879628714,2.7500332566102683,2.6527493320802025,1.988739664985856
2023-04-13,2023,274.335582,382.806836,198.974972,306.959998,221.905008,217.47424,-0.00242812337788334,0.0005078794425221744,-0.08182493449750772,0.23225438393283188,0,0,1,0.85,0.6027723314177797,0.5123564817051127,0.0,0.0,-0.0019877229548225126,2.743355836569936,2.6474764013394365,1.9897497049782307
2023-04-14,2023,273.033409,382.789263,199.076027,304.379675,221.531894,217.706654,-0.004746642745015794,0.0005078779455740534,-0.08336876613284383,0.23164362322972856,0,0,1,0.85,0.6027723314177797,0.5123564817051127,0.0,0.0,-0.003958464641427317,2.7303341064912847,2.636996459615721,1.9907602549706016
2023-04-17,2023,271.710743,379.507233,199.177134,301.760401,220.983687,217.009414,-0.00484433756603031,0.0005078813432417562,-0.08563707905949003,0.22491456248586666,0,0,1,0.85,0.6027723314177797,0.5123564817051127,0.0,0.0,-0.0040415047296395,2.7171074464113953,2.6263390259521415,1.9917713249629683
2023-04-18,2023,268.737745,376.207503,199.278292,296.008668,221.290099,216.988281,-0.010941775680912147,0.000507879584209725,-0.08436923990296796,0.2201233712675679,0,0,1,0.85,0.6027723314177797,0.5123564817051127,0.0,0.0,-0.009224327391143866,2.6873774662318257,2.6021128149366213,1.9927829049553314
2023-04-19,2023,262.366362,369.19666,199.379501,283.806595,216.600115,212.297798,-0.023708552737911948,0.0005078776969846821,-0.1037749595179378,0.23582318761406731,1,0,1,0.85,0.6027723314177797,0.5123564817051127,0.0,0.0,-0.02007608817267745,2.6236636358469925,2.5498725686287,1.9937949949476905
2023-04-20,2023,262.832898,370.651025,199.480762,284.583139,217.54645,213.396466,0.0017781852690399447,0.0005078806973239924,-0.0998593146731297,0.2334426605044103,0,1,1,0.85,0.6027723314177797,0.5123564817051127,0.0,0.0,0.0015876395832825519,2.6283289958751714,2.553920847250981,1.9948076049400456
2023-04-24,2023,259.663834,368.394068,199.582075,278.459098,216.670986,212.593594,-0.012057333857803387,0.0005078835622254196,-0.10348171699198616,0.21552771834975618,1,0,1,0.85,0.6027723314177797,0.5123564817051127,0.0,0.0,-0.010172551244799067,2.5966383556837593,2.52794095655716,1.9958207349323969
2023-04-25,2023,256.414781,365.831526,199.683438,272.18318,215.1556,211.114599,-0.012512535727251084,0.0005078762709527229,-0.10975192086143448,0.217074313102082,1,1,1,0.85,0.6027723314177797,0.5123564817051127,0.0,0.0,-0.010559473927520513,2.564147825487516,2.5012472299360833,1.9968343649247444
2023-04-26,2023,256.871727,365.546164,199.784854,272.941355,213.262932,209.191926,0.0017820579539835624,0.0005078838836900523,-0.11758320227566221,0.21915237896423512,1,1,1,0.85,0.6027723314177797,0.5123564817051127,0.0,0.0,0.0015909318434395357,2.5687172855151155,2.5052265438025034,1.997848524917088
2023-04-27,2023,259.231783,363.71378,199.88632,277.311663,214.536523,210.290594,0.009187683002574998,0.000507876337813018,-0.09898559227565396,0.21382761059103753,0,1,1,0.85,0.6027723314177797,0.5123564817051127,0.0,0.0,0.0078857120028607,2.5923178456576634,2.5249820388288517,1.998863184909428
2023-04-28,2023,262.07065,366.592354,199.987839,282.590719,217.681938,213.185185,0.010951076164916085,0.0005078836810843423,-0.08577542090883128,0.21869996579859702,0,0,1,0.85,0.6027723314177797,0.5123564817051127,0.0,0.0,0.009384597292341323,2.6207065158291316,2.5486779784336555,1.999878374901764
2023-05-02,2023,256.034653,360.166832,200.089408,271.024836,212.460423,208.093242,-0.02303194577492751,0.0005078758813927831,-0.10770483497483996,0.22601222091103776,1,0,1,0.85,0.6027723314177797,0.5123564817051127,0.0,0.0,-0.019500972526479466,2.5603465454645558,2.4989762791973775,2.0008940648940956
2023-05-03,2023,254.548741,355.406912,200.19103,268.095158,212.189446,208.325655,-0.005803558161324274,0.0005078829560034581,-0.10884288912873297,0.21708770645928185,1,1,1,0.85,0.6027723314177797,0.5123564817051127,0.0,0.0,-0.004856841993725114,2.5454874253748065,2.486839146263249,2.001910284886424
2023-05-04,2023,254.562175,351.848821,200.292703,268.011252,212.975279,209.065145,5.277574717998945e-05,0.0005078798985147515,-0.10554253334238861,0.21698623370839923,1,1,1,0.85,0.6027723314177797,0.5123564817051127,0.0,0.0,0.00012104136988020379,2.545621765375618,2.4871401566801845,2.0029270148787477
2023-05-05,2023,260.687236,360.047154,200.394427,279.527425,219.174395,215.319154,0.024061159125467135,0.0005078767148098962,-0.07950737274106523,0.23965898171500566,0,1,1,0.85,0.6027723314177797,0.5123564817051127,0.0,0.0,0.02052816676386855,2.6068723757455734,2.5381965845816294,2.0039442548710684
2023-05-08,2023,259.467067,360.166523,200.496204,277.101975,221.037882,216.544587,-0.004680585895659228,0.0005078833853997544,-0.07168106600257573,0.23750554465468948,0,0,1,0.85,0.6027723314177797,0.5123564817051127,0.0,0.0,-0.003902315503500381,2.594670685671875,2.528291740698685,2.0049620248633846
2023-05-09,2023,261.272917,364.502634,200.598032,280.419985,223.272399,219.312414,0.006959842807334082,0.0005078799397117972,-0.062296500693362566,0.23843822913978083,0,0,1,0.85,0.6027723314177797,0.5123564817051127,0.0,0.0,0.005992048377190739,2.612729185780949,2.543441387120603,2.005980304855697
2023-05-10,2023,262.56814,364.845062,200.699911,282.768748,223.968601,219.671592,0.0049573565253990814,0.0005078763683983301,-0.05937257881789482,0.23699068657591407,0,0,1,0.85,0.6027723314177797,0.5123564817051127,0.0,0.0,0.004289934501848969,2.625681415859181,2.5543525840806427,2.0069990948480054
2023-05-11,2023,264.418963,366.13475,200.801843,286.172008,225.652826,221.4675,0.007048924519174271,0.0005078826367790334,-0.05200753050747753,0.18523800827333808,0,0,1,0.85,0.6027723314177797,0.5123564817051127,0.0,0.0,0.0060677682368149854,2.644189645970971,2.569851803555953,2.00801841484031
2023-05-12,2023,265.796323,366.213961,200.903826,288.67656,226.086389,221.953459,0.005209006133194638,0.0005078788046781746,-0.05018608441111638,0.18420541269105561,0,0,1,0.85,0.6027723314177797,0.5123564817051127,0.0,0.0,0.004503837033917169,2.6579632460541633,2.5814259972804874,2.009038244832611
2023-05-15,2023,268.250146,353.309266,201.005861,293.224229,227.264096,222.840846,0.009231967441475808,0.0005078798250461869,-0.045238407100535616,0.18391038829758516,0,0,1,0.85,0.6027723314177797,0.5123564817051127,0.0,0.0,0.007923354299011365,2.6825014762023747,2.6018795500536194,2.0100585948249075
2023-05-16,2023,267.463402,354.494815,201.107948,291.621103,225.523591,221.066056,-0.0029328744521913697,0.0005078807129905716,-0.052550461030292595,0.18638444537825985,0,0,1,0.85,0.6027723314177797,0.5123564817051127,0.0,0.0,-0.0024167611774140786,2.6746340361548553,2.595591428568742,2.0110794648172
2023-05-17,2023,272.117513,357.963946,201.210087,300.344904,228.162488,223.98178,0.01740092650133862,0.0005078814687125011,-0.04146416298514244,0.189684247365118,0,0,1,0.85,0.6027723314177797,0.5123564817051127,0.0,0.0,0.014866969746444702,2.721175146435965,2.6341800078114046,2.0121008548094887
2023-05-18,2023,276.850132,355.90295,201.312277,309.21766,229.513203,225.545274,0.017391820716809114,0.0005078771224824585,-0.03578965993934147,0.19027683647394464,0,0,1,0.85,0.6027723314177797,0.5123564817051127,0.0,0.0,0.014859229177660116,2.768501336721816,2.6733218922426847,2.013122754801774
2023-05-19,2023,277.420497,356.141797,201.41452,310.190221,230.84099,226.411545,0.0020601940691868936,0.0005078825868132242,-0.030211479956388065,0.16986272154966664,0,0,0,1.0,0.6027723314177797,0.6027723314177797,0.09041584971266703,9.041584971266703e-05,0.0019697782194742267,2.774204986756266,2.6785877434796683,2.0141451847940552
2023-05-22,2023,277.401164,356.488756,201.516814,310.043451,229.732069,225.122714,-6.968843401655711e-05,0.0005078779821832136,-0.03487017967620509,0.17216150128504393,0,0,0,1.0,0.6027723314177797,0.6027723314177797,0.0,0.0,-6.968843401655711e-05,2.774011656755098,2.6784010768944495,2.0151681247863324
2023-05-23,2023,273.966606,354.629649,201.619161,303.414378,229.140089,224.8903,-0.012381195343506124,0.0005078831784228743,-0.03735715310365151,0.17147756565319253,0,0,0,1.0,0.6027723314177797,0.6027723314177797,0.0,0.0,-0.012381195343506124,2.73966607654765,2.645239269953162,2.0161915947786055
2023-05-24,2023,269.972235,355.389826,201.721559,295.722701,226.78676,222.41827,-0.014579773273535435,0.0005078783161884814,-0.04724374840930201,0.17434428860148335,0,0,0,1.0,0.6027723314177797,0.6027723314177797,0.0,0.0,-0.014579773273535435,2.699722366306389,2.6066722811429925,2.017215574770875
2023-05-25,2023,274.377241,360.537873,201.824009,303.973353,229.400644,225.122714,0.0163165149186546,0.0005078782878134014,-0.036262532742510456,0.17148125509473497,0,0,0,1.0,0.6027723314177797,0.6027723314177797,0.0,0.0,0.0163165149186546,2.743772426572453,2.6492040883063055,2.01824007476314
2023-05-26,2023,279.311848,365.616682,201.926512,313.229157,231.176584,227.151034,0.017984753334552073,0.0005078830834244208,-0.028801612460171322,0.17190550901434745,0,0,0,1.0,0.6027723314177797,0.6027723314177797,0.0,0.0,0.017984753334552073,2.7931184968705036,2.6968493703673815,2.0192651047554016
2023-05-29,2023,278.825945,366.221652,202.029066,312.196538,229.982202,225.587524,-0.001739643353761422,0.000507877836269488,-0.033819343289287596,0.16967985766339036,0,0,0,1.0,0.6027723314177797,0.6027723314177797,0.0,0.0,-0.001739643353761422,2.7882594668411547,2.6921578142841263,2.0202906447476594
2023-05-30,2023,275.761875,360.523946,202.131673,306.270387,227.134861,222.650683,-0.010989185385886557,0.000507882365797796,-0.04578133762335057,0.14912982466894437,0,0,0,1.0,0.6027723314177797,0.6027723314177797,0.0,0.0,-0.010989185385886557,2.757618766656084,2.662573192974895,2.021316714739913
2023-05-31,2023,276.276908,356.243943,202.234331,307.137477,225.817496,221.509749,0.0018676729696591732,0.0005078768630188968,-0.05131573363208042,0.15184588046291878,0,0,0,1.0,0.6027723314177797,0.6027723314177797,0.0,0.0,0.0018676729696591732,2.7627690966871925,2.667546008957153,2.022343294732163
2023-06-01,2023,279.271568,355.775172,202.337042,312.710952,230.465791,226.496044,0.010839342389049822,0.0005078811272651862,-0.03178773243620914,0.1639843852941488,0,0,0,1.0,0.6027723314177797,0.6027723314177797,0.0,0.0,0.010839342389049822,2.792715696868071,2.696460453486783,2.0233704047244085
2023-06-02,2023,282.447804,361.418032,202.439805,318.629009,234.620074,230.341406,0.011373288096409473,0.0005078803119005215,-0.014335130268750329,0.14511759427042378,0,0,0,1.0,0.6027723314177797,0.6027723314177797,0.0,0.0,0.011373288096409473,2.8244780570599164,2.7271280750648628,2.02439803471665
2023-06-05,2023,283.802857,364.354282,202.54262,321.090326,234.907727,230.594952,0.0047975342021069345,0.0005078793669059944,-0.013126668213739645,0.14405249911041776,0,0,0,1.0,0.6027723314177797,0.6027723314177797,0.0,0.0,0.0047975342021069345,2.838028587141762,2.7402115652785124,2.0254261847088877
2023-06-06,2023,286.735256,365.88011,202.645487,326.545457,238.897339,234.672726,0.010332521071132028,0.0005078782924798908,0.0,0.15042344983036388,0,0,0,1.0,0.6027723314177797,0.6027723314177797,0.0,0.0,0.010332521071132028,2.8673525773188793,2.7685248590161122,2.0264548547011216
2023-06-07,2023,287.452143,366.23717,202.748407,327.795393,240.727475,236.172838,0.0025001704010894077,0.0005078820235457915,0.0,0.15116087315195587,0,0,0,1.0,0.6027723314177797,0.6027723314177797,0.0,0.0,0.0025001704010894077,2.8745214473621794,2.7754466429233045,2.0274840546933515
2023-06-09,2023,288.909084,368.763149,202.851379,330.449928,243.918748,239.194195,0.005068464561768904,0.0005078806858394014,0.0,0.15444120898373861,0,0,0,1.0,0.6027723314177797,0.6027723314177797,0.0,0.0,0.005068464561768904,2.8890908574501792,2.7895138958760417,2.0285137746855777
2023-06-12,2023,289.998871,365.472672,202.954403,332.407534,244.579515,240.102715,0.0037720759240646995,0.0005078792192978465,0.0,0.15432965093082565,0,0,0,1.0,0.6027723314177797,0.6027723314177797,0.0,0.0,0.0037720759240646995,2.8999887275160026,2.8000361540825196,2.0295440146778
2023-06-13,2023,284.271191,362.439624,203.05748,321.425229,243.343444,238.623736,-0.0197506975811641,0.0005078825513333829,-0.005053861522294589,0.15751557662392676,0,0,0,1.0,0.6027723314177797,0.6027723314177797,0.0,0.0,-0.0197506975811641,2.842711927170049,2.74473348678691,2.030574784670018
2023-06-14,2023,289.780654,366.851945,203.160608,331.77146,248.191844,243.208587,0.019381010719443648,0.0005078758979970566,0.0,0.16203256558544696,0,0,0,1.0,0.6027723314177797,0.6027723314177797,0.0,0.0,0.019381010719443648,2.8978065575028222,2.797929195916343,2.0316060646622325
2023-06-15,2023,291.515205,367.984753,203.26379,334.952686,248.508679,243.821311,0.005985737750457076,0.0005078838905621108,0.0,0.1604031787099161,0,0,0,1.0,0.6027723314177797,0.6027723314177797,0.0,0.0,0.005985737750457076,2.915152067607589,2.8146768663274453,2.032637884654443
2023-06-16,2023,291.16241,367.011309,203.367023,334.171981,247.543585,242.764893,-0.0012102113164216277,0.0005078769809419015,-0.003883542433542053,0.16286882903563013,0,0,0,1.0,0.6027723314177797,0.6027723314177797,0.0,0.0,-0.0012102113164216277,2.91162411758628,2.811270512531746,2.033670214646649
2023-06-19,2023,293.66034,367.844862,203.470309,338.802021,249.836465,245.363673,0.008579163773235754,0.000507879785406562,0.0,0.16388472719173117,0,0,0,1.0,0.6027723314177797,0.6027723314177797,0.0,0.0,0.008579163773235754,2.936603417737156,2.835388862669624,2.0347030746388515
2023-06-20,2023,294.573243,367.418843,203.573648,340.423553,249.344538,244.708699,0.0031087037493724434,0.0005078824547319893,-0.0019689959990428774,0.16216203571461615,0,0,0,1.0,0.6027723314177797,0.6027723314177797,0.0,0.0,0.0031087037493724434,2.9457324477922953,2.8442032466579343,2.0357364646310496
2023-06-21,2023,293.934851,370.845376,203.677039,339.100602,251.007919,245.659469,-0.00216717578792458,0.000507880076894951,0.0,0.16038394724821606,0,0,0,1.0,0.6027723314177797,0.6027723314177797,0.0,0.0,-0.00216717578792458,2.939348527753736,2.8380393582458407,2.036770374623244
2023-06-22,2023,292.333462,369.025323,203.780482,335.949784,247.910445,243.525516,-0.005448108635474402,0.0005078775718061479,-0.012340144535439856,0.16307775767557095,0,0,0,1.0,0.6027723314177797,0.6027723314177797,0.0,0.0,-0.005448108635474402,2.923334637657012,2.8225774115103652,2.0378048046154347
2023-06-23,2023,295.062362,371.428401,203.883978,341.017989,248.000076,243.631148,0.009334887567540973,0.0005078798469031476,-0.011983060183850092,0.16151760113221178,0,0,0,1.0,0.6027723314177797,0.6027723314177797,0.0,0.0,0.009334887567540973,2.9506236378218387,2.8489258542974953,2.038839764607621
2023-06-26,2023,292.223627,363.981159,203.987527,335.518522,246.470099,241.750725,-0.00962079670466398,0.000507881987666492,-0.018078393773703905,0.16470799765562152,0,0,0,1.0,0.6027723314177797,0.6027723314177797,0.0,0.0,-0.00962079670466398,2.9222362876503785,2.821516917826638,2.0398752545998033
2023-06-27,2023,291.801558,362.79944,204.091128,334.605936,244.969305,240.377378,-0.0014443356423059495,0.0005078790920387544,-0.024057464099369708,0.1653652082465572,0,0,0,1.0,0.6027723314177797,0.6027723314177797,0.0,0.0,-0.0014443356423059495,2.918015597624885,2.8174417003768517,2.040911264591982
2023-06-28,2023,291.3952,365.801031,204.194782,333.723115,243.214209,238.813884,-0.0013925833802437282,0.0005078809697205422,-0.0310496578396795,0.1597838396205075,0,0,0,1.0,0.6027723314177797,0.6027723314177797,0.0,0.0,-0.0013925833802437282,2.913952017600341,2.813518177890101,2.0419478045841566
2023-06-29,2023,296.121548,371.562047,204.298488,342.582336,246.761921,242.786026,0.01621971810105327,0.0005078778163880582,-0.01691579300332746,0.16047638256033245,0,0,0,1.0,0.6027723314177797,0.6027723314177797,0.0,0.0,0.01621971810105327,2.9612154978858136,2.8591526496076676,2.042984864576327
2023-06-30,2023,298.614262,374.698102,204.402247,347.201967,246.144927,241.222516,0.008417874406086767,0.0005078794317852076,-0.019373858878133587,0.15037846206338643,0,0,0,1.0,0.6027723314177797,0.6027723314177797,0.0,0.0,0.008417874406086767,2.986142638036374,2.883220637519895,2.044022454568494
2023-07-03,2023,299.215597,380.990443,204.506059,348.231621,249.450844,244.962245,0.002013751774521788,0.0005078809138532314,-0.006203290343202217,0.14522261773145037,0,0,0,1.0,0.6027723314177797,0.6027723314177797,0.0,0.0,0.002013751774521788,2.992155988072695,2.889026728195039,2.0450605745606567
2023-07-04,2023,301.954882,382.768086,204.609924,353.319141,248.206436,243.48325,0.009154887069606765,0.0005078822627939683,-0.01116093472732227,0.14794136421494775,0,0,0,1.0,0.6027723314177797,0.6027723314177797,0.0,0.0,0.009154887069606765,3.019548838238148,2.91547544163274,2.0460992245528153
2023-07-05,2023,303.575981,383.887069,204.713841,356.284238,249.192374,244.750949,0.005368679549946798,0.0005078785914607309,-0.007233018811649505,0.13828859963660203,0,0,0,1.0,0.6027723314177797,0.6027723314177797,0.0,0.0,0.005368679549946798,3.035759828336063,2.931127695014606,2.04713839454497
2023-07-06,2023,299.718341,378.673154,204.817811,348.850391,244.767114,240.102715,-0.012707329437897763,0.0005078796797135521,-0.024862980518156497,0.15345254816565054,0,0,0,1.0,0.6027723314177797,0.6027723314177797,0.0,0.0,-0.012707329437897763,2.9971834281030607,2.8938808897695094,2.048178094537121
2023-07-07,2023,300.238213,382.263531,204.921834,349.725197,247.835406,243.377618,0.0017345351581268265,0.0005078806354394949,-0.012639095262966471,0.15270032173247908,0,0,0,1.0,0.6027723314177797,0.6027723314177797,0.0,0.0,0.0017345351581268265,3.0023821481344606,2.898900427916246,2.0492183245292677
2023-07-10,2023,297.041015,379.45515,205.02591,343.544782,245.842684,241.074618,-0.010648871001640137,0.0005078814588397318,-0.0205779762669559,0.15569392106002428,0,0,0,1.0,0.6027723314177797,0.6027723314177797,0.0,0.0,-0.010648871001640137,2.9704101679413495,2.868030411212766,2.050259084521411
2023-07-11,2023,296.385105,379.093446,205.130038,342.187788,244.33772,240.440777,-0.002208146238660058,0.0005078772726823111,-0.026573659614300804,0.15622643729253413,0,0,0,1.0,0.6027723314177797,0.6027723314177797,0.0,0.0,-0.002208146238660058,2.9638510679017323,2.861697380647884,2.0513003645135495
2023-07-12,2023,297.487785,378.219185,205.23422,344.168619,245.267379,240.504159,0.0037204298778779066,0.0005078827119409102,-0.02286995574828854,0.13880969361689824,0,0,0,1.0,0.6027723314177797,0.6027723314177797,0.0,0.0,0.0037204298778779066,2.9748778679683343,2.872344125084291,2.052342184505684
2023-07-13,2023,300.06974,382.039399,205.338454,348.957122,248.59831,244.201623,0.008679196693740066,0.0005078782670844273,-0.009599732986910192,0.14755975483946504,0,0,0,1.0,0.6027723314177797,0.6027723314177797,0.0,0.0,0.008679196693740066,3.0006974181242856,2.897273764718006,2.053384524497815
2023-07-14,2023,297.475514,377.043538,205.442741,343.920947,245.361179,240.778822,-0.008645410230301964,0.0005078785681322806,-0.02249626235895763,0.15421313055057956,0,0,0,1.0,0.6027723314177797,0.6027723314177797,0.0,0.0,-0.008645410230301964,2.9747551579675933,2.8722256444725276,2.0544273944899416
2023-07-17,2023,298.675144,378.585856,205.547082,346.085623,246.420073,242.363449,0.004032701662967764,0.0005078836053884483,-0.01827769425872172,0.15107075403829565,0,0,0,1.0,0.6027723314177797,0.6027723314177797,0.0,0.0,0.004032701662967764,2.986751458040051,2.8838084736054106,2.0554708044820638
2023-07-18,2023,300.452672,378.254298,205.651475,349.347116,245.632156,240.757689,0.005951375719433827,0.0005078787739736246,-0.02141670677728691,0.15127632147456435,0,0,0,1.0,0.6027723314177797,0.6027723314177797,0.0,0.0,0.005951375719433827,3.004526738147414,2.9009711013347235,2.0565147344741828
2023-07-19,2023,300.663826,379.105127,205.755921,349.635506,245.029753,240.335128,0.0007027862278421448,0.000507878681638374,-0.023816643011968064,0.14882151744433042,0,0,0,1.0,0.6027723314177797,0.6027723314177797,0.0,0.0,0.0007027862278421448,3.0066382781601675,2.9030098638721094,2.057559194466297
2023-07-20,2023,300.124305,382.476922,205.86042,348.499024,246.136589,241.581694,-0.0017944326964028923,0.0005078784585741403,-0.019407076953615987,0.14398013861723874,0,0,0,1.0,0.6027723314177797,0.6027723314177797,0.0,0.0,-0.0017944326964028923,3.0012430681275806,2.897800608054397,2.058604184458408
2023-07-21,2023,302.558936,389.268736,205.964973,353.007558,250.584778,245.934148,0.008112075428213128,0.0005078829626403714,-0.0016857675315016252,0.1581220017172082,0,0,0,1.0,0.6027723314177797,0.6027723314177797,0.0,0.0,0.008112075428213128,3.0255893782746335,2.921307785162856,2.0596497144505146
2023-07-24,2023,303.609071,393.978349,206.069578,354.888199,252.92977,248.406162,0.003470844437395648,0.0005078776185891698,0.0,0.15895418377804493,0,0,0,1.0,0.6027723314177797,0.6027723314177797,0.0,0.0,0.003470844437395648,3.036090728338061,2.9314471900389094,2.0606957644426176
2023-07-25,2023,305.943286,392.428913,206.174237,359.206023,254.318005,249.272433,0.007688225494422163,0.0005078818572628041,0.0,0.15707700563422364,0,0,0,1.0,0.6027723314177797,0.6027723314177797,0.0,0.0,0.007688225494422163,3.0594328784790488,2.9539848170609186,2.0617423544347164
2023-07-26,2023,304.511532,394.125369,206.278949,356.375817,255.468614,250.878177,-0.004679801994412869,0.0005078811083463197,0.0,0.15355023191632797,0,0,0,1.0,0.6027723314177797,0.6027723314177797,0.0,0.0,-0.004679801994412869,3.0451153383925704,2.9401607530225715,2.062789474426811
2023-07-27,2023,302.687103,388.742512,206.383714,352.800237,250.111611,245.173525,-0.005991329747078389,0.0005078802296980545,-0.020969319542321507,0.1676667095505157,0,0,0,1.0,0.6027723314177797,0.6027723314177797,0.0,0.0,-0.005991329747078389,3.0268710482823744,2.922545280441795,2.0638371244189018
2023-07-28,2023,303.761471,392.784623,206.488532,354.726645,250.522245,246.187678,0.0035494343477198154,0.0005078792215165162,-0.019361944007728504,0.16725323922024676,0,0,0,1.0,0.6027723314177797,0.6027723314177797,0.0,0.0,0.0035494343477198154,3.0376147283472665,2.932918663042962,2.0648853044109887
2023-07-31,2023,308.212942,392.82146,206.593403,363.062886,254.182517,249.209034,0.014654495138391122,0.0005078780839993247,-0.00503426616625402,0.168470349962521,0,0,0,1.0,0.6027723314177797,0.6027723314177797,0.0,0.0,0.014654495138391122,3.082129438616137,2.9758991053318216,2.065934014403071
2023-08-01,2023,309.165261,394.793935,206.698328,364.757526,252.733833,248.300514,0.003089808603819133,0.0005078816577701595,-0.010704958848682722,0.16882362760294717,0,0,0,1.0,0.6027723314177797,0.6027723314177797,0.0,0.0,0.003089808603819133,3.0916526286736574,2.9850940639915735,2.06698326439515
2023-08-02,2023,310.23914,395.658984,206.803306,366.682833,251.922987,247.222979,0.0034734788654020576,0.0005078802572606733,-0.0138789142998208,0.1690471852212777,0,0,0,1.0,0.6027723314177797,0.6027723314177797,0.0,0.0,0.0034734788654020576,3.10239141873852,2.9954627251340855,2.0680330443872244
2023-08-03,2023,311.324035,398.86987,206.904716,368.63289,251.353936,246.589122,0.003496963664868291,0.0004903693367455109,-0.01610639340611919,0.1551010653555345,0,0,0,1.0,0.6027723314177797,0.6027723314177797,0.0,0.0,0.003496963664868291,3.113240368804048,3.005937749443347,2.069047144379568
2023-08-04,2023,310.862461,400.157874,207.006176,367.647625,249.106912,244.370653,-0.0014826160145328116,0.0004903706496472982,-0.024902088363778496,0.15332644843203766,0,0,0,1.0,0.6027723314177797,0.6027723314177797,0.0,0.0,-0.0014826160145328116,3.108624628776169,3.0014810979973334,2.0700617443719085
2023-08-07,2023,310.346225,404.268274,207.107685,366.558557,248.840104,244.265005,-0.0016606572512465334,0.0004903670120450787,-0.02594647497480851,0.15026322878586368,0,0,0,1.0,0.6027723314177797,0.6027723314177797,0.0,0.0,-0.0016606572512465334,3.1034622687449884,2.996496666647465,2.071076834364245
2023-08-08,2023,311.738274,403.430034,207.209245,369.091444,248.235618,243.546632,0.004485471025142962,0.0004903729188030503,-0.028312659965345155,0.14861928624247875,0,0,0,1.0,0.6027723314177797,0.6027723314177797,0.0,0.0,0.004485471025142962,3.1173827588290686,3.0099373656226494,2.0720924343565774
2023-08-09,2023,313.146172,405.56447,207.310854,371.65436,246.816116,242.342316,0.004516282142499994,0.0004903690469988398,-0.03386912335148928,0.1499325089582552,0,0,0,1.0,0.6027723314177797,0.6027723314177797,0.0,0.0,0.004516282142499994,3.1314617389141057,3.0235310919970546,2.0731085243489065
2023-08-10,2023,312.68555,406.228613,207.412513,370.670689,246.693134,241.940888,-0.0014709488449374808,0.0004903698867595452,-0.034350521038956305,0.14155829952742097,0,0,0,1.0,0.6027723314177797,0.6027723314177797,0.0,0.0,-0.0014709488449374808,3.126855518886284,3.019083632429649,2.0741251143412316
2023-08-11,2023,310.510216,405.67528,207.514222,366.432364,246.09907,241.391547,-0.006956938048464201,0.0004903706074859127,-0.03667591041144491,0.13375234738507702,0,0,0,1.0,0.6027723314177797,0.6027723314177797,0.0,0.0,-0.006956938048464201,3.105102178754894,2.9980800546357034,2.075142204333553
2023-08-14,2023,307.89211,407.919887,207.615981,361.353586,243.483101,239.405475,-0.008431625966213052,0.0004903712093526913,-0.046915794517130016,0.13807991675814482,0,0,0,1.0,0.6027723314177797,0.6027723314177797,0.0,0.0,-0.008431625966213052,3.0789211185967593,2.9728013649982516,2.0761597943258705
2023-08-15,2023,307.898911,403.360705,207.717789,361.256943,242.151146,237.41942,2.2088906402872865e-05,0.0004903668759488333,-0.05212956610004538,0.1388883614734312,0,0,0,1.0,0.6027723314177797,0.6027723314177797,0.0,0.0,2.2088906402872865e-05,3.0789891285971698,2.9728670309293572,2.077177874318185
2023-08-16,2023,308.314389,402.274363,207.819648,361.935934,240.944257,236.363002,0.0013493974325879954,0.000490372059563926,-0.05685378243763439,0.13960642689011296,0,0,0,1.0,0.6027723314177797,0.6027723314177797,0.0,0.0,0.0013493974325879954,3.083143908622265,2.9768786100683187,2.0781964643104947
2023-08-17,2023,303.476995,390.516769,207.921556,352.644688,239.67275,235.285451,-0.015689809404257238,0.0004903674940301972,-0.06183093787012128,0.13898304178501047,0,0,0,1.0,0.6027723314177797,0.6027723314177797,0.0,0.0,-0.015689809404257238,3.0347699683300853,2.9301719520567366,2.079215544302801
2023-08-18,2023,307.472237,395.09634,208.023515,360.118121,240.562805,236.003808,0.013164892449261334,0.00049037243642025,-0.05834692867594293,0.12057427621945124,0,0,0,1.0,0.6027723314177797,0.6027723314177797,0.0,0.0,0.013164892449261334,3.074722388571399,2.968747350663406,2.0802351342951035
2023-08-21,2023,307.143153,394.122091,208.125523,359.383738,238.520056,234.081135,-0.0010702885021779407,0.0004903676394467649,-0.0663430146452354,0.11475812741841998,0,0,0,1.0,0.6027723314177797,0.6027723314177797,0.0,0.0,-0.0010702885021779407,3.071431548551522,2.9655699345081197,2.081255214287402
2023-08-22,2023,311.97728,398.330856,208.227582,368.449303,242.119879,237.503935,0.015739002978848893,0.0004903723413107741,-0.05225195686856465,0.12833355093023904,0,0,0,1.0,0.6027723314177797,0.6027723314177797,0.0,0.0,0.015739002978848893,3.1197728188435048,3.012245048541328,2.0822758042796976
2023-08-23,2023,316.016507,404.448832,208.32969,376.00606,246.24498,241.497195,0.012947183205135993,0.0004903673135867592,-0.03610476393002238,0.14404363467511158,0,0,0,1.0,0.6027723314177797,0.6027723314177797,0.0,0.0,0.012947183205135993,3.1601650890874753,3.0512451370435563,2.083296884271989
2023-08-24,2023,316.055713,404.980359,208.431849,375.970547,243.933339,239.384359,0.0001240631395247327,0.000490371775621723,-0.0451533940682044,0.12864222828847924,0,0,0,1.0,0.6027723314177797,0.6027723314177797,0.0,0.0,0.0001240631395247327,3.160557149089844,3.0516236840947175,2.0843184742642764
2023-08-25,2023,311.449022,402.581481,208.534058,367.116863,241.454944,236.954594,-0.014575566302134857,0.0004903713155659517,-0.05485476192390504,0.1319404321029368,0,0,0,1.0,0.6027723314177797,0.6027723314177797,0.0,0.0,-0.014575566302134857,3.1144902388115985,3.0071445407580297,2.0853405642565597
2023-08-28,2023,311.918943,404.542586,208.636317,367.898757,244.131361,239.806919,0.001508821562457907,0.0004903707383856482,-0.04437826166779146,0.12660639210748953,0,0,0,1.0,0.6027723314177797,0.6027723314177797,0.0,0.0,0.001508821562457907,3.119189448839982,3.011681785282553,2.08636315424884
2023-08-29,2023,313.990554,407.976672,208.738626,371.720676,246.805694,242.173302,0.006641504296197809,0.0004903700442526748,-0.03390991896953732,0.13372734758265556,0,0,0,1.0,0.6027723314177797,0.6027723314177797,0.0,0.0,0.006641504296197809,3.1399055589651077,3.031683882798288,2.087386244241116
2023-08-30,2023,311.8848,404.758382,208.840985,367.613719,244.994318,240.652057,-0.006706424677985656,0.0004903692333395604,-0.04100032421203803,0.13536356997985957,0,0,0,1.0,0.6027723314177797,0.6027723314177797,0.0,0.0,-0.006706424677985656,3.11884801883792,3.011352123190838,2.088409834233388
2023-08-31,2023,306.809678,400.225665,208.943394,357.870715,241.256922,237.292639,-0.016272424946646824,0.0004903683058190555,-0.055629894324318085,0.1440890104092617,0,0,0,1.0,0.6027723314177797,0.6027723314177797,0.0,0.0,-0.016272424946646824,3.0680967985313816,2.9623501217782895,2.089433924225657
2023-09-01,2023,311.919171,407.889821,209.045854,367.458506,245.740546,240.968986,0.01665362394467884,0.0004903720478475204,-0.03807930785579794,0.15889250746370442,0,0,0,1.0,0.6027723314177797,0.6027723314177797,0.0,0.0,0.01665362394467884,3.119191728839996,3.0116839866988587,2.0904585242179214
2023-09-04,2023,311.461084,409.569843,209.148364,366.478731,245.498752,241.159133,-0.0014686080324315398,0.0004903708829355757,-0.03902578028626247,0.15888962030857162,0,0,0,1.0,0.6027723314177797,0.6027723314177797,0.0,0.0,-0.0014686080324315398,3.114610858812328,3.0072610034048473,2.0914836242101824
2023-09-05,2023,310.148749,408.44861,209.250924,363.877502,244.569093,240.060465,-0.004213479845206036,0.0004903696019349368,-0.04266481439477332,0.15916654569440905,0,0,0,1.0,0.6027723314177797,0.6027723314177797,0.0,0.0,-0.004213479845206036,3.101487508733062,2.994589969777727,2.09250922420244
2023-09-06,2023,307.715889,403.407976,209.353534,359.149411,241.76344,237.165874,-0.007844171572009118,0.0004903682050168001,-0.05364719284068298,0.16284211275889304,0,0,0,1.0,0.6027723314177797,0.6027723314177797,0.0,0.0,-0.007844171572009118,3.077158908586117,2.971099892266973,2.093535324194693
2023-09-08,2023,307.46296,403.890437,209.456195,358.558872,240.362699,235.919308,-0.0008219562558889892,0.0004903714689621363,-0.059130218634215526,0.1637152614383998,0,0,0,1.0,0.6027723314177797,0.6027723314177797,0.0,0.0,-0.0008219562558889892,3.07462961857084,2.968657778123653,2.0945619341869426
2023-09-11,2023,310.128638,410.474654,209.558906,363.507925,243.635265,239.76467,0.008669915881900137,0.0004903698360414488,-0.04632016753337853,0.1718861152822257,0,0,0,1.0,0.6027723314177797,0.6027723314177797,0.0,0.0,0.008669915881900137,3.101286398731848,2.9943957913421335,2.0955890441791887
2023-09-12,2023,313.815204,416.534694,209.661667,370.394613,245.896879,241.328164,0.011887215652750971,0.0004903680877204053,-0.037467361841952096,0.17077034411141034,0,0,0,1.0,0.6027723314177797,0.6027723314177797,0.0,0.0,0.011887215652750971,3.138152058954517,3.0299908198635075,2.096616654171431
2023-09-13,2023,312.871726,415.213333,209.764479,368.493219,246.330442,241.83524,-0.0030064763847451603,0.0004903709937591483,-0.03577023359902831,0.16931318937146467,0,0,0,1.0,0.6027723314177797,0.6027723314177797,0.0,0.0,-0.0030064763847451603,3.128717278897531,3.020881224017593,2.097644774163669
2023-09-14,2023,315.246219,414.70232,209.867341,372.889426,248.865118,244.222739,0.007589349892230146,0.0004903690104749447,-0.025848560794243025,0.17093403514012362,0,0,0,1.0,0.6027723314177797,0.6027723314177797,0.0,0.0,0.007589349892230146,3.15246220904095,3.043807748609531,2.0986733941559037
2023-09-15,2023,314.36495,413.655009,209.970254,371.106,247.543585,242.807143,-0.0027954942736362343,0.0004903716772206579,-0.031021536759110457,0.1709519015838014,0,0,0,1.0,0.6027723314177797,0.6027723314177797,0.0,0.0,-0.0027954942736362343,3.1436495189877216,3.0352988014782434,2.0997025241481344
2023-09-18,2023,313.495709,413.02431,210.073217,369.345348,246.563899,242.236684,-0.0027650697064034446,0.0004903694596662955,-0.03485639531437712,0.1719027718771244,0,0,0,1.0,0.6027723314177797,0.6027723314177797,0.0,0.0,-0.0027650697064034446,3.134957108935219,3.026905988712393,2.1007321541403607
2023-09-19,2023,312.39719,411.269941,210.176231,367.149462,245.642578,241.074618,-0.0035040958088519147,0.000490371887816643,-0.03846279136269948,0.16912097718852045,0,0,0,1.0,0.6027723314177797,0.6027723314177797,0.0,0.0,-0.0035040958088519147,3.1239719188688686,3.0162994201235573,2.1017622941325835
2023-09-20,2023,315.12544,415.183122,210.279295,372.216898,247.412265,243.039556,0.008733273177009115,0.0004903694366846789,-0.031535572506765974,0.16293336266994304,0,0,0,1.0,0.6027723314177797,0.6027723314177797,0.0,0.0,0.008733273177009115,3.151254419033656,3.0426415869431507,2.1027929341248024
2023-09-21,2023,310.896306,406.398516,210.378713,364.082837,242.09695,237.905363,-0.013420477889693805,0.00047279024784629975,-0.052341709576895434,0.1702680322534972,0,0,0,1.0,0.6027723314177797,0.6027723314177797,0.0,0.0,-0.013420477889693805,3.1089630787782148,3.001807882799317,2.1037871141172966
2023-09-22,2023,309.861918,404.802889,210.478178,362.012494,241.813467,237.926496,-0.0033271157618707248,0.00047279022949431315,-0.05345136839392728,0.16723913027246867,0,0,0,1.0,0.6027723314177797,0.6027723314177797,0.0,0.0,-0.0033271157618707248,3.0986191987157374,2.9918205204783477,2.1047817641097875
2023-09-25,2023,307.111605,404.890357,210.57769,356.685197,241.638374,237.841981,-0.008875930988073266,0.0004727901055849859,-0.054136748086009545,0.16322900760595346,0,0,0,1.0,0.6027723314177797,0.6027723314177797,0.0,0.0,-0.008875930988073266,3.0711160685496175,2.9652653280098806,2.105776884102274
2023-09-26,2023,303.746068,400.625789,210.677249,350.190129,238.028129,233.785339,-0.010958677383747895,0.00047278987626842017,-0.06826860148072822,0.1660918765949207,0,0,0,1.0,0.6027723314177797,0.6027723314177797,0.0,0.0,-0.010958677383747895,3.037460698346338,2.932769941923007,2.1067724740947575
2023-09-27,2023,304.067074,400.860299,210.776855,350.692231,238.307444,233.890971,0.0010568235569718976,0.0004727895416938299,-0.06717525777941546,0.16010939211218506,0,0,0,1.0,0.6027723314177797,0.6027723314177797,0.0,0.0,0.0010568235569718976,3.0406707583657266,2.9358693622848104,2.107768534087238
2023-09-28,2023,309.796388,405.175967,210.876508,361.45949,241.233993,237.017976,0.01884227030776775,0.0004727891020102071,-0.055719647032648756,0.1659861478343074,0,0,0,1.0,0.6027723314177797,0.6027723314177797,0.0,0.0,0.01884227030776775,3.097963898711779,2.9911878063972748,2.1087650640797144
2023-09-29,2023,311.879435,404.027978,210.976208,365.305922,242.972414,239.06743,0.006723922810875527,0.00047278855736743175,-0.04891481503085937,0.1588983799300478,0,0,0,1.0,0.6027723314177797,0.6027723314177797,0.0,0.0,0.006723922810875527,3.118794368837596,3.0113003223203223,2.1097620640721875
2023-10-02,2023,309.331559,403.696361,211.075956,360.362608,239.829083,235.560114,-0.008169426111727995,0.00047279264778499197,-0.06121899185627555,0.15021600763289572,0,0,0,1.0,0.6027723314177797,0.6027723314177797,0.0,0.0,-0.008169426111727995,3.093315608683704,2.9866997268369038,2.1107595440646567
2023-10-03,2023,305.644951,399.828175,211.17575,353.257879,236.414775,232.031681,-0.011917982154546425,0.00047278715155973927,-0.0745838743228161,0.15719707615273362,0,0,0,1.0,0.6027723314177797,0.6027723314177797,0.0,0.0,-0.011917982154546425,3.0564495284610316,2.951104292791473,2.1117574840571227
2023-10-04,2023,306.570258,398.258283,211.275592,354.906717,236.806649,232.792303,0.0030273917399015193,0.00047279102832598063,-0.07304993246645952,0.15748894706870858,0,0,0,1.0,0.6027723314177797,0.6027723314177797,0.0,0.0,0.0030273917399015193,3.0657025985169204,2.9600384415510574,2.1127559040495854
2023-10-05,2023,305.08258,394.791472,211.375481,351.975553,236.133376,231.883783,-0.004852649469995307,0.00047279006086053954,-0.07568537558198829,0.15320975905510575,0,0,0,1.0,0.6027723314177797,0.6027723314177797,0.0,0.0,-0.004852649469995307,3.050825818427064,2.945674412576499,2.1137547940420442
2023-10-06,2023,304.743479,395.895316,211.475417,351.224387,237.980187,233.806472,-0.0011115056126771439,0.000472788989182682,-0.06845626445524933,0.15532410023660145,0,0,0,1.0,0.6027723314177797,0.6027723314177797,0.0,0.0,-0.0011115056126771439,3.047434808406582,2.942400278933801,2.1147541540344994
2023-10-09,2023,306.810369,401.581248,211.575401,355.039849,240.035442,236.088323,0.006782392872793919,0.00047279254212329036,-0.06041122531004928,0.15026649133512276,0,0,0,1.0,0.6027723314177797,0.6027723314177797,0.0,0.0,0.006782392872793919,3.068103708531423,2.9623567936145485,2.115753994026951
2023-10-10,2023,310.6658,404.357364,211.675431,362.249989,243.330937,239.025164,0.012566169170116881,0.00047278653154969597,-0.0475114215008815,0.15494100918243053,0,0,0,1.0,0.6027723314177797,0.6027723314177797,0.0,0.0,0.012566169170116881,3.106658018764292,2.999582270225354,2.1167542940193997
2023-10-11,2023,308.225316,402.999588,211.775509,357.510153,243.98545,239.806919,-0.007855657108056247,0.000472789872340007,-0.04494941206358927,0.15515361962132063,0,0,0,1.0,0.6027723314177797,0.6027723314177797,0.0,0.0,-0.007855657108056247,3.0822531786168863,2.9760185804430583,2.1177550740118445
2023-10-13,2023,304.219542,398.514876,211.875635,349.799276,241.281935,236.76443,-0.01299625239089719,0.0004727931028134513,-0.05553198405812776,0.1541062098520947,0,0,0,1.0,0.6027723314177797,0.6027723314177797,0.0,0.0,-0.01299625239089719,3.0421954383749363,2.9373414918516207,2.1187563340042854
2023-10-16,2023,304.243424,401.619918,211.975807,349.736815,242.907796,238.623736,7.850251776408967e-05,0.0004727867836242794,-0.04916775412575736,0.15607835218011581,0,0,0,1.0,0.6027723314177797,0.6027723314177797,0.0,0.0,7.850251776408967e-05,3.042434258376379,2.937572080554264,2.1197580539967227
2023-10-17,2023,301.398011,398.396161,212.076027,344.228253,241.602939,237.356021,-0.009352422355067946,0.0004727898028475952,-0.0542754539702478,0.15652604232394063,0,0,0,1.0,0.6027723314177797,0.6027723314177797,0.0,0.0,-0.009352422355067946,3.013980128204515,2.910098665758465,2.1207602539891566
2023-10-18,2023,296.677074,398.803332,212.176295,335.159814,237.750899,233.193748,-0.015663464348475764,0.0004727927122096798,-0.06935378370980627,0.16514843229175113,0,0,0,1.0,0.6027723314177797,0.6027723314177797,0.0,0.0,-0.015663464348475764,2.9667707579193694,2.86451643905681,2.1217629339815867
2023-10-19,2023,296.319873,398.293717,212.27661,334.373887,237.63417,233.679691,-0.0012040060769914485,0.0004727907988024693,-0.0698107048093195,0.16194774867007677,0,0,0,1.0,0.6027723314177797,0.6027723314177797,0.0,0.0,-0.0012040060769914485,2.963198747897794,2.8610675438565436,2.1227660839740135
2023-10-20,2023,295.037222,394.72421,212.376972,331.831363,235.864483,231.355574,-0.0043286026921318665,0.0004727887825228816,-0.076737923665253,0.14643045933336662,0,0,0,1.0,0.6027723314177797,0.6027723314177797,0.0,0.0,-0.0043286026921318665,2.950372237820322,2.848683119183835,2.1237697039664365
2023-10-23,2023,298.961971,394.95174,212.477382,339.172664,235.093242,231.038645,0.013302555431463636,0.00047279137212674627,-0.07975685028768342,0.1466024535122385,0,0,0,1.0,0.6027723314177797,0.6027723314177797,0.0,0.0,0.013302555431463636,2.989619728057378,2.8865778842834526,2.124773803958856
2023-10-24,2023,301.427224,396.589334,212.577839,343.743725,237.129737,232.919068,0.008246042102793227,0.00047278914609361067,-0.0717852448207199,0.15087305327990377,0,0,0,1.0,0.6027723314177797,0.6027723314177797,0.0,0.0,0.008246042102793227,3.0142722582062804,2.9103807270502458,2.125778373951272
2023-10-25,2023,296.497581,391.954622,212.678344,334.278897,235.187041,231.038645,-0.016354338982997763,0.00047279152179169337,-0.07938968581087624,0.14430112211668866,0,0,0,1.0,0.6027723314177797,0.6027723314177797,0.0,0.0,-0.016354338982997763,2.9649758279085288,2.8627833740704824,2.1267834239436842
2023-10-26,2023,301.127141,396.382194,212.778896,342.957808,239.24544,235.369966,0.015614157742487533,0.00047278908660297603,-0.06350358952509128,0.15754903221708144,0,0,0,1.0,0.6027723314177797,0.6027723314177797,0.0,0.0,0.015614157742487533,3.011271428188155,2.9074833252557895,2.127788943936093
2023-10-27,2023,298.379208,389.392696,212.879495,337.633859,236.168811,232.095064,-0.009125490950017023,0.0004727865492826222,-0.07554666969775004,0.15734636721301826,0,0,0,1.0,0.6027723314177797,0.6027723314177797,0.0,0.0,-0.009125490950017023,2.983792098022179,2.8809511124838423,2.128794933928498
2023-10-30,2023,295.930842,381.517264,212.980143,332.878451,234.565879,230.214641,-0.008205551641520592,0.0004727933049635258,-0.08182114692178977,0.15547962112724348,0,0,0,1.0,0.6027723314177797,0.6027723314177797,0.0,0.0,-0.008205551641520592,2.959308437874297,2.85731131935366,2.1298014139209
2023-10-31,2023,298.358232,385.851942,213.080838,337.377391,235.841554,231.60912,0.008202558353143985,0.00047279055493931743,-0.07682767637358379,0.15151790258073386,0,0,0,1.0,0.6027723314177797,0.6027723314177797,0.0,0.0,0.008202558353143985,2.9835823380209123,2.8807485821837573,2.130808363913298
2023-11-01,2023,298.770976,388.736112,213.18158,338.052393,239.820745,235.708012,0.001383383985195552,0.00047278770322845,-0.061251629916464045,0.15511043357881674,0,0,0,1.0,0.6027723314177797,0.6027723314177797,0.0,0.0,0.001383383985195552,2.9877097780458426,2.8847337636377253,2.131815783905693
2023-11-03,2023,305.164421,395.155782,213.278605,350.083029,246.297091,242.447965,0.021399150230710484,0.00045512844027140176,-0.03590078192540713,0.18099064417416555,0,0,0,1.0,0.6027723314177797,0.6027723314177797,0.0,0.0,0.021399150230710484,3.0516442284320084,2.9464646148214118,2.132786033898368
2023-11-06,2023,303.596369,394.522055,213.375675,347.002346,246.978702,242.57473,-0.005138384071320057,0.00045513238423522395,-0.03323270074968976,0.18008127440231378,0,0,0,1.0,0.6027723314177797,0.6027723314177797,0.0,0.0,-0.005138384071320057,3.0359637083372975,2.9313245479779053,2.13375673389104
2023-11-07,2023,309.035538,398.474992,213.472789,357.221627,248.606647,244.39177,0.017915790685889332,0.0004551315420560087,-0.0268603132594597,0.1796343991346185,0,0,0,1.0,0.6027723314177797,0.6027723314177797,0.0,0.0,0.017915790685889332,3.090355398665825,2.9838415450118867,2.1347278738837083
2023-11-08,2023,307.90176,396.128647,213.569946,354.965119,248.254378,244.074842,-0.0036687625227100895,0.000455125922395494,-0.02823922628710862,0.17843249855052928,0,0,0,1.0,0.6027723314177797,0.6027723314177797,0.0,0.0,-0.0036687625227100895,3.079017618597345,2.9728945389778416,2.1356994438763732
2023-11-09,2023,307.58644,390.292206,213.667149,354.262035,248.073032,243.356485,-0.0010240928794952309,0.000455134263132706,-0.02894908256714457,0.17284593793943948,0,0,0,1.0,0.6027723314177797,0.6027723314177797,0.0,0.0,-0.0010240928794952309,3.075864418578299,2.9698500188489843,2.136671473869035
2023-11-10,2023,313.557912,394.507695,213.764395,365.49151,251.458157,247.222979,0.0194139637625117,0.0004551284577678505,-0.01569843331126386,0.17852996176889657,0,0,0,1.0,0.6027723314177797,0.6027723314177797,0.0,0.0,0.0194139637625117,3.135579138938977,3.027506579495013,2.1376439338616935
2023-11-13,2023,313.354061,394.128461,213.861685,364.999902,250.916204,246.821535,-0.0006501223289175906,0.0004551272441792875,-0.017819840679137222,0.17286330264654962,0,0,0,1.0,0.6027723314177797,0.6027723314177797,0.0,0.0,-0.0006501223289175906,3.1335406289266645,3.0255383298667384,2.1386168338543485
2023-11-14,2023,318.41455,402.283918,213.95902,374.500195,257.069462,252.71635,0.016149428489455664,0.0004551306139761735,0.0,0.18998717286922354,0,0,0,1.0,0.6027723314177797,0.6027723314177797,0.0,0.0,0.016149428489455664,3.18414551923232,3.0743990447670284,2.1395901838470004
2023-11-16,2023,319.253901,404.553517,214.0564,375.988536,259.67084,255.568676,0.002636032178805703,0.00045513388498408247,0.0,0.1889914367018343,0,0,0,1.0,0.6027723314177797,0.6027723314177797,0.0,0.0,0.002636032178805703,3.192539029283016,3.0825032595795236,2.1405639838396486
2023-11-17,2023,317.0898,403.169241,214.153823,371.776143,260.683876,256.096885,-0.006778620380898492,0.00045512771400435525,0.0,0.17421274832453953,0,0,0,1.0,0.6027723314177797,0.6027723314177797,0.0,0.0,-0.006778620380898492,3.1708980191523044,3.0616081401599518,2.141538213832294
2023-11-20,2023,318.510969,407.375892,214.251291,374.368704,262.8371,258.294237,0.004481913325499409,0.0004551307963343021,0.0,0.17354128420972448,0,0,0,1.0,0.6027723314177797,0.6027723314177797,0.0,0.0,0.004481913325499409,3.1851097092381426,3.075330002480792,2.142512893824936
2023-11-21,2023,316.657747,406.531649,214.348803,370.746279,261.819894,257.258952,-0.005818393023695245,0.00045512911285094937,-0.003870100529948184,0.17054733860106686,0,0,0,1.0,0.6027723314177797,0.6027723314177797,0.0,0.0,-0.005818393023695245,3.1665774891262073,3.0574365238487973,2.1434880138175743
2023-11-22,2023,315.589521,405.663658,214.44636,368.613763,262.712034,258.082956,-0.0033734402840931432,0.0004551320027665895,-0.00047583084731950276,0.1677270930749738,0,0,0,1.0,0.6027723314177797,0.6027723314177797,0.0,0.0,-0.0033734402840931432,3.1558952290616866,3.047122444313188,2.144463583810209
2023-11-23,2023,316.930287,406.580512,214.543961,371.053572,263.839714,259.519686,0.004248449047837832,0.00045513013137643554,0.0,0.16739334362814157,0,0,0,1.0,0.6027723314177797,0.6027723314177797,0.0,0.0,0.004248449047837832,3.1693028891426698,3.0600679887603754,2.1454395938028408
2023-11-24,2023,312.546391,401.998514,214.641606,362.627672,261.684406,257.047671,-0.01383236686369449,0.000455128168347807,-0.008169005216553504,0.1673680044636484,0,0,0,1.0,0.6027723314177797,0.6027723314177797,0.0,0.0,-0.01383236686369449,3.1254639288778816,3.0177400057119943,2.146416043795469
2023-11-27,2023,314.461657,399.448933,214.739296,366.157812,261.978312,257.639263,0.006127941499730838,0.0004551307727356235,-0.00705504858150352,0.16192484266241094,0,0,0,1.0,0.6027723314177797,0.6027723314177797,0.0,0.0,0.006127941499730838,3.144616588993564,3.036232539928395,2.147392943788094
2023-11-28,2023,318.817543,402.855944,214.83703,374.32031,263.760505,259.287273,0.013851882743211474,0.00045512862256935627,-0.00030021636545585206,0.14827525675065115,0,0,0,1.0,0.6027723314177797,0.6027723314177797,0.0,0.0,0.013851882743211474,3.1881754492566605,3.078290077052606,2.1483702837807153
2023-11-29,2023,318.189801,399.823068,214.934809,373.023612,262.849606,258.336487,-0.0019689694428138838,0.00045513103583672,-0.003752687512388775,0.14502359026405318,0,0,0,1.0,0.6027723314177797,0.6027723314177797,0.0,0.0,-0.0019689694428138838,3.1818980292187447,3.0722290179547724,2.149348073773333
2023-11-30,2023,322.36979,402.57623,215.032632,380.852151,265.413464,261.08318,0.013136778698950247,0.00045512869904662523,0.0,0.1457089849784927,0,0,0,1.0,0.6027723314177797,0.6027723314177797,0.0,0.0,0.013136778698950247,3.2236979194712174,3.1125882106761376,2.1503263037659477
2023-12-01,2023,324.427244,400.809843,215.1305,384.65198,267.022649,262.245247,0.0063822791831702474,0.000455130921710456,0.0,0.13991216096996675,0,0,0,1.0,0.6027723314177797,0.6027723314177797,0.0,0.0,0.0063822791831702474,3.244272459595488,3.132453617618917,2.1513049837585587
2023-12-04,2023,318.407271,394.685515,215.228412,373.120446,264.312881,259.794349,-0.018555695032812958,0.0004551283988090127,-0.010148082981530138,0.12529209611261063,0,0,0,1.0,0.6027723314177797,0.6027723314177797,0.0,0.0,-0.018555695032812958,3.1840727292318802,3.0743287635859486,2.1522841037511666
2023-12-05,2023,319.123427,394.19135,215.326369,374.374336,264.521325,259.899997,0.0022491823058903293,0.0004551304313855642,-0.009367460061412314,0.12565560785819704,0,0,0,1.0,0.6027723314177797,0.6027723314177797,0.0,0.0,0.0022491823058903293,3.1912342892751364,3.0812434894434957,2.1532636737437714
2023-12-06,2023,317.552422,392.721324,215.424371,371.287043,261.853245,257.174436,-0.004922875812561456,0.00045513236699767923,-0.019359421454919312,0.13383399684582967,0,0,0,1.0,0.6027723314177797,0.6027723314177797,0.0,0.0,-0.004922875812561456,3.175524239180247,3.066074910396702,2.1542436937363725
2023-12-07,2023,318.497851,397.708714,215.522417,372.976008,262.659923,258.378752,0.0029772375661492045,0.00045512956377624647,-0.016338411802663266,0.13297852939123522,0,0,0,1.0,0.6027723314177797,0.6027723314177797,0.0,0.0,0.0029772375661492045,3.184978529237352,3.075203343800563,2.1552241537289705
2023-12-08,2023,321.307832,401.091921,215.620508,378.203924,264.919452,260.533838,0.008822605839183595,0.00045513131007623997,-0.007876474178787785,0.1337630229348256,0,0,0,1.0,0.6027723314177797,0.6027723314177797,0.0,0.0,0.008822605839183595,3.2130783394070757,3.1023346507782548,2.1562050637215653
2023-12-11,2023,321.966363,400.453835,215.718643,379.348246,264.548423,260.111277,0.0020495329849288257,0.0004551283220239899,-0.009265978033196731,0.12893982784825647,0,0,0,1.0,0.6027723314177797,0.6027723314177797,0.0,0.0,0.0020495329849288257,3.2196636494468507,3.1086929879753122,2.1571864137141565
2023-12-12,2023,323.074449,401.536955,215.816823,381.345796,263.479106,259.033726,0.0034416203906368903,0.0004551298795256731,-0.013270570917001123,0.13002662216806884,0,0,0,1.0,0.6027723314177797,0.6027723314177797,0.0,0.0,0.0034416203906368903,3.2307445095137792,3.119391929150958,2.1581682137067446
2023-12-13,2023,329.329678,406.268121,215.915048,393.1128,269.861653,266.470919,0.019361571363385677,0.000455131340711068,0.0,0.1293567473855255,0,0,0,1.0,0.6027723314177797,0.6027723314177797,0.0,0.0,0.019361571363385677,3.2932967998915967,3.1797882585975836,2.159150463699329
2023-12-14,2023,333.585605,414.138078,216.009487,401.089116,272.731923,268.076663,0.012922998697979526,0.00043738961630879203,0.0,0.12977473926967964,0,0,0,1.0,0.6027723314177797,0.6027723314177797,0.0,0.0,0.012922998697979526,3.335856070148656,3.2208806581232907,2.1600948536921996
2023-12-15,2023,329.958113,410.117699,216.103967,394.102311,271.387461,266.808965,-0.010874246207356442,0.00043738819675076535,-0.0049296099452208475,0.13226149343138002,0,0,0,1.0,0.6027723314177797,0.6027723314177797,0.0,0.0,-0.010874246207356442,3.299581149929555,3.1858560088423458,2.1610396536850667
2023-12-18,2023,330.254361,414.421999,216.198489,394.562893,273.236357,268.900668,0.0008978351746120605,0.00043739132285325333,0.0,0.13145715258727905,0,0,0,1.0,0.6027723314177797,0.6027723314177797,0.0,0.0,0.0008978351746120605,3.3025436299474484,3.1887163824283338,2.1619848736779304
2023-12-19,2023,332.18478,423.023091,216.293052,398.125158,274.83512,270.548694,0.0058452490806018,0.00043738973587359453,0.0,0.13024823867686805,0,0,0,1.0,0.6027723314177797,0.6027723314177797,0.0,0.0,0.0058452490806018,3.321847820064046,3.207355223931023,2.162930503670791
2023-12-20,2023,331.904563,419.089812,216.387656,397.491494,272.652714,267.949898,-0.0008435576127238109,0.0004373880673707031,-0.007940782822806636,0.13528561570557862,0,0,0,1.0,0.6027723314177797,0.6027723314177797,0.0,0.0,-0.0008435576127238109,3.319045650047121,3.204649635015166,2.163876543663649
2023-12-21,2023,333.396459,419.843272,216.482302,400.221335,275.525069,271.182551,0.004494954774092674,0.0004373909387882513,0.0,0.1385297695717541,0,0,0,1.0,0.6027723314177797,0.6027723314177797,0.0,0.0,0.004494954774092674,3.3339646101372318,3.219054390191372,2.1648230036565037
2023-12-22,2023,333.41412,422.048933,216.576989,400.152967,276.715282,272.429117,5.297296813822072e-05,0.00043738910352120186,0.0,0.13311250637033156,0,0,0,1.0,0.6027723314177797,0.6027723314177797,0.0,0.0,5.297296813822072e-05,3.3341412201382985,3.219224913057019,2.165769873649355
2023-12-26,2023,333.854958,424.394316,216.671718,400.887764,278.341143,273.929213,0.0013221935531704254,0.00043739180435276026,0.0,0.13337312433645915,0,0,0,1.0,0.6027723314177797,0.6027723314177797,0.0,0.0,0.0013221935531704254,3.3385496001649253,3.2234813514832688,2.1667171636422036
2023-12-27,2023,334.70142,423.548518,216.766488,402.39241,279.718956,275.640637,0.002535418389682853,0.00043738980276142314,0.0,0.1328459695034148,0,0,0,1.0,0.6027723314177797,0.6027723314177797,0.0,0.0,0.002535418389682853,3.3470142202160518,3.2316542253806193,2.1676648636350486
2023-12-28,2023,335.822294,425.512839,216.861299,404.417855,279.700196,275.492723,0.003348877336702083,0.0004373877201904186,-6.706731738259641e-05,0.13120636982566636,0,0,0,1.0,0.6027723314177797,0.6027723314177797,0.0,0.0,0.003348877336702083,3.358222960283753,3.242476638976054,2.1686129736278907
2024-01-03,2024,334.445014,426.705723,216.956152,402.53481,279.988966,275.984851,-0.004101216116556228,0.00043739072991288985,0.0,0.12901270476957644,0,0,0,1.0,0.75,0.75,0.14722766858222025,0.00014722766858222026,-0.004248443785138448,3.3444501621560483,3.2287011592507397,2.1695615048393244
2024-01-04,2024,330.048768,414.981567,217.051046,395.416849,276.599606,272.475919,-0.013144899209052152,0.0004373879197490105,-0.012105334179490557,0.13851505874689912,0,0,0,1.0,0.75,0.75,0.0,0.0,-0.013144899209052152,3.300487701864809,3.1862602079362388,2.1705104448326935
2024-01-05,2024,331.465229,420.612343,217.145982,397.63222,278.279531,274.401547,0.004291671829540045,0.00043739019806432466,-0.006105365595014178,0.13176106191069875,0,0,0,1.0,0.75,0.75,0.0,0.0,0.004291671829540045,3.3146523119586453,3.199934591112223,2.1714598048260596
2024-01-08,2024,335.247024,427.545288,217.24096,403.645541,279.131087,275.08623,0.011409326436469192,0.0004373923897886822,-0.0030639743139021514,0.1315910795765891,0,0,0,1.0,0.75,0.75,0.0,0.0,0.011409326436469192,3.3524702622091787,3.236443689437572,2.1724095848194227
2024-01-09,2024,333.692756,424.005779,217.335979,401.090814,277.065432,272.989415,-0.004636187314820184,0.0004373898918510477,-0.010441604330936438,0.12843025785675707,0,0,0,1.0,0.75,0.75,0.0,0.0,-0.004636187314820184,3.3369275821062128,3.2214389302594717,2.173359774812783
2024-01-10,2024,333.5174,422.783873,217.431039,400.750157,275.788099,271.598699,-0.0005255013686901178,0.0004373873135841144,-0.015003687681035327,0.13112693335464215,0,0,0,1.0,0.75,0.75,0.0,0.0,-0.0005255013686901178,3.3351740220945962,3.2197460596924685,2.17431037480614
2024-01-11,2024,330.785925,414.823152,217.526142,396.305159,275.383399,271.320542,-0.008189902535819638,0.00043739385341390324,-0.016449101783532427,0.12974931846762697,0,0,0,1.0,0.75,0.75,0.0,0.0,-0.008189902535819638,3.3078592719136437,3.1933766532734977,2.1752614047994943
2024-01-12,2024,332.248724,413.583392,217.621285,398.594805,276.097947,272.21918,0.004422192389231583,0.0004373865096178875,-0.013897044071372489,0.12914628464254513,0,0,0,1.0,0.75,0.75,0.0,0.0,0.004422192389231583,3.3224872620105494,3.207498379205554,2.176212834792846
2024-01-15,2024,330.308371,413.432912,217.716471,395.420046,277.22141,273.481526,-0.0058400615558118485,0.00043739287726385356,-0.009884518092045158,0.12716572722827746,0,0,0,1.0,0.75,0.75,0.0,0.0,-0.0058400615558118485,3.303083731882007,3.1887663912308266,2.1771646947861947
2024-01-16,2024,331.693528,413.118849,217.811698,397.584972,272.527315,268.496293,0.004193526781675061,0.00043738996669651087,-0.026649803764052682,0.1178117046612328,0,0,0,1.0,0.75,0.75,0.0,0.0,0.004193526781675061,3.3169353019737695,3.2021385684929586,2.17811696477954
2024-01-17,2024,336.122636,416.9548,217.906966,404.63749,270.904301,266.442295,0.01335301302592784,0.0004373869763414362,-0.03244651076714222,0.11355591192307014,0,0,0,1.0,0.75,0.75,0.0,0.0,0.01335301302592784,3.3612263822671853,3.244896766508871,2.179069644772883
2024-01-18,2024,333.44116,408.540073,218.002277,400.272645,268.358065,264.366897,-0.007977671578179524,0.0004373930845331664,-0.04154056913799953,0.11702187814189717,0,0,0,1.0,0.75,0.75,0.0,0.0,-0.007977671578179524,3.334411622089545,3.2190100458005664,2.1800227547662225
2024-01-19,2024,338.382246,413.763179,218.097629,408.147185,269.032565,264.965978,0.014818464523095987,0.0004373899268952375,-0.039131545633837694,0.1144072592573911,0,0,0,1.0,0.75,0.75,0.0,0.0,0.014818464523095987,3.383822482416878,3.2667108319637514,2.18097627475956
2024-01-22,2024,335.73947,411.733296,218.193022,403.844428,266.853088,262.526854,-0.007810031499111303,0.00043738668979287354,-0.04691569881364532,0.1144492967385032,0,0,0,1.0,0.75,0.75,0.0,0.0,-0.007810031499111303,3.3573947222418012,3.2411977174676263,2.1819302047528937
2024-01-23,2024,339.829663,422.144346,218.288458,410.352653,270.354162,266.485096,0.012182639711678878,0.00043739253952845836,-0.03441137033950126,0.1227191775782084,0,0,0,1.0,0.75,0.75,0.0,0.0,0.012182639711678878,3.3982966525127654,3.2806840614938504,2.1828845647462245
2024-01-24,2024,338.42015,426.099775,218.383935,408.030072,269.411971,265.244134,-0.004147704433912214,0.0004373891358013804,-0.03777647080563884,0.11606868374022336,0,0,0,1.0,0.75,0.75,0.0,0.0,-0.004147704433912214,3.384201522419389,3.267076753665727,2.183839334739553
2024-01-25,2024,338.485247,435.43126,218.479454,408.07522,270.156028,266.292525,0.0001923555674803179,0.0004373902320240486,-0.03511901965451025,0.11523327757724562,0,0,0,1.0,0.75,0.75,0.0,0.0,0.0001923555674803179,3.384852492423702,3.26770519406868,2.1847945247328777
2024-01-26,2024,338.796335,435.33431,218.575015,408.515327,271.838061,267.619072,0.0009190592581425072,0.00043739124320585354,-0.029111522201914264,0.11552407506580327,0,0,0,1.0,0.75,0.75,0.0,0.0,0.0009190592581425072,3.3879633724443106,3.270708408780169,2.1857501347262
2024-01-29,2024,338.115085,431.308478,218.670617,407.362027,270.860037,266.913006,-0.0020107950695510413,0.0004373875943688432,-0.03260460271137977,0.11349846759381085,0,0,0,1.0,0.75,0.75,0.0,0.0,-0.0020107950695510413,3.38115087239918,3.2641316844378547,2.1867061547195195
2024-01-30,2024,332.621058,423.660693,218.766262,398.480912,268.539337,264.388297,-0.0162489851643266,0.0004373930128893644,-0.04089314362480989,0.1159761843599809,0,0,0,1.0,0.75,0.75,0.0,0.0,-0.0162489851643266,3.3262106020352156,3.2110928571230155,2.187662604712836
2024-01-31,2024,334.296811,433.145996,218.861948,401.112157,269.277071,265.201333,0.0050380243814869274,0.00043738919852276403,-0.03825827550647132,0.11672981867056188,0,0,0,1.0,0.75,0.75,0.0,0.0,0.0050380243814869274,3.3429681321462295,3.2272704212284196,2.188619464706149
2024-02-01,2024,333.901053,436.710223,218.953776,400.419613,270.813665,266.934406,-0.0011838521546649883,0.00041957042253870647,-0.03277022352373693,0.11319127528597484,0,0,0,1.0,0.75,0.75,0.0,0.0,-0.0011838521546649883,3.339010552120012,3.223449810186562,2.1895377446997326
2024-02-02,2024,330.709747,434.438533,219.045642,395.238285,268.075618,263.853401,-0.009557639819722241,0.0004195680096423793,-0.04254934817681344,0.11428894648309347,0,0,0,1.0,0.75,0.75,0.0,0.0,-0.009557639819722241,3.307097491908597,3.1926412379238465,2.1904564046933133
2024-02-05,2024,329.871262,431.06654,219.137547,393.834815,268.941929,265.008778,-0.0025354106058446124,0.0004195700912417166,-0.0394552583904324,0.11438808734773942,0,0,0,1.0,0.75,0.75,0.0,0.0,-0.0025354106058446124,3.29871264185305,3.1845465814685574,2.1913754546868915
2024-02-06,2024,333.273029,435.426829,219.229491,399.239815,274.892279,271.470312,0.010312407875045615,0.0004195720964239591,-0.018203170906385013,0.14038595625017056,0,0,0,1.0,0.75,0.75,0.0,0.0,0.010312407875045615,3.3327303120784078,3.217386924713743,2.1922948946804666
2024-02-07,2024,336.08086,444.851432,219.321473,403.691122,273.189168,269.694471,0.008425017195135664,0.0004195694638546854,-0.024285949897039916,0.14113384637278473,0,0,0,1.0,0.75,0.75,0.0,0.0,0.008425017195135664,3.3608086222644182,3.244493464877861,2.193214714674039
2024-02-08,2024,335.071713,446.989969,219.413494,402.01355,270.257203,266.399511,-0.0030026910785695415,0.00041957132031478217,-0.03475766612888598,0.14578702580874778,0,0,0,1.0,0.75,0.75,0.0,0.0,-0.0030026910785695415,3.350717152197565,3.234751253296395,2.1941349246676083
2024-02-09,2024,330.740625,447.263146,219.505553,395.001975,269.854611,265.586459,-0.012925853875346283,0.00041956854303593083,-0.03619555136326347,0.14520852850105492,0,0,0,1.0,0.75,0.75,0.0,0.0,-0.012925853875346283,3.307406271910643,3.192939331273193,2.1950555146611754
2024-02-14,2024,328.606835,443.030925,219.597651,391.518536,267.729937,263.660847,-0.006451550969887809,0.0004195702511453625,-0.0437839718298042,0.14575321331161273,0,0,0,1.0,0.75,0.75,0.0,0.0,-0.006451550969887809,3.286068371769285,3.1723399204337244,2.1959764946547398
2024-02-15,2024,328.407626,442.836439,219.689787,391.141395,269.386677,265.436688,-0.0006062229350768389,0.0004195673295248614,-0.037866810079937196,0.13651934651471376,0,0,0,1.0,0.75,0.75,0.0,0.0,-0.0006062229350768389,3.2840762817560876,3.1704167752160974,2.1968978546483013
2024-02-16,2024,331.799845,450.800506,219.781963,396.530921,271.330079,267.191146,0.01032929424117568,0.0004195734415273211,-0.030925815126586098,0.13759566711274482,0,0,0,1.0,0.75,0.75,0.0,0.0,0.01032929424117568,3.3179984719808124,3.203164942954464,2.19781961464186
2024-02-19,2024,334.292788,453.17591,219.874177,400.476474,271.9835,267.747442,0.007513394106618554,0.0004195703721148192,-0.02859207673205244,0.13307749758775334,0,0,0,1.0,0.75,0.75,0.0,0.0,0.007513394106618554,3.3429279021459624,3.227231583559385,2.1987417546354164
2024-02-20,2024,341.254324,457.002433,219.966429,411.597139,273.838374,269.994011,0.020824667028114252,0.0004195672327633737,-0.02196726566717644,0.1347216817686521,0,0,0,1.0,0.75,0.75,0.0,0.0,0.020824667028114252,3.4125432626071444,3.2944376067096233,2.19966427462897
2024-02-21,2024,342.341643,461.305734,220.05872,413.285657,274.08288,269.972611,0.0031862424108066723,0.0004195685697110374,-0.021093995539810062,0.13044915583047814,0,0,0,1.0,0.75,0.75,0.0,0.0,0.0031862424108066723,3.423416452679176,3.304934483531878,2.2005871846225205
2024-02-22,2024,342.884601,458.601075,220.151051,414.100082,274.523412,270.229367,0.0015860121346675804,0.00041957437542117226,-0.01952060496555419,0.12287622691112836,0,0,0,1.0,0.75,0.75,0.0,0.0,0.0015860121346675804,3.4288460327151458,3.3101761497270408,2.2015104946160684
2024-02-23,2024,338.862262,450.493111,220.243419,407.584065,272.790792,268.753049,-0.011730882600936576,0.00041956647302132666,-0.02570877739517774,0.12457935440310469,0,0,0,1.0,0.75,0.75,0.0,0.0,-0.011730882600936576,3.388622642448677,3.2713448619261727,2.202434174609614
2024-02-26,2024,341.375816,459.76851,220.335827,411.562592,273.191276,269.095374,0.0074176274016608534,0.0004195721280553233,-0.024278421028920083,0.12437330832600663,0,0,0,1.0,0.75,0.75,0.0,0.0,0.0074176274016608534,3.413758182615193,3.295610479214279,2.203358254603157
2024-02-27,2024,342.890096,471.360596,220.428273,413.936577,277.575523,273.52431,0.004435815101794027,0.00041956862512426696,-0.008619778966575509,0.13473428767171539,0,0,0,1.0,0.75,0.75,0.0,0.0,0.004435815101794027,3.4289009827155104,3.310229197947608,2.204282714596697
2024-02-28,2024,338.63128,465.522896,220.520758,407.040782,274.34214,270.143781,-0.012420352905147869,0.0004195695894237961,-0.020168030478744048,0.14131090670154664,0,0,0,1.0,0.75,0.75,0.0,0.0,-0.012420352905147869,3.3863128224333754,3.2691149831121744,2.2052075645902343
2024-02-29,2024,344.483972,473.330321,220.613282,416.380829,271.949775,267.982798,0.017283376774880344,0.0004195704787119947,-0.028712527907260532,0.1414441764438899,0,0,0,1.0,0.75,0.75,0.0,0.0,0.017283376774880344,3.4448397428210997,3.3256163290857086,2.2061328045837687
2024-03-01,2024,338.212042,469.147857,220.705845,406.252564,272.287025,267.961397,-0.018206739673798267,0.0004195712930830098,-0.027508016155179393,0.1412514861635845,0,0,0,1.0,0.75,0.75,0.0,0.0,-0.018206739673798267,3.382120442405602,3.2650676983271123,2.2070584345773008
2024-03-04,2024,338.188294,468.974611,220.798446,406.15687,270.518571,266.37811,-7.021630530823497e-05,0.00041956750171245893,-0.03382417219970013,0.14203136122076535,0,0,0,1.0,0.75,0.75,0.0,0.0,-7.021630530823497e-05,3.381882962404029,3.2648384373367545,2.2079844445708297
2024-03-05,2024,340.557808,472.052038,220.891087,409.903969,270.006373,266.164155,0.0070064932525431,0.00041957269934767005,-0.03565352286061163,0.13719888391627177,0,0,0,1.0,0.75,0.75,0.0,0.0,0.0070064932525431,3.4055781025610035,3.287713505818598,2.208910854564356
2024-03-06,2024,342.377217,474.15575,220.983766,412.767749,271.67576,267.768843,0.005342438074419142,0.0004195687624100053,-0.029691191473595335,0.1384030157761898,0,0,0,1.0,0.75,0.75,0.0,0.0,0.005342438074419142,3.4237721926815334,3.305277911629865,2.20983764455788
2024-03-07,2024,341.666492,478.366409,221.076484,411.568915,270.516463,266.741835,-0.002075853662891314,0.0004195692818449448,-0.033831701067819964,0.11323301644020717,0,0,0,1.0,0.75,0.75,0.0,0.0,-0.002075853662891314,3.41666494263445,3.2984166383701345,2.2107648245514007
2024-03-08,2024,342.940652,468.022097,221.169241,413.55715,267.841651,263.725032,0.0037292506869535114,0.0004195697268281062,-0.04338497753515036,0.11629318691983813,0,0,0,1.0,0.75,0.75,0.0,0.0,0.0037292506869535114,3.4294065427188594,3.310717260884635,2.2116923945449187
2024-03-11,2024,337.868494,461.793399,221.262037,405.355195,265.845554,261.713818,-0.014790191744313841,0.00041957009745297036,-0.05051417633364885,0.11317971364768337,0,0,0,1.0,0.75,0.75,0.0,0.0,-0.014790191744313841,3.378684962382843,3.261751117784942,2.212620354538434
2024-03-12,2024,341.262973,464.889921,221.354872,410.747939,269.100014,264.901793,0.01004674617574719,0.00041957039381324,-0.038890646854990774,0.1222034922839616,0,0,0,1.0,0.75,0.75,0.0,0.0,0.01004674617574719,3.4126297526077174,3.294521103353787,2.213548704531947
2024-03-13,2024,344.21863,472.259021,221.447746,415.436052,269.812455,266.09997,0.008660936678882125,0.0004195706160015078,-0.03634611443938118,0.11900542828097753,0,0,0,1.0,0.75,0.75,0.0,0.0,0.008660936678882125,3.442186322803522,3.3230547420171748,2.2144774445254565
2024-03-14,2024,345.95477,474.910895,221.540659,418.165985,269.146386,264.923193,0.005043713061085642,0.0004195707641116986,-0.03872502604263339,0.11739098950356061,0,0,0,1.0,0.75,0.75,0.0,0.0,0.005043713061085642,3.4595477229185367,3.3398152766221894,2.215406574518964
2024-03-15,2024,339.256283,465.467237,221.633611,407.352564,267.148182,262.890595,-0.019362320109070907,0.00041957083823596086,-0.04586175013768212,0.11692761566226813,0,0,0,1.0,0.75,0.75,0.0,0.0,-0.019362320109070907,3.392562852474781,3.275148704131065,2.2163360945124686
2024-03-18,2024,332.235619,464.586844,221.726601,396.021805,267.595037,263.275721,-0.020694278490341222,0.0004195663265171845,-0.04426577653063657,0.11669298438837719,0,0,0,1.0,0.75,0.75,0.0,0.0,-0.020694278490341222,3.3223562120096815,3.2073718647504967,2.2172659945059707
2024-03-19,2024,332.446055,473.161405,221.819631,396.301868,268.807029,265.201333,0.0006333938565450392,0.00041957076679310923,-0.03993706309126488,0.11498322076677148,0,0,0,1.0,0.75,0.75,0.0,0.0,0.0006333938565450392,3.3244605720236224,3.2094033943852853,2.21819629449947
2024-03-20,2024,333.780431,480.226241,221.9127,398.386597,272.171095,268.410708,0.004013812105545966,0.0004195706195184723,-0.02792206818607279,0.12440386406742042,0,0,0,1.0,0.75,0.75,0.0,0.0,0.004013812105545966,3.337804332112021,3.2222853365812494,2.219126984492967
2024-03-21,2024,327.634084,478.674161,222.001838,388.462109,270.13495,266.09997,-0.018414341972013526,0.00040168048065747364,-0.035194301192569166,0.1266974311009907,0,0,0,1.0,0.75,0.75,0.0,0.0,-0.018414341972013526,3.2763408617048424,3.1629490724620375,2.220018364486738
2024-03-22,2024,324.807623,470.679277,222.091012,383.868279,267.748908,263.618046,-0.008626883276283248,0.00040168135905260804,-0.04371621558829586,0.12846252228578203,0,0,0,1.0,0.75,0.75,0.0,0.0,-0.008626883276283248,3.2480762515175976,3.1356626800050793,2.220910104480507
2024-03-25,2024,321.95249,465.678052,222.180221,379.228389,267.546558,263.575261,-0.008790227808169293,0.00040167766897281076,-0.0444389226395443,0.12816068191623087,0,0,0,1.0,0.75,0.75,0.0,0.0,-0.008790227808169293,3.2195249213284534,3.10809949071826,2.221802194474273
2024-03-26,2024,323.227142,461.938992,222.269467,381.219597,267.403227,263.682231,0.0039591307400665965,0.0004016829202813099,-0.0449508392412864,0.1112891828971318,0,0,0,1.0,0.75,0.75,0.0,0.0,0.0039591307400665965,3.2322714414128955,3.120404862955148,2.222694654468037
2024-03-27,2024,330.204749,477.56332,222.358748,392.367916,269.148494,265.415304,0.021587317688809726,0.0004016791024203936,-0.03871749717451356,0.10871722036806611,0,0,0,1.0,0.75,0.75,0.0,0.0,0.021587317688809726,3.3020475118751427,3.1877660340494676,2.223587464461798
2024-03-28,2024,330.658833,481.814669,222.448065,393.041509,270.023236,266.014385,0.001375158901788076,0.0004016797216361834,-0.0355932954872229,0.1056037136557051,0,0,0,1.0,0.75,0.75,0.0,0.0,0.001375158901788076,3.306588351905225,3.1921497188880084,2.2244806344555568
2024-04-01,2024,328.201393,478.761325,222.537418,389.040098,267.670919,263.789217,-0.007431950260345932,0.0004016802753488147,-0.04399475870774128,0.109473033635467,0,0,0,1.0,0.75,0.75,0.0,0.0,-0.007431950260345932,3.2820139517424263,3.1684258209536553,2.225374164449313
2024-04-02,2024,329.668099,482.39265,222.626807,391.339596,268.849185,264.752022,0.004468920703209811,0.0004016807636368913,-0.039786500015147164,0.10882837209283941,0,0,0,1.0,0.75,0.75,0.0,0.0,0.004468920703209811,3.2966810118395915,3.1825852647015,2.2262680544430666
2024-04-03,2024,326.714492,481.641736,222.716231,386.541453,268.362281,264.324112,-0.008959335188813533,0.00040167669475654755,-0.041525511401760085,0.10881264758863468,0,0,0,1.0,0.75,0.75,0.0,0.0,-0.008959335188813533,3.2671449416439238,3.15407141654806,2.2271622944368175
2024-04-04,2024,325.34984,482.020822,222.805692,384.294645,268.59414,264.623653,-0.004176894608029946,0.00040168154605679796,-0.040697410911542886,0.10622802232937623,0,0,0,1.0,0.75,0.75,0.0,0.0,-0.004176894608029946,3.2534984215535188,3.140897192654939,2.228056904430566
2024-04-05,2024,325.879851,480.516498,222.895189,385.090041,267.259895,262.95478,0.0016290495178974407,0.000401681838541057,-0.045462759414597875,0.10658162998035349,0,0,0,1.0,0.75,0.75,0.0,0.0,0.0016290495178974407,3.2587985315886305,3.146013869712399,2.228951874424312
2024-04-08,2024,328.58713,488.519923,222.984721,389.381415,271.606202,267.726042,0.008307598618608747,0.0004016775795012695,-0.02993962269213135,0.11628505745925015,0,0,0,1.0,0.75,0.75,0.0,0.0,0.008307598618608747,3.2858713217679805,3.1721496901905457,2.2298471944180553
2024-04-09,2024,330.734898,493.55425,223.07429,392.77437,273.783571,269.39493,0.006536372864025308,0.0004016822300572098,-0.022162998380443333,0.11481452395210091,0,0,0,1.0,0.75,0.75,0.0,0.0,0.006536372864025308,3.307349001910264,3.1928840433461336,2.230742884411796
2024-04-10,2024,325.146487,485.280324,223.163894,383.745459,269.91363,265.629259,-0.01689694989489743,0.0004016778446320757,-0.0359847609137568,0.12012779805133988,0,0,0,1.0,0.75,0.75,0.0,0.0,-0.01689694989489743,3.251464891540047,3.1389340416454967,2.231638924405535
2024-04-11,2024,327.448336,487.277137,223.253535,387.385774,268.52669,264.709238,0.007079421405527864,0.0004016823617534193,-0.04093831326195918,0.12117965374099192,0,0,0,1.0,0.75,0.75,0.0,0.0,0.007079421405527864,3.274483381692538,3.161155878490462,2.232535334399271
2024-04-12,2024,318.237035,463.50569,223.343211,372.539608,265.470364,261.285908,-0.028130547592704835,0.00040167785025224667,-0.05185419342560804,0.12735485463302876,0,0,0,1.0,0.75,0.75,0.0,0.0,-0.028130547592704835,3.1823703710823152,3.0722308326026275,2.2334320943930046
2024-04-15,2024,310.160451,452.739558,223.432924,359.515416,264.180384,260.066346,-0.025379145453639507,0.00040168223425429694,-0.05646144641285611,0.1258638274819742,0,0,0,1.0,0.75,0.75,0.0,0.0,-0.025379145453639507,3.1016045305472644,2.9942602394348494,2.2343292243867356
2024-04-16,2024,308.637297,455.950855,223.522672,357.013925,262.188502,258.568628,-0.004910858218993397,0.00040167759698639394,-0.0635755910466842,0.12795758303410618,0,0,0,1.0,0.75,0.75,0.0,0.0,-0.004910858218993397,3.086372990446359,2.9795558519282155,2.2352267043804637
2024-04-17,2024,310.957082,455.59127,223.612457,360.682949,261.728999,257.905363,0.007516217328717767,0.0004016818481840101,-0.06521673786244853,0.1262964863221207,0,0,0,1.0,0.75,0.75,0.0,0.0,0.007516217328717767,3.1095708406000386,3.0019508412543607,2.2361245543741894
2024-04-18,2024,309.206859,452.449429,223.702277,357.816814,261.781695,257.776993,-0.0056285034215750596,0.00040167708545868486,-0.06502853044573187,0.11553275153782798,0,0,0,1.0,0.75,0.75,0.0,0.0,-0.0056285034215750596,3.092068610484091,2.9850543506729603,2.237022754367913
2024-04-19,2024,311.301955,457.333817,223.792134,361.125015,263.737743,260.002145,0.006775709978671607,0.00040168120416583797,-0.058042369426800855,0.1181477993196589,0,0,0,1.0,0.75,0.75,0.0,0.0,0.006775709978671607,3.1130195706228854,3.005280213223692,2.237921324361634
2024-04-22,2024,312.223032,456.989529,223.882027,362.548092,264.68415,260.601242,0.0029587896420373294,0.0004016807847231352,-0.05466221122442383,0.11566565327913383,0,0,0,1.0,0.75,0.75,0.0,0.0,0.0029587896420373294,3.122230340683904,3.014172205189998,2.2388202543553524
2024-04-23,2024,308.885651,454.775377,223.971956,357.133418,263.788331,259.766806,-0.010689092917398835,0.0004016803010276071,-0.05786169087820403,0.11610315299381738,0,0,0,1.0,0.75,0.75,0.0,0.0,-0.010689092917398835,3.0888565304628117,2.9819534384196813,2.2397195443490685
2024-04-24,2024,308.198948,450.773669,224.061921,355.974866,262.930452,258.825384,-0.0022231625126543086,0.0004016797531563032,-0.06092566519210618,0.11645771612679057,0,0,0,1.0,0.75,0.75,0.0,0.0,-0.0022231625126543086,3.0819895004173192,2.975324071320906,2.240619194342782
2024-04-25,2024,306.772953,449.211921,224.151922,353.629225,262.73021,258.697014,-0.004626865241603606,0.0004016791411871612,-0.06164084337523501,0.1131893557204478,0,0,0,1.0,0.75,0.75,0.0,0.0,-0.004626865241603606,3.067729550322851,2.9615576477928047,2.241519204336493
2024-04-26,2024,312.996793,460.816413,224.241959,363.566764,266.692894,262.80501,0.020288098866395377,0.00040167846519745254,-0.04748784278877616,0.12636089157967773,0,0,0,1.0,0.75,0.75,0.0,0.0,0.020288098866395377,3.1299679507351637,3.0216420221497544,2.2424195743302016
2024-04-29,2024,315.454047,463.92101,224.332033,367.45634,268.433946,264.816207,0.00785073219584076,0.000401682184733243,-0.04126955488667372,0.12494154258674398,0,0,0,1.0,0.75,0.75,0.0,0.0,0.00785073219584076,3.1545404908979497,3.045364124457351,2.243320314323907
2024-04-30,2024,308.791747,441.650489,224.422143,356.702791,265.423992,261.842188,-0.021119716368704577,0.00040168137735374643,-0.05201981423796542,0.13011693104344993,0,0,0,1.0,0.75,0.75,0.0,0.0,-0.021119716368704577,3.087917490456591,2.9810468979093834,2.2442214143176105
2024-05-02,2024,313.72706,447.489959,224.512289,364.571298,267.94915,263.917586,0.01598265837072388,0.00040168050618794027,-0.04300103740516703,0.13485277395264222,0,0,0,1.0,0.75,0.75,0.0,0.0,0.01598265837072388,3.1372706207835415,3.0286919520657754,2.245122874311311
2024-05-03,2024,320.950823,468.042226,224.602471,376.114304,270.872684,267.340916,0.023025629348007115,0.000401679571312874,-0.03255943307423059,0.14035224958801107,0,0,0,1.0,0.75,0.75,0.0,0.0,0.023025629348007115,3.2095082512620956,3.098429490363334,2.2460246943050093
2024-05-06,2024,317.731448,452.272311,224.692689,370.888931,270.782048,266.827421,-0.010030742310949026,0.00040167857280604125,-0.03288314583082541,0.13893252588349744,0,0,0,1.0,0.75,0.75,0.0,0.0,-0.010030742310949026,3.177314501048821,3.067349942576854,2.2469268742987047
2024-05-07,2024,317.375785,459.3332,224.782944,370.261744,272.350259,268.303738,-0.001119382428899529,0.0004016819612675526,-0.027282171541002875,0.12790108906975575,0,0,0,1.0,0.75,0.75,0.0,0.0,-0.001119382428899529,3.173757871025259,3.0639164049478476,2.247829424292398
2024-05-08,2024,319.563541,460.596481,224.873234,373.718458,272.921476,269.052589,0.0068932669201589025,0.00040167638341825906,-0.025242030430584927,0.12477075005790983,0,0,0,1.0,0.75,0.75,0.0,0.0,0.0068932669201589025,3.1956354311701918,3.085036798548207,2.248732324286089
2024-05-09,2024,313.744163,451.23468,224.961542,364.319493,270.196076,266.420895,-0.018210394032402988,0.00039270124962942354,-0.03497598544651215,0.11934441740878855,0,0,0,1.0,0.75,0.75,0.0,0.0,-0.018210394032402988,3.1374416507846745,3.0288570628421807,2.2496154042799184
2024-05-10,2024,311.647422,436.469541,225.049884,360.897878,268.956683,265.329719,-0.006682964170396377,0.00039269823283838434,-0.039402563456732764,0.11904032869951885,0,0,0,1.0,0.75,0.75,0.0,0.0,-0.006682964170396377,3.116474240645771,3.0086153196139542,2.250498824273745
2024-05-13,2024,313.523362,439.586503,225.138262,363.855105,270.126518,266.50648,0.006019430508878099,0.0003927040460061093,-0.035224416665048275,0.11177965646690331,0,0,0,1.0,0.75,0.75,0.0,0.0,0.006019430508878099,3.1352336407700467,3.0267254704583166,2.2513826042675693
2024-05-14,2024,312.059722,441.390511,225.226673,361.450005,270.88533,267.041376,-0.004668360248063386,0.00039269646667161595,-0.032514267008650566,0.10984300764549576,0,0,0,1.0,0.75,0.75,0.0,0.0,-0.004668360248063386,3.1205972406730846,3.012595625590228,2.252266714261391
2024-05-15,2024,314.673647,442.911244,225.31512,365.592157,269.858826,265.80043,0.008376361368417795,0.0003927021556633381,-0.036180497198593065,0.10660958512348731,0,0,0,1.0,0.75,0.75,0.0,0.0,0.008376361368417795,3.1467364908462496,3.037830215207087,2.25315118425521
2024-05-16,2024,314.80255,443.134178,225.403601,365.744132,270.398426,266.485096,0.0004096402772488794,0.0003926989009881421,-0.03425327839526371,0.10593784913813988,0,0,0,1.0,0.75,0.75,0.0,0.0,0.0004096402772488794,3.148025520854789,3.0390746328186795,2.254035994249027
2024-05-17,2024,312.030046,435.67435,225.492117,361.237348,270.118087,266.09997,-0.008807120526818979,0.00039270002611901944,-0.0352545285659579,0.10625337036231305,0,0,0,1.0,0.75,0.75,0.0,0.0,-0.008807120526818979,3.1203004806711188,3.0123091362374472,2.254921154242842
2024-05-20,2024,314.95531,442.187461,225.580668,365.879347,269.274963,265.565075,0.009374943334783836,0.00039270108941313886,-0.03826580437459093,0.10512296764422643,0,0,0,1.0,0.75,0.75,0.0,0.0,0.009374943334783836,3.1495531208649092,3.040549363696525,2.255806664236654
2024-05-21,2024,313.895596,443.829772,225.669253,364.122716,268.560415,264.666437,-0.0033646487814413817,0.00039269765793936706,-0.04081786208675109,0.10546637016574141,0,0,0,1.0,0.75,0.75,0.0,0.0,-0.0033646487814413817,3.138955980794706,3.030318982985051,2.2566925142304637
2024-05-22,2024,308.769453,437.205684,225.757874,355.836673,264.846452,261.178922,-0.016330726092761205,0.0003927030325217018,-0.05408253838117327,0.11680187218423134,0,0,0,1.0,0.75,0.75,0.0,0.0,-0.016330726092761205,3.087694550455113,2.9808316737002274,2.257578724224271
2024-05-23,2024,308.65722,435.442279,225.846529,355.601353,262.905158,259.103524,-0.0003634847907056926,0.00039269948121511966,-0.06101600446640465,0.1192828539941564,0,0,0,1.0,0.75,0.75,0.0,0.0,-0.0003634847907056926,3.0865722204476778,2.9797481867231834,2.258465274218076
2024-05-24,2024,307.533466,433.055558,225.935219,353.741829,262.013554,258.119318,-0.003640783131527048,0.0003927003013626251,-0.06420042995551478,0.11987576235786591,0,0,0,1.0,0.75,0.75,0.0,0.0,-0.003640783131527048,3.0753346803732318,2.9688995697887632,2.2593521742118785
2024-05-27,2024,310.569207,440.121322,226.023944,358.56111,262.414038,258.611429,0.009871254141817554,0.0003927010600326408,-0.06277007358925712,0.10593759634277312,0,0,0,1.0,0.75,0.75,0.0,0.0,0.009871254141817554,3.1056920905743413,2.998206331963681,2.2602394242056785
2024-05-28,2024,309.383052,431.72838,226.112703,356.601348,260.904845,257.135111,-0.003819293649418354,0.00039269733298707976,-0.06816026100114236,0.1036330127685058,0,0,0,1.0,0.75,0.75,0.0,0.0,-0.003819293649418354,3.093830540495762,2.9867553015603665,2.2611270141994764
2024-05-29,2024,308.172387,425.66363,226.201498,354.602208,258.643164,254.867158,-0.0039131587595819806,0.00039270239496436155,-0.07623801146506604,0.10079253485855214,0,0,0,1.0,0.75,0.75,0.0,0.0,-0.0039131587595819806,3.081723890415559,2.9750676538893375,2.262014964193271
2024-05-31,2024,304.356367,421.126945,226.290327,348.419676,257.359507,253.882952,-0.01238274472657419,0.0003926985487956447,-0.0808226814195242,0.09304399211063655,0,0,0,1.0,0.75,0.75,0.0,0.0,-0.01238274472657419,3.043563690162758,2.9382281505869376,2.262903254187064
2024-06-03,2024,305.245436,418.197224,226.379191,349.791997,257.220392,253.412241,0.0029211447382009315,0.00039269906574479485,-0.08131954028502686,0.07992704808761159,0,0,0,1.0,0.75,0.75,0.0,0.0,0.0029211447382009315,3.0524543802216564,2.9468111402886583,2.263791894180854
2024-06-04,2024,304.922111,408.986792,226.46809,349.217578,256.735595,252.813161,-0.0010592295964746423,0.00039269952157394705,-0.08305102637508943,0.07954041152223665,0,0,0,1.0,0.75,0.75,0.0,0.0,-0.0010592295964746423,3.049221130200237,2.9436897907136435,2.2646808841746418
2024-06-05,2024,308.606823,413.977698,226.557024,355.078771,255.90301,252.256864,0.012084108915276559,0.0003926999163548217,-0.08602466141469312,0.07302483760378695,0,0,0,1.0,0.75,0.75,0.0,0.0,0.012084108915276559,3.0860682504443395,2.979261658757415,2.2655702241684277
2024-06-06,2024,311.885057,420.894572,226.645993,360.287266,259.047864,255.466239,0.010622688014904957,0.00039270025015869514,-0.07479259736256894,0.08970202748171509,0,0,0,1.0,0.75,0.75,0.0,0.0,0.010622688014904957,3.118850590661513,3.0109094258731632,2.2664599141622106
2024-06-07,2024,307.13984,410.857954,226.734997,352.61263,254.554011,250.609376,-0.015214634024611318,0.0003927005230575098,-0.09084270485144763,0.10086396636000432,0,0,0,1.0,0.75,0.75,0.0,0.0,-0.015214634024611318,3.0713984203471556,2.9650995408772505,2.267349954155991
2024-06-10,2024,304.024498,406.675184,226.824036,347.555033,254.539256,251.080087,-0.010143073591495022,0.0003927007351229861,-0.09089540335671664,0.10117457305821334,0,0,0,1.0,0.75,0.75,0.0,0.0,-0.010143073591495022,3.040245000140773,2.935024318028024,2.268240344149769
2024-06-11,2024,305.68537,413.702926,226.91311,350.166496,256.383591,252.470819,0.005462954501778361,0.0003927008864261783,-0.08430823306086987,0.10433603297204193,0,0,0,1.0,0.75,0.75,0.0,0.0,0.005462954501778361,3.056853720250801,2.9510582223390243,2.2691310841435444
2024-06-12,2024,304.13588,409.566962,227.002218,347.623115,252.80242,249.175859,-0.005068904671492791,0.0003926965700660201,-0.09709863352257952,0.10968676730865695,0,0,0,1.0,0.75,0.75,0.0,0.0,-0.005068904671492791,3.041358820148152,2.9360995895299626,2.270022164137318
2024-06-13,2024,304.501833,404.684241,227.091362,348.155306,252.026745,248.576779,0.0012032549398643955,0.0003927010087627636,-0.09986901055236586,0.10968491464672478,0,0,0,1.0,0.75,0.75,0.0,0.0,0.0012032549398643955,3.0450183501723953,2.9396324658649986,2.2709136041310884
2024-06-14,2024,303.245156,404.672504,227.180541,346.082047,252.22488,248.662364,-0.004126993219117914,0.0003927009782080937,-0.09916135766578738,0.10897647048796101,0,0,0,1.0,0.75,0.75,0.0,0.0,-0.004126993219117914,3.0324515800891443,2.927500622611675,2.271805394124857
2024-06-17,2024,302.343283,395.890913,227.269755,344.578468,251.120387,247.635357,-0.0029740722387665564,0.00039270088717668905,-0.10310613097517574,0.10863998027192005,1,0,0,1.0,0.75,0.75,0.0,0.0,-0.0029740722387665564,3.023432850029397,2.9187940242809938,2.2726975341186226
2024-06-18,2024,303.315622,400.685009,227.359004,346.084256,252.15743,248.448409,0.0032160099286877575,0.0003927007357402701,-0.09940226001620367,0.11207375208218807,0,1,1,0.85,0.75,0.6375,0.11250000000000004,0.00011250000000000005,0.002680013549745634,3.0331562400938124,2.9266164318149834,2.2735900241123863
2024-06-19,2024,304.545263,402.046916,227.448288,348.003168,253.487458,249.817741,0.004053998247409707,0.000392700523969447,-0.0946519728209575,0.11609891097971736,0,0,1,0.85,0.75,0.6375,0.0,0.0,0.0035048035888936677,3.0454526501752723,2.9368736475885235,2.274482864106147
2024-06-20,2024,303.91317,409.959328,227.537606,346.932705,253.877403,250.587992,-0.0020755305591471096,0.0003926958553321924,-0.09325925722372941,0.10946427628789394,0,0,1,0.85,0.75,0.6375,0.0,0.0,-0.0017052965969752143,3.039131720133398,2.9318654069515446,2.2753760440999056
2024-06-21,2024,305.585088,409.97524,227.626961,349.561729,255.763894,252.513604,0.005501301572419459,0.0003927043163141075,-0.08652152385176493,0.11258787031161321,0,0,1,0.85,0.75,0.6375,0.0,0.0,0.004735011984003656,3.055850900244158,2.945747824788946,2.2762695940936615
2024-06-24,2024,311.849469,422.409228,227.71635,359.564766,258.495617,254.781573,0.020499629222745286,0.00039269952736398217,-0.0767649858030478,0.12004105505810322,0,0,1,0.85,0.75,0.6375,0.0,0.0,0.017483589768438088,3.1184947106591556,2.9972500713188244,2.277163484087415
2024-06-25,2024,315.080084,417.649956,227.805774,364.696518,257.850627,254.396448,0.010359533432458656,0.00039269907496763956,-0.07906861229667184,0.11992288940601917,0,0,1,0.85,0.75,0.6375,0.0,0.0,0.008864508278835004,3.150800860873175,3.023819219389769,2.278057724081166
2024-06-26,2024,316.179744,415.948402,227.895233,366.406612,258.504049,254.909943,0.0034900968224955697,0.0003926985625921642,-0.0767348703305687,0.11903435493812846,0,0,1,0.85,0.75,0.6375,0.0,0.0,0.003025487083510059,3.1617974609460244,3.032967745380902,2.278952314074915
2024-06-27,2024,317.750627,429.183093,227.984728,368.873319,262.01777,258.461659,0.0049683227019121645,0.0003927023782896999,-0.06418537221927534,0.12470530082596053,0,0,1,0.85,0.75,0.6375,0.0,0.0,0.004281979653368795,3.177506291050091,3.045954851555947,2.279847264068661
2024-06-28,2024,315.534381,418.110536,228.074257,365.259079,261.172537,257.563022,-0.006974796622509882,0.00039269735646496606,-0.06720418046759757,0.12381237513647242,0,0,1,0.85,0.75,0.6375,0.0,0.0,-0.005869672525663655,3.155343830903271,3.028076094049357,2.2807425540624044
2024-07-01,2024,315.838712,413.301936,228.163822,365.692063,262.881972,259.06074,0.0009644939452730927,0.00039270104911492965,-0.061098814872583174,0.125366731481776,0,0,1,0.85,0.75,0.6375,0.0,0.0,0.0008787250108493682,3.158387140923432,3.0307369402479534,2.281638204056146
2024-07-02,2024,314.555431,412.765377,228.253422,363.575824,263.027411,259.595635,-0.00406308964431179,0.0003927002940895541,-0.06057936940272146,0.12488979967405811,0,0,0,1.0,0.75,0.75,0.11250000000000004,0.00011250000000000005,-0.00417558964431179,3.145554330838418,3.018081826465621,2.2825342040498846
2024-07-03,2024,321.139898,420.196277,228.343057,374.092664,264.871746,261.328693,0.020932612668830508,0.0003926994794407612,-0.053992199106874916,0.12531093732000995,0,0,0,1.0,0.75,0.75,0.0,0.0,0.020932612668830508,3.211399001274621,3.0812581643418624,2.283430554043621
2024-07-04,2024,325.834013,431.979494,228.432727,381.574179,265.929867,262.3557,0.01461704082623827,0.00039269860523938327,-0.047293979835359545,0.11938008518322488,0,0,0,1.0,0.75,0.75,0.0,0.0,0.01461704082623827,3.258340151585593,3.1262970407262274,2.284327254037355
2024-07-05,2024,324.150275,429.713028,228.522433,378.814869,266.146971,262.526854,-0.005167471573939153,0.0003927020492120459,-0.04651619473684765,0.09698037098627471,0,0,0,1.0,0.75,0.75,0.0,0.0,-0.005167471573939153,3.2415027714740496,3.1101419896365847,2.2852243140310864
2024-07-08,2024,320.22491,428.386436,228.612174,372.456196,266.739266,263.040366,-0.0121097074497315,0.00039270105267963373,-0.04439427056721912,0.09659852984362823,0,0,0,1.0,0.75,0.75,0.0,0.0,-0.0121097074497315,3.202249121214005,3.07247908001496,2.2861217240248153
2024-07-09,2024,321.054335,428.166713,228.70195,373.732181,267.91964,264.324112,0.0025901326664434787,0.0003926999968077993,-0.03478650745440537,0.09521582065054356,0,0,0,1.0,0.75,0.75,0.0,0.0,0.0025901326664434787,3.2105433712689515,3.080437208447071,2.287019484018542
2024-07-10,2024,322.535918,428.576232,228.791761,376.055304,268.1515,264.238527,0.004614742236699554,0.00039269888166670874,-0.03395120325505063,0.0739512314464971,0,0,0,1.0,0.75,0.75,0.0,0.0,0.004614742236699554,3.225359201367102,3.0946526321403924,2.2879175940122662
2024-07-11,2024,325.338785,439.971282,228.881607,380.499966,270.419504,266.52788,0.008690092617839928,0.0003926977073269722,-0.025780439581482684,0.07279455491528243,0,0,0,1.0,0.75,0.75,0.0,0.0,0.008690092617839928,3.2533878715527846,3.1215454501337345,2.288816054005988
2024-07-12,2024,324.14375,435.739632,228.971489,378.525248,271.690514,267.875812,-0.0036732017671977646,0.0003927008429296386,-0.021201469554647856,0.07215505844113965,0,0,0,1.0,0.75,0.75,0.0,0.0,-0.0036732017671977646,3.241437521473617,3.1100793838699152,2.289714873999707
2024-07-15,2024,327.361739,440.923235,229.061406,383.63642,272.584226,268.988404,0.00992766018163227,0.0003926995469729633,-0.017981762030220394,0.0655516780767689,0,0,0,1.0,0.75,0.75,0.0,0.0,0.00992766018163227,3.2736174116867995,3.140955195130876,2.2906140439934237
2024-07-16,2024,330.722319,441.043497,229.151359,388.976526,272.139478,268.239554,0.010265646835411202,0.00039270255767132056,-0.019584021462872192,0.06865380236509341,0,0,0,1.0,0.75,0.75,0.0,0.0,0.010265646835411202,3.307223211909429,3.1731991318899393,2.291513573987138
2024-07-17,2024,332.644375,449.051412,229.241346,392.006799,272.856134,269.202359,0.0058116912272860866,0.0003926967764567024,-0.017002179979680676,0.06855634839215724,0,0,0,1.0,0.75,0.75,0.0,0.0,0.0058116912272860866,3.32644377203676,3.1916407854471758,2.2924134439808497
2024-07-18,2024,327.909167,433.61902,229.33137,384.347601,269.06629,265.351103,-0.014235046060826928,0.0003927040281817007,-0.030655559640249685,0.0926416865612249,0,0,0,1.0,0.75,0.75,0.0,0.0,-0.014235046060826928,3.279091691723066,3.1462076318567216,2.2933136839745587
2024-07-19,2024,326.52537,433.370921,229.421428,382.069679,268.990408,265.308319,-0.004220061953925214,0.00039269812934872306,-0.03092893388874196,0.09170785593124818,0,0,0,1.0,0.75,0.75,0.0,0.0,-0.004220061953925214,3.2652537216313933,3.132930440730374,2.294214263968265
2024-07-22,2024,332.284823,436.722207,229.511522,391.261525,269.504714,265.864615,0.01763860798932715,0.0003927008945303623,-0.029076083196283853,0.08651960327726337,0,0,0,1.0,0.75,0.75,0.0,0.0,0.01763860798932715,3.3228482520129408,3.188190972632247,2.29511520396197
2024-07-23,2024,326.985298,425.552423,229.601651,382.696148,266.827794,263.06175,-0.015948742263199978,0.00039269923886431357,-0.03872001711044237,0.09533915795717543,0,0,0,1.0,0.75,0.75,0.0,0.0,-0.015948742263199978,3.2698530016618617,3.137343336523874,2.2960164939556718
2024-07-24,2024,327.447855,422.568381,229.691816,383.382819,266.47579,262.869195,0.00141461100186846,0.00039270188000517514,-0.039988154863352166,0.09588757378527434,0,0,0,1.0,0.75,0.75,0.0,0.0,0.00141461100186846,3.274478571692505,3.1417814569243596,2.296918143949371
2024-07-25,2024,326.836405,416.572493,229.782015,382.344953,265.487226,261.906389,-0.001867320218054247,0.00039269575020473013,-0.04354957839708351,0.08621749248638451,0,0,0,1.0,0.75,0.75,0.0,0.0,-0.001867320218054247,3.268364071651998,3.1359147448891367,2.297820133943068
2024-07-26,2024,328.520279,421.665247,229.872251,384.992628,268.72904,265.265534,0.005152039290115207,0.00039270262296198233,-0.03187054429147196,0.09402039123627406,0,0,0,1.0,0.75,0.75,0.0,0.0,0.005152039290115207,3.28520281176355,3.1520711008652573,2.2987224939367623
2024-07-29,2024,328.199368,416.616105,229.962522,384.421232,267.595037,264.152942,-0.0009768377190499944,0.0003927007266308902,-0.03595592973087902,0.09403864564694464,0,0,0,1.0,0.75,0.75,0.0,0.0,-0.0009768377190499944,3.2819937017422904,3.1489920389208046,2.299625203930454
2024-07-30,2024,331.490144,418.544235,230.052828,389.649035,265.877171,262.548254,0.010026759100888905,0.0003926987720199726,-0.042144753519927636,0.09757593379393883,0,0,0,1.0,0.75,0.75,0.0,0.0,0.010026759100888905,3.3149014619602952,3.1805662235056804,2.300528263924144
2024-07-31,2024,337.422474,419.899265,230.14317,399.118312,269.06629,265.393904,0.017895946855059464,0.00039270110602585007,-0.030655559640249685,0.10337834187365981,0,0,0,1.0,0.75,0.75,0.0,0.0,0.017895946855059464,3.3742247623532955,3.237485467610535,2.3014316839178304
2024-08-01,2024,334.542963,418.442976,230.233547,394.438552,268.524582,264.752022,-0.008533844725470252,0.0003926990316505119,-0.032607129411767244,0.10311985746946227,0,0,0,1.0,0.75,0.75,0.0,0.0,-0.008533844725470252,3.3454296521625357,3.2098572693289804,2.302335453911515
2024-08-02,2024,334.393107,436.669768,230.32396,394.141729,265.276445,261.842188,-0.0004479424665106979,0.0003927012426212517,-0.04430894290344167,0.1123750186155912,0,0,0,1.0,0.75,0.75,0.0,0.0,-0.0004479424665106979,3.343931092152608,3.2084194379466098,2.3032395839051967
2024-08-05,2024,329.954101,437.928544,230.414408,386.957873,264.045484,260.537041,-0.013274813107914896,0.0003926990487659321,-0.04874363147646843,0.11309859504523231,0,0,0,1.0,0.75,0.75,0.0,0.0,-0.013274813107914896,3.2995410318585368,3.165828269536067,2.3041440638988764
2024-08-06,2024,330.702334,448.439934,230.504892,388.10305,266.146971,262.612439,0.0022676881352052813,0.0003927011369879718,-0.041172765798949684,0.11579597683513052,0,0,0,1.0,0.75,0.75,0.0,0.0,0.0022676881352052813,3.3070233619081053,3.1730073807409913,2.3050489038925535
2024-08-07,2024,338.23883,455.548904,230.595411,400.147996,268.775412,265.393904,0.022789364407691082,0.00039269882393644373,-0.0317034834516009,0.12129225841781209,0,0,0,1.0,0.75,0.75,0.0,0.0,0.022789364407691082,3.382388322407377,3.245318202208991,2.305954093886228
2024-08-08,2024,338.891929,448.377366,230.685966,401.140375,271.193071,268.089783,0.0019308812060401248,0.00039270078969599886,-0.02299356921323359,0.12179455908517449,0,0,0,1.0,0.75,0.75,0.0,0.0,0.0019308812060401248,3.388919312450643,3.2515845261332563,2.3068596438799
2024-08-09,2024,347.350623,448.845178,230.776556,414.666035,275.311734,272.005208,0.024959856745363718,0.0003926983577318133,-0.00815557861706695,0.1322105387336175,0,0,0,1.0,0.75,0.75,0.0,0.0,0.024959856745363718,3.4735062530110077,3.3327436101009837,2.307765543873569
2024-08-12,2024,346.605053,457.333608,230.867182,413.412552,276.367747,273.117801,-0.0021464478559464206,0.0003927002013150993,-0.00435116175571415,0.1323668296217181,0,0,0,1.0,0.75,0.75,0.0,0.0,-0.0021464478559464206,3.4660505529616157,3.3255900497246635,2.3086718038672362
2024-08-13,2024,351.95957,451.877297,230.957844,421.953846,279.069961,275.535524,0.015448467798304,0.0003927019822158595,0.0,0.1358258929393345,0,0,0,1.0,0.75,0.75,0.0,0.0,0.015448467798304,3.519595723316337,3.3769653205181953,2.3095784238609007
2024-08-14,2024,349.753958,446.535403,231.048541,418.355955,281.009147,277.461136,-0.006266662957907232,0.00039269937071284566,0.0,0.13724706347798346,0,0,0,1.0,0.75,0.75,0.0,0.0,-0.006266662957907232,3.4975396031702215,3.3558030170339666,2.310485393854563
2024-08-15,2024,350.523679,448.824232,231.139274,419.53548,282.769169,279.194225,0.002200749934043733,0.0003927010298672151,0.0,0.12538931104203563,0,0,0,1.0,0.75,0.75,0.0,0.0,0.002200749934043733,3.5052368132212135,3.363188300302368,2.311392723848223
2024-08-16,2024,345.490201,443.505357,231.230042,411.396892,282.347607,278.766283,-0.014359880092437383,0.00039269830015986606,-0.001490834384423323,0.1258197964566835,0,0,0,1.0,0.75,0.75,0.0,0.0,-0.014359880092437383,3.4549020328877593,3.3148933195817376,2.31230040384188
2024-08-19,2024,349.78253,453.711256,231.320846,418.232562,286.194362,282.382184,0.012423880583519065,0.0003926998378522839,0.0,0.13187134240754056,0,0,0,1.0,0.75,0.75,0.0,0.0,0.012423880583519065,3.497825323172114,3.3560771583313262,2.3132084438355345
2024-08-20,2024,351.912423,456.383555,231.411686,421.596024,286.845675,283.366406,0.0060891920474128725,0.00039270131322277635,0.0,0.1227452058480923,0,0,0,1.0,0.75,0.75,0.0,0.0,0.0060891920474128725,3.519124253313213,3.3765129566743415,2.314116843829187
2024-08-21,2024,353.56494,456.917173,231.502561,424.19295,287.64032,284.008288,0.0046958188799148814,0.0003926984050406368,0.0,0.1213995104229358,0,0,0,1.0,0.75,0.75,0.0,0.0,0.0046958188799148814,3.535649423422688,3.39236844996457,2.315025593822836
2024-08-22,2024,348.536834,445.053505,231.593472,416.062898,284.919136,281.504979,-0.014221166838544463,0.0003926997593777237,-0.009460370507166749,0.1277054293081058,0,0,0,1.0,0.75,0.75,0.0,0.0,-0.014221166838544463,3.48536836308959,3.344125012259809,2.3159347038164837
2024-08-23,2024,356.524807,461.252482,231.684419,428.832508,285.836034,282.382184,0.0229185905785787,0.0003927010516082685,-0.006272715869597101,0.12355624863272584,0,0,0,1.0,0.75,0.75,0.0,0.0,0.0229185905785787,3.5652480936187714,3.420767644259376,2.3168441738101286
2024-08-26,2024,354.553935,464.223087,231.775401,425.611357,288.53614,285.013894,-0.005528008041246868,0.00039269796558905057,0.0,0.12230641098138825,0,0,0,1.0,0.75,0.75,0.0,0.0,-0.005528008041246868,3.545539373488207,3.4018576132146734,2.3177539938037706
2024-08-27,2024,358.798141,467.512254,231.866419,432.369624,288.297957,284.585952,0.011970551109522942,0.0003926991372136257,-0.0008254875801693151,0.1176276898719324,0,0,0,1.0,0.75,0.75,0.0,0.0,0.011970551109522942,3.5879814337693734,3.4425797236409794,2.3186641737974107
2024-08-28,2024,356.27076,468.785404,231.957473,428.254853,289.495194,285.891099,-0.007044019216364883,0.00039270024694681993,0.0,0.11386480141937097,0,0,0,1.0,0.75,0.75,0.0,0.0,-0.007044019216364883,3.5627076236019417,3.4183301259137844,2.319574713791048
2024-08-29,2024,352.779969,465.09232,232.048563,422.593128,286.748716,282.78871,-0.009798140605195904,0.00039270129486190797,-0.009487128135191147,0.12165416429834734,0,0,0,1.0,0.75,0.75,0.0,0.0,-0.009798140605195904,3.5277997133706864,3.384836846705104,2.3204856137846823
2024-08-30,2024,354.533555,476.389992,232.139689,425.352184,286.670727,283.708747,0.00497076408553121,0.00039270228103083227,-0.009756524662720367,0.10829184374212314,0,0,0,1.0,0.75,0.75,0.0,0.0,0.00497076408553121,3.545335573486857,3.401662072138089,2.3213968737783146
2024-09-02,2024,355.682396,481.334036,232.23085,427.140191,284.514436,280.499373,0.0032404295271852845,0.0003926988977744905,-0.01720497646672514,0.11173685324876971,0,0,0,1.0,0.75,0.75,0.0,0.0,0.0032404295271852845,3.556823983562964,3.4126849183581514,2.3223084837719443
2024-09-03,2024,355.138034,484.975023,232.322047,426.209428,283.190731,279.493766,-0.001530472146279549,0.00039269976404932017,-0.021777435793977284,0.114392595409883,0,0,0,1.0,0.75,0.75,0.0,0.0,-0.001530472146279549,3.551380363526902,3.407461899146576,2.3232204537655714
2024-09-04,2024,361.301965,490.855619,232.41328,436.050028,286.896263,283.238036,0.01735643724377889,0.0003927005687927032,-0.008977458188822451,0.11742826580769955,0,0,0,1.0,0.75,0.75,0.0,0.0,0.01735643724377889,3.6130196739352454,3.466603297759681,2.324132783759196
2024-09-05,2024,364.354753,496.778991,232.504548,440.8951,287.720417,284.329212,0.008449408793002267,0.00039269700939637,-0.006130592275048419,0.11548041705501326,0,0,0,1.0,0.75,0.75,0.0,0.0,0.008449408793002267,3.643547554137484,3.4958940461456223,2.325045463752818
2024-09-06,2024,363.622766,493.519339,232.595853,439.663004,283.652342,280.199832,-0.0020089953375742597,0.0003927019956615485,-0.020182898096747115,0.12116767195411951,0,0,0,1.0,0.75,0.75,0.0,0.0,-0.0020089953375742597,3.636227684088992,3.488870811306262,2.325958513746438
2024-09-09,2024,360.405024,486.96334,232.687193,434.439555,284.00013,280.37097,-0.008849121399621018,0.00039269831693866664,-0.018981537911126778,0.12086018521501699,0,0,0,1.0,0.75,0.75,0.0,0.0,-0.008849121399621018,3.6040502638758256,3.457997369949419,2.3268719137400553
2024-09-10,2024,363.067408,483.587597,232.77857,438.657695,283.121173,279.493766,0.007387200018610152,0.00039270317726503023,-0.022017709212816983,0.11760607749476684,0,0,0,1.0,0.75,0.75,0.0,0.0,0.007387200018610152,3.630674104052201,3.4835422881850633,2.3277856837336697
2024-09-11,2024,364.464549,487.483045,232.869982,440.844236,283.873662,280.734728,0.00384815868682975,0.00039269937950048295,-0.019418394904338165,0.11557369490195861,0,0,0,1.0,0.75,0.75,0.0,0.0,0.00384815868682975,3.644645514144757,3.4969475117022815,2.328699803727282
2024-09-12,2024,364.011523,484.360519,232.96143,440.059974,282.5078,278.809084,-0.0012429905768419625,0.0003926998199363929,-0.024136476683616515,0.11497440674712796,0,0,0,1.0,0.75,0.75,0.0,0.0,-0.0012429905768419625,3.640115254114746,3.4926008388975247,2.3296142837208915
2024-09-13,2024,371.137074,501.792475,233.052914,451.444475,284.305763,280.734728,0.019575069880411355,0.00039270019934201095,-0.017925793268954937,0.11700587698371952,0,0,0,1.0,0.75,0.75,0.0,0.0,0.019575069880411355,3.7113707645867935,3.560968744383327,2.3305291237144985
2024-09-16,2024,376.285603,510.124671,233.144434,459.654483,284.803206,281.098453,0.01387231123129462,0.0003927005177888354,-0.01620748149622142,0.10626655503156766,0,0,0,1.0,0.75,0.75,0.0,0.0,0.01387231123129462,3.7628560549278696,3.6103676110903247,2.3314443237081033
2024-09-17,2024,374.704735,508.047056,233.23599,457.059199,284.470172,280.991468,-0.004201244978272456,0.0003927007753485867,-0.017357877105206865,0.10589541478233705,0,0,0,1.0,0.75,0.75,0.0,0.0,-0.004201244978272456,3.7470473748231417,3.595199572294514,2.3323598837017054
2024-09-18,2024,370.906727,502.616588,233.327581,450.903871,281.915505,278.252804,-0.01013600215113386,0.00039269668458974394,-0.026182434655547482,0.1093944679395379,0,0,0,1.0,0.75,0.75,0.0,0.0,-0.01013600215113386,3.709067294571534,3.5587586216959815,2.333275793695305
2024-09-19,2024,370.02923,500.046959,233.421304,449.43663,280.598123,276.79787,-0.0023658158133109675,0.0004016799025572393,-0.030733052514854697,0.10573200382206874,0,0,0,1.0,0.75,0.75,0.0,0.0,-0.0023658158133109675,3.700292324513402,3.5503392542730166,2.334213023688756
2024-09-20,2024,363.575762,491.098646,233.515065,439.016128,276.260248,273.075,-0.01744042761162401,0.0004016814163629867,-0.045717325448933144,0.11667210606985505,0,0,0,1.0,0.75,0.75,0.0,0.0,-0.01744042761162401,3.6357576440858783,3.4884198195121607,2.335150633682204
2024-09-23,2024,359.583523,490.003355,233.608863,432.547554,275.212666,271.727068,-0.010980487197603583,0.0004016785812086532,-0.0493359761958605,0.10915400469270832,0,0,0,1.0,0.75,0.75,0.0,0.0,-0.010980487197603583,3.595835253821404,3.4501152703441407,2.33608861367565
2024-09-24,2024,361.9044,489.883112,233.702699,436.215814,278.55987,275.321552,0.006454347464636134,0.0004016799653701053,-0.03777376698004886,0.12066997142574559,0,0,0,1.0,0.75,0.75,0.0,0.0,0.006454347464636134,3.6190440239751553,3.4723835130919887,2.3370269736690927
2024-09-25,2024,361.366464,492.90384,233.796573,435.293707,277.358418,273.695481,-0.0014864035916667406,0.00040168128310758,-0.04192392914129017,0.11896381529819601,0,0,0,1.0,0.75,0.75,0.0,0.0,-0.0014864035916667406,3.6136646639395185,3.4672221497664846,2.337965713662533
2024-09-26,2024,362.324983,497.729923,233.890484,436.774406,280.359941,276.712301,0.0026524846533626523,0.00040167825727710493,-0.0315558019246428,0.12400155844841784,0,0,0,1.0,0.75,0.75,0.0,0.0,0.0026524846533626523,3.623249854003017,3.4764189033085393,2.338904823655971
2024-09-27,2024,359.452402,498.202977,233.984434,432.103553,279.769754,276.091804,-0.007928189152774934,0.0004016837213436375,-0.033594478255829174,0.12401052680237058,0,0,0,1.0,0.75,0.75,0.0,0.0,-0.007928189152774934,3.594524043812717,3.448857196668827,2.3398443236494058
2024-09-30,2024,359.610227,497.064723,234.07842,432.298545,277.843215,274.786657,0.0004390706505836839,0.0004016762927059325,-0.04024930030444662,0.1235997981786628,0,0,0,1.0,0.75,0.75,0.0,0.0,0.0004390706505836839,3.5961022938231726,3.4503714886419385,2.3407841836428385
2024-10-01,2024,364.910466,503.397795,234.172445,440.750595,279.274418,275.706694,0.014738843898340903,0.0004016816244745147,-0.03530551184210673,0.1248152551446624,0,0,0,1.0,0.75,0.75,0.0,0.0,0.014738843898340903,3.649104684174298,3.501225975404318,2.3417244336362684
2024-10-02,2024,371.559323,516.655219,234.266507,451.368075,281.424385,277.824894,0.01822051604296826,0.00040167834434989835,-0.02787890496033607,0.1182351007701574,0,0,0,1.0,0.75,0.75,0.0,0.0,0.01822051604296826,3.7155932546147663,3.5650201194592297,2.342665053629695
2024-10-03,2024,365.24789,501.945974,234.360608,441.175425,277.53969,273.930836,-0.016986340025170188,0.00040168354070369006,-0.04129776330587376,0.12569330193714237,0,0,0,1.0,0.75,0.75,0.0,0.0,-0.016986340025170188,3.652478924196651,3.504463475513522,2.34360606362312
2024-10-04,2024,363.653527,503.419336,234.454746,438.556867,277.792627,274.294562,-0.004365153211425721,0.0004016801321833352,-0.04042404586516224,0.11710985327233633,0,0,0,1.0,0.75,0.75,0.0,0.0,-0.004365153211425721,3.636535294091029,3.48916595551906,2.3445474436165417
2024-10-07,2024,361.556563,501.286059,234.548921,435.131268,278.268992,274.829457,-0.005766378831243979,0.0004016766630094981,-0.038778543591297066,0.11724679161965902,0,0,0,1.0,0.75,0.75,0.0,0.0,-0.005766378831243979,3.6155656539521113,3.469046102814458,2.345489193609961
2024-10-08,2024,362.205487,503.720764,234.643135,436.114668,277.20244,273.716881,0.0017948063080797105,0.0004016816602623319,-0.0424627221963485,0.11745133256042042,0,0,0,1.0,0.75,0.75,0.0,0.0,0.0017948063080797105,3.622054893995101,3.4752723686428086,2.3464313336033777
2024-10-09,2024,356.372553,496.036208,234.737386,426.690242,273.935333,270.336336,-0.016103936051084844,0.00040167806315749566,-0.053748253243886324,0.1225178157067546,0,0,0,1.0,0.75,0.75,0.0,0.0,-0.016103936051084844,3.563725553608685,3.4193068046580826,2.3473738435967917
2024-10-10,2024,358.478412,507.323873,234.831676,430.012969,274.759487,271.299158,0.005909150360409621,0.00040168292578668385,-0.0509013873301124,0.12307103611163187,0,0,0,1.0,0.75,0.75,0.0,0.0,0.005909150360409621,3.584784143748193,3.439512002695179,2.348316743590203
2024-10-11,2024,358.63509,507.926629,234.926003,430.205909,273.998567,270.593092,0.00043706397583576084,0.00040167920106326527,-0.05352982474728074,0.11969099099022834,0,0,0,1.0,0.75,0.75,0.0,0.0,0.00043706397583576084,3.5863509237585727,3.4410152894860118,2.3492600135836117
2024-10-14,2024,361.408341,522.077292,235.020368,434.600209,276.13378,272.79686,0.007732793241174596,0.00040167967272641825,-0.04615418244214453,0.12392706848610235,0,0,0,1.0,0.75,0.75,0.0,0.0,0.007732793241174596,3.614083433942293,3.4676239492593277,2.3502036635770174
2024-10-15,2024,362.791771,525.889982,235.114771,436.762874,276.213877,272.582905,0.003827886197014907,0.00040168007906449255,-0.045877504273870606,0.12408929866106747,0,0,0,1.0,0.75,0.75,0.0,0.0,0.003827886197014907,3.6279177340339412,3.480897619111136,2.3511476935704207
2024-10-16,2024,365.044912,536.636886,235.209212,440.321995,277.704099,274.016438,0.006210562587429802,0.0004016804201554258,-0.0407298471421258,0.12299425879992736,0,0,0,1.0,0.75,0.75,0.0,0.0,0.006210562587429802,3.6504491441832054,3.502515951635061,2.3520921035638214
2024-10-17,2024,366.072843,538.408466,235.303691,441.913795,275.686924,272.390334,0.0028159028278689213,0.0004016806960773778,-0.0476977521084514,0.1244329949540268,0,0,0,1.0,0.75,0.75,0.0,0.0,0.0028159028278689213,3.6607284542513026,3.512378696207926,2.353036893557219
2024-10-18,2024,363.834921,536.995011,235.398207,438.261651,275.067227,271.727068,-0.006113324281746713,0.0004016766570824615,-0.04983836450148471,0.11208952964514206,0,0,0,1.0,0.75,0.75,0.0,0.0,-0.006113324281746713,3.638349234103047,3.4909063862377083,2.3539820535506144
2024-10-21,2024,364.870285,536.084032,235.492762,439.865339,274.778457,271.192172,0.002845697156156124,0.0004016810544353877,-0.05083585947198843,0.1113417847989558,0,0,0,1.0,0.75,0.75,0.0,0.0,0.002845697156156124,3.648702874171637,3.5008404486134324,2.3549276035440068
2024-10-22,2024,363.71482,531.931274,235.587355,437.951228,273.42735,270.657277,-0.0031667829568529093,0.0004016811353209082,-0.055502973220343144,0.10265065558348221,0,0,0,1.0,0.75,0.75,0.0,0.0,-0.0031667829568529093,3.63714822409509,3.489754046746102,2.355873533537397
2024-10-23,2024,362.765522,521.999342,235.681986,436.368133,272.398739,269.180959,-0.002610006378073848,0.00040168115135030824,-0.059056092654857895,0.10242667331642508,0,0,0,1.0,0.75,0.75,0.0,0.0,-0.002610006378073848,3.627655244032202,3.4806457664261856,2.3568198435307837
2024-10-24,2024,366.911119,522.993394,235.776654,442.965795,274.156653,270.871232,0.011427759113226799,0.0004016768595966891,-0.052983750051477596,0.09682700521195754,0,0,0,1.0,0.75,0.75,0.0,0.0,0.011427759113226799,3.669111214306836,3.520421747803377,2.3577665235241683
2024-10-25,2024,366.055313,530.413056,235.871361,441.532771,273.789894,270.336336,-0.0023324613392269322,0.0004016809908584662,-0.054250641549510537,0.09675968861460492,0,0,0,1.0,0.75,0.75,0.0,0.0,-0.0023324613392269322,3.6605531542501413,3.5122105001788517,2.3587135935175505
2024-10-28,2024,366.950731,528.660745,235.966106,442.911631,276.572204,273.52431,0.0024461275883735922,0.000401680812788463,-0.04463973933881615,0.1019349619936648,0,0,0,1.0,0.75,0.75,0.0,0.0,0.0024461275883735922,3.6695073343094604,3.5208018151795146,2.35966104351093
2024-10-29,2024,368.02831,528.826226,236.060889,444.582961,275.554132,272.261964,0.0029365767907407747,0.0004016805701747561,-0.04815645402389668,0.10058672691194825,0,0,0,1.0,0.75,0.75,0.0,0.0,0.0029365767907407747,3.6802831243808467,3.531140920074769,2.3606088735043067
2024-10-30,2024,371.386037,533.796109,236.15571,449.915461,275.362321,272.21918,0.00912355628293926,0.0004016802630950611,-0.0488190246087471,0.09563644611233656,0,0,0,1.0,0.75,0.75,0.0,0.0,0.00912355628293926,3.713860394603287,3.563357483002061,2.3615570834976802
2024-10-31,2024,370.539482,534.443821,236.250569,448.497195,273.410488,270.143781,-0.0022794475711535034,0.0004016798916275377,-0.05556121943772252,0.08629247449836135,0,0,0,1.0,0.75,0.75,0.0,0.0,-0.0022794475711535034,3.705394844547205,3.5552349964422802,2.362505673491052
2024-11-01,2024,366.153319,525.566865,236.345466,441.395422,270.054853,266.592065,-0.011837235201834773,0.00040167945584923537,-0.0671525517622239,0.09518846948272688,0,0,0,1.0,0.75,0.75,0.0,0.0,-0.011837235201834773,3.6615332142566337,3.513150843591599,2.3634546434844204
2024-11-04,2024,371.266316,547.653182,236.440401,449.546256,275.100952,272.048009,0.013964087541153747,0.0004016789558383138,-0.049721868612437214,0.11869855997117344,0,0,0,1.0,0.75,0.75,0.0,0.0,0.013964087541153747,3.7126631845953555,3.56220878951679,2.3644039934777865
2024-11-05,2024,369.094407,542.789503,236.535375,445.999823,275.408693,272.048009,-0.0058500028319294906,0.0004016826210677671,-0.04865884232952067,0.11818012111869224,0,0,0,1.0,0.75,0.75,0.0,0.0,-0.0058500028319294906,3.6909440944514724,3.5413698580101927,2.36535373347115
2024-11-06,2024,365.076186,537.071994,236.630386,439.488777,274.734193,270.229367,-0.010886702490726097,0.0004016777617301681,-0.050988760110470155,0.11054310632543943,0,0,0,1.0,0.75,0.75,0.0,0.0,-0.010886702490726097,3.6507618841852767,3.5028160179564107,2.3663038434645105
2024-11-07,2024,361.228612,532.182112,236.729669,433.249079,273.345146,269.715855,-0.010539098817034298,0.0004195699532858477,-0.05578692957507281,0.11149752656036299,0,0,0,1.0,0.75,0.75,0.0,0.0,-0.010539098817034298,3.612286143930386,3.4658994938052774,2.367296673457573
2024-11-08,2024,357.863714,535.613687,236.828994,427.784381,269.44148,266.37811,-0.009315148048128497,0.00041957140572868035,-0.06927131923302332,0.12196494748266683,0,0,0,1.0,0.75,0.75,0.0,0.0,-0.009315148048128497,3.578637163707471,3.433614126900548,2.3682899234506323
2024-11-11,2024,357.522998,545.470198,236.92836,427.175531,269.534224,266.05717,-0.0009520831162000976,0.0004195685600894006,-0.06895095467457057,0.11779089353516989,0,0,0,1.0,0.75,0.75,0.0,0.0,-0.0009520831162000976,3.575230003684899,3.43034504086278,2.3692835834436887
2024-11-12,2024,354.665413,551.909268,237.027768,422.525364,269.163249,265.736229,-0.007992730582327412,0.0004195698649160917,-0.0702324094540927,0.11766300519279088,0,0,0,1.0,0.75,0.75,0.0,0.0,-0.007992730582327412,3.546654153495592,3.4029272171467406,2.370277663436742
2024-11-13,2024,351.932615,545.599945,237.127218,418.075539,269.23913,266.014385,-0.007705284755240571,0.00041957109430312833,-0.06997029456730819,0.11519774162181616,0,0,0,1.0,0.75,0.75,0.0,0.0,-0.007705284755240571,3.5193261733145516,3.3767066939372667,2.3712721634297926
2024-11-14,2024,349.466324,537.613638,237.226709,414.053615,269.361383,265.885999,-0.007007850068116106,0.00041956803119913566,-0.06954799740129725,0.11333792346687716,0,0,0,1.0,0.75,0.75,0.0,0.0,-0.007007850068116106,3.4946632631511663,3.3530432397021506,2.37226707342284
2024-11-18,2024,348.116224,543.282205,237.326243,411.823911,269.310796,266.185556,-0.003863319316570246,0.00041957332890363297,-0.06972273950772412,0.1133057265721237,0,0,0,1.0,0.75,0.75,0.0,0.0,-0.003863319316570246,3.481162263061726,3.340089362984914,2.3732624134158846
2024-11-19,2024,349.331222,545.76828,237.425818,413.712913,270.215047,267.191146,0.0034902079140097797,0.0004195701189269041,-0.06659919542567605,0.114372024076203,0,0,0,1.0,0.75,0.75,0.0,0.0,0.0034902079140097797,3.493312243142216,3.351746969313104,2.374258163408926
2024-11-21,2024,346.505715,542.703824,237.525434,409.114124,267.527587,264.452482,-0.008088332281962485,0.0004195668391884233,-0.0758824583457508,0.11809778583314563,0,0,0,1.0,0.75,0.75,0.0,0.0,-0.008088332281962485,3.465057172955034,3.3246369261002386,2.3752543234019647
2024-11-22,2024,351.023063,548.676665,237.625093,416.305598,272.173203,269.63027,0.013036864341472665,0.0004195719099286954,-0.05983515912875581,0.13438375710510297,0,0,0,1.0,0.75,0.75,0.0,0.0,0.013036864341472665,3.5102306532542955,3.3679797666904583,2.3762509133950007
2024-11-25,2024,353.993418,553.156585,237.724793,421.013067,271.9835,268.881419,0.008461993849105065,0.00041956848387214585,-0.06049044807286175,0.13220339863594036,0,0,0,1.0,0.75,0.75,0.0,0.0,0.008461993849105065,3.5399342034510735,3.3964795907601033,2.3772479133880338
2024-11-26,2024,357.941155,555.011286,237.824535,427.289876,273.85102,270.978217,0.011152006786747437,0.0004195691948714053,-0.05403949469364944,0.13458866021100727,0,0,0,1.0,0.75,0.75,0.0,0.0,0.011152006786747437,3.579411573712599,3.434357154207309,2.378245333381064
2024-11-27,2024,348.122557,542.251671,237.924319,411.462301,269.102122,265.522274,-0.027430760232083462,0.00041956983117819036,-0.07044355976424266,0.1423523758618005,0,0,0,1.0,0.75,0.75,0.0,0.0,-0.027430760232083462,3.481225593062144,3.3401501265589078,2.379243173374091
2024-11-28,2024,335.260936,505.245637,238.024145,390.748574,262.654328,259.53145,-0.036945669682645566,0.0004195703928862038,-0.09271610222309945,0.16343409612778179,0,0,0,1.0,0.75,0.75,0.0,0.0,-0.036945669682645566,3.3526093822100984,3.2167460432926154,2.3802414333671154
2024-11-29,2024,339.262534,508.588012,238.124013,397.111789,264.884392,261.713818,0.011935771723789568,0.00041957088008870436,-0.08501281717305476,0.16785594257738212,0,0,0,1.0,0.75,0.75,0.0,0.0,0.011935771723789568,3.392625362475193,3.2551403897587594,2.381240113360137
2024-12-02,2024,335.509723,504.541174,238.223923,391.023861,263.973818,260.772396,-0.011061672374350628,0.0004195712928793949,-0.08815820272304775,0.16685212832437102,0,0,0,1.0,0.75,0.75,0.0,0.0,-0.011061672374350628,3.3550972522265803,3.219133093234732,2.382239213353156
2024-12-03,2024,337.476521,503.402134,238.323874,394.119781,265.877171,262.484069,0.005862119232830754,0.0004195674336198163,-0.08158347181404346,0.16480066170428503,0,0,0,1.0,0.75,0.75,0.0,0.0,0.005862119232830754,3.3747652323568755,3.2380040352536255,2.383238723346171
2024-12-04,2024,338.703213,513.173639,238.423868,396.027299,265.767565,262.63384,0.003634895833242391,0.0004195718973585283,-0.08196208258987547,0.14805442101273045,0,0,0,1.0,0.75,0.75,0.0,0.0,0.003634895833242391,3.387032152438141,3.249773842629391,2.3842386633391834
2024-12-05,2024,341.238298,513.898371,238.523904,400.035656,269.500499,266.399511,0.007484679514982773,0.00041957208747223085,-0.06906745056361807,0.15807079508337,0,0,0,1.0,0.75,0.75,0.0,0.0,0.007484679514982773,3.4123830026060826,3.274097358337646,2.3852390233321925
2024-12-06,2024,337.682796,492.383757,238.623981,394.26444,265.470364,262.013359,-0.010419410777860572,0.0004195680110954392,-0.08298870066906883,0.1656058553927773,0,0,0,1.0,0.75,0.75,0.0,0.0,-0.010419410777860572,3.3768279823705405,3.239983193034418,2.386239793325199
2024-12-09,2024,338.618953,501.222856,238.7241,395.705374,268.134637,264.794823,0.0027722969931816,0.0004195680567411486,-0.07378553234289631,0.17010682419572223,0,0,0,1.0,0.75,0.75,0.0,0.0,0.0027722969931816,3.386189552432558,3.248965388698426,2.387240983318203
2024-12-10,2024,341.898149,513.237333,238.824262,400.908457,270.280389,266.977191,0.009684029706394037,0.0004195722174678007,-0.06637348528832576,0.16518949853649245,0,0,0,1.0,0.75,0.75,0.0,0.0,0.009684029706394037,3.418981512649796,3.2804284660376277,2.388242603311204
2024-12-11,2024,345.519157,519.585032,238.924465,406.660355,273.157551,270.892632,0.010590896764404611,0.00041956792480313254,-0.05643493687843404,0.16929854887532134,0,0,0,1.0,0.75,0.75,0.0,0.0,0.010590896764404611,3.455191592889678,3.3151711452644466,2.3892446333042017
2024-12-12,2024,336.598392,498.300519,239.033207,392.268847,265.672714,262.569655,-0.025818438194441518,0.0004551312901339699,-0.08228972533478407,0.19658218100022493,0,0,0,1.0,0.75,0.75,0.0,0.0,-0.025818438194441518,3.3659839422987017,3.2295786039464405,2.390332053296603
2024-12-13,2024,332.534183,489.724776,239.141998,385.675394,262.658544,260.237501,-0.01207435655248168,0.0004551292323162759,-0.09270153894161026,0.2002060218555265,0,0,0,1.0,0.75,0.75,0.0,0.0,-0.01207435655248168,3.3253418520294593,3.190583520368125,2.391419963289001
2024-12-16,2024,328.610052,483.282458,239.250839,379.306829,260.441127,257.220697,-0.011800684563006203,0.0004551312647309569,-0.10036113760147614,0.20173908128904958,1,0,0,1.0,0.75,0.75,0.0,0.0,-0.011800684563006203,3.2861005417694966,3.1529324506723353,2.3925083732813954
2024-12-17,2024,331.150546,486.124454,239.359729,383.318365,262.839816,260.173316,0.007731029481715446,0.00045512902046707104,-0.09207537310619407,0.20534083740979078,0,1,1,0.85,0.75,0.6375,0.11250000000000004,0.00011250000000000005,0.00652714441252819,3.3115054819377976,3.17351209610082,2.3935972732737865
2024-12-18,2024,321.31725,461.424868,239.468669,367.4615,254.56455,252.898729,-0.02969433726979276,0.00045513086288639926,-0.12066053158727064,0.23088528251522855,1,0,1,0.85,0.75,0.6375,0.0,0.0,-0.025171917049890885,3.213172521286369,3.0936287128609448,2.394686673266174
2024-12-19,2024,324.826989,462.32744,239.577658,373.029275,255.441399,252.428035,0.010922970988952674,0.0004551284326885785,-0.11763164192632514,0.23034016030378543,1,1,1,0.85,0.75,0.6375,0.0,0.0,0.00935279460551306,3.24826991151888,3.1225627867980505,2.3957765632585577
2024-12-20,2024,324.759268,458.548057,239.686697,372.852755,257.367938,254.717388,-0.00020848329200873206,0.00045513008562747537,-0.11097681987770769,0.2217482708705428,1,1,1,0.85,0.75,0.6375,0.0,0.0,-0.0001089412853633009,3.2475927015143937,3.122222610794429,2.396866953250938
2024-12-23,2024,319.782427,444.574177,239.795786,364.793719,254.554011,251.828938,-0.015324708146589483,0.00045513164212018786,-0.12069693633670486,0.2234926151002302,1,1,1,0.85,0.75,0.6375,0.0,0.0,-0.012957732178283032,3.1978242911846917,3.0817656864027754,2.3979578432433146
2024-12-26,2024,317.20449,439.937558,240.014112,360.518655,255.20954,252.385234,-0.00806153428812384,0.0009104663749179842,-0.1184325498681682,0.22143599390042848,1,1,1,0.85,0.75,0.6375,0.0,0.0,-0.006715734188667566,3.172044921013911,3.0610693672211378,2.4001411032280586
2024-12-27,2024,314.619504,438.532739,240.12335,356.300086,253.504321,250.887532,-0.008149273044653405,0.00045513157159682294,-0.12432286872437692,0.2157100094462522,1,1,1,0.85,0.75,0.6375,0.0,0.0,-0.00685861235221587,3.1461950608426625,3.0400746790481255,2.401233483220425
2024-12-30,2024,313.406706,438.045348,240.232637,354.284782,253.53383,250.908916,-0.00385480869615773,0.0004551285828722218,-0.12422093611681873,0.2009465758862754,1,1,1,0.85,0.75,0.6375,0.0,0.0,-0.003208318104303237,3.1340670807623177,3.0303211524169016,2.4023263532127883
2025-01-03,2025,310.086917,431.467365,240.341974,348.511048,250.173781,247.373475,-0.010592590384391087,0.00045513082892423284,-0.13582751567198736,0.20116020511609656,1,1,1,0.85,0.6375,0.541875,0.09562499999999996,9.562499999999997e-05,-0.00903105720239379,3.1008691919385982,3.0029541487478006,2.4034197259972725
2025-01-06,2025,314.401325,428.879238,240.451361,356.069736,253.31644,250.844638,0.013913544117696297,0.00045513065478930415,-0.1249718639543288,0.20835059024591193,1,1,1,0.85,0.6375,0.541875,0.0,0.0,0.011894782098260248,3.144013272243841,3.038673633998222,2.404513595990899
2025-01-07,2025,313.399936,434.493003,240.560798,354.202275,255.724616,253.158746,-0.003185066093471356,0.0004551315473735329,-0.1166533286214072,0.20984741088005285,1,1,1,0.85,0.6375,0.541875,0.0,0.0,-0.0026390364473446227,3.133999382172993,3.0306544635265156,2.405607965984523
2025-01-08,2025,311.717694,429.805422,240.670284,351.127466,252.478538,249.987559,-0.0053677164758579865,0.0004551281875944113,-0.1278662194302267,0.2132239153958093,1,1,1,0.85,0.6375,0.541875,0.0,0.0,-0.004494289776340127,3.1171769620539744,3.017033824155469,2.4067028259781442
2025-01-09,2025,313.370463,430.863089,240.77982,353.966342,252.807789,250.308966,0.005302134052101559,0.0004551288932703734,-0.12672889139568932,0.20475868385180346,1,1,1,0.85,0.6375,0.541875,0.0,0.0,0.004575083278276881,3.1337046521709073,3.0308370051543583,2.4077981859717625
2025-01-10,2025,313.185292,430.073816,240.889406,353.546095,250.8555,248.466251,-0.0005909012554254911,0.0004551295037931169,-0.13347266138034752,0.20078206698357087,1,1,1,0.85,0.6375,0.541875,0.0,0.0,-0.0004339966415426999,3.1318529421578067,3.029521632073058,2.408894045965378
2025-01-13,2025,314.858289,427.828972,240.999042,356.420757,251.174198,248.594808,0.005341876016323299,0.0004551300192918717,-0.13237178645528747,0.19572537846274068,1,1,1,0.85,0.6375,0.541875,0.0,0.0,0.004608864116768585,3.1485829122761713,3.0434842856140936,2.40999040595899
2025-01-14,2025,316.471156,430.11144,241.108728,359.188753,251.790488,249.537596,0.005122517196934906,0.0004551304398960898,-0.13024294282412163,0.19248142301988413,1,1,1,0.85,0.6375,0.541875,0.0,0.0,0.004422409183379083,3.1647115823902814,3.0569438184682634,2.4110872659525997
2025-01-15,2025,323.019772,435.888039,241.218464,370.708904,258.863053,256.201361,0.020692615664474667,0.0004551307657347792,-0.10581226091097062,0.21774503777460408,1,1,1,0.85,0.6375,0.541875,0.0,0.0,0.017656992929663683,3.230197742853595,3.1109202538573366,2.412184625946206
2025-01-16,2025,319.169023,435.155802,241.32825,363.788592,255.874467,253.544431,-0.011921093796078863,0.00045513099693716974,-0.11613569999369322,0.20036667426970847,1,1,1,0.85,0.6375,0.541875,0.0,0.0,-0.010064660077126458,3.191690252581155,3.0796098989752143,2.4132824859398094
2025-01-17,2025,322.251608,436.623426,241.438086,369.162604,258.229878,255.515701,0.00965815846107354,0.0004551311336322694,-0.10799943020815761,0.20066237127326772,1,1,1,0.85,0.6375,0.541875,0.0,0.0,0.00827770436195735,3.2225161027992475,3.1051019992690883,2.41438084593341
2025-01-20,2025,324.172375,442.015135,241.547971,372.476409,258.637221,256.715602,0.005960457457205415,0.00045512703410022226,-0.10659234985434685,0.19872645188729193,1,1,1,0.85,0.6375,0.541875,0.0,0.0,0.005134657893739636,3.2417237729351416,3.121045635760502,2.415479695927008
2025-01-21,2025,325.878121,441.803964,241.657907,375.408892,260.315134,257.765532,0.005261848730941487,0.00045513112589956606,-0.10079635380751784,0.19723270953198677,1,1,1,0.85,0.6375,0.541875,0.0,0.0,0.004540841090185199,3.258781233055823,3.135217808027707,2.416579055920603
2025-01-22,2025,327.051532,438.304988,241.767893,377.397381,259.542661,256.951299,0.0036007664350070634,0.00045513097984417605,-0.10346469862294161,0.1601266553309979,1,1,1,0.85,0.6375,0.541875,0.0,0.0,0.0031289211167326303,3.2705153431388414,3.1450276572328013,2.4176789159141947
2025-01-23,2025,326.416451,440.363486,241.877929,376.178964,258.510586,255.665689,-0.0019418377162655487,0.0004551307397959725,-0.10702978371378435,0.16079976148722325,1,1,1,0.85,0.6375,0.541875,0.0,0.0,-0.0015822924478563205,3.264164533093909,3.1400513037224624,2.418779275907784
2025-01-24,2025,327.075566,438.199004,241.988014,377.255407,258.434605,255.944233,0.002019245653767543,0.0004551262715664084,-0.10729224402944681,0.1587349962207819,1,1,1,0.85,0.6375,0.541875,0.0,0.0,0.0017846277464373726,3.2707556831405413,3.145655126404322,2.41988012590137
2025-01-27,2025,333.064605,434.583818,242.09815,387.782968,263.531664,261.129553,0.01831087254007846,0.0004551299801154318,-0.08968553032351911,0.1671547726992707,0,1,1,0.85,0.6375,0.541875,0.0,0.0,0.015632511156084005,3.330646073564265,3.1948296152610305,2.420981485894953
2025-01-28,2025,330.803798,434.51106,242.208337,383.681646,261.830533,259.329686,-0.006787893297758307,0.00045513358941406956,-0.09556172804720209,0.16964482068544018,0,0,1,0.85,0.6375,0.541875,0.0,0.0,-0.00570143926468245,3.308038003404313,3.1766144882486107,2.4220833558885335
2025-01-29,2025,331.219065,433.573718,242.318573,384.325565,260.513529,257.486972,0.0012553271833959379,0.00045512884224119254,-0.10011104018535111,0.16870831345589765,1,0,1,0.85,0.6375,0.541875,0.0,0.0,0.0011352974322227259,3.3121906734336934,3.180220890520281,2.4231857158821106
2025-01-30,2025,337.681835,437.267883,242.437399,395.685869,267.86047,265.586335,0.01951207126316823,0.0004903709960359937,-0.07473258433437069,0.193472453805804,0,1,1,0.85,0.6375,0.541875,0.0,0.0,0.016658816223098394,3.376818373890933,3.233199605884317,2.424373975875188
2025-01-31,2025,336.085307,435.879385,242.556283,392.755169,266.218436,263.550786,-0.004727906077624744,0.0004903698871971951,-0.08040464395412394,0.1871727198094691,0,0,1,0.85,0.6375,0.541875,0.0,0.0,-0.0039451646829014525,3.3608530937779793,3.2204441009864113,2.4255628158682616
2025-02-03,2025,336.723755,433.400471,242.675225,393.787539,265.87019,262.779417,0.0018996605525511967,0.0004903686621879899,-0.08160758620400466,0.18440490439624008,0,0,1,0.85,0.6375,0.541875,0.0,0.0,0.0016882667689967156,3.367237573823149,3.2258810697435183,2.426752235861332
2025-02-04,2025,335.566921,423.034715,242.794226,391.636418,264.13318,261.215263,-0.0034355580288655263,0.0004903714419137728,-0.08760772035476361,0.18509255249803264,0,0,1,0.85,0.6375,0.541875,0.0,0.0,-0.0028466686082486313,3.355669233741303,3.2166980553683358,2.4279422458543984
2025-02-05,2025,334.090833,455.873868,242.913285,388.91914,264.949976,262.200898,-0.004398788759038652,0.0004903699810390183,-0.08478627109782011,0.17714141276545886,0,0,1,0.85,0.6375,0.541875,0.0,0.0,-0.003665414948027001,3.3409083536368698,3.2049075222328995,2.429132835847462
2025-02-06,2025,338.647068,450.051892,243.032402,396.898482,266.408389,263.893624,0.013637713310140409,0.0004903684045109991,-0.07974849143782337,0.17740135910769128,0,0,1,0.85,0.6375,0.541875,0.0,0.0,0.011665611574295997,3.3864707039592226,3.2422947285188077,2.430324005840522
2025-02-07,2025,334.850917,440.347734,243.151578,390.067111,263.018792,260.293906,-0.011209755992926618,0.0004903708271788432,-0.09145713831781266,0.18211692100798546,0,0,1,0.85,0.6375,0.541875,0.0,0.0,-0.009454736969910798,3.3485091936906453,3.211639684681734,2.4315157658335784
2025-02-10,2025,337.460007,438.725459,243.270812,394.593628,265.030178,262.586583,0.007791795893454356,0.0004903690158244434,-0.08450923022922463,0.1829820905436453,0,0,1,0.85,0.6375,0.541875,0.0,0.0,0.006696581861809869,3.3746000938752383,3.2331466927408425,2.4327081058266318
2025-02-11,2025,336.745419,435.3199,243.390105,393.226464,267.035232,264.51499,-0.002117548702593397,0.000490371199977746,-0.07758319469718045,0.18376988167423586,0,0,1,0.85,0.6375,0.541875,0.0,0.0,-0.0017263607172077256,3.367454213824681,3.2275651152975247,2.4339010358196815
2025-02-12,2025,331.989457,429.024768,243.509456,384.692984,262.514362,259.80108,-0.014123316106640194,0.0004903691544897448,-0.09319958520624017,0.17133183873046673,0,0,1,0.85,0.6375,0.541875,0.0,0.0,-0.011931263317470702,3.3198945934881974,3.189056186032627,2.435094545812728
2025-02-13,2025,331.727895,428.99471,243.628866,384.129039,263.506337,260.722437,-0.0007878623687740394,0.0004903711008248379,-0.08977301709540664,0.1652673858644931,0,0,0,1.0,0.6375,0.6375,0.09562499999999996,9.562499999999997e-05,-0.0008834873687740394,3.3172789734696915,3.186238695173956,2.436288645805771
2025-02-14,2025,337.21471,431.724193,243.748334,393.758217,270.616892,267.557621,0.01654010736721445,0.0004903688218949043,-0.06521110675156849,0.18686830691970743,0,0,0,1.0,0.6375,0.6375,0.0,0.0,0.01654010736721445,3.372147123857883,3.238939425289707,2.4374833257988104
2025-02-17,2025,338.38576,429.940084,243.867861,395.734519,271.988771,268.371837,0.0034727132751710688,0.0004903705311070095,-0.060472240516711406,0.1870727756622946,0,0,0,1.0,0.6375,0.6375,0.0,0.0,0.0034727132751710688,3.383857623940734,3.2501873332293854,2.438678595791847
2025-02-18,2025,339.245766,429.156602,243.987446,397.159221,271.277505,268.478978,0.0025414958359950557,0.0004903680194250359,-0.06292915867888293,0.18734461423259255,0,0,0,1.0,0.6375,0.6375,0.0,0.0,0.0025414958359950557,3.3924576840015797,3.2584476708029917,2.4398744457848793
2025-02-19,2025,335.914449,429.431793,244.107091,391.151712,268.696261,265.714907,-0.009819774729333042,0.0004903735907788587,-0.07184552086208396,0.1911114455878696,0,0,0,1.0,0.6375,0.6375,0.0,0.0,-0.009819774729333042,3.359144513765889,3.2264504487083863,2.4410708957779086
2025-02-20,2025,336.83042,429.028053,244.226793,392.675553,269.312551,266.700542,0.0027267984533765333,0.000490366746453974,-0.06971667723091812,0.18988868045933352,0,0,0,1.0,0.6375,0.6375,0.0,0.0,0.0027267984533765333,3.368304223830694,3.2352483288018203,2.442267915770935
2025-02-21,2025,338.633964,422.627467,244.346555,395.773213,268.314245,265.564919,0.005354456999459911,0.0004903720780544685,-0.07316511444400697,0.19084727986096042,0,0,0,1.0,0.6375,0.6375,0.0,0.0,0.005354456999459911,3.386339663958295,3.252571326860964,2.443465535763957
2025-02-24,2025,334.234955,424.184423,244.466375,387.872299,264.669268,262.45801,-0.012990454200276225,0.0004903690989217502,-0.08575591759219336,0.1862644605468397,0,0,0,1.0,0.6375,0.6375,0.0,0.0,-0.012990454200276225,3.342349573647066,3.210318948006245,2.444663735756976
2025-02-25,2025,333.551306,428.342114,244.586254,386.559505,265.891296,263.186533,-0.0020454144300975363,0.0004903700969101088,-0.08153467998505015,0.18509704563950416,0,0,0,1.0,0.6375,0.6375,0.0,0.0,-0.0020454144300975363,3.335513083598698,3.2037525153047777,2.445862525749992
2025-02-26,2025,331.759156,431.904253,244.706192,383.28104,263.335379,261.022412,-0.005372936540083528,0.0004903709756314267,-0.09036355539636365,0.18771879288121993,0,0,0,1.0,0.6375,0.6375,0.0,0.0,-0.005372936540083528,3.317591583471904,3.1865389563499122,2.4470619057430043
2025-02-27,2025,333.292963,457.589221,244.826188,385.900199,263.398697,260.872425,0.004623254467165161,0.0004903676487271191,-0.09014483673950036,0.15690916477878478,0,0,0,1.0,0.6375,0.6375,0.0,0.0,0.004623254467165161,3.33292965358042,3.2012711368146527,2.448261865736013
2025-02-28,2025,327.823129,456.599391,244.946244,376.100272,259.17753,257.14415,-0.016411489611918406,0.0004903723779745572,-0.10472596653884358,0.16509152085918474,1,0,0,1.0,0.6375,0.6375,0.0,0.0,-0.016411489611918406,3.27823131319343,3.1487335088078847,2.4494624257290187
2025-03-05,2025,329.882293,482.034345,245.066358,379.650908,259.700955,257.229859,0.006281326172077328,0.0004903688174129339,-0.09738433682306247,0.16550820580555975,0,1,1,0.85,0.6375,0.541875,0.09562499999999996,9.562499999999997e-05,0.005317057568877669,3.2988229533391156,3.1654755061432707,2.450663565722021
2025-03-06,2025,333.442453,477.41345,245.186531,385.8631,260.357346,257.979797,0.010792213087957414,0.0004903692248121594,-0.09510298673034379,0.16470191797362724,0,0,1,0.85,0.6375,0.541875,0.0,0.0,0.009246936508485626,3.3344245535909964,3.1947464571677435,2.4518652957150193
2025-03-07,2025,335.580706,477.431527,245.306763,389.55388,263.896794,261.300956,0.006412659758114225,0.0004903695138129827,-0.08280129456367358,0.17194248720679692,0,0,1,0.85,0.6375,0.541875,0.0,0.0,0.005524316221469039,3.3558070837422775,3.2123952468445562,2.4530676157080142
2025-03-10,2025,334.742269,478.062526,245.427054,387.966267,262.807733,259.908221,-0.0024984660470914744,0.0004903696845897088,-0.08658643088231033,0.17114335833794989,0,0,1,0.85,0.6375,0.541875,0.0,0.0,-0.002050140687339297,3.3474227136829584,3.205809384645185,2.454270525701006
2025-03-11,2025,333.138196,472.760685,245.547404,385.02096,260.671823,258.301204,-0.0047919642917878535,0.0004903697373150884,-0.09400999165102686,0.16757458364256603,0,0,1,0.85,0.6375,0.541875,0.0,0.0,-0.003999614187422412,3.3313819835694702,3.192987383948186,2.455474025693994
2025-03-12,2025,335.800854,475.003335,245.667814,389.641479,261.425301,258.708304,0.007992652994975202,0.0004903737446966261,-0.09139120634598552,0.1653829640884926,0,0,1,0.85,0.6375,0.541875,0.0,0.0,0.0068673111074334155,3.358008563757853,3.214914621675868,2.456678125686979
2025-03-13,2025,339.409514,476.405141,245.788282,395.939426,265.167366,262.500873,0.010746428893834814,0.0004903694873110709,-0.06894529129703675,0.17144409776393338,0,0,1,0.85,0.6375,0.541875,0.0,0.0,0.009208019982856253,3.3940951640131654,3.2445176197554364,2.4578828056799606
2025-03-14,2025,345.649579,478.288404,245.908809,406.903397,272.174503,269.443182,0.018385062122919793,0.0004903691869246884,-0.04434185688204639,0.18424654093218548,0,0,1,0.85,0.6375,0.541875,0.0,0.0,0.015700858182520525,3.456495814454649,3.2954593307739053,2.459088075672938
2025-03-17,2025,346.741605,488.305984,246.029395,408.738683,276.136068,273.749992,0.0031593442212756173,0.0004903687691806269,-0.030432023999055535,0.18961832520663618,0,0,1,0.85,0.6375,0.541875,0.0,0.0,0.0027589979034613687,3.4674160745319096,3.304551496158453,2.4602939356659124
2025-03-18,2025,349.390782,497.12624,246.150041,413.3351,277.488952,274.82132,0.007640205160843072,0.0004903722988058856,-0.025681782528810482,0.16644739781816292,0,0,1,0.85,0.6375,0.541875,0.0,0.0,0.006567730231537494,3.4939078447193386,3.3262548989214453,2.461500395658883
2025-03-19,2025,355.176999,502.216639,246.270745,423.494148,279.669184,277.692549,0.016560874808654757,0.0004903675803167307,-0.01802655971506173,0.16757350767010432,0,0,0,1.0,0.6375,0.6375,0.09562499999999996,9.562499999999997e-05,0.01646524980865476,3.5517700151287124,3.3810225167594488,2.462707435651851
2025-03-20,2025,353.359978,485.923696,246.400114,420.163673,278.502032,276.085532,-0.0051158183247108635,0.0005253120909671782,-0.022124659650074263,0.1681646250549461,0,0,0,1.0,0.6375,0.6375,0.0,0.0,-0.0051158183247108635,3.5335998050001582,3.363725819811951,2.4640011256443137
2025-03-21,2025,352.556808,489.200655,246.52955,418.630928,279.325159,276.364059,-0.002272951239543075,0.0005253081985181485,-0.019234499066699384,0.16321360200104973,0,0,0,1.0,0.6375,0.6375,0.0,0.0,-0.002272951239543075,3.525568104943334,3.3560802350403263,2.465295485636773
2025-03-24,2025,351.356949,474.769607,246.659055,416.394705,277.163922,274.671349,-0.0034033068509061737,0.0005253122800086274,-0.025683712104620837,0.16681169206269475,0,0,0,1.0,0.6375,0.6375,0.0,0.0,-0.0034033068509061737,3.513569514858444,3.3446584641842225,2.4665905356292277
2025-03-25,2025,352.468454,470.224479,246.788627,418.256997,278.740527,276.492615,0.0031634638311934804,0.0005253081019060968,-0.011262161689191252,0.16626231908217926,0,0,0,1.0,0.6375,0.6375,0.0,0.0,0.0031634638311934804,3.5246845649370826,3.3552391702633644,2.4678862556216785
2025-03-26,2025,354.971572,468.280155,246.918268,422.586875,279.694511,276.921179,0.007101679516544612,0.0005253118896764164,-0.006146851844412882,0.15580401995514503,0,0,0,1.0,0.6375,0.6375,0.0,0.0,0.007101679516544612,3.5497157451141774,3.3790670035519317,2.4691826656141256
2025-03-27,2025,356.854421,467.512556,247.047976,425.816819,281.022068,278.078217,0.0053042247563419576,0.0005253074268283253,-0.0014295740576992788,0.15582457825868792,0,0,0,1.0,0.6375,0.6375,0.0,0.0,0.0053042247563419576,3.568544235247389,3.39699033440551,2.4704797456065686
2025-03-28,2025,356.067179,458.937258,247.177753,424.312032,278.390171,275.742694,-0.002206059260226989,0.0005253109217944196,-0.01078163144959865,0.15556531986211802,0,0,0,1.0,0.6375,0.6375,0.0,0.0,-0.002206059260226989,3.5606718151916916,3.389496372421393,2.471777515599008
2025-03-31,2025,354.46403,456.969615,247.307598,421.360401,274.924593,272.764357,-0.004502377906614119,0.0005253102207787297,-0.02309605118262925,0.16462269161179274,0,0,0,1.0,0.6375,0.6375,0.0,0.0,-0.004502377906614119,3.544640325078269,3.3742355788396545,2.473075965591443
2025-04-01,2025,356.339242,459.248619,247.437511,424.576632,276.79668,274.349926,0.005290274446182908,0.0005253093760588801,-0.016443866440358335,0.15044661641733142,0,0,0,1.0,0.6375,0.6375,0.0,0.0,0.005290274446182908,3.56339244521094,3.392086211097791,2.474375095583874
2025-04-02,2025,356.191136,454.909494,247.567493,424.205006,276.887435,276.19264,-0.00041563202292504986,0.0005253124292865508,-0.016121381947765467,0.15076250166198196,0,0,0,1.0,0.6375,0.6375,0.0,0.0,-0.00041563202292504986,3.561911385200461,3.3906763514439366,2.475674915576301
2025-04-03,2025,358.002248,449.380783,247.697542,427.307457,276.784017,274.478515,0.0050846633084098425,0.0005253072542927839,-0.016488862541175875,0.1512980622196994,0,0,0,1.0,0.6375,0.6375,0.0,0.0,0.0050846633084098425,3.5800225053285972,3.4079167990788166,2.476975405568724
2025-04-04,2025,352.112954,435.729168,247.82766,416.755295,268.5844,265.972019,-0.016450438601715134,0.000525310017004621,-0.045624990883430194,0.1854799898087711,0,0,0,1.0,0.6375,0.6375,0.0,0.0,-0.016450438601715134,3.5211295649119307,3.351855073015817,2.4782765855611433
2025-04-07,2025,350.970198,435.964456,247.957847,414.619757,265.063947,262.972267,-0.0032454244781917607,0.000525312630559327,-0.05813440082670873,0.19138294055845334,0,0,0,1.0,0.6375,0.6375,0.0,0.0,-0.0032454244781917607,3.5097020048310807,3.3409768805145004,2.479578455553558
2025-04-08,2025,351.383015,437.37186,248.088101,415.242545,261.568821,259.351117,0.0011762166769500038,0.0005253070293032014,-0.07055381501499935,0.1952104247648786,0,0,0,1.0,0.6375,0.6375,0.0,0.0,0.0011762166769500038,3.513830174860288,3.344906593238666,2.480880995545969
2025-04-09,2025,355.98447,451.456084,248.218424,423.292676,269.724115,266.871961,0.013095268705574759,0.000525309353712311,-0.04020308113311588,0.2239993793439941,0,0,0,1.0,0.6375,0.6375,0.0,0.0,0.013095268705574759,3.5598447251858403,3.388709043872175,2.4821842255383766
2025-04-10,2025,352.904239,445.717325,248.348816,417.721387,266.682765,264.429297,-0.008652711732059504,0.0005253115296550703,-0.05102554081268795,0.22323937680069908,0,0,0,1.0,0.6375,0.6375,0.0,0.0,-0.008652711732059504,3.5290424149679147,3.359387521371726,2.48348814553078
2025-04-11,2025,355.009495,446.470121,248.479276,421.345079,269.483509,267.236214,0.005965516328071185,0.0005253095307689026,-0.041059263004213475,0.20500937213424664,0,0,0,1.0,0.6375,0.6375,0.0,0.0,0.005965516328071185,3.5500949751168616,3.3794280024827876,2.484792745523179
2025-04-14,2025,359.79189,454.080092,248.609805,429.715885,273.223462,270.857365,0.013471174904772676,0.0005253114147032445,-0.02775086688209838,0.20436664980787098,0,0,0,1.0,0.6375,0.6375,0.0,0.0,0.013471174904772676,3.5979189254552155,3.42495286818232,2.486098035515574
2025-04-15,2025,360.22364,461.823277,248.740402,430.371958,272.782351,270.407386,0.0011999992551248173,0.0005253091284955769,-0.02932053364577758,0.203410453153303,0,0,0,1.0,0.6375,0.6375,0.0,0.0,0.0011999992551248173,3.6022364254857613,3.4290628090729762,2.4874040055079654
2025-04-16,2025,356.514661,454.436977,248.871068,423.685526,270.823729,268.436115,-0.010296323139702857,0.000525310721335881,-0.036290171346970435,0.20194288824782128,0,0,0,1.0,0.6375,0.6375,0.0,0.0,-0.010296323139702857,3.5651466352233516,3.393756070324424,2.4887106655003524
2025-04-17,2025,358.557742,459.388443,249.001802,427.198739,273.637137,271.114477,0.005730706822180354,0.000525308148715764,-0.026278829461891196,0.2059883473093441,0,0,0,1.0,0.6375,0.6375,0.0,0.0,0.005730706822180354,3.5855774453678992,3.413204691389448,2.4900180054927357
2025-04-22,2025,361.557736,454.535815,249.132605,432.408716,275.355152,272.828635,0.008366836491289442,0.0005253094513750778,-0.02016537719023548,0.20712658912861912,0,0,0,1.0,0.6375,0.6375,0.0,0.0,0.008366836491289442,3.615577385580148,3.441762416953605,2.491326035485115
2025-04-23,2025,364.935998,461.719374,249.263477,438.289388,279.052894,276.578341,0.009343630805343839,0.0005253106071763103,-0.007007186353777728,0.21108881518930006,0,0,0,1.0,0.6375,0.6375,0.0,0.0,0.009343630805343839,3.649360005819159,3.4739209742973274,2.49263475547749
2025-04-24,2025,370.584417,464.269595,249.394418,448.195506,284.042313,281.506533,0.015477834554430636,0.0005253116163503879,0.0,0.21939423495490643,0,0,0,1.0,0.6375,0.6375,0.0,0.0,0.015477834554430636,3.7058441962187842,3.527689748392668,2.4939441654698613
2025-04-25,2025,370.110013,471.784667,249.525427,447.244417,284.377896,281.74223,-0.0012801509675999245,0.0005253084694141208,0.0,0.21921468546549616,0,0,0,1.0,0.6375,0.6375,0.0,0.0,-0.0012801509675999245,3.70110015618522,3.5231737729478705,2.4952542554622283
2025-04-28,2025,372.029817,472.243976,249.656505,450.538743,284.962527,282.085036,0.005187117161296495,0.0005253091902333029,0.0,0.2187996265562491,0,0,0,1.0,0.6375,0.6375,0.0,0.0,0.005187117161296495,3.7202981963210457,3.541448888087758,2.4965650354545916
2025-04-29,2025,369.729825,472.066684,249.787653,446.35036,285.125042,282.535015,-0.006182278663970586,0.0005253137706144884,0.0,0.2155028151559336,0,0,0,1.0,0.6375,0.6375,0.0,0.0,-0.006182278663970586,3.697298276158322,3.5195546641873907,2.4978765154469507
2025-04-30,2025,373.782197,475.068309,249.918868,453.426094,285.070167,282.042206,0.010960360041281536,0.0005253061887731114,-0.0001924594192606044,0.20945096648950753,0,0,0,1.0,0.6375,0.6375,0.0,0.0,0.010960360041281536,3.7378219964450268,3.5581302504918564,2.499188665439306
2025-05-02,2025,373.721631,478.30442,250.050153,453.208602,285.211576,282.5136,-0.00016203553964344586,0.0005253104779587847,0.0,0.2086842341127094,0,0,0,1.0,0.6375,0.6375,0.0,0.0,-0.00016203553964344586,3.7372163364407416,3.5575537069365963,2.500501515431657
2025-05-05,2025,375.478732,472.644734,250.181507,456.214188,281.743888,279.278118,0.004701630449643446,0.0005253106163867205,-0.01215830033490628,0.21430916129310912,0,0,0,1.0,0.6375,0.6375,0.0,0.0,0.004701630449643446,3.754787346565056,3.574280009771371,2.5018150554240046
2025-05-06,2025,372.748566,470.137515,250.31293,451.262778,281.796652,279.363844,-0.007271160167867996,0.000525310609788443,-0.011973300831239708,0.21427225242808165,0,0,0,1.0,0.6375,0.6375,0.0,0.0,-0.007271160167867996,3.7274856863718977,3.548290847335515,2.5031292854163474
2025-05-07,2025,372.690575,473.480926,250.444422,451.049679,281.547603,278.999591,-0.00015557672192345606,0.0005253104583931023,-0.012846508726560235,0.18161709539078413,0,0,0,1.0,0.6375,0.6375,0.0,0.0,-0.00015557672192345606,3.7269057763677953,3.5477388158770555,2.504444205408687
2025-05-08,2025,373.331328,481.837586,250.580328,452.071909,287.528997,285.063373,0.0017192626886257667,0.0005426593210369202,0.0,0.18358448331056176,0,0,0,1.0,0.6375,0.6375,0.0,0.0,0.0017192626886257667,3.733313306413128,3.5538383108521825,2.5058032654007687
2025-05-09,2025,370.617236,469.859342,250.716308,447.14518,288.11996,285.491937,-0.007269928335615017,0.0005426603160962884,0.0,0.17212152268522313,0,0,0,1.0,0.6375,0.6375,0.0,0.0,-0.007269928335615017,3.7061723862211067,3.528002161015924,2.507163065392846
2025-05-12,2025,370.253548,475.024071,250.852362,446.386187,288.2276,285.813327,-0.0009813035246961643,0.0005426611499081968,0.0,0.14181034366130854,0,0,0,1.0,0.6375,0.6375,0.0,0.0,-0.0009813035246961643,3.7025355061953764,3.5245401200601836,2.5085236053849194
2025-05-13,2025,373.501414,480.056946,250.988489,452.031231,293.293,290.5701,0.008772005069347832,0.0005426578363252332,0.0,0.13927074324489405,0,0,0,1.0,0.6375,0.6375,0.0,0.0,0.008772005069347832,3.7350141664251626,3.5554574038604714,2.5098848753769882
2025-05-14,2025,375.358891,478.696179,251.124691,455.21074,292.153285,289.927287,0.004973145831249859,0.0005426623369968464,-0.0038859263603291394,0.14081798338658816,0,0,0,1.0,0.6375,0.6375,0.0,0.0,0.004973145831249859,3.753588936556579,3.5731392120266667,2.5112468953690534
2025-05-15,2025,377.376678,485.592946,251.260966,458.674454,294.076026,291.555751,0.005375620635025724,0.0005426587065466837,0.0,0.1363993823157227,0,0,0,1.0,0.6375,0.6375,0.0,0.0,0.005375620635025724,3.773766806699337,3.592347052906657,2.5126096453611138
2025-05-16,2025,377.245116,488.495369,251.397315,458.326823,293.765771,291.641445,-0.00034862249754619157,0.0005426589022983208,-0.0010550162970444088,0.13612341734769204,0,0,0,1.0,0.6375,0.6375,0.0,0.0,-0.00034862249754619157,3.7724511866900285,3.59109467990502,2.5139731353531696
2025-05-19,2025,378.135478,492.23141,251.533739,459.791233,294.713423,292.305673,0.002360168395129092,0.0005426629158709062,0.0,0.12991426344148008,0,0,0,1.0,0.6375,0.6375,0.0,0.0,0.002360168395129092,3.7813548067530216,3.5995702680724477,2.5153373753452213
2025-05-20,2025,379.426223,489.195035,251.670236,461.96555,295.713839,293.205599,0.003413445907871182,0.0005426588120649445,0.0,0.12790015747328892,0,0,0,1.0,0.6375,0.6375,0.0,0.0,0.003413445907871182,3.7942622568443416,3.6118572064740944,2.5167023453372686
2025-05-21,2025,374.23953,484.54882,251.806807,452.653847,291.009349,288.384548,-0.013669832725293762,0.0005426585287582331,-0.015908927414114094,0.14550500690288107,0,0,0,1.0,0.6375,0.6375,0.0,0.0,-0.013669832725293762,3.742395326477384,3.5624837226339467,2.5180680553293118
2025-05-22,2025,372.26794,485.864915,251.943453,449.043183,289.726114,287.22751,-0.005268256936940885,0.000542662057583021,-0.020248375998392243,0.14197030474432468,0,0,0,1.0,0.6375,0.6375,0.0,0.0,-0.005268256936940885,3.722679426337894,3.5437156430494414,2.519434515321351
2025-05-23,2025,377.2962,487.040517,252.080172,457.844772,290.889045,288.127435,0.013507099214614016,0.0005426574827487318,-0.01631575314944933,0.12925370484212845,0,0,0,1.0,0.6375,0.6375,0.0,0.0,0.013507099214614016,3.7729620266936426,3.5915809618284897,2.5208017053133855
2025-05-26,2025,378.702328,486.738426,252.216966,460.22344,291.547547,289.284473,0.003726854391854495,0.0005426606897109831,-0.014088931428062113,0.1293061725770058,0,0,0,1.0,0.6375,0.6375,0.0,0.0,0.003726854391854495,3.787023306793126,3.604966261109781,2.5221696453054157
2025-05-27,2025,379.209206,490.209609,252.353834,461.007474,294.512917,292.391399,0.0013384602167008097,0.000542659766987974,-0.0040610950236927845,0.13310720806498752,0,0,0,1.0,0.6375,0.6375,0.0,0.0,0.0013384602167008097,3.7920920868289874,3.6097913650328253,2.5235383252974413
2025-05-28,2025,375.943611,485.730051,252.490777,455.101999,293.134706,290.784382,-0.008611592093046405,0.0005426626488267416,-0.008721718972374504,0.13498055059004235,0,0,0,1.0,0.6375,0.6375,0.0,0.0,-0.008611592093046405,3.759436136597947,3.5787053142561613,2.5249077552894628
2025-05-29,2025,375.591554,483.392162,252.627793,454.362822,292.38756,290.034428,-0.0009364622504517417,0.0005426574452658262,-0.011248303465432374,0.13561165908785727,0,0,0,1.0,0.6375,0.6375,0.0,0.0,-0.0009364622504517417,3.755915566573039,3.5753539918238695,2.52627791528148
2025-05-30,2025,373.904943,479.223374,252.764884,451.257116,289.20691,287.098954,-0.004490545599435847,0.0005426600073255017,-0.02200414096954051,0.14235158639816922,0,0,0,1.0,0.6375,0.6375,0.0,0.0,-0.004490545599435847,3.739049456453712,3.5592987016894595,2.5276488252734928
2025-06-02,2025,373.067757,479.465178,252.90205,449.657572,288.70037,286.263306,-0.0022390343205492824,0.0005426624055895335,-0.02371708075522294,0.13442333971484569,0,0,0,1.0,0.6375,0.6375,0.0,0.0,-0.0022390343205492824,3.730677596394481,3.55132930973929,2.529020485265501
2025-06-03,2025,376.241977,476.183065,253.039289,455.171094,290.302303,287.977431,0.008508427599118518,0.0005426567321220599,-0.01829990783759028,0.13520387837062783,0,0,0,1.0,0.6375,0.6375,0.0,0.0,0.008508427599118518,3.762419796619057,3.5815455380518344,2.530392875257505
2025-06-04,2025,374.498211,486.381577,253.176604,451.963853,289.154146,286.713253,-0.0046346928482144945,0.0005426627641211823,-0.022182570224587916,0.13636333763403455,0,0,0,1.0,0.6375,0.6375,0.0,0.0,-0.0046346928482144945,3.744982136495686,3.564946174561071,2.531766025249505
2025-06-05,2025,373.05854,483.528696,253.313993,449.295777,287.537439,285.513352,-0.0038442666953087956,0.000542660727055333,-0.027649703604165743,0.11627630261981046,0,0,0,1.0,0.6375,0.6375,0.0,0.0,-0.0038442666953087956,3.730585426393829,3.551241570711637,2.5331399152415006
2025-06-06,2025,371.199202,477.199214,253.451456,445.883477,287.254621,285.106236,-0.004984038161946369,0.0005426585336720802,-0.028606094420897343,0.11607337751594961,0,0,0,1.0,0.6375,0.6375,0.0,0.0,-0.004984038161946369,3.7119920462622815,3.53354204720092,2.534514545233492
2025-06-09,2025,372.183769,489.115645,253.588994,447.513999,286.404056,284.399144,0.002652395249491901,0.000542660129756678,-0.03148240552921833,0.11648618807428139,0,0,0,1.0,0.6375,0.6375,0.0,0.0,0.002652395249491901,3.7218377163319394,3.5429143973407955,2.5358899252254785
2025-06-10,2025,374.129899,485.458606,253.726606,450.849526,287.959556,285.727634,0.005228949143131656,0.000542657620227649,-0.026222252655547784,0.09834677976835075,0,0,0,1.0,0.6375,0.6375,0.0,0.0,0.005228949143131656,3.7412990164696285,3.5614401165429594,2.5372660452174607
2025-06-11,2025,371.248175,485.654481,253.864294,445.624116,289.420079,287.056091,-0.007702469136261159,0.0005426628376528075,-0.02128327852792855,0.09986683905132863,0,0,0,1.0,0.6375,0.6375,0.0,0.0,-0.007702469136261159,3.712481776265747,3.534008233964645,2.5386429252094387
2025-06-12,2025,371.624742,492.106022,254.002056,446.17633,290.838391,288.534552,0.001014326871775273,0.0005426600087368172,-0.01648704712801763,0.09846548903232573,0,0,0,1.0,0.6375,0.6375,0.0,0.0,0.001014326871775273,3.7162474462923893,3.5375928734814304,2.5400205452014126
2025-06-13,2025,368.309119,484.785242,254.139893,440.181393,289.599479,287.098954,-0.00892196515806798,0.0005426609617680267,-0.02067661094481288,0.0993431713759434,0,0,0,1.0,0.6375,0.6375,0.0,0.0,-0.00892196515806798,3.6830912160578095,3.5060305931207996,2.541398915193382
2025-06-16,2025,372.807838,495.734211,254.277804,448.042987,293.911401,291.555751,0.012214519727924422,0.0005426578187786024,-0.006095210173778787,0.11312053002399997,0,0,0,1.0,0.6375,0.6375,0.0,0.0,0.012214519727924422,3.728078406376093,3.54885507296718,2.5427780251853473
2025-06-17,2025,373.004011,495.576564,254.41579,448.275132,293.033398,290.07729,0.0005262040654843148,0.0005426584539796053,-0.009064306929511101,0.11276434093016388,0,0,0,1.0,0.6375,0.6375,0.0,0.0,0.0005262040654843148,3.730040136389972,3.55072249493439,2.5441578851773077
2025-06-18,2025,373.136801,507.426636,254.553852,448.394822,292.773796,290.162984,0.00035600153372072896,0.0005426628590938787,-0.009942189415085179,0.09691000519416842,0,0,0,1.0,0.6375,0.6375,0.0,0.0,0.00035600153372072896,3.731368036399367,3.5519865575884033,2.5455385051692643
2025-06-20,2025,371.621789,503.907511,254.69419,445.590679,289.394752,286.906087,-0.004060205254319049,0.0005513096694367281,-0.0213689255172127,0.10453315456412655,0,0,0,1.0,0.6375,0.6375,0.0,0.0,-0.004060205254319049,3.71621791629218,3.537564763104012,2.5469418851610874
2025-06-23,2025,369.522212,510.971905,254.834605,441.749903,288.202273,285.984746,-0.005649768291707824,0.0005513082179064988,-0.02540146929004572,0.10434032362574165,0,0,0,1.0,0.6375,0.6375,0.0,0.0,-0.005649768291707824,3.6952221461436356,3.517578341875564,2.548346035152907
2025-06-24,2025,371.326525,506.954683,254.975098,444.831543,289.498171,287.270373,0.004882826908386262,0.0005513105255072759,-0.021019198901949254,0.10540421254201544,0,0,0,1.0,0.6375,0.6375,0.0,0.0,0.004882826908386262,3.7132652762712905,3.534754068055631,2.5497509651447214
2025-06-25,2025,370.31078,501.977693,255.115668,442.912517,286.547575,284.013476,-0.0027354496154025076,0.0005513087399617866,-0.03099707484437353,0.10325470564630936,0,0,0,1.0,0.6375,0.6375,0.0,0.0,-0.0027354496154025076,3.703107826199427,3.5250849263996256,2.551156665136532
2025-06-26,2025,373.18844,506.694409,255.256316,447.897312,289.390531,287.034676,0.007770932296380817,0.0005513107097758763,-0.021383199451818657,0.10980932810454516,0,0,0,1.0,0.6375,0.6375,0.0,0.0,0.007770932296380817,3.7318844264030204,3.5524781227016695,2.552563145128338
2025-06-27,2025,373.184466,507.429023,255.397042,447.772255,288.867107,286.67039,-1.0648775723098858e-05,0.0005513125089526838,-0.023153234975925585,0.10966822835914102,0,0,0,1.0,0.6375,0.6375,0.0,0.0,-1.0648775723098858e-05,3.7318446864027393,3.5524402931588797,2.553970405120139
2025-06-30,2025,377.497644,518.428292,255.537845,455.302418,293.065057,291.084357,0.011557764036191243,0.000551310222300927,-0.008957247347493924,0.11499288074134287,0,0,0,1.0,0.6375,0.6375,0.0,0.0,0.011557764036191243,3.7749764667078964,3.593498559819868,2.5553784351119355
2025-07-01,2025,379.485793,530.073912,255.678725,458.709713,294.529802,292.519955,0.005266652737043298,0.0005513077720444848,-0.004003995903620883,0.11558830928772099,0,0,0,1.0,0.6375,0.6375,0.0,0.0,0.005266652737043298,3.7948579568485576,3.6124242688455044,2.5567872351037275
2025-07-02,2025,375.739583,524.981326,255.819683,451.948632,293.478731,291.212913,-0.009871805662037048,0.0005513090696147582,-0.0075583476497358415,0.11538639393050976,0,0,0,1.0,0.6375,0.6375,0.0,0.0,-0.009871805662037048,3.7573958565835137,3.576763118494635,2.5581968150955157
2025-07-03,2025,380.21587,536.237508,255.960719,459.767829,297.440296,295.519707,0.011913269728624831,0.000551310197659971,0.0,0.12270976214543862,0,0,0,1.0,0.6375,0.6375,0.0,0.0,0.011913269728624831,3.8021587269002106,3.619374062280659,2.559607175087299
2025-07-04,2025,382.217056,540.867167,256.101833,463.198046,298.601117,295.969686,0.005263288983702985,0.0005513111564590112,0.0,0.12009230006213822,0,0,0,1.0,0.6375,0.6375,0.0,0.0,0.005263288983702985,3.8221705870417946,3.638423873910561,2.5610183150790773
2025-07-07,2025,379.323057,542.850837,256.243025,457.947931,294.405277,292.369951,-0.007571611351639973,0.0005513119462912108,-0.014051655406231989,0.13258690319084937,0,0,0,1.0,0.6375,0.6375,0.0,0.0,-0.007571611351639973,3.7932305968370446,3.6108751424047822,2.5624302350708508
2025-07-08,2025,379.504996,543.148646,256.384294,458.152084,294.010598,291.727138,0.0004796412889818136,0.0005513086648896159,-0.015373415364685283,0.1320257400834624,0,0,0,1.0,0.6375,0.6375,0.0,0.0,0.0004796412889818136,3.7950499868499166,3.6126070672124375,2.5638429250626205
2025-07-09,2025,377.700973,531.661522,256.525641,454.834612,290.165115,287.356066,-0.004753621214514947,0.0005513091219231381,-0.028251742943078084,0.14050392333719433,0,0,0,1.0,0.6375,0.6375,0.0,0.0,-0.004753621214514947,3.7770097567222822,3.59543410161803,2.5652563950543854
2025-07-10,2025,377.495559,525.800191,256.667066,454.35177,288.607505,286.284721,-0.0005438535102739728,0.0005513094108200445,-0.033468099853089295,0.14080495267027923,0,0,0,1.0,0.6375,0.6375,0.0,0.0,-0.0005438535102739728,3.7749556167077496,3.5934787121609064,2.566670645046145
2025-07-11,2025,376.221995,517.145779,256.808569,451.97479,287.43402,286.049024,-0.0033737191594352955,0.0005513095318587791,-0.037398041615497424,0.14017460313738164,0,0,0,1.0,0.6375,0.6375,0.0,0.0,-0.0033737191594352955,3.762219976617645,3.581355324180666,2.568085675037901
2025-07-14,2025,374.866925,510.711262,256.950151,449.453216,285.559822,283.027824,-0.003601783037698314,0.0005513133792667269,-0.0436746356846347,0.1411937774074565,0,0,0,1.0,0.6375,0.6375,0.0,0.0,-0.003601783037698314,3.748669276521774,3.568456059322062,2.5695014950296526
2025-07-15,2025,376.210402,513.191989,257.09181,451.716711,285.456404,283.627775,0.00358387713186481,0.00055130926932212,-0.0440209773227338,0.12873999479096376,0,0,0,1.0,0.6375,0.6375,0.0,0.0,0.00358387713186481,3.7621040466168245,3.5812449673891305,2.5709180850213995
2025-07-16,2025,375.352756,501.444317,257.233547,450.077052,286.007266,283.692053,-0.002279697731483732,0.0005513088884472328,-0.04217616841667737,0.12913222526805876,0,0,0,1.0,0.6375,0.6375,0.0,0.0,-0.002279697731483732,3.7535275865561464,3.573080811361086,2.5723354550131416
2025-07-17,2025,376.287069,500.40421,257.375362,451.614875,286.121238,283.842057,0.0024891598238323542,0.0005513083408208441,-0.04179448196772817,0.12925162385365493,0,0,0,1.0,0.6375,0.6375,0.0,0.0,0.0024891598238323542,3.762870716622248,3.5819747805640323,2.5737536050048795
2025-07-18,2025,375.063143,488.739315,257.517256,449.325589,281.513834,279.192425,-0.003252639011094849,0.0005513115120940881,-0.05722444434124474,0.13501666891398403,0,0,0,1.0,0.6375,0.6375,0.0,0.0,-0.003252639011094849,3.750631456535656,3.570323909656012,2.5751725449966125
2025-07-21,2025,377.087258,492.606694,257.659228,452.795745,283.170642,281.120832,0.00539673129118956,0.0005513106275099044,-0.05167587835915566,0.13694649819367838,0,0,0,1.0,0.6375,0.6375,0.0,0.0,0.00539673129118956,3.770872606678862,3.5895919884189347,2.576592264988341
2025-07-22,2025,372.852339,493.913705,257.801278,445.167156,282.894156,281.013691,-0.011230607532222825,0.0005513095770046661,-0.05260181595368907,0.13548546168026582,0,0,0,1.0,0.6375,0.6375,0.0,0.0,-0.011230607532222825,3.728523416379242,3.54927868959619,2.578012764980065
2025-07-23,2025,375.480254,496.187084,257.943406,449.707856,285.705453,283.670638,0.0070481387002911955,0.0005513083608528202,-0.0431869248499831,0.1364437749437183,0,0,0,1.0,0.6375,0.6375,0.0,0.0,0.0070481387002911955,3.754802566565166,3.5742944980864517,2.5794340449717836
2025-07-24,2025,373.383292,483.868907,258.085613,445.870216,282.412943,280.220907,-0.005584746408528907,0.0005513108561496782,-0.05421337389035963,0.13676276698053,0,0,0,1.0,0.6375,0.6375,0.0,0.0,-0.005584746408528907,3.7338329464168063,3.554332969725239,2.5808561149634985
2025-07-25,2025,373.367809,485.022725,258.227898,445.723442,281.813537,279.513815,-4.1466772433884636e-05,0.0005513093052573748,-0.05622075419094963,0.1367862970824575,0,0,0,1.0,0.6375,0.6375,0.0,0.0,-4.1466772433884636e-05,3.733678116415711,3.554185583008829,2.5822789649552083
2025-07-28,2025,367.937553,484.068344,258.370262,435.974989,278.869273,276.942594,-0.014543985499296364,0.0005513114620947501,-0.06608094503544659,0.1270753590134903,0,0,0,1.0,0.6375,0.6375,0.0,0.0,-0.014543985499296364,3.6793755560315207,3.5024935594277404,2.583702604946914
2025-07-29,2025,371.061963,493.273759,258.512704,441.395822,280.129291,277.478267,0.00849168554425872,0.0005513095775704357,-0.06186120864377065,0.1267133921308288,0,0,0,1.0,0.6375,0.6375,0.0,0.0,0.00849168554425872,3.7106196562525726,3.5322356333551923,2.585127024938615
2025-07-30,2025,374.229262,523.415259,258.655225,446.892643,282.797069,280.542297,0.008535768458703519,0.0005513113970598837,-0.052926955393807096,0.13354936075081295,0,0,0,1.0,0.6375,0.6375,0.0,0.0,0.008535768458703519,3.742292646476659,3.562385978863094,2.5865522349303114
2025-07-31,2025,374.069095,530.776211,258.797824,446.489048,280.857443,278.292499,-0.00042799165181262033,0.0005513091800097847,-0.05942266451736011,0.12159716665235001,0,0,0,1.0,0.6375,0.6375,0.0,0.0,-0.00042799165181262033,3.740690976465327,3.560861307403606,2.5879782249220034
2025-08-01,2025,375.955401,526.397651,258.940502,449.714247,279.519333,277.628271,0.005042667317918914,0.0005513106632610842,-0.06390392705731229,0.11909256284864361,0,0,0,1.0,0.6375,0.6375,0.0,0.0,0.005042667317918914,3.759554036598783,3.5788175463420924,2.5894050049136905
2025-08-04,2025,375.767099,527.046067,259.083258,449.260631,280.646384,278.549611,-0.0005008626009871397,0.0005513081147885401,-0.060129490406427344,0.11459239173695787,0,0,0,1.0,0.6375,0.6375,0.0,0.0,-0.0005008626009871397,3.7576710165854608,3.577025050477373,2.5908325649053734
2025-08-05,2025,378.606414,522.111754,259.226093,454.175597,281.026289,278.89245,0.007556050030872896,0.0005513092629088057,-0.05885720782484538,0.11530881946618979,0,0,0,1.0,0.6375,0.6375,0.0,0.0,0.007556050030872896,3.7860641667863417,3.6040532307204654,2.5922609148970515
2025-08-06,2025,384.767109,521.078714,259.369007,464.980056,283.953668,281.74223,0.01627203019333967,0.0005513102417511462,-0.049053563989179594,0.11614887381367797,0,0,0,1.0,0.6375,0.6375,0.0,0.0,0.01627203019333967,3.8476711172222107,3.662698493709152,2.5936900548887256
2025-08-07,2025,387.483533,523.472013,259.512,469.676977,288.153729,286.091887,0.007059917379788283,0.0005513110515937836,-0.034987772667976924,0.1276921320885982,0,0,0,1.0,0.6375,0.6375,0.0,0.0,0.007059917379788283,3.874835357414397,3.688556842461814,2.5951199848803945
2025-08-08,2025,387.765259,526.098884,259.655072,470.056561,286.855721,284.784845,0.0007270657357199006,0.0005513116927156059,-0.03933473564333645,0.1278845035172493,0,0,0,1.0,0.6375,0.6375,0.0,0.0,0.0007270657357199006,3.8776526174343293,3.691238665756223,2.596550704872059
2025-08-11,2025,385.685622,523.241856,259.798222,466.248852,286.243651,283.906335,-0.005363133885080695,0.0005513083141315267,-0.04138452703778728,0.12588207757787231,0,0,0,1.0,0.6375,0.6375,0.0,0.0,-0.005363133885080695,3.8568562472871952,3.6714420585899856,2.5979822048637193
2025-08-12,2025,388.21546,526.590528,259.941451,470.614715,291.078998,289.47734,0.00655932670469106,0.0005513086228894348,-0.02519119511532164,0.13915241087658933,0,0,0,1.0,0.6375,0.6375,0.0,0.0,0.00655932670469106,3.8821546274661807,3.695524246529621,2.599414494855374
2025-08-13,2025,384.848818,524.200104,260.08476,464.524723,288.489312,286.391862,-0.008672096675387486,0.0005513126107772326,-0.03386392221700896,0.14344615366235047,0,0,0,1.0,0.6375,0.6375,0.0,0.0,-0.008672096675387486,3.848488207227991,3.6634763029974775,2.600847584847025
2025-08-14,2025,385.136296,529.518777,260.228147,464.914243,287.790709,285.749049,0.0007469894320943915,0.000551308734890732,-0.03620350824072771,0.14381384020178273,0,0,0,1.0,0.6375,0.6375,0.0,0.0,0.0007469894320943915,3.85136298724833,3.6662128810805448,2.6022814548386703
2025-08-15,2025,384.905586,523.945415,260.371614,464.384834,287.75905,286.17758,-0.0005990346856323825,0.0005513123835909628,-0.03630953262643011,0.13012993320804309,0,0,0,1.0,0.6375,0.6375,0.0,0.0,-0.0005990346856323825,3.8490558872320078,3.664016692399865,2.6037161248303122
2025-08-18,2025,388.35913,528.135272,260.515159,470.38837,289.829533,287.82746,0.008972444478891006,0.0005513081775494477,-0.02937559004509671,0.1308459398763302,0,0,0,1.0,0.6375,0.6375,0.0,0.0,0.008972444478891006,3.8835913274763456,3.6968918787421527,2.6051515748219485
2025-08-19,2025,384.654963,522.747141,260.658784,463.699605,283.729947,281.056554,-0.009537993866656325,0.0005513114881734449,-0.04980279427420897,0.15281191707666303,0,0,0,1.0,0.6375,0.6375,0.0,0.0,-0.009537993866656325,3.8465496572142763,3.6616309466770187,2.6065878248135808
2025-08-20,2025,384.393588,519.373158,260.802487,463.11562,284.225934,282.406459,-0.0006795050763455102,0.0005513069530775905,-0.04814175896066719,0.14859114738298604,0,0,0,1.0,0.6375,0.6375,0.0,0.0,-0.0006795050763455102,3.843935907195784,3.659142849861048,2.608024854805208
2025-08-21,2025,384.26228,521.296867,260.94627,462.762206,283.896683,282.042206,-0.0003415977896074063,0.0005513099267340227,-0.049244403864704855,0.1425635424501464,0,0,0,1.0,0.6375,0.6375,0.0,0.0,-0.0003415977896074063,3.8426228271864935,3.6578928947516776,2.609462684796831
2025-08-22,2025,389.981265,525.134332,261.090133,472.782617,291.192969,289.584448,0.014883024688241653,0.0005513127280951657,-0.024809512015321666,0.16819656431353544,0,0,0,1.0,0.6375,0.6375,0.0,0.0,0.014883024688241653,3.899812677591111,3.7123334050112105,2.610901314788449
2025-08-25,2025,391.187891,518.669809,261.234074,474.801529,291.313273,289.498755,0.0030940614544650025,0.0005513076972543107,-0.02440662001944216,0.16210833353837936,0,0,0,1.0,0.6375,0.6375,0.0,0.0,0.0030940614544650025,3.9118789376764798,3.7238195927057784,2.612340724780063
2025-08-26,2025,391.830173,521.615919,261.378095,475.819666,290.777185,289.134502,0.0016418759751437584,0.0005513101633134454,-0.026201951548627367,0.162491069894521,0,0,0,1.0,0.6375,0.6375,0.0,0.0,0.0016418759751437584,3.9183017577219217,3.7299336426308116,2.613780934771672
2025-08-27,2025,395.008524,519.218636,261.522196,481.33476,293.805872,291.834279,0.00811155245055617,0.0005513124579166195,-0.01605903235787276,0.16307501842135239,0,0,0,1.0,0.6375,0.6375,0.0,0.0,0.00811155245055617,3.9500852679467893,3.7601891950101054,2.6152219447632765
2025-08-28,2025,397.693694,522.831068,261.666375,485.975264,297.695677,296.355354,0.006797752040409,0.0005513069338098919,-0.0030322726488661855,0.16425845759904817,0,0,0,1.0,0.6375,0.6375,0.0,0.0,0.006797752040409,3.976936968136764,3.785750028782809,2.6166637347548765
2025-08-29,2025,398.338464,527.494437,261.810635,486.997613,298.482925,296.762471,0.0016212728784177344,0.0005513127164311626,-0.00039581901497032224,0.16171947879249507,0,0,0,1.0,0.6375,0.6375,0.0,0.0,0.0016212728784177344,3.983384668182381,3.791887762628944,2.618106334746471
2025-09-01,2025,397.011131,525.712103,261.954974,484.522911,297.856081,296.312492,-0.0033321738168875514,0.0005513106830057346,-0.0024950877862923715,0.16283078960997396,0,0,0,1.0,0.6375,0.6375,0.0,0.0,-0.0033321738168875514,3.9701113380884725,3.7792525335097356,2.6195497247380617
2025-09-02,2025,396.417007,528.911942,262.099392,483.348288,296.18872,294.341221,-0.0014964920467178677,0.0005513084855568451,-0.008078995230282437,0.16562566448624405,0,0,0,1.0,0.6375,0.6375,0.0,0.0,-0.0014964920467178677,3.9641700980464387,3.7735969121507997,2.620993904729648
2025-09-03,2025,395.085815,527.064418,262.24389,480.86661,295.194636,293.269877,-0.0033580597615480157,0.0005513099397040921,-0.011408132140376392,0.16430554140107365,0,0,0,1.0,0.6375,0.6375,0.0,0.0,-0.0033580597615480157,3.950858177952257,3.760924948203804,2.6224388847212294
2025-09-04,2025,397.333455,536.006497,262.388468,484.730941,297.577484,295.712541,0.005688991896608542,0.0005513112240669304,-0.003428095012785737,0.15900999440666103,0,0,0,1.0,0.6375,0.6375,0.0,0.0,0.005688991896608542,3.973334578111277,3.7823208197578886,2.623884664712806
2025-09-05,2025,399.95893,544.007666,262.533125,489.265194,301.053615,299.22655,0.006607737070617459,0.0005513085277817353,0.0,0.16105702074017472,0,0,0,1.0,0.6375,0.6375,0.0,0.0,0.006607737070617459,3.999589328297029,3.807313401251571,2.625331234704378
2025-09-08,2025,397.690859,535.732785,262.677862,485.122017,299.26384,297.405284,-0.005670759745256881,0.0005513094776137262,-0.005945037398072617,0.1630568538815188,0,0,0,1.0,0.6375,0.6375,0.0,0.0,-0.005670759745256881,3.976908618136563,3.7857230416781764,2.6267786046959456
2025-09-09,2025,392.833382,542.185322,262.822679,476.387173,298.896599,296.976753,-0.012214203294021453,0.0005513102584944196,-0.007164889881823844,0.15394576844730837,0,0,0,1.0,0.6375,0.6375,0.0,0.0,-0.012214203294021453,3.928333847792897,3.739483450832258,2.628226774687508
2025-09-10,2025,392.492234,541.209362,262.967576,475.660731,300.439435,298.176653,-0.0008684292517685543,0.0005513108707031478,-0.002040101727394883,0.14953483400023873,0,0,0,1.0,0.6375,0.6375,0.0,0.0,-0.0008684292517685543,3.9249223677687612,3.7362359740170508,2.629675744679066
2025-09-11,2025,395.390271,540.12806,263.112552,480.67803,302.132123,299.890811,0.007383679851357128,0.0005513075117671296,0.0,0.14905631017091414,0,0,0,1.0,0.6375,0.6375,0.0,0.0,0.007383679851357128,3.9539027379737965,3.7638231442983163,2.6311255046706195
2025-09-12,2025,395.720118,532.785663,263.257609,481.14128,300.27692,298.283795,0.000834231452295997,0.0005513115923105882,-0.006140369920215161,0.15195294047550156,0,0,0,1.0,0.6375,0.6375,0.0,0.0,0.000834231452295997,3.9572012079971337,3.7669630439461694,2.6325760746621683
2025-09-15,2025,394.884064,531.224393,263.402746,479.537059,302.967914,300.940708,-0.0021127407022556444,0.000551311700168089,0.0,0.1528537476682829,0,0,0,1.0,0.6375,0.6375,0.0,0.0,-0.0021127407022556444,3.948840667937983,3.7590044277993315,2.634027444653712
2025-09-16,2025,396.095468,537.838734,263.547962,481.563373,304.054865,302.354891,0.003067745980247949,0.0005513078439964847,0.0,0.12561626870958484,0,0,0,1.0,0.6375,0.6375,0.0,0.0,0.003067745980247949,3.960954708023689,3.770536098522447,2.6354796046452518
2025-09-17,2025,398.910862,535.528335,263.693259,486.433859,307.288278,305.54751,0.0071078672377034025,0.0005513114155670795,0.0,0.12791672108481664,0,0,0,1.0,0.6375,0.6375,0.0,0.0,0.0071078672377034025,3.989108648222878,3.7973365685257128,2.636932574636787
2025-09-18,2025,399.354011,535.409617,263.838636,487.097752,307.089884,305.397506,0.0011108973011619838,0.000551311021568468,-0.0006456282722245854,0.12765838618077932,0,0,0,1.0,0.6375,0.6375,0.0,0.0,0.0011108973011619838,3.9935401382542306,3.8015550194712917,2.638386344628317
2025-09-19,2025,398.407766,521.739322,263.984092,485.297866,307.860247,305.954593,-0.0023694390789530395,0.0005513066706424041,0.0,0.09849860886984714,0,0,0,1.0,0.6375,0.6375,0.0,0.0,-0.0023694390789530395,3.9840776881872837,3.7925474664473664,2.6398409046198426
2025-09-22,2025,398.098336,529.222862,264.12963,484.627132,306.264645,304.240468,-0.0007766665873676359,0.0005513135238468525,-0.005182877671114361,0.10223314329881676,0,0,0,1.0,0.6375,0.6375,0.0,0.0,-0.0007766665873676359,3.9809833881653915,3.789601921549171,2.6412962846113635
2025-09-23,2025,400.179327,527.445916,264.275247,488.195086,309.042173,307.111664,0.0052273290587177,0.0005513088402839816,0.0,0.10338211491672665,0,0,0,1.0,0.6375,0.6375,0.0,0.0,0.0052273290587177,4.001793298312621,3.8094114177946574,2.642752454602879
2025-09-24,2025,398.731118,529.296655,264.420944,485.504905,309.183582,307.304498,-0.0036189000837617558,0.0005513077810122002,0.0,0.09998559258389239,0,0,0,1.0,0.6375,0.6375,0.0,0.0,-0.0036189000837617558,3.9873112082101603,3.795625538495717,2.644209424594391
2025-09-25,2025,396.414686,528.404774,264.566722,481.2751,306.68043,304.861834,-0.005809508953349307,0.0005513103379586326,-0.008096005563451913,0.09846779172544927,0,0,0,1.0,0.6375,0.6375,0.0,0.0,-0.005809508953349307,3.9641468880462734,3.773574817946265,2.645667204585897
2025-09-26,2025,397.883487,531.73451,264.712581,483.7573,306.978023,305.204672,0.0037052133835424605,0.0005513127232985582,-0.007133493265499391,0.09839037159052637,0,0,0,1.0,0.6375,0.6375,0.0,0.0,0.0037052133835424605,3.9788348981501906,3.787556717865518,2.647125794577399
2025-09-29,2025,402.014447,525.604598,264.858519,490.960044,308.856442,307.368776,0.01038233587210935,0.0005513073819487513,-0.0010580768806798257,0.09881230344494518,0,0,0,1.0,0.6375,0.6375,0.0,0.0,0.01038233587210935,4.020144498442456,3.826880403845062,2.6485851745688964
2025-09-30,2025,403.981446,530.472456,265.004538,494.325527,308.645384,306.91883,0.0048928564997565704,0.0005513094332449953,-0.0017407069176138545,0.09539093765256082,0,0,0,1.0,0.6375,0.6375,0.0,0.0,0.0048928564997565704,4.039814488581621,3.845604780502806,2.650045364560389
2025-10-01,2025,405.792255,530.058905,265.150638,497.413983,307.125763,305.376091,0.004482406352889878,0.0005513113137707304,-0.006655654180240389,0.09672821083448095,0,0,0,1.0,0.6375,0.6375,0.0,0.0,0.004482406352889878,4.057922578709736,3.8628423438016357,2.6515063645518766
2025-10-02,2025,401.344873,513.379668,265.296818,489.405185,303.818479,302.097779,-0.010959750821266878,0.0005513092523652396,-0.01735248348342111,0.1038971704702589,0,0,0,1.0,0.6375,0.6375,0.0,0.0,-0.010959750821266878,4.013448758395084,3.820506554251731,2.6529681645433594
2025-10-03,2025,403.938483,517.200207,265.443079,493.881589,304.348236,302.590588,0.006462297576179665,0.000551310796347515,-0.01563907749797666,0.0961181230531563,0,0,0,1.0,0.6375,0.6375,0.0,0.0,0.006462297576179665,4.039384858578582,3.8451958044970507,2.6544307745348386
2025-10-06,2025,402.835457,521.735072,265.58942,491.802955,303.09666,301.412103,-0.002730678176062762,0.0005513084031096849,-0.019687080279702562,0.09468201852044851,0,0,0,1.0,0.6375,0.6375,0.0,0.0,-0.002730678176062762,4.028354598500543,3.8346958122310224,2.6558941845263124
2025-10-07,2025,396.6082,518.275645,265.735843,480.637835,298.343626,296.65533,-0.01545856227844411,0.0005513133768655365,-0.03505993406855612,0.11098764070498264,0,0,0,1.0,0.6375,0.6375,0.0,0.0,-0.01545856227844411,3.966082028059965,3.7754169281987604,2.6573584145177813
2025-10-08,2025,396.27349,521.035419,265.882345,479.921463,300.008876,298.262347,-0.0008439311138802585,0.0005513068856126679,-0.02967397537945604,0.11125978985666131,0,0,0,1.0,0.6375,0.6375,0.0,0.0,-0.0008439311138802585,3.962734928036284,3.772230736385183,2.658823434509246
2025-10-09,2025,395.123,519.522705,266.028929,477.758461,299.086551,297.298143,-0.002903272686749725,0.0005513115208910513,-0.03265707362171644,0.10964323517645039,0,0,0,1.0,0.6375,0.6375,0.0,0.0,-0.002903272686749725,3.951230027954887,3.761278921920118,2.660289274500706
2025-10-10,2025,392.525628,519.1344,266.175593,473.029744,296.916872,295.28401,-0.006573578354082121,0.0005513084631483256,-0.03967451932813171,0.11047365058559425,0,0,0,1.0,0.6375,0.6375,0.0,0.0,-0.006573578354082121,3.9252563077711233,3.7365538602153183,2.661755914492161
2025-10-13,2025,393.583557,525.377698,266.322339,474.782631,299.244845,297.298143,0.0026951845294544974,0.0005513127569138909,-0.032145099476853845,0.1092597167793499,0,0,0,1.0,0.6375,0.6375,0.0,0.0,0.0026951845294544974,3.935835597845972,3.746624562372844,2.6632233744836116
2025-10-14,2025,394.23129,539.559673,266.469165,475.808081,299.033787,297.276728,0.0016457318617097982,0.0005513093665041602,-0.03282772951378765,0.10813663627466555,0,0,0,1.0,0.6375,0.6375,0.0,0.0,0.0016457318617097982,3.9423129278917988,3.7527905017890055,2.6646916344750573
2025-10-15,2025,396.682365,532.4399,266.616072,480.031197,300.977634,298.883745,0.006217352762638351,0.0005513095670937052,-0.026540697752832076,0.10321769367842072,0,0,0,1.0,0.6375,0.6375,0.0,0.0,0.006217352762638351,3.9668236780652117,3.776122924182906,2.666160704466498
2025-10-16,2025,395.654024,532.893782,266.76306,478.084453,300.124958,298.176653,-0.0025923537084892034,0.0005513095999705175,-0.02929852853570991,0.1034052228389364,0,0,0,1.0,0.6375,0.6375,0.0,0.0,-0.0025923537084892034,3.9565402679924566,3.7663338779166895,2.6676305844579344
2025-10-17,2025,398.456844,533.011543,266.910129,482.931155,302.655548,300.833567,0.00708401742427367,0.0005513094654110429,-0.021113779579667313,0.10819336618794365,0,0,0,1.0,0.6375,0.6375,0.0,0.0,0.00708401742427367,3.9845684681907554,3.7930146527334836,2.6691012744493663
2025-10-20,2025,403.598073,536.527039,267.057279,491.924317,304.998295,302.697729,0.0129028502770554,0.0005513091636923928,-0.013536575819863561,0.11098655893725538,0,0,0,1.0,0.6375,0.6375,0.0,0.0,0.0129028502770554,4.035980758554497,3.841955352896381,2.670572774440793
2025-10-21,2025,403.466091,551.424629,267.204511,491.566817,304.103408,303.083398,-0.00032701345429864137,0.0005513124396059332,-0.016430930669533383,0.10576976036675165,0,0,0,1.0,0.6375,0.6375,0.0,0.0,-0.00032701345429864137,4.0346609385451595,3.8406989818051693,2.672045094432215
2025-10-22,2025,405.799641,548.223091,267.351823,495.581194,305.766548,304.004771,0.005783757426098157,0.000551308057819444,-0.01105179640489451,0.10802192162300875,0,0,0,1.0,0.6375,0.6375,0.0,0.0,0.005783757426098157,4.0579964387102585,3.8629126530625926,2.6735182144236327
2025-10-23,2025,407.687988,553.135088,267.499217,498.806056,307.556323,305.718896,0.004653397413922233,0.0005513109966710505,-0.005263083471230279,0.10640572685691752,0,0,0,1.0,0.6375,0.6375,0.0,0.0,0.004653397413922233,4.076879908843859,3.8808883208125615,2.674992154415045
2025-10-24,2025,410.528226,554.428382,267.646692,503.718769,308.508196,,0.006966695324857053,0.0005513100249561198,-0.002184417411918105,0.10688544290099082,0,0,0,1.0,0.6375,0.6375,0.0,0.0,0.006966695324857053,4.105282289044805,3.907925287333459,2.676466904406453
2025-10-27,2025,411.3281,556.095214,267.794248,505.013387,310.190331,308.547262,0.0019484019595767954,0.0005513088874642413,0.0,0.1064268628237134,0,0,0,1.0,0.6375,0.6375,0.0,0.0,0.0019484019595767954,4.113281029101396,3.915539496621179,2.677942464397856
2025-10-28,2025,412.927887,566.570304,267.941886,507.726363,311.161199,309.232938,0.0038893209581354338,0.0005513113186808027,0.0,0.10684946153881501,0,0,0,1.0,0.6375,0.6375,0.0,0.0,0.0038893209581354338,4.12927889921458,3.930768286447795,2.6794188443892546
2025-10-29,2025,413.779026,561.964458,268.089605,509.111749,313.702341,311.332765,0.002061229155976063,0.0005513098463447719,0.0,0.10824863899862451,0,0,0,1.0,0.6375,0.6375,0.0,0.0,0.002061229155976063,4.137790289274798,3.938870500645207,2.6808960343806483
2025-10-30,2025,416.734786,562.059495,268.237406,514.229037,314.012597,312.189827,0.007143329686314148,0.0005513119391555854,0.0,0.09881083154720655,0,0,0,1.0,0.6375,0.6375,0.0,0.0,0.007143329686314148,4.167347889483917,3.967007151223013,2.682374044372037
2025-10-31,2025,418.569847,559.223451,268.385287,517.359001,315.61664,313.711151,0.004403426499653973,0.0005513064050433059,0.0,0.09956301159085948,0,0,0,1.0,0.6375,0.6375,0.0,0.0,0.004403426499653973,4.185698499613748,3.9844755756370254,2.6838528543634212
2025-11-03,2025,417.896924,559.837754,268.533251,516.041676,317.545714,315.768114,-0.0016076719448927523,0.0005513118906552705,0.0,0.09806175585440739,0,0,0,1.0,0.6375,0.6375,0.0,0.0,-0.0016076719448927523,4.17896926956614,3.9780698460389634,2.685332494354801
2025-11-04,2025,418.553951,560.371635,268.681296,517.082586,318.07336,316.110953,0.0015722226277978812,0.0005513097519531662,0.0,0.0714901696602579,0,0,0,1.0,0.6375,0.6375,0.0,0.0,0.0015722226277978812,4.185539539612623,3.9843242574658664,2.6868129443461752
2025-11-05,2025,419.58876,561.389216,268.829423,518.793319,323.539771,322.21763,0.002472343165146773,0.0005513111712847074,0.0,0.08680781904935471,0,0,0,1.0,0.6375,0.6375,0.0,0.0,0.002472343165146773,4.195887629685836,3.9941748743115406,2.6882942143375455
2025-11-06,2025,421.774325,561.439867,268.977631,522.544533,323.634747,321.61768,0.005208826375616038,0.0005513087010566853,0.0,0.08405157633303643,0,0,0,1.0,0.6375,0.6375,0.0,0.0,0.005208826375616038,4.217743279840464,4.014979837745678,2.6897762943289103
2025-11-07,2025,423.239,561.302636,269.125921,525.017377,325.16492,323.117556,0.003472650925349763,0.0005513097853109272,0.0,0.07285351816291466,0,0,0,1.0,0.6375,0.6375,0.0,0.0,0.003472650925349763,4.2323900299440895,4.028922461194486,2.691259194320271
2025-11-10,2025,424.518648,561.998344,269.274293,527.16206,327.682846,326.224449,0.003023464283773425,0.0005513107003913831,0.0,0.07279648263254963,0,0,0,1.0,0.6375,0.6375,0.0,0.0,0.003023464283773425,4.245186510034625,4.041103764358,2.6927429143116264
2025-11-11,2025,424.502088,563.419526,269.422747,527.008204,332.94242,331.688313,-3.900888707242256e-05,0.000551311446577607,0.0,0.08060353265220223,0,0,0,1.0,0.6375,0.6375,0.0,0.0,-3.900888707242256e-05,4.245020910033453,4.040946125397608,2.694227454302977
2025-11-12,2025,428.622394,563.363365,269.571282,534.189877,332.697592,330.916944,0.009706209030472257,0.0005513083125086027,-0.0007353463701021967,0.08333594096783967,0,0,0,1.0,0.6375,0.6375,0.0,0.0,0.009706209030472257,4.286223970324963,4.0801683931715935,2.6957128042943235
2025-11-13,2025,429.823417,563.280505,269.719899,536.194932,331.703507,330.188437,0.002802053781632452,0.000551308725830868,-0.003721102886198868,0.08353154694172693,0,0,0,1.0,0.6375,0.6375,0.0,0.0,0.002802053781632452,4.298234200409936,4.091601244447377,2.697198974285665
2025-11-14,2025,431.747015,561.881494,269.868599,539.481209,332.921314,330.702662,0.004475321548151001,0.0005513126786393929,-6.339234273611272e-05,0.08266318234802555,0,0,0,1.0,0.6375,0.6375,0.0,0.0,0.004475321548151001,4.31747018054603,4.109912475663093,2.6986859742770015
2025-11-17,2025,428.711292,562.954094,270.01738,533.97342,331.346819,329.524176,-0.007031254170917545,0.0005513090465185666,-0.004792423266461676,0.08841031821869598,0,0,0,1.0,0.6375,0.6375,0.0,0.0,-0.007031254170917545,4.287112950331253,4.081014636426481,2.7001737842683333
2025-11-18,2025,428.239879,563.059765,270.166243,533.012664,330.352734,328.967089,-0.0010996048128353308,0.00055130895648281,-0.007778179782558237,0.0884809685510608,0,0,0,1.0,0.6375,0.6375,0.0,0.0,-0.0010996048128353308,4.2823988202979,4.076527133091015,2.7016624142596606
2025-11-19,2025,426.246943,562.413416,270.315189,529.353834,327.944558,325.688777,-0.00465378424039764,0.0005513124006391035,-0.015011190223222504,0.09714900695916956,0,0,0,1.0,0.6375,0.6375,0.0,0.0,-0.00465378424039764,4.2624694601569,4.057555855363483,2.7031518742509824
2025-11-21,2025,426.47842,562.438828,270.464216,529.639323,326.654992,325.581636,0.0005430584401868721,0.0005513082729511343,-0.01888443052705635,0.10020022757432775,0,0,0,1.0,0.6375,0.6375,0.0,0.0,0.0005430584401868721,4.2647842301732775,4.059759345317268,2.7046421442423
2025-11-24,2025,426.750202,563.243439,270.613326,529.996213,327.727168,326.438731,0.0006372702281161047,0.0005513113793949032,-0.015664125947063234,0.10020390389708417,0,0,0,1.0,0.6375,0.6375,0.0,0.0,0.0006372702281161047,4.267502050192506,4.062346509081355,2.706133244233612
2025-11-25,2025,431.849992,563.725852,270.762517,538.914181,329.061057,327.767188,0.011950293113159427,0.0005513069227049971,-0.011657760522074678,0.09988304072996285,0,0,0,1.0,0.6375,0.6375,0.0,0.0,0.011950293113159427,4.318499950553315,4.110892740592097,2.70762515422492
2025-11-26,2025,437.021367,564.503922,270.911792,547.959017,334.64355,333.702446,0.011974933647793229,0.000551313385818375,0.0,0.11155655788658708,0,0,0,1.0,0.6375,0.6375,0.0,0.0,0.011974933647793229,4.37021370091919,4.160120408393882,2.709117904216223
2025-11-27,2025,436.543236,564.852343,271.061148,546.985934,334.088466,332.802521,-0.0010940677873080284,0.000551308597154021,-0.001658732104652949,0.11175273743321298,0,0,0,1.0,0.6375,0.6375,0.0,0.0,-0.0010940677873080284,4.365432390885362,4.155568954663736,2.710611464207521
2025-11-28,2025,436.900487,565.227784,271.210587,547.494103,335.734721,333.938143,0.0008183633842857585,0.0005513110274291133,0.0,0.11160466335392204,0,0,0,1.0,0.6375,0.6375,0.0,0.0,0.0008183633842857585,4.369004900910637,4.158969720137108,2.7121058541988146
2025-12-01,2025,434.918728,564.878077,271.360108,543.854611,334.761742,333.188189,-0.004535950540151323,0.0005513095991347416,-0.0028980589112198585,0.11355535323660591,0,0,0,1.0,0.6375,0.6375,0.0,0.0,-0.004535950540151323,4.349187310770428,4.140104839188579,2.713601064190104
2025-12-02,2025,437.93479,565.334435,271.509711,549.077314,339.9981,338.480634,0.006934771500573422,0.0005513080058177078,0.0,0.1217895330771189,0,0,0,1.0,0.6375,0.6375,0.0,0.0,0.006934771500573422,4.379347930983814,4.1688155202367705,2.7150970941813877
2025-12-03,2025,438.448431,565.629776,271.659397,549.862591,341.397417,339.401975,0.001172870965560957,0.0005513099308629421,0.0,0.12162313118147516,0,0,0,1.0,0.6375,0.6375,0.0,0.0,0.001172870965560957,4.384484341020154,4.173705002921236,2.716593954172667
2025-12-04,2025,443.212133,566.355096,271.809166,558.184116,347.098102,345.594346,0.010864908306628118,0.0005513116853455013,0.0,0.12090900511805082,0,0,0,1.0,0.6375,0.6375,0.0,0.0,0.010864908306628118,4.432121361357185,4.21905192507689,2.7180916441639416
2025-12-05,2025,428.618423,565.576221,271.959017,532.18051,332.140398,330.359824,-0.03292714461857926,0.0005513095904940979,-0.04309359202430896,0.205141741040926,0,0,0,1.0,0.6375,0.6375,0.0,0.0,-0.03292714461857926,4.286184260324682,4.080130592186588,2.719590154155211
2025-12-08,2025,429.726736,565.979506,272.108951,534.020067,333.866855,332.652517,0.0025857801263946545,0.0005513110087465023,-0.03811961783645823,0.20525025410456135,0,0,0,1.0,0.6375,0.6375,0.0,0.0,0.0025857801263946545,4.297267390403095,4.0906809127849595,2.7210894941464754
2025-12-09,2025,427.23933,566.141181,272.258967,529.483533,333.432075,331.152641,-0.0057883435951725515,0.000551308582274368,-0.03937223200373474,0.2040514863310094,0,0,0,1.0,0.6375,0.6375,0.0,0.0,-0.0057883435951725515,4.2723933302271115,4.067002646123546,2.722589654137735
2025-12-10,2025,430.296878,566.303019,272.409066,534.779385,335.741053,334.259534,0.007156522785484176,0.000551309665403954,-0.03271999741444842,0.197561963825794,0,0,0,1.0,0.6375,0.6375,0.0,0.0,0.007156522785484176,4.302968810443432,4.096108243229154,2.7240906441289896
2025-12-11,2025,432.434114,566.411292,272.559248,538.443245,335.98166,334.66665,0.004966887070930737,0.0005513105793624185,-0.03202680146029724,0.1975094132536493,0,0,0,1.0,0.6375,0.6375,0.0,0.0,0.004966887070930737,4.324341170594642,4.116453150303582,2.7255924641202403
2025-12-12,2025,438.041473,567.164458,272.709513,548.260349,339.31005,337.473568,0.012966967263826845,0.0005513113244279833,-0.02243761044824155,0.1997231287021532,0,0,0,1.0,0.6375,0.6375,0.0,0.0,0.012966967263826845,4.3804147609913615,4.169831063546646,2.7270951141114854
2025-12-15,2025,438.856671,567.756605,272.85986,549.579799,342.931811,341.480386,0.00186100643488607,0.0005513082339743125,-0.012003208821925515,0.20239626216964907,0,0,0,1.0,0.6375,0.6375,0.0,0.0,0.00186100643488607,4.388566741049036,4.177591145988294,2.728598584102726
2025-12-16,2025,430.505661,567.408688,273.01029,534.645424,334.692093,332.459683,-0.019029014600532412,0.0005513086461306216,-0.03574208250784383,0.2210804720741931,0,0,0,1.0,0.6375,0.6375,0.0,0.0,-0.019029014600532412,4.305056640458203,4.098095703076228,2.7301028840939616
2025-12-17,2025,423.947932,567.651933,273.160804,522.890873,332.051753,330.724109,-0.015232619670476288,0.0005513125530909324,-0.04334898091721617,0.2228094434274731,0,0,0,1.0,0.6375,0.6375,0.0,0.0,-0.015232619670476288,4.239479349994245,4.035670969858055,2.7316080240851925
2025-12-18,2025,424.571954,567.949071,273.3114,523.871115,333.309661,331.816869,0.0014719307558741512,0.000551308964517494,-0.039724910394353,0.22123497432103198,0,0,0,1.0,0.6375,0.6375,0.0,0.0,0.0014719307558741512,4.245719570038395,4.041611198079178,2.7331139840764185
2025-12-19,2025,424.525908,568.541872,273.462079,523.663109,334.470482,332.759658,-0.00010845275945847721,0.0005513088733217764,-0.03638055041856725,0.22064939755966578,0,0,0,1.0,0.6375,0.6375,0.0,0.0,-0.00010845275945847721,4.245259110035138,4.041172874192088,2.73462077406764
2025-12-22,2025,420.385757,568.73188,273.612842,516.195258,333.771879,332.266848,-0.009752410682082546,0.0005513122717097918,-0.038393246529478176,0.22082529965552108,0,0,0,1.0,0.6375,0.6375,0.0,0.0,-0.009752410682082546,4.203857599742223,4.001761696685675,2.736128404058856
2025-12-23,2025,427.126375,569.726086,273.763687,528.021398,338.655769,337.323564,0.016034363409700436,0.0005513081875010428,-0.024322613553213746,0.22589278861434714,0,0,0,1.0,0.6375,0.6375,0.0,0.0,0.016034363409700436,4.271263780219121,4.065927398009352,2.7376368540500677
2025-12-26,2025,426.412054,570.89704,274.065628,526.501542,339.586536,338.159244,-0.0016723879437320344,0.0011029256776484697,-0.021641046023351485,0.21853053267865735,0,0,0,1.0,0.6375,0.6375,0.0,0.0,-0.0016723879437320344,4.264120570168583,4.059127590048831,2.7406562640324763
2025-12-29,2025,424.967832,571.083907,274.216723,523.813904,338.727529,337.280734,-0.00338691644959932,0.0005513095571401117,-0.024115870849676924,0.2186836083764367,0,0,0,1.0,0.6375,0.6375,0.0,0.0,-0.00338691644959932,4.249678350066404,4.045379664043073,2.7421672140236732
2025-12-30,2025,428.498882,571.71596,274.367901,529.948478,340.067749,338.544912,0.008308981843124563,0.0005513084626862508,-0.020254656996078868,0.21846649032335208,0,0,0,1.0,0.6375,0.6375,0.0,0.0,0.008308981843124563,4.284988850316225,4.078992650220152,2.743678994014865
