date,decision_year,strategy,mvo,cdi,equity_sleeve,IBOVESPA,BOVA11
2015-01-05,2015,99.055349,98.822538,100.043455,98.330215,97.948961,98.011006
2015-01-06,2015,98.814427,98.905421,100.086929,97.856606,98.946652,98.561158
2015-01-07,2015,99.924362,100.528579,100.130422,99.839084,101.96034,101.883206
2015-01-08,2015,100.608675,99.715933,100.173933,101.04769,102.949786,102.644943
2015-01-09,2015,99.34133,98.348553,100.217464,98.70781,100.676121,100.571309
2015-01-12,2015,97.892127,100.430495,100.261013,96.037265,99.233179,99.090147
2015-01-13,2015,97.50099,98.98349,100.304582,95.29046,99.031168,98.688111
2015-01-14,2015,97.924669,97.689551,100.348169,96.025122,98.214875,98.349558
2015-01-15,2015,97.991605,98.040755,100.391775,96.111146,98.998186,99.449855
2015-01-16,2015,99.554322,100.035423,100.435401,98.916756,101.04098,100.719425
2015-01-19,2015,97.621574,98.637017,100.479045,95.36696,98.445745,97.98985
2015-01-20,2015,98.074929,98.623516,100.522708,96.155519,98.691046,98.434198
2015-01-21,2015,99.213676,99.26261,100.56639,98.190226,101.467678,101.163781
2015-01-22,2015,99.922957,99.247431,100.611948,99.442555,101.919113,101.819722
2015-01-23,2015,99.192521,99.421368,100.65749,98.077228,100.542134,100.08464
2015-01-26,2015,98.818709,99.718698,100.703052,97.36029,100.133987,99.851884
2015-01-27,2015,98.673442,99.31683,100.748636,97.058874,100.162846,100.16928
2015-01-28,2015,98.561316,99.645715,100.79424,96.817695,98.315881,98.03217
2015-01-29,2015,99.443406,100.22279,100.839864,98.384168,98.453991,98.137966
2015-01-30,2015,98.492251,100.211816,100.885509,96.617448,96.693602,96.50868
2015-02-02,2015,99.619724,100.737382,100.931175,98.630035,98.225181,97.90521
2015-02-03,2015,100.358151,102.325576,100.976898,99.935221,100.931728,100.804065
2015-02-04,2015,101.204923,100.706543,101.022641,101.437379,101.626402,101.079141
2015-02-05,2015,100.727281,100.638352,101.068406,100.531496,101.488292,101.311898
2015-02-06,2015,100.270312,100.880363,101.114191,99.663183,100.577177,100.08464
2015-02-09,2015,100.462683,102.25234,101.159996,99.975472,101.795432,101.39653
2015-02-10,2015,99.896864,102.119495,101.205823,98.909215,99.995877,99.788408
2015-02-11,2015,99.080168,101.517879,101.25167,97.386801,99.439314,99.344059
2015-02-12,2015,100.209119,103.008729,101.297538,99.401912,102.104634,101.840886
2015-02-13,2015,100.997341,102.866418,101.343427,100.797498,104.378298,104.506985
2015-02-18,2015,101.989494,105.012437,101.389337,102.56385,105.705805,105.607282
2015-02-19,2015,101.960238,106.076719,101.435267,102.473078,105.734664,105.374526
2015-02-20,2015,102.078003,106.170608,101.481218,102.649599,105.619228,105.459166
2015-02-23,2015,102.505976,106.54808,101.52719,103.390118,105.707866,105.374526
2015-02-24,2015,102.824606,106.14341,101.573183,103.931815,106.930244,106.665259
2015-02-25,2015,103.196345,106.902343,101.619197,104.570056,106.800379,106.559463
2015-02-26,2015,103.82022,107.491538,101.665231,105.666709,106.697312,106.453667
2015-02-27,2015,103.836329,105.966888,101.711287,105.658317,106.330392,105.818875
2015-03-02,2015,102.84725,105.444782,101.757363,103.822293,105.171916,104.930178
2015-03-03,2015,102.703652,105.873467,101.80346,103.523491,105.755277,105.43801
2015-03-04,2015,101.92904,105.106052,101.849578,102.077371,104.031992,103.82988
2015-03-05,2015,101.967261,104.836232,101.897552,102.107613,103.819673,103.575968
2015-03-06,2015,101.54528,104.324377,101.945549,101.301105,103.028117,102.729583
2015-03-09,2015,100.063685,104.005346,101.993568,98.568007,101.37904,101.036821
2015-03-10,2015,99.795893,102.665882,102.04161,98.041806,99.548565,99.344059
2015-03-11,2015,101.102494,103.781184,102.089675,100.378118,100.81217,100.550153
2015-03-12,2015,101.231941,103.8628,102.137762,100.574131,100.758575,100.402036
2015-03-13,2015,100.577419,102.860004,102.185872,99.344728,100.173153,99.894204
2015-03-16,2015,100.67791,102.304245,102.234005,99.488059,100.692612,100.25392
2015-03-17,2015,101.768591,102.325932,102.28216,101.431716,103.654766,103.512484
2015-03-18,2015,103.497247,103.837741,102.330338,104.535307,106.212896,106.009311
2015-03-19,2015,102.65518,105.079122,102.378539,102.96484,105.033806,104.845537
2015-03-20,2015,103.532038,104.871955,102.426762,104.519673,107.121949,106.474823
2015-03-23,2015,103.930503,103.536454,102.475044,105.204651,107.00033,106.70758
2015-03-24,2015,103.640028,103.84444,102.523349,104.636992,106.171669,105.882359
2015-03-25,2015,103.995903,105.58341,102.571676,105.244498,106.897263,106.411347
2015-03-26,2015,102.577273,105.08007,102.620026,102.625609,104.262863,103.91452
2015-03-27,2015,102.307476,105.759008,102.668399,102.095492,103.26311,102.962339
2015-03-30,2015,103.247571,107.420943,102.716759,103.76519,105.629535,105.416846
2015-03-31,2015,103.242868,107.868837,102.765142,103.717052,105.43783,104.739741
2015-04-01,2015,105.312198,107.327938,102.813547,107.439866,107.853727,107.49048
2015-04-02,2015,105.947706,110.333039,102.861976,108.555712,109.504865,108.97165
2015-04-06,2015,106.974097,111.06994,102.910427,110.382235,110.770531,110.241219
2015-04-07,2015,106.602593,111.062172,102.958901,109.667113,110.75404,110.45282
2015-04-08,2015,106.316365,111.76204,103.007397,109.10702,110.613869,110.49514
2015-04-09,2015,106.16172,111.260187,103.055917,108.786149,110.90658,110.600936
2015-04-10,2015,106.793075,111.337316,103.104459,109.894351,111.753793,111.405001
2015-04-13,2015,104.969828,111.578154,103.153025,106.539621,111.807388,111.320361
2015-04-14,2015,104.108351,114.268204,103.201613,104.933545,111.275561,111.151081
2015-04-15,2015,104.812439,113.314415,103.250224,106.173932,113.207042,112.67457
2015-04-16,2015,104.988495,113.153445,103.298858,106.454242,112.702012,112.209058
2015-04-17,2015,104.583633,112.224652,103.347515,105.67832,111.219904,110.981808
2015-04-20,2015,104.155342,112.61975,103.396195,104.85978,110.820003,110.53746
2015-04-22,2015,104.720611,112.459983,103.444897,105.847694,112.584515,112.209058
2015-04-23,2015,105.89002,112.77135,103.493623,107.934026,114.786032,114.346176
2015-04-24,2015,106.770505,113.566529,103.542372,109.495022,116.659796,116.33517
2015-04-27,2015,106.045486,113.107248,103.591179,108.136873,114.47683,114.176896
2015-04-28,2015,106.546864,111.708523,103.640046,109.008486,115.047823,114.684728
2015-04-29,2015,106.818587,113.921591,103.688937,109.462527,114.043948,113.584431
2015-04-30,2015,106.571337,117.213775,103.739637,108.9715,115.907404,115.573425
2015-05-04,2015,107.380588,118.323875,103.790363,110.401363,118.226418,118.133736
2015-05-05,2015,108.20888,118.55936,103.841186,111.865765,119.665237,119.382142
2015-05-06,2015,108.446311,119.65148,103.892034,112.255855,117.70902,117.287351
2015-05-07,2015,108.414643,120.496289,103.942907,112.156655,117.333856,117.054595
2015-05-08,2015,106.602393,122.491431,103.993804,108.820011,117.803842,117.435468
2015-05-11,2015,106.587219,123.491778,104.044727,108.750757,117.902787,117.477788
2015-05-12,2015,106.011751,121.345392,104.095675,107.662767,117.067942,116.758363
2015-05-13,2015,104.924911,121.546926,104.146647,105.644989,116.202177,115.890822
2015-05-14,2015,105.585665,122.655581,104.197645,106.804636,116.78966,116.525607
2015-05-15,2015,106.364307,125.330885,104.248667,108.178603,118.009977,117.625904
2015-05-18,2015,105.438737,125.440741,104.299714,106.453982,115.855871,115.298357
2015-05-19,2015,105.223444,123.706808,104.350787,106.020753,114.402622,114.11342
2015-05-20,2015,104.564792,124.062237,104.401884,104.781398,113.169937,112.865006
2015-05-21,2015,104.009255,125.398089,104.453007,103.729503,113.604881,113.309355
2015-05-22,2015,103.204517,124.182788,104.504154,102.224495,112.089792,111.997465
2015-05-25,2015,103.785717,126.22555,104.555327,103.239354,112.568024,112.145582
2015-05-26,2015,102.822025,123.89171,104.606525,101.445297,110.549967,110.53746
2015-05-27,2015,103.672334,123.447338,104.657747,102.949404,111.799142,111.405001
2015-05-28,2015,103.108189,122.73739,104.708995,101.881757,111.263193,110.854848
2015-05-29,2015,101.707958,120.663595,104.760268,99.293931,108.756596,108.654254
2015-06-01,2015,102.405004,121.910962,104.811566,100.519315,109.315221,108.88701
2015-06-02,2015,103.204383,122.547133,104.862889,101.930742,111.799142,111.341517
2015-06-03,2015,102.269749,122.899722,104.914237,100.189394,110.329403,110.114267
2015-06-05,2015,101.503226,123.642671,104.967484,98.752151,109.195663,108.696574
2015-06-08,2015,101.201453,123.457144,105.020758,98.159884,108.859664,108.442661
2015-06-09,2015,100.923214,123.030119,105.074059,97.610385,108.872032,108.654254
2015-06-10,2015,102.145801,122.548455,105.127388,99.789638,111.057058,110.770208
2015-06-11,2015,101.185074,122.756884,105.180743,97.999207,110.671586,110.198907
2015-06-12,2015,100.715958,123.709107,105.234125,97.102593,109.968668,109.458319
2015-06-15,2015,100.602802,124.775885,105.287535,96.853156,109.535785,109.246726
2015-06-16,2015,101.029543,125.348275,105.340971,97.585329,110.698384,110.4105
2015-06-17,2015,100.797191,125.286066,105.394435,97.119127,109.764594,109.267882
2015-06-18,2015,102.159501,126.062387,105.447926,99.552288,111.805327,111.320361
2015-06-19,2015,101.343601,125.752277,105.501444,98.025047,110.795267,110.49514
2015-06-22,2015,102.011389,128.20986,105.554989,99.195397,111.032322,110.664412
2015-06-23,2015,101.749071,128.775098,105.608561,98.674623,110.842678,110.579772
2015-06-24,2015,100.625669,128.239471,105.662161,96.588219,110.989034,110.558616
2015-06-25,2015,99.68014,128.420512,105.715788,94.8252,109.614116,109.310202
2015-06-26,2015,100.778375,129.964865,105.769442,96.778093,111.347708,110.833692
2015-06-29,2015,100.227758,126.356749,105.823123,95.73305,109.280178,108.992806
2015-06-30,2015,100.849332,130.221397,105.876831,96.819241,109.418288,108.88701
2015-07-01,2015,100.771906,131.745187,105.930567,96.634501,108.752474,108.421505
2015-07-02,2015,101.637215,134.263679,105.98433,98.163802,109.469822,109.01397
2015-07-03,2015,101.030598,135.679481,106.03812,97.016853,108.259812,107.680917
2015-07-06,2015,100.567063,135.12728,106.091938,96.130029,107.497114,107.173092
2015-07-07,2015,100.286888,138.361184,106.145782,95.576564,107.899077,107.342364
2015-07-08,2015,99.838554,134.755597,106.199655,94.717334,106.7406,106.263231
2015-07-10,2015,101.036421,133.505452,106.307481,96.807054,108.408229,107.913673
2015-07-13,2015,100.969709,134.325575,106.361435,96.641614,109.496619,108.97165
2015-07-14,2015,101.362327,134.931508,106.415417,97.311299,109.743981,109.394843
2015-07-15,2015,101.008985,136.349979,106.469426,96.624669,109.049307,108.675418
2015-07-16,2015,100.982652,136.10967,106.523462,96.53258,109.395613,109.01397
2015-07-17,2015,100.205556,134.402243,106.577526,95.075442,107.894954,107.40584
2015-07-20,2015,100.195182,134.2419,106.631617,95.012325,106.365435,106.030475
2015-07-21,2015,99.590204,137.203991,106.685736,93.868085,106.105706,105.649602
2015-07-22,2015,99.031356,137.300907,106.739882,92.807697,104.955475,104.443509
2015-07-23,2015,97.147728,133.223696,106.794056,89.338595,102.669443,102.073642
2015-07-24,2015,96.309778,133.731402,106.848257,87.770702,101.513028,101.100297
2015-07-27,2015,96.315425,132.052661,106.902486,87.736602,100.461741,100.190436
2015-07-28,2015,96.97251,131.59559,106.956742,88.88691,102.246867,101.946682
2015-07-29,2015,97.417157,133.069065,107.011026,89.650946,103.572312,103.13162
2015-07-30,2015,97.058869,133.051236,107.067165,88.95358,102.854964,102.475671
2015-07-31,2015,97.959829,136.141216,107.123333,90.545734,104.850346,104.464665
2015-08-03,2015,97.715754,134.135389,107.179531,90.055981,103.351748,103.025815
2015-08-04,2015,97.115867,134.322726,107.235759,88.919272,103.18684,102.814223
2015-08-05,2015,97.174655,134.580809,107.292016,88.980132,103.658889,103.216252
2015-08-06,2015,96.137558,133.079225,107.348302,87.048449,103.089957,102.708427
2015-08-07,2015,95.206962,131.974597,107.404618,85.310379,100.133987,99.555652
2015-08-10,2015,95.917977,134.554571,107.460964,86.557033,101.733592,101.311898
2015-08-11,2015,95.765313,133.526879,107.517339,86.233336,101.154354,101.883206
2015-08-12,2015,95.782167,130.489867,107.573744,86.217832,99.744393,99.322895
2015-08-13,2015,95.351035,131.077457,107.630178,85.38778,98.965204,98.413034
2015-08-14,2015,95.088992,129.707916,107.686642,84.865142,97.930409,97.545493
2015-08-17,2015,95.84338,129.75745,107.743135,86.190535,97.330557,97.058825
2015-08-18,2015,96.127445,129.943162,107.799658,86.660769,97.812912,97.418541
2015-08-19,2015,95.246002,126.405847,107.856211,85.011876,96.033971,95.535343
2015-08-20,2015,95.395743,124.665166,107.912794,85.237836,96.159713,95.577655
2015-08-21,2015,94.893566,123.35017,107.969406,84.278469,94.244723,93.736777
2015-08-24,2015,93.573471,120.967005,108.026048,81.831952,91.391821,90.774446
2015-08-25,2015,93.656331,118.29343,108.082719,81.93624,91.822642,91.112998
2015-08-26,2015,94.867093,126.056661,108.13942,84.091234,94.900231,94.498522
2015-08-27,2015,95.991557,125.577247,108.196151,86.089298,98.357108,97.968686
2015-08-28,2015,94.98753,127.331457,108.252912,84.217354,97.200693,96.910709
2015-08-31,2015,93.763873,126.523037,108.309703,81.946057,96.112302,95.937371
2015-09-01,2015,92.978091,124.358681,108.366523,80.470873,93.743816,93.461701
2015-09-02,2015,93.529076,124.453022,108.423373,81.42615,95.778364,95.408383
2015-09-03,2015,94.545148,127.328753,108.480253,83.227016,97.637698,96.953029
2015-09-04,2015,93.320039,125.558133,108.537163,80.952982,95.84845,95.429539
2015-09-08,2015,92.87975,125.533723,108.594103,80.105869,96.392645,95.937371
2015-09-09,2015,93.025328,124.738974,108.651072,80.323946,96.176204,96.699116
2015-09-10,2015,92.225528,126.355527,108.708072,78.823128,95.860818,95.493023
2015-09-11,2015,92.314147,126.345325,108.765101,78.937593,95.648499,94.964034
2015-09-14,2015,93.33226,128.299978,108.82216,80.742023,97.464545,97.545493
2015-09-15,2015,93.728057,130.736073,108.87925,81.414944,97.633575,97.122309
2015-09-16,2015,94.946971,133.155943,108.936369,83.584418,100.084515,99.640292
2015-09-17,2015,95.132619,132.24717,108.993518,83.875201,100.080392,99.703768
2015-09-18,2015,93.651012,129.29324,109.050697,81.134587,97.427441,96.889553
2015-09-21,2015,93.426834,127.252884,109.107906,80.680183,96.038094,95.662295
2015-09-22,2015,93.523645,127.987642,109.165145,80.809371,95.368156,95.090987
2015-09-23,2015,92.943881,126.964943,109.222414,79.708398,93.461412,92.869236
2015-09-24,2015,92.915432,126.956531,109.279713,79.609793,93.362467,93.101992
2015-09-25,2015,92.666319,125.270798,109.337043,79.109953,92.412187,92.80576
2015-09-28,2015,91.942473,124.637977,109.394402,77.746939,90.610571,90.457049
2015-09-29,2015,92.453281,124.324612,109.451791,78.628726,90.971306,90.880242
2015-09-30,2015,93.243505,125.554886,109.509211,80.018518,92.882173,91.895899
2015-10-01,2015,93.474357,126.830528,109.56666,80.391245,93.405755,93.165468
2015-10-02,2015,95.32859,129.757979,109.62414,83.715548,96.95127,96.191284
2015-10-05,2015,95.905426,128.93698,109.68165,84.717288,98.11593,97.608977
2015-10-06,2015,96.610008,129.010288,109.73919,85.951268,98.398334,97.735929
2015-10-07,2015,97.334295,131.792689,109.79676,87.22105,100.828661,100.507833
2015-10-08,2015,97.395636,132.032164,109.854361,87.285452,101.226501,100.698269
2015-10-09,2015,97.597604,130.54275,109.911992,87.605513,101.702672,101.121461
2015-10-13,2015,95.958395,129.127746,109.969653,84.577957,97.631514,97.185785
2015-10-14,2015,95.315336,127.075416,110.027344,83.361555,96.285455,95.852731
2015-10-15,2015,95.502305,128.102786,110.085065,83.654273,97.215122,96.889553
2015-10-16,2015,95.3489,129.162811,110.142817,83.328103,97.369723,97.016505
2015-10-19,2015,95.992288,129.046865,110.200599,84.450624,97.804667,97.333901
2015-10-20,2015,95.79132,130.647719,110.258411,84.037927,97.041969,96.38172
2015-10-21,2015,95.67952,130.77712,110.316254,83.787328,96.93684,96.402884
2015-10-22,2015,96.556099,134.358922,110.374166,85.333726,98.474604,97.968686
2015-10-23,2015,95.98525,133.055351,110.432108,84.248411,98.113869,97.249261
2015-10-26,2015,95.8991,131.62941,110.49008,84.044343,97.314067,96.868389
2015-10-27,2015,95.882825,131.774279,110.548083,83.967295,96.971883,96.38172
2015-10-28,2015,95.231833,131.779815,110.606116,82.736192,96.349357,97.460861
2015-10-29,2015,94.485281,126.351581,110.66418,81.331317,94.055079,93.482865
2015-10-30,2015,94.625859,125.373376,110.722274,81.539381,94.551863,93.948377
2015-11-03,2015,97.097031,127.966849,110.780399,85.984866,99.055904,98.666955
2015-11-04,2015,97.143753,128.073044,110.838554,86.022234,98.346801,97.714773
2015-11-05,2015,97.839085,129.667756,110.89674,87.238867,99.041474,98.286082
2015-11-06,2015,96.704711,128.542533,110.954956,85.128736,96.716276,96.3394
2015-11-09,2015,95.875211,126.335621,111.013203,83.572899,95.223862,94.710114
2015-11-10,2015,96.031483,124.679814,111.071481,83.809347,95.190881,95.069831
2015-11-11,2015,97.037345,126.90554,111.129789,85.590481,97.017233,96.868389
2015-11-12,2015,96.904297,126.406601,111.188128,85.300844,96.644129,95.916215
2015-11-13,2015,96.201715,127.913981,111.246497,83.975666,95.887615,95.683459
2015-11-16,2015,96.538967,128.755678,111.304897,84.541069,96.567859,96.148964
2015-11-17,2015,97.001728,130.58646,111.363328,85.334645,97.394459,97.101145
2015-11-18,2015,96.965368,129.737069,111.421789,85.220704,97.781992,97.503181
2015-11-19,2015,97.924843,130.315257,111.480281,86.917348,99.231118,98.815071
2015-11-23,2015,97.86345,130.609399,111.597357,86.709935,99.253793,98.307238
2015-11-24,2015,97.872125,131.391146,111.655941,86.677775,99.530013,99.005507
2015-11-25,2015,96.281186,131.104357,111.714556,83.7372,96.609086,96.085488
2015-11-26,2015,96.916804,131.124408,111.773202,84.844887,97.184202,96.59332
2015-11-27,2015,95.678887,126.978603,111.831878,82.546121,94.560109,94.350406
2015-11-30,2015,94.73743,125.599612,111.890585,80.786348,93.007916,92.467208
2015-12-01,2015,94.519113,127.267893,111.949323,80.341349,92.857437,92.107491
2015-12-02,2015,94.415614,125.837906,112.008092,80.105085,92.58534,91.959375
2015-12-03,2015,96.082049,126.495917,112.066892,83.086857,95.632009,95.154471
2015-12-04,2015,95.555145,124.679687,112.125723,82.080718,93.5047,93.313585
2015-12-07,2015,95.477313,126.735388,112.184584,81.891044,93.220234,92.996196
2015-12-08,2015,94.959099,124.696343,112.243477,80.900652,91.612385,91.091834
2015-12-09,2015,97.22254,127.968025,112.3024,84.967791,95.044525,94.477366
2015-12-10,2015,96.675779,125.923403,112.361354,83.925443,94.061263,93.779097
2015-12-11,2015,96.555923,125.577571,112.42034,83.659264,93.302688,92.932712
2015-12-14,2015,95.374042,123.763011,112.479356,81.462102,92.239034,91.895899
2015-12-15,2015,95.835099,121.669692,112.538403,82.252076,92.496702,92.044015
2015-12-16,2015,96.133955,121.048235,112.597481,82.747114,92.793536,92.551848
2015-12-17,2015,96.668203,123.405413,112.65659,83.670112,93.298565,92.551848
2015-12-18,2015,94.59526,118.4348,112.71573,79.852738,90.515749,90.097341
2015-12-21,2015,94.301751,117.927966,112.774902,79.270672,89.050132,88.764287
2015-12-22,2015,93.774114,118.135166,112.834104,78.262894,89.606695,89.356752
2015-12-23,2015,94.122478,119.962563,112.893337,78.84782,90.730129,90.457049
2015-12-28,2015,94.087237,120.523162,113.011897,78.686741,90.212731,89.928061
2015-12-29,2015,93.965955,119.558446,113.071224,78.417689,89.985983,89.758781
2015-12-30,2015,93.700132,118.87122,113.130582,77.885808,89.359334,89.14516
2016-01-05,2016,93.074859,121.428108,113.189971,77.012832,89.948829,89.318683
2016-01-06,2016,92.185999,121.89051,113.249391,75.636013,88.578996,87.843774
2016-01-07,2016,90.490747,121.261968,113.308843,73.040462,86.293114,85.609725
2016-01-08,2016,90.07001,121.594049,113.368325,72.37109,86.117113,85.327755
2016-01-11,2016,89.604231,121.566573,113.427839,71.633627,84.713353,83.982989
2016-01-12,2016,90.260163,122.168185,113.487384,72.591408,83.788821,83.245534
2016-01-13,2016,88.836476,121.815709,113.54696,70.406206,82.580145,81.879073
2016-01-14,2016,88.856199,121.928911,113.606568,70.402439,83.759135,83.006945
2016-01-15,2016,87.699178,121.793282,113.666207,68.620219,81.784964,81.293447
2016-01-18,2016,87.442284,120.772895,113.725877,68.198361,80.444817,79.710091
2016-01-19,2016,87.303359,121.198581,113.785579,67.954772,80.699276,79.926986
2016-01-20,2016,86.006319,120.033375,113.845312,65.960886,79.825636,79.167846
2016-01-21,2016,85.427675,121.032808,113.905036,65.052731,79.978311,79.384741
2016-01-22,2016,86.2111,122.578948,113.964792,66.203074,80.644143,79.948681
2016-01-26,2016,85.417393,122.223962,114.084397,64.93616,79.511804,79.059398
2016-01-27,2016,87.454298,123.250057,114.144247,67.980856,81.37571,81.293447
2016-01-28,2016,88.354977,124.116093,114.204128,69.308336,81.914313,81.119933
2016-01-29,2016,91.663744,127.202002,114.264041,74.275183,85.680294,85.002405
2016-02-01,2016,94.240322,128.096069,114.323985,78.135443,86.028053,85.240994
2016-02-02,2016,90.593999,127.522883,114.38396,72.59091,81.842217,81.380208
2016-02-03,2016,91.437547,128.876253,114.443967,73.831978,83.947858,83.288915
2016-02-04,2016,92.224168,129.442525,114.504006,74.986993,86.562415,85.935068
2016-02-05,2016,92.529288,128.871655,114.564076,75.414289,86.074704,85.349441
2016-02-10,2016,92.803391,129.623398,114.624177,75.794691,85.618799,84.937338
2016-02-11,2016,90.836317,128.508,114.68431,72.787947,83.373206,82.855117
2016-02-12,2016,91.625018,128.165912,114.744475,73.946035,84.412244,84.004675
2016-02-15,2016,91.587542,128.334322,114.804671,73.855489,85.016582,84.698748
2016-02-16,2016,93.92743,129.633331,114.864899,77.357875,86.829596,86.195351
2016-02-17,2016,94.144199,130.133356,114.925158,77.651539,88.277887,87.409976
2016-02-18,2016,94.412752,130.899073,114.985449,78.023446,87.953453,87.193081
2016-02-19,2016,93.932178,131.825157,115.045771,77.263168,88.091284,87.301529
2016-02-22,2016,95.581234,132.337487,115.106125,79.721416,91.679144,91.010486
2016-02-23,2016,94.022641,131.655681,115.166511,77.331876,90.165118,89.600653
2016-02-24,2016,93.822437,131.607205,115.226929,76.995272,89.240587,88.66799
2016-02-25,2016,95.111087,131.522229,115.287378,78.90878,88.822851,88.060669
2016-02-26,2016,93.555016,131.804642,115.347859,76.522995,88.197309,87.301529
2016-02-29,2016,95.22489,133.122343,115.408372,79.012618,90.74401,89.904309
2016-03-01,2016,97.33895,133.62177,115.468916,82.173529,93.560014,92.723984
2016-03-02,2016,98.436676,134.233982,115.529492,83.798418,95.194907,94.35072
2016-03-03,2016,102.012845,134.524905,115.5901,89.169001,100.072021,99.122483
2016-03-04,2016,103.536908,134.535477,115.65074,91.438186,104.083978,99.122483
2016-03-07,2016,102.845385,134.683142,115.711411,90.358901,104.425376,103.612275
2016-03-08,2016,104.108147,135.482266,115.772115,92.23314,104.120026,103.460447
2016-03-09,2016,104.796728,135.43386,115.83285,93.239592,103.193374,102.484403
2016-03-10,2016,106.339382,136.992019,115.893617,95.536802,105.114533,105.412526
2016-03-11,2016,107.638252,136.681789,115.954416,97.46556,105.258726,105.108869
2016-03-14,2016,106.432047,135.595681,116.015247,95.608336,103.621712,102.224128
2016-03-15,2016,103.426613,134.379929,116.076109,91.031892,99.938431,99.252616
2016-03-16,2016,104.448894,134.767464,116.137004,92.54258,101.280697,100.423868
2016-03-17,2016,108.733044,137.122914,116.197931,98.982968,107.962344,107.47306
2016-03-18,2016,108.083184,138.6542,116.258889,97.966487,107.752416,106.71392
2016-03-21,2016,110.501707,140.388092,116.31988,101.587285,108.509429,107.820097
2016-03-22,2016,110.119964,140.408041,116.380903,100.975978,108.16591,107.516441
2016-03-23,2016,109.072853,141.041935,116.441957,99.35907,105.366871,104.544938
2016-03-24,2016,109.122184,140.340225,116.503044,99.399216,105.296895,104.935355
2016-03-28,2016,110.725575,141.683887,116.564162,101.788021,107.801187,107.364613
2016-03-29,2016,111.361557,140.834131,116.625313,102.714746,108.473381,107.689963
2016-03-30,2016,111.762499,141.268033,116.686496,103.286231,108.672706,107.75503
2016-03-31,2016,109.533758,140.525866,116.747711,99.883417,106.140848,105.499287
2016-04-01,2016,111.064911,140.90538,116.808958,102.162974,107.215933,106.540397
2016-04-04,2016,108.256108,139.026416,116.870237,97.883466,103.43723,102.657926
2016-04-05,2016,107.922048,137.988666,116.931548,97.34406,104.018243,102.722992
2016-04-06,2016,106.427835,137.668786,116.992892,95.051278,101.986819,101.55174
2016-04-07,2016,106.263909,140.121071,117.054267,94.768961,102.871061,102.050605
2016-04-08,2016,108.686967,141.743547,117.115675,98.396379,106.645523,102.050605
2016-04-11,2016,109.633529,140.929069,117.177115,99.792326,106.374101,105.412526
2016-04-12,2016,111.652062,141.62601,117.238588,102.808341,110.269431,109.642042
2016-04-13,2016,112.774593,141.12519,117.300092,104.470197,112.703747,111.724263
2016-04-14,2016,111.658615,141.120688,117.361629,102.748938,111.136709,110.401191
2016-04-15,2016,112.401377,143.669652,117.423198,103.836805,112.869145,112.158061
2016-04-18,2016,111.192438,142.507624,117.484799,101.975016,112.160903,111.051884
2016-04-19,2016,111.876851,144.06704,117.546433,102.974665,113.891218,113.307627
2016-04-20,2016,111.074446,142.599357,117.608099,101.727241,113.7237,112.67862
2016-04-22,2016,108.995546,142.101464,117.669797,98.550612,112.19059,111.268779
2016-04-25,2016,108.34362,141.932799,117.731528,97.530573,109.972563,109.208244
2016-04-26,2016,108.918831,142.267927,117.793291,98.365108,112.561675,111.745958
2016-04-27,2016,110.370662,144.551441,117.855087,100.524477,115.51975,114.67408
2016-04-28,2016,110.650461,144.718027,117.916915,100.912514,115.16775,114.67408
2016-04-29,2016,109.426702,144.794291,117.978775,99.028181,114.317436,113.112419
2016-05-02,2016,109.155582,144.644354,118.040668,98.58357,113.577387,112.63524
2016-05-03,2016,107.538398,143.480459,118.102593,96.104612,110.816516,110.184288
2016-05-04,2016,108.749818,143.644141,118.164551,97.900552,111.437818,110.661466
2016-05-05,2016,107.162588,143.033283,118.226542,95.466826,109.567551,109.164872
2016-05-06,2016,107.648754,143.577687,118.288564,96.16664,109.667213,109.121491
2016-05-09,2016,107.654994,144.363319,118.35062,96.141116,108.123501,107.407993
2016-05-10,2016,110.520524,145.425423,118.412708,100.436866,112.536229,111.876099
2016-05-11,2016,110.74485,145.964498,118.474828,100.740901,111.88524,111.116951
2016-05-12,2016,112.583213,148.13607,118.536981,103.48424,112.896711,111.594129
2016-05-13,2016,111.333012,147.961638,118.599167,101.559763,109.849575,108.926282
2016-05-16,2016,110.966203,148.551263,118.661385,100.97035,109.847454,108.687693
2016-05-17,2016,108.861844,147.319251,118.723636,97.754934,107.803307,107.104337
2016-05-18,2016,108.964768,146.061898,118.78592,97.875401,107.215933,107.104337
2016-05-19,2016,108.174168,144.544764,118.848236,96.645453,106.306245,106.063227
2016-05-20,2016,108.33098,146.399404,118.910585,96.847324,105.436847,104.718452
2016-05-23,2016,107.070584,147.309799,118.972967,94.907329,104.603497,103.503827
2016-05-24,2016,107.425074,146.999462,119.035381,95.407918,104.635304,103.785789
2016-05-25,2016,106.827666,146.35562,119.097828,94.46987,104.927931,103.959312
2016-05-27,2016,106.983606,146.292686,119.160308,94.67035,104.011881,103.243543
2016-05-30,2016,106.825187,146.987281,119.222821,94.395716,103.827399,103.048335
2016-05-31,2016,107.446091,148.352686,119.285366,95.298868,102.784121,101.985538
2016-06-01,2016,107.744177,150.396222,119.347945,95.714122,103.931303,102.983268
2016-06-02,2016,107.881813,150.732027,119.410556,95.886865,105.784606,104.978736
2016-06-03,2016,108.933006,151.991327,119.4732,97.440264,107.336801,106.497017
2016-06-06,2016,108.965917,152.122698,119.535877,97.454698,106.94027,105.954771
2016-06-07,2016,108.572561,151.692238,119.598586,96.82489,107.059017,106.171674
2016-06-08,2016,110.592808,152.483502,119.661329,99.84278,109.47849,108.991349
2016-06-09,2016,110.663047,152.704618,119.724104,99.913573,108.394923,107.71165
2016-06-10,2016,108.665124,151.753137,119.786913,96.858699,104.798581,103.980998
2016-06-13,2016,108.741363,152.360758,119.849754,96.938523,105.305377,104.328035
2016-06-14,2016,107.945572,150.33654,119.912629,95.700416,103.157326,102.159052
2016-06-15,2016,108.19083,151.352086,119.975536,96.035643,103.723495,102.809754
2016-06-16,2016,108.591401,152.189411,120.038476,96.605579,104.777376,104.11114
2016-06-17,2016,108.736805,151.474235,120.10145,96.789858,105.036075,104.15452
2016-06-20,2016,109.840866,153.367207,120.164456,98.422953,106.72186,105.586048
2016-06-21,2016,111.581515,154.196325,120.227496,101.018115,107.801187,107.039262
2016-06-22,2016,112.009384,153.119751,120.290568,101.629234,106.355017,105.347459
2016-06-23,2016,114.148159,153.027849,120.353674,104.826053,109.332177,108.687693
2016-06-24,2016,112.373398,151.830381,120.416813,102.108262,106.246872,105.347459
2016-06-27,2016,111.368791,152.728463,120.479984,100.554399,104.425376,103.785789
2016-06-28,2016,114.139677,153.610607,120.543189,104.706483,106.039064,105.520981
2016-06-29,2016,115.969035,155.204351,120.606428,107.435601,108.148946,107.386299
2016-06-30,2016,117.358712,156.573476,120.669699,109.500203,109.262201,108.232209
2016-07-01,2016,118.010947,155.953388,120.733003,110.450278,110.759263,109.989079
2016-07-04,2016,118.747118,156.12672,120.796341,111.527188,111.471746,110.639772
2016-07-05,2016,119.101482,156.663685,120.859712,112.027048,109.930153,108.991349
2016-07-06,2016,118.119471,155.811624,120.923116,110.507205,110.057382,109.3167
2016-07-07,2016,118.552474,155.109135,120.986554,111.125876,110.296997,109.3167
2016-07-08,2016,120.307945,156.448007,121.050025,113.743196,112.684663,111.811024
2016-07-11,2016,122.48131,157.577445,121.113529,116.992068,114.421339,113.437761
2016-07-12,2016,122.757748,158.392974,121.177066,117.374064,115.049003,114.001701
2016-07-13,2016,123.331447,158.479414,121.240637,118.205295,115.774208,114.760841
2016-07-14,2016,124.564165,158.198287,121.304241,120.032495,117.646596,116.27913
2016-07-15,2016,124.067794,157.526856,121.367878,119.246476,117.852283,117.016585
2016-07-18,2016,126.088547,158.518287,121.431549,122.264609,119.773442,119.033739
2016-07-19,2016,127.552077,159.5058,121.495253,124.440582,120.227226,119.402462
2016-07-20,2016,128.862338,158.858767,121.558991,126.384898,119.972768,119.228947
2016-07-21,2016,129.386087,159.081081,121.622762,127.140527,120.106358,119.142186
2016-07-22,2016,129.931546,159.852261,121.686566,127.928949,120.871853,119.402462
2016-07-25,2016,129.673572,160.539652,121.750404,127.50311,120.59831,119.510909
2016-07-26,2016,129.79623,159.531663,121.814276,127.652507,120.407467,119.510909
2016-07-27,2016,129.327323,158.947348,121.878181,126.907842,120.555901,119.402462
2016-07-28,2016,128.562606,161.212694,121.942119,125.716098,120.161491,119.294014
2016-07-29,2016,130.096573,163.149965,122.006091,127.998373,121.520721,120.768923
2016-08-01,2016,130.122865,162.503206,122.070097,128.002055,120.350214,119.380775
2016-08-02,2016,129.462721,161.374553,122.134136,126.968297,119.090646,117.992628
2016-08-03,2016,130.072887,161.806179,122.198209,127.854359,121.030889,119.923021
2016-08-04,2016,131.505747,162.211142,122.262315,129.983753,122.12718,121.072579
2016-08-05,2016,130.977218,162.601408,122.326456,129.14885,122.269252,121.072579
2016-08-08,2016,130.320908,161.745656,122.390629,128.120811,122.21412,121.181026
2016-08-09,2016,129.431451,160.442064,122.454837,126.740393,122.328626,121.311168
2016-08-10,2016,129.908755,159.029582,122.519078,127.425563,120.697973,119.575984
2016-08-11,2016,130.731691,159.446718,122.583352,128.633075,123.624242,122.525801
2016-08-12,2016,131.218628,158.667559,122.647661,129.332768,123.620001,122.569173
2016-08-15,2016,132.114486,158.028767,122.712003,130.65045,125.418172,124.152538
2016-08-16,2016,132.816686,156.363209,122.776379,131.675433,124.801111,124.152538
2016-08-17,2016,132.068241,157.975544,122.840789,130.508015,125.795618,124.673089
2016-08-18,2016,131.281009,157.74297,122.905232,129.281958,125.460581,124.369433
2016-08-19,2016,131.836582,158.316404,122.969709,130.085286,125.318509,124.391119
2016-08-22,2016,129.767609,156.682169,123.034221,126.922075,122.52371,121.571444
2016-08-23,2016,128.225114,155.954015,123.098766,124.55452,123.030506,121.462996
2016-08-24,2016,127.653873,155.055517,123.163344,123.654817,122.39012,121.246101
2016-08-25,2016,128.204677,156.8838,123.227957,124.450861,122.398602,121.593138
2016-08-26,2016,127.482732,156.08639,123.292604,123.323359,122.385879,121.376235
2016-08-29,2016,129.280562,156.740902,123.357284,126.004016,124.281592,123.306628
2016-08-30,2016,129.287668,156.489884,123.421999,125.978303,124.207375,123.393389
2016-08-31,2016,128.61732,156.332672,123.486747,124.928722,122.778168,121.311168
2016-09-01,2016,129.866815,156.774796,123.55153,126.780615,123.488531,122.005242
2016-09-02,2016,132.661301,158.678491,123.616346,130.967458,126.414799,125.258715
2016-09-05,2016,132.311021,159.08515,123.681196,130.401543,126.308775,125.106887
2016-09-06,2016,133.990516,160.563466,123.746081,132.903245,127.502608,126.061236
2016-09-08,2016,133.455399,160.350966,123.810999,132.057945,127.721018,126.429967
2016-09-09,2016,129.252639,158.43715,123.875952,125.669658,122.988096,121.593138
2016-09-12,2016,130.350885,160.151168,123.940938,127.29285,124.2307,123.002972
2016-09-13,2016,128.354053,158.987421,124.005959,124.238378,120.488045,119.662737
2016-09-14,2016,128.104508,159.747659,124.071014,123.824594,120.992721,119.684432
2016-09-15,2016,129.768669,161.255798,124.136102,126.303003,122.795132,121.549758
2016-09-16,2016,129.045409,161.525576,124.201226,125.173245,121.037251,120.16161
2016-09-19,2016,129.840392,163.250292,124.266383,126.338015,121.609782,120.400191
2016-09-20,2016,131.281079,165.387655,124.331574,128.478627,122.428289,121.246101
2016-09-21,2016,131.790264,166.334344,124.3968,129.211426,123.823567,122.872838
2016-09-22,2016,132.863183,165.111729,124.462059,130.796187,125.095858,123.979015
2016-09-23,2016,131.983398,165.602811,124.527354,129.429774,124.466074,124.217604
2016-09-26,2016,130.502324,164.011918,124.592682,127.154604,123.102603,122.026928
2016-09-27,2016,131.072066,164.203158,124.658044,127.978846,123.798121,122.872838
2016-09-28,2016,131.779478,164.52233,124.723441,129.011133,125.863473,124.933364
2016-09-29,2016,130.275344,163.830619,124.788872,126.701054,123.732386,122.460726
2016-09-30,2016,129.167164,163.359532,124.854338,124.989367,123.766314,122.677629
2016-10-03,2016,131.029729,164.082452,124.919838,127.767397,126.086124,124.824917
2016-10-04,2016,130.476124,164.655206,124.985372,126.893812,125.827425,124.651403
2016-10-05,2016,132.34536,166.125289,125.050941,129.681885,127.767668,126.213064
2016-10-06,2016,132.535928,165.458323,125.116543,129.93294,128.594657,127.687972
2016-10-07,2016,133.33268,165.768368,125.182181,131.100112,129.580683,128.447121
2016-10-10,2016,133.356135,165.506274,125.247853,131.098569,130.766033,129.596679
2016-10-11,2016,132.95225,165.168301,125.313559,130.451158,129.3962,128.013323
2016-10-13,2016,134.912321,167.396706,125.3793,133.376416,129.601887,128.598949
2016-10-14,2016,136.738638,167.773927,125.445075,136.099508,130.975961,129.92203
2016-10-17,2016,138.220854,169.227827,125.510885,138.302537,132.945891,131.830728
2016-10-18,2016,138.861823,168.919281,125.576729,139.234155,135.248737,134.151538
2016-10-19,2016,138.426654,167.676948,125.642608,138.539368,134.663484,132.980294
2016-10-20,2016,138.269052,168.482419,125.707428,138.264669,135.367484,133.978024
2016-10-21,2016,138.475387,168.815996,125.772282,138.539976,135.940015,133.479159
2016-10-24,2016,139.246415,169.72931,125.837169,139.668692,135.838232,134.758859
2016-10-25,2016,139.699765,169.543453,125.90209,140.317279,135.426858,134.194919
2016-10-26,2016,139.438609,168.882152,125.967044,139.886002,135.342039,134.455203
2016-10-27,2016,140.546072,168.664502,126.032031,141.523123,136.241124,134.715478
2016-10-28,2016,141.434622,169.951846,126.097053,142.829377,136.364112,135.105895
2016-10-31,2016,142.380061,171.25573,126.162107,144.221591,137.672451,136.428976
2016-11-01,2016,139.137139,169.500584,126.227196,139.283846,134.281796,133.067047
2016-11-03,2016,136.5952,166.743075,126.292317,135.405489,130.939913,130.052163
2016-11-04,2016,135.614064,166.914113,126.357473,133.885981,130.617599,129.054434
2016-11-07,2016,138.707547,168.530623,126.422662,138.524493,135.821268,134.910687
2016-11-08,2016,138.807016,167.77997,126.487885,138.638084,136.04604,134.910687
2016-11-09,2016,135.398592,167.313663,126.553141,133.450117,134.137604,132.763391
2016-11-10,2016,129.563328,164.364339,126.618431,124.59441,129.775767,128.468807
2016-11-11,2016,126.834759,162.120555,126.683755,120.433882,125.49875,124.564641
2016-11-14,2016,128.108952,162.861077,126.749112,122.322777,126.501739,125.952788
2016-11-16,2016,129.689582,163.731452,126.814503,124.674775,128.838513,127.861495
2016-11-17,2016,127.2813,162.292403,126.879928,120.998246,126.741354,125.04182
2016-11-18,2016,126.340409,163.582632,126.945387,119.53939,127.148487,125.866027
2016-11-21,2016,128.260863,164.784338,127.010879,122.404913,129.497984,128.186837
2016-11-22,2016,129.171814,164.602817,127.076405,123.744739,131.372492,130.247372
2016-11-23,2016,128.912176,163.410511,127.141965,123.315414,131.440347,130.420895
2016-11-24,2016,128.555575,163.285832,127.207559,122.739528,130.189262,128.794158
2016-11-25,2016,127.406044,163.0233,127.273187,120.965257,130.5349,129.271328
2016-11-28,2016,129.355307,164.030516,127.338848,123.874224,133.283048,131.982556
2016-11-29,2016,127.257415,162.725986,127.404544,120.66664,129.321983,128.382046
2016-11-30,2016,127.382645,163.351651,127.470273,120.818878,131.270709,130.138925
2016-12-01,2016,122.741564,160.419296,127.534923,113.768319,126.183666,125.367162
2016-12-02,2016,123.685299,159.957919,127.599607,115.158165,127.899138,126.625176
2016-12-05,2016,123.577918,159.087591,127.664323,114.959426,126.872824,125.367162
2016-12-06,2016,124.463146,160.656062,127.729071,116.260813,129.536152,128.208532
2016-12-07,2016,125.28788,161.484957,127.793853,117.470758,130.22743,129.07612
2016-12-08,2016,124.998842,160.962738,127.858668,116.99742,128.664633,129.705126
2016-12-09,2016,125.019422,159.948604,127.923515,116.991995,128.291428,127.03728
2016-12-12,2016,122.742433,158.785514,127.988395,113.514198,125.488148,124.174224
2016-12-13,2016,123.403317,158.170688,128.053308,114.476439,125.704437,125.345476
2016-12-14,2016,121.865766,157.130387,128.118254,112.11613,123.437639,122.15707
2016-12-15,2016,121.72464,156.683373,128.183233,111.866241,123.827808,122.764382
2016-12-16,2016,121.547109,157.175021,128.248245,111.561315,123.812965,122.373965
2016-12-19,2016,121.857822,157.166923,128.31329,111.994263,121.102986,119.727812
2016-12-20,2016,121.638994,156.733166,128.378368,111.626887,122.103854,120.833989
2016-12-21,2016,121.300678,158.321711,128.443479,111.078909,122.239565,120.812303
2016-12-22,2016,120.804159,158.33035,128.508623,110.291816,121.408336,121.419616
2016-12-23,2016,122.439056,157.673043,128.5738,112.725949,122.854506,122.243831
2016-12-26,2016,122.307403,158.746879,128.63901,112.490249,124.302797,123.545217
2016-12-27,2016,123.676321,159.243761,128.704253,114.522367,124.466074,123.219875
2016-12-28,2016,125.084844,160.395185,128.76953,116.614321,126.7668,125.453924
2016-12-29,2016,124.914031,161.099565,128.834839,116.319381,127.710415,126.32152
2017-01-03,2017,126.930497,160.568363,128.900181,119.815967,132.479008,130.968431
2017-01-04,2017,126.480733,161.96833,128.965557,119.006187,131.996791,130.968431
2017-01-05,2017,126.671185,165.476978,129.030966,119.28032,133.029807,131.626011
2017-01-06,2017,126.252362,166.500653,129.096408,118.522876,132.159673,131.187622
2017-01-09,2017,126.940159,166.912166,129.161883,119.639007,132.234684,130.946515
2017-01-10,2017,127.114185,167.977213,129.227391,119.885256,133.160541,132.064401
2017-01-11,2017,128.626406,169.001223,129.292933,122.397156,133.833502,132.546631
2017-01-12,2017,132.639824,174.384186,129.355108,129.146275,137.06543,135.900297
2017-01-13,2017,131.911223,173.145241,129.417314,127.866743,136.418187,135.198876
2017-01-16,2017,132.335374,175.147486,129.479549,128.538891,136.801817,135.681106
2017-01-17,2017,134.067986,179.588648,129.541815,131.426351,137.922705,136.514037
2017-01-18,2017,132.595341,174.033724,129.60411,128.887024,137.485494,135.681106
2017-01-19,2017,132.736987,175.514207,129.666436,129.080803,137.059,136.119487
2017-01-20,2017,133.889703,179.016926,129.728791,130.986385,138.280617,137.149702
2017-01-23,2017,135.733016,180.818837,129.791176,134.061182,140.912452,139.845787
2017-01-24,2017,136.259242,181.495568,129.853591,134.90602,141.107482,140.086902
2017-01-26,2017,137.089085,183.510498,129.978512,136.218733,141.859741,140.722559
2017-01-27,2017,136.379361,181.387681,130.041017,134.970938,141.52326,140.306101
2017-01-30,2017,134.627814,177.924639,130.103553,131.95923,137.811259,136.470197
2017-01-31,2017,137.062423,181.985566,130.166118,136.035007,138.602095,136.755152
2017-02-01,2017,136.199813,180.531099,130.228714,134.528297,138.955721,137.456572
2017-02-02,2017,137.259579,179.240339,130.29134,136.276307,138.402779,137.325061
2017-02-03,2017,137.582985,179.359567,130.353995,136.777577,139.208617,138.289512
2017-02-06,2017,135.512436,178.636785,130.416681,133.225661,137.149014,135.922212
2017-02-07,2017,135.845717,180.086297,130.479397,133.743604,137.590511,135.922212
2017-02-08,2017,136.705282,184.169077,130.542144,135.152568,138.953578,137.807282
2017-02-09,2017,137.194204,187.138509,130.60492,135.933981,139.232192,137.719611
2017-02-10,2017,139.261528,192.688432,130.667727,139.387735,141.71829,140.262261
2017-02-13,2017,140.580974,194.055307,130.730563,141.57525,143.524997,141.774697
2017-02-14,2017,139.895694,192.751911,130.79343,140.368573,142.978485,142.585721
2017-02-15,2017,143.16584,195.27937,130.856328,145.858738,145.685331,144.339263
2017-02-16,2017,145.21503,194.503518,130.919255,149.281703,145.338134,143.791278
2017-02-17,2017,145.841956,193.339417,130.982213,150.296633,145.196684,143.396728
2017-02-20,2017,146.236918,193.382328,131.045201,150.918806,146.879086,145.435233
2017-02-21,2017,146.691396,191.917678,131.108219,151.641723,147.991401,146.618883
2017-02-22,2017,145.000705,190.621263,131.171268,148.73267,147.001248,145.720196
2017-02-23,2017,144.882455,191.86192,131.230875,148.488432,144.581589,143.177538
2017-02-24,2017,145.348246,193.702602,131.290509,149.233003,142.869182,141.380147
2017-03-01,2017,146.296915,195.804845,131.35017,150.795105,143.570004,142.103492
2017-03-02,2017,145.059148,193.144201,131.409858,148.655373,141.139629,139.188207
2017-03-03,2017,146.485997,191.22337,131.469573,151.027035,143.134937,141.599338
2017-03-06,2017,146.742987,192.297141,131.529316,151.418008,142.181219,140.722559
2017-03-07,2017,147.424863,191.442805,131.589085,152.528328,140.897449,139.889627
2017-03-08,2017,144.441868,184.619435,131.648882,147.433699,138.702825,137.281221
2017-03-09,2017,139.45319,171.212275,131.708706,138.943263,138.417781,136.711312
2017-03-10,2017,140.660373,170.669748,131.768557,140.942912,138.610668,137.105862
2017-03-13,2017,142.923512,175.825268,131.828435,144.730361,140.451666,139.122452
2017-03-14,2017,141.290424,173.373873,131.888341,141.921156,138.662104,137.544252
2017-03-15,2017,142.767182,174.955938,131.948273,144.377157,141.954041,140.525292
2017-03-16,2017,143.67321,174.800073,132.008233,145.866845,140.98532,139.012848
2017-03-17,2017,142.068302,170.340103,132.06822,143.105291,137.614086,136.360602
2017-03-20,2017,137.481975,166.38192,132.128235,135.295927,139.058594,137.675771
2017-03-21,2017,135.297224,165.221177,132.188277,131.55261,134.977965,133.664517
2017-03-22,2017,135.866531,168.107642,132.248346,132.472119,136.137429,134.519372
2017-03-23,2017,136.139986,168.98198,132.308442,132.890709,136.158861,134.892006
2017-03-24,2017,137.440667,167.427169,132.368565,135.048457,136.851111,135.637266
2017-03-27,2017,138.076909,165.94396,132.428716,136.081233,137.824118,136.514037
2017-03-28,2017,137.165496,164.046128,132.488895,134.493681,138.535656,136.996267
2017-03-29,2017,137.50367,162.833013,132.5491,135.021763,140.438807,139.144367
2017-03-30,2017,137.087695,162.394988,132.609333,134.27299,139.877292,138.421031
2017-03-31,2017,138.24329,165.065033,132.669594,136.184994,139.272913,137.610007
2017-04-03,2017,138.110799,165.308255,132.729881,135.916141,139.759417,138.267596
2017-04-04,2017,137.349721,165.413617,132.790196,134.583018,140.955315,139.670437
2017-04-05,2017,136.18601,165.099653,132.850539,132.568184,138.824987,137.127786
2017-04-06,2017,135.596226,161.330375,132.910909,131.525035,137.641947,135.900297
2017-04-07,2017,136.47145,163.665123,132.971306,132.962246,138.434927,136.492122
2017-04-10,2017,135.539744,163.885818,133.031731,131.340155,138.557088,137.083946
2017-04-11,2017,137.100529,166.905889,133.092183,133.938037,137.935564,136.820908
2017-04-12,2017,135.014953,162.652074,133.152663,130.362308,136.932552,135.198876
2017-04-13,2017,133.219161,161.463086,133.208435,127.280685,134.647914,133.269967
2017-04-17,2017,135.405461,165.004452,133.264231,130.941055,137.881984,136.448282
2017-04-18,2017,135.40091,164.315682,133.32005,130.892117,137.504783,135.790701
2017-04-19,2017,135.083542,163.622168,133.375893,130.313535,135.893106,134.146746
2017-04-20,2017,135.451603,163.332573,133.431758,130.895426,136.651794,134.826242
2017-04-24,2017,135.836272,164.570493,133.487648,131.505416,137.997716,136.535961
2017-04-25,2017,136.130374,168.832481,133.54356,131.962053,139.624396,138.092237
2017-04-26,2017,134.402941,167.525787,133.599496,128.996044,139.011444,137.653847
2017-04-27,2017,133.835025,169.126846,133.655456,127.99318,138.614954,136.908587
2017-04-28,2017,135.868676,180.054083,133.711439,131.394964,140.170909,138.508703
2017-05-02,2017,136.629655,182.384281,133.767445,132.641992,142.997773,141.511658
2017-05-03,2017,136.92249,182.101438,133.823475,133.096397,141.651851,140.196498
2017-05-04,2017,134.492634,179.976138,133.879528,128.941043,139.013587,137.346977
2017-05-05,2017,134.405689,184.629205,133.935605,128.752414,140.828867,139.538917
2017-05-08,2017,133.466939,182.761257,133.991705,127.121592,140.434521,139.012848
2017-05-09,2017,135.052504,186.731649,134.047829,129.764626,142.046198,140.656803
2017-05-10,2017,135.88226,187.599456,134.103976,131.127994,144.343695,142.914499
2017-05-11,2017,136.508521,191.480159,134.160147,132.146813,144.746614,143.243293
2017-05-12,2017,137.77111,191.481653,134.216341,134.242969,146.212555,144.536547
2017-05-15,2017,137.129626,190.200708,134.272559,133.115355,146.752638,145.259874
2017-05-16,2017,137.465226,188.920092,134.328801,133.64201,147.202708,145.654424
2017-05-17,2017,135.941838,188.049803,134.385066,131.021224,144.750901,143.199462
2017-05-18,2017,124.135861,171.707987,134.441354,110.991148,132.013936,130.793072
2017-05-19,2017,127.877227,176.680478,134.497666,117.283992,134.247138,132.853501
2017-05-22,2017,125.160338,169.545389,134.554002,112.64246,132.176818,130.486201
2017-05-23,2017,126.845562,176.680569,134.610361,115.454051,134.296431,133.138456
2017-05-24,2017,129.520134,178.951945,134.666744,119.940672,135.571628,134.080982
2017-05-25,2017,128.692177,178.049403,134.723151,118.497206,135.507332,134.344021
2017-05-26,2017,129.708208,180.439156,134.779581,120.175744,137.346187,135.790701
2017-05-29,2017,129.66497,180.03478,134.836035,120.060837,136.651794,135.330396
2017-05-30,2017,130.470943,179.227332,134.892512,121.383695,137.082575,135.681106
2017-05-31,2017,129.544585,178.762505,134.949013,119.773557,134.401447,132.743906
2017-06-01,2017,128.184749,177.628411,135.000744,117.433029,133.497022,132.086317
2017-06-02,2017,128.260884,178.474506,135.052496,117.523702,133.97281,132.283592
2017-06-05,2017,128.569614,176.873239,135.104267,118.008166,133.842075,132.502791
2017-06-06,2017,129.68773,179.966077,135.156057,119.86297,134.924385,133.598761
2017-06-07,2017,129.94859,179.854073,135.207868,120.266355,135.387314,134.124822
2017-06-08,2017,128.425619,178.587655,135.259699,117.649552,134.497891,133.072692
2017-06-09,2017,128.893432,178.539837,135.311549,118.403296,133.329853,131.998646
2017-06-12,2017,127.7779,177.168213,135.36342,116.476292,132.234684,130.74924
2017-06-13,2017,127.786777,176.685426,135.41531,116.45299,132.511156,131.121866
2017-06-14,2017,128.413829,177.36384,135.46722,117.476294,132.712615,131.275301
2017-06-15,2017,128.413829,177.36384,135.46722,117.476294,,131.275301
2017-06-16,2017,128.57822,179.747221,135.51915,117.716261,132.076088,130.661561
2017-06-19,2017,127.989657,180.34589,135.5711,116.6814,132.907645,131.713691
2017-06-20,2017,126.467182,177.331501,135.62307,114.065335,130.232947,128.754575
2017-06-21,2017,125.480564,173.921649,135.675059,112.356503,130.224374,128.842246
2017-06-22,2017,127.54405,173.993143,135.727069,115.811736,131.3174,130.091652
2017-06-23,2017,126.622255,172.428051,135.779099,114.212626,130.92091,129.543667
2017-06-26,2017,127.580734,173.968438,135.831148,115.796961,133.28056,132.086317
2017-06-27,2017,127.046314,172.92192,135.883218,114.853681,132.181105,130.968431
2017-06-28,2017,127.597716,172.287292,135.935307,115.748772,132.916218,131.406821
2017-06-29,2017,126.892232,170.429868,135.987417,114.515835,133.389863,131.735607
2017-06-30,2017,127.664534,173.168336,136.039546,115.784899,134.80651,133.554921
2017-07-03,2017,128.575967,172.9597,136.091695,117.289507,135.620921,133.905631
2017-07-04,2017,128.278603,170.984803,136.143865,116.747508,135.518048,134.037151
2017-07-05,2017,129.56122,175.864382,136.196054,118.880532,135.350879,133.817952
2017-07-06,2017,131.400415,180.894052,136.248264,121.955873,133.884939,132.437027
2017-07-07,2017,130.526201,178.970314,136.300493,120.437176,133.567747,132.612386
2017-07-10,2017,131.763016,180.368905,136.352742,122.492609,135.074408,133.576837
2017-07-11,2017,131.650828,179.722,136.405012,122.264054,136.803961,135.242716
2017-07-12,2017,132.969045,184.280629,136.457301,124.457278,138.955721,137.434656
2017-07-13,2017,132.983575,186.773241,136.509611,124.443236,139.688691,138.530627
2017-07-14,2017,133.279473,185.059906,136.561941,124.905561,140.241634,138.837497
2017-07-17,2017,133.128284,185.039865,136.61429,124.610916,139.76156,138.223756
2017-07-18,2017,133.534127,185.521277,136.66666,125.259355,140.031601,138.355267
2017-07-19,2017,133.021793,184.337893,136.71905,124.353231,139.692978,138.289512
2017-07-20,2017,133.29723,185.045327,136.77146,124.780853,139.174326,137.544252
2017-07-21,2017,133.41778,187.057282,136.82389,124.946225,138.629957,137.062022
2017-07-24,2017,133.299946,186.020728,136.87634,124.707976,139.521523,137.938802
2017-07-25,2017,133.22709,187.602061,136.92881,124.545865,140.738853,139.144367
2017-07-26,2017,131.77677,185.65327,136.9813,122.05158,139.330779,137.675771
2017-07-27,2017,131.6239,184.585567,137.02885,121.757631,139.900867,138.201832
2017-07-28,2017,131.444707,184.993446,137.076417,121.419106,140.372368,138.947092
2017-07-31,2017,131.797065,186.154596,137.124001,121.980527,141.278937,139.670437
2017-08-01,2017,132.004622,184.831273,137.1716,122.296776,142.556277,140.788331
2017-08-02,2017,132.587197,186.082709,137.219217,123.247951,143.885053,142.300758
2017-08-03,2017,133.406653,187.930193,137.26685,124.600171,143.115649,141.270544
2017-08-04,2017,134.462863,188.208965,137.314499,126.353222,143.374974,141.840453
2017-08-07,2017,136.211262,191.268336,137.362165,129.278196,145.608176,143.857034
2017-08-08,2017,135.353694,190.964228,137.409848,127.791038,145.520305,143.922806
2017-08-09,2017,133.545459,186.09598,137.457547,124.694312,145.031658,143.440577
2017-08-10,2017,131.72071,184.345183,137.505262,121.569614,143.576434,141.884301
2017-08-11,2017,132.48584,185.021291,137.552995,122.829782,144.362984,142.695308
2017-08-14,2017,133.680219,187.135938,137.600743,124.816692,146.347576,144.711889
2017-08-15,2017,132.666398,183.798054,137.648509,123.064926,146.497599,144.843417
2017-08-16,2017,133.073584,185.618708,137.696291,123.719028,147.009821,145.588669
2017-08-17,2017,132.119079,182.969191,137.744089,122.067664,145.687474,144.229676
2017-08-18,2017,132.271973,183.496297,137.791904,122.291205,147.269146,145.698272
2017-08-21,2017,132.295058,180.936124,137.839736,122.294956,147.097691,145.654424
2017-08-22,2017,138.102159,195.849035,137.887584,132.091512,150.046718,148.569709
2017-08-23,2017,136.654286,194.340409,137.935449,129.604786,151.047586,149.49032
2017-08-24,2017,137.934311,197.008497,137.983331,131.736605,152.451374,150.89316
2017-08-25,2017,137.182499,196.557914,138.031229,130.428342,152.324926,150.476703
2017-08-28,2017,136.934029,195.789301,138.079144,129.972267,152.202765,150.630138
2017-08-29,2017,136.863125,196.158052,138.127075,129.816814,152.873582,151.200047
2017-08-30,2017,137.230715,197.629478,138.175023,130.403754,151.922007,150.213664
2017-08-31,2017,136.72746,200.232035,138.222988,129.516271,151.812704,149.950642
2017-09-01,2017,138.038035,197.807336,138.270969,131.699739,154.144493,152.361773
2017-09-04,2017,139.610561,198.839537,138.318967,134.3267,154.585989,153.0851
2017-09-05,2017,140.341058,200.691922,138.366982,135.528023,154.63314,152.909758
2017-09-06,2017,140.699887,200.294523,138.415013,136.100069,157.335699,155.518155
2017-09-07,2017,140.699887,200.294523,138.415013,136.100069,,155.518155
2017-09-08,2017,140.743314,202.04869,138.458004,136.141838,156.622018,154.992094
2017-09-11,2017,142.455409,204.204552,138.501007,139.008789,159.279571,157.666264
2017-09-12,2017,143.356874,205.240797,138.544024,140.503267,159.751072,158.03889
2017-09-13,2017,142.779017,202.435946,138.587055,139.493121,160.284726,158.411516
2017-09-14,2017,142.864611,202.984953,138.630098,139.606243,160.003968,157.753944
2017-09-15,2017,144.30753,200.516661,138.673155,142.017417,162.361475,160.31851
2017-09-18,2017,144.953981,202.201442,138.716226,143.080097,162.860837,161.10761
2017-09-19,2017,143.548673,199.361747,138.75931,140.668967,162.826546,160.998006
2017-09-20,2017,144.278903,203.261763,138.802407,141.873471,162.890842,161.01993
2017-09-21,2017,143.359349,202.651665,138.845518,140.284744,162.033567,160.165075
2017-09-22,2017,142.741396,201.942039,138.888642,139.206643,161.574925,159.61709
2017-09-25,2017,140.670237,196.636678,138.931779,135.668134,159.545326,157.600509
2017-09-26,2017,140.431944,198.154835,138.97493,135.232808,159.279571,157.490905
2017-09-27,2017,138.216489,196.40823,139.018094,131.449974,158.160827,156.373011
2017-09-28,2017,138.963916,195.831091,139.061272,132.683535,157.667893,155.803118
2017-09-29,2017,140.445366,198.290342,139.104463,135.159847,159.225991,156.899088
2017-10-02,2017,141.897749,198.993998,139.147667,137.586936,159.367441,157.425149
2017-10-03,2017,144.078854,201.475315,139.190885,141.247802,164.517521,162.554298
2017-10-04,2017,143.875923,200.633082,139.234117,140.872289,164.148893,162.247411
2017-10-05,2017,143.998128,200.49592,139.277361,141.047246,164.206759,162.291259
2017-10-06,2017,142.741645,198.991985,139.320619,138.887963,163.000145,161.129534
2017-10-09,2017,142.97527,198.686256,139.363891,139.251544,162.297179,160.471945
2017-10-10,2017,143.970969,199.28509,139.407176,140.905371,164.804709,162.729641
2017-10-11,2017,143.908299,198.269884,139.450475,140.76728,164.296773,162.488526
2017-10-12,2017,143.908299,198.269884,139.450475,140.76728,,162.488526
2017-10-13,2017,144.010611,202.453187,139.493786,140.908508,165.004025,163.189946
2017-10-16,2017,143.204637,200.249882,139.537112,139.511922,164.793993,162.948832
2017-10-17,2017,142.178486,199.414295,139.580451,137.742549,163.31305,161.567915
2017-10-18,2017,143.408618,201.27253,139.623803,139.79324,164.148893,162.400846
2017-10-19,2017,143.706298,199.994022,139.667169,140.265204,163.488791,161.743274
2017-10-20,2017,145.759666,205.673522,139.710548,143.709681,163.720256,161.3268
2017-10-23,2017,145.622305,207.802138,139.753941,143.445063,161.624218,161.3268
2017-10-24,2017,146.00553,206.772877,139.797347,144.06183,163.632385,161.89671
2017-10-25,2017,146.302035,208.285214,139.840766,144.531764,164.320348,162.225504
2017-10-26,2017,146.655289,206.230503,139.880336,145.100623,162.659378,160.121243
2017-10-27,2017,146.63676,203.569678,139.919916,145.040012,162.830833,160.822664
2017-10-30,2017,145.756508,201.483542,139.959508,143.520428,160.310444,158.586875
2017-10-31,2017,144.935658,201.336535,139.999111,142.101406,159.255996,157.315546
2017-11-01,2017,143.278566,198.229534,140.038725,139.266548,158.218693,156.219576
2017-11-02,2017,143.278566,198.229534,140.038725,139.266548,,156.219576
2017-11-03,2017,142.54541,197.160096,140.078351,137.995984,158.413723,156.285348
2017-11-06,2017,143.06513,198.697481,140.117987,138.846632,159.262425,157.359394
2017-11-07,2017,142.730443,196.959929,140.157635,138.250692,155.198941,153.370063
2017-11-08,2017,143.648492,198.934671,140.197294,139.77573,159.373871,157.666264
2017-11-09,2017,142.423498,194.43863,140.236964,137.672408,156.304826,154.531789
2017-11-10,2017,142.204255,193.637875,140.276646,137.271899,154.665287,153.370063
2017-11-13,2017,142.295468,195.06646,140.316338,137.39701,155.327532,154.487957
2017-11-14,2017,140.730205,191.298994,140.356042,134.717561,151.795559,150.060229
2017-11-15,2017,140.730205,191.298994,140.356042,134.717561,,150.060229
2017-11-16,2017,141.360211,194.029152,140.395757,135.754875,155.40683,153.808445
2017-11-17,2017,142.286474,196.402111,140.435484,137.293769,157.389279,155.430492
2017-11-20,2017,142.312235,196.402111,140.475221,137.30803,,155.430492
2017-11-21,2017,143.193632,199.47762,140.51497,138.770945,159.87109,157.819699
2017-11-22,2017,143.88659,198.410118,140.55473,139.91481,159.708208,157.600509
2017-11-23,2017,145.344067,200.261968,140.594502,142.35306,159.639626,157.666264
2017-11-24,2017,144.523312,196.93396,140.634284,140.934066,158.932374,157.008675
2017-11-27,2017,144.12328,196.597902,140.674078,140.227384,158.722342,156.920996
2017-11-28,2017,144.036006,196.16927,140.713883,140.050217,158.89594,157.512829
2017-11-29,2017,142.731386,191.113802,140.7537,137.811975,155.80975,153.983804
2017-11-30,2017,140.170367,184.900689,140.793527,133.446537,154.247366,152.120658
2017-12-01,2017,140.184788,183.886626,140.833366,133.441524,154.87532,152.712474
2017-12-04,2017,140.789884,184.653334,140.873217,134.436564,156.645593,154.597544
2017-12-05,2017,140.030896,181.954779,140.913078,133.122089,155.479699,153.435819
2017-12-06,2017,140.338357,180.832069,140.952951,133.613192,157.02708,159.967808
2017-12-07,2017,139.887612,181.230201,140.990224,132.822509,155.353251,153.435819
2017-12-08,2017,140.251829,185.42161,141.027508,133.411619,155.878332,153.698858
2017-12-11,2017,140.459686,186.546657,141.064801,133.735989,156.024068,154.400278
2017-12-12,2017,140.828987,188.573341,141.102104,134.333689,158.197261,156.504538
2017-12-13,2017,139.954596,186.263963,141.139417,132.82571,156.268392,154.26875
2017-12-14,2017,139.040416,186.338287,141.17674,131.250358,155.228946,153.435819
2017-12-15,2017,140.453913,190.501197,141.214073,133.615947,155.612576,153.326215
2017-12-18,2017,140.081137,189.035278,141.251416,132.957221,156.699173,154.904415
2017-12-19,2017,139.020805,187.398517,141.288768,131.1344,155.766886,153.808445
2017-12-20,2017,139.651178,189.334534,141.326131,132.174074,157.239256,155.408568
2017-12-21,2017,140.99709,192.899871,141.363503,134.425206,161.024125,159.003349
2017-12-22,2017,141.616321,194.764835,141.400885,135.446001,161.139858,159.354051
2017-12-25,2017,141.616321,194.764835,141.400885,135.446001,,159.354051
2017-12-26,2017,142.107896,195.279132,141.438277,136.250657,162.213595,160.559625
2017-12-27,2017,142.830926,198.557213,141.475679,137.447178,163.038722,161.436404
2017-12-28,2017,143.978335,204.295934,141.513091,139.3622,163.743831,161.80903
2017-12-29,2017,144.008198,204.306922,141.550513,139.385117,163.743831,161.80903
2018-01-03,2018,143.543827,203.797872,141.587945,138.784996,163.962462,162.239956
2018-01-04,2018,144.463012,206.824597,141.625386,140.372425,165.333108,163.748156
2018-01-05,2018,144.450234,206.088701,141.662838,140.319764,166.224448,164.696177
2018-01-08,2018,144.872179,205.930716,141.700299,141.032127,166.871931,165.385642
2018-01-09,2018,144.215352,203.982591,141.73777,139.846044,165.789289,164.092897
2018-01-10,2018,144.344373,204.215185,141.775251,140.0429,164.395518,162.886321
2018-01-11,2018,145.295831,207.155073,141.812742,141.687082,166.8425,165.170188
2018-01-12,2018,144.454811,205.732914,141.850243,140.176831,166.808864,165.191722
2018-01-15,2018,145.080845,208.399153,141.887754,141.248313,167.656058,166.053557
2018-01-16,2018,144.830103,209.336553,141.925275,140.776826,167.824235,166.032007
2018-01-17,2018,144.956894,212.474883,141.962806,140.969717,170.676945,168.940704
2018-01-18,2018,144.832481,211.397209,142.000346,140.720527,170.201843,168.272773
2018-01-19,2018,144.623328,210.063872,142.037897,140.322205,170.742113,168.962238
2018-01-22,2018,145.729586,208.563267,142.075457,142.238751,171.698622,169.867158
2018-01-23,2018,144.683984,203.585948,142.113028,140.368418,169.602711,167.863414
2018-01-24,2018,148.871029,214.306809,142.150608,147.706556,175.913569,174.154786
2018-01-25,2018,148.888238,214.306809,142.188198,147.706556,,174.154786
2018-01-26,2018,151.899323,219.584225,142.225799,152.975208,179.804773,178.076123
2018-01-29,2018,151.70482,220.590349,142.263409,152.602618,178.053626,176.201632
2018-01-30,2018,151.262824,219.011775,142.301029,151.794479,177.599547,175.835357
2018-01-31,2018,152.455634,223.091426,142.338659,153.863284,178.505603,176.675642
2018-02-01,2018,152.84025,225.318498,142.376299,154.509811,179.729094,177.860668
2018-02-02,2018,151.823868,221.882878,142.413949,152.690836,176.672469,175.038156
2018-02-05,2018,150.232688,216.865577,142.451609,149.860315,172.089635,170.642809
2018-02-06,2018,151.206283,218.838517,142.489279,151.543311,176.363443,174.844252
2018-02-07,2018,150.334653,216.130471,142.526959,149.979048,173.994244,172.280295
2018-02-08,2018,149.036608,212.717058,142.563325,147.665433,171.400107,169.565518
2018-02-09,2018,147.643121,209.485169,142.5997,145.183849,170.067302,168.423593
2018-02-14,2018,150.047712,216.820222,142.636084,149.386167,175.625565,173.659226
2018-02-15,2018,151.021932,220.095644,142.672478,151.07129,177.198024,175.382897
2018-02-16,2018,151.816919,220.623013,142.70888,152.440991,177.689943,175.727621
2018-02-19,2018,154.005125,224.160027,142.745293,156.262488,178.253337,176.374002
2018-02-20,2018,155.634089,225.562222,142.781714,159.099815,180.378679,178.700954
2018-02-21,2018,154.928126,222.107305,142.818145,157.828103,180.900029,178.916408
2018-02-22,2018,155.692954,224.885377,142.854585,159.144697,182.232835,180.446159
2018-02-23,2018,157.723899,230.718677,142.891034,162.689415,183.508881,181.609635
2018-02-26,2018,159.496023,236.304213,142.927493,165.778647,184.265679,182.536105
2018-02-27,2018,158.320624,233.225945,142.963961,163.680786,182.756287,181.178709
2018-02-28,2018,157.67244,231.414457,143.000438,162.510714,179.699663,177.752933
2018-03-01,2018,158.782378,231.066527,143.036925,164.434602,179.483134,177.796017
2018-03-02,2018,158.709925,230.82369,143.073421,164.277694,180.288284,178.722488
2018-03-05,2018,158.125622,229.860301,143.109926,163.220019,180.839065,178.614768
2018-03-06,2018,157.937902,229.178551,143.14644,162.860249,180.061244,178.162308
2018-03-07,2018,158.723152,228.998279,143.182964,164.212716,179.705969,177.968388
2018-03-08,2018,158.669612,231.016023,143.219497,164.089062,178.656963,176.977282
2018-03-09,2018,159.880828,239.01314,143.25604,166.191133,181.570636,179.692059
2018-03-12,2018,161.832193,241.44412,143.292591,169.595722,182.682709,180.877069
2018-03-13,2018,162.449006,239.361002,143.329152,170.651742,181.597965,179.907514
2018-03-14,2018,161.420932,237.612885,143.365723,168.813061,180.897927,179.131863
2018-03-15,2018,161.850718,237.579549,143.402303,169.539934,178.537136,176.826462
2018-03-16,2018,162.8361,238.616174,143.438892,171.244542,178.448843,176.697193
2018-03-19,2018,161.038285,234.335989,143.47549,168.051238,176.403385,174.714966
2018-03-20,2018,161.637771,234.495579,143.512098,169.076727,176.931042,175.382897
2018-03-21,2018,162.842724,238.713447,143.548715,171.167718,178.640145,176.869547
2018-03-22,2018,163.100953,241.098433,143.584004,171.593723,178.200781,176.223182
2018-03-23,2018,164.357677,238.868372,143.619301,173.776884,177.378814,175.770722
2018-03-26,2018,166.042878,245.233649,143.654607,176.714077,178.873491,177.171203
2018-03-27,2018,164.353862,241.345896,143.689921,173.713274,176.182653,174.477977
2018-03-28,2018,164.831296,242.172722,143.725245,174.525009,176.321399,174.564146
2018-03-29,2018,165.167101,247.152068,143.760577,175.087497,179.457908,177.602113
2018-04-02,2018,163.664933,244.864322,143.795917,172.41549,177.986355,176.352452
2018-04-03,2018,163.217505,244.181197,143.831267,171.599621,177.89596,176.136997
2018-04-04,2018,162.902698,244.296235,143.866625,171.017133,177.343077,175.382897
2018-04-05,2018,163.959311,246.119346,143.901992,172.848081,179.129962,177.472843
2018-04-06,2018,163.5998,247.058541,143.937367,172.186906,178.310097,176.546373
2018-04-09,2018,162.434299,244.454972,143.972751,170.107336,175.129442,173.2714
2018-04-10,2018,161.583577,247.149668,144.008144,168.581709,177.658409,175.727621
2018-04-11,2018,162.561051,247.809679,144.043545,170.273359,179.205641,177.645197
2018-04-12,2018,164.32385,250.661978,144.078956,173.347026,179.621881,177.602113
2018-04-13,2018,162.690274,249.123675,144.114375,170.443703,177.288419,175.167442
2018-04-16,2018,161.193742,245.30259,144.149802,167.781543,174.193955,172.323396
2018-04-17,2018,161.911921,247.557966,144.185239,169.016854,176.767069,174.758066
2018-04-18,2018,163.177102,250.400674,144.220684,171.21478,180.319817,178.183842
2018-04-19,2018,162.238114,249.497476,144.256137,169.533772,180.420723,178.614768
2018-04-20,2018,163.450956,249.351808,144.2916,171.639576,179.844716,178.270028
2018-04-23,2018,163.775873,250.767507,144.327071,172.182791,179.954031,178.183842
2018-04-24,2018,164.069936,251.897918,144.362551,172.671703,179.674436,177.709848
2018-04-25,2018,163.989296,253.230755,144.39804,172.501199,178.780993,176.848013
2018-04-26,2018,165.356541,255.844097,144.433537,174.878695,181.595863,179.929064
2018-04-27,2018,165.82064,252.578225,144.469043,175.666817,181.7262,179.842879
2018-04-30,2018,166.179485,254.980697,144.504558,176.269705,181.032469,179.218048
2018-05-02,2018,162.638583,247.967499,144.540081,170.009759,177.736191,176.050812
2018-05-03,2018,159.414246,241.318879,144.575614,164.306901,175.089499,173.42222
2018-05-04,2018,158.845721,241.781736,144.611155,163.277769,174.732122,172.926676
2018-05-07,2018,158.634893,236.952537,144.646705,162.878112,173.882826,171.978655
2018-05-08,2018,161.609143,246.025235,144.682263,168.083587,174.391563,172.840491
2018-05-09,2018,162.524618,248.26443,144.71783,169.665996,177.143366,175.275161
2018-05-10,2018,162.797234,248.267494,144.753406,170.117086,180.498505,178.550134
2018-05-11,2018,160.84413,245.316151,144.788991,166.651319,179.150984,177.300473
2018-05-14,2018,158.911185,242.894888,144.824584,163.221022,179.17621,177.515927
2018-05-15,2018,157.419805,242.199297,144.860187,160.567788,178.961784,177.128102
2018-05-16,2018,160.253676,250.070062,144.895798,165.52618,181.919604,179.735143
2018-05-17,2018,156.703887,241.686136,144.931417,159.250519,175.79164,174.047051
2018-05-18,2018,155.198352,238.711936,144.967046,156.572355,174.656443,172.81894
2018-05-21,2018,156.109686,241.605772,145.002683,158.147419,171.992933,170.642809
2018-05-22,2018,159.01272,251.018166,145.038329,163.227498,173.935382,172.36648
2018-05-23,2018,157.404518,246.590199,145.073984,160.368636,170.000031,168.595963
2018-05-24,2018,158.438506,246.981906,145.109647,162.15953,168.433878,166.872292
2018-05-25,2018,157.914536,242.947582,145.14532,161.2087,165.860764,166.872292
2018-05-28,2018,152.365699,230.980046,145.181001,151.415039,158.414709,156.616498
2018-05-29,2018,154.001213,232.18526,145.216691,154.264483,159.919897,158.146249
2018-05-30,2018,155.200065,237.183007,145.252389,156.345477,161.35361,159.589814
2018-06-01,2018,158.228184,248.511563,145.288097,161.645631,162.375287,160.77484
2018-06-04,2018,161.953181,258.223772,145.323813,168.172154,165.225894,163.424966
2018-06-05,2018,158.103819,249.365029,145.359538,161.369215,161.118161,159.654449
2018-06-06,2018,154.478793,241.746165,145.395272,154.961058,160.014497,158.297069
2018-06-07,2018,150.184063,230.0997,145.431014,147.37434,155.250872,153.772452
2018-06-08,2018,150.539671,229.796267,145.466765,147.971341,153.339956,151.682506
2018-06-11,2018,148.652143,225.772221,145.502526,144.620832,152.00715,150.51903
2018-06-12,2018,149.798985,228.164307,145.538294,146.610242,152.944739,151.4024
2018-06-13,2018,149.513816,230.044585,145.574072,146.079573,151.616138,150.282025
2018-06-14,2018,150.427876,232.267039,145.609859,147.659317,150.142483,148.23518
2018-06-15,2018,149.106967,229.35813,145.645654,145.305924,148.748713,146.748513
2018-06-18,2018,148.814578,227.989668,145.681458,144.762528,146.766322,145.477302
2018-06-19,2018,152.344323,236.610144,145.717271,150.945366,150.085723,148.256714
2018-06-20,2018,152.480945,235.138271,145.753092,151.156935,151.61824,149.76493
2018-06-21,2018,150.812099,229.707964,145.788923,148.19121,147.312898,145.778959
2018-06-22,2018,151.305165,232.592939,145.824762,149.03004,148.502753,146.899333
2018-06-25,2018,151.999384,233.332095,145.86061,150.222855,149.158645,147.804253
2018-06-26,2018,151.960102,238.304921,145.896467,150.124837,150.108848,148.666089
2018-06-27,2018,150.97313,233.207711,145.932333,148.359054,148.435482,146.511508
2018-06-28,2018,152.118389,236.285011,145.968208,150.345594,150.86985,149.527925
2018-06-29,2018,154.453668,241.392347,146.004091,154.426338,152.963659,151.57477
2018-07-02,2018,153.646144,237.185711,146.039983,152.97633,153.12553,151.467051
2018-07-03,2018,154.571466,237.332116,146.075884,154.575798,154.866166,153.190706
2018-07-04,2018,154.935835,238.535086,146.111794,155.188088,157.12605,155.366837
2018-07-05,2018,153.600291,235.159861,146.147713,152.808842,156.726629,154.849743
2018-07-06,2018,153.70776,236.173402,146.18364,152.969022,157.687342,156.099387
2018-07-10,2018,151.753174,234.655141,146.255522,149.471405,157.376214,155.883932
2018-07-11,2018,151.443099,228.951308,146.291476,148.896764,156.402887,154.612737
2018-07-12,2018,153.621607,238.585206,146.327438,152.701555,159.465818,157.844609
2018-07-13,2018,155.443539,243.797387,146.36341,155.878835,161.017255,159.460545
2018-07-16,2018,156.480283,245.780443,146.399391,157.674321,161.141286,159.331259
2018-07-17,2018,158.359426,251.792006,146.43538,160.952267,164.246261,162.390776
2018-07-18,2018,157.212534,248.774683,146.471378,158.904949,162.63386,160.861026
2018-07-19,2018,156.890625,248.219051,146.507385,158.309439,162.894535,160.839475
2018-07-20,2018,159.04755,252.211711,146.543401,162.076207,165.173339,163.317247
2018-07-23,2018,158.789963,249.425229,146.579426,161.593878,163.964564,162.13222
2018-07-24,2018,160.288267,256.650007,146.615459,164.201583,166.401034,164.825447
2018-07-25,2018,161.693824,256.798275,146.651502,166.646062,168.635691,166.699938
2018-07-26,2018,160.838315,254.39319,146.687553,165.11148,166.926588,165.084002
2018-07-27,2018,159.224786,252.491518,146.723613,162.242919,167.895711,166.182827
2018-07-30,2018,159.355688,252.613369,146.759683,162.444221,168.75762,166.807657
2018-07-31,2018,157.830159,249.975499,146.79576,159.730509,166.537678,164.717711
2018-08-01,2018,158.65967,251.731611,146.831847,161.16122,166.71006,164.739261
2018-08-02,2018,159.872751,252.836177,146.867943,163.266934,167.414303,165.795002
2018-08-03,2018,161.818254,257.385331,146.904048,166.661567,171.19409,169.47935
2018-08-06,2018,161.475228,259.319792,146.940161,166.028811,170.386839,168.574413
2018-08-07,2018,162.900577,262.706654,146.976283,168.508055,168.906877,166.958477
2018-08-08,2018,161.06951,255.634314,147.012414,165.256611,166.394727,164.437621
2018-08-09,2018,161.397242,257.288342,147.048554,165.804241,165.587476,163.661971
2018-08-10,2018,158.481825,249.813171,147.084703,160.644527,160.849077,159.008085
2018-08-13,2018,160.220197,251.571583,147.120861,163.674606,162.913455,161.35657
2018-08-14,2018,161.535171,256.387482,147.157028,165.959576,165.238508,163.532701
2018-08-15,2018,160.788104,250.954494,147.193204,164.615734,162.034728,160.279279
2018-08-16,2018,159.840303,248.415408,147.229388,162.918629,161.490254,159.740634
2018-08-17,2018,158.622384,246.594007,147.265581,160.746158,159.829502,158.038513
2018-08-20,2018,159.343682,251.432106,147.301784,161.986342,160.458065,158.749529
2018-08-21,2018,156.51902,242.310899,147.337995,156.98629,158.044719,156.228673
2018-08-22,2018,156.940486,246.76587,147.374215,157.698811,161.664738,159.762185
2018-08-23,2018,155.185179,240.791631,147.410444,154.580611,158.999126,157.349048
2018-08-24,2018,155.83274,243.389848,147.446682,155.691,160.319319,158.749529
2018-08-27,2018,156.836352,248.310503,147.482929,157.427968,163.825817,161.80903
2018-08-28,2018,155.167188,246.824637,147.519185,154.46134,162.865104,161.141115
2018-08-29,2018,157.104223,248.730371,147.555449,157.840943,164.790735,163.058691
2018-08-30,2018,154.252681,240.92484,147.591723,152.793539,160.617833,158.878799
2018-08-31,2018,155.313831,243.063211,147.628005,154.631731,161.193841,159.69755
2018-09-03,2018,154.415051,240.269484,147.664297,153.020809,160.174266,158.318619
2018-09-04,2018,150.682856,228.676305,147.700597,146.423598,157.060881,155.280652
2018-09-05,2018,152.098607,232.711196,147.736906,148.885801,157.859724,156.034752
2018-09-06,2018,153.341492,237.944659,147.773224,151.043787,160.64306,159.654449
2018-09-10,2018,153.304327,235.570807,147.809551,150.949116,160.685104,159.438994
2018-09-11,2018,151.291449,231.008025,147.845887,147.377552,156.945259,155.409922
2018-09-12,2018,152.230828,231.908851,147.882232,149.001402,157.929097,156.357943
2018-09-13,2018,150.780865,226.210848,147.918586,146.420449,157.008326,155.172917
2018-09-14,2018,151.083093,229.004612,147.954949,146.923017,158.568171,156.875038
2018-09-17,2018,153.126728,235.45516,147.991321,150.490129,161.427187,159.589814
2018-09-18,2018,154.910636,242.759576,148.027702,153.600162,164.633069,162.347675
2018-09-19,2018,153.355039,237.671315,148.064091,150.833285,164.328247,162.175305
2018-09-20,2018,152.745701,236.523321,148.10049,149.73164,164.21683,162.304591
2018-09-21,2018,155.709844,245.001434,148.136897,154.918644,167.008575,164.825447
2018-09-24,2018,154.007477,239.30552,148.173314,151.893457,163.939337,162.024485
2018-09-25,2018,153.976498,242.161558,148.209739,151.809593,165.29737,163.489601
2018-09-26,2018,154.027263,240.946432,148.246174,151.869575,165.352027,163.424966
2018-09-27,2018,155.890242,244.44367,148.282617,155.118709,168.177408,166.053557
2018-09-28,2018,155.365757,243.708025,148.319069,154.166346,166.794149,165.062452
2018-10-01,2018,155.01625,242.476572,148.355586,153.52186,165.284757,163.317247
2018-10-02,2018,159.444118,253.810349,148.392111,161.284652,171.566183,169.737889
2018-10-03,2018,164.211426,265.297972,148.428645,169.644787,175.057966,172.991311
2018-10-04,2018,163.815741,262.676617,148.465188,168.919014,174.385256,172.107925
2018-10-05,2018,165.323393,265.47669,148.50174,171.542751,173.058757,171.181454
2018-10-08,2018,171.287342,276.430059,148.538301,182.008729,180.9673,180.209154
2018-10-09,2018,172.038339,275.769053,148.574871,183.30088,180.975709,178.830223
2018-10-10,2018,168.771397,266.447996,148.61145,177.522203,175.911466,173.939332
2018-10-11,2018,169.772352,269.346425,148.648039,179.254218,174.317986,172.689671
2018-10-15,2018,169.945289,268.970209,148.684636,179.52907,175.240859,173.357585
2018-10-16,2018,173.973071,281.269911,148.721242,186.58772,180.197888,177.968388
2018-10-17,2018,174.984989,284.312236,148.757857,188.339008,180.29459,178.226943
2018-10-18,2018,173.81988,279.584925,148.794481,186.259126,176.264639,178.226943
2018-10-19,2018,175.500302,286.203616,148.831114,189.186841,177.048766,174.995072
2018-10-22,2018,176.638001,289.445074,148.867757,191.159456,179.94352,178.011488
2018-10-23,2018,176.39351,289.283152,148.904408,190.69967,179.319161,177.300473
2018-10-24,2018,175.33303,284.282954,148.941068,188.803886,174.618603,172.689671
2018-10-25,2018,177.196415,288.797409,148.977737,192.053554,176.762865,174.585696
2018-10-26,2018,178.793206,290.701633,149.014416,194.834055,180.202093,178.205393
2018-10-29,2018,177.319088,287.091215,149.051103,192.210326,176.159528,174.111686
2018-10-30,2018,180.095149,295.878817,149.0878,197.06611,182.653278,180.467709
2018-10-31,2018,180.59454,299.538926,149.124505,197.915371,183.784271,181.157175
2018-11-01,2018,181.306383,301.63579,149.161219,199.138503,185.875978,183.67803
2018-11-05,2018,182.775033,303.170745,149.197943,201.693465,188.354492,185.509421
2018-11-06,2018,179.302224,291.772969,149.234675,195.552377,186.401532,183.742665
2018-11-07,2018,177.262459,284.747233,149.271417,191.933171,184.393914,182.255999
2018-11-08,2018,175.789063,279.434727,149.308168,189.31066,179.991871,177.968388
2018-11-09,2018,176.024976,277.631351,149.344927,189.696208,180.036017,177.796017
2018-11-12,2018,178.249083,286.048486,149.381696,193.580596,179.79216,177.429742
2018-11-13,2018,178.640872,285.440134,149.418474,194.240441,178.507705,175.899992
2018-11-14,2018,178.172677,286.47905,149.455261,193.386868,180.733954,178.076123
2018-11-16,2018,181.003702,292.358613,149.492057,198.339297,186.077791,183.785766
2018-11-19,2018,180.134399,291.742977,149.528861,196.779833,184.787029,181.631185
2018-11-21,2018,179.813656,290.134917,149.602499,196.156058,183.458428,181.588084
2018-11-22,2018,182.093068,292.657378,149.639331,200.137724,183.895689,181.631185
2018-11-23,2018,182.439821,291.947543,149.676172,200.718262,181.274224,178.894858
2018-11-26,2018,180.870816,287.067034,149.713022,197.927418,179.838409,177.408192
2018-11-27,2018,184.902362,298.593797,149.749881,204.992487,184.766007,182.040544
2018-11-28,2018,187.704978,301.972672,149.78675,209.894864,187.625023,185.293966
2018-11-29,2018,188.116815,301.096794,149.823627,210.589909,188.589941,186.112701
2018-11-30,2018,186.532051,295.89198,149.860514,207.771304,188.156884,186.091167
2018-12-03,2018,185.843184,292.315758,149.89741,206.529301,188.821185,186.349706
2018-12-04,2018,185.435264,290.671625,149.934314,205.781705,186.306932,183.634946
2018-12-05,2018,184.891989,291.718452,149.971228,204.795901,187.181455,185.358601
2018-12-06,2018,186.145269,294.430309,150.008151,206.971693,186.773625,184.302861
2018-12-07,2018,184.912254,292.179985,150.045083,204.772063,185.236904,182.988565
2018-12-10,2018,183.142599,286.922094,150.082024,201.628039,180.612025,178.528583
2018-12-11,2018,184.687549,292.119431,150.118974,204.317092,181.673645,179.907514
2018-12-12,2018,187.403729,296.513914,150.155934,209.067284,182.84458,180.769349
2018-12-13,2018,188.076494,298.738422,150.192902,210.22144,184.654589,181.588084
2018-12-14,2018,188.8972,301.04354,150.22988,211.635938,183.838929,181.437264
2018-12-17,2018,186.815427,298.508678,150.266866,207.942608,181.631601,179.347318
2018-12-18,2018,189.342859,304.846528,150.303862,212.360609,182.073066,179.907514
2018-12-19,2018,188.354594,304.666653,150.340867,210.591635,180.105391,177.752933
2018-12-20,2018,189.262208,306.919968,150.377881,212.159044,179.253992,177.580562
2018-12-21,2018,189.999708,313.336628,150.414904,213.427079,180.153742,177.623663
2018-12-26,2018,188.950486,308.6499,150.488977,211.520966,178.974398,176.977282
2018-12-27,2018,188.681856,306.590927,150.526027,211.018377,179.655516,178.076123
2018-12-28,2018,192.26391,316.744366,150.563087,217.292264,184.757598,182.27755
2019-01-03,2019,191.410123,311.512021,150.600156,215.75489,185.878178,182.484916
2019-01-04,2019,191.747813,309.713236,150.637233,216.405016,186.440497,183.521762
2019-01-07,2019,191.641738,309.94701,150.67432,216.143253,186.152232,183.480295
2019-01-08,2019,192.248068,311.164729,150.711416,217.345378,186.828234,184.206084
2019-01-09,2019,192.922691,310.703636,150.748521,218.687826,190.037721,187.295881
2019-01-10,2019,193.418419,308.909667,150.785636,219.662656,190.429517,187.503247
2019-01-11,2019,192.573681,305.565667,150.822759,217.882996,190.129072,187.420298
2019-01-14,2019,193.39481,307.838855,150.859892,219.526461,191.785581,189.141466
2019-01-15,2019,192.816398,309.676198,150.897033,218.294045,190.937026,187.897254
2019-01-16,2019,193.901166,316.520366,150.934184,220.479233,191.621148,189.01705
2019-01-17,2019,193.925261,318.327211,150.971344,220.484866,193.565922,190.717477
2019-01-18,2019,194.090846,323.364459,151.008513,220.781232,195.080329,192.044638
2019-01-21,2019,193.158458,323.231593,151.045692,218.821397,194.903716,192.106847
2019-01-22,2019,191.848168,322.756619,151.082879,216.085014,193.062474,189.535473
2019-01-23,2019,195.129158,324.724856,151.120076,222.783092,196.016175,193.060743
2019-01-24,2019,195.760385,328.904307,151.157282,224.036248,198.287785,195.279593
2019-01-28,2019,193.957179,328.206229,151.231721,220.243001,193.754716,190.945584
2019-01-29,2019,195.967073,326.047149,151.268954,224.329103,194.150573,191.173692
2019-01-30,2019,196.587283,323.960324,151.306196,225.559576,196.905331,193.93169
2019-01-31,2019,195.932683,321.98518,151.343448,224.170472,197.713285,194.927069
2019-02-01,2019,195.468075,324.997059,151.380709,223.171766,198.661312,195.6736
2019-02-04,2019,195.426129,325.307063,151.417978,223.041565,200.139178,197.06297
2019-02-05,2019,195.838995,323.340169,151.455258,223.845931,199.574828,196.58603
2019-02-06,2019,192.02779,318.120064,151.492546,215.970381,192.114447,189.265883
2019-02-07,2019,192.413994,317.447015,151.529843,216.719938,191.647539,188.705993
2019-02-08,2019,195.151276,327.953139,151.56715,222.300637,193.549682,190.157571
2019-02-11,2019,193.494509,325.827115,151.604466,218.852139,191.661749,188.685251
2019-02-12,2019,196.413959,335.17758,151.641791,224.807148,195.224461,191.71284
2019-02-13,2019,195.349689,330.53143,151.679125,222.57613,194.56267,192.023897
2019-02-14,2019,198.72794,337.151252,151.716468,229.473894,198.973937,195.632117
2019-02-15,2019,197.856703,333.768636,151.753821,227.639511,197.98125,195.010019
2019-02-18,2019,199.138531,337.269183,151.791183,230.22938,195.918734,192.81191
2019-02-19,2019,199.06433,338.545256,151.828554,230.03278,198.251244,194.470855
2019-02-20,2019,198.261831,335.870405,151.865934,228.339611,195.989785,193.205901
2019-02-21,2019,201.203177,340.477401,151.903323,234.339539,196.775409,194.056122
2019-02-22,2019,205.511401,340.685294,151.940722,243.148208,198.712063,195.839499
2019-02-25,2019,207.111348,340.382944,151.97813,246.391715,197.40066,194.450113
2019-02-26,2019,208.228228,341.920672,152.015547,248.642574,198.137562,195.175918
2019-02-27,2019,205.757975,334.701702,152.052973,243.522338,197.536672,194.595271
2019-02-28,2019,205.863339,330.872666,152.090408,243.694645,194.038921,190.468628
2019-03-01,2019,208.323845,333.755405,152.127853,248.706443,192.049486,188.871892
2019-03-06,2019,209.744584,325.407895,152.165307,251.581648,191.263862,188.208311
2019-03-07,2019,207.971035,321.679782,152.20277,247.893003,191.513556,188.809684
2019-03-08,2019,208.503359,335.31733,152.240242,248.942611,193.594343,190.468628
2019-03-11,2019,212.308033,337.598123,152.277724,256.716454,198.998298,196.067606
2019-03-12,2019,211.311585,335.932304,152.315215,254.624616,198.59432,195.756549
2019-03-13,2019,214.720329,334.289528,152.352715,261.584854,200.778639,197.643601
2019-03-14,2019,214.114008,334.135705,152.390224,260.294654,200.171658,196.897071
2019-03-15,2019,215.22707,333.178565,152.427742,262.537547,201.251637,198.099816
2019-03-18,2019,218.094843,339.517369,152.46527,268.386128,202.991378,199.862451
2019-03-19,2019,216.476818,342.193124,152.502807,265.016977,202.167183,199.19887
2019-03-20,2019,216.337739,340.887775,152.540353,264.686853,199.026718,195.652859
2019-03-21,2019,214.789863,338.57525,152.577909,261.461828,196.363311,192.874119
2019-03-22,2019,210.657571,336.058453,152.615473,252.926159,190.285385,187.150724
2019-03-25,2019,211.439524,340.830546,152.653047,254.488602,190.137192,187.35809
2019-03-26,2019,214.559351,342.760085,152.690631,260.855055,193.476601,190.59306
2019-03-27,2019,208.891254,333.665222,152.728223,249.163478,186.56636,182.692282
2019-03-28,2019,211.901275,334.578148,152.765825,255.304272,191.613028,188.74746
2019-03-29,2019,214.773481,341.689226,152.803436,261.161864,193.695845,190.385678
2019-04-01,2019,216.076697,341.881133,152.841056,263.795379,194.993037,191.505474
2019-04-02,2019,214.236139,336.963297,152.878685,259.968842,193.639004,190.427161
2019-04-03,2019,215.910768,341.777739,152.916324,263.365538,191.820092,189.037791
2019-04-04,2019,215.874598,339.322289,152.953972,263.24676,195.518817,192.583803
2019-04-05,2019,216.809292,347.624032,152.991629,265.122966,197.132695,194.01464
2019-04-08,2019,217.59799,353.572841,153.029296,266.699159,197.662534,194.470855
2019-04-09,2019,215.487378,348.962481,153.066972,262.317645,195.476186,192.231263
2019-04-10,2019,215.061318,348.247634,153.104657,261.397649,194.788004,191.79579
2019-04-11,2019,213.163898,349.577871,153.142351,257.454194,192.356021,189.49399
2019-04-12,2019,213.861864,349.944282,153.180055,258.8439,188.539554,185.616196
2019-04-15,2019,213.561695,348.443063,153.217768,258.182562,188.961802,186.238294
2019-04-16,2019,211.944579,347.075228,153.25549,254.815059,191.499346,188.705993
2019-04-17,2019,210.2704,344.815113,153.293221,251.330291,189.371869,186.632301
2019-04-18,2019,211.253131,343.842067,153.330962,253.305108,191.996705,189.037791
2019-04-22,2019,210.814852,348.820195,153.368712,252.359929,192.017005,189.120725
2019-04-23,2019,213.370262,358.574744,153.406472,257.566371,194.727103,191.546957
2019-04-24,2019,211.795592,357.050381,153.44424,254.286036,192.944731,189.950205
2019-04-25,2019,212.610835,360.968075,153.482018,255.916643,196.003995,192.646011
2019-04-26,2019,213.226821,354.367714,153.519806,257.137794,195.362504,192.086105
2019-04-29,2019,212.559143,354.760701,153.557602,255.721174,195.265062,192.272746
2019-04-30,2019,215.167882,356.201985,153.595408,261.037146,195.600018,192.604528
2019-05-02,2019,214.222936,363.157804,153.633223,259.050755,193.925239,191.111483
2019-05-03,2019,218.878983,372.724083,153.671048,268.573651,194.899656,192.023897
2019-05-06,2019,218.678388,369.899161,153.708882,268.116781,192.87165,189.970946
2019-05-07,2019,217.45212,370.046396,153.746725,265.552277,191.613028,188.664526
2019-05-08,2019,218.471136,370.560663,153.784577,267.601524,194.065311,191.007792
2019-05-09,2019,217.842488,369.737942,153.822439,266.26503,192.463613,189.473265
2019-05-10,2019,218.532651,372.761221,153.86031,267.638505,191.347093,188.291261
2019-05-13,2019,213.909331,360.263607,153.89819,258.093466,186.209073,183.127756
2019-05-14,2019,215.40323,362.863216,153.93608,261.11849,186.950036,184.060927
2019-05-15,2019,213.313424,356.27413,153.973979,256.779464,185.99795,182.215342
2019-05-16,2019,212.916084,351.592805,154.011888,255.918222,182.751923,179.498794
2019-05-17,2019,213.701583,357.262937,154.049805,257.487545,182.688992,179.872059
2019-05-20,2019,217.088503,373.069252,154.087732,264.402432,186.653651,184.206084
2019-05-21,2019,222.683148,376.717215,154.125669,275.85389,191.807912,189.099999
2019-05-22,2019,224.378518,376.157279,154.163614,279.292845,191.556187,188.623043
2019-05-23,2019,223.625229,373.826327,154.20157,277.70012,190.640641,187.523989
2019-05-24,2019,222.20883,363.475483,154.239534,274.744778,190.068171,187.150724
2019-05-27,2019,225.192493,362.293825,154.277508,280.83097,192.577295,189.742839
2019-05-28,2019,226.313712,372.887429,154.315491,283.090076,195.681219,192.54232
2019-05-29,2019,224.8762,378.091055,154.353483,280.091319,196.034446,192.977794
2019-05-30,2019,226.819595,385.123605,154.391485,284.039865,197.841177,194.84412
2019-05-31,2019,225.810091,379.993963,154.429496,281.920585,196.974352,194.076848
2019-06-03,2019,224.406576,375.562341,154.467517,278.991653,196.954052,193.848756
2019-06-04,2019,226.53594,380.563262,154.505547,283.322308,197.684865,194.512337
2019-06-05,2019,223.148387,370.203663,154.543586,276.31642,194.881385,192.106847
2019-06-06,2019,224.685227,366.564095,154.581635,279.429493,197.329608,194.28423
2019-06-07,2019,226.788288,377.251684,154.619693,283.706067,198.58011,195.383284
2019-06-10,2019,228.643397,376.24289,154.65776,287.473119,197.861478,194.616012
2019-06-11,2019,231.751209,373.714571,154.695837,293.814301,200.892321,197.871709
2019-06-12,2019,227.228544,369.097872,154.733923,284.475852,199.595128,196.295714
2019-06-13,2019,226.894673,368.813424,154.772018,283.744807,200.514734,197.291077
2019-06-14,2019,224.626762,361.751609,154.810123,279.039557,199.024688,195.984657
2019-06-17,2019,224.064702,368.607332,154.848238,277.839593,198.178163,195.445492
2019-06-18,2019,226.534781,372.395052,154.886361,282.870262,201.793657,198.597498
2019-06-19,2019,226.054635,372.141107,154.924494,281.838597,203.618659,200.380874
2019-06-21,2019,227.16979,376.148997,154.962637,284.085054,207.090019,203.678053
2019-06-24,2019,227.815274,379.370258,155.000788,285.36639,207.189491,203.864678
2019-06-25,2019,224.930849,372.086544,155.03895,279.394217,203.192351,199.820984
2019-06-26,2019,225.512813,375.244401,155.07712,280.545006,204.402252,200.837089
2019-06-27,2019,227.007247,376.430916,155.1153,283.570786,204.473304,201.293304
2019-06-28,2019,228.493364,376.781724,155.15349,286.579466,204.966602,201.376254
2019-07-01,2019,229.459227,382.6899,155.191688,288.519081,205.723805,202.081301
2019-07-02,2019,226.574143,370.760701,155.229897,282.545499,204.231729,200.67119
2019-07-03,2019,229.078478,371.636746,155.268114,287.646449,207.15092,207.369223
2019-07-04,2019,230.021883,372.413871,155.306341,289.539883,210.384767,207.369223
2019-07-05,2019,231.095447,375.154643,155.344578,291.700765,211.304373,207.929113
2019-07-08,2019,232.661795,372.79701,155.382823,294.874241,212.199619,208.530485
2019-07-10,2019,235.559625,389.762869,155.459343,300.738544,214.812275,211.433658
2019-07-11,2019,233.007431,374.159189,155.497617,295.44893,213.450121,209.878388
2019-07-12,2019,231.662641,368.159509,155.535901,292.640359,210.932877,207.472914
2019-07-15,2019,231.261581,363.485295,155.574194,291.771017,210.723783,207.452172
2019-07-16,2019,232.19864,364.199897,155.612496,293.651322,210.666942,207.161857
2019-07-17,2019,232.509447,363.473161,155.650808,294.244752,210.831375,207.389964
2019-07-18,2019,233.646923,360.336797,155.689129,296.536864,212.579236,208.820801
2019-07-19,2019,231.713155,352.801617,155.72746,292.517965,210.011241,206.539743
2019-07-22,2019,233.2226,363.757794,155.7658,295.574404,211.020168,207.369223
2019-07-23,2019,232.817163,369.53158,155.80415,294.696002,210.52281,207.576589
2019-07-24,2019,231.399832,368.986688,155.842509,291.738281,211.367304,208.177961
2019-07-25,2019,230.600968,368.868119,155.880877,290.051416,208.393302,204.880798
2019-07-26,2019,231.8046,370.38533,155.919255,292.479403,208.726228,205.606588
2019-07-29,2019,233.220683,371.401418,155.957642,295.343938,210.074172,206.456793
2019-07-30,2019,232.378705,370.312175,155.996039,293.568445,208.957652,205.544379
2019-07-31,2019,232.176491,372.398413,156.034445,293.107572,206.681982,203.180371
2019-08-01,2019,232.648083,368.48174,156.069945,294.034714,207.319413,204.113527
2019-08-02,2019,232.031918,368.862401,156.105452,292.726649,208.431873,204.839316
2019-08-05,2019,228.000528,366.55616,156.140968,284.400741,203.202501,200.049092
2019-08-06,2019,232.889654,385.8143,156.176491,294.4053,207.396555,204.134268
2019-08-07,2019,232.195677,387.408212,156.212023,292.937313,208.651117,205.399222
2019-08-08,2019,233.913156,386.001147,156.247563,296.424541,211.357154,208.115753
2019-08-09,2019,234.034664,393.839529,156.283111,296.632247,211.11558,207.866904
2019-08-12,2019,231.790877,388.115178,156.318667,291.979578,206.891076,203.553637
2019-08-13,2019,235.076978,398.703377,156.354231,298.690088,209.700645,206.373844
2019-08-14,2019,231.635188,395.217869,156.389803,291.575661,203.527307,200.422357
2019-08-15,2019,228.880749,390.411954,156.425383,285.873641,201.089234,197.788759
2019-08-16,2019,232.113271,401.219414,156.460971,292.474022,202.609731,199.385511
2019-08-19,2019,231.593631,399.069198,156.496568,291.364198,201.925609,198.597498
2019-08-20,2019,231.270843,396.394894,156.532172,290.658871,201.42419,198.120557
2019-08-21,2019,231.996547,403.392564,156.567785,292.108045,205.443661,202.2472
2019-08-22,2019,228.288331,395.106946,156.603406,284.446092,203.025888,199.800243
2019-08-23,2019,225.511676,388.87755,156.639035,278.698363,198.267485,194.968536
2019-08-26,2019,224.331904,382.72628,156.674672,276.232008,195.756331,192.127588
2019-08-27,2019,225.561398,390.425134,156.710317,278.716365,197.473741,194.20128
2019-08-28,2019,225.156838,384.712041,156.74597,277.842949,199.337314,196.129815
2019-08-29,2019,231.703008,401.731154,156.781631,291.252352,204.067296,200.85783
2019-08-30,2019,233.661937,412.999208,156.8173,295.235573,205.307648,202.4131
2019-09-02,2019,232.675021,405.54551,156.852978,293.165465,204.27436,200.650464
2019-09-03,2019,230.555604,399.231248,156.888664,288.768205,202.355976,198.867088
2019-09-04,2019,232.30391,402.367289,156.924357,292.318596,205.441631,201.915418
2019-09-05,2019,231.888518,398.810375,156.960059,291.422863,207.556928,204.134268
2019-09-06,2019,230.50968,392.673727,156.995769,288.547367,208.961712,205.565105
2019-09-09,2019,231.062794,394.212749,157.031487,289.641768,209.461101,205.979853
2019-09-10,2019,229.647252,391.516996,157.067213,286.690831,209.158626,205.689537
2019-09-11,2019,231.761273,400.787336,157.102948,290.992669,209.99906,206.8508
2019-09-12,2019,231.860997,398.815097,157.13869,291.155383,211.876843,208.115753
2019-09-13,2019,228.924045,390.562104,157.174441,285.078122,210.110712,206.498276
2019-09-16,2019,228.961888,400.946839,157.2102,285.11366,210.474089,206.954491
2019-09-17,2019,232.28061,416.184551,157.245967,291.890962,212.376232,208.945233
2019-09-18,2019,232.915173,412.724578,157.281742,293.15266,212.203679,208.675643
2019-09-19,2019,234.269233,415.779423,157.314569,295.896312,211.811882,208.281652
2019-09-20,2019,234.600717,414.466362,157.347404,296.538696,212.782239,208.945233
2019-09-23,2019,234.098146,414.115071,157.380246,295.467201,212.418863,208.9867
2019-09-24,2019,232.024829,411.325807,157.413094,291.168022,210.871976,207.369223
2019-09-25,2019,231.948002,409.961663,157.445949,290.971356,212.100147,208.302378
2019-09-26,2019,231.95789,412.972967,157.478811,290.952873,213.801317,210.334603
2019-09-27,2019,231.992274,416.549895,157.51168,290.984715,213.312078,209.940597
2019-09-30,2019,231.953822,418.461598,157.544556,290.866882,212.636077,209.463656
2019-10-01,2019,232.049527,416.945655,157.577439,291.024715,211.231292,207.493639
2019-10-02,2019,228.827893,409.621028,157.610329,284.365848,205.096524,201.459203
2019-10-03,2019,229.363423,402.997126,157.643225,285.427446,206.081092,202.641207
2019-10-04,2019,231.702007,410.985062,157.676128,290.194074,208.182179,204.652691
2019-10-07,2019,228.5861,400.348551,157.709038,283.752439,204.166768,200.733414
2019-10-08,2019,226.813919,402.044369,157.741955,280.071974,202.964987,199.385511
2019-10-09,2019,229.559527,408.134831,157.774879,285.674957,205.539072,202.184992
2019-10-10,2019,230.323568,405.442462,157.80781,287.206075,206.692132,203.387738
2019-10-11,2019,233.758368,413.19659,157.840748,294.225242,210.782654,207.307015
2019-10-14,2019,235.577387,419.564638,157.873692,297.924183,211.736771,208.095012
2019-10-15,2019,236.020819,418.728877,157.906644,298.796468,212.118418,208.571968
2019-10-16,2019,235.795073,418.06941,157.939602,298.293673,214.012441,210.272395
2019-10-17,2019,237.214723,424.643716,157.972567,301.171941,213.186216,209.546606
2019-10-18,2019,236.104296,422.19808,158.005539,298.851228,212.603596,208.924492
2019-10-21,2019,238.361446,433.459671,158.038518,303.450431,215.228432,211.516607
2019-10-22,2019,239.904059,437.600074,158.071504,306.581345,217.98725,214.087981
2019-10-23,2019,239.419243,436.424217,158.104497,305.546154,218.318146,214.41978
2019-10-24,2019,236.870534,434.260139,158.137496,300.269931,217.185386,213.590299
2019-10-25,2019,234.021429,429.237306,158.170503,294.376423,217.95274,214.357571
2019-10-28,2019,235.167429,429.671384,158.203516,296.692319,219.623459,215.560301
2019-10-29,2019,232.405073,420.929454,158.236536,290.977053,218.342507,214.627146
2019-10-30,2019,234.764688,423.838883,158.269563,295.786751,220.072097,216.265364
2019-10-31,2019,235.127294,428.577273,158.299611,296.496379,217.660415,214.067256
2019-11-01,2019,238.091553,435.870865,158.329664,302.55205,219.641729,216.223882
2019-11-04,2019,236.937609,435.390031,158.359723,300.145355,220.463894,216.970412
2019-11-05,2019,236.336268,433.625824,158.389787,298.87418,220.159388,217.053362
2019-11-06,2019,237.022688,430.257332,158.419858,300.249175,219.925934,216.389781
2019-11-07,2019,235.332516,417.082105,158.449934,296.740581,222.453329,218.380523
2019-11-08,2019,233.07066,406.922615,158.480015,292.057248,218.490699,214.41978
2019-11-11,2019,234.661279,418.99889,158.510103,295.29023,219.6803,216.161673
2019-11-12,2019,231.88401,416.430042,158.540196,289.547777,216.777349,212.449762
2019-11-13,2019,228.880141,414.364672,158.570295,283.339685,215.009188,212.283879
2019-11-14,2019,231.783539,423.695264,158.600399,289.270234,216.314501,212.657144
2019-11-18,2019,231.093699,415.717541,158.63051,287.817151,215.888194,211.516607
2019-11-19,2019,231.528727,419.080039,158.660626,288.675514,214.408298,211.433658
2019-11-21,2019,234.012158,424.808385,158.720875,293.707493,218.222734,214.627146
2019-11-22,2019,234.937844,427.395474,158.751008,295.574075,220.648627,216.908204
2019-11-25,2019,234.263435,424.549599,158.781147,294.152665,220.104577,216.182415
2019-11-26,2019,233.161361,418.986803,158.811292,291.852455,217.333579,214.502729
2019-11-27,2019,235.446706,423.77102,158.841442,296.512935,218.651072,215.000411
2019-11-28,2019,236.087546,429.288926,158.871598,297.794168,219.832553,216.451989
2019-11-29,2019,235.156508,425.403354,158.90176,295.845394,219.716841,216.389781
2019-12-02,2019,236.861893,425.566794,158.931927,299.314111,221.39771,217.343677
2019-12-03,2019,234.782183,423.776423,158.9621,295.004956,221.184556,217.737684
2019-12-04,2019,235.380488,420.88317,158.992279,296.198758,223.914954,220.018742
2019-12-05,2019,236.556954,425.673759,159.022464,298.580597,224.566596,220.723806
2019-12-06,2019,237.804439,425.799132,159.052654,301.108364,225.589734,221.739911
2019-12-09,2019,237.9249,425.382631,159.082851,301.32024,225.287258,221.408112
2019-12-10,2019,238.941026,426.141942,159.113053,303.372582,224.668097,221.014121
2019-12-11,2019,241.018696,428.840686,159.14326,307.606249,225.260868,221.366645
2019-12-12,2019,243.329968,434.502101,159.170456,312.323493,227.769992,223.647704
2019-12-13,2019,244.052349,430.915471,159.197657,313.775772,228.510955,224.6016
2019-12-16,2019,244.290887,433.894001,159.224862,314.233813,227.152861,223.378129
2019-12-17,2019,243.201302,435.51107,159.252072,311.96273,228.614487,224.808982
2019-12-18,2019,244.596082,444.466977,159.279287,314.796684,232.063517,228.437943
2019-12-19,2019,244.742777,445.780209,159.306506,315.065982,233.720026,229.806572
2019-12-20,2019,245.369711,450.977349,159.33373,316.322101,233.699726,229.848039
2019-12-23,2019,248.36717,453.590085,159.360958,322.449331,235.206012,231.569207
2019-12-26,2019,249.663056,461.568992,159.415429,325.047886,237.92626,233.933215
2019-12-27,2019,247.425405,457.123538,159.442672,320.417642,236.568166,232.606053
2019-12-30,2019,246.598354,452.336603,159.469919,318.685988,235.411046,230.656793
2020-01-03,2020,245.588955,456.959845,159.497171,316.786052,233.691717,229.768419
2020-01-06,2020,244.579913,452.664114,159.524427,314.370553,232.045847,227.32535
2020-01-07,2020,247.393613,454.079986,159.551688,320.937295,231.617008,226.618684
2020-01-08,2020,248.984368,447.756149,159.578954,324.630489,230.79308,226.033156
2020-01-09,2020,249.688078,450.553453,159.606225,326.239399,230.197469,225.447644
2020-01-10,2020,249.563209,452.937031,159.6335,325.901401,229.315966,224.680393
2020-01-13,2020,251.1446,462.226469,159.66078,329.572571,232.933307,228.314698
2020-01-14,2020,253.746005,460.958095,159.688064,335.640449,233.542815,228.799266
2020-01-15,2020,255.237767,461.472329,159.715353,339.101004,231.124636,226.497545
2020-01-16,2020,255.864079,457.029046,159.742647,340.528014,231.700393,226.840781
2020-01-17,2020,257.249581,458.589305,159.769945,343.738875,235.222436,230.374127
2020-01-20,2020,257.832191,460.532595,159.797248,345.063186,235.984817,231.000044
2020-01-21,2020,256.420431,447.034353,159.824556,341.70134,232.339682,227.446504
2020-01-22,2020,255.537915,467.902452,159.851868,339.583046,235.049709,230.374127
2020-01-23,2020,256.703562,460.570376,159.879186,342.277287,237.307072,232.615278
2020-01-24,2020,255.651482,455.354382,159.906507,339.760554,235.019928,230.172224
2020-01-27,2020,250.559682,440.301426,159.933834,327.751737,227.288905,222.681533
2020-01-28,2020,255.012356,438.390745,159.961165,338.169442,231.253685,226.739838
2020-01-29,2020,252.318699,429.839816,159.988501,331.795494,229.081693,223.872768
2020-01-30,2020,251.04299,417.838615,160.015841,328.753272,229.3656,224.498686
2020-01-31,2020,250.076824,404.027945,160.043186,326.438372,225.857455,219.875049
2020-02-03,2020,252.878512,409.38156,160.070536,332.976746,227.580754,222.944005
2020-02-04,2020,254.40461,406.274527,160.09789,336.517872,229.423176,224.53906
2020-02-05,2020,256.69354,408.15787,160.12525,341.85141,230.358284,225.669726
2020-02-06,2020,254.583652,403.043126,160.151089,336.851582,228.694546,224.014102
2020-02-07,2020,251.791655,394.269394,160.176933,330.249007,225.875323,220.783617
2020-02-10,2020,249.082581,389.560894,160.20278,323.841267,223.492882,219.652952
2020-02-11,2020,253.546678,403.098046,160.228632,334.28823,229.053897,224.720783
2020-02-12,2020,254.798186,411.157914,160.254488,337.186607,231.640832,227.042683
2020-02-13,2020,255.650808,410.314807,160.280349,339.147719,229.63164,223.913158
2020-02-14,2020,255.762,407.56427,160.306213,339.366696,227.088383,222.257534
2020-02-17,2020,258.081001,407.557927,160.332082,344.773327,228.930805,223.711256
2020-02-18,2020,259.679974,407.620365,160.357954,348.48811,228.271662,224.397727
2020-02-19,2020,261.543501,407.589313,160.383831,352.824504,231.331115,226.295643
2020-02-20,2020,259.167212,399.470636,160.409712,347.198652,227.495384,222.499811
2020-02-21,2020,259.737677,397.877056,160.435598,348.496741,225.698625,220.98552
2020-02-26,2020,247.89791,371.206863,160.461487,320.634658,209.88914,205.741667
2020-02-27,2020,243.1473,358.681892,160.487381,309.429872,204.461143,200.29021
2020-02-28,2020,243.584552,364.641422,160.513279,310.414933,206.819761,203.11689
2020-03-02,2020,248.035936,371.888496,160.539181,320.831941,211.689869,207.942429
2020-03-03,2020,244.900322,369.090794,160.565087,313.421871,209.529788,205.438805
2020-03-04,2020,248.895829,366.129353,160.590997,322.767699,212.879104,208.164526
2020-03-05,2020,240.71579,335.797041,160.616912,303.504792,202.970132,199.462406
2020-03-06,2020,236.956367,323.317779,160.642831,294.628943,194.560113,190.598757
2020-03-09,2020,218.543827,273.718186,160.668754,251.322844,170.874672,166.975809
2020-03-10,2020,226.301915,296.687101,160.694681,269.509533,183.07873,178.948804
2020-03-11,2020,217.458428,280.21066,160.720612,248.687703,169.095782,165.683615
2020-03-12,2020,198.142254,221.232666,160.746548,203.258323,144.103969,141.535724
2020-03-13,2020,210.200678,260.558524,160.772487,231.54944,164.14626,160.494646
2020-03-16,2020,195.358217,226.241008,160.798431,196.631875,141.294674,138.103338
2020-03-17,2020,200.52149,220.762665,160.824379,208.721527,148.142208,143.352876
2020-03-18,2020,190.732713,181.819251,160.850331,185.678524,132.811196,131.258744
2020-03-19,2020,190.873681,188.22828,160.873216,185.972338,135.66417,131.238549
2020-03-20,2020,191.035385,195.90901,160.896103,186.314871,133.15665,130.77416
2020-03-23,2020,188.025645,182.615684,160.918994,179.205494,126.209847,123.444997
2020-03-24,2020,193.794231,199.130017,160.941888,192.722437,138.437729,136.084283
2020-03-25,2020,198.77209,229.013807,160.964785,204.38141,148.815248,144.826793
2020-03-26,2020,202.729595,244.566159,160.987685,213.642868,154.282951,150.560901
2020-03-27,2020,198.782729,225.516426,161.010589,204.331516,145.783591,141.778016
2020-03-30,2020,200.939877,223.661601,161.033496,209.362686,148.187871,145.311362
2020-03-31,2020,199.302377,216.594342,161.056406,205.477613,144.971575,140.021433
2020-04-01,2020,196.631634,205.536494,161.07932,199.164736,140.895615,137.659143
2020-04-02,2020,194.295502,202.305129,161.102236,193.638086,143.448798,140.586766
2020-04-03,2020,192.810176,185.848888,161.125156,190.110558,138.058524,135.074756
2020-04-06,2020,197.416148,201.289247,161.14808,200.895673,147.062168,144.503737
2020-04-07,2020,197.541661,213.096639,161.171006,201.153103,151.598734,148.420708
2020-04-08,2020,199.971553,228.585517,161.193936,206.825097,156.099563,152.903012
2020-04-09,2020,200.895633,229.719992,161.216869,208.958899,154.227361,151.166623
2020-04-13,2020,203.249423,234.124737,161.239805,214.452069,156.518476,153.367385
2020-04-14,2020,204.313504,245.227669,161.262745,216.91482,158.666644,155.164343
2020-04-15,2020,204.473183,244.934541,161.285688,217.252502,156.508549,153.549108
2020-04-16,2020,203.603611,246.44746,161.308634,215.17176,154.485459,151.287762
2020-04-17,2020,204.489272,247.960637,161.331583,217.215263,156.824222,153.448149
2020-04-20,2020,205.828929,252.507188,161.354536,220.32551,156.790471,152.761678
2020-04-22,2020,208.61386,256.052646,161.377492,226.831692,160.193392,156.880536
2020-04-23,2020,207.417702,251.902864,161.400451,223.983555,158.180229,154.760538
2020-04-24,2020,202.155074,233.346783,161.423414,211.580481,149.559761,146.199751
2020-04-27,2020,207.215994,240.695192,161.446379,223.434511,155.333211,152.014623
2020-04-28,2020,212.548324,245.93418,161.469348,235.926263,161.434247,158.091981
2020-04-29,2020,213.965437,265.275045,161.492321,239.218474,165.125046,161.887798
2020-04-30,2020,214.485441,258.25215,161.515296,240.402754,159.83404,155.891204
2020-05-04,2020,210.298567,250.779257,161.538275,230.527338,156.59789,153.650052
2020-05-05,2020,210.301748,249.107111,161.561257,230.497236,157.779184,154.538441
2020-05-06,2020,209.043894,244.509114,161.584242,227.504088,156.97114,153.851954
2020-05-07,2020,208.711712,238.905753,161.602574,226.693593,155.094967,152.23672
2020-05-08,2020,208.71467,235.626908,161.620908,226.670566,159.351596,156.335398
2020-05-11,2020,210.193847,226.052893,161.639244,230.116188,156.973125,153.730816
2020-05-12,2020,209.951539,220.759071,161.657582,229.516858,154.604581,151.429095
2020-05-13,2020,209.824885,214.402027,161.675922,229.189273,154.406044,151.731956
2020-05-14,2020,211.521432,220.122275,161.694264,233.145638,156.865915,153.952913
2020-05-15,2020,209.035334,218.469122,161.712608,227.27409,153.97919,150.540706
2020-05-18,2020,210.223295,227.275536,161.730954,230.035429,161.199974,157.546828
2020-05-19,2020,210.159413,229.243771,161.749303,229.855327,160.302587,156.779593
2020-05-20,2020,209.843527,233.186049,161.767653,229.08309,161.448145,158.394827
2020-05-21,2020,209.47944,241.536075,161.786006,228.197591,164.839153,161.463799
2020-05-22,2020,209.715067,237.986488,161.80436,228.721228,163.143649,161.40323
2020-05-25,2020,212.218727,251.008068,161.822717,234.574035,170.072583,166.773907
2020-05-26,2020,212.976256,252.607179,161.841076,236.323973,169.687422,166.471045
2020-05-27,2020,217.214077,261.880022,161.859437,246.251507,174.605179,170.973544
2020-05-28,2020,216.563419,261.829863,161.8778,244.692639,172.625767,168.89392
2020-05-29,2020,216.703935,260.392907,161.896165,244.99278,173.527124,169.903448
2020-06-01,2020,217.70796,271.80849,161.914532,247.321893,175.943317,172.285933
2020-06-02,2020,219.583225,287.695885,161.932901,251.698144,180.75982,177.23261
2020-06-03,2020,221.778808,309.103301,161.951272,256.82704,184.6432,180.442915
2020-06-04,2020,223.196921,323.251194,161.969646,260.129123,186.285099,182.340816
2020-06-05,2020,223.435469,327.369313,161.988021,260.659589,187.889276,183.834927
2020-06-08,2020,228.96906,343.999791,162.006399,273.63175,193.861263,189.690173
2020-06-09,2020,227.349889,341.726941,162.024778,269.797153,192.078403,187.671119
2020-06-10,2020,224.756036,336.292311,162.04316,263.672355,187.986559,184.077204
2020-06-12,2020,223.909459,327.153555,162.061544,261.653104,184.232228,180.200623
2020-06-15,2020,223.289952,322.079858,162.07993,260.167394,183.400359,179.837192
2020-06-16,2020,224.597021,320.095933,162.098318,263.208533,185.693459,181.714914
2020-06-17,2020,226.59408,324.942542,162.116708,267.870928,189.695961,185.652064
2020-06-18,2020,227.333263,326.654548,162.130394,269.585401,190.843504,187.025022
2020-06-19,2020,227.456371,332.948511,162.144081,269.852287,191.730963,187.045217
2020-06-22,2020,226.602497,337.120548,162.157769,267.823569,189.277049,185.248259
2020-06-23,2020,226.328919,349.874639,162.171458,267.158364,190.545699,186.277982
2020-06-24,2020,225.955091,345.587928,162.185149,266.257598,187.373081,183.269579
2020-06-25,2020,226.560744,343.717468,162.19884,267.658307,190.561582,186.540453
2020-06-26,2020,223.565746,331.115225,162.212533,260.59861,186.295026,182.159108
2020-06-29,2020,225.09877,336.267855,162.226227,264.178347,190.06921,186.358746
2020-06-30,2020,224.711003,334.457115,162.239922,263.244823,188.721146,184.985788
2020-07-01,2020,225.395822,340.978987,162.253619,264.831538,190.998363,187.125981
2020-07-02,2020,224.33575,336.976046,162.267316,262.318305,191.061894,186.76255
2020-07-03,2020,225.902423,348.565422,162.281015,265.977098,192.11414,188.155703
2020-07-06,2020,227.5367,353.980783,162.294714,269.794738,196.426359,192.436089
2020-07-07,2020,229.999779,348.098896,162.308415,275.559802,194.091566,189.993035
2020-07-08,2020,230.005734,351.155595,162.322117,275.551392,198.080171,194.031144
2020-07-09,2020,228.036774,347.343234,162.335821,270.902546,196.869096,192.638007
2020-07-10,2020,229.457894,347.783623,162.349525,274.219325,198.600337,194.515713
2020-07-13,2020,227.520413,350.889117,162.363231,269.644441,195.949871,191.911146
2020-07-14,2020,226.978253,349.723915,162.376937,268.348124,199.410367,195.040671
2020-07-15,2020,229.997137,354.302297,162.390645,275.419143,202.092599,197.92792
2020-07-16,2020,229.678244,350.867742,162.404354,274.647429,199.634714,195.484866
2020-07-17,2020,233.828258,358.061343,162.418064,284.376249,204.270548,200.148877
2020-07-20,2020,235.888116,364.273278,162.431776,289.193854,207.324044,202.914987
2020-07-21,2020,235.953212,360.068974,162.445488,289.324387,207.093741,202.490988
2020-07-22,2020,237.478675,357.617464,162.459202,292.886325,207.054034,202.672695
2020-07-23,2020,235.555338,350.90428,162.472917,288.344661,203.089254,198.674976
2020-07-24,2020,234.731811,353.062621,162.486633,286.387204,203.265952,199.058585
2020-07-27,2020,236.231051,349.097604,162.50035,289.887521,207.425298,202.834223
2020-07-28,2020,236.452117,350.374157,162.514068,290.384526,206.694682,202.006419
2020-07-29,2020,234.836914,353.901823,162.527787,286.566871,209.664793,204.893667
2020-07-30,2020,235.552169,357.614557,162.541508,288.225063,208.481514,204.550416
2020-07-31,2020,234.160411,349.667842,162.55523,284.93243,204.318197,200.471933
2020-08-03,2020,234.642438,352.141982,162.568953,286.042605,204.155397,200.29021
2020-08-04,2020,232.29026,346.735889,162.582677,280.493283,200.951013,197.059726
2020-08-05,2020,232.450589,355.122011,162.596402,280.847565,204.099806,199.86621
2020-08-06,2020,233.930268,361.090062,162.608546,284.304492,206.728434,202.248695
2020-08-07,2020,232.567471,361.02166,162.620692,281.082486,204.048187,199.54317
2020-08-10,2020,233.75746,353.602228,162.632838,283.858728,205.374413,200.976697
2020-08-11,2020,233.60856,354.546471,162.644985,283.489,202.852995,198.271155
2020-08-12,2020,235.086435,345.322465,162.657133,286.941681,202.741815,198.533642
2020-08-13,2020,232.941745,345.457216,162.669282,281.882465,199.45206,194.858964
2020-08-14,2020,235.094284,341.601303,162.681431,286.920395,201.223008,196.797254
2020-08-17,2020,234.931812,327.916821,162.693582,286.518769,197.732731,193.486006
2020-08-18,2020,237.609542,340.260338,162.705734,292.790727,202.63659,198.372114
2020-08-19,2020,239.267577,336.400499,162.717886,296.666722,200.232309,195.848296
2020-08-20,2020,240.249828,338.057195,162.730039,298.954833,201.451325,197.201059
2020-08-21,2020,240.842995,345.275772,162.742194,300.328718,201.55655,197.059726
2020-08-24,2020,242.952971,347.616967,162.754349,305.266627,203.099181,198.876878
2020-08-25,2020,243.469883,347.972978,162.766505,306.461333,202.741815,198.574017
2020-08-26,2020,242.483541,343.298781,162.778662,304.123859,199.781631,195.10124
2020-08-27,2020,242.377744,344.836822,162.79082,303.855392,199.775675,195.585824
2020-08-28,2020,243.6541,351.854338,162.802979,306.834549,202.791449,198.473073
2020-08-31,2020,241.037773,347.397407,162.815139,300.667117,197.284038,193.223519
2020-09-01,2020,241.516794,351.906108,162.827299,301.772782,202.841083,198.574017
2020-09-02,2020,242.954579,356.312814,162.839461,305.131242,202.330844,198.170212
2020-09-03,2020,241.008998,352.424965,162.851623,300.53985,199.968256,195.767532
2020-09-04,2020,241.09651,357.91393,162.863787,300.725587,201.002632,196.696295
2020-09-08,2020,240.092615,356.901032,162.875951,298.346857,198.636074,195.444491
2020-09-09,2020,241.200978,359.42664,162.888116,300.931274,201.101901,196.857823
2020-09-10,2020,240.965312,349.765041,162.900282,300.357641,196.223851,191.890951
2020-09-11,2020,238.198222,338.287722,162.912449,293.835948,195.286758,190.760285
2020-09-14,2020,241.391639,352.051577,162.924617,301.319585,199.082781,194.858964
2020-09-15,2020,242.633385,349.125647,162.936786,304.217404,199.128445,194.758005
2020-09-16,2020,242.756434,350.628373,162.948956,304.486633,197.893546,193.647534
2020-09-17,2020,242.206232,346.857759,162.961127,303.17393,198.731371,194.576297
2020-09-18,2020,239.916318,340.344444,162.973298,297.773446,195.141826,191.083326
2020-09-21,2020,238.305951,333.505973,162.985471,293.969684,192.562833,188.579703
2020-09-22,2020,237.853902,332.984196,162.997644,292.887606,193.164399,189.124841
2020-09-23,2020,234.945055,324.782177,163.009818,286.03282,190.06921,186.096259
2020-09-24,2020,236.515033,332.380334,163.021993,289.701869,192.604525,188.3778
2020-09-25,2020,236.344826,333.592505,163.03417,289.282028,192.578716,188.781605
2020-09-28,2020,232.17784,331.032427,163.046347,279.471003,187.946852,184.137773
2020-09-29,2020,230.798448,324.020442,163.058525,276.209951,185.790742,181.553386
2020-09-30,2020,231.176735,329.777218,163.070703,277.078894,187.821774,183.834927
2020-10-01,2020,232.679595,331.972155,163.082883,280.59023,189.560956,185.571316
2020-10-02,2020,230.651964,329.536434,163.095064,275.806016,186.656363,181.937011
2020-10-05,2020,232.037538,333.365181,163.107245,279.041763,190.772031,187.045217
2020-10-06,2020,231.075331,331.402829,163.119428,276.760959,189.830966,185.813592
2020-10-07,2020,230.475514,328.43744,163.131611,275.331656,189.654269,185.652064
2020-10-08,2020,231.911487,336.616283,163.143796,278.685821,194.40724,190.33627
2020-10-09,2020,230.574114,337.928479,163.155981,275.52349,193.539634,189.084466
2020-10-13,2020,232.277759,340.301627,163.168167,279.506597,195.564709,191.406382
2020-10-14,2020,234.514838,343.247979,163.180354,284.743109,197.21455,193.001422
2020-10-15,2020,235.287516,340.306799,163.192542,286.538731,196.658647,192.496658
2020-10-16,2020,234.868662,334.189169,163.204731,285.534627,195.179548,190.881424
2020-10-19,2020,234.516748,334.477664,163.21692,284.687807,195.872441,191.810187
2020-10-20,2020,235.455127,342.050735,163.229111,286.872773,199.608904,195.182004
2020-10-21,2020,235.052482,345.077195,163.241303,285.906749,199.632728,195.14163
2020-10-22,2020,235.473528,346.287545,163.253495,286.876139,202.344741,197.988489
2020-10-23,2020,233.825769,340.699421,163.265689,282.984482,201.038369,196.736685
2020-10-26,2020,234.329977,337.854722,163.277883,284.149277,200.555924,196.312685
2020-10-27,2020,232.754732,337.073306,163.290078,280.428004,197.75457,193.183145
2020-10-28,2020,228.319446,318.556263,163.302274,269.986524,189.342566,184.864634
2020-10-29,2020,228.182839,323.973086,163.314471,269.645599,191.750817,187.368273
2020-10-30,2020,225.657717,313.470574,163.326669,263.692405,186.529299,183.047497
2020-11-03,2020,226.620987,310.959698,163.338868,265.935844,189.775376,186.277982
2020-11-04,2020,230.293037,327.998332,163.351068,274.544067,194.190835,190.114188
2020-11-05,2020,234.846902,336.180636,163.363269,285.224278,200.07348,195.747337
2020-11-06,2020,235.543278,346.628189,163.37547,286.840594,200.123114,196.231921
2020-11-09,2020,238.209393,346.930883,163.387673,293.085177,206.30555,200.895933
2020-11-10,2020,239.723635,341.724284,163.399876,296.623221,209.16051,203.924514
2020-11-11,2020,239.388995,344.706964,163.412081,295.816966,207.534493,203.702417
2020-11-12,2020,237.184111,339.744643,163.424286,290.61622,202.854981,199.280683
2020-11-13,2020,238.700759,354.689582,163.436492,294.159913,207.494786,203.581279
2020-11-16,2020,240.824041,355.970325,163.448699,299.129003,211.302722,206.973291
2020-11-17,2020,242.238478,352.53765,163.460907,302.432526,212.889031,208.164526
2020-11-18,2020,243.073592,353.710906,163.473116,304.374822,211.407946,205.782041
2020-11-19,2020,242.518601,353.458731,163.485326,303.050802,211.475449,207.417486
2020-11-23,2020,243.694372,354.87855,163.509748,305.773564,213.186836,208.527956
2020-11-24,2020,245.197702,361.588555,163.521961,309.285951,217.965617,213.454455
2020-11-25,2020,246.222267,370.363363,163.534174,311.673389,218.65454,213.676552
2020-11-26,2020,247.411391,366.496972,163.546388,314.447488,218.841164,214.060162
2020-11-27,2020,248.167054,365.274524,163.558604,316.203087,219.532072,214.908176
2020-11-30,2020,246.654782,358.02927,163.57082,312.629747,216.182756,212.000733
2020-12-01,2020,246.96369,360.472399,163.583037,313.335609,221.040952,216.139801
2020-12-02,2020,248.315513,367.815945,163.595255,316.491992,221.991943,217.553133
2020-12-03,2020,248.913782,370.276396,163.607474,317.877759,224.185775,218.360758
2020-12-04,2020,248.129463,372.369343,163.619694,316.014874,225.700611,220.945145
2020-12-07,2020,249.705631,369.930126,163.631915,319.698394,225.587445,220.702853
2020-12-08,2020,248.380247,372.965421,163.644136,316.564174,225.480235,220.96534
2020-12-09,2020,247.485255,368.806774,163.656359,314.441237,223.794658,219.612562
2020-12-10,2020,248.417301,369.15439,163.668582,316.611268,228.301443,223.509338
2020-12-11,2020,250.621289,367.242177,163.680807,321.769963,228.9586,223.691061
2020-12-14,2020,249.876924,370.311951,163.693032,320.000948,228.267692,222.499811
2020-12-15,2020,250.239996,371.851067,163.705258,320.834063,230.592558,225.649546
2020-12-16,2020,251.871786,373.973824,163.717485,324.648269,234.168206,228.859836
2020-12-17,2020,251.776905,376.771523,163.729713,324.405334,234.585133,230.152029
2020-12-18,2020,251.707024,373.46624,163.741942,324.221142,233.636127,229.162697
2020-12-21,2020,248.218485,374.233165,163.754172,316.004167,230.33446,224.983255
2020-12-22,2020,250.424649,375.419028,163.766403,321.167964,230.993602,226.638879
2020-12-23,2020,251.341749,377.480913,163.778635,323.302864,233.989522,228.435836
2020-12-28,2020,252.464294,379.208425,163.803101,325.900491,236.360052,231.585556
2020-12-29,2020,253.005435,380.352341,163.815335,327.151999,237.201848,232.13071
2020-12-30,2020,252.885274,373.887627,163.827571,326.849652,236.866321,231.484613
2021-01-05,2021,252.183545,379.138097,163.839807,325.419014,238.194921,232.702004
2021-01-06,2021,253.59712,387.964089,163.852044,328.720895,239.449598,234.446916
2021-01-07,2021,251.527666,390.144826,163.864283,323.837768,243.655165,240.168596
2021-01-08,2021,253.83013,394.647784,163.876522,329.228506,249.890592,244.287393
2021-01-11,2021,252.206969,391.241813,163.888762,325.39415,245.355373,240.675838
2021-01-12,2021,254.614373,396.915606,163.901002,331.031489,247.734865,242.359867
2021-01-13,2021,257.470089,398.221289,163.913244,337.722345,243.822988,238.119337
2021-01-14,2021,258.397104,398.37577,163.925487,339.880815,246.701953,240.797571
2021-01-15,2021,256.845469,390.786449,163.93773,336.21454,240.750227,234.913569
2021-01-18,2021,255.784513,398.278326,163.949975,333.70134,242.228669,236.455587
2021-01-19,2021,257.321391,398.196528,163.96222,337.292963,241.091867,235.359944
2021-01-20,2021,254.74854,395.460658,163.974467,331.226857,239.163899,233.817926
2021-01-21,2021,252.740927,393.172542,163.986714,326.489041,236.636563,230.916505
2021-01-22,2021,252.738325,395.869508,163.998962,326.462934,234.09724,229.638263
2021-01-26,2021,250.829183,393.84881,164.023461,321.936523,232.682731,227.406404
2021-01-27,2021,249.983213,390.432196,164.035712,319.928523,231.519957,226.4122
2021-01-28,2021,251.81638,390.353132,164.047964,324.216407,238.376729,232.33679
2021-01-29,2021,251.309092,385.002568,164.060217,323.004296,231.769693,224.322369
2021-02-01,2021,252.975788,388.172549,164.07247,326.900974,234.482833,229.394781
2021-02-02,2021,255.185488,389.480836,164.084725,332.073694,236.219003,230.997666
2021-02-03,2021,255.917735,391.77859,164.09698,333.774444,239.197863,233.83822
2021-02-04,2021,255.966331,388.304441,164.109237,333.868637,238.270841,232.559977
2021-02-05,2021,256.99777,389.673639,164.121494,336.272477,239.597442,234.994729
2021-02-08,2021,256.118077,391.222936,164.133752,334.185217,238.780303,233.696193
2021-02-09,2021,257.959925,392.288965,164.146012,338.493489,238.606487,233.148379
2021-02-10,2021,256.371117,391.347978,164.158272,334.739829,236.610591,231.139693
2021-02-11,2021,258.174769,392.321365,164.170533,338.958337,238.218895,233.128085
2021-02-12,2021,260.052731,395.21229,164.182794,343.351471,237.981146,233.432433
2021-02-17,2021,265.891239,401.958107,164.195057,357.051757,240.528461,235.07589
2021-02-18,2021,261.686108,397.659244,164.207321,347.149818,238.029095,232.539683
2021-02-19,2021,260.60467,399.184359,164.219586,344.588455,237.245921,230.936799
2021-02-22,2021,256.395571,398.035067,164.231851,334.677187,225.098725,219.635465
2021-02-23,2021,257.863613,399.590011,164.244118,338.107015,230.211336,224.728171
2021-02-24,2021,258.164083,403.002454,164.256385,338.793085,231.092407,226.148441
2021-02-25,2021,253.554207,392.293727,164.268653,327.940002,224.275593,219.310823
2021-02-26,2021,249.817819,386.846349,164.280923,319.139586,219.83827,214.23841
2021-03-01,2021,249.24048,388.384664,164.293193,317.762829,220.437638,214.94856
2021-03-02,2021,249.960184,388.223608,164.305464,319.43408,222.845101,218.113741
2021-03-03,2021,251.873052,390.564474,164.317736,323.909223,222.13385,217.4239
2021-03-04,2021,255.195101,389.322016,164.330009,331.695896,225.142679,220.284733
2021-03-05,2021,257.203491,391.95937,164.342282,336.395513,230.161389,225.073092
2021-03-08,2021,255.322201,385.799341,164.354557,331.954506,220.991055,213.751463
2021-03-09,2021,259.312615,393.624948,164.366833,341.31181,222.427541,217.484767
2021-03-10,2021,256.85105,390.435651,164.379109,335.507174,225.314498,220.406466
2021-03-11,2021,257.917143,392.033375,164.391387,337.992416,229.725848,224.099182
2021-03-12,2021,259.568602,395.224525,164.403665,341.853248,228.079583,222.884561
2021-03-15,2021,264.932398,401.724958,164.415945,354.437947,229.460128,224.240605
2021-03-16,2021,265.441705,403.559298,164.428225,355.614758,227.79788,222.60656
2021-03-17,2021,267.305858,404.86472,164.440506,359.975408,232.852552,227.546992
2021-03-18,2021,268.33599,405.663516,164.457573,362.368325,229.428162,224.197819
2021-03-19,2021,266.731997,398.48773,164.474642,358.571132,232.199241,226.899457
2021-03-22,2021,265.024406,394.492801,164.491713,354.530483,229.715858,224.476904
2021-03-23,2021,267.540561,395.70835,164.508786,360.415497,226.285474,221.127065
2021-03-24,2021,264.502638,391.816762,164.52586,353.248607,223.891997,218.787637
2021-03-25,2021,267.085816,392.94396,164.542936,359.291117,227.260446,222.075201
2021-03-26,2021,266.50326,395.670739,164.560014,357.894251,229.320275,224.092959
2021-03-29,2021,266.548492,394.230885,164.577094,357.972666,230.594932,225.337471
2021-03-30,2021,267.815856,397.835559,164.594175,360.923046,233.453918,228.131802
2021-03-31,2021,270.814171,398.951262,164.611259,367.941104,233.022373,227.704251
2021-04-01,2021,270.091597,396.510737,164.628344,366.21519,230.263281,225.015693
2021-04-05,2021,271.143617,401.771147,164.64543,368.659511,234.788511,229.443698
2021-04-06,2021,271.356625,402.800697,164.662519,369.132176,234.750551,229.401964
2021-04-07,2021,270.051271,400.703147,164.679609,366.036742,235.000288,229.642551
2021-04-08,2021,272.391437,404.708001,164.696701,371.508155,236.376837,230.794772
2021-04-09,2021,273.826118,407.528803,164.713795,374.851706,235.092191,229.293343
2021-04-12,2021,273.18881,406.902008,164.730891,373.326146,237.373786,232.113603
2021-04-13,2021,271.342835,406.655578,164.747988,368.960256,238.342765,232.661416
2021-04-14,2021,272.89813,408.900096,164.765087,372.587236,240.336663,234.548355
2021-04-15,2021,275.1142,412.318729,164.782188,377.767015,241.147808,235.76573
2021-04-16,2021,274.934807,409.743969,164.799291,377.317528,241.972938,236.293266
2021-04-19,2021,275.008004,408.153982,164.816396,377.461618,241.613317,236.049784
2021-04-20,2021,279.414783,407.540984,164.833502,387.789481,239.871154,234.304889
2021-04-22,2021,282.599799,412.990713,164.85061,395.246239,238.490609,233.229524
2021-04-23,2021,282.673425,416.498654,164.86772,395.391328,240.806168,235.299077
2021-04-26,2021,281.076211,416.915052,164.884831,391.609995,240.936031,235.258489
2021-04-27,2021,278.587655,414.994201,164.901945,385.734035,238.524573,232.884604
2021-04-28,2021,277.570666,413.680386,164.91906,383.316208,241.851067,236.171533
2021-04-29,2021,283.407455,416.645259,164.936177,397.004528,239.879145,233.980247
2021-04-30,2021,281.764093,415.229531,164.953296,393.11474,237.537613,232.113603
2021-05-03,2021,281.49692,414.245422,164.970416,392.458944,238.16695,232.68171
2021-05-04,2021,280.752598,412.121803,164.987538,390.681863,235.176103,229.820862
2021-05-05,2021,281.345403,414.1946,165.004663,392.046983,238.876202,233.635326
2021-05-06,2021,282.19892,415.917859,165.026557,394.01698,239.589451,234.203434
2021-05-07,2021,283.805743,414.334143,165.048454,397.757217,243.818992,238.322231
2021-05-10,2021,281.36142,408.081103,165.070355,391.977391,243.561264,237.672963
2021-05-11,2021,282.117177,407.369212,165.092258,393.71764,245.669042,239.681634
2021-05-12,2021,275.034037,400.316382,165.114164,377.036736,239.167895,233.878792
2021-05-13,2021,275.789459,399.710044,165.136073,378.77619,241.157797,235.441104
2021-05-14,2021,278.394211,400.246443,165.157985,384.861504,243.505323,237.875856
2021-05-17,2021,278.25258,401.928398,165.1799,384.492904,245.617097,240.046848
2021-05-18,2021,278.319339,404.582014,165.201817,384.614007,245.701008,239.803382
2021-05-19,2021,282.389368,403.691246,165.223738,394.142661,245.013733,239.438168
2021-05-20,2021,281.794167,402.483013,165.245662,392.70817,245.143596,239.235274
2021-05-21,2021,280.279335,401.53807,165.267588,389.112574,244.925826,239.438168
2021-05-24,2021,282.620242,406.355799,165.289517,394.577831,247.802793,241.974374
2021-05-25,2021,281.387917,405.233613,165.31145,391.646109,245.716992,240.229463
2021-05-26,2021,282.006455,405.488543,165.333385,393.063847,247.716884,241.933786
2021-05-27,2021,281.194342,405.359502,165.355323,391.119596,248.472087,242.643921
2021-05-28,2021,281.596973,409.354038,165.377264,392.029952,250.857573,244.936661
2021-05-31,2021,281.997993,410.081239,165.399208,392.936516,252.166194,246.01201
2021-06-01,2021,281.074531,408.899378,165.421155,390.730587,256.263874,250.232261
2021-06-02,2021,281.681484,405.809732,165.443104,392.121075,258.929065,252.951067
2021-06-04,2021,281.494201,406.768138,165.465057,391.645133,259.977959,253.722083
2021-06-07,2021,281.116706,405.434872,165.487013,390.722192,261.27659,255.142353
2021-06-08,2021,278.999674,403.378893,165.508971,385.711392,259.300673,253.032227
2021-06-09,2021,279.899593,405.918072,165.530932,387.790326,259.54042,253.377148
2021-06-10,2021,280.791777,404.119775,165.552897,389.851075,259.878064,253.620629
2021-06-11,2021,281.018705,406.911014,165.574864,390.34849,258.609402,252.565574
2021-06-14,2021,281.12714,404.332408,165.596834,390.567446,260.141787,253.924977
2021-06-15,2021,281.561253,403.841231,165.618807,391.55173,259.908033,253.985843
2021-06-16,2021,278.45637,398.935052,165.640783,384.219485,258.245785,252.038039
2021-06-17,2021,276.415153,394.939417,165.667512,379.379061,255.844316,249.745298
2021-06-18,2021,279.296923,401.658051,165.694246,386.107486,256.539584,250.110513
2021-06-21,2021,279.6498,401.377524,165.720984,386.89309,258.257772,252.058333
2021-06-22,2021,279.119958,401.063403,165.747727,385.604325,257.262821,251.22645
2021-06-23,2021,277.763519,400.82164,165.774473,382.37308,256.585535,250.658342
2021-06-24,2021,279.414963,403.000485,165.801224,386.210251,258.755248,252.667013
2021-06-25,2021,277.963718,398.852761,165.82798,382.7562,254.244003,248.548216
2021-06-28,2021,279.601471,401.072089,165.854739,386.561185,254.589639,248.446762
2021-06-29,2021,278.373393,404.623377,165.881503,383.631554,254.385854,248.162708
2021-06-30,2021,278.131863,403.371543,165.908272,383.02027,253.336959,247.148226
2021-07-01,2021,278.253826,405.140176,165.935044,383.263178,251.067352,244.956955
2021-07-02,2021,280.299594,412.031757,165.961821,388.026956,254.975233,249.116324
2021-07-05,2021,284.131929,418.73309,165.988603,396.989101,253.572711,247.472867
2021-07-06,2021,282.668109,416.772632,166.015388,393.505451,249.926554,244.084499
2021-07-07,2021,283.794021,421.915693,166.042178,396.107576,253.770502,248.101842
2021-07-08,2021,283.90741,419.305489,166.068972,396.330298,250.591853,244.814928
2021-07-12,2021,284.848457,423.106783,166.122574,398.454232,254.919292,249.116324
2021-07-13,2021,284.451776,424.321335,166.149381,397.478286,256.066083,250.211967
2021-07-14,2021,286.149199,423.338736,166.176192,401.42341,256.543579,250.516315
2021-07-15,2021,284.334057,423.448927,166.203008,397.114113,254.667557,249.156912
2021-07-16,2021,283.161695,418.353191,166.229828,394.315322,251.654733,245.809117
2021-07-19,2021,281.3251,415.972248,166.256653,389.955597,248.528028,242.948269
2021-07-20,2021,284.349294,418.895313,166.283482,397.018559,250.53791,244.69318
2021-07-21,2021,284.090555,419.372863,166.310315,396.366729,251.592798,245.74825
2021-07-22,2021,284.435904,418.389133,166.337152,397.134481,252.028339,246.377224
2021-07-23,2021,284.518698,419.056107,166.363994,397.28523,249.842643,243.881591
2021-07-26,2021,283.588236,417.759112,166.39084,395.054853,251.74264,245.910556
2021-07-27,2021,281.470167,415.152292,166.417691,390.03363,248.961571,242.988856
2021-07-28,2021,281.606707,418.460773,166.444546,390.310659,252.306046,246.417797
2021-07-29,2021,283.865396,422.28423,166.471405,395.574661,251.085333,244.956955
2021-07-30,2021,280.055561,418.392986,166.498268,386.577823,243.345491,237.612096
2021-08-02,2021,282.272731,422.947936,166.525136,391.744242,244.773986,238.606285
2021-08-03,2021,282.93007,423.171235,166.552008,393.245103,246.893751,240.899025
2021-08-04,2021,280.184573,420.455815,166.578885,386.749403,243.345491,237.307748
2021-08-05,2021,278.004905,417.861554,166.612084,381.573062,243.009845,237.246882
2021-08-06,2021,279.023297,419.311602,166.64529,383.912047,245.361366,239.904821
2021-08-09,2021,283.209665,422.423824,166.678502,393.695661,245.778926,239.701928
2021-08-10,2021,282.358059,422.168265,166.711721,391.640189,244.146647,238.545418
2021-08-11,2021,280.526016,418.694632,166.744947,387.280712,243.854954,237.916444
2021-08-12,2021,278.835346,416.200721,166.778179,383.253448,241.147808,235.096184
2021-08-13,2021,277.00979,412.773694,166.811418,378.909194,242.13277,236.496159
2021-08-16,2021,273.669144,405.645803,166.844664,371.004518,238.109011,232.580256
2021-08-17,2021,271.130168,402.866094,166.877916,364.983728,235.559698,229.983183
2021-08-18,2021,271.993916,401.672121,166.911174,366.959217,233.040354,227.365816
2021-08-19,2021,275.847182,403.839408,166.94444,375.959965,234.083255,228.968701
2021-08-20,2021,278.245346,405.431522,166.977712,381.54126,235.857385,230.591879
2021-08-23,2021,278.585654,404.815796,167.010991,382.286652,234.696608,229.374503
2021-08-24,2021,280.607064,407.284149,167.044276,386.982565,240.16884,234.609221
2021-08-25,2021,281.90664,408.551259,167.077568,389.982183,241.381562,235.643998
2021-08-26,2021,279.405991,406.065605,167.110866,384.051386,237.197971,231.444041
2021-08-27,2021,280.031098,407.992991,167.144172,385.466001,241.101856,235.725158
2021-08-30,2021,278.474853,405.356658,167.177483,381.7545,239.227832,233.4933
2021-08-31,2021,275.141857,398.312263,167.210802,373.867681,237.311851,231.464334
2021-09-01,2021,278.423808,398.353554,167.244127,381.525761,238.540556,232.925192
2021-09-02,2021,274.818598,394.495945,167.277459,372.999228,233.108282,227.548431
2021-09-03,2021,274.349787,394.678257,167.310797,371.843116,233.619743,227.426683
2021-09-06,2021,276.673864,396.064997,167.344142,377.250191,235.489772,230.246959
2021-09-08,2021,272.820627,393.349298,167.377494,368.14077,226.587156,221.319509
2021-09-09,2021,275.757062,399.933937,167.410852,374.986843,230.479054,226.249895
2021-09-10,2021,277.56283,399.750661,167.444217,379.175875,228.331318,222.942672
2021-09-13,2021,275.757996,400.122691,167.477589,374.880102,232.562857,227.487565
2021-09-14,2021,278.06868,404.011324,167.510967,380.255647,232.117327,226.635388
2021-09-15,2021,280.018023,409.017463,167.544352,384.782044,229.883681,224.56585
2021-09-16,2021,279.938186,405.412308,167.577744,384.539924,227.348354,222.049938
2021-09-17,2021,277.005366,399.001234,167.611142,377.593376,222.643313,217.383312
2021-09-20,2021,273.118322,394.521477,167.644547,368.404421,217.458778,212.57466
2021-09-21,2021,275.595588,397.037824,167.677958,374.171377,220.267817,214.603625
2021-09-22,2021,279.035675,403.342682,167.711377,382.200919,224.327538,219.107929
2021-09-23,2021,282.094113,406.09998,167.751102,389.3233,227.887785,222.374564
2021-09-24,2021,282.309505,404.459048,167.790838,389.764604,226.32743,221.218055
2021-09-27,2021,284.385016,402.085917,167.830582,394.57711,226.926798,220.934001
2021-09-28,2021,282.358263,397.284985,167.870336,389.749414,220.016083,214.725373
2021-09-29,2021,286.177447,397.733883,167.9101,398.659465,221.980013,216.754338
2021-09-30,2021,285.882474,398.299423,167.949872,397.901364,221.724282,216.064482
2021-10-01,2021,287.707142,401.128184,167.989655,402.124335,225.562237,220.122412
2021-10-04,2021,284.788079,395.05034,168.029446,395.199681,220.553516,215.435508
2021-10-05,2021,283.788177,390.196119,168.069248,392.784973,220.683379,215.313775
2021-10-06,2021,283.817168,391.83792,168.109058,392.788117,220.887165,215.821016
2021-10-07,2021,284.838038,394.154712,168.148878,395.122128,220.937112,215.922455
2021-10-08,2021,286.531844,396.622253,168.188708,399.037502,225.428378,219.919519
2021-10-11,2021,289.12728,399.375204,168.228546,405.071662,224.123753,218.620982
2021-10-13,2021,292.169286,402.776649,168.268395,412.155228,226.673066,221.644136
2021-10-14,2021,296.452262,406.130571,168.308252,422.155021,226.131636,221.096322
2021-10-15,2021,294.74436,404.791188,168.34812,418.07643,229.054555,223.632528
2021-10-18,2021,295.496512,407.316849,168.387996,419.77887,228.615019,223.084699
2021-10-19,2021,293.36488,405.398506,168.427882,414.704497,221.112927,216.693472
2021-10-20,2021,291.767308,405.956763,168.467778,410.885132,221.338689,216.551445
2021-10-21,2021,289.656389,402.651989,168.507683,405.859404,215.243114,210.302229
2021-10-22,2021,285.727495,397.434982,168.547597,396.561478,212.368144,207.623995
2021-10-25,2021,288.131733,400.80325,168.587521,402.14619,217.20105,212.1283
2021-10-26,2021,285.152592,396.226683,168.627454,395.080121,212.615883,207.461674
2021-10-27,2021,287.919354,395.626221,168.667397,401.516719,212.502003,207.766022
2021-10-28,2021,285.581087,392.150307,168.716743,395.941321,211.187389,204.134173
2021-10-29,2021,285.29258,385.750153,168.766102,395.182768,206.784031,202.247235
2021-11-01,2021,283.974729,386.629071,168.815477,392.005264,210.879713,205.980523
2021-11-03,2021,288.141379,390.706401,168.864865,401.716136,211.011574,206.954433
2021-11-04,2021,287.795495,390.244976,168.914268,400.822677,206.606218,202.186368
2021-11-05,2021,291.001924,395.791319,168.963686,408.277015,209.427244,204.53996
2021-11-08,2021,293.234464,396.752393,169.013118,413.44272,209.341335,204.580548
2021-11-09,2021,294.966729,396.237974,169.062564,417.432773,210.847747,205.716763
2021-11-10,2021,294.905166,396.1833,169.112025,417.207366,211.712835,206.995006
2021-11-11,2021,295.232605,395.976669,169.161501,417.896075,215.223135,210.099335
2021-11-12,2021,292.981038,390.504691,169.210991,412.524182,212.400111,207.218193
2021-11-16,2021,288.726318,385.851572,169.260495,402.444922,208.79591,203.626932
2021-11-17,2021,284.860073,383.568532,169.310014,393.278542,205.673201,201.374779
2021-11-18,2021,285.586282,381.986107,169.359547,394.904252,204.832088,200.157403
2021-11-19,2021,286.164674,384.995398,169.409095,396.182576,205.853012,201.415352
2021-11-22,2021,281.82645,381.44961,169.458657,385.90699,204.028935,199.32552
2021-11-23,2021,285.313389,383.228516,169.508234,394.020256,207.107689,202.896503
2021-11-24,2021,284.94658,384.290545,169.557825,393.077316,208.807897,204.235627
2021-11-25,2021,286.668065,389.332942,169.607431,397.041777,211.399166,206.934139
2021-11-26,2021,282.266716,383.846671,169.657052,386.617754,204.23272,199.629868
2021-11-29,2021,283.151614,384.26001,169.706687,388.616213,205.411477,200.887832
2021-11-30,2021,280.760269,382.229703,169.756336,382.915587,203.615371,199.548708
2021-12-01,2021,277.560567,384.231872,169.806,375.315322,201.337771,196.992207
2021-12-02,2021,280.733463,387.022109,169.855678,382.690433,208.711998,203.768959
2021-12-03,2021,277.331449,384.980216,169.905371,374.614696,209.918726,205.574736
2021-12-06,2021,279.478941,390.377995,169.955079,379.580091,213.492959,208.983398
2021-12-07,2021,280.275565,393.542615,170.004801,381.370967,214.889487,210.261641
2021-12-08,2021,286.923658,400.376439,170.054537,396.912581,215.964354,211.41815
2021-12-09,2021,284.78862,401.139191,170.11363,391.798854,212.358155,207.238487
2021-12-10,2021,283.814895,398.343996,170.172742,389.414139,215.289065,210.46455
2021-12-13,2021,284.212701,399.064727,170.231876,390.252444,214.539855,209.997881
2021-12-14,2021,285.489008,394.953192,170.29103,393.155166,213.295167,208.374703
2021-12-15,2021,287.094114,398.875539,170.350204,396.830518,214.513883,209.389185
2021-12-16,2021,284.95762,399.279255,170.409399,391.713202,216.196109,211.844246
2021-12-17,2021,286.800545,397.697942,170.468615,395.947355,214.176238,209.186292
2021-12-20,2021,284.674659,393.96026,170.527851,390.8549,209.818832,204.925468
2021-12-21,2021,284.615475,394.838691,170.587107,390.619092,210.777821,205.77763
2021-12-22,2021,280.945603,394.244903,170.646385,381.898253,210.26636,205.797924
2021-12-23,2021,282.360306,393.356977,170.705683,385.125964,209.561103,204.62112
2021-12-27,2021,282.45093,393.95423,170.82434,385.145237,210.839755,206.142844
2021-12-28,2021,282.84394,393.630928,170.8837,385.971903,209.50716,205.047201
2021-12-29,2021,284.476519,395.744078,170.94308,389.711481,207.994754,203.403744
2021-12-30,2021,282.962817,395.866854,171.002482,386.057368,209.423249,204.519681
2022-01-04,2022,281.064649,390.754673,171.061904,381.825842,208.601049,203.782893
2022-01-05,2022,272.551265,373.508555,171.121346,360.597597,203.546936,198.727716
2022-01-06,2022,271.813591,370.240974,171.180809,358.657872,204.66537,200.262688
2022-01-07,2022,274.808972,373.86474,171.240293,365.978393,206.998968,202.00232
2022-01-10,2022,275.884155,372.329598,171.299797,368.535597,205.439206,201.449737
2022-01-11,2022,281.109926,378.776172,171.359322,381.388786,209.135076,204.867604
2022-01-12,2022,284.767113,388.875159,171.418867,390.350877,212.978056,208.572014
2022-01-13,2022,282.270525,385.86165,171.478434,384.047772,212.663685,207.835226
2022-01-14,2022,282.132628,381.352114,171.538021,383.595636,215.48093,210.946096
2022-01-17,2022,281.083183,378.747534,171.597629,380.882261,215.005343,209.943252
2022-01-18,2022,280.31981,371.976436,171.657257,378.878481,214.66276,210.495835
2022-01-19,2022,281.333024,373.793949,171.716906,381.281699,217.667418,212.9518
2022-01-20,2022,281.027647,375.167261,171.776576,380.413956,219.861967,214.691432
2022-01-21,2022,276.662642,368.146829,171.836267,369.475792,219.539535,214.282097
2022-01-24,2022,277.488659,373.398134,171.895978,371.414529,217.141452,213.013196
2022-01-25,2022,278.112871,376.614144,171.95571,372.852626,221.359258,217.618113
2022-01-26,2022,277.962824,372.899608,172.015463,372.370046,224.841517,219.787535
2022-01-27,2022,278.236837,372.369201,172.075237,372.939357,226.336793,221.4453
2022-01-28,2022,277.626314,376.187692,172.135031,371.314434,224.650074,220.176399
2022-01-31,2022,277.764397,379.882769,172.194846,371.546478,226.483902,220.995054
2022-02-01,2022,282.504348,391.599384,172.254682,383.193959,228.013437,223.389607
2022-02-02,2022,279.554069,385.186553,172.314539,375.764882,226.026453,220.40153
2022-02-03,2022,276.092995,372.642552,172.383755,367.051431,225.089386,220.565248
2022-02-04,2022,279.319762,380.316263,172.452998,374.927903,226.195729,221.076906
2022-02-07,2022,281.799533,383.850087,172.522269,380.951314,225.693945,220.462926
2022-02-08,2022,279.957495,384.247124,172.591567,376.253917,226.173562,221.506712
2022-02-09,2022,279.350585,383.576512,172.660894,374.62035,226.631012,221.506712
2022-02-10,2022,281.676857,390.006847,172.730248,380.262835,228.440658,223.287269
2022-02-11,2022,275.365682,380.536987,172.799631,364.479064,228.869895,223.71706
2022-02-14,2022,275.456606,382.991105,172.869041,364.576403,229.343466,224.14685
2022-02-15,2022,275.85804,380.122379,172.938479,365.443945,231.062429,226.357213
2022-02-16,2022,275.3067,378.27231,173.007945,363.947967,232.112346,226.705137
2022-02-17,2022,271.990062,376.842779,173.077439,355.592294,228.781226,223.287269
2022-02-18,2022,270.25528,371.617278,173.14696,351.160546,227.249677,222.079765
2022-02-21,2022,268.35509,363.964838,173.21651,346.318433,225.147827,219.910328
2022-02-22,2022,270.246643,370.031881,173.286088,350.882134,227.499561,223.082609
2022-02-23,2022,267.605903,366.337106,173.355693,344.202897,225.718128,220.176399
2022-02-24,2022,268.251661,373.937255,173.425327,345.676154,224.879806,219.97174
2022-02-25,2022,270.582026,372.885304,173.494988,351.328223,228.003361,222.87795
2022-03-02,2022,281.84713,394.340666,173.564678,379.14391,232.09824,227.380528
2022-03-03,2022,284.11119,394.62712,173.634395,384.631398,232.082118,227.216794
2022-03-04,2022,286.532907,395.347269,173.704141,390.509923,230.687602,225.947894
2022-03-07,2022,282.954821,389.733996,173.773914,381.505181,224.881821,219.214481
2022-03-08,2022,282.052245,389.629798,173.843715,379.1373,224.095895,219.582875
2022-03-09,2022,284.926032,394.714727,173.913545,386.137082,229.53088,224.678978
2022-03-10,2022,286.734121,397.68556,173.983403,390.493224,229.053278,223.901264
2022-03-11,2022,281.952003,386.851678,174.053288,378.50153,225.123645,220.421985
2022-03-14,2022,276.650172,381.314108,174.123202,365.220573,221.526519,217.024588
2022-03-15,2022,274.445804,377.151033,174.193144,359.623189,219.573794,214.691432
2022-03-16,2022,277.495565,383.281916,174.263114,367.059235,223.912512,219.275877
2022-03-17,2022,281.397107,393.484253,174.339335,376.596678,227.870358,222.734686
2022-03-18,2022,284.646026,401.299714,174.415589,384.51515,232.374322,226.623285
2022-03-21,2022,284.438988,400.728801,174.491877,383.860654,234.075148,229.099705
2022-03-22,2022,286.676284,403.363519,174.568198,389.269554,236.326122,231.473787
2022-03-23,2022,285.874492,401.802578,174.644552,387.139578,236.698933,231.064467
2022-03-24,2022,288.93925,406.578891,174.72094,394.600972,239.915187,234.830258
2022-03-25,2022,286.486451,402.765653,174.797361,388.375354,239.971612,234.850729
2022-03-28,2022,287.993988,402.711327,174.873816,391.973755,239.2804,234.359542
2022-03-29,2022,290.108812,409.800081,174.950304,397.078541,241.851791,236.897358
2022-03-30,2022,290.744291,411.718501,175.026825,398.513574,242.347529,237.204356
2022-03-31,2022,288.220003,407.074205,175.10338,392.110375,241.821563,236.590361
2022-04-01,2022,289.03161,408.219439,175.179969,393.982192,244.987437,239.864965
2022-04-04,2022,290.837172,411.175514,175.256591,398.319568,244.40303,239.046325
2022-04-05,2022,295.470174,417.562958,175.333246,409.670682,239.576634,234.359542
2022-04-06,2022,290.623742,411.345142,175.409935,397.506881,238.25265,233.0497
2022-04-07,2022,288.349441,405.991206,175.486658,391.723496,239.530284,234.646069
2022-04-08,2022,288.357551,405.670056,175.563414,391.601833,238.442078,233.274831
2022-04-11,2022,289.303304,405.606517,175.640203,393.806043,235.683274,230.389076
2022-04-12,2022,288.439362,400.229911,175.717027,391.521031,234.059026,228.751766
2022-04-13,2022,285.076277,394.518654,175.793884,383.03654,235.338676,230.286738
2022-04-14,2022,283.571057,390.130812,175.870774,379.160637,234.129558,228.506181
2022-04-18,2022,285.819058,392.298459,175.947698,384.594978,233.132036,228.117316
2022-04-19,2022,289.719156,401.149919,176.024656,394.127478,231.862462,227.012134
2022-04-20,2022,285.835872,399.961927,176.101647,384.352321,230.425627,225.231577
2022-04-22,2022,280.047069,387.759208,176.178672,369.85024,223.843995,218.477693
2022-04-25,2022,282.229208,394.964115,176.255731,375.120953,223.052023,218.498164
2022-04-26,2022,279.082215,392.323898,176.332824,367.172067,218.070457,213.422516
2022-04-27,2022,282.747193,401.208328,176.40995,376.121014,220.35972,215.960332
2022-04-28,2022,285.125149,404.23922,176.48711,381.877286,221.508382,216.656194
2022-04-29,2022,282.270222,398.675794,176.564304,374.652717,217.391336,211.621488
2022-05-02,2022,281.572004,397.319599,176.641531,372.778056,214.898538,210.229779
2022-05-03,2022,284.60459,403.0339,176.718792,380.158029,214.674851,210.229779
2022-05-04,2022,288.891659,410.673046,176.796087,390.649833,218.334448,213.627176
2022-05-05,2022,283.982326,396.660096,176.879675,378.317258,212.208251,207.732889
2022-05-06,2022,283.210316,390.645719,176.963302,376.247726,211.867682,207.180306
2022-05-09,2022,278.034869,376.907702,177.046968,363.25488,208.069037,204.008024
2022-05-10,2022,276.580604,379.94865,177.130674,359.492787,207.786909,203.107502
2022-05-11,2022,277.828504,384.835273,177.21442,362.433661,210.380467,205.972786
2022-05-12,2022,277.711401,386.242712,177.298205,361.988409,212.982086,208.83807
2022-05-13,2022,282.512411,399.607528,177.38203,373.743043,215.472869,211.396357
2022-05-16,2022,281.44795,405.891343,177.465894,370.947612,218.110761,213.668117
2022-05-17,2022,282.244065,404.793181,177.549798,372.767487,219.23121,214.691432
2022-05-18,2022,277.775518,396.46791,177.633742,361.527677,214.108581,209.185994
2022-05-19,2022,280.921506,404.188757,177.717726,369.17654,215.6361,210.966567
2022-05-20,2022,283.171525,410.181233,177.801749,374.602774,218.624636,214.200245
2022-05-23,2022,285.34959,408.661834,177.885812,379.850445,222.368871,218.498164
2022-05-24,2022,285.252408,410.686023,177.969914,379.454023,222.842442,218.252563
2022-05-25,2022,285.715131,412.362516,178.054057,380.44644,222.840427,218.293504
2022-05-26,2022,284.095033,407.390073,178.138239,376.272102,225.480335,221.076906
2022-05-27,2022,284.515937,405.493717,178.222461,377.160632,225.585125,220.83132
2022-05-30,2022,283.862813,407.888821,178.306723,375.38484,223.751296,218.825616
2022-05-31,2022,283.199,413.928986,178.391024,373.582457,224.394144,219.357744
2022-06-01,2022,286.181133,420.663093,178.475366,380.824197,224.41228,219.951269
2022-06-02,2022,289.791093,427.160888,178.559747,389.623263,226.493978,221.916031
2022-06-03,2022,287.225552,420.059299,178.644168,383.103198,223.89236,219.97174
2022-06-06,2022,286.145598,415.741422,178.72863,380.268235,222.04644,217.802302
2022-06-07,2022,283.539942,409.644724,178.813131,373.648514,221.812677,217.249719
2022-06-08,2022,281.12602,406.540392,178.897672,367.504337,218.382813,214.077437
2022-06-09,2022,277.529027,401.631417,178.982253,358.425343,215.815452,212.194541
2022-06-10,2022,276.981535,400.795178,179.066874,356.910917,212.56494,208.387809
2022-06-13,2022,271.96586,388.501832,179.151535,344.312566,206.755129,202.861916
2022-06-14,2022,268.804767,379.172157,179.236236,336.314649,205.676999,201.306473
2022-06-15,2022,270.698581,383.508609,179.320977,340.855947,207.176305,203.394029
2022-06-17,2022,265.847878,379.086955,179.408911,328.660785,201.166989,196.906217
2022-06-20,2022,266.265127,372.047679,179.496887,329.533314,201.223415,197.069951
2022-06-21,2022,267.57701,374.695098,179.584907,332.62501,200.884861,197.295082
2022-06-22,2022,265.154303,369.028618,179.67297,326.452536,200.556384,196.537823
2022-06-23,2022,264.005392,367.292203,179.761076,323.439783,197.650471,193.733951
2022-06-24,2022,267.303089,372.037879,179.849226,331.457284,198.843467,195.391716
2022-06-27,2022,271.457366,381.786583,179.937419,341.599552,203.059259,199.239373
2022-06-28,2022,269.200795,379.795516,180.025654,335.838877,202.71063,198.625394
2022-06-29,2022,267.239601,370.854036,180.113934,330.810843,200.757904,196.476427
2022-06-30,2022,265.473806,361.66103,180.202256,326.267437,198.581492,194.429797
2022-07-01,2022,268.313936,367.858411,180.290622,333.149489,199.411753,195.719168
2022-07-04,2022,266.899975,363.311357,180.379031,329.478689,198.71651,194.839117
2022-07-05,2022,264.658635,357.379532,180.467484,323.755398,198.083738,194.020478
2022-07-06,2022,266.266003,359.797061,180.555979,327.579199,198.938182,195.289378
2022-07-07,2022,269.682852,366.667825,180.644519,335.89155,202.990742,199.30077
2022-07-08,2022,267.955149,363.446509,180.733101,331.442156,202.10204,198.277455
2022-07-11,2022,266.781039,358.183397,180.821727,328.365933,197.916477,194.020478
2022-07-12,2022,268.441133,359.221244,180.910397,332.320206,198.035374,194.225137
2022-07-13,2022,266.928242,354.472279,180.99911,328.403439,197.249447,193.426953
2022-07-14,2022,263.893566,347.632587,181.087866,320.711621,193.702701,189.415561
2022-07-15,2022,265.755467,345.736684,181.176666,325.166261,194.569236,190.889121
2022-07-18,2022,266.582213,347.42337,181.26551,327.052994,195.304782,191.093797
2022-07-19,2022,269.461826,357.654215,181.354397,334.032024,197.982979,193.815802
2022-07-20,2022,271.368487,364.960808,181.443328,338.597455,198.067617,194.327459
2022-07-21,2022,271.874814,365.989471,181.532302,339.689109,199.570953,195.146114
2022-07-22,2022,271.733897,366.152684,181.62132,339.175121,199.353312,195.289378
2022-07-25,2022,272.580963,367.58376,181.710382,341.111858,202.063751,198.011399
2022-07-26,2022,271.668291,362.971297,181.799487,338.683279,201.060184,196.783424
2022-07-27,2022,273.844175,371.72522,181.888636,343.916143,204.417501,200.221762
2022-07-28,2022,274.002711,369.086837,181.977829,344.14466,206.753114,202.820975
2022-07-29,2022,273.427305,371.333382,182.067066,342.552466,207.897745,203.23031
2022-08-01,2022,269.878638,363.760518,182.156346,333.584667,206.003461,201.715793
2022-08-02,2022,273.488053,367.685403,182.24567,342.37325,208.294739,203.701026
2022-08-03,2022,273.365836,370.939672,182.335038,341.905003,209.127015,205.072264
2022-08-04,2022,275.194587,372.32475,182.427642,346.270382,213.393186,209.738592
2022-08-05,2022,274.499756,372.886823,182.520293,344.375632,214.562,210.270705
2022-08-08,2022,276.650212,377.164179,182.612992,349.538862,218.451329,214.486772
2022-08-09,2022,277.071596,377.167862,182.705737,350.412841,218.953113,214.998429
2022-08-10,2022,278.371182,385.319645,182.79853,353.465216,222.1472,218.088829
2022-08-11,2022,278.500413,385.84068,182.891369,353.614301,221.103328,216.69712
2022-08-12,2022,281.858738,402.58192,182.984256,361.773446,227.241616,222.345822
2022-08-15,2022,281.948575,408.242771,183.07719,361.824637,227.781689,223.021213
2022-08-16,2022,276.353679,401.336849,183.170172,347.774089,228.748983,224.638052
2022-08-17,2022,275.131857,400.547691,183.2632,344.571382,229.143962,225.108768
2022-08-18,2022,274.650259,400.820284,183.356276,343.204797,229.355557,225.006446
2022-08-19,2022,273.220508,395.139377,183.449399,339.486121,224.686347,220.074062
2022-08-22,2022,272.01313,393.788328,183.542569,336.318979,222.681227,218.436767
2022-08-23,2022,277.046049,400.647064,183.635787,348.631542,227.42903,223.287269
2022-08-24,2022,273.136049,399.933622,183.729052,338.760055,227.511653,223.451003
2022-08-25,2022,275.616722,404.856684,183.822364,344.741293,228.789287,224.310584
2022-08-26,2022,272.492725,402.670926,183.915724,336.819405,226.30455,221.772768
2022-08-29,2022,271.9617,406.337727,184.009131,335.329599,226.352915,221.854635
2022-08-30,2022,270.829242,402.163307,184.102585,332.34778,222.540163,217.761376
2022-08-31,2022,272.273953,411.999878,184.196087,335.758844,220.710365,216.594798
2022-09-01,2022,272.964633,419.937397,184.289637,337.299358,222.487768,218.150225
2022-09-02,2022,274.060411,420.966188,184.383234,339.844676,223.412743,219.17354
2022-09-05,2022,272.93376,417.530417,184.476878,336.876914,226.111091,221.956957
2022-09-06,2022,271.682623,411.517271,184.570571,333.600258,221.196027,216.840383
2022-09-08,2022,274.030966,413.197993,184.66431,339.252449,221.502337,217.311115
2022-09-09,2022,275.903316,416.657678,184.758098,343.723796,226.306565,221.854635
2022-09-12,2022,275.089512,413.420546,184.851932,341.531733,228.537388,223.983131
2022-09-13,2022,272.235505,399.93013,184.945815,334.27862,223.271679,218.948425
2022-09-14,2022,271.52639,400.134731,185.039745,332.346073,222.773926,218.477693
2022-09-15,2022,271.084692,404.705199,185.133723,331.076801,221.578914,217.167852
2022-09-16,2022,269.593727,403.377117,185.227749,327.204608,220.220672,216.124066
2022-09-19,2022,274.175185,406.079405,185.321823,338.395686,225.347332,221.486241
2022-09-20,2022,272.40017,398.835204,185.415944,333.818698,226.743863,222.775612
2022-09-21,2022,271.251159,395.972535,185.510113,330.794497,225.573034,221.363448
2022-09-22,2022,272.607434,396.369625,185.60433,333.984865,229.873463,225.395295
2022-09-23,2022,271.249112,393.977144,185.698594,330.441268,225.12969,220.708512
2022-09-26,2022,268.421158,382.027163,185.792907,323.251988,219.886149,215.162148
2022-09-27,2022,267.816013,382.55664,185.887268,321.576557,218.398934,214.241171
2022-09-28,2022,268.438352,382.744194,185.981676,322.945958,218.550074,214.527698
2022-09-29,2022,267.220098,380.061215,186.076132,319.74946,216.964114,212.440143
2022-09-30,2022,270.594925,383.466344,186.170637,327.946553,221.746175,217.884169
2022-10-03,2022,273.953542,398.829115,186.265189,336.103345,234.032828,230.041153
2022-10-04,2022,274.462688,392.530629,186.359789,337.191602,234.226287,229.938815
2022-10-05,2022,274.453984,392.88649,186.454438,336.995183,236.176998,231.924048
2022-10-06,2022,274.52451,392.103645,186.549134,336.995214,236.908514,232.231046
2022-10-07,2022,274.206536,391.863882,186.643879,336.031435,234.518491,230.818866
2022-10-10,2022,275.514947,396.166729,186.738672,339.102007,233.643896,229.386232
2022-10-11,2022,276.780412,397.974499,186.833512,342.065959,231.398967,226.950738
2022-10-13,2022,277.104689,400.799729,186.928401,342.695093,230.336958,225.661367
2022-10-14,2022,275.010325,396.374134,187.023339,337.324414,225.8471,221.486241
2022-10-17,2022,275.290628,401.217197,187.118324,337.844287,228.974685,224.924579
2022-10-18,2022,277.906948,409.470166,187.213358,344.158836,233.244887,229.099705
2022-10-19,2022,277.013107,410.567767,187.30844,341.765928,234.314956,229.938815
2022-10-20,2022,278.427204,411.420826,187.40357,345.098044,236.122587,231.064467
2022-10-21,2022,282.173236,422.372571,187.498748,354.214709,241.680499,238.289067
2022-10-24,2022,281.496308,417.839589,187.593975,352.359613,233.78899,229.509025
2022-10-25,2022,279.622102,410.06452,187.68925,347.534436,230.993912,226.111628
2022-10-26,2022,277.508991,403.598513,187.784574,342.11654,227.241616,222.632348
2022-10-27,2022,280.087083,410.626069,187.879946,348.335636,231.02414,225.129239
2022-10-28,2022,278.022447,409.709069,187.975367,343.03781,230.81859,231.269127
2022-10-31,2022,277.617286,412.385883,188.070835,341.856416,233.837354,229.529495
2022-11-01,2022,281.698158,425.826388,188.166353,351.803063,235.63491,230.880263
2022-11-03,2022,283.573659,434.321252,188.261919,356.278942,235.568408,231.473787
2022-11-04,2022,286.79173,433.902519,188.357533,364.08513,238.105541,233.315757
2022-11-07,2022,283.367481,424.572283,188.453196,355.414176,232.436793,227.626129
2022-11-08,2022,284.565181,425.221413,188.548908,358.20842,234.085224,229.836493
2022-11-09,2022,284.457466,424.459173,188.644668,357.764337,228.886017,224.617582
2022-11-10,2022,280.177157,405.134675,188.740477,346.969556,221.218194,217.147381
2022-11-11,2022,286.124632,410.200324,188.836334,361.545903,226.211851,222.161632
2022-11-14,2022,287.572115,415.487842,188.932241,364.959405,228.041649,223.573796
2022-11-16,2022,286.181589,403.363259,189.028196,361.332799,222.161306,217.024588
2022-11-17,2022,283.561533,390.929668,189.124199,354.65611,221.0731,216.308271
2022-11-18,2022,282.66519,391.034847,189.220252,352.255203,219.414593,214.589094
2022-11-21,2022,284.95899,397.332967,189.316353,357.767732,221.163784,217.106455
2022-11-22,2022,285.891489,393.363842,189.412503,359.903304,219.730979,215.039355
2022-11-23,2022,285.66366,393.132021,189.508702,359.160453,219.017599,215.387278
2022-11-24,2022,287.328785,399.916993,189.604949,363.113209,225.361438,221.4453
2022-11-25,2022,286.979659,394.515444,189.701246,362.069289,219.610067,215.039355
2022-11-28,2022,286.335164,388.992155,189.797591,360.292581,219.217104,215.203089
2022-11-29,2022,292.925019,401.655669,189.893986,376.461434,223.505442,219.582875
2022-11-30,2022,294.235882,402.470548,189.990429,379.535041,226.681392,222.223029
2022-12-01,2022,291.836806,396.586321,190.086921,373.405617,223.537685,219.112143
2022-12-02,2022,293.491896,402.205106,190.183463,377.332936,225.548851,220.933642
2022-12-05,2022,290.453608,395.709057,190.280053,369.61769,220.464511,216.185463
2022-12-06,2022,293.340883,399.542469,190.376693,376.601408,220.730516,218.457223
2022-12-07,2022,293.002172,396.279759,190.473381,375.5826,220.383903,216.103596
2022-12-08,2022,290.28871,386.869849,190.570119,368.672851,216.119747,211.969411
2022-12-09,2022,291.043471,385.919456,190.666905,370.366345,217.014494,212.644802
2022-12-12,2022,289.094152,377.190731,190.763741,365.35196,212.127643,208.346884
2022-12-13,2022,287.490019,373.414643,190.860626,361.193761,209.362793,205.27694
2022-12-14,2022,288.391461,373.069363,190.957561,363.250843,209.183441,206.095579
2022-12-15,2022,286.839032,380.796547,191.054544,359.22072,209.052453,205.686259
2022-12-16,2022,284.845146,368.314876,191.151577,354.095418,207.212578,203.43497
2022-12-19,2022,284.772975,374.070742,191.248659,353.737065,210.648488,207.466832
2022-12-20,2022,287.758014,381.0382,191.34579,360.96239,215.583705,211.928485
2022-12-21,2022,286.315365,377.020251,191.442971,357.204223,216.25678,212.583406
2022-12-22,2022,285.775601,378.990943,191.540201,355.685677,216.264841,212.706199
2022-12-23,2022,283.955638,384.403874,191.637481,350.991357,221.063024,216.942721
2022-12-26,2022,284.423134,385.818522,191.73481,351.971256,219.128435,215.203089
2022-12-27,2022,286.210178,383.901256,191.832188,356.224358,218.340493,214.691432
2022-12-28,2022,286.564085,387.242122,191.929616,356.922304,222.149215,218.580031
2022-12-29,2022,285.313164,383.38944,192.027093,353.639192,221.734084,216.840383
2023-01-03,2023,282.435579,369.360957,192.12462,347.483656,217.127478,212.297798
2023-01-04,2023,281.696763,369.69552,192.222196,345.671639,219.562101,215.340271
2023-01-05,2023,283.120213,372.200726,192.319822,348.732419,224.114511,220.305433
2023-01-06,2023,284.244654,379.697617,192.417497,351.119278,226.861799,222.904229
2023-01-09,2023,284.417179,381.168449,192.515222,351.360831,227.676814,222.5873
2023-01-10,2023,287.879811,386.26576,192.612997,359.016878,231.189091,226.453795
2023-01-11,2023,288.711402,392.986492,192.710821,360.743547,232.962947,230.510436
2023-01-12,2023,289.470297,395.088391,192.808695,362.306316,233.200573,228.735662
2023-01-13,2023,288.856208,392.615218,192.906619,360.77486,231.197429,226.812973
2023-01-16,2023,287.16229,388.55935,193.004592,356.80983,227.647632,222.840846
2023-01-17,2023,288.154392,393.483625,193.102615,358.897929,232.287589,227.763759
2023-01-18,2023,289.569004,396.421943,193.200688,361.938116,234.399124,228.88356
2023-01-19,2023,292.543426,401.705926,193.298811,368.493411,235.553902,230.531569
2023-01-20,2023,294.975015,404.124697,193.396984,373.825305,234.084374,229.13709
2023-01-23,2023,296.196699,407.282832,193.495206,376.430487,232.850387,227.975039
2023-01-24,2023,299.620596,410.947603,193.593478,383.998489,235.59976,231.207676
2023-01-25,2023,300.567642,421.555267,193.691801,385.984598,238.032298,233.785339
2023-01-26,2023,303.216059,421.864829,193.790173,391.804833,237.853036,233.29938
2023-01-27,2023,301.223527,420.575396,193.888595,387.166173,234.503346,229.031457
2023-01-30,2023,301.584033,423.137191,193.987067,387.830234,233.223501,229.665299
2023-01-31,2023,304.462533,424.488973,194.085589,394.168755,236.650316,232.073931
2023-02-01,2023,302.524035,414.389811,194.184162,389.651641,234.088543,229.031457
2023-02-02,2023,300.735912,409.403038,194.282784,385.473334,229.152596,224.594504
2023-02-03,2023,298.43733,407.606164,194.381456,380.144584,226.140584,221.573148
2023-02-06,2023,296.610026,409.669754,194.480179,375.877828,226.069713,222.37602
2023-02-07,2023,295.800077,411.426201,194.578951,373.903704,224.952455,219.946255
2023-02-08,2023,297.583968,415.101571,194.677774,377.774969,229.042121,224.679004
2023-02-09,2023,295.711193,401.686754,194.776647,373.405513,224.666887,220.664628
2023-02-10,2023,296.826002,410.351751,194.87557,375.768786,225.431875,221.319602
2023-02-13,2023,298.177954,411.857266,194.974543,378.666407,226.882644,222.840846
2023-02-14,2023,294.867317,409.597493,195.073567,371.056366,224.408417,220.643495
2023-02-15,2023,298.361918,415.137533,195.172641,378.7825,228.124968,224.066295
2023-02-16,2023,294.321023,413.168494,195.271765,369.526602,229.090063,225.017065
2023-02-17,2023,294.304924,410.464811,195.37094,369.340887,227.835231,223.030994
2023-02-22,2023,290.568199,406.248968,195.470165,360.770313,223.351607,218.889837
2023-02-23,2023,290.966304,407.812687,195.56944,361.517894,224.535568,220.051903
2023-02-24,2023,287.894865,398.998279,195.668766,354.446453,220.685612,216.312174
2023-02-27,2023,286.998112,398.072313,195.768142,352.275798,220.347933,216.122026
2023-02-28,2023,286.35645,391.129603,195.867569,350.679939,218.724157,213.713394
2023-03-01,2023,286.586438,386.780275,195.967046,351.048348,217.58397,213.819026
2023-03-02,2023,287.909566,394.489053,196.066574,353.880178,215.376551,211.156864
2023-03-03,2023,288.027671,393.218528,196.166152,353.996296,216.502147,212.171017
2023-03-06,2023,288.984754,398.238051,196.265781,356.003057,218.240567,214.389501
2023-03-07,2023,286.370696,394.339155,196.365461,349.961834,217.256713,213.185185
2023-03-08,2023,289.753415,397.885464,196.465191,357.434842,222.075932,218.086965
2023-03-09,2023,289.290247,394.261876,196.564972,356.240702,219.013894,214.579649
2023-03-10,2023,287.369693,388.858322,196.664803,351.762128,215.985206,211.727323
2023-03-13,2023,286.557594,381.126865,196.764685,349.781486,214.949241,210.818803
2023-03-14,2023,284.78933,380.635907,196.864618,345.645959,214.555283,210.396242
2023-03-15,2023,284.970485,371.33393,196.964602,345.903556,214.019582,209.994798
2023-03-16,2023,284.30019,370.95362,197.064636,344.242253,215.603754,211.283629
2023-03-17,2023,284.873959,365.494772,197.164721,345.384491,212.575067,208.579201
2023-03-20,2023,285.559176,360.711033,197.264857,346.777811,210.367648,206.424099
2023-03-21,2023,281.101792,360.078143,197.365044,336.581713,210.523981,206.910059
2023-03-22,2023,280.904719,361.122098,197.465282,335.986553,208.904373,205.008503
2023-03-23,2023,274.669473,355.848728,197.56557,321.783723,204.12059,199.832061
2023-03-24,2023,280.94606,364.910263,197.66591,335.777419,206.002837,202.536488
2023-03-27,2023,282.852879,366.394849,197.766301,339.923351,207.755849,203.973218
2023-03-28,2023,285.816542,371.695513,197.866742,346.450905,210.913771,207.121339
2023-03-29,2023,282.916375,366.911179,197.967235,339.763683,212.181109,208.220023
2023-03-30,2023,285.568639,366.931571,198.067778,345.589316,216.183228,212.276665
2023-03-31,2023,282.39252,361.314736,198.168373,338.280056,212.366624,208.093242
2023-04-03,2023,280.106898,358.133342,198.269019,332.977539,211.582875,207.691814
2023-04-04,2023,281.20903,366.953105,198.369716,335.309571,212.339526,208.135508
2023-04-05,2023,278.698037,362.866655,198.470464,329.499007,210.482292,206.276202
2023-04-06,2023,279.599438,371.477724,198.571263,331.378517,210.15712,206.191686
2023-04-10,2023,280.243314,374.392582,198.672113,332.677595,212.293668,208.452436
2023-04-11,2023,285.572987,382.842062,198.773015,344.536483,221.396405,217.431991
2023-04-12,2023,284.966203,385.498626,198.873968,343.016926,222.805485,218.361628
2023-04-13,2023,284.582578,382.795307,198.974972,342.000201,221.905008,217.47424
2023-04-14,2023,283.337751,382.777734,199.076027,339.042596,221.531894,217.706654
2023-04-17,2023,282.133445,379.495785,199.177134,336.176234,220.983687,217.009414
2023-04-18,2023,279.59005,376.196136,199.278292,330.292028,221.290099,216.988281
2023-04-19,2023,273.737235,369.185467,199.379501,316.949655,216.600115,212.297798
2023-04-20,2023,274.447889,370.639796,199.480762,318.398603,217.54645,213.396466
2023-04-24,2023,271.441212,368.382895,199.582075,311.470115,216.670986,212.593594
2023-04-25,2023,268.375871,365.820415,199.683438,304.409346,215.1556,211.114599
2023-04-26,2023,268.630256,365.53506,199.784854,304.829818,213.262932,209.191926
2023-04-27,2023,270.163696,363.702722,199.88632,308.132684,214.536523,210.290594
2023-04-28,2023,272.766088,366.581225,199.987839,313.844456,217.681938,213.185185
2023-05-02,2023,267.270445,360.155861,200.089408,301.306459,212.460423,208.093242
2023-05-03,2023,266.059086,355.396058,200.19103,298.423426,212.189446,208.325655
2023-05-04,2023,266.018115,351.838055,200.292703,298.177897,212.975279,209.065145
2023-05-05,2023,271.907134,360.036186,200.394427,311.296085,219.174395,215.319154
2023-05-08,2023,270.948485,360.155552,200.496204,308.982324,221.037882,216.544587
2023-05-09,2023,272.298771,364.491556,200.598032,311.87189,223.272399,219.312414
2023-05-10,2023,273.55944,364.833975,200.699911,314.559419,223.968601,219.671592
2023-05-11,2023,275.088238,366.123631,200.801843,317.851123,225.652826,221.4675
2023-05-12,2023,276.460088,366.202841,200.903826,320.789051,226.086389,221.953459
2023-05-15,2023,278.94056,353.298464,201.005861,326.225287,227.264096,222.840846
2023-05-16,2023,277.962953,354.483984,201.107948,323.868334,225.523591,221.066056
2023-05-17,2023,282.527881,357.953029,201.210087,334.001935,228.162488,223.98178
2023-05-18,2023,287.181041,355.892084,201.312277,344.334296,229.513203,225.545274
2023-05-19,2023,287.362153,356.130925,201.41452,344.588391,230.84099,226.411545
2023-05-22,2023,287.448348,356.477876,201.516814,344.628506,229.732069,225.122714
2023-05-23,2023,284.112842,354.618815,201.619161,336.957413,229.140089,224.8903
2023-05-24,2023,280.46182,355.378973,201.721559,328.575197,226.78676,222.41827
2023-05-25,2023,284.342969,360.526893,201.824009,337.167366,229.400644,225.122714
2023-05-26,2023,289.133695,365.605577,201.926512,347.809275,231.176584,227.151034
2023-05-29,2023,288.861683,366.210531,202.029066,347.041744,229.982202,225.587524
2023-05-30,2023,285.649828,360.512967,202.131673,339.648918,227.134861,222.650683
2023-05-31,2023,285.971932,356.233068,202.234331,340.220127,225.817496,221.509749
2023-06-01,2023,288.749019,355.764309,202.337042,346.323795,230.465791,226.496044
2023-06-02,2023,291.604698,361.40703,202.439805,352.604499,234.620074,230.341406
2023-06-05,2023,292.784853,364.343208,202.54262,355.109172,234.907727,230.594952
2023-06-06,2023,295.442889,365.868998,202.645487,360.944311,238.897339,234.672726
2023-06-07,2023,296.427195,366.226049,202.748407,363.007462,240.727475,236.172838
2023-06-09,2023,297.784931,368.751966,202.851379,365.912095,243.918748,239.194195
2023-06-12,2023,298.787447,365.46157,202.954403,368.016126,244.579515,240.102715
2023-06-13,2023,293.9494,362.428597,203.05748,356.957813,243.343444,238.623736
2023-06-14,2023,298.871705,366.84081,203.160608,367.895304,248.191844,243.208587
2023-06-15,2023,300.36931,367.973589,203.26379,371.114829,248.508679,243.821311
2023-06-16,2023,300.001513,367.00017,203.367023,370.130414,247.543585,242.764893
2023-06-19,2023,302.455112,367.833701,203.470309,375.504204,249.836465,245.363673
2023-06-20,2023,303.335886,367.407693,203.573648,377.333404,249.344538,244.708699
2023-06-21,2023,303.062125,370.834142,203.677039,376.560672,251.007919,245.659469
2023-06-22,2023,301.722761,369.014133,203.780482,373.386421,247.910445,243.525516
2023-06-23,2023,303.751037,371.417153,203.883978,377.80139,248.000076,243.631148
2023-06-26,2023,301.28485,363.970094,203.987527,372.087577,246.470099,241.750725
2023-06-27,2023,300.996143,362.788404,204.091128,371.280846,244.969305,240.377378
2023-06-28,2023,300.34481,365.789921,204.194782,369.656821,243.214209,238.813884
2023-06-29,2023,304.457865,371.550795,204.298488,378.769721,246.761921,242.786026
2023-06-30,2023,306.642438,374.686773,204.402247,383.536522,246.144927,241.222516
2023-07-03,2023,307.462183,380.978959,204.506059,385.227476,249.450844,244.962245
2023-07-04,2023,309.947167,382.756558,204.609924,390.671122,248.206436,243.48325
2023-07-05,2023,311.378212,383.875513,204.713841,393.739539,249.192374,244.750949
2023-07-06,2023,307.908546,378.661727,204.817811,385.763657,244.767114,240.102715
2023-07-07,2023,308.463032,382.252015,204.921834,386.856506,247.835406,243.377618
2023-07-10,2023,305.364789,379.443704,205.02591,379.7175,245.842684,241.074618
2023-07-11,2023,305.02349,379.082009,205.130038,378.791454,244.33772,240.440777
2023-07-12,2023,305.6082,378.207769,205.23422,379.952175,245.267379,240.504159
2023-07-13,2023,307.918776,382.027888,205.338454,385.002221,248.59831,244.201623
2023-07-14,2023,305.708576,377.032151,205.442741,379.864187,245.361179,240.778822
2023-07-17,2023,306.894347,378.574431,205.547082,382.379218,246.420073,242.363449
2023-07-18,2023,308.225377,378.242881,205.651475,385.221525,245.632156,240.757689
2023-07-19,2023,308.176323,379.093689,205.755921,384.953599,245.029753,240.335128
2023-07-20,2023,307.717597,382.465401,205.86042,383.76236,246.136589,241.581694
2023-07-21,2023,309.798655,389.257048,205.964973,388.294685,250.584778,245.934148
2023-07-24,2023,311.047475,393.966545,206.069578,390.951404,252.92977,248.406162
2023-07-25,2023,313.00796,392.417146,206.174237,395.211846,254.318005,249.272433
2023-07-26,2023,311.75737,394.113561,206.278949,392.235746,255.468614,250.878177
2023-07-27,2023,310.153141,388.730837,206.383714,388.462606,250.111611,245.173525
2023-07-28,2023,310.751375,392.772849,206.488532,389.652846,250.522245,246.187678
2023-07-31,2023,314.716687,392.809684,206.593403,398.431037,254.182517,249.209034
2023-08-01,2023,315.831612,394.782111,206.698328,400.785528,252.733833,248.300514
2023-08-02,2023,316.948183,395.647138,206.803306,403.14365,251.922987,247.222979
2023-08-03,2023,318.172987,398.857945,206.904716,405.751061,251.353936,246.589122
2023-08-04,2023,317.865272,400.145917,207.006176,404.904718,249.106912,244.370653
2023-08-07,2023,317.313661,404.256216,207.107685,403.508659,248.840104,244.265005
2023-08-08,2023,318.382836,403.417997,207.209245,405.765119,248.235618,243.546632
2023-08-09,2023,319.571132,405.55238,207.310854,408.289956,246.816116,242.342316
2023-08-10,2023,319.046807,406.216507,207.412513,406.955162,246.693134,241.940888
2023-08-11,2023,316.931456,405.663187,207.514222,402.034764,246.09907,241.391547
2023-08-14,2023,314.739351,407.907739,207.615981,396.941321,243.483101,239.405475
2023-08-15,2023,314.507405,403.34867,207.717789,396.265205,242.151146,237.41942
2023-08-16,2023,314.950867,402.262354,207.819648,397.111112,240.944257,236.363002
2023-08-17,2023,310.961319,390.50505,207.921556,387.966734,239.67275,235.285451
2023-08-18,2023,314.761957,395.084508,208.023515,396.378203,240.562805,236.003808
2023-08-21,2023,314.839889,394.110283,208.125523,396.400127,238.520056,234.081135
2023-08-22,2023,319.225927,398.318944,208.227582,406.130702,242.119879,237.503935
2023-08-23,2023,322.649849,404.43677,208.32969,413.692981,246.24498,241.497195
2023-08-24,2023,322.767501,404.968283,208.431849,413.804193,243.933339,239.384359
2023-08-25,2023,319.142897,402.569465,208.534058,405.481797,241.454944,236.954594
2023-08-28,2023,319.678393,404.530521,208.636317,406.534507,244.131361,239.806919
2023-08-29,2023,321.935299,407.964523,208.738626,411.466502,246.805694,242.173302
2023-08-30,2023,319.78312,404.746312,208.840985,406.46213,244.994318,240.652057
2023-08-31,2023,315.191261,400.213707,208.943394,395.959633,241.256922,237.292639
2023-09-01,2023,320.291837,407.877674,209.045854,407.299882,245.740546,240.968986
2023-09-04,2023,320.323123,409.557654,209.148364,407.21593,245.498752,241.159133
2023-09-05,2023,319.072481,408.436449,209.250924,404.242954,244.569093,240.060465
2023-09-06,2023,316.941905,403.395939,209.353534,399.286887,241.76344,237.165874
2023-09-08,2023,316.547528,403.878389,209.456195,398.243435,240.362699,235.919308
2023-09-11,2023,318.608622,410.462443,209.558906,402.733544,243.635265,239.76467
2023-09-12,2023,322.107368,416.522334,209.661667,410.463463,245.896879,241.328164
2023-09-13,2023,321.223735,415.201005,209.764479,408.317198,246.330442,241.83524
2023-09-14,2023,324.05332,414.690005,209.867341,414.538948,248.865118,244.222739
2023-09-15,2023,323.202525,413.64272,209.970254,412.466533,247.543585,242.807143
2023-09-18,2023,322.160791,413.012036,210.073217,409.963745,246.563899,242.236684
2023-09-19,2023,321.231885,411.25771,210.176231,407.715149,245.642578,241.074618
2023-09-20,2023,323.414834,415.170795,210.279295,412.479339,247.412265,243.039556
2023-09-21,2023,319.644046,406.386406,210.378713,403.831709,242.09695,237.905363
2023-09-22,2023,318.602781,404.790818,210.478178,401.335247,241.813467,237.926496
2023-09-25,2023,316.468568,404.878284,210.57769,396.375653,241.638374,237.841981
2023-09-26,2023,313.249216,400.613821,210.677249,388.970526,238.028129,233.785339
2023-09-27,2023,313.361971,400.848325,210.776855,389.074545,238.307444,233.890971
2023-09-28,2023,318.132575,405.163886,210.876508,399.675401,241.233993,237.017976
2023-09-29,2023,320.035372,404.015926,210.976208,403.81331,242.972414,239.06743
2023-10-02,2023,317.542715,403.684317,211.075956,398.045573,239.829083,235.560114
2023-10-03,2023,314.257594,399.816227,211.17575,390.491872,236.414775,232.031681
2023-10-04,2023,315.222433,398.246373,211.275592,392.51579,236.806649,232.792303
2023-10-05,2023,314.148336,394.779647,211.375481,389.9447,236.133376,231.883783
2023-10-06,2023,313.984249,395.883464,211.475417,389.424332,237.980187,233.806472
2023-10-09,2023,316.000268,401.569256,211.575401,393.816972,240.035442,236.088323
2023-10-10,2023,319.286839,404.345304,211.675431,401.072849,243.330937,239.025164
2023-10-11,2023,317.439379,402.987561,211.775509,396.758627,243.98545,239.806919
2023-10-13,2023,313.623334,398.50296,211.875635,388.007941,241.281935,236.76443
2023-10-16,2023,313.626124,401.607925,211.975807,387.86329,242.907796,238.623736
2023-10-17,2023,311.230255,398.384248,212.076027,382.312962,241.602939,237.356021
2023-10-18,2023,306.795856,398.791409,212.176295,372.168542,237.750899,233.193748
2023-10-19,2023,306.222657,398.281806,212.27661,370.725632,237.63417,233.679691
2023-10-20,2023,305.231529,394.712387,212.376972,368.340808,235.864483,231.355574
2023-10-23,2023,308.589959,394.939911,212.477382,375.758055,235.093242,231.038645
2023-10-24,2023,310.862522,396.577466,212.577839,380.728125,237.129737,232.919068
2023-10-25,2023,306.204887,391.942867,212.678344,370.080264,235.187041,231.038645
2023-10-26,2023,309.907099,396.37033,212.778896,378.272042,239.24544,235.369966
2023-10-27,2023,307.4933,389.381005,212.879495,372.680735,236.168811,232.095064
2023-10-30,2023,305.491421,381.505767,212.980143,368.017658,234.565879,230.214641
2023-10-31,2023,308.047676,385.840338,213.080838,373.626698,235.841554,231.60912
2023-11-01,2023,308.140866,388.724437,213.18158,373.684915,239.820745,235.708012
2023-11-03,2023,313.546978,395.143949,213.278605,385.721906,246.297091,242.447965
2023-11-06,2023,312.021886,394.510237,213.375675,382.138706,246.978702,242.57473
2023-11-07,2023,317.159137,398.463077,213.472789,393.569661,248.606647,244.39177
2023-11-08,2023,316.528543,396.11679,213.569946,392.002162,248.254378,244.074842
2023-11-09,2023,316.257276,390.280492,213.667149,391.244374,248.073032,243.356485
2023-11-10,2023,321.666181,394.495877,213.764395,403.287328,251.458157,247.222979
2023-11-13,2023,321.222265,394.116652,213.861685,402.140327,250.916204,246.821535
2023-11-14,2023,326.199109,402.271909,213.95902,413.209456,257.069462,252.71635
2023-11-16,2023,326.998177,404.541452,214.0564,414.863505,259.67084,255.568676
2023-11-17,2023,325.078267,403.15721,214.153823,410.39001,260.683876,256.096885
2023-11-20,2023,326.665078,407.363758,214.251291,413.819176,262.8371,258.294237
2023-11-21,2023,325.283192,406.519535,214.348803,410.558037,261.819894,257.258952
2023-11-22,2023,324.364053,405.651566,214.44636,408.339675,262.712034,258.082956
2023-11-23,2023,325.428863,406.568397,214.543961,410.592263,263.839714,259.519686
2023-11-24,2023,321.323064,401.986512,214.641606,401.192325,261.684406,257.047671
2023-11-27,2023,322.803369,399.436994,214.739296,404.381137,261.978312,257.639263
2023-11-28,2023,326.632808,402.843921,214.83703,412.863877,263.760505,259.287273
2023-11-29,2023,326.167578,399.811119,214.934809,411.668107,262.849606,258.336487
2023-11-30,2023,329.675544,402.564214,215.032632,419.426244,265.413464,261.08318
2023-12-01,2023,331.273711,400.797871,215.1305,422.880403,267.022649,262.245247
2023-12-04,2023,325.898434,394.673693,215.228412,410.619173,264.312881,259.794349
2023-12-05,2023,326.930802,394.17954,215.326369,412.798114,264.521325,259.899997
2023-12-06,2023,325.687422,392.709551,215.424371,409.848372,261.853245,257.174436
2023-12-07,2023,326.403221,397.696817,215.522417,411.31376,262.659923,258.378752
2023-12-08,2023,329.295302,401.079941,215.620508,417.68354,264.919452,260.533838
2023-12-11,2023,330.133737,400.441871,215.718643,419.425164,264.548423,260.111277
2023-12-12,2023,331.081004,401.524964,215.816823,421.411986,263.479106,259.033726
2023-12-13,2023,336.280487,406.256014,215.915048,432.981512,269.861653,266.470919
2023-12-14,2023,340.298744,414.125777,216.009487,441.894738,272.731923,268.076663
2023-12-15,2023,337.614575,410.105497,216.103967,435.703349,271.387461,266.808965
2023-12-18,2023,337.974014,414.40969,216.198489,436.370956,273.236357,268.900668
2023-12-19,2023,339.341738,423.01057,216.293052,439.310767,274.83512,270.548694
2023-12-20,2023,338.950353,419.077388,216.387656,438.286195,272.652714,267.949898
2023-12-21,2023,340.526709,419.83083,216.482302,441.696055,275.525069,271.182551
2023-12-22,2023,340.626973,422.036436,216.576989,441.779337,276.715282,272.429117
2023-12-26,2023,341.089737,424.381762,216.671718,442.679484,278.341143,273.929213
2023-12-27,2023,341.798267,423.535985,216.766488,444.133428,279.718956,275.640637
2023-12-28,2023,342.669355,425.500258,216.861299,445.953649,279.700196,275.492723
2024-01-03,2024,342.002757,426.692188,216.956152,444.720657,279.988966,275.984851
2024-01-04,2024,338.978028,414.968379,217.051046,437.403876,276.599606,272.475919
2024-01-05,2024,339.810783,420.598988,217.145982,439.214612,278.279531,274.401547
2024-01-08,2024,342.529275,427.531728,217.24096,445.487312,279.131087,275.08623
2024-01-09,2024,341.538725,423.992323,217.335979,442.983601,277.065432,272.989415
2024-01-10,2024,341.237579,422.770453,217.431039,442.111088,275.788099,271.598699
2024-01-11,2024,339.391392,414.809968,217.526142,437.582626,275.383399,271.320542
2024-01-12,2024,340.322225,413.570244,217.621285,439.625086,276.097947,272.21918
2024-01-15,2024,339.076745,413.419769,217.716471,436.517878,277.22141,273.481526
2024-01-16,2024,339.598254,413.105715,217.811698,437.591653,272.527315,268.496293
2024-01-17,2024,342.138268,416.941553,217.906966,443.441548,270.904301,266.442295
2024-01-18,2024,340.603746,408.527075,218.002277,439.650199,268.358065,264.366897
2024-01-19,2024,343.599232,413.750026,218.097629,446.577694,269.032565,264.965978
2024-01-22,2024,342.061104,411.720204,218.193022,442.777672,266.853088,262.526854
2024-01-23,2024,344.133194,422.130945,218.288458,447.520082,270.354162,266.485096
2024-01-24,2024,343.240341,426.086258,218.383935,445.24677,269.411971,265.244134
2024-01-25,2024,343.221196,435.417467,218.479454,445.040759,270.156028,266.292525
2024-01-26,2024,343.842941,435.32052,218.575015,446.351152,271.838061,267.619072
2024-01-29,2024,343.670363,431.294807,218.670617,445.781945,270.860037,266.913006
2024-01-30,2024,340.402057,423.647248,218.766262,437.887551,268.539337,264.388297
2024-01-31,2024,341.54061,433.13227,218.861948,440.420604,269.277071,265.201333
2024-02-01,2024,341.615304,436.696392,218.953776,440.442844,270.813665,266.934406
2024-02-02,2024,338.857898,434.424769,219.045642,433.7637,268.075618,263.853401
2024-02-05,2024,338.225455,431.052876,219.137547,432.112581,268.941929,265.008778
2024-02-06,2024,340.865791,435.413035,219.229491,438.205452,274.892279,271.470312
2024-02-07,2024,342.801274,444.83736,219.321473,442.630435,273.189168,269.694471
2024-02-08,2024,341.322316,446.975834,219.413494,438.976097,270.257203,266.399511
2024-02-09,2024,338.310385,447.249003,219.505553,431.694369,269.854611,265.586459
2024-02-14,2024,336.306312,443.016907,219.597651,426.797373,267.729937,263.660847
2024-02-15,2024,336.840193,442.822426,219.689787,427.905622,269.386677,265.436688
2024-02-16,2024,338.639844,450.786258,219.781963,432.008874,271.330079,267.191146
2024-02-19,2024,340.035473,453.161592,219.874177,435.156062,271.9835,267.747442
2024-02-20,2024,344.261614,456.988002,219.966429,445.000749,273.838374,269.994011
2024-02-21,2024,344.887047,461.291176,220.05872,446.325367,274.08288,269.972611
2024-02-22,2024,345.743942,458.586596,220.151051,448.197608,274.523412,270.229367
2024-02-23,2024,343.251351,450.478872,220.243419,442.144224,272.790792,268.753049
2024-02-26,2024,344.868195,459.753997,220.335827,445.814526,273.191276,269.095374
2024-02-27,2024,345.763639,471.34574,220.428273,447.777786,277.575523,273.52431
2024-02-28,2024,342.795156,465.508213,220.520758,440.598149,274.34214,270.143781
2024-02-29,2024,346.116241,473.315407,220.613282,448.300835,271.949775,267.982798
2024-03-01,2024,342.526042,469.133066,220.705845,439.649961,272.287025,267.961397
2024-03-04,2024,342.370353,468.959826,220.798446,439.125765,270.518571,266.37811
2024-03-05,2024,343.555376,472.037162,220.891087,441.773901,270.006373,266.164155
2024-03-06,2024,344.951458,474.140811,220.983766,444.92138,271.67576,267.768843
2024-03-07,2024,344.565081,478.351346,221.076484,443.851134,270.516463,266.741835
2024-03-08,2024,345.248917,468.00734,221.169241,445.313163,267.841651,263.725032
2024-03-11,2024,342.103832,461.778826,221.262037,437.715129,265.845554,261.713818
2024-03-12,2024,344.83287,464.875256,221.354872,444.016386,269.100014,264.901793
2024-03-13,2024,346.779362,472.244139,221.447746,448.465918,269.812455,266.09997
2024-03-14,2024,347.133131,474.895935,221.540659,449.14668,269.146386,264.923193
2024-03-15,2024,343.100582,465.452556,221.633611,439.448464,267.148182,262.890595
2024-03-18,2024,337.594871,464.572188,221.726601,426.264383,267.595037,263.275721
2024-03-19,2024,337.20617,473.146496,221.819631,425.188114,268.807029,265.201333
2024-03-20,2024,338.913715,480.211123,221.9127,429.071921,272.171095,268.410708
2024-03-21,2024,334.52883,478.659089,222.001838,418.546423,270.13495,266.09997
2024-03-22,2024,332.916883,470.664441,222.091012,414.582197,267.748908,263.618046
2024-03-25,2024,330.904347,465.663365,222.180221,409.670035,267.546558,263.575261
2024-03-26,2024,331.461465,461.924415,222.269467,410.838131,267.403227,263.682231
2024-03-27,2024,335.778135,477.548281,222.358748,420.902027,269.148494,265.415304
2024-03-28,2024,335.775459,481.799504,222.448065,420.745418,270.023236,266.014385
2024-04-01,2024,334.449103,478.746251,222.537418,417.456655,267.670919,263.789217
2024-04-02,2024,335.430238,482.377468,222.626807,419.62782,268.849185,264.752022
2024-04-03,2024,333.400267,481.626576,222.716231,414.674042,268.362281,264.324112
2024-04-04,2024,332.80884,482.005651,222.805692,413.124088,268.59414,264.623653
2024-04-05,2024,333.166833,480.501372,222.895189,413.820593,267.259895,262.95478
2024-04-08,2024,335.365033,488.50456,222.984721,418.871339,271.606202,267.726042
2024-04-09,2024,336.776462,493.538739,223.07429,422.060365,273.783571,269.39493
2024-04-10,2024,332.438578,485.265057,223.163894,411.645295,269.91363,265.629259
2024-04-11,2024,333.661479,487.261811,223.253535,414.388106,268.52669,264.709238
2024-04-12,2024,328.016467,463.491066,223.343211,400.879986,265.470364,261.285908
2024-04-15,2024,322.401899,452.725253,223.432924,387.443844,264.180384,260.066346
2024-04-16,2024,321.696919,455.936455,223.522672,385.624715,262.188502,258.568628
2024-04-17,2024,323.83037,455.576881,223.612457,390.521828,261.728999,257.905363
2024-04-18,2024,322.924341,452.435132,223.702277,388.226857,261.781695,257.776993
2024-04-19,2024,324.214303,457.319376,223.792134,391.127982,263.737743,260.002145
2024-04-22,2024,324.828818,456.975098,223.882027,392.430803,264.68415,260.601242
2024-04-23,2024,322.7058,454.761011,223.971956,387.256007,263.788331,259.766806
2024-04-24,2024,322.400808,450.759422,224.061921,386.382969,262.930452,258.825384
2024-04-25,2024,321.523772,449.19772,224.151922,384.156296,262.73021,258.697014
2024-04-26,2024,325.775514,460.801869,224.241959,394.065287,266.692894,262.80501
2024-04-29,2024,327.282616,463.906374,224.332033,397.479843,268.433946,264.816207
2024-04-30,2024,323.262768,441.636512,224.422143,387.816463,265.423992,261.842188
2024-05-02,2024,327.012796,447.475809,224.512289,396.538114,267.94915,263.917586
2024-05-03,2024,331.782226,468.027468,224.602471,407.671816,270.872684,267.340916
2024-05-06,2024,330.038554,452.258019,224.692689,403.394143,270.782048,266.827421
2024-05-07,2024,330.129642,459.3187,224.782944,403.457821,272.350259,268.303738
2024-05-08,2024,331.621149,460.581943,224.873234,406.835113,272.921476,269.052589
2024-05-09,2024,327.99006,451.220419,224.961542,398.094644,270.196076,266.420895
2024-05-10,2024,327.209215,436.455717,225.049884,396.098371,268.956683,265.329719
2024-05-13,2024,329.121243,439.572586,225.138262,400.473919,270.126518,266.50648
2024-05-14,2024,328.26,441.376542,225.226673,398.287291,270.88533,267.041376
2024-05-15,2024,329.941499,442.897229,225.31512,402.117244,269.858826,265.80043
2024-05-16,2024,330.427444,443.120157,225.403601,403.11822,270.398426,266.485096
2024-05-17,2024,328.482083,435.66055,225.492117,398.366173,270.118087,266.09997
2024-05-20,2024,330.417772,442.173468,225.580668,402.797417,269.274963,265.565075
2024-05-21,2024,330.137795,443.81573,225.669253,401.985889,268.560415,264.666437
2024-05-22,2024,326.19259,437.191839,225.757874,392.501632,264.846452,261.178922
2024-05-23,2024,326.167429,435.428486,225.846529,392.292933,262.905158,259.103524
2024-05-24,2024,325.379431,433.041835,225.935219,390.279151,262.013554,258.119318
2024-05-27,2024,327.216775,440.10739,226.023944,394.477396,262.414038,258.611429
2024-05-28,2024,325.984949,431.714696,226.112703,391.413308,260.904845,257.135111
2024-05-29,2024,325.503245,425.650125,226.201498,390.124103,258.643164,254.867158
2024-05-31,2024,322.486143,421.113575,226.290327,382.835573,257.359507,253.882952
2024-06-03,2024,323.152705,418.183941,226.379191,384.263278,257.220392,253.412241
2024-06-04,2024,322.546689,408.97378,226.46809,382.679749,256.735595,252.813161
2024-06-05,2024,324.94531,413.964539,226.557024,388.205738,255.90301,252.256864
2024-06-06,2024,327.90798,420.881209,226.645993,395.066321,259.047864,255.466239
2024-06-07,2024,324.965416,410.844887,226.734997,387.953871,254.554011,250.609376
2024-06-10,2024,322.929002,406.662241,226.824036,382.985497,254.539256,251.080087
2024-06-11,2024,323.942775,413.689776,226.91311,385.234422,256.383591,252.470819
2024-06-12,2024,322.38306,409.553933,227.002218,381.393894,252.80242,249.175859
2024-06-13,2024,322.779873,404.671357,227.091362,382.182849,252.026745,248.576779
2024-06-14,2024,321.75783,404.65962,227.180541,379.614444,252.22488,248.662364
2024-06-17,2024,321.245464,395.878289,227.269755,378.25198,251.120387,247.635357
2024-06-18,2024,322.153034,400.672243,227.359004,380.249313,252.15743,248.448409
2024-06-19,2024,323.113491,402.03411,227.448288,382.371727,253.487458,249.817741
2024-06-20,2024,323.214305,409.946288,227.537606,382.459992,253.877403,250.587992
2024-06-21,2024,324.504393,409.962199,227.626961,385.362262,255.763894,252.513604
2024-06-24,2024,329.087587,422.395819,227.71635,396.056626,258.495617,254.781573
2024-06-25,2024,330.942835,417.636689,227.805774,400.29606,257.850627,254.396448
2024-06-26,2024,331.530073,415.935185,227.895233,401.535067,258.504049,254.909943
2024-06-27,2024,332.533422,429.169484,227.984728,403.758617,262.01777,258.461659
2024-06-28,2024,331.466893,418.097255,228.074257,401.084361,261.172537,257.563022
2024-07-01,2024,332.190768,413.288797,228.163822,402.646502,262.881972,259.06074
2024-07-02,2024,331.697258,412.752254,228.253422,401.328004,263.027411,259.595635
2024-07-03,2024,336.274657,420.182934,228.343057,412.008241,264.871746,261.328693
2024-07-04,2024,339.513271,431.965803,228.432727,419.520585,265.929867,262.3557
2024-07-05,2024,338.582887,429.699404,228.522433,417.168178,266.146971,262.526854
2024-07-08,2024,335.901234,428.372851,228.612174,410.671857,266.739266,263.040366
2024-07-09,2024,336.692351,428.153135,228.70195,412.392751,267.91964,264.324112
2024-07-10,2024,337.717229,428.562642,228.791761,414.66671,268.1515,264.238527
2024-07-11,2024,339.39635,439.957355,228.881607,418.488682,270.419504,266.52788
2024-07-12,2024,338.786385,435.72583,228.971489,416.894154,271.690514,267.875812
2024-07-15,2024,340.96157,440.909279,229.061406,421.889793,272.584226,268.988404
2024-07-16,2024,343.033134,441.029538,229.151359,426.640187,272.139478,268.239554
2024-07-17,2024,344.009012,449.037216,229.241346,428.797905,272.856134,269.202359
2024-07-18,2024,340.744969,433.60528,229.33137,420.923057,269.06629,265.351103
2024-07-19,2024,339.792387,433.357189,229.421428,418.51753,268.990408,265.308319
2024-07-22,2024,343.397882,436.708376,229.511522,426.897277,269.504714,265.864615
2024-07-23,2024,339.940409,425.538922,229.601651,418.564555,266.827794,263.06175
2024-07-24,2024,340.133584,422.554968,229.691816,418.869943,266.47579,262.869195
2024-07-25,2024,339.622932,416.559257,229.782015,417.509875,265.487226,261.906389
2024-07-26,2024,341.206027,421.651861,229.872251,421.103974,268.72904,265.265534
2024-07-29,2024,340.901141,416.602868,229.962522,420.230671,267.595037,264.152942
2024-07-30,2024,342.837278,418.530941,230.052828,424.660022,265.877171,262.548254
2024-07-31,2024,347.25981,419.885931,230.14317,434.972623,269.06629,265.393904
2024-08-01,2024,345.212117,418.429685,230.233547,429.975308,268.524582,264.752022
2024-08-02,2024,345.062639,436.655938,230.32396,429.469493,265.276445,261.842188
2024-08-05,2024,342.134858,437.914677,230.414408,422.389593,264.045484,260.537041
2024-08-06,2024,342.718527,448.425756,230.504892,423.61843,266.146971,262.612439
2024-08-07,2024,347.947695,455.534516,230.595411,435.839399,268.775412,265.393904
2024-08-08,2024,348.65805,448.36319,230.685966,437.367883,271.193071,268.089783
2024-08-09,2024,354.765778,448.830988,230.776556,451.667578,275.311734,272.005208
2024-08-12,2024,354.63303,457.319167,230.867182,451.200991,276.367747,273.117801
2024-08-13,2024,358.976928,451.863017,230.957844,461.32699,279.069961,275.535524
2024-08-14,2024,357.589489,446.521281,231.048541,457.891433,281.009147,277.461136
2024-08-15,2024,358.222231,448.810042,231.139274,459.235968,282.769169,279.194225
2024-08-16,2024,354.87217,443.491325,231.230042,451.15633,282.347607,278.766283
2024-08-19,2024,358.034716,453.696922,231.320846,458.486774,286.194362,282.382184
2024-08-20,2024,359.400623,456.369143,231.411686,461.565947,286.845675,283.366406
2024-08-21,2024,360.769772,456.902745,231.502561,464.652731,287.64032,284.008288
2024-08-22,2024,357.487019,445.039427,231.593472,456.732116,284.919136,281.504979
2024-08-23,2024,363.242068,461.237926,231.684419,470.196704,285.836034,282.382184
2024-08-26,2024,361.74775,464.208443,231.775401,466.507768,288.53614,285.013894
2024-08-27,2024,364.43103,467.497513,231.866419,472.703809,288.297957,284.585952
2024-08-28,2024,362.718203,468.770624,231.957473,468.497717,289.495194,285.891099
2024-08-29,2024,360.533283,465.07765,232.048563,463.174495,286.748716,282.78871
2024-08-30,2024,362.18935,476.374987,232.139689,466.939764,286.670727,283.708747
2024-09-02,2024,363.13174,481.318885,232.23085,469.01627,284.514436,280.499373
2024-09-03,2024,362.739115,484.959765,232.322047,467.933799,283.190731,279.493766
2024-09-04,2024,367.351057,490.840187,232.41328,478.693085,286.896263,283.238036
2024-09-05,2024,369.281904,496.763384,232.504548,483.108298,287.720417,284.329212
2024-09-06,2024,369.364825,493.503828,232.595853,483.150886,283.652342,280.199832
2024-09-09,2024,367.072845,486.948023,232.687193,477.573918,284.00013,280.37097
2024-09-10,2024,369.329426,483.57238,232.77857,482.759701,283.121173,279.493766
2024-09-11,2024,370.223139,487.467713,232.869982,484.720604,283.873662,280.734728
2024-09-12,2024,370.188071,484.345279,232.96143,484.483766,282.5078,278.809084
2024-09-13,2024,375.286477,501.776719,233.052914,496.393698,284.305763,280.734728
2024-09-16,2024,379.195381,510.10867,233.144434,505.488971,284.803206,281.098453
2024-09-17,2024,377.485285,508.031116,233.23599,501.288496,284.470172,280.991468
2024-09-18,2024,374.389679,502.600808,233.327581,493.809563,281.915505,278.252804
2024-09-19,2024,373.773258,500.031256,233.421304,492.193298,280.598123,276.79787
2024-09-20,2024,369.170925,491.083207,233.515065,481.145495,276.260248,273.075
2024-09-23,2024,366.12195,489.987948,233.608863,473.77319,275.212666,271.727068
2024-09-24,2024,368.03786,489.867709,233.702699,478.148739,278.55987,275.321552
2024-09-25,2024,367.824422,492.888348,233.796573,477.485758,277.358418,273.695481
2024-09-26,2024,368.738269,497.714288,233.890484,479.490097,280.359941,276.712301
2024-09-27,2024,366.713361,498.187327,233.984434,474.540688,279.769754,276.091804
2024-09-30,2024,366.439258,497.049108,234.07842,473.73397,277.843215,274.786657
2024-10-01,2024,370.36298,503.381992,234.172445,482.86009,279.274418,275.706694
2024-10-02,2024,374.868958,516.639024,234.266507,493.363882,281.424385,277.824894
2024-10-03,2024,370.571303,501.930214,234.360608,483.036439,277.53969,273.930836
2024-10-04,2024,368.94551,503.403533,234.454746,479.031096,277.792627,274.294562
2024-10-07,2024,367.616704,501.270319,234.548921,475.728422,278.268992,274.829457
2024-10-08,2024,367.617846,503.704952,234.643135,475.57261,277.20244,273.716881
2024-10-09,2024,363.443672,496.020622,234.737386,465.537093,273.935333,270.336336
2024-10-10,2024,364.492706,507.307954,234.831676,467.860677,274.759487,271.299158
2024-10-11,2024,364.673585,507.910692,234.926003,468.129966,273.998567,270.593092
2024-10-14,2024,366.29888,522.060937,235.020368,471.816971,276.13378,272.79686
2024-10-15,2024,367.088282,525.873514,235.114771,473.526023,276.213877,272.582905
2024-10-16,2024,368.839121,536.6201,235.209212,477.509962,277.704099,274.016438
2024-10-17,2024,369.464087,538.391628,235.303691,478.829796,275.686924,272.390334
2024-10-18,2024,368.224667,536.978215,235.398207,475.738055,275.067227,271.727068
2024-10-21,2024,368.887167,536.067263,235.492762,477.146573,274.778457,271.192172
2024-10-22,2024,368.27993,531.914628,235.587355,475.550573,273.42735,270.657277
2024-10-23,2024,367.605258,521.982989,235.681986,473.794946,272.398739,269.180959
2024-10-24,2024,370.6967,522.977012,235.776654,480.950642,274.156653,270.871232
2024-10-25,2024,370.31841,530.396454,235.871361,479.896186,273.789894,270.336336
2024-10-28,2024,371.558276,528.644195,235.966106,482.67055,276.572204,273.52431
2024-10-29,2024,372.349623,528.809671,236.060889,484.383565,275.554132,272.261964
2024-10-30,2024,374.546515,533.779408,236.15571,489.422316,275.362321,272.21918
2024-10-31,2024,373.594319,534.427101,236.250569,487.009627,273.410488,270.143781
2024-11-01,2024,370.554264,525.550407,236.345466,479.656579,270.054853,266.592065
2024-11-04,2024,374.356932,547.63607,236.440401,488.49473,275.100952,272.048009
2024-11-05,2024,372.872964,542.772536,236.535375,484.823567,275.408693,272.048009
2024-11-06,2024,370.46336,537.055196,236.630386,478.962101,274.734193,270.229367
2024-11-07,2024,367.628946,532.165458,236.729669,472.08826,273.345146,269.715855
2024-11-08,2024,365.157126,535.596932,236.828994,466.072322,269.44148,266.37811
2024-11-11,2024,364.603915,545.453151,236.92836,464.596128,269.534224,266.05717
2024-11-12,2024,362.389092,551.892031,237.027768,459.188155,269.163249,265.736229
2024-11-13,2024,360.35473,545.582894,237.127218,454.207118,269.23913,266.014385
2024-11-14,2024,358.647954,537.596824,237.226709,450.001147,269.361383,265.885999
2024-11-18,2024,357.758056,543.265223,237.326243,447.728003,269.310796,266.185556
2024-11-19,2024,358.584892,545.751224,237.425818,449.516929,270.215047,267.191146
2024-11-21,2024,356.270601,542.686859,237.525434,443.873243,267.527587,264.452482
2024-11-22,2024,359.651765,548.659523,237.625093,451.706081,272.173203,269.63027
2024-11-25,2024,361.424349,553.139311,237.724793,455.732626,271.9835,268.881419
2024-11-26,2024,364.13625,554.993957,237.824535,461.981716,273.85102,270.978217
2024-11-27,2024,357.087919,542.23472,237.924319,445.136054,269.102122,265.522274
2024-11-28,2024,348.451401,505.22978,238.024145,424.532353,262.654328,259.53145
2024-11-29,2024,351.553085,508.572055,238.124013,431.703533,264.884392,261.713818
2024-12-02,2024,349.314924,504.525337,238.223923,426.239495,263.973818,260.772396
2024-12-03,2024,351.211393,503.386331,238.323874,430.558754,265.877171,262.484069
2024-12-04,2024,352.157955,513.157548,238.423868,432.630271,265.767565,262.63384
2024-12-05,2024,354.471207,513.882257,238.523904,437.935579,269.500499,266.399511
2024-12-06,2024,352.048413,492.36828,238.623981,432.034381,265.470364,262.013359
2024-12-09,2024,353.103625,501.207117,238.7241,434.362772,268.134637,264.794823
2024-12-10,2024,355.537137,513.221239,238.824262,439.952429,270.280389,266.977191
2024-12-11,2024,358.186823,519.568751,238.924465,446.053527,273.157551,270.892632
2024-12-12,2024,352.047825,498.284867,239.033207,431.344461,265.672714,262.569655
2024-12-13,2024,349.260358,489.709377,239.141998,424.565709,262.658544,260.237501
2024-12-16,2024,346.728709,483.26725,239.250839,418.392193,260.441127,257.220697
2024-12-17,2024,348.82984,486.109162,239.359729,423.180683,262.839816,260.173316
2024-12-18,2024,341.835995,461.410306,239.468669,406.448542,254.56455,252.898729
2024-12-19,2024,344.31974,462.312851,239.577658,412.142208,255.441399,252.428035
2024-12-20,2024,343.930333,458.53358,239.686697,411.037334,257.367938,254.717388
2024-12-23,2024,340.586591,444.560114,239.795786,402.941823,254.554011,251.828938
2024-12-26,2024,339.071371,439.923631,240.014112,398.989173,255.20954,252.385234
2024-12-27,2024,337.114388,438.518854,240.12335,394.174761,253.504321,250.887532
2024-12-30,2024,336.308989,438.031477,240.232637,392.085149,253.53383,250.908916
2025-01-03,2025,333.478086,431.450745,240.341974,386.104748,250.173781,247.373475
2025-01-06,2025,337.482525,428.8627,240.451361,394.446981,253.31644,250.844638
2025-01-07,2025,337.050447,434.476287,240.560798,393.384958,255.724616,253.158746
2025-01-08,2025,335.768678,429.788854,240.670284,390.521759,252.478538,249.987559
2025-01-09,2025,337.250959,430.846488,240.77982,393.517514,252.807789,250.308966
2025-01-10,2025,336.67214,430.05724,240.889406,392.144241,250.8555,248.466251
2025-01-13,2025,338.08781,427.812467,240.999042,394.998666,251.174198,248.594808
2025-01-14,2025,340.073093,430.094863,241.108728,399.060447,251.790488,249.537596
2025-01-15,2025,346.023465,435.871279,241.218464,411.527054,258.863053,256.201361
2025-01-16,2025,342.73798,435.139065,241.32825,404.41613,255.874467,253.544431
2025-01-17,2025,345.126301,436.606642,241.438086,409.332041,258.229878,255.515701
2025-01-20,2025,346.937337,441.998181,241.547971,413.0242,258.637221,256.715602
2025-01-21,2025,348.41864,441.787016,241.657907,416.017348,260.315134,257.765532
2025-01-22,2025,349.823121,438.288151,241.767893,418.84759,259.542661,256.951299
2025-01-23,2025,349.105688,440.346584,241.877929,417.179892,258.510586,255.665689
2025-01-24,2025,349.990768,438.182171,241.988014,418.909014,258.434605,255.944233
2025-01-27,2025,355.441061,434.567099,242.09815,430.315057,263.531664,261.129553
2025-01-28,2025,353.462478,434.494344,242.208337,425.973869,261.830533,259.329686
2025-01-29,2025,354.015998,433.557031,242.318573,426.999974,260.513529,257.486972
2025-01-30,2025,359.570564,437.251079,242.437399,438.615444,267.86047,265.586335
2025-01-31,2025,358.269445,435.862625,242.556283,435.698678,266.218436,263.550786
2025-02-03,2025,359.283596,433.38379,242.675225,437.689566,265.87019,262.779417
2025-02-04,2025,358.33776,423.018362,242.794226,435.525748,264.13318,261.215263
2025-02-05,2025,356.924409,455.856475,242.913285,432.370848,264.949976,262.200898
2025-02-06,2025,360.9325,450.034684,243.032402,440.707827,266.408389,263.893624
2025-02-07,2025,357.459192,440.330833,243.151578,433.186232,263.018792,260.293906
2025-02-10,2025,359.936051,438.708609,243.270812,438.277268,265.030178,262.586583
2025-02-11,2025,359.462421,435.303158,243.390105,437.114004,267.035232,264.51499
2025-02-12,2025,355.583396,429.008225,243.509456,428.732167,262.514362,259.80108
2025-02-13,2025,354.869118,428.978168,243.628866,427.05864,263.506337,260.722437
2025-02-14,2025,359.525162,431.707565,243.748334,436.768633,270.616892,267.557621
2025-02-17,2025,360.61301,429.923512,243.867861,438.914958,271.988771,268.371837
2025-02-18,2025,361.849272,429.140055,243.987446,441.375803,271.277505,268.478978
2025-02-19,2025,358.593092,429.415238,244.107091,434.313833,268.696261,265.714907
2025-02-20,2025,359.564935,429.01151,244.226793,436.214025,269.312551,266.700542
2025-02-21,2025,361.34614,422.611127,244.346555,439.829763,268.314245,265.564919
2025-02-24,2025,357.211289,424.168033,244.466375,430.90502,264.669268,262.45801
2025-02-25,2025,356.323174,428.325593,244.586254,428.862379,265.891296,263.186533
2025-02-26,2025,354.494907,431.887618,244.706192,424.826799,263.335379,261.022412
2025-02-27,2025,356.165532,457.571773,244.826188,428.207824,263.398697,260.872425
2025-02-28,2025,351.292178,456.581975,244.946244,417.717342,259.17753,257.14415
2025-03-05,2025,352.831242,482.016123,245.066358,420.819338,259.700955,257.229859
2025-03-06,2025,355.896799,477.395375,245.186531,427.156997,260.357346,257.979797
2025-03-07,2025,358.090855,477.413452,245.306763,431.647235,263.896794,261.300956
2025-03-10,2025,357.401714,478.04443,245.427054,430.025814,262.807733,259.908221
2025-03-11,2025,356.285791,472.742757,245.547404,427.499657,260.671823,258.301204
2025-03-12,2025,358.947933,474.985336,245.667814,432.981872,261.425301,258.708304
2025-03-13,2025,361.21394,476.387098,245.788282,437.624313,265.167366,262.500873
2025-03-14,2025,366.395199,478.270301,245.908809,448.446203,272.174503,269.443182
2025-03-17,2025,367.100891,488.287564,246.029395,449.781049,276.136068,273.749992
2025-03-18,2025,369.917427,497.10754,246.150041,455.59022,277.488952,274.82132
2025-03-19,2025,375.336788,502.197778,246.270745,466.916584,279.669184,277.692549
2025-03-20,2025,373.495388,485.905351,246.400114,462.840571,278.502032,276.085532
2025-03-21,2025,372.790491,489.182206,246.52955,461.173541,279.325159,276.364059
2025-03-24,2025,371.601435,474.751616,246.659055,458.480136,277.163922,274.671349
2025-03-25,2025,372.891854,470.206631,246.788627,461.042441,278.740527,276.492615
2025-03-26,2025,375.248344,468.262369,246.918268,465.864432,279.694511,276.921179
2025-03-27,2025,377.425066,467.494794,247.047976,470.305273,281.022068,278.078217
2025-03-28,2025,376.683563,458.919768,247.177753,468.560194,278.390171,275.742694
2025-03-31,2025,375.394115,456.952187,247.307598,465.65353,274.924593,272.764357
2025-04-01,2025,377.539425,459.231119,247.437511,470.027513,276.79668,274.349926
2025-04-02,2025,377.847951,454.892132,247.567493,470.507931,276.887435,276.19264
2025-04-03,2025,380.037554,449.363596,247.697542,474.975622,276.784017,274.478515
2025-04-04,2025,374.665611,435.712413,247.82766,463.414833,268.5844,265.972019
2025-04-07,2025,373.472769,435.947693,247.957847,460.712491,265.063947,262.972267
2025-04-08,2025,374.601945,437.355053,248.088101,462.932096,261.568821,259.351117
2025-04-09,2025,378.367199,451.438831,248.218424,470.739365,269.724115,266.871961
2025-04-10,2025,375.389973,445.700253,248.348816,464.25435,266.682765,264.429297
2025-04-11,2025,377.21811,446.453026,248.479276,467.955284,269.483509,267.236214
2025-04-14,2025,381.278671,454.062755,248.609805,476.388247,273.223462,270.857365
2025-04-15,2025,382.102501,461.805696,248.740402,477.960146,272.782351,270.407386
2025-04-16,2025,379.03989,454.41963,248.871068,471.293771,270.823729,268.436115
2025-04-17,2025,381.32584,459.370939,249.001802,475.964776,273.637137,271.114477
2025-04-22,2025,384.11394,454.518464,249.132605,481.700108,275.355152,272.828635
2025-04-23,2025,386.585862,461.701796,249.263477,486.765138,279.052894,276.578341
2025-04-24,2025,391.519348,464.251936,249.394418,497.047912,284.042313,281.506533
2025-04-25,2025,391.516877,471.76677,249.525427,496.867729,284.377896,281.74223
2025-04-28,2025,393.533279,472.226064,249.656505,500.966908,284.962527,282.085036
2025-04-29,2025,391.200839,472.048778,249.787653,495.847651,285.125042,282.535015
2025-04-30,2025,395.396528,475.050308,249.918868,504.566132,285.070167,282.042206
2025-05-02,2025,395.530726,478.286317,250.050153,504.675281,285.211576,282.5136
2025-05-05,2025,397.3556,472.62681,250.181507,508.368105,281.743888,279.278118
2025-05-06,2025,394.385615,470.11967,250.31293,501.897061,281.796652,279.363844
2025-05-07,2025,394.372032,473.462975,250.444422,501.692681,281.547603,278.999591
2025-05-08,2025,395.041123,481.819371,250.580328,502.929484,287.528997,285.063373
2025-05-09,2025,393.161756,469.841506,250.716308,498.764165,288.11996,285.491937
2025-05-12,2025,392.662463,475.006071,250.852362,497.524119,288.2276,285.813327
2025-05-13,2025,395.853901,480.038787,250.988489,504.107306,293.293,290.5701
2025-05-14,2025,397.96203,478.678064,251.124691,508.39408,292.153285,289.927287
2025-05-15,2025,399.927655,485.574612,251.260966,512.378685,294.076026,291.555751
2025-05-16,2025,399.754561,488.476943,251.397315,511.829699,293.765771,291.641445
2025-05-19,2025,400.853693,492.212865,251.533739,513.977381,294.713423,292.305673
2025-05-20,2025,402.165116,489.176587,251.670236,516.574962,295.713839,293.205599
2025-05-21,2025,397.336607,484.530519,251.806807,506.157486,291.009349,288.384548
2025-05-22,2025,395.367464,485.846573,251.943453,501.800976,289.726114,287.22751
2025-05-23,2025,400.499871,487.022137,252.080172,512.49769,290.889045,288.127435
2025-05-26,2025,401.817583,486.720056,252.216966,515.108207,291.547547,289.284473
2025-05-27,2025,403.319195,490.191129,252.353834,518.108441,294.512917,292.391399
2025-05-28,2025,400.279771,485.711713,252.490777,511.482834,293.134706,290.784382
2025-05-29,2025,399.910761,483.373897,252.627793,510.517669,292.38756,290.034428
2025-05-30,2025,398.466055,479.205242,252.764884,507.272226,289.20691,287.098954
2025-06-02,2025,398.066009,479.447038,252.90205,506.241073,288.70037,286.263306
2025-06-03,2025,401.167693,476.165029,253.039289,512.632521,290.302303,287.977431
2025-06-04,2025,399.487437,486.363218,253.176604,508.887479,289.154146,286.713253
2025-06-05,2025,398.018256,483.510428,253.313993,505.589758,287.537439,285.513352
2025-06-06,2025,396.226646,477.181146,253.451456,501.608477,287.254621,285.106236
2025-06-09,2025,397.241438,489.0972,253.588994,503.575894,286.404056,284.399144
2025-06-10,2025,398.921441,485.440276,253.726606,506.953273,287.959556,285.727634
2025-06-11,2025,396.154214,485.636145,253.864294,500.903654,289.420079,287.056091
2025-06-12,2025,396.403804,492.087482,254.002056,501.248755,290.838391,288.534552
2025-06-13,2025,393.557658,484.766934,254.139893,495.03165,289.599479,287.098954
2025-06-16,2025,397.630704,495.715555,254.277804,503.481221,293.911401,291.555751
2025-06-17,2025,397.99872,495.557913,254.41579,504.077052,293.033398,290.07729
2025-06-18,2025,398.156905,507.40761,254.553852,504.227999,292.773796,290.162984
2025-06-20,2025,396.686832,503.888597,254.69419,500.924448,289.394752,286.906087
2025-06-23,2025,394.736617,510.952767,254.834605,496.603026,288.202273,285.984746
2025-06-24,2025,396.624158,506.935673,254.975098,500.416483,289.498171,287.270373
2025-06-25,2025,395.93049,501.95884,255.115668,498.758387,286.547575,284.013476
2025-06-26,2025,398.58377,506.675406,255.256316,504.194791,289.390531,287.034676
2025-06-27,2025,398.6309,507.409998,255.397042,504.106774,288.867107,286.67039
2025-06-30,2025,402.751727,518.408918,255.537845,512.653766,293.065057,291.084357
2025-07-01,2025,404.82335,530.05417,255.678725,516.856908,294.529802,292.519955
2025-07-02,2025,400.779719,524.961745,255.819683,508.097299,293.478731,291.212913
2025-07-03,2025,404.875116,536.21757,255.960719,516.590074,297.440296,295.519707
2025-07-04,2025,406.76779,540.847083,256.101833,520.413583,298.601117,295.969686
2025-07-07,2025,404.136307,542.830689,256.243025,514.647024,294.405277,292.369951
2025-07-08,2025,404.422802,543.12849,256.384294,515.06567,294.010598,291.727138
2025-07-09,2025,402.954427,531.641729,256.525641,511.764372,290.165115,287.356066
2025-07-10,2025,402.321595,525.780584,256.667066,510.234088,288.607505,286.284721
2025-07-11,2025,401.079448,517.126446,256.808569,507.412123,287.43402,286.049024
2025-07-14,2025,399.858247,510.692133,256.950151,504.634454,285.559822,283.027824
2025-07-15,2025,401.314308,513.172781,257.09181,507.531733,285.456404,283.627775
2025-07-16,2025,400.262902,501.425481,257.233547,505.113773,286.007266,283.692053
2025-07-17,2025,401.350323,500.385407,257.375362,507.229431,286.121238,283.842057
2025-07-18,2025,400.339783,488.720881,257.517256,504.897886,281.513834,279.192425
2025-07-21,2025,401.674066,492.588138,257.659228,507.536613,283.170642,281.120832
2025-07-22,2025,397.263324,493.895107,257.801278,497.997372,282.894156,281.013691
2025-07-23,2025,399.826536,496.168414,257.943406,503.24088,285.705453,283.670638
2025-07-24,2025,397.966339,483.850627,258.085613,499.10788,282.412943,280.220907
2025-07-25,2025,398.327499,485.004409,258.227898,499.683436,281.813537,279.513815
2025-07-28,2025,393.102646,484.050058,258.370262,488.418088,278.869273,276.942594
2025-07-29,2025,396.263448,493.255182,258.512704,494.927901,280.129291,277.478267
2025-07-30,2025,399.465477,523.395727,258.655225,501.525002,282.797069,280.542297
2025-07-31,2025,399.509915,530.756447,258.797824,501.428777,280.857443,278.292499
2025-08-01,2025,401.494866,526.378025,258.940502,505.445798,279.519333,277.628271
2025-08-04,2025,401.569589,527.02642,259.083258,505.41356,280.646384,278.549611
2025-08-05,2025,404.549096,522.092263,259.226093,511.538553,281.026289,278.89245
2025-08-06,2025,410.911488,521.059256,259.369007,524.834224,283.953668,281.74223
2025-08-07,2025,413.459134,523.452479,259.512,530.043584,288.153729,286.091887
2025-08-08,2025,413.672406,526.079267,259.655072,530.304608,286.855721,284.784845
2025-08-11,2025,411.586135,523.22233,259.798222,525.691133,286.243651,283.906335
2025-08-12,2025,413.972003,526.570896,259.941451,530.557252,291.078998,289.47734
2025-08-13,2025,410.982616,524.180547,260.08476,524.029209,288.489312,286.391862
2025-08-14,2025,411.532542,529.499052,260.228147,525.003427,287.790709,285.749049
2025-08-15,2025,411.324446,523.925866,260.371614,524.370742,287.75905,286.17758
2025-08-18,2025,414.648657,528.115591,260.515159,531.225465,289.829533,287.82746
2025-08-19,2025,411.231324,522.72763,260.658784,523.789873,283.729947,281.056554
2025-08-20,2025,410.958453,519.353754,260.802487,523.019566,284.225934,282.406459
2025-08-21,2025,410.873823,521.277402,260.94627,522.648171,283.896683,282.042206
2025-08-22,2025,416.12142,525.114746,261.090133,533.57952,291.192969,289.584448
2025-08-25,2025,417.146165,518.650427,261.234074,535.559482,291.313273,289.498755
2025-08-26,2025,417.785992,521.596444,261.378095,536.723419,290.777185,289.134502
2025-08-27,2025,420.803913,519.199237,261.522196,542.928151,293.805872,291.834279
2025-08-28,2025,423.323757,522.811555,261.666375,548.076991,297.695677,296.355354
2025-08-29,2025,423.935894,527.474776,261.810635,549.181915,298.482925,296.762471
2025-09-01,2025,422.707494,525.692498,261.954974,546.385302,297.856081,296.312492
2025-09-02,2025,422.187573,528.892237,262.099392,545.090363,296.18872,294.341221
2025-09-03,2025,421.042397,527.04477,262.24389,542.469949,295.194636,293.269877
2025-09-04,2025,423.182692,535.986567,262.388468,546.813721,297.577484,295.712541
2025-09-05,2025,425.699176,543.987482,262.533125,551.954801,301.053615,299.22655
2025-09-08,2025,423.488687,535.712863,262.677862,547.075899,299.26384,297.405284
2025-09-09,2025,418.719891,542.165196,262.822679,536.773987,298.896599,296.976753
2025-09-10,2025,418.63333,541.189267,262.967576,536.397013,300.439435,298.176653
2025-09-11,2025,421.521266,540.107999,263.112552,542.325042,302.132123,299.890811
2025-09-12,2025,421.779795,532.765835,263.257609,542.679349,300.27692,298.283795
2025-09-15,2025,420.987206,531.204614,263.402746,540.80547,302.967914,300.940708
2025-09-16,2025,421.993952,537.818746,263.547962,542.745577,304.054865,302.354891
2025-09-17,2025,424.739806,535.508419,263.693259,548.372006,307.288278,305.54751
2025-09-18,2025,425.324466,535.389705,263.838636,549.417194,307.089884,305.397506
2025-09-19,2025,424.271265,521.719843,263.984092,546.99046,307.860247,305.954593
2025-09-22,2025,423.859415,529.203146,264.12963,545.923109,306.264645,304.240468
2025-09-23,2025,425.646511,527.426257,264.275247,549.516807,309.042173,307.111664
2025-09-24,2025,424.298045,529.276937,264.420944,546.463872,309.183582,307.304498
2025-09-25,2025,421.978389,528.385084,264.566722,541.352178,306.68043,304.861834
2025-09-26,2025,423.534874,531.714714,264.712581,544.456723,306.978023,305.204672
2025-09-29,2025,427.090017,525.584997,264.858519,551.797761,308.856442,307.368776
2025-09-30,2025,429.07529,530.452701,265.004538,555.811004,308.645384,306.91883
2025-10-01,2025,430.68392,530.039163,265.150638,559.025758,307.125763,305.376091
2025-10-02,2025,426.425636,513.360454,265.296818,549.804171,303.818479,302.097779
2025-10-03,2025,428.944952,517.180871,265.443079,554.949114,304.348236,302.590588
2025-10-06,2025,427.277297,521.715593,265.58942,551.218729,303.09666,301.412103
2025-10-07,2025,421.250816,518.256276,265.735843,538.248727,298.343626,296.65533
2025-10-08,2025,420.963885,521.015962,265.882345,537.444879,300.008876,298.262347
2025-10-09,2025,419.701882,519.503296,266.028929,534.574041,299.086551,297.298143
2025-10-10,2025,417.734528,519.115004,266.175593,530.207944,296.916872,295.28401
2025-10-13,2025,418.430816,525.358104,266.322339,531.487924,299.244845,297.298143
2025-10-14,2025,419.015204,539.539629,266.469165,532.5306,299.033787,297.276728
2025-10-15,2025,421.572081,532.420082,266.616072,537.754298,300.977634,298.883745
2025-10-16,2025,420.735869,532.873951,266.76306,535.785477,300.124958,298.176653
2025-10-17,2025,423.617777,532.991707,266.910129,541.697936,302.655548,300.833567
2025-10-20,2025,428.105458,536.507092,267.057279,551.014081,304.998295,302.697729
2025-10-21,2025,428.386219,551.40421,267.204511,551.41261,304.103408,303.083398
2025-10-22,2025,430.703512,548.202774,267.351823,556.127916,305.766548,304.004771
2025-10-23,2025,432.389759,553.114615,267.499217,559.505468,307.556323,305.718896
2025-10-24,2025,435.218803,554.407868,267.646692,565.305328,308.508196,
2025-10-27,2025,436.077899,556.074647,267.794248,566.929333,310.190331,308.547262
2025-10-28,2025,437.230854,566.549406,267.941886,569.17613,311.161199,309.232938
2025-10-29,2025,437.990564,561.943705,268.089605,570.589246,313.702341,311.332765
2025-10-30,2025,440.906093,562.03874,268.237406,576.571995,314.012597,312.189827
2025-10-31,2025,442.659538,559.202785,268.385287,580.091339,315.61664,313.711151
2025-11-03,2025,441.91029,559.817069,268.533251,578.305556,317.545714,315.768114
2025-11-04,2025,442.988031,560.350933,268.681296,580.392375,318.07336,316.110953
2025-11-05,2025,444.08448,561.368481,268.829423,582.518742,323.539771,322.21763
2025-11-06,2025,446.615285,561.419131,268.977631,587.685436,323.634747,321.61768
2025-11-07,2025,448.297086,561.281904,269.125921,591.05237,325.16492,323.117556
2025-11-10,2025,449.777857,561.97759,269.274293,593.993065,327.682846,326.224449
2025-11-11,2025,449.470991,563.398728,269.422747,593.144355,332.94242,331.688313
2025-11-12,2025,452.906366,563.342569,269.571282,600.228051,332.697592,330.916944
2025-11-13,2025,454.265034,563.259711,269.719899,602.909596,331.703507,330.188437
2025-11-14,2025,456.322355,561.860744,269.868599,607.071979,332.921314,330.702662
2025-11-17,2025,453.775682,562.93331,270.01738,601.475061,331.346819,329.524176
2025-11-18,2025,453.383046,563.038978,270.166243,600.443994,330.352734,328.967089
2025-11-19,2025,451.733918,562.39265,270.315189,596.749404,327.944558,325.688777
2025-11-21,2025,451.895545,562.41806,270.464216,596.893004,326.654992,325.581636
2025-11-24,2025,453.280803,563.222646,270.613326,599.630253,327.727168,326.438731
2025-11-25,2025,458.079056,563.705043,270.762517,609.601998,329.061057,327.767188
2025-11-26,2025,463.136397,564.483089,270.911792,620.122827,334.64355,333.702446
2025-11-27,2025,462.737045,564.831499,271.061148,619.076869,334.088466,332.802521
2025-11-28,2025,463.119144,565.206928,271.210587,619.687257,335.734721,333.938143
2025-12-01,2025,461.32574,564.857232,271.360108,615.686073,334.761742,333.188189
2025-12-02,2025,464.112973,565.313576,271.509711,621.394461,339.9981,338.480634
2025-12-03,2025,464.217242,565.608907,271.659397,621.415598,341.397417,339.401975
2025-12-04,2025,468.925179,566.334204,271.809166,631.195128,347.098102,345.594346
2025-12-05,2025,454.736764,565.555354,271.959017,600.919507,332.140398,330.359824
2025-12-08,2025,455.846343,565.958626,272.108951,603.071291,333.866855,332.652517
2025-12-09,2025,453.199907,566.120296,272.258967,597.261252,333.432075,331.152641
2025-12-10,2025,455.842333,566.282129,272.409066,602.662029,335.741053,334.259534
2025-12-11,2025,457.866592,566.390399,272.559248,606.752352,335.98166,334.66665
2025-12-12,2025,463.426655,567.143541,272.709513,618.33749,339.31005,337.473568
2025-12-15,2025,464.551552,567.735669,272.85986,620.521193,342.931811,341.480386
2025-12-16,2025,456.263371,567.387764,273.01029,602.751663,334.692093,332.459683
2025-12-17,2025,449.941983,567.631001,273.160804,589.151079,332.051753,330.724109
2025-12-18,2025,450.71819,567.928129,273.3114,590.595322,333.309661,331.816869
2025-12-19,2025,451.377999,568.520911,273.462079,591.792724,334.470482,332.759658
2025-12-22,2025,447.062474,568.710913,273.612842,582.443682,333.771879,332.266848
2025-12-23,2025,453.580383,569.705088,273.763687,596.058413,338.655769,337.323564
2025-12-26,2025,452.777454,570.876005,274.065628,593.953228,339.586536,338.159244
2025-12-29,2025,451.496032,571.062866,274.216723,591.0352,338.727529,337.280734
2025-12-30,2025,454.928121,571.694898,274.367901,598.108403,340.067749,338.544912
