Date,PETR4.SA,VALE3.SA,ITUB4.SA,BBDC4.SA,WEGE3.SA,RENT3.SA,ABEV3.SA,BBAS3.SA,TITULO_CDI
2010-07-01,5.668363094329834,16.7604923248291,6.060661315917969,5.055480003356934,1.8123239278793335,4.4143595695495605,3.150487184524536,4.494297504425049,100.03833399999999
2010-07-02,5.736941814422607,16.676380157470703,6.117717266082764,5.05784797668457,1.828037977218628,4.432585716247559,3.1720027923583984,4.552713394165039,100.07668269495555
2010-07-05,5.687653064727783,16.43934440612793,5.969721794128418,5.05784797668457,1.799752950668335,4.394112586975098,3.1351189613342285,4.5183515548706055,100.11504609049983
2010-07-06,5.796947002410889,16.645793914794922,6.112370491027832,5.05784797668457,1.7714682817459106,4.5156097412109375,3.2099111080169678,4.630020618438721,100.15342419226816
2010-07-07,5.87195348739624,17.047222137451172,6.470767021179199,5.05784797668457,1.770420789718628,4.616853713989258,3.231016159057617,4.767462730407715,100.191817005898
2010-07-08,5.910529136657715,17.104570388793945,6.615196228027344,5.05784797668457,1.750516414642334,4.550033092498779,3.280604362487793,4.75715446472168,100.23022453702906
2010-07-12,5.835521221160889,16.733728408813477,6.638373374938965,5.212846755981445,1.7180410623550415,4.560157775878906,3.2375738620758057,4.776050567626953,100.26864679130307
2010-07-13,5.850525379180908,16.882829666137695,6.6597700119018555,5.278109073638916,1.79137122631073,4.687727451324463,3.259089708328247,4.886002063751221,100.30708377436403
2010-07-14,5.850525379180908,16.88665008544922,6.611630916595459,4.790272235870361,1.7672779560089111,4.770750999450684,3.2701539993286133,4.860234260559082,100.34549938130795
2010-07-15,5.809805393218994,16.752843856811523,6.597362518310547,4.7870073318481445,1.8112757205963135,4.7788496017456055,3.278350830078125,4.935825824737549,100.38396582504076
2010-07-16,5.7519426345825195,16.381999969482422,6.431539058685303,4.7054290771484375,1.7861348390579224,4.722151279449463,3.2994561195373535,4.794952869415283,100.42244701450014
2010-07-19,5.77551794052124,16.840774536132812,6.579532146453857,4.811481475830078,1.775658369064331,4.738351345062256,3.351707935333252,4.844773769378662,100.46090680325774
2010-07-20,5.925530433654785,17.792724609375,6.6348066329956055,4.883274078369141,1.7767043113708496,4.766698837280273,3.35437273979187,4.827591419219971,100.49941748727169
2010-07-21,5.89338493347168,17.895952224731445,6.61340856552124,4.845744609832764,1.79137122631073,4.689752101898193,3.3195371627807617,4.855079174041748,100.53794293397125
2010-07-22,5.996252059936523,18.274436950683594,6.79350471496582,4.987691402435303,1.8227994441986084,4.829472541809082,3.39125657081604,4.99595832824707,100.57829082122952
2010-07-23,5.955532550811768,18.415891647338867,6.864822864532471,5.025217533111572,1.799752950668335,4.859848976135254,3.3400280475616455,5.0646772384643555,100.61865490090187
2010-07-26,5.97910737991333,18.423538208007812,6.880870819091797,5.010534763336182,1.8123239278793335,4.940844535827637,3.319741725921631,4.990800857543945,100.6590351794867
2010-07-27,5.996252059936523,18.35089874267578,6.864822864532471,5.026852130889893,1.8489887714385986,5.0825910568237305,3.333881378173828,4.930673599243164,100.69939542623226
2010-07-28,5.957676887512207,18.675867080688477,7.025301456451416,5.253638744354248,1.8665906190872192,5.00159215927124,3.3445355892181396,5.136834621429443,100.73977185582234
2010-07-29,5.94481897354126,18.503820419311523,7.030646800994873,5.252007007598877,1.885561227798462,5.011717796325684,3.340233325958252,5.136834621429443,100.78016447474565
2010-07-30,5.968389987945557,18.561174392700195,7.059177875518799,5.2617926597595215,1.922451138496399,4.9246439933776855,3.3447420597076416,5.246784687042236,100.82057328949344
2010-08-02,6.138917446136475,19.318147659301758,7.0827250480651855,5.294425964355469,1.928775668144226,4.859848976135254,3.3637983798980713,5.2330403327941895,100.86107089737236
2010-08-03,6.277064800262451,19.295211791992188,6.866905689239502,5.2070183753967285,1.9656636714935303,4.799099445343018,3.3400280475616455,5.085292816162109,100.90154846234486
2010-08-04,6.333184719085693,19.279911041259766,6.749187469482422,5.171107769012451,1.9603945016860962,4.961095333099365,3.326709747314453,5.033751010894775,100.94204227177377
2010-08-05,6.352613925933838,19.36402130126953,6.761672496795654,5.182535171508789,1.9445838928222656,4.9124956130981445,3.299250841140747,5.154012680053711,100.98255233217827
2010-08-06,6.27922248840332,19.33726692199707,6.840149879455566,5.190694808959961,1.928775668144226,4.99146842956543,3.276916027069092,5.212426662445068,101.02307865008022
2010-08-09,6.223100185394287,19.386964797973633,6.866905689239502,5.223337650299072,1.8992646932601929,4.936795234680176,3.2705647945404053,5.274272441864014,101.06362123200408
2010-08-10,6.132440090179443,19.115524291992188,6.834798336029053,5.153154373168945,1.8655366897583008,4.97122049331665,3.254990816116333,5.207269668579102,101.10418008447691
2010-08-11,5.936013221740723,18.46941375732422,6.719941139221191,5.051950454711914,1.8708055019378662,4.857821464538574,3.2191321849823,5.102473735809326,101.1447552140284
2010-08-12,5.942488193511963,18.626163482666016,6.752222061157227,5.060109615325928,1.8655366897583008,4.758601188659668,3.239827871322632,5.214142322540283,101.18534662719088
2010-08-13,5.9705491065979,18.65674591064453,6.76297664642334,5.045421600341797,1.9045319557189941,4.738351345062256,3.2170827388763428,5.229606628417969,101.2259543304993
2010-08-16,5.959756374359131,18.90142822265625,6.795257091522217,5.10581636428833,1.9129661321640015,4.758601188659668,3.289824962615967,5.2055535316467285,101.26657833049121
2010-08-17,6.108697891235352,19.119342803955078,6.840092658996582,5.133565902709961,1.89715576171875,4.7788496017456055,3.3582651615142822,5.17978572845459,101.3072186337068
2010-08-18,5.9748663902282715,19.249326705932617,6.8239569664001465,5.190694808959961,1.8602659702301025,4.869972229003906,3.36051869392395,5.140269756317139,101.34783877609014
2010-08-19,5.7805986404418945,19.058177947998047,6.743250846862793,5.100918292999268,1.844456672668457,5.072465419769287,3.3892059326171875,5.050443172454834,101.38847520552581
2010-08-20,5.7805986404418945,18.82496452331543,6.728899002075195,5.084599018096924,1.8265390396118164,5.133213520050049,3.3890023231506348,5.124815464019775,101.42912792854419
2010-08-23,5.754694938659668,18.28590965270996,6.682275295257568,5.084599018096924,1.8813461065292358,5.0258917808532715,3.343101978302002,5.085032939910889,101.46979695167842
2010-08-24,5.64245080947876,17.89212989807129,6.567496299743652,4.970335960388184,1.844456672668457,4.9975433349609375,3.3195371627807617,5.0141191482543945,101.51048228146415
2010-08-25,5.629499435424805,17.73155975341797,6.563906192779541,4.896882057189941,1.8339170217514038,4.880095958709717,3.281219720840454,5.0141191482543945,101.55122046821334
2010-08-26,5.5474748611450195,17.532760620117188,6.4007086753845215,4.823429584503174,1.8128377199172974,4.7282257080078125,3.2785558700561523,4.877482891082764,101.59193844557225
2010-08-27,5.733108997344971,18.1406307220459,6.671513080596924,4.954010963439941,1.8339170217514038,4.851746559143066,3.3400280475616455,4.88612699508667,101.63270932230924
2010-08-30,5.49351167678833,17.63597869873047,6.590808391571045,4.851174831390381,1.8191617727279663,4.900346279144287,3.3394129276275635,4.782354354858398,101.6733867978884
2010-08-31,5.625182151794434,17.92271614074707,6.7827067375183105,4.971968650817871,1.791757583618164,4.961095333099365,3.4219915866851807,4.925909519195557,101.71415375905887
2010-09-01,5.834561824798584,18.805850982666016,6.872764587402344,5.076431751251221,1.7980815172195435,5.16358757019043,3.436336040496826,5.060821533203125,101.7549370661501
2010-09-02,5.9575982093811035,18.57264518737793,6.799214839935303,5.03144645690918,1.807567834854126,5.052216053009033,3.3812150955200195,5.007203102111816,101.79573672571614
2010-09-03,6.2166242599487305,18.503820419311523,6.790238857269287,4.987353801727295,1.807567834854126,4.82744836807251,3.401501178741455,4.927638053894043,101.83651609784847
2010-09-06,6.27922248840332,18.35089874267578,6.727453231811523,4.9579596519470215,1.8001903295516968,4.961095333099365,3.3672800064086914,4.8826704025268555,101.87727514505147
2010-09-08,6.007246494293213,18.041229248046875,6.718481540679932,5.020015239715576,1.8086214065551758,5.009692668914795,3.4426889419555664,4.887857437133789,101.91808718147459
2010-09-09,5.916585445404053,18.083282470703125,6.686187744140625,5.059206485748291,1.809675693511963,4.99956750869751,3.4422781467437744,4.889589786529541,101.95898894822226
2010-09-10,5.94033145904541,17.915067672729492,6.671837329864502,5.037976264953613,1.8033517599105835,5.0218424797058105,3.3996574878692627,4.842888355255127,101.99987042443092
2010-09-13,6.108697891235352,18.4273624420166,6.906848907470703,5.2421135902404785,1.8286479711532593,5.2547078132629395,3.4832603931427,5.01585054397583,102.04073157252296
2010-09-14,5.795706748962402,18.274436950683594,7.005517959594727,5.2666096687316895,1.8212703466415405,5.262809753417969,3.524446964263916,5.076385498046875,102.08160908959091
2010-09-15,5.709364414215088,18.381486892700195,7.046782970428467,5.300899982452393,1.807567834854126,5.285084247589111,3.6123530864715576,5.121356964111328,102.12235598467512
2010-09-16,5.689939498901367,18.262969970703125,6.978610992431641,5.258446216583252,1.809675693511963,5.3640570640563965,3.6150166988372803,5.102329730987549,102.16319267238627
2010-09-17,5.707207202911377,18.018287658691406,6.942728042602539,5.201287746429443,1.809675693511963,5.341780662536621,3.570551633834839,5.04352331161499,102.20411924737083
2010-09-20,5.84967041015625,18.38913345336914,6.996551036834717,4.569289207458496,1.81600022315979,5.343807697296143,3.6105096340179443,5.152488708496094,102.24506221754133
2010-09-21,5.687779903411865,18.446475982666016,6.887119770050049,5.238849639892578,1.8022969961166382,5.402530670166016,3.524446964263916,5.188809394836426,102.28602158946569
2010-09-22,5.607913970947266,18.847904205322266,6.933764457702637,5.2421135902404785,1.7861273288726807,5.475428104400635,3.5551838874816895,5.230321884155273,102.32699736971445
2010-09-23,5.784913063049316,18.786731719970703,6.987581253051758,5.340094566345215,1.8601094484329224,5.335707664489746,3.588789463043213,5.3888044357299805,102.3680264025798
2010-09-24,5.676986217498779,19.432838439941406,6.933764457702637,5.274776935577393,1.8918153047561646,5.264834403991699,3.5494468212127686,5.275634288787842,102.40907188644617
2010-09-27,5.720156669616699,19.78838539123535,6.942728042602539,5.33193302154541,1.8897019624710083,5.394430637359619,3.592682123184204,5.380099773406982,102.45013382790975
2010-09-28,5.763328552246094,19.941314697265625,7.005517959594727,5.338463306427002,1.929863691329956,5.46530294418335,3.614607334136963,5.397511959075928,102.4911753515212
2010-09-29,5.936013221740723,19.952777862548828,7.1328935623168945,5.48707389831543,1.95522940158844,5.588824272155762,3.6596949100494385,5.498497486114502,102.53215952272079
2010-09-30,5.890682697296143,19.994834899902344,7.260269641876221,5.539328575134277,1.95522940158844,5.760945796966553,3.5928425788879395,5.5942583084106445,102.57319699424816
2010-10-01,5.936013221740723,20.18599510192871,7.321632385253906,5.603014945983887,2.018641710281372,5.971865653991699,3.7382194995880127,5.696986198425293,102.61436166966588
2010-10-04,5.910109996795654,20.201278686523438,7.330611705780029,5.575982570648193,1.9922194480895996,6.07139778137207,3.7554562091827393,5.726587295532227,102.65554286529115
2010-10-05,5.8237690925598145,20.457429885864258,7.513650417327881,5.716484546661377,2.001732110977173,5.992176055908203,3.830634593963623,5.775335311889648,102.69674058775384
2010-10-06,5.5820112228393555,20.51860237121582,7.447258472442627,5.693612098693848,2.0070152282714844,5.988116264343262,3.821291446685791,5.7544426918029785,102.73795484368651
2010-10-07,5.4611334800720215,20.445955276489258,7.461606979370117,5.690340042114258,2.0450634956359863,5.931239128112793,3.8470425605773926,5.677833557128906,102.77918563972437
2010-10-08,5.61223030090332,20.377151489257812,7.624912261962891,5.819411277770996,2.050347328186035,6.036864757537842,3.930737018585205,5.789267539978027,102.8204329825053
2010-10-11,5.5798516273498535,20.49184226989746,7.567485809326172,5.799803256988525,2.082054376602173,6.233899116516113,3.912668228149414,5.815380096435547,102.86169687866982
2010-10-13,5.5496320724487305,20.47271728515625,7.655423164367676,5.920700550079346,2.1454668045043945,6.333431243896484,4.036238670349121,6.067849159240723,102.90297733486116
2010-10-14,5.707207202911377,20.5491886138916,7.599792003631592,5.901095390319824,2.1137609481811523,6.337491989135742,4.049737453460693,5.977308750152588,102.94423731265334
2010-10-15,5.6748270988464355,20.396265029907227,7.675158500671387,5.850451946258545,2.163433074951172,6.246083736419678,4.060120582580566,6.059140682220459,102.98555089397166
2010-10-18,5.698573112487793,20.83591651916504,7.716433525085449,5.874958515167236,2.2183918952941895,6.099837779998779,4.099995136260986,6.00691032409668,103.02688105525641
2010-10-19,5.456815719604492,20.338911056518555,7.562106132507324,5.76712703704834,2.2141642570495605,5.791085243225098,4.049529552459717,5.904178619384766,103.06822780316149
2010-10-20,5.3942155838012695,20.94296646118164,7.635680198669434,5.871687889099121,2.2194488048553467,5.791085243225098,4.0702972412109375,5.98949670791626,103.10959114434345
2010-10-21,5.215058326721191,20.60653305053711,7.53877592086792,5.76712703704834,2.2141642570495605,6.049052715301514,4.111832618713379,5.836278915405273,103.15097108546149
2010-10-22,5.2258501052856445,20.62565040588379,7.606969833374023,5.840648651123047,2.249041795730591,6.002335071563721,4.2364397048950195,5.8449835777282715,103.1923676331775
2010-10-25,5.303558349609375,20.797687530517578,7.626706600189209,5.912528991699219,2.3283071517944336,5.888584613800049,4.154407501220703,5.876323699951172,103.23378079415603
2010-10-26,5.5798516273498535,21.10353660583496,7.608767986297607,6.0285258293151855,2.295544385910034,6.0531182289123535,4.046829700469971,5.937265396118164,103.27521057506435
2010-10-27,5.653243541717529,20.893264770507812,7.454434394836426,5.758962154388428,2.2722926139831543,5.849991798400879,3.9458982944488525,5.893734455108643,103.31665698257233
2010-10-28,5.668353080749512,20.49184226989746,7.382653713226318,5.691976547241211,2.325136661529541,5.807334899902344,3.9458982944488525,5.806676387786865,103.35812002335257
2010-10-29,5.5798516273498535,20.49184226989746,7.447258472442627,5.726283073425293,2.321967840194702,5.717961311340332,4.01297664642334,5.763149738311768,103.39959970408033
2010-11-01,5.71799898147583,20.95061683654785,7.589419841766357,5.881496429443359,2.389606237411499,5.758584499359131,4.10622501373291,5.8641357421875,103.44109603143356
2010-11-03,5.8590497970581055,20.721229553222656,7.566090106964111,5.960682392120361,2.356843948364258,5.957648277282715,4.039353370666504,5.939004898071289,103.4826090120929
2010-11-04,5.967552185058594,21.252634048461914,7.767131328582764,6.022792339324951,2.3462748527526855,5.931239128112793,4.072582244873047,6.090480804443359,103.52413865274161
2010-11-05,5.91330099105835,21.29469108581543,7.806622505187988,6.032599449157715,2.372697114944458,5.868274688720703,4.099995136260986,6.064368724822998,103.56568496006572
2010-11-08,5.974061012268066,21.447612762451172,7.8138041496276855,6.063643932342529,2.3705830574035645,5.890615940093994,4.143191814422607,6.036505222320557,103.6072479407539
2010-11-09,5.885091781616211,21.37114715576172,7.603782653808594,5.883866786956787,2.420255661010742,5.728116035461426,4.048284530639648,5.891994476318359,103.64882760149747
2010-11-10,5.887260437011719,21.332923889160156,7.691741943359375,5.965586185455322,2.4836695194244385,5.50874137878418,4.001556396484375,5.886771202087402,103.69038663541257
2010-11-11,5.798289775848389,21.42467498779297,7.5391669273376465,5.818487167358398,2.521717071533203,5.565617084503174,3.991586208343506,5.871099948883057,103.7319623328379
2010-11-12,5.609497547149658,21.027070999145508,7.5391669273376465,5.795609951019287,2.4847257137298584,5.565617084503174,3.997817039489746,5.893734455108643,103.7735920439613
2010-11-16,5.511847496032715,20.602712631225586,7.386585712432861,5.731864929199219,2.451962471008301,5.585929870605469,4.006954669952393,5.9024434089660645,103.81523846192037
2010-11-17,5.522699356079102,20.572132110595703,7.37761116027832,5.684467315673828,2.4826130867004395,5.579835414886475,4.120347023010254,5.885029315948486,103.85690159341992
2010-11-18,5.6203484535217285,21.118837356567383,7.451207160949707,5.71552038192749,2.4995217323303223,5.71592903137207,4.2364397048950195,5.961641788482666,103.89858144516737
2010-11-19,5.576949119567871,21.199113845825195,7.526605129241943,5.767825126647949,2.43293833732605,5.6062421798706055,4.293553352355957,5.972086429595947,103.94027802387293
2010-11-22,5.438066482543945,21.14177131652832,7.409917831420898,5.646878242492676,2.3991189002990723,5.40514612197876,4.357102394104004,5.885029315948486,103.98199133624945
2010-11-23,5.349096298217773,20.60653305053711,7.214260578155518,5.543908596038818,2.377981185913086,5.2771782875061035,4.257207870483398,5.642314910888672,104.02372138901252
2010-11-24,5.4771270751953125,21.130298614501953,7.277087211608887,5.663217067718506,2.420255661010742,5.575773239135742,4.264683723449707,5.719224452972412,104.06546818888036
2010-11-25,5.392496109008789,20.996490478515625,7.264519691467285,5.643608570098877,2.3832645416259766,5.6062421798706055,4.277976036071777,5.750688076019287,104.10723174257393
2010-11-26,5.338245391845703,20.679168701171875,7.198099136352539,5.597845077514648,2.379037857055664,5.677334308624268,4.257415771484375,5.752433776855469,104.14901205681684
2010-11-29,5.359947681427002,20.725048065185547,7.108354091644287,5.58150053024292,2.372697114944458,5.805304050445557,4.158560752868652,5.797880172729492,104.19080913833547
2010-11-30,5.336076259613037,20.476547241210938,7.04552698135376,5.4867048263549805,2.385380268096924,5.719992160797119,4.132808685302734,5.750688076019287,104.23262299385887
2010-12-01,5.4814677238464355,21.14177131652832,7.184147357940674,5.607647895812988,2.4213128089904785,5.789053440093994,4.12260627746582,5.902756690979004,104.27445363011876
2010-12-02,5.511847496032715,21.37114715576172,7.209282875061035,5.665615558624268,2.4413928985595703,5.890615940093994,4.145508289337158,5.853814125061035,104.31630105384959
2010-12-03,5.576949119567871,21.638771057128906,7.097959041595459,5.5511603355407715,2.4625320434570312,5.764679431915283,4.216302394866943,5.698249340057373,104.35816527178852
2010-12-06,5.611668109893799,21.734344482421875,7.033318996429443,5.453055381774902,2.4255402088165283,5.6874918937683105,4.222548961639404,5.5846357345581055,104.40004629067539
2010-12-07,5.500998497009277,21.684640884399414,7.056662082672119,5.387652397155762,2.4044039249420166,5.464056015014648,4.164249420166016,5.5723981857299805,104.44194411725276
2010-12-08,5.425047874450684,21.202938079833984,6.9902191162109375,5.372934818267822,2.377981185913086,5.565617084503174,4.203599452972412,5.490243434906006,104.4838587582659
2010-12-09,5.511847496032715,21.436147689819336,6.893261909484863,5.322249412536621,2.356843948364258,5.3421783447265625,4.164249420166016,5.418579578399658,104.52579022046275
2010-12-10,5.576949119567871,21.703765869140625,6.893261909484863,5.305897235870361,2.2828619480133057,5.545305252075195,4.221299171447754,5.392361640930176,104.5677761398785
2010-12-13,5.622518062591553,22.24664306640625,6.913009166717529,5.366394996643066,2.303999900817871,5.524993419647217,4.226504325866699,5.450043678283691,104.60974127979897
2010-12-14,5.605159759521484,22.051666259765625,6.943534851074219,5.387652397155762,2.3674120903015137,5.443742275238037,4.224630832672119,5.4465484619140625,104.65172326116937
2010-12-15,5.505337715148926,21.715227127075195,6.904037952423096,5.3287858963012695,2.4044039249420166,5.189836025238037,4.288967609405518,5.427318572998047,104.69372209074852
2010-12-16,5.500998497009277,21.69611167907715,6.848371505737305,5.2486653327941895,2.3991189002990723,5.0781168937683105,4.309996128082275,5.374881744384766,104.73573777529796
2010-12-17,5.629028797149658,21.753469467163086,6.913009166717529,5.265022277832031,2.4413928985595703,4.956242561340332,4.309789180755615,5.352158546447754,104.77777032158193
2010-12-20,5.5487380027771,21.600540161132812,6.762181282043457,5.2047200202941895,2.419199228286743,4.935928821563721,4.353721618652344,5.252530097961426,104.81981973636738
2010-12-21,5.592136859893799,21.86433219909668,6.918398380279541,5.288455963134766,2.4096875190734863,5.179680824279785,4.44012975692749,5.3399248123168945,104.86188602642397
2010-12-22,5.624942779541016,21.803163528442383,7.0799994468688965,5.393534183502197,2.346134901046753,5.189836025238037,4.457826137542725,5.401102066040039,104.9039691985241
2010-12-23,5.631504535675049,21.734344482421875,7.0620436668396,5.3721923828125,2.3313069343566895,5.3218674659729,4.511963367462158,5.461587905883789,104.94606925944284
2010-12-27,5.697113513946533,21.11500358581543,6.939943790435791,5.263830661773682,2.2984707355499268,5.281242370605469,4.475526332855225,5.428157329559326,104.98818621595802
2010-12-28,5.830521106719971,20.927675247192383,6.936354160308838,5.253981113433838,2.2984707355499268,5.222336292266846,4.476566791534424,5.417600631713867,105.03032007485021
2010-12-29,5.898319244384766,21.072954177856445,7.090775489807129,5.33278751373291,2.310121774673462,5.382805347442627,4.50051212310791,5.454549312591553,105.07247084290263
2010-12-30,5.968301296234131,21.153240203857422,7.144641399383545,5.360699653625488,2.3090627193450928,5.464056015014648,4.518209934234619,5.528449058532715,105.1146385269013
2011-01-03,5.904877185821533,21.780223846435547,7.165765285491943,5.424735069274902,2.3281283378601074,5.5939860343933105,4.528620719909668,5.52493143081665,105.1568231336349
2011-01-04,5.8830060958862305,22.231353759765625,7.223560333251953,5.474752902984619,2.28787899017334,5.555323600769043,4.529662132263184,5.547807693481445,105.19902466989488
2011-01-05,5.952993869781494,22.63277816772461,7.331916332244873,5.5765910148620605,2.2571606636047363,5.69776725769043,4.4453349113464355,5.626986980438232,105.24124314247541
2011-01-06,5.928934097290039,22.342220306396484,7.158547401428223,5.428757190704346,2.232801675796509,5.738463401794434,4.403693675994873,5.577719211578369,105.28347855817333
2011-01-07,5.84583044052124,22.17401123046875,6.98337459564209,5.336774826049805,2.2359771728515625,5.638754844665527,4.385995864868164,5.445752143859863,105.32573092378827
2011-01-10,5.900505542755127,22.131954193115234,7.039356231689453,5.346628665924072,2.237036943435669,5.573634147644043,4.371420383453369,5.454549312591553,105.3680002461226
2011-01-11,5.937682151794434,22.365154266357422,7.082699298858643,5.374552249908447,2.2719907760620117,5.768989086151123,4.37974739074707,5.519653797149658,105.41028653198137
2011-01-12,6.101707458496094,22.98450469970703,7.268712043762207,5.479677200317383,2.2984707355499268,5.768989086151123,4.24232816696167,5.616429805755615,105.45258978817238
2011-01-13,5.972675323486328,22.823930740356445,7.2343974113464355,5.4123311042785645,2.2719907760620117,5.740499496459961,4.205890655517578,5.560121059417725,105.49491002150617
2011-01-14,6.025161266326904,22.923330307006836,7.153131008148193,5.463250160217285,2.266695261001587,5.7486395835876465,4.13405704498291,5.590034484863281,105.537247238796
2011-01-17,6.003293037414551,23.127044677734375,7.052002429962158,5.3876953125,2.2613980770111084,5.636719226837158,4.2319183349609375,5.52493143081665,105.57960144685788
2011-01-18,6.062342166900635,23.415319442749023,6.961703777313232,5.392620086669922,2.2465691566467285,5.779164791107178,4.059102535247803,5.551321506500244,105.62197265251052
2011-01-19,5.970489025115967,22.907955169677734,6.885860919952393,5.328559398651123,2.25398325920105,5.752708435058594,4.086167812347412,5.472147464752197,105.66436086257542
2011-01-20,5.963927745819092,22.523601531982422,6.717914581298828,5.233284950256348,2.2391557693481445,5.69776725769043,4.057018756866455,5.435195446014404,105.70865747593623
2011-01-21,5.915813446044922,22.67734146118164,6.719721794128418,5.190585613250732,2.211616039276123,5.575668811798096,3.95707631111145,5.410561561584473,105.75297265932329
2011-01-24,5.904877185821533,22.831083297729492,6.768473148345947,5.271071434020996,2.180898427963257,5.575668811798096,4.026829242706299,5.459827423095703,105.79730642052152
2011-01-26,5.867698669433594,22.81186866760254,6.672767162322998,5.239865303039551,2.1533596515655518,5.286713600158691,4.101785182952881,5.454549312591553,105.84165876731913
2011-01-27,5.876447677612305,22.58509063720703,6.6998515129089355,5.261214256286621,2.1448874473571777,5.0465922355651855,4.080964088439941,5.454549312591553,105.88602970750756
2011-01-28,5.832704544067383,21.935522079467773,6.55357551574707,5.136378765106201,2.091925621032715,4.924497604370117,3.9477081298828125,5.341939449310303,105.93041924888153
2011-01-31,5.924561500549316,21.939363479614258,6.427163600921631,5.059176921844482,2.1035776138305664,5.097466468811035,3.9529130458831787,5.236369609832764,105.97482739923905
2011-02-01,6.044844627380371,22.581254959106445,6.521467685699463,5.087099552154541,2.169248342514038,5.3904948234558105,3.898776054382324,5.246923923492432,106.01925416638136
2011-02-02,6.07983922958374,22.062358856201172,6.460042476654053,5.004029273986816,2.0855712890625,5.23991060256958,3.9195995330810547,5.204697608947754,106.06369955811299
2011-02-03,6.130138397216797,22.0239315032959,6.393200874328613,4.931718826293945,2.038966655731201,4.987581253051758,3.8623404502868652,5.181821823120117,106.10816358224173
2011-02-04,6.040471076965332,21.65494155883789,6.2161641120910645,4.798612594604492,2.018840789794922,4.914323806762695,3.8238213062286377,4.944284439086914,106.15264624657867
2011-02-07,5.952993869781494,21.81637191772461,6.279389381408691,4.8479108810424805,1.9595255851745605,4.924497604370117,3.8623404502868652,4.9759602546691895,106.19714755893817
2011-02-08,5.878633975982666,21.689529418945312,6.467269420623779,4.965248107910156,1.9563477039337158,4.902113914489746,3.9091899394989014,5.067452430725098,106.24166752713782
2011-02-09,5.878633975982666,20.986148834228516,6.315526008605957,4.88735294342041,2.0124857425689697,4.680307865142822,3.8144524097442627,4.940767288208008,106.28620615899852
2011-02-10,5.878633975982666,21.259048461914062,6.279389381408691,4.897212982177734,2.118406057357788,4.721005916595459,3.7145090103149414,4.968918323516846,106.33080066251665
2011-02-11,5.773658752441406,21.69721794128418,6.523270130157471,4.897212982177734,2.097222089767456,4.7617058753967285,3.875875234603882,5.204697608947754,106.3753766607704
2011-02-14,5.850203514099121,22.12001609802246,6.572044849395752,4.911647796630859,2.091925621032715,4.8207173347473145,3.8935723304748535,5.238126277923584,106.42000857755596
2011-02-15,5.898319244384766,22.0469913482666,6.687656879425049,4.911647796630859,2.0940451622009277,4.942811965942383,3.916475534439087,5.34898042678833,106.46465922055484
2011-02-16,5.972675323486328,22.25838279724121,6.837597846984863,4.911647796630859,2.1194653511047363,4.944849014282227,4.017460346221924,5.530211448669434,106.509328597624
2011-02-17,5.959553241729736,22.28914451599121,6.90263557434082,4.911647796630859,2.213735342025757,5.00182580947876,4.0486907958984375,5.495019912719727,106.55401671662372
2011-02-18,5.985796928405762,22.062358856201172,6.871920585632324,4.911647796630859,2.237036943435669,5.107640266418457,4.094497203826904,5.479183197021484,106.59876194486355
2011-02-21,5.9923577308654785,21.562692642211914,6.7653374671936035,4.911647796630859,2.1819589138031006,4.987581253051758,4.059102535247803,5.394726276397705,106.64352596296706
2011-02-22,6.073276042938232,21.132205963134766,6.617210388183594,4.911647796630859,2.206320285797119,4.836996078491211,3.9248037338256836,5.219758987426758,106.68830877882472
2011-02-23,6.278853893280029,21.524255752563477,6.649720668792725,4.911647796630859,2.192761182785034,4.619260311126709,3.851930618286133,5.22865104675293,106.73311040033022
2011-02-24,6.278853893280029,21.524255752563477,6.588301658630371,4.911647796630859,2.192761182785034,4.619260311126709,3.851930618286133,5.22865104675293,106.77793083538063
2011-02-25,6.254796028137207,21.408945083618164,6.559396743774414,4.911647796630859,2.1212351322174072,4.594841957092285,3.7998757362365723,5.187746047973633,106.82277009187632
2011-02-28,6.250422954559326,21.639562606811523,6.68404483795166,4.911647796630859,2.140451669692993,4.782054424285889,3.898776054382324,5.290897846221924,106.86758972152379
2011-03-01,6.186999797821045,21.232145309448242,6.541647911071777,4.911647796630859,2.1682074069976807,4.8125786781311035,3.9706122875213623,5.148621559143066,106.91246662847556
2011-03-02,6.320406436920166,21.593442916870117,6.565138816833496,4.9140424728393555,2.216247797012329,4.721005916595459,4.110113143920898,5.189525127410889,106.95736238058686
2011-03-03,6.333526134490967,21.754873275756836,6.725970268249512,4.9140424728393555,2.2205183506011963,4.8329267501831055,4.06743049621582,5.253549575805664,107.00410702624168
2011-03-04,6.359773635864258,21.389732360839844,6.817591190338135,4.9140424728393555,2.205573081970215,4.824785232543945,3.960754632949829,5.267773628234863,107.05087210117642
2011-03-09,6.359773635864258,21.389732360839844,6.611274719238281,4.9140424728393555,2.205573081970215,4.824785232543945,3.960754632949829,5.267773628234863,107.09765761431953
2011-03-10,6.14982271194458,20.025251388549805,6.357487678527832,4.98330020904541,2.171410322189331,4.798334121704102,3.960754632949829,4.981445789337158,107.1444635746033
2011-03-11,6.160756587982178,20.301990509033203,6.5145111083984375,5.029476165771484,2.141519069671631,4.8329267501831055,4.01356315612793,5.011677265167236,107.19128999096395
2011-03-14,6.184814929962158,20.371173858642578,6.545543193817139,5.060807228088379,2.148991584777832,4.782054424285889,3.987159013748169,5.068591594696045,107.2381368723416
2011-03-15,6.132324695587158,20.006025314331055,6.624056339263916,5.1102776527404785,2.1297757625579834,4.808506965637207,3.9818766117095947,5.127278804779053,107.2850417610282
2011-03-16,6.0754618644714355,19.506357192993164,6.4670305252075195,5.012984275817871,2.108423948287964,4.822751998901367,3.9185054302215576,5.006345272064209,107.33196716544407
2011-03-17,6.141073226928711,20.059839248657227,6.432342529296875,5.012984275817871,2.1297757625579834,4.853277206420898,3.8868191242218018,4.997450351715088,107.37887552837404
2011-03-18,6.101707458496094,20.325048446655273,6.569279193878174,5.078946113586426,2.1618034839630127,4.843101501464844,3.9396297931671143,5.068591594696045,107.42584197474142
2011-03-21,6.1520094871521,20.448043823242188,6.571105003356934,5.126767158508301,2.1756808757781982,4.898044586181641,3.93434739112854,5.075705528259277,107.47279136471806
2011-03-22,6.190170764923096,20.25586700439453,6.786550998687744,5.123468399047852,2.1639373302459717,4.883798599243164,4.003002643585205,5.157510757446289,107.51976127345608
2011-03-23,6.190170764923096,20.55950927734375,6.715344429016113,5.222409725189209,2.1798157691955566,4.955021381378174,4.0769362449646,5.196051597595215,107.5667893418395
2011-03-24,6.256187438964844,20.05215072631836,6.7336039543151855,5.235599994659424,2.248370409011841,5.026243686676025,3.9924392700195312,5.142299652099609,107.61383797982973
2011-03-25,6.256187438964844,20.294301986694336,6.7372565269470215,5.219110012054443,2.2280197143554688,5.014035224914551,4.025181770324707,5.110048770904541,107.66090719642374
2011-03-28,6.238581657409668,20.18283462524414,6.724470138549805,5.1927289962768555,2.309426784515381,5.016071796417236,3.971315383911133,5.083171844482422,107.70803575854897
2011-03-29,6.238581657409668,20.597944259643555,6.677006721496582,5.18942928314209,2.2740790843963623,5.189036846160889,3.9924392700195312,5.054502487182617,107.75518495120227
2011-03-30,6.238581657409668,20.332735061645508,6.866885662078857,5.18942928314209,2.2740790843963623,5.189036846160889,4.054755210876465,5.165594100952148,107.80235478341464
2011-03-31,6.242984294891357,20.505699157714844,7.102419853210449,5.3510308265686035,2.244086265563965,5.189036846160889,4.098060131072998,5.294600486755371,107.84954526422108
2011-04-01,6.242984294891357,20.505699157714844,7.093650817871094,5.3510308265686035,2.302999973297119,5.343500137329102,4.224804401397705,5.294600486755371,107.89679415000133
2011-04-04,6.295799732208252,20.813186645507812,7.031553268432617,5.477155685424805,2.3372769355773926,5.486264228820801,4.1624884605407715,5.357309818267822,107.94402597164049
2011-04-05,6.295799732208252,20.909278869628906,7.035211563110352,5.477155685424805,2.3372769355773926,5.486264228820801,4.1624884605407715,5.357309818267822,107.99123960916022
2011-04-06,6.242984294891357,20.58256721496582,7.011460304260254,5.450758934020996,2.3512024879455566,5.4046854972839355,4.149812698364258,5.339387893676758,108.038436100519
2011-04-07,6.161562442779541,20.4134521484375,7.022424697875977,5.4689106941223145,2.3726260662078857,5.439357280731201,4.1086201667785645,5.330432891845703,108.08569103208501
2011-04-08,6.163762092590332,20.371173858642578,6.876311779022217,5.353423118591309,2.2955026626586914,5.420999526977539,4.0769362449646,5.265927314758301,108.13292880249368
2011-04-11,6.049334526062012,20.398080825805664,6.82517147064209,5.318780422210693,2.3147830963134766,5.506660461425781,4.1086201667785645,5.196051597595215,108.18018721769751
2011-04-12,5.8644866943359375,19.9868106842041,6.79047155380249,5.254439353942871,2.301928997039795,5.439357280731201,4.0663743019104,5.083171844482422,108.22742734185174
2011-04-13,5.754459857940674,19.698535919189453,6.794126510620117,5.265988349914551,2.292288064956665,5.312906742095947,4.0663743019104,5.102879524230957,108.27476493629679
2011-04-14,5.717050552368164,19.94678497314453,6.728376388549805,5.219799041748047,2.2280197143554688,5.282313346862793,4.156149387359619,5.067048072814941,108.32216221464765
2011-04-15,5.838082313537598,19.896217346191406,6.753944396972656,5.196697235107422,2.1744606494903564,5.272116184234619,4.198399066925049,4.991795539855957,108.36958024115711
2011-04-18,5.838082313537598,19.697843551635742,6.7009806632995605,5.185149669647217,2.2065954208374023,5.272116184234619,4.207903861999512,4.988211154937744,108.41713389666272
2011-04-19,5.6620354652404785,19.876768112182617,6.805083274841309,5.223099231719971,2.292288064956665,5.286395072937012,4.277613162994385,5.043752193450928,108.46459349702597
2011-04-20,5.785268783569336,20.238515853881836,6.921975135803223,5.3171305656433105,2.277291774749756,5.455671310424805,4.2881760597229,5.201426982879639,108.5119968629679
2011-04-25,5.761062145233154,20.43690299987793,6.898225784301758,5.30888032913208,2.2280197143554688,5.363893985748291,4.319860935211182,5.196051597595215,108.56034546829017
2011-04-26,5.765461444854736,20.45245933532715,6.971292018890381,5.338576793670654,2.249441385269165,5.465871334075928,4.417032718658447,5.267720699310303,108.60875469754139
2011-04-27,5.664237976074219,20.18794822692871,6.876311779022217,5.254439353942871,2.131612777709961,5.465871334075928,4.393795490264893,5.267720699310303,108.6571855134361
2011-04-28,5.600421905517578,20.032360076904297,6.69002628326416,5.127408027648926,2.1273295879364014,5.363893985748291,4.404358863830566,5.142299652099609,108.70563792560026
2011-04-29,5.661569595336914,20.145166397094727,6.775859832763672,5.1818528175354,2.110189914703369,5.506660461425781,4.455055236816406,5.194260120391846,108.75418912466696
2011-05-02,5.690319538116455,19.923450469970703,6.677567005157471,5.13731050491333,2.0534188747406006,5.592270851135254,4.521427154541016,5.17634391784668,108.80272285664765
2011-05-03,5.628398418426514,19.468339920043945,6.449203968048096,4.984553813934326,1.9934329986572266,5.399714946746826,4.4590840339660645,5.03479528427124,108.85127824777689
2011-05-04,5.599645137786865,19.10658836364746,6.458336353302002,4.981252193450928,1.9923635721206665,5.325970649719238,4.4147047996521,4.936250686645508,108.89985530772054
2011-05-05,5.411664962768555,19.347763061523438,6.531415939331055,5.01261568069458,1.997718095779419,5.325970649719238,4.5594658851623535,4.952375888824463,108.94845404614874
2011-05-06,5.354165077209473,19.351648330688477,6.686707019805908,5.116598129272461,2.0084290504455566,5.62709379196167,4.659849166870117,5.081378936767578,108.99707447273592
2011-05-09,5.362346172332764,19.480009078979492,6.7232465744018555,5.149610996246338,1.9923635721206665,5.663965225219727,4.965221881866455,5.072422981262207,109.0456784481848
2011-05-10,5.440414905548096,19.480009078979492,6.829206943511963,5.149610996246338,1.9923635721206665,5.663965225219727,4.965221881866455,5.072422981262207,109.09430409711842
2011-05-11,5.440414905548096,18.810970306396484,6.7287211418151855,5.194170951843262,1.9987894296646118,5.6127543449401855,4.500293254852295,5.205012798309326,109.14291215525193
2011-05-12,5.488066673278809,18.84598159790039,6.694012641906738,5.2090277671813965,2.0298523902893066,5.6434807777404785,4.486558437347412,5.249803066253662,109.19150367117258
2011-05-13,5.488066673278809,18.53868293762207,6.525937080383301,5.075333595275879,2.0512757301330566,5.684449672698975,4.429498672485352,5.092132091522217,109.24011682052203
2011-05-16,5.488066673278809,18.53868293762207,6.4619903564453125,5.075333595275879,2.0512757301330566,5.684449672698975,4.429498672485352,5.092132091522217,109.28871228648964
2011-05-17,5.488066673278809,18.655380249023438,6.483914375305176,5.058830261230469,2.0427072048187256,5.551299571990967,4.473876476287842,5.016879081726074,109.33740696513601
2011-05-18,5.488066673278809,18.71372413635254,6.339581489562988,4.926788330078125,1.9923635721206665,5.428393363952637,4.418931484222412,4.887872219085693,109.38612334018339
2011-05-19,5.273899555206299,18.880983352661133,6.328622817993164,4.926788330078125,2.0084290504455566,5.223548889160156,4.416818141937256,4.882499694824219,109.43486142129883
2011-05-20,5.351981163024902,18.96267318725586,6.312172889709473,4.926788330078125,1.997718095779419,5.137514114379883,4.369268417358398,4.865728855133057,109.48369891690533
2011-05-23,5.264975547790527,18.943220138549805,6.2847723960876465,4.931737899780273,1.9655839204788208,5.039187431335449,4.374551773071289,4.889157295227051,109.53255820722099
2011-05-24,5.320747375488281,19.12214469909668,6.416315078735352,5.027469635009766,1.9645122289657593,5.223548889160156,4.363985061645508,4.961240768432617,109.58140096557676
2011-05-25,5.331902980804443,19.1688289642334,6.348717212677002,4.981252193450928,1.9420169591903687,5.2747602462768555,4.331227779388428,4.910784721374512,109.63026550389532
2011-05-26,5.398830413818359,19.468339920043945,6.5533366203308105,5.126500606536865,1.9473731517791748,5.387425899505615,4.331227779388428,5.06396484375,109.67911236499323
2011-05-27,5.418910026550293,19.58503532409668,6.522275924682617,5.123202323913574,1.925951361656189,5.571785926818848,4.352361679077148,5.114422798156738,109.72802047477903
2011-05-30,5.372060775756836,19.503347396850586,6.494877338409424,5.093491077423096,1.9184532165527344,5.3976664543151855,4.3322858810424805,5.100006103515625,109.77691089158176
2011-05-31,5.374290943145752,19.546138763427734,6.547854900360107,5.119898319244385,1.9280924797058105,5.387425899505615,4.34496545791626,5.054953575134277,109.82570672847307
2011-06-01,5.354212284088135,19.35943031311035,6.473290920257568,5.035719394683838,1.9248799085617065,5.428393363952637,4.263603210449219,4.9756598472595215,109.8747581838692
2011-06-02,5.343057632446289,19.390546798706055,6.535432815551758,5.06949520111084,1.8916738033294678,5.428393363952637,4.321718692779541,4.937816143035889,109.92375353603856
2011-06-03,5.305132865905762,19.227174758911133,6.551876544952393,5.094263076782227,1.8745347261428833,5.4406843185424805,4.396743297576904,4.937816143035889,109.97277073621534
2011-06-06,5.175738334655762,19.07936668395996,6.4001898765563965,5.011699676513672,1.8745347261428833,5.448877811431885,4.363985061645508,4.925199031829834,110.02188787480924
2011-06-07,5.131120204925537,19.044353485107422,6.497052192687988,5.110778331756592,1.8102647066116333,5.553348541259766,4.4009690284729,5.0117034912109375,110.07094883505037
2011-06-08,5.175738334655762,19.05991554260254,6.4641547203063965,5.100867748260498,1.8595386743545532,5.559494972229004,4.385117530822754,5.000890731811523,110.1199920470133
2011-06-09,5.287283420562744,19.269960403442383,6.414810657501221,5.062889575958252,1.865965723991394,5.5390095710754395,4.436895370483398,4.9630446434021,110.16979931941617
2011-06-10,5.291746139526367,19.05602264404297,6.378259658813477,4.990231513977051,1.847755789756775,5.653722763061523,4.370325565338135,4.8837504386901855,110.21970734020586
2011-06-13,5.204741954803467,18.702054977416992,6.359977722167969,4.995186805725098,1.823119878768921,5.56154203414917,4.328057765960693,4.930606842041016,110.26955971383583
2011-06-14,5.264975547790527,18.795406341552734,6.444051265716553,5.041421890258789,1.847755789756775,5.735660076141357,4.417874813079834,4.981067180633545,110.3193949386529
2011-06-15,5.198047637939453,18.67093849182129,6.506190299987793,5.07609748840332,1.8595386743545532,5.735660076141357,4.39568567276001,4.9738593101501465,110.36952627810092
2011-06-16,5.195817470550537,18.46088981628418,6.465982437133789,5.019957065582275,1.8381160497665405,5.541059494018555,4.268886566162109,4.874739646911621,110.41968039823222
2011-06-17,5.184661388397217,18.367536544799805,6.394707202911377,5.003441333770752,1.847755789756775,5.420198917388916,4.3322858810424805,4.874739646911621,110.4698573093988
2011-06-20,5.15342903137207,18.651487350463867,6.433082580566406,5.019957065582275,1.8573964834213257,5.502137184143066,4.384063243865967,4.910784721374512,110.52001835750727
2011-06-21,5.184661388397217,18.822643280029297,6.3837432861328125,5.023258686065674,1.86382257938385,5.633238315582275,4.4749345779418945,4.874739646911621,110.5702806514559
2011-06-22,5.189122676849365,18.884870529174805,6.433082580566406,5.061240196228027,1.9000244140625,5.530816078186035,4.427384853363037,4.960712909698486,110.62052599838957
2011-06-24,5.102119445800781,19.013242721557617,6.3965301513671875,5.024911403656006,1.8828096389770508,5.489849090576172,4.43795108795166,4.904299259185791,110.67075546062965
2011-06-27,5.1489667892456055,18.873205184936523,6.398360729217529,5.049678802490234,1.9000244140625,5.6127543449401855,4.45380163192749,4.882460117340088,110.72100773056167
2011-06-28,5.231512069702148,19.102705001831055,6.588433265686035,5.197598457336426,1.9441354274749756,5.817598819732666,4.527767658233643,4.989827632904053,110.77124406618918
2011-06-29,5.215893745422363,19.114370346069336,6.648736476898193,5.239116668701172,1.977487325668335,5.735660076141357,4.575315952301025,5.060799598693848,110.82154196498233
2011-06-30,5.291746139526367,19.250518798828125,6.661533832550049,5.2640180587768555,1.9150863885879517,5.715177536010742,4.543616771697998,5.095376968383789,110.87198017337685
2011-07-01,5.298439979553223,20.10626792907715,6.669210910797119,5.280628204345703,1.954893708229065,5.780726909637451,4.589405059814453,5.117213726043701,110.92244133771317
2011-07-04,5.30959415435791,20.362987518310547,6.727713108062744,5.357800006866455,1.9366024732589722,5.737870216369629,4.606482028961182,5.173628807067871,110.9729254684392
2011-07-05,5.256052494049072,19.95456886291504,6.72040319442749,5.339527130126953,1.9699560403823853,5.590061664581299,4.642769813537598,5.14815092086792,111.02347252626082
2011-07-06,5.244898319244385,19.888439178466797,6.619848728179932,5.274734973907471,2.0441911220550537,5.522315502166748,4.664115905761719,5.104472637176514,111.07400263931169
2011-07-07,5.271668434143066,20.01291275024414,6.480906009674072,5.1999711990356445,1.9807153940200806,5.655754089355469,4.626759052276611,4.967992782592773,111.12455575013291
2011-07-08,5.229279518127441,19.876768112182617,6.343796253204346,5.113583564758301,1.9979290962219238,5.481257438659668,4.543509483337402,4.831509113311768,111.17513186919147
2011-07-11,5.164583683013916,19.70562171936035,6.109790325164795,4.959080696105957,1.9419834613800049,5.358084201812744,4.472001075744629,4.695026397705078,111.2257310069591
2011-07-12,5.157891273498535,19.721181869506836,5.950734615325928,4.851095676422119,1.8720494508743286,5.382715702056885,4.374875068664551,4.704124927520752,111.27635317391228
2011-07-13,5.218125820159912,19.966238021850586,5.989124774932861,4.974030017852783,1.9688812494277954,5.413512229919434,4.386618614196777,4.8133111000061035,111.32703844001948
2011-07-14,5.119966983795166,19.693952560424805,5.811792850494385,4.854414463043213,1.9258447885513306,5.358084201812744,4.375943183898926,4.727783203125,111.37774679275851
2011-07-15,5.128889560699463,19.682275772094727,5.793512344360352,4.77467155456543,1.9742599725723267,5.204113006591797,4.322578430175781,4.6895670890808105,111.42847824264514
2011-07-18,5.077576160430908,19.74062728881836,5.7404961585998535,4.668345928192139,2.045269012451172,5.317026615142822,4.375943183898926,4.564001083374023,111.4792328001999
2011-07-19,5.053038597106934,19.783418655395508,5.8776092529296875,4.734798431396484,2.045269012451172,5.144582271575928,4.375943183898926,4.667728424072266,111.52997034342424
2011-07-20,4.992804050445557,19.783418655395508,5.919656276702881,4.792949676513672,2.0506486892700195,5.093258857727051,4.3492608070373535,4.764177322387695,111.58073097882664
2011-07-21,5.131120204925537,19.84176254272461,6.000094890594482,4.909239292144775,2.064634323120117,5.399143695831299,4.338587760925293,4.88064432144165,111.63250109057887
2011-07-22,5.12442684173584,19.90399169921875,6.001922130584717,4.91754674911499,1.9248155355453491,5.421724796295166,4.343924045562744,4.926138401031494,111.68429522210988
2011-07-25,5.376521587371826,19.900104522705078,5.868464469909668,4.884320259094238,1.8545273542404175,5.4874162673950195,4.25853967666626,4.822409629821777,111.73615247406741
2011-07-26,5.278362274169922,19.86899185180664,5.77340030670166,4.84943151473999,1.8750730752944946,5.337554454803467,4.136867523193359,4.720500469207764,111.78799469673079
2011-07-27,5.262745380401611,19.717287063598633,5.660051345825195,4.789620876312256,1.8177613019943237,5.091204643249512,4.093108177185059,4.611314296722412,111.83986097263023
2011-07-28,5.242665767669678,19.896217346191406,5.676511764526367,4.876009941101074,1.811272382736206,5.173322677612305,4.171020030975342,4.685927391052246,111.8917513129257
2011-07-29,5.242665767669678,19.49945640563965,5.758775234222412,4.900931358337402,1.827492356300354,5.4874162673950195,4.034405708312988,4.786012649536133,111.94366572878236
2011-08-01,5.242665767669678,19.526691436767578,5.742684364318848,4.947453022003174,1.8339811563491821,5.039882183074951,4.034405708312988,4.807854175567627,111.99564341165356
2011-08-02,5.242665767669678,19.11825942993164,5.40982723236084,4.7869744300842285,1.853445053100586,4.965979099273682,4.1059160232543945,4.64953088760376,112.04760603032726
2011-08-03,5.2893242835998535,18.616479873657227,5.294607162475586,4.708852767944336,1.8545273542404175,4.736050605773926,4.066424369812012,4.594939231872559,112.09959275809716
2011-08-04,5.2893242835998535,17.542905807495117,5.130008697509766,4.537654876708984,1.773425579071045,4.6703596115112305,3.9693002700805664,4.367465496063232,112.15160360614914
2011-08-05,5.2893242835998535,17.115020751953125,5.175727367401123,4.604134559631348,1.7517980337142944,4.824328899383545,4.034405708312988,4.365644931793213,112.20363858567428
2011-08-08,5.2893242835998535,15.48520565032959,4.672789096832275,4.198575973510742,1.6220345497131348,4.598506927490234,3.945819854736328,4.118154525756836,112.25569770786888
2011-08-09,5.2893242835998535,16.278724670410156,4.992841720581055,4.4296112060546875,1.676102876663208,4.783268451690674,3.981041431427002,4.411137580871582,112.30778098393439
2011-08-10,5.2893242835998535,16.294286727905273,4.876580238342285,4.366450786590576,1.676102876663208,4.968031406402588,3.9863779544830322,4.331071853637695,112.35988842507751
2011-08-11,5.2893242835998535,16.998336791992188,5.039129734039307,4.487786769866943,1.6977306604385376,5.101469039916992,4.194502353668213,4.416599750518799,112.4120200425101
2011-08-12,5.2893242835998535,16.928138732910156,5.133338451385498,4.494434833526611,1.6869171857833862,4.926971912384033,4.25853967666626,4.440257549285889,112.46417584744921
2011-08-15,5.2893242835998535,17.238162994384766,5.246016979217529,4.562584400177002,1.7128697633743286,5.041935443878174,4.420769214630127,4.505768775939941,112.51635585111714
2011-08-16,5.2893242835998535,17.118927001953125,5.173979759216309,4.56757116317749,1.7680187225341797,5.132265090942383,4.46132755279541,4.5476226806640625,112.56856006474139
2011-08-17,4.697371482849121,17.409074783325195,5.32914400100708,4.654003620147705,1.811272382736206,5.080942153930664,4.46132755279541,4.707765579223633,112.6207884995546
2011-08-18,4.5690765380859375,16.534650802612305,5.113018989562988,4.471166133880615,1.7355782985687256,4.988560676574707,4.439981937408447,4.585840225219727,112.6730017495188
2011-08-19,4.434030532836914,16.296171188354492,4.922755241394043,4.363125324249268,1.704217791557312,4.949554443359375,4.482672691345215,4.602736473083496,112.72527864214052
2011-08-22,4.422776222229004,16.272314071655273,4.858105182647705,4.356481075286865,1.7107058763504028,5.019352912902832,4.5082879066467285,4.582549571990967,112.77754033582461
2011-08-23,4.5375657081604,16.812877655029297,4.895054340362549,4.421298980712891,1.7150315046310425,5.039882183074951,4.588337421417236,4.705512046813965,112.82986573121423
2011-08-24,4.553321361541748,16.920190811157227,4.867343425750732,4.454543590545654,1.7193588018417358,4.97829532623291,4.6320977210998535,4.722025394439697,112.88221540401754
2011-08-25,4.470042705535889,16.733381271362305,4.911676406860352,4.421298980712891,1.706381916999817,4.885916233062744,4.611817359924316,4.69633674621582,112.93454985672318
2011-08-26,4.479045391082764,17.015579223632812,5.0335917472839355,4.412990570068359,1.704217791557312,4.988560676574707,4.5243000984191895,4.6669697761535645,112.98690857272777
2011-08-29,4.61184024810791,17.448820114135742,5.107478141784668,4.512717247009277,1.7918083667755127,5.275967597961426,4.6320977210998535,4.771576404571533,113.03929156328027
2011-08-30,4.625345230102539,17.488571166992188,5.209071636199951,4.554277420043945,1.8383067846298218,5.429935455322266,4.697201728820801,4.808280944824219,113.09169883963486
2011-08-31,4.681613445281982,17.806543350219727,5.32914400100708,4.678934097290039,1.8610156774520874,5.682441234588623,4.85623025894165,4.90371561050415,113.14413041305089
2011-09-01,4.735633373260498,17.91386604309082,5.691710948944092,5.024659633636475,1.935628890991211,5.850780487060547,4.87010383605957,5.202854156494141,113.19454291179774
2011-09-02,4.5848307609558105,17.65152931213379,5.542028427124023,4.8393964767456055,1.9248155355453491,5.70707893371582,4.802865505218506,5.068885326385498,113.24497787233751
2011-09-05,4.508305549621582,17.250089645385742,5.322120666503906,4.669766426086426,1.8923749923706055,5.563371658325195,4.6961350440979,4.896371364593506,113.29543530467832
2011-09-06,4.607339382171631,17.734994888305664,5.4163618087768555,4.8477091789245605,1.9367104768753052,5.711183547973633,4.695066928863525,4.977121829986572,113.34591521883266
2011-09-08,4.6501030921936035,18.124515533447266,5.4828925132751465,4.914230823516846,1.9529303312301636,5.932896137237549,4.6961350440979,5.087235927581787,113.39641762481756
2011-09-09,4.53531551361084,17.846296310424805,5.322120666503906,4.7695465087890625,1.9150826930999756,5.778927326202393,4.6961350440979,4.8835272789001465,113.44694253265446
2011-09-12,4.578079700469971,17.949630737304688,5.227873802185059,4.6880598068237305,1.9367104768753052,5.594167709350586,4.727086067199707,4.789928913116455,113.4974899523693
2011-09-13,4.573577880859375,18.08477210998535,5.177978515625,4.673091411590576,1.9734770059585571,5.5325775146484375,4.749499797821045,4.769742012023926,113.54805989399249
2011-09-14,4.618593215942383,18.30337905883789,5.226023197174072,4.7229814529418945,2.0437631607055664,5.538738250732422,4.797530174255371,4.778918743133545,113.59865236755884
2011-09-15,4.625345230102539,18.50609016418457,5.312882423400879,4.782849311828613,2.0534963607788086,5.460727691650391,4.808202266693115,4.808280944824219,113.64926738310773
2011-09-16,4.647854328155518,18.601476669311523,5.414517402648926,4.856024265289307,2.027543783187866,5.512049674987793,4.888247489929199,4.8835272789001465,113.69990495068294
2011-09-19,4.681613445281982,18.855854034423828,5.368320941925049,4.831079483032227,2.028625965118408,5.614695072174072,4.920268535614014,4.8009419441223145,113.75052528536604
2011-09-20,4.636599063873291,19.04664421081543,5.35353422164917,4.816110610961914,2.0232200622558594,5.520261287689209,4.941614151000977,4.716521739959717,113.80116815672837
2011-09-21,4.636599063873291,18.728670120239258,5.3369035720825195,4.809460639953613,2.049541473388672,5.49152135848999,4.932009696960449,4.606406211853027,113.85187340521227
2011-09-22,4.38901424407959,17.734994888305664,5.128087520599365,4.616546154022217,1.9778565168380737,5.132265090942383,4.808202266693115,4.4817328453063965,113.9026012459267
2011-09-23,4.312487602233887,17.607810974121094,5.06894588470459,4.46521520614624,1.9387551546096802,5.138422966003418,4.834882736206055,4.435337543487549,113.95335168893783
2011-09-26,4.452035427093506,17.373302459716797,5.17982292175293,4.545038223266602,1.9626506567001343,5.296496391296387,4.834882736206055,4.485443592071533,114.00412474431636
2011-09-27,4.400268077850342,17.57600975036621,5.394186496734619,4.636506080627441,1.9724253416061401,5.380666255950928,4.769779205322266,4.5800886154174805,114.05492042213743
2011-09-28,4.355253219604492,17.480615615844727,5.377560138702393,4.636506080627441,1.9517894983291626,5.319079399108887,4.84555721282959,4.56524133682251,114.10573873248072
2011-09-29,4.366507053375244,17.373302459716797,5.414517402648926,4.686395168304443,2.0060956478118896,5.224644184112549,4.85623025894165,4.619060039520264,114.15657968543036
2011-09-30,4.298983097076416,16.95199203491211,5.368320941925049,4.608233451843262,2.0310773849487305,5.111734867095947,4.908527851104736,4.6097822189331055,114.207443291075
2011-10-03,4.143679618835449,16.44322967529297,5.3002800941467285,4.490158557891846,2.0365071296691895,5.063509464263916,4.8740458488464355,4.4409050941467285,114.25837067418736
2011-10-04,4.175190448760986,16.296171188354492,5.235579490661621,4.544400215148926,1.9930622577667236,5.073801040649414,4.825251579284668,4.372239589691162,114.30927963382496
2011-10-05,4.098663330078125,16.634016036987305,5.324319839477539,4.551054954528809,1.9984935522079468,5.182891368865967,4.918502330780029,4.379664421081543,114.36021127645859
2011-10-06,4.242712497711182,16.872493743896484,5.425998687744141,4.590996265411377,2.085383653640747,5.331093788146973,4.890310764312744,4.398221969604492,114.41116561219494
2011-10-07,4.118921279907227,16.3796329498291,5.359441757202148,4.476174831390381,2.085383653640747,5.275516510009766,4.905491828918457,4.268316268920898,114.46214265114509
2011-10-10,4.256218433380127,16.892364501953125,5.5702009201049805,4.65921688079834,2.117969274520874,5.380492687225342,4.95862340927124,4.485443592071533,114.51314240342474
2011-10-11,4.312487602233887,17.13880157470703,5.675571441650391,4.7074737548828125,2.075608730316162,5.382550239562988,4.977057933807373,4.333271503448486,114.56416487915399
2011-10-13,4.364256381988525,17.46869468688965,5.74028205871582,4.817296504974365,2.108192205429077,5.271399974822998,4.98247766494751,4.370384693145752,114.61516999099986
2011-10-14,4.420525074005127,17.49652099609375,5.8049845695495605,4.807312488555908,2.0919010639190674,5.331093788146973,4.9553704261779785,4.396365642547607,114.66619781083156
2011-10-17,4.343997001647949,16.44720458984375,5.786499977111816,4.792338848114014,2.041938543319702,5.176717281341553,4.9445271492004395,4.351825714111328,114.71724834875894
2011-10-18,4.343997001647949,16.514774322509766,5.8049845695495605,4.792338848114014,2.041938543319702,5.176717281341553,5.093080520629883,4.453895568847656,114.7683216148963
2011-10-19,4.328243255615234,15.958317756652832,5.91590690612793,4.858899116516113,2.085383653640747,5.310510158538818,5.139707088470459,4.470596790313721,114.81945778827503
2011-10-20,4.2359619140625,15.759586334228516,5.841962814331055,4.858899116516113,2.049541473388672,5.267284393310547,5.118019104003906,4.416780948638916,114.86861659093248
2011-10-21,4.337246894836426,16.1173038482666,5.954734802246094,4.962067127227783,2.061488628387451,5.431950092315674,5.118019104003906,4.507713317871094,114.91779644043972
2011-10-24,4.337246894836426,17.071231842041016,6.089688301086426,5.083536624908447,2.0832114219665527,5.378434181213379,5.1125969886779785,4.617204189300537,114.96699734580771
2011-10-25,4.337246894836426,17.071231842041016,6.089688301086426,5.083536624908447,2.0832114219665527,5.378434181213379,5.1125969886779785,4.617204189300537,115.01621931605132
2011-10-26,4.337246894836426,17.071231842041016,6.089688301086426,5.083536624908447,2.0669195652008057,5.248760223388672,5.09741735458374,4.617204189300537,115.06546236018929
2011-10-27,4.337246894836426,17.071231842041016,6.089688301086426,5.083536624908447,2.0962448120117188,5.300218105316162,5.031273365020752,4.617204189300537,115.11472648724417
2011-10-28,4.713125228881836,17.72705078125,6.119266510009766,5.233295440673828,2.0919010639190674,5.351676940917969,5.020429611206055,4.843611240386963,115.16401170624239
2011-10-31,4.857175827026367,17.373302459716797,6.050871849060059,5.216656684875488,2.09407377243042,5.41342830657959,5.026937007904053,4.80649471282959,115.21331802621431
2011-11-01,4.755890369415283,17.21034049987793,5.942122936248779,5.116816997528076,2.047368288040161,5.178777694702148,5.09741735458374,4.787937164306641,115.26264545619405
2011-11-03,4.933701992034912,17.7628231048584,6.010548114776611,5.152775287628174,2.0680058002471924,5.1849517822265625,5.096332550048828,4.684014797210693,115.31203434714557
2011-11-04,4.974216938018799,18.124515533447266,6.032742500305176,5.1394572257995605,2.062574625015259,5.228176116943359,5.084404945373535,4.69514799118042,115.36140404153095
2011-11-07,5.104760646820068,18.28350830078125,6.029043197631836,5.161098480224609,2.063659429550171,5.094383716583252,5.084404945373535,4.728551864624023,115.41091830975962
2011-11-08,5.0439910888671875,18.16823959350586,6.019792556762695,5.194396495819092,2.061488628387451,5.001759052276611,5.031273365020752,4.715562343597412,115.46033034032475
2011-11-09,4.830166339874268,17.870134353637695,5.8681464195251465,5.111150741577148,2.0310773849487305,4.940006732940674,5.096332550048828,4.587510585784912,115.50972196043774
2011-11-10,4.830166339874268,17.870134353637695,5.8681464195251465,5.111150741577148,2.02455997467041,5.0346903800964355,5.078984260559082,4.587510585784912,115.55909312579809
2011-11-11,4.942704677581787,18.052976608276367,5.888489723205566,5.086178779602051,2.0690925121307373,5.174660682678223,5.134284019470215,4.541118144989014,115.60848539338191
2011-11-14,4.979048252105713,17.965532302856445,5.903285980224609,5.161098480224609,2.034334659576416,5.207591533660889,5.101754665374756,4.69514799118042,115.6578166901841
2011-11-16,5.022205352783203,18.11656951904297,5.942122936248779,5.179409980773926,2.0527987480163574,5.300218105316162,5.188502311706543,4.7044291496276855,115.70721067395799
2011-11-17,4.888189315795898,17.627685546875,5.7183403968811035,4.994614124298096,2.002838134765625,5.331093788146973,5.118019104003906,4.6005024909973145,115.75662575242052
2011-11-18,4.940433025360107,17.568063735961914,5.6314191818237305,4.903039455413818,1.9550460577011108,5.269340991973877,5.107176303863525,4.525125503540039,115.80610244939962
2011-11-21,4.951790809631348,17.464719772338867,5.550047397613525,4.81147575378418,1.889878273010254,5.3372673988342285,5.096332550048828,4.512068271636963,115.85564198390543
2011-11-22,4.924532890319824,17.309711456298828,5.535254001617432,4.744879245758057,1.8953102827072144,5.261108875274658,5.096332550048828,4.439323425292969,115.90520271043331
2011-11-23,4.899547100067139,16.85262107849121,5.466826438903809,4.666631698608398,1.8464335203170776,5.082034587860107,5.204765796661377,4.327407360076904,115.9547846380488
2011-11-24,4.922261714935303,16.872493743896484,5.489016532897949,4.678285598754883,1.8757597208023071,5.226118087768555,5.204765796661377,4.3423285484313965,116.00438777582127
2011-11-25,4.772345066070557,16.48695182800293,5.457577705383301,4.661638259887695,1.8703285455703735,5.300218105316162,5.155970573425293,4.3199462890625,116.0539297697087
2011-11-28,4.883646488189697,16.64991569519043,5.611079692840576,4.7548723220825195,1.8605531454086304,5.368142604827881,5.177657604217529,4.402019023895264,116.10345114208071
2011-11-29,4.863203525543213,16.41541290283203,5.5666937828063965,4.71824312210083,1.8507779836654663,5.392842769622803,5.242717266082764,4.329270839691162,116.15295184847514
2011-11-30,5.008577823638916,16.554527282714844,5.899585723876953,4.93301248550415,1.9441853761672974,5.639842987060547,5.37825870513916,4.513934135437012,116.20255728962105
2011-12-01,5.1153364181518555,16.65389060974121,6.1330671310424805,5.104495048522949,1.9517894983291626,5.7407002449035645,5.437896251678467,4.704187393188477,116.2501492089846
2011-12-02,5.1176066398620605,16.860572814941406,6.15526819229126,5.1138153076171875,1.9278947114944458,5.524575710296631,5.421631813049316,4.640769958496094,116.29780247014835
2011-12-05,5.2175517082214355,17.170595169067383,6.253325462341309,5.175447463989258,1.9289802312850952,5.753050804138184,5.40211296081543,4.508336067199707,116.34551713254582
2011-12-06,5.297053337097168,17.15072250366211,6.2810750007629395,5.20709753036499,1.9420133829116821,5.8086256980896,5.5181355476379395,4.553103446960449,116.3932094869288
2011-12-07,5.290240287780762,16.403484344482422,6.271823883056641,5.163788318634033,1.889878273010254,5.820976257324219,5.605966091156006,4.43745756149292,116.44087948980626
2011-12-08,5.1153364181518555,16.065635681152344,6.258872032165527,5.163788318634033,1.8594675064086914,5.701591968536377,5.605966091156006,4.416940212249756,116.48848517897687
2011-12-09,5.228909969329834,16.387584686279297,6.327323913574219,5.202099323272705,1.8833622932434082,5.650135517120361,5.62873649597168,4.513934135437012,116.53602762443298
2011-12-12,5.228909969329834,16.387584686279297,6.327323913574219,5.202099323272705,1.8735870122909546,5.629549503326416,5.616810321807861,4.513934135437012,116.5835475204174
2011-12-13,5.092621326446533,16.08948516845703,6.24407434463501,5.23316764831543,1.930066704750061,5.4895853996276855,5.692713260650635,4.402019023895264,116.63112876366691
2011-12-14,4.956334114074707,15.835104942321777,6.197822093963623,5.1685638427734375,1.8920514583587646,5.271399974822998,5.692713260650635,4.346059322357178,116.67885422155699
2011-12-15,4.885918617248535,15.580724716186523,6.10531759262085,5.037647247314453,1.8963967561721802,5.4278340339660645,5.7794575691223145,4.299428939819336,116.72664121309198
2011-12-16,4.838216781616211,15.580724716186523,6.1423187255859375,5.035943508148193,1.9018266201019287,5.5163445472717285,5.7577714920043945,4.2341437339782715,116.77448979785805
2011-12-19,4.797332286834717,15.338272094726562,6.10531759262085,5.083552837371826,1.9137738943099976,5.5163445472717285,5.813072204589844,4.193106651306152,116.82240003553233
2011-12-20,5.019935607910156,15.898704528808594,6.253325462341309,5.219566345214844,1.971340298652649,5.5163445472717285,5.85536003112793,4.273314952850342,116.87037081765892
2011-12-21,4.979048252105713,15.950372695922852,6.253325462341309,5.202564239501953,2.0457894802093506,5.434008598327637,5.805481433868408,4.368443489074707,116.918320393398
2011-12-22,5.031291484832764,16.176929473876953,6.364327907562256,5.270570755004883,2.0730650424957275,5.351676940917969,5.7794575691223145,4.496901035308838,116.96624755129368
2011-12-23,5.047194004058838,16.276294708251953,6.417983055114746,5.267171382904053,2.0457894802093506,5.349616527557373,5.854276657104492,4.517666816711426,117.01419435548992
2011-12-26,5.035834789276123,16.149106979370117,6.382829666137695,5.251870632171631,2.0119659900665283,5.382550239562988,5.811989784240723,4.510114669799805,117.06203443871021
2011-12-27,5.042647838592529,16.256418228149414,6.401116847991943,5.268869400024414,2.0294244289398193,5.401075839996338,5.86620569229126,4.5403218269348145,117.10993622320254
2011-12-28,4.867746829986572,15.787405967712402,6.255594253540039,5.1736602783203125,2.018512010574341,5.4278340339660645,5.852110385894775,4.430826663970947,117.15781544952803
2011-12-29,4.881374835968018,15.680091857910156,6.341412544250488,5.228070259094238,2.049062967300415,5.269340991973877,5.920421123504639,4.474246025085449,117.20579860442355
2012-01-02,4.9358906745910645,16.256418228149414,6.3511176109313965,5.221262454986572,2.035970449447632,5.550276279449463,5.898734092712402,4.585629463195801,117.25388579947497
2012-01-03,5.132225513458252,16.979808807373047,6.5097575187683105,5.334550857543945,2.083977460861206,5.717465400695801,5.83150577545166,4.564866065979004,117.30195051234192
2012-01-04,5.168868541717529,17.09507179260254,6.517217636108398,5.343056678771973,2.094888687133789,5.500738143920898,5.695966720581055,4.542209625244141,117.35003492789593
2012-01-05,5.109322547912598,16.63799476623535,6.468695640563965,5.30903434753418,2.107982873916626,5.329421520233154,5.583193778991699,4.495014667510986,117.39801231617584
2012-01-06,5.113905429840088,16.494901657104492,6.517217636108398,5.375378131866455,2.083977460861206,5.366576194763184,5.569099426269531,4.381741523742676,117.44605158281563
2012-01-09,5.1826090812683105,16.475025177001953,6.558277130126953,5.388988494873047,2.083977460861206,5.494546413421631,5.558256149291992,4.4176106452941895,117.49394255926956
2012-01-10,5.244442462921143,16.455150604248047,6.644135475158691,5.400894641876221,2.0730650424957275,5.48629093170166,5.530063152313232,4.510114669799805,117.54189536204626
2012-01-11,5.24673318862915,16.578369140625,6.653467655181885,5.404294490814209,2.0730650424957275,5.3603835105896,5.530063152313232,4.5780792236328125,117.58982542071806
2012-01-12,5.2856645584106445,16.411434173583984,6.668396949768066,5.405996322631836,2.0730650424957275,5.387216091156006,5.5550031661987305,4.617725849151611,117.63773269149272
2012-01-13,5.278793811798096,16.077564239501953,6.62546968460083,5.30903434753418,2.083977460861206,5.281948566436768,5.562593936920166,4.663033962249756,117.68570182975233
2012-01-16,5.41620397567749,16.18090057373047,6.670259952545166,5.349859237670898,2.083977460861206,5.281948566436768,5.62873649597168,4.663033962249756,117.73369052838744
2012-01-17,5.41620397567749,16.18090057373047,6.670259952545166,5.349859237670898,2.083977460861206,5.281948566436768,5.665604591369629,4.663033962249756,117.78165641124562
2012-01-18,5.581094741821289,17.13084602355957,6.856894016265869,5.451925277709961,2.0785233974456787,5.624584197998047,5.725241661071777,4.861259937286377,117.82959943448783
2012-01-19,5.54445219039917,17.083152770996094,6.896082878112793,5.468935012817383,2.090524911880493,5.7835164070129395,5.698134422302246,4.870700836181641,117.8754893502836
2012-01-20,5.5467424392700195,17.05929946899414,6.924078464508057,5.49105167388916,2.0883426666259766,5.789710998535156,5.714398384094238,4.927335739135742,117.92143957354213
2012-01-23,5.7551445960998535,16.936092376708984,6.7934393882751465,5.477445125579834,2.091615676879883,5.680313587188721,5.6374101638793945,4.927335739135742,117.96740770911669
2012-01-24,5.816980361938477,17.09507179260254,6.670259952545166,5.513166904449463,2.127622604370117,5.67618465423584,5.712231159210205,4.908455848693848,118.01343623225662
2012-01-26,5.707052707672119,17.007638931274414,6.774771690368652,5.5642008781433105,2.161445379257202,5.816540718078613,5.692713260650635,5.017951011657715,118.05939774513163
2012-01-27,5.649798393249512,17.10700035095215,6.739313125610352,5.606721878051758,2.1385338306427,5.841310977935791,5.611387252807617,5.106682777404785,118.10533465679427
2012-01-30,5.626897811889648,17.28586196899414,6.62546968460083,5.51486349105835,2.102526903152466,5.789710998535156,5.615725040435791,5.167092323303223,118.15128944250924
2012-01-31,5.626897811889648,17.766799926757812,6.554546356201172,5.3413591384887695,2.125438928604126,5.921808242797852,5.638496398925781,5.133114337921143,118.19730464369552
2012-02-01,5.713923931121826,18.124515533447266,6.665072441101074,5.3294477462768555,2.123257637023926,6.0889973640441895,5.714398384094238,5.187859535217285,118.24329521493237
2012-02-02,5.617738246917725,18.112592697143555,6.665072441101074,5.342374801635742,2.101435661315918,5.930065631866455,5.725241661071777,5.172757148742676,118.2893036811005
2012-02-03,5.636058330535889,18.23183250427246,6.691208362579346,5.403647422790527,2.094888687133789,6.078678131103516,5.811989784240723,5.153881072998047,118.33541521746149
2012-02-06,5.693312168121338,18.22388458251953,6.732284069061279,5.403647422790527,2.1658096313476562,6.254124641418457,5.7176513671875,5.125561714172363,118.38145952752261
2012-02-07,5.862783908843994,18.219907760620117,6.7957611083984375,5.417264938354492,2.2094547748565674,6.303661346435547,5.660181522369385,5.144440650939941,118.42752175342477
2012-02-08,5.823849201202393,18.092721939086914,6.9451141357421875,5.400243759155273,2.1843574047088623,6.144726753234863,5.6352434158325195,5.172757148742676,118.4735592682312
2012-02-09,5.839883327484131,17.92578125,6.898438453674316,5.361096382141113,2.1396236419677734,6.17775297164917,5.680785179138184,5.057598114013672,118.51965733014246
2012-02-10,5.381851673126221,17.619733810424805,6.777088165283203,5.260684967041016,2.100344657897949,6.192200183868408,5.6547627449035645,4.92356014251709,118.56577332880963
2012-02-13,5.381851673126221,18.064897537231445,6.777088165283203,5.330465793609619,2.1439871788024902,6.192200183868408,5.75234842300415,4.982083320617676,118.61182190385506
2012-02-14,5.315435886383057,17.587942123413086,6.904038906097412,5.284508228302002,2.085069417953491,6.274765491485596,5.763193607330322,5.185973644256592,118.65793106350198
2012-02-15,5.290245532989502,17.277915954589844,6.7957611083984375,5.226644039154053,2.099357843399048,6.450212478637695,5.7794575691223145,5.286028861999512,118.7040581476236
2012-02-16,5.468879222869873,17.341506958007812,6.812561511993408,5.258984088897705,2.099357843399048,6.479104995727539,5.897648811340332,5.429509162902832,118.75016042972698
2012-02-17,5.507809638977051,17.063276290893555,6.844300270080566,5.2436652183532715,2.1158454418182373,6.491491317749023,6.045118808746338,5.315834999084473,118.7964516172657
2012-02-23,5.478039264678955,17.43292236328125,6.739750385284424,5.160270690917969,2.1213395595550537,6.658679485321045,5.974637031555176,5.268372535705566,118.8426325498674
2012-02-24,5.606286525726318,17.524343490600586,6.7210774421691895,5.168777942657471,2.1290347576141357,6.708218574523926,6.12752628326416,5.1924309730529785,118.88891700154028
2012-02-27,5.576514720916748,17.337526321411133,6.64826774597168,5.116019248962402,2.1059529781341553,6.615335464477539,6.180659294128418,5.12788200378418,118.9352194791557
2012-02-28,5.571935176849365,17.520370483398438,6.82935905456543,5.226644039154053,2.0861682891845703,6.677256107330322,6.22511625289917,5.234200477600098,118.981411539697
2012-02-29,5.567354202270508,17.309711456298828,6.870439529418945,5.31003999710083,2.099357843399048,6.547221660614014,6.302104473114014,5.249387741088867,119.02757870700265
2012-03-01,5.697890758514404,17.50844383239746,7.02749490737915,5.379820346832275,2.108151435852051,6.761885166168213,6.294744968414307,5.329125881195068,119.07376378809253
2012-03-02,5.794079303741455,17.66743278503418,7.12195348739624,5.4608683586120605,2.1686036586761475,6.75568962097168,6.401305198669434,5.429747104644775,119.11992392336262
2012-03-05,5.631477355957031,17.15072250366211,7.01805305480957,5.382538795471191,2.1576128005981445,6.656617641448975,6.344177722930908,5.43923807144165,119.16610195307074
2012-03-06,5.439105987548828,16.320016860961914,6.781914710998535,5.244613170623779,2.1180434226989746,6.501811981201172,6.338685989379883,5.34431266784668,119.21225498435717
2012-03-07,5.491779804229736,16.296171188354492,6.923594951629639,5.365509986877441,2.155414581298828,6.559605598449707,6.508962631225586,5.420252799987793,119.25829714147721
2012-03-08,5.516970634460449,16.35577964782715,7.144622802734375,5.448947429656982,2.165306329727173,6.893984317779541,6.603438854217529,5.435442924499512,119.30138397165146
2012-03-09,5.429943561553955,16.339887619018555,7.257965564727783,5.546011924743652,2.134530782699585,6.945585250854492,6.8110671043396,5.454425811767578,119.3443992786563
2012-03-12,5.365821838378906,16.145132064819336,7.142734527587891,5.508547306060791,2.148818016052246,6.968290328979492,6.865993976593018,5.47721004486084,119.38730120330898
2012-03-13,5.594834327697754,16.97186279296875,7.225856304168701,5.602200508117676,2.165306329727173,7.024021148681641,6.979146480560303,5.621497631072998,119.43013139761567
2012-03-14,5.686441898345947,16.812877655029297,7.254195213317871,5.593686580657959,2.202677011489868,6.974481105804443,6.942893981933594,5.505687236785889,119.47293396240725
2012-03-15,5.5467424392700195,16.97186279296875,7.267419338226318,5.622631549835205,2.220262289047241,6.87540864944458,6.875882625579834,5.429747104644775,119.51575186721004
2012-03-16,5.576514720916748,17.079179763793945,7.291982173919678,5.636255741119385,2.172999620437622,7.060096740722656,6.791290760040283,5.482906818389893,119.55875841536195
2012-03-19,5.576514720916748,17.079179763793945,7.291982173919678,5.583470344543457,2.1982810497283936,7.060096740722656,6.791290760040283,5.456325054168701,119.6017373978371
2012-03-20,5.586734771728516,16.936092376708984,7.163516044616699,5.505140781402588,2.1576128005981445,6.9711503982543945,6.942893981933594,5.441136837005615,119.64473183039688
2012-03-21,5.549905300140381,16.872493743896484,7.12195348739624,5.51706075668335,2.2011728286743164,6.950461387634277,6.964864730834961,5.34431266784668,119.68774171859526
2012-03-22,5.549905300140381,16.522722244262695,6.923594951629639,5.51706075668335,2.2011728286743164,6.950461387634277,7.030777931213379,5.171549320220947,119.73076706798827
2012-03-23,5.455525875091553,16.514774322509766,6.85747766494751,5.576658248901367,2.158163070678711,6.681546688079834,7.030777931213379,5.1299567222595215,119.77398149374612
2012-03-26,5.5729241371154785,16.73736000061035,6.9783806800842285,5.631145000457764,2.205583333969116,6.878062725067139,7.349361419677734,5.258542537689209,119.81708096324684
2012-03-27,5.478547096252441,16.856595993041992,6.9840474128723145,5.61582088470459,2.22212553024292,6.950461387634277,7.21643590927124,5.24318790435791,119.86019594166063
2012-03-28,5.384167671203613,16.534650802612305,6.800804138183594,5.4949259757995605,2.211097240447998,6.9442572593688965,6.920922756195068,5.168337345123291,119.90328328489774
2012-03-29,5.368053913116455,16.757230758666992,6.730909824371338,5.45746374130249,2.184631109237671,6.9608073234558105,6.953879356384277,5.058947563171387,119.94638611717299
2012-03-30,5.374957084655762,17.051355361938477,6.5986762046813965,5.430217742919922,2.1835291385650635,6.950461387634277,6.917627334594727,4.980260848999023,119.98967836631427
2012-04-02,5.347336292266846,17.492544174194336,6.671438694000244,5.4455437660217285,2.172498941421509,7.074578285217285,7.058244228363037,4.961070537567139,120.03289864846182
2012-04-03,5.190806865692139,17.09904670715332,6.567485332489014,5.400828838348389,2.166985273361206,7.21110200881958,7.0000200271606445,4.936120986938477,120.076134498555
2012-04-04,5.008955955505371,16.761205673217773,6.365262031555176,5.264532089233398,2.1305947303771973,7.120087623596191,6.920922756195068,4.644407749176025,120.119516805188
2012-04-05,5.0642008781433105,16.717487335205078,6.236751079559326,5.230456829071045,2.138312816619873,7.078713893890381,6.878077507019043,4.630972385406494,120.1628715423885
2012-04-09,4.969822406768799,16.542598724365234,6.142254829406738,5.20319938659668,2.1173593997955322,7.008381366729736,6.871487617492676,4.621373176574707,120.20615420871808
2012-04-10,4.877745151519775,16.391555786132812,6.017515182495117,5.194681167602539,2.139416217803955,7.0125203132629395,6.9483866691589355,4.650164604187012,120.24954021595664
2012-04-11,4.914577484130859,16.391555786132812,6.017515182495117,5.227047443389893,2.138312816619873,6.87185525894165,7.1032843589782715,4.719254016876221,120.29281081050796
2012-04-12,5.066502094268799,17.43292236328125,6.229190826416016,5.334385395050049,2.1449289321899414,6.681546688079834,7.140634536743164,4.832485675811768,120.33605367013811
2012-04-13,4.988237380981445,17.409074783325195,5.987278938293457,5.227047443389893,2.14603328704834,6.557430744171143,7.168097019195557,4.7019805908203125,120.37931207471144
2012-04-16,4.951408386230469,17.178972244262695,5.943813323974609,5.199790954589844,2.159266710281372,6.578114986419678,7.166999816894531,4.588750839233398,120.42254148947058
2012-04-17,4.9675211906433105,17.545692443847656,5.953261375427246,5.210012435913086,2.205583333969116,6.9090895652771,7.250490665435791,4.48703145980835,120.46574307622993
2012-04-18,5.008955955505371,17.724979400634766,5.917356491088867,5.20319938659668,2.2276384830474854,7.064235687255859,7.488876819610596,4.559960842132568,120.50900352922602
2012-04-19,4.937597274780273,17.594589233398438,5.960818767547607,5.184457302093506,2.2386670112609863,7.082852363586426,7.469103813171387,4.573393821716309,120.54899082677709
2012-04-20,4.939897060394287,17.5538387298584,6.091225624084473,5.179347038269043,2.2320504188537598,6.964942455291748,7.577861309051514,4.6252121925354,120.58903599603983
2012-04-23,4.898464202880859,17.439748764038086,6.0080671310424805,5.179347038269043,2.205583333969116,6.9090895652771,7.47020149230957,4.5637993812561035,120.6292705278999
2012-04-24,4.889256954193115,17.480491638183594,5.943813323974609,5.2202324867248535,2.2199196815490723,6.784973621368408,7.426259517669678,4.5292558670043945,120.66929773244648
2012-04-25,4.8639349937438965,17.227863311767578,5.594175338745117,5.0856404304504395,2.205583333969116,6.87185525894165,7.4899773597717285,4.421778678894043,120.70933821882006
2012-04-26,4.889256954193115,17.480491638183594,5.596067428588867,5.119715690612793,2.1548550128936768,6.76428747177124,7.474599361419678,4.462084770202637,120.74939199142783
2012-04-27,4.817897319793701,17.36640167236328,5.613078594207764,5.128236770629883,2.22212553024292,6.722917556762695,7.48558235168457,4.517738342285156,120.78950373195345
2012-04-30,4.900765419006348,17.358251571655273,5.669772624969482,5.218533515930176,2.221022605895996,6.733261585235596,7.409756183624268,4.525415897369385,120.82949592874405
2012-05-02,4.900765419006348,17.60273551940918,5.528903484344482,5.218533515930176,2.221022605895996,6.760756015777588,7.330611705780029,4.402590274810791,120.86976598314718
2012-05-03,4.92608642578125,17.42344856262207,5.521337032318115,5.114130020141602,2.211097240447998,6.870839595794678,7.3844757080078125,4.337337017059326,120.91004945875406
2012-05-04,4.714311122894287,16.92226219177246,5.445704936981201,5.088559150695801,2.205583333969116,6.648600101470947,7.1448469161987305,4.348852157592773,120.95012630374764
2012-05-07,4.737329959869385,16.910037994384766,5.483518600463867,5.062986373901367,2.21661114692688,6.646521091461182,7.31412410736084,4.389154434204102,120.99021643261227
2012-05-08,4.663670063018799,16.461822509765625,5.49297571182251,5.034005165100098,2.248593807220459,6.521897792816162,7.3196187019348145,4.398748874664307,121.03023152689303
2012-05-09,4.640650272369385,16.421072006225586,5.411668300628662,5.003320693969727,2.2386670112609863,6.40765905380249,7.204204559326172,4.289358615875244,121.0702598553659
2012-05-10,4.585404396057129,16.42514991760254,5.413565158843994,5.0220746994018555,2.2552084922790527,6.40765905380249,7.140451431274414,4.285519599914551,121.11025662641173
2012-05-11,4.495628833770752,15.932103157043457,5.485410690307617,5.023780345916748,2.2596218585968018,6.4803571701049805,7.111872673034668,4.284232139587402,121.15026661079082
2012-05-14,4.395623207092285,15.667251586914062,5.370072841644287,4.918089866638184,2.211097240447998,6.2705769538879395,7.055812358856201,4.099465370178223,121.19006931938313
2012-05-15,4.30026912689209,15.549081802368164,5.385196685791016,4.877174377441406,2.211097240447998,6.148030757904053,7.049216270446777,3.949345588684082,121.23028260818467
2012-05-16,4.486326217651367,15.11716079711914,5.385196685791016,4.79193639755249,2.208892822265625,6.148030757904053,7.050314903259277,3.9262499809265137,121.27055409576428
2012-05-17,4.286314487457275,14.599679946899414,5.114806175231934,4.582259178161621,2.205583333969116,6.060794353485107,7.0349273681640625,3.7337868213653564,121.31088261852882
2012-05-18,4.435160160064697,14.946028709411621,5.141275882720947,4.6112380027771,2.205583333969116,6.262268543243408,7.006347179412842,3.878134250640869,121.35131310948792
2012-05-21,4.435160160064697,15.422765731811523,5.141275882720947,4.936835765838623,2.205583333969116,6.262268543243408,6.984363555908203,4.112939834594727,121.39162480218977
2012-05-22,4.5840067863464355,15.231254577636719,5.40032434463501,4.93513298034668,2.2144064903259277,6.160495281219482,7.0239338874816895,4.120637893676758,121.43212711780502
2012-05-23,4.472371578216553,15.353499412536621,5.392762184143066,4.878880023956299,2.205583333969116,6.054563522338867,6.828274726867676,3.947420597076416,121.47268666258364
2012-05-24,4.349108695983887,15.178285598754883,5.317121982574463,4.834558963775635,2.205583333969116,5.952790260314941,6.771115779876709,3.9685935974121094,121.5132597546558
2012-05-25,4.335155010223389,14.89305591583252,5.381418228149414,4.885697841644287,2.233154058456421,6.181262969970703,6.754627704620361,4.003235340118408,121.55389135845256
2012-05-28,4.3700408935546875,15.027521133422852,5.396543025970459,4.8498992919921875,2.2430779933929443,6.206189155578613,6.804093360900879,3.9666671752929688,121.59449157370518
2012-05-29,4.383994102478027,15.28015422821045,5.345492362976074,4.901038646697998,2.237565040588379,6.185417652130127,6.761225700378418,3.9166274070739746,121.63515033979759
2012-05-30,4.267709732055664,15.190512657165527,5.317121982574463,4.94877290725708,2.2276384830474854,6.36611795425415,6.815085411071777,3.8338656425476074,121.67591149502796
2012-05-31,4.4491143226623535,15.316823959350586,5.540247440338135,5.045941352844238,2.293806314468384,6.646521091461182,6.879937648773193,3.84926438331604,121.71455089748233
2012-06-01,4.372365951538086,15.076416015625,5.40687370300293,5.0220746994018555,2.233154058456421,6.438816070556641,6.569962024688721,3.8396406173706055,121.75324638750367
2012-06-04,4.444463729858398,15.043821334838867,5.325523376464844,4.985838890075684,2.2000696659088135,6.70259952545166,6.527093410491943,3.7106897830963135,121.79199922829636
2012-06-05,4.372365951538086,15.031595230102539,5.244175910949707,4.886906147003174,2.187938928604126,6.625749111175537,6.4633378982543945,3.6183085441589355,121.83080946677045
2012-06-06,4.439812183380127,15.467588424682617,5.463626384735107,5.0830607414245605,2.236462116241455,6.372351169586182,6.694170951843262,3.6952931880950928,121.86945298122522
2012-06-08,4.3909711837768555,15.622429847717285,5.431467056274414,5.095005035400391,2.206686496734619,6.2498064041137695,6.649104595184326,3.699143409729004,121.90828790111223
2012-06-11,4.277010440826416,15.42684555053711,5.486327171325684,5.1512932777404785,2.206686496734619,6.501127243041992,6.534787178039551,3.7337868213653564,121.9469559909516
2012-06-12,4.3258514404296875,15.789496421813965,5.5809245109558105,5.236581325531006,2.205583333969116,6.696370601654053,6.6183271408081055,3.7337868213653564,121.98572536720025
2012-06-13,4.395623207092285,15.809867858886719,5.590378284454346,5.253635883331299,2.192350387573242,6.563436508178711,6.584251880645752,3.7241642475128174,122.02455220372738
2012-06-14,4.2258453369140625,15.850613594055176,5.5941643714904785,5.287752628326416,2.114051580429077,6.438816070556641,6.605134963989258,3.656801462173462,122.06334624936402
2012-06-15,4.314223766326904,16.103246688842773,5.713351249694824,5.3576860427856445,2.1063318252563477,6.413893222808838,6.634814262390137,3.6933698654174805,122.10206352216086
2012-06-18,4.314223766326904,16.103246688842773,5.713351249694824,5.313338756561279,2.1063318252563477,6.368197441101074,6.821680545806885,3.837717294692993,122.14092738795934
2012-06-19,4.570052623748779,16.62888526916504,5.766326904296875,5.355982303619385,2.072145462036133,6.428433895111084,7.021734714508057,3.9955382347106934,122.17966926871753
2012-06-20,4.6281962394714355,16.677780151367188,5.6849751472473145,5.313338756561279,2.087584972381592,6.2747297286987305,7.0349273681640625,3.9801394939422607,122.21864702680764
2012-06-21,4.481677055358887,16.217334747314453,5.46173620223999,5.159822940826416,2.095304012298584,6.199954986572266,6.914012432098389,3.943570852279663,122.25768244048155
2012-06-22,4.546794891357422,16.1806640625,5.348229885101318,5.159822940826416,2.1063318252563477,6.231110572814941,6.838387966156006,3.8826842308044434,122.29664107356804
2012-06-25,4.139793872833252,15.870986938476562,5.145798206329346,5.031894207000732,2.0743510723114014,6.231110572814941,6.854972839355469,3.730343818664551,122.33570139776053
2012-06-26,4.186307430267334,16.23771095275879,5.1382341384887695,5.001190185546875,2.1063318252563477,6.179186820983887,6.873767852783203,3.6424548625946045,122.37463962815842
2012-06-27,4.1025824546813965,16.17251205444336,5.2044477462768555,5.079654693603516,2.141188383102417,6.22072696685791,6.766520977020264,3.671753168106079,122.4136795856926
2012-06-28,4.116535663604736,15.981003761291504,5.1552581787109375,5.037855625152588,2.0803284645080566,6.064949989318848,6.827331066131592,3.6639416217803955,122.45268792882938
2012-06-29,4.244451522827148,16.35179901123047,5.3520121574401855,5.142627716064453,2.1566810607910156,6.303808212280273,6.983226299285889,3.8143253326416016,122.49179809282697
2012-07-02,4.2700347900390625,16.396621704101562,5.371881484985352,5.1546549797058105,2.124589443206787,6.507395267486572,6.821804046630859,3.8377630710601807,122.53083132920723
2012-07-03,4.416556358337402,16.706300735473633,5.4797749519348145,5.285401344299316,2.124589443206787,6.426181793212891,6.943422794342041,3.896355390548706,122.56987700391859
2012-07-04,4.407251834869385,16.80817413330078,5.5119524002075195,5.290554523468018,2.1024584770202637,6.549042224884033,7.0296630859375,3.896355390548706,122.60897924608038
2012-07-05,4.558424472808838,17.02005386352539,5.57442045211792,5.295711517333984,2.0714752674102783,6.60110330581665,6.965534687042236,3.8865890502929688,122.64804982340694
2012-07-06,4.465396404266357,16.620731353759766,5.53656005859375,5.276805400848389,2.0670485496520996,6.351218223571777,6.8826141357421875,3.796748161315918,122.6870420914068
2012-07-10,4.277010440826416,16.135841369628906,5.288599491119385,5.173677921295166,2.0692617893218994,6.188792705535889,6.760992527008057,3.6873772144317627,122.72595719428779
2012-07-11,4.311897277832031,16.11954116821289,5.311314582824707,5.165083408355713,2.1135241985321045,6.0825910568237305,6.783106327056885,3.624878406524658,122.76479505070151
2012-07-12,4.321200847625732,16.050275802612305,5.366205215454102,5.072264671325684,2.1212704181671143,6.184625625610352,6.706817150115967,3.6365978717803955,122.80161589568107
2012-07-13,4.546794891357422,16.392549514770508,5.517634868621826,5.127269268035889,2.074794292449951,6.018039226531982,6.7322468757629395,3.671753168106079,122.83835691114089
2012-07-16,4.546794891357422,16.135841369628906,5.517634868621826,5.122106075286865,2.068155288696289,6.018039226531982,6.700183391571045,3.581913709640503,122.87519981952923
2012-07-17,4.477023601531982,16.07472038269043,5.470313549041748,5.120389461517334,2.0637290477752686,6.292910575866699,6.694653034210205,3.5545694828033447,122.91191861549132
2012-07-18,4.495629787445068,16.0950927734375,5.600918292999268,5.209768295288086,2.061516284942627,6.313735008239746,6.74440860748291,3.8026068210601807,122.9485574293114
2012-07-19,4.563076019287109,16.11547088623047,5.708810806274414,5.268212795257568,2.074794292449951,6.455333232879639,6.754360198974609,3.8865890502929688,122.98534240820868
2012-07-20,4.4607439041137695,15.724298477172852,5.687989711761475,5.247585296630859,2.0637290477752686,6.455333232879639,6.715662002563477,3.8904953002929688,123.02218389738049
2012-07-23,4.409578323364258,15.353499412536621,5.527100563049316,4.996633529663086,1.98848295211792,6.351218223571777,6.74440860748291,3.818233013153076,123.0590364227888
2012-07-24,4.3700408935546875,14.603750228881836,5.714491844177246,5.041328430175781,1.9906973838806152,6.496982097625732,6.659275531768799,3.8475282192230225,123.09581015464302
2012-07-25,4.418879985809326,14.526330947875977,5.754237174987793,5.0636677742004395,2.022965908050537,6.455333232879639,6.667013645172119,3.7596399784088135,123.13268473553293
2012-07-26,4.479349613189697,14.70561695098877,5.91323709487915,5.0963287353515625,2.0697009563446045,6.850984573364258,6.871557712554932,4.021350383758545,123.16943491661911
2012-07-27,4.6909894943237305,15.300527572631836,6.13280725479126,5.379932880401611,2.0875051021575928,7.084211826324463,7.1081647872924805,4.224469184875488,123.2061049207825
2012-07-30,4.723550319671631,15.28830337524414,6.301270961761475,5.445250034332275,2.136465072631836,7.107118129730225,7.175609111785889,4.296731948852539,123.24296695531376
2012-07-31,4.535167694091797,15.137541770935059,6.146055698394775,5.431500434875488,2.0596866607666016,6.919704437255859,7.109271049499512,4.25767183303833,123.27984001859713
2012-08-01,4.609589576721191,15.235332489013672,6.10344934463501,5.457281589508057,2.057462453842163,6.663575649261475,7.107058048248291,4.335792541503906,123.31672411393228
2012-08-02,4.558424472808838,14.9745512008667,5.997896194458008,5.397197246551514,2.0941808223724365,6.978009223937988,6.950056552886963,4.314310073852539,123.35357485059926
2012-08-03,4.637498378753662,15.19865894317627,6.179354667663574,5.553714752197266,2.1175496578216553,7.215400695800781,7.002021312713623,4.515472412109375,123.39048100665882
2012-08-06,4.632847785949707,15.361647605895996,6.318798542022705,5.679266452789307,2.1420302391052246,7.319518089294434,7.109271049499512,4.6541428565979,123.42735378409803
2012-08-07,4.709595680236816,15.337200164794922,6.318798542022705,5.736031532287598,2.164283514022827,7.11128044128418,7.024137020111084,4.599454402923584,123.46423758022934
2012-08-08,4.925889015197754,15.455365180969238,6.318798542022705,5.813427448272705,2.136465072631836,7.11128044128418,7.020818710327148,4.663905620574951,123.50113239834543
2012-08-09,4.8840250968933105,15.60612964630127,6.458243370056152,5.779024600982666,2.1420302391052246,7.11752986907959,6.996495723724365,4.568208694458008,123.53803824174004
2012-08-10,4.8840250968933105,15.720222473144531,6.528921127319336,5.779024600982666,2.1420302391052246,7.11752986907959,6.916888236999512,4.722501277923584,123.57495511370782
2012-08-13,4.891003608703613,15.73244571685791,6.484984874725342,5.873624801635742,2.1909902095794678,6.930115222930908,6.931262969970703,4.576019763946533,123.61179157207766
2012-08-14,4.8468122482299805,15.096794128417969,6.484984874725342,5.842661380767822,2.2321624755859375,6.905128002166748,6.983226299285889,4.388526439666748,123.64877498399811
2012-08-15,4.895655155181885,14.79118824005127,6.484984874725342,5.897702693939209,2.17207407951355,6.87181282043457,6.952267646789551,4.521332263946533,123.68576946098557
2012-08-16,4.991008281707764,14.994924545288086,6.484984874725342,5.921782970428467,2.1531577110290527,7.1633405685424805,6.9644317626953125,4.599454402923584,123.7227304794736
2012-08-17,5.011940002441406,14.526330947875977,6.484984874725342,5.981980323791504,2.1453678607940674,7.1633405685424805,6.845022678375244,4.611174583435059,123.75979286061603
2012-08-20,5.011940002441406,14.526330947875977,6.5613908767700195,5.96306037902832,2.184314250946045,7.257046222686768,6.851654529571533,4.564301013946533,123.7969121352887
2012-08-21,4.939844131469727,14.70561695098877,6.523193359375,5.945862770080566,2.194329261779785,7.184164047241211,6.67917537689209,4.55063009262085,123.83390636654208
2012-08-22,4.997984886169434,14.709692001342773,6.548017978668213,5.951016426086426,2.1876511573791504,7.46528434753418,6.8206987380981445,4.604442119598389,123.87086583423623
2012-08-23,4.932867527008057,14.139235496520996,6.504086971282959,5.875345230102539,2.214357614517212,7.515259265899658,6.856077671051025,4.537682056427002,123.90783633285312
2012-08-24,4.937518119812012,14.069964408874512,6.496443748474121,5.856419563293457,2.1709611415863037,7.656864166259766,6.888141632080078,4.5200114250183105,123.94486371158446
2012-08-27,4.970077991485596,13.854007720947266,6.399028301239014,5.815145015716553,2.21101975440979,7.600635051727295,6.866030216217041,4.6221137046813965,123.98194677535834
2012-08-28,4.981706619262695,13.821410179138184,6.399028301239014,5.878781318664551,2.194329261779785,7.463201999664307,6.810747146606445,4.724217414855957,124.01904093401406
2012-08-29,4.932867527008057,13.409863471984863,6.244307518005371,5.791064262390137,2.219921588897705,7.373658180236816,6.828436851501465,4.645677089691162,124.05610154401636
2012-08-30,4.893329620361328,13.365039825439453,6.208013534545898,5.796226978302002,2.2388381958007812,7.461118221282959,6.788633346557617,4.592662811279297,124.0911585577517
2012-08-31,4.8282084465026855,13.764362335205078,6.055201530456543,5.650033473968506,2.236612558364868,7.469447135925293,7.050671100616455,4.55142879486084,124.12622547824854
2012-09-03,4.800300121307373,13.67064380645752,6.12495756149292,5.775590896606445,2.2544171810150146,7.286198616027832,7.040719032287598,4.614259243011475,124.16144008841673
2012-09-04,4.75145959854126,13.222426414489746,6.000733852386475,5.7137451171875,2.325632095336914,7.300778865814209,6.96221923828125,4.592662811279297,124.19657280950413
2012-09-05,4.788671493530273,13.446531295776367,6.019839286804199,5.730953693389893,2.4146523475646973,7.2445549964904785,6.963326454162598,4.753672122955322,124.23171547174631
2012-09-06,4.8840250968933105,14.065892219543457,6.191840171813965,5.787745952606201,2.434680700302124,7.37782621383667,7.069467067718506,4.873445987701416,124.26686807795622
2012-09-10,4.937518119812012,14.065892219543457,6.228151321411133,5.792910099029541,2.3801560401916504,7.284120082855225,7.069467067718506,4.873445987701416,124.30198465220637
2012-09-11,5.049151420593262,14.994924545288086,6.2950358390808105,5.829051494598389,2.4591622352600098,7.350751876831055,6.981017112731934,4.957876205444336,124.33706515831493
2012-09-12,5.114273548126221,15.190512657165527,6.461295127868652,5.91166353225708,2.423553943634033,7.502768039703369,6.910256385803223,5.066275596618652,124.37211080350046
2012-09-13,5.325913429260254,15.577606201171875,6.5931596755981445,6.0648274421691895,2.5025582313537598,7.571484088897705,7.071677207946777,5.171535015106201,124.40716632665155
2012-09-14,5.418942928314209,15.748745918273926,6.6696014404296875,6.1457200050354,2.503671169281006,7.652694225311279,7.0374040603637695,5.262889385223389,124.44218569990085
2012-09-17,5.4119672775268555,15.968775749206543,6.5931596755981445,6.1698126792907715,2.5237009525299072,7.754734039306641,7.0374040603637695,5.231113910675049,124.4771688871448
2012-09-18,5.395686149597168,16.11547088623047,6.436456203460693,6.095808506011963,2.5314903259277344,7.6110520362854,6.921310901641846,5.151673316955566,124.51211585230986
2012-09-19,5.272421360015869,15.932103157043457,6.440277099609375,6.092366695404053,2.5203628540039062,7.371575832366943,6.8914594650268555,5.252960205078125,124.54707262883538
2012-09-20,5.351497173309326,15.79764461517334,6.392500877380371,6.080321311950684,2.535940170288086,7.471531867980957,6.976592540740967,5.302611351013184,124.58213138430966
2012-09-21,5.279399394989014,15.40239143371582,6.428813934326172,6.126784324645996,2.5559706687927246,7.3674116134643555,7.0219244956970215,5.290694236755371,124.61720000847305
2012-09-24,5.339866638183594,15.434989929199219,6.451742649078369,6.090643882751465,2.590463876724243,7.423634052276611,7.109271049499512,5.2469987869262695,124.65227850410345
2012-09-25,5.272421360015869,15.003077507019043,6.063798427581787,5.679322719573975,2.522587537765503,7.363250732421875,7.071677207946777,5.084151268005371,124.68750399148594
2012-09-26,5.295680046081543,15.056045532226562,6.096286296844482,5.632855415344238,2.5688986778259277,7.346586227416992,7.059516906738281,5.115924835205078,124.72269329886242
2012-09-27,5.281725883483887,15.027521133422852,6.019839286804199,5.705138206481934,2.6157686710357666,7.384071350097656,7.0650434494018555,5.123870372772217,124.75784763719567
2012-09-28,5.202651023864746,14.868605613708496,5.84211540222168,5.60532283782959,2.6358556747436523,7.3965654373168945,7.04956579208374,4.925271987915039,124.7930118841307
2012-10-01,5.2352118492126465,14.8034086227417,5.9367570877075195,5.7034196853637695,2.6648707389831543,7.470684051513672,7.234980583190918,4.96498966217041,124.82818604246037
2012-10-02,5.279399394989014,14.746365547180176,5.908077239990234,5.715590476989746,2.6057255268096924,7.433120250701904,7.405517101287842,4.98484992980957,124.86332392854949
2012-10-03,5.195673942565918,14.546707153320312,5.831600666046143,5.572655200958252,2.5923330783843994,7.512422561645508,7.3553595542907715,4.9312262535095215,124.898517905032
2012-10-04,5.209627628326416,14.709692001342773,5.841156005859375,5.5967631340026855,2.622465133666992,7.199402332305908,7.444531440734863,4.869661808013916,124.93372180128873
2012-10-05,5.174743175506592,14.63227653503418,5.887044906616211,5.570931911468506,2.5889856815338135,7.387213230133057,7.49691915512085,4.667092323303223,124.96893562011564
2012-10-08,5.202651023864746,15.11716079711914,5.900427341461182,5.550268173217773,2.6191179752349854,7.587545394897461,7.691976070404053,4.528071880340576,125.00415936430953
2012-10-09,5.1677656173706055,15.19865894317627,5.755114555358887,5.383227348327637,2.6213486194610596,7.510331630706787,7.454563140869141,4.5221123695373535,125.039346785129
2012-10-10,5.144505500793457,15.035670280456543,5.621278762817383,5.3418965339660645,2.563319444656372,7.410168647766113,7.490230083465576,4.4565749168396,125.07445158173891
2012-10-11,5.232885360717773,15.239410400390625,5.669078826904297,5.43660831451416,2.6191179752349854,7.474860191345215,7.514750003814697,4.589637756347656,125.10822293441049
2012-10-15,5.302656650543213,15.239410400390625,5.699672222137451,5.433166027069092,2.622465133666992,7.44981575012207,7.686399459838867,4.587652206420898,125.142003405685
2012-10-16,5.302656650543213,15.528711318969727,5.71879243850708,5.522714614868164,2.555507183074951,7.324606895446777,7.689746379852295,4.528071880340576,125.17583930056581
2012-10-17,5.267772197723389,15.582865715026855,5.716877460479736,5.548544883728027,2.566666603088379,7.134711742401123,7.729870796203613,4.575733661651611,125.20973065905645
2012-10-18,5.232885360717773,15.508230209350586,5.70158052444458,5.586428642272949,2.5945663452148438,7.220269680023193,7.839104175567627,4.547929286956787,125.24372384883308
2012-10-19,5.174743175506592,15.17650032043457,5.640401363372803,5.570931911468506,2.622465133666992,7.239051342010498,7.699777126312256,4.508211135864258,125.27772626742082
2012-10-22,5.174743175506592,15.17650032043457,5.611715793609619,5.502050876617432,2.5688986778259277,7.284962177276611,7.684175491333008,4.508211135864258,125.31192332836002
2012-10-23,5.039848804473877,14.74940299987793,5.433903694152832,5.409055709838867,2.5878713130950928,7.307915210723877,7.623985290527344,4.369192600250244,125.34612972407095
2012-10-24,5.009615421295166,14.645735740661621,5.655691623687744,5.450383186340332,2.5778260231018066,7.159749507904053,7.577169418334961,4.325499534606934,125.38039183516972
2012-10-25,5.058454990386963,15.470909118652344,5.735999584197998,5.584710121154785,2.5967977046966553,7.1367974281311035,7.602805137634277,4.408910751342773,125.41457052998398
2012-10-26,5.174743175506592,15.354803085327148,5.6576056480407715,5.48999547958374,2.5945663452148438,7.195230007171631,7.636245250701904,4.325499534606934,125.44866573512824
2012-10-29,4.965426921844482,15.45432186126709,5.659517765045166,5.514101982116699,2.5945663452148438,7.166013240814209,7.732100009918213,4.347343921661377,125.4827237933887
2012-10-30,5.007289886474609,15.528958320617676,5.728349685668945,5.5537109375,2.5967977046966553,7.28287410736084,7.668568134307861,4.351314067840576,125.51674466946356
2012-10-31,4.8375115394592285,15.528958320617676,5.67481803894043,5.510659217834473,2.6034932136535645,7.428951263427734,7.612838268280029,4.303652286529541,125.5508676516694
2012-11-01,4.849140167236328,15.918736457824707,5.930194854736328,5.708698749542236,2.611304998397827,7.616758346557617,7.689746379852295,4.585667610168457,125.58509281819124
2012-11-05,4.939844131469727,15.777754783630371,5.92445707321167,5.712258338928223,2.697232484817505,7.5437188148498535,7.71872615814209,4.4565749168396,125.61937378097781
2012-11-06,5.042174339294434,15.85239315032959,5.979930400848389,5.789800643920898,2.6782610416412354,7.637629508972168,7.712038516998291,4.567790508270264,125.65366410143879
2012-11-07,4.925889015197754,15.686527252197266,5.830721855163574,5.651952266693115,2.6682190895080566,7.633453845977783,7.699777126312256,4.458559989929199,125.68801027398426
2012-11-08,4.7933220863342285,15.33406925201416,5.700641632080078,5.558898448944092,2.6336236000061035,7.345480442047119,7.640704154968262,4.259959697723389,125.72217981645734
2012-11-09,4.832859516143799,15.46676254272461,5.704466342926025,5.548559188842773,2.622465133666992,7.416425704956055,7.486885070800781,4.160660266876221,125.75635864826225
2012-11-12,4.753785133361816,15.342363357543945,5.700641632080078,5.512373924255371,2.620232343673706,7.193139553070068,7.514750003814697,4.124914646148682,125.79045371221898
2012-11-13,4.760762691497803,15.450175285339355,5.80585241317749,5.627821445465088,2.6213486194610596,7.531200408935547,7.5905442237854,4.2083258628845215,125.82451147756157
2012-11-14,4.604938507080078,15.172351837158203,5.725506782531738,5.583024501800537,2.622465133666992,7.4080810546875,7.6005778312683105,4.202369213104248,125.85857846404413
2012-11-16,4.4258575439453125,14.712082862854004,5.746552467346191,5.646777153015137,2.8177549839019775,7.506158351898193,8.10326862335205,4.152718544006348,125.89260810648923
2012-11-19,4.4491143226623535,14.90697193145752,5.92445707321167,5.772571563720703,2.8010151386260986,7.616758346557617,8.238136291503906,4.180052280426025,125.92655378933905
2012-11-21,4.330502510070801,15.114303588867188,5.997148513793945,5.889741897583008,2.8177549839019775,7.537458419799805,8.35963249206543,4.192028045654297,125.96032099473766
2012-11-22,4.337479591369629,15.047953605651855,6.067929744720459,5.953497409820557,2.823334217071533,7.481117248535156,8.345142364501953,4.174063682556152,125.99456456760329
2012-11-23,4.458417892456055,15.309188842773438,6.138708114624023,6.022426128387451,2.8166375160217285,7.510331630706787,8.426509857177734,4.291839122772217,126.02895730389329
2012-11-26,4.377017498016357,15.180644035339355,6.025844097137451,5.9655609130859375,2.8166375160217285,7.491553783416748,8.409789085388184,4.367695331573486,126.06340605908272
2012-11-27,4.304919719696045,15.126738548278809,5.932107448577881,5.874235153198242,2.8166375160217285,7.529113292694092,8.385269165039062,4.371687412261963,126.09781758703467
2012-11-28,4.337479591369629,14.873798370361328,5.958888530731201,5.834605693817139,2.8121747970581055,7.5645880699157715,8.35628890991211,4.371687412261963,126.13219185210889
2012-11-29,4.453766345977783,15.533103942871094,6.110014915466309,5.927647113800049,2.844536066055298,7.539548397064209,8.247053146362305,4.449539661407471,126.16638881196384
2012-11-30,4.339805603027344,15.591153144836426,6.144448757171631,6.115478038787842,3.0409436225891113,7.418513298034668,8.660577774047852,4.37368106842041,126.2005483617347
2012-12-03,4.418879985809326,15.499931335449219,6.312790393829346,6.163731575012207,2.9795660972595215,7.616758346557617,8.844491004943848,4.403627872467041,126.23476385440655
2012-12-04,4.377017498016357,15.217962265014648,6.243919372558594,6.084526538848877,2.973987102508545,7.554154396057129,8.649432182312012,4.401629447937012,126.26898862358276
2012-12-05,4.404926300048828,15.46676254272461,6.2764434814453125,6.1810760498046875,3.1636972427368164,7.481117248535156,8.694016456604004,4.481477737426758,126.3031759522526
2012-12-06,4.349108695983887,15.363097190856934,6.25540018081665,6.053495407104492,3.080000877380371,7.44981575012207,8.691786766052246,4.463511943817139,126.33732580496655
2012-12-07,4.43748664855957,15.541397094726562,6.266879081726074,6.056943893432617,3.044290065765381,7.554154396057129,8.537968635559082,4.559330940246582,126.37143814630714
2012-12-10,4.551445960998535,15.819221496582031,6.270702838897705,6.136249542236328,3.0130443572998047,7.666843891143799,9.502116203308105,4.591270446777344,126.4054181623103
2012-12-11,4.6491265296936035,16.17167854309082,6.31087589263916,6.172461032867432,3.0018839836120605,7.627193927764893,9.651471138000488,4.591270446777344,126.43922023518108
2012-12-12,4.6165666580200195,16.337541580200195,6.286008834838867,6.179356575012207,3.119058609008789,7.658497333526611,9.67487907409668,4.631195068359375,126.47303134706416
2012-12-13,4.551445960998535,16.428768157958984,6.28983736038208,6.22418212890625,3.1581151485443115,7.729446887969971,9.708316802978516,4.561873912811279,126.50675791033348
2012-12-14,4.700293064117432,17.08392906188965,6.236268043518066,6.196596145629883,3.07442045211792,7.716922760009766,9.596855163574219,4.5254740715026855,126.54025816489572
2012-12-17,4.632847785949707,17.415651321411133,6.25540018081665,6.196596145629883,3.0175085067749023,7.752399444580078,9.584596633911133,4.505253314971924,126.57372047076485
2012-12-18,4.6909894943237305,17.755674362182617,6.291749477386475,6.201770305633545,3.038710832595825,7.825436592102051,9.652588844299316,4.646801948547363,126.60709796085301
2012-12-19,4.867746353149414,17.43638801574707,6.513646602630615,6.355221748352051,3.075505495071411,7.888044357299805,9.719465255737305,4.893496990203857,126.64034245263558
2012-12-20,4.895655155181885,17.519315719604492,6.484955310821533,6.293150424957275,3.075505495071411,7.875518798828125,9.434121131896973,5.055267333984375,126.6736425306835
2012-12-21,4.811929225921631,17.370044708251953,6.521303176879883,6.269010543823242,3.0475473403930664,7.821264266967773,9.47202205657959,5.095707416534424,126.70704637021886
2012-12-26,4.665406227111816,17.486148834228516,6.513959884643555,6.234485626220703,3.082216262817383,7.7941389083862305,9.346067428588867,5.055267333984375,126.74059966316815
2012-12-27,4.514235019683838,17.48200035095215,6.405847549438477,6.120649337768555,3.101228713989258,7.883868217468262,9.453505516052246,5.0674004554748535,126.77416184136496
2012-12-28,4.539818286895752,17.53175926208496,6.442529201507568,6.159180164337158,3.0195863246917725,7.808741092681885,9.430967330932617,5.176593780517578,126.80773290716219
2013-01-02,4.5793561935424805,18.28643798828125,6.659823417663574,6.302781581878662,3.1470794677734375,8.061714172363281,9.469281196594238,5.2170329093933105,126.84140670063569
2013-01-03,4.744482517242432,17.975444793701172,6.858769416809082,6.679062843322754,3.2879958152770996,8.009431838989258,9.637166976928711,5.32016134262085,126.87508943618504
2013-01-04,4.75145959854126,17.69762420654297,6.8182148933410645,6.566931247711182,3.2488534450531006,8.042891502380371,9.478293418884277,5.255455017089844,126.90882932871881
2013-01-07,4.670058727264404,17.34930992126465,6.702316761016846,6.533641815185547,3.209709644317627,7.860954284667969,9.587589263916016,5.287806034088135,126.94252996834705
2013-01-08,4.535167694091797,17.21247100830078,6.729360580444336,6.556408882141113,3.081096649169922,7.863045692443848,9.576321601867676,5.348472595214844,126.97619258844406
2013-01-09,4.577030658721924,17.291259765625,6.837525844573975,6.640518665313721,3.104581117630005,7.748027324676514,9.72392749786377,5.3990254402160645,127.00981715400341
2013-01-10,4.6119160652160645,17.473711013793945,6.750604629516602,6.552907466888428,3.0374810695648193,7.714568138122559,9.703642845153809,5.3181376457214355,127.0434976173163
2013-01-11,4.6235456466674805,17.112951278686523,6.76799201965332,6.530134201049805,3.075505495071411,7.570274353027344,9.588715553283691,5.253429889678955,127.07723401810857
2013-01-14,4.58633279800415,17.108810424804688,6.856842994689941,6.640518665313721,3.036362886428833,7.528448104858398,9.633785247802734,5.439466953277588,127.11102766695102
2013-01-15,4.609589576721191,17.06734275817871,6.766060829162598,6.535388946533203,3.0195863246917725,7.538902759552002,9.664206504821777,5.3990254402160645,127.14487733361872
2013-01-16,4.614241123199463,16.959529876708984,6.825934410095215,6.568684101104736,3.075505495071411,7.415521621704102,9.903080940246582,5.43137788772583,127.17873601445267
2013-01-17,4.5840067863464355,16.992700576782227,6.941829681396484,6.677313327789307,3.0341246128082275,7.434340953826904,9.999984741210938,5.421266555786133,127.21260371185332
2013-01-18,4.553773880004883,16.839279174804688,6.96500301361084,6.701842308044434,3.0195863246917725,7.413431167602539,10.107025146484375,5.29791784286499,127.24638501876899
2013-01-21,4.509584903717041,16.826847076416016,6.914787769317627,6.67380952835083,2.9759702682495117,7.457348823547363,10.084490776062012,5.243323802947998,127.28022364993706
2013-01-22,4.553773880004883,17.0300235748291,6.914787769317627,6.67380952835083,3.0195863246917725,7.695747375488281,10.084490776062012,5.243323802947998,127.3140712798123
2013-01-23,4.546794891357422,16.938798904418945,6.895466327667236,6.630001068115234,3.055375099182129,7.787764549255371,10.140826225280762,5.156371116638184,127.34792791078775
2013-01-24,4.5607500076293945,16.586339950561523,6.903194427490234,6.614234447479248,3.0050477981567383,7.612100124359131,10.268150329589844,5.136150360107422,127.38179354525707
2013-01-28,4.504932880401611,16.08460235595703,6.721632480621338,6.410987854003906,2.9088680744171143,7.570274353027344,9.971813201904297,4.99662446975708,127.41571531687819
2013-01-29,4.444463729858398,16.271202087402344,6.71198034286499,6.337400436401367,2.8574233055114746,7.653922080993652,10.092378616333008,5.059308052062988,127.44969326568174
2013-01-30,4.232822418212891,16.068016052246094,6.584503650665283,6.2725725173950195,2.8428854942321777,7.568183422088623,10.197165489196777,5.014824867248535,127.4836802753849
2013-01-31,4.204914569854736,16.694150924682617,6.630853652954102,6.412738800048828,2.8249917030334473,7.653922080993652,10.144207000732422,4.933938026428223,127.51767634840394
2013-02-01,4.293290615081787,16.938798904418945,6.598967552185059,6.375944137573242,2.846240758895874,7.6330108642578125,10.090124130249023,4.913720607757568,127.55168148715576
2013-02-04,4.186307430267334,16.77293586730957,6.44437837600708,6.293668270111084,2.7735464572906494,7.714568138122559,10.217447280883789,4.822725772857666,127.58574288818009
2013-02-05,4.204914569854736,16.46194076538086,6.606701374053955,6.274381637573242,2.684077262878418,7.902779579162598,10.1555757522583,4.86518669128418,127.61981338496096
2013-02-06,4.093278408050537,16.648540496826172,6.46950626373291,6.183565139770508,2.7634809017181396,8.049168586730957,10.149942398071289,4.838901996612549,127.65389297992729
2013-02-07,4.070022106170654,16.184120178222656,6.428921699523926,6.130860805511475,2.7399959564208984,8.007342338562012,10.016980171203613,4.782281875610352,127.68793444356825
2013-02-08,4.1258392333984375,16.312664031982422,6.544865131378174,6.253828525543213,2.7959136962890625,7.84213399887085,10.231066703796387,4.816656589508057,127.72198498504632
2013-02-13,4.139793872833252,16.2172908782959,6.527474880218506,6.199375152587891,2.7567715644836426,8.019888877868652,10.157828330993652,4.824744701385498,127.7560446067823
2013-02-14,4.109557628631592,15.997523307800293,6.496551036834717,6.116809368133545,2.7959136962890625,7.9278717041015625,10.14093017578125,4.812610626220703,127.79006604146107
2013-02-15,4.10025691986084,15.88142204284668,6.798000812530518,6.3873419761657715,2.8406484127044678,7.852592468261719,10.069940567016602,4.933938026428223,127.82409653604793
2013-02-18,4.163050174713135,15.773608207702637,6.869499206542969,6.490982532501221,2.82275390625,7.800313949584961,10.087972640991211,4.86923360824585,127.85813609295549
2013-02-19,4.209564685821533,15.611891746520996,6.736168384552002,6.352203845977783,2.8350558280944824,7.687380313873291,10.129660606384277,4.9602251052856445,127.8921374070867
2013-02-20,4.097930908203125,15.110158920288086,6.618296146392822,6.208157539367676,2.7892038822174072,7.6330108642578125,10.197265625,4.913720607757568,127.92624240336905
2013-02-21,4.028158187866211,15.217962265014648,6.569981575012207,6.139643669128418,2.828346014022827,7.549360275268555,9.993321418762207,5.113908290863037,127.96035649443075
2013-02-22,3.988621473312378,14.811601638793945,6.782546043395996,6.26612663269043,2.8182802200317383,7.695747375488281,10.139801979064941,5.200855255126953,127.99452702802903
2013-02-25,3.9421072006225586,14.877948760986328,6.796065807342529,6.250320911407471,2.7959136962890625,7.708294868469238,9.788249015808105,5.138172149658203,128.02889611842662
2013-02-26,3.8932666778564453,15.17650032043457,6.672398567199707,6.113296985626221,2.7646002769470215,7.894412517547607,9.881772994995117,5.134128093719482,128.06317969622918
2013-02-27,3.9095470905303955,15.342363357543945,6.697516918182373,6.148433208465576,2.757380723953247,7.9466962814331055,9.553882598876953,5.287806034088135,128.09747245448824
2013-02-28,3.8630311489105225,15.674095153808594,6.7728776931762695,6.204647541046143,2.98744535446167,7.850502967834473,9.90990924835205,5.326226234436035,128.1317743956621
2013-03-01,3.930478096008301,15.238700866699219,6.804778575897217,6.274909496307373,3.0336833000183105,7.860954284667969,9.933748245239258,5.368690013885498,128.16608552220976
2013-03-04,3.837449550628662,14.778428077697754,6.7757768630981445,6.350608825683594,2.981806755065918,7.925785064697266,9.855414390563965,5.415930271148682,128.20045325804253
2013-03-05,3.8514034748077393,14.699642181396484,6.769979000091553,6.366431713104248,3.014512300491333,7.84213399887085,9.838383674621582,5.387341499328613,128.23483020958366
2013-03-06,4.197936534881592,15.508230209350586,6.960036754608154,6.357640266418457,3.0393226146698,7.758483409881592,10.10404109954834,5.444523334503174,128.26921637930434
2013-03-07,4.407251834869385,15.499931335449219,7.004992485046387,6.422679424285889,3.0122568607330322,7.64764404296875,9.950777053833008,5.469029426574707,128.30361176967645
2013-03-08,4.272359848022461,15.06868839263916,7.212170124053955,6.517592430114746,3.023533582687378,7.712477684020996,9.990510940551758,5.569097995758057,128.33801638317246
2013-03-11,4.4026007652282715,15.205527305603027,7.1730804443359375,6.517592430114746,2.93556809425354,7.75430154800415,9.939423561096191,5.493537902832031,128.3724302222656
2013-03-12,4.35841178894043,15.047953605651855,7.065582275390625,6.466620445251465,2.952484607696533,7.73757266998291,9.803190231323242,5.4842400550842285,128.40685328942968
2013-03-13,4.3607378005981445,14.454996109008789,7.05580997467041,6.487706184387207,2.933311939239502,7.748027324676514,9.710097312927246,5.42855167388916,128.44128558713922
2013-03-14,4.486326217651367,14.513049125671387,6.948309421539307,6.466620445251465,2.9671452045440674,7.699930191040039,9.786160469055176,5.4491753578186035,128.47572711786938
2013-03-15,4.439812183380127,14.40108585357666,6.954174041748047,6.510560512542725,2.922034978866577,7.6936540603637695,9.559103012084961,5.434741497039795,128.510177884096
2013-03-18,4.465396404266357,14.513049125671387,7.085129737854004,6.391037940979004,2.8701579570770264,7.762663841247559,9.68852710723877,5.35017728805542,128.54463788829563
2013-03-19,4.442136764526367,13.924236297607422,7.0010833740234375,6.310180187225342,2.9547407627105713,7.68947696685791,9.522772789001465,5.438867568969727,128.57910713294535
2013-03-20,4.383994102478027,14.243518829345703,7.061675071716309,6.366431713104248,2.907374620437622,7.5807318687438965,9.59316349029541,5.531676769256592,128.61358562052305
2013-03-21,4.309571266174316,14.363770484924316,6.983492374420166,6.308423042297363,2.9242894649505615,7.627503871917725,9.5375337600708,5.527554035186768,128.6480733535072
2013-03-22,4.332828998565674,14.392794609069824,6.897494316101074,6.297874450683594,2.9547407627105713,7.669410705566406,9.479632377624512,5.486301422119141,128.68257033437692
2013-03-25,4.323526382446289,14.202054977416992,6.840808868408203,6.2082390785217285,2.934441089630127,7.543683052062988,9.254846572875977,5.453301429748535,128.71707656561208
2013-03-26,4.323526382446289,14.28498649597168,6.91312837600708,6.307016849517822,2.937823534011841,7.6484575271606445,9.282093048095703,5.496616363525391,128.75159204969313
2013-03-27,4.283987998962402,14.5669527053833,6.92876672744751,6.444296836853027,2.942878007888794,7.669410705566406,9.300260543823242,5.548178195953369,128.78611678910124
2013-03-28,4.283987998962402,14.5669527053833,6.92876672744751,6.444296836853027,2.9440102577209473,7.564637660980225,9.300260543823242,5.548178195953369,128.82074608804464
2013-04-01,4.1932854652404785,14.098387718200684,6.9199676513671875,6.5312981605529785,2.9078290462493896,7.501772403717041,9.383133888244629,5.68430233001709,128.85543236213633
2013-04-02,4.116535663604736,13.787392616271973,6.796781063079834,6.461783409118652,2.890871286392212,7.459866523742676,9.313880920410156,5.686368465423584,128.89012797585414
2013-04-03,4.186307430267334,14.658174514770508,6.808506965637207,6.539170742034912,2.8987865447998047,7.417954444885254,9.060713768005371,5.579115390777588,128.9247852423656
2013-04-04,4.118861675262451,14.17717456817627,6.614936351776123,6.411478519439697,2.80946946144104,7.459866523742676,9.117475509643555,5.453301429748535,128.95945182786943
2013-04-05,4.139793872833252,14.330597877502441,6.612978935241699,6.444368362426758,2.871652126312256,7.438907623291016,9.126559257507324,5.482179164886475,128.99412773487146
2013-04-08,4.0397868156433105,14.388651847839355,6.609070301055908,6.318619728088379,2.945139169692993,7.457766532897949,9.089095115661621,5.572927951812744,129.0288129658781
2013-04-09,4.221193790435791,15.006486892700195,6.765491008758545,6.521763801574707,2.9734034538269043,7.390715599060059,9.122020721435547,5.690494537353516,129.0635075233965
2013-04-10,4.283987998962402,14.513049125671387,6.8671722412109375,6.6745924949646,2.9462687969207764,7.30270528793335,9.154942512512207,5.812180519104004,129.09821140993446
2013-04-11,4.183980941772461,14.156440734863281,6.892590045928955,6.666855812072754,3.0163652896881104,7.130878448486328,8.990326881408691,5.841058254241943,129.1329246280005
2013-04-12,4.177004814147949,14.33889102935791,6.765491008758545,6.616556644439697,2.964360237121582,7.093156814575195,8.88928508758545,5.847245216369629,129.16764718010373
2013-04-15,4.007226467132568,13.459816932678223,6.618839740753174,6.419218063354492,2.8264293670654297,6.9569549560546875,8.638388633728027,5.74411678314209,129.202379068754
2013-04-16,4.116535663604736,13.766660690307617,6.785045623779297,6.5372314453125,2.8377349376678467,7.017719268798828,8.825709342956543,5.805995941162109,129.23707249158156
2013-04-17,3.993272542953491,13.522378921508789,6.618839740753174,6.297337055206299,2.7472894191741943,6.977907657623291,8.822303771972656,5.692554473876953,129.271775230287
2013-04-18,4.144444942474365,13.289092063903809,6.392021656036377,6.177385330200195,2.724677801132202,6.959048271179199,8.866579055786133,5.533742427825928,129.3076378061714
2013-04-19,4.277010440826416,13.372407913208008,6.532808780670166,6.2489705085754395,2.803818464279175,7.290132522583008,8.951727867126465,5.486301422119141,129.3435103310516
2013-04-22,4.3700408935546875,13.493217468261719,6.499565601348877,6.225754737854004,2.758596181869507,7.264985084533691,8.917667388916016,5.488368034362793,129.37939280768762
2013-04-23,4.446791172027588,13.913969993591309,6.540629863739014,6.297337055206299,2.8671295642852783,7.520629405975342,9.100449562072754,5.5234293937683105,129.4152852388403
2013-04-24,4.521212100982666,13.988957405090332,6.587559223175049,6.285727024078369,2.893132209777832,7.587690830230713,8.869985580444336,5.403800964355469,129.45118762727128
2013-04-25,4.458417892456055,14.209748268127441,6.583644390106201,6.237360954284668,2.9067001342773438,7.382332801818848,8.82116985321045,5.288301467895508,129.48709997574284
2013-04-26,4.458417892456055,14.209748268127441,6.583644390106201,6.237360954284668,2.9067001342773438,7.382332801818848,8.82116985321045,5.288301467895508,129.52297437679113
2013-04-29,4.749134063720703,13.997285842895508,6.413530349731445,6.169646739959717,2.868259906768799,7.399095058441162,8.730345726013184,5.150111675262451,129.5588587168422
2013-04-30,4.857947826385498,14.284730911254883,6.581692695617676,6.374722003936768,2.963228464126587,7.482101917266846,9.286635398864746,5.20786190032959,129.5947529986497
2013-05-02,4.896636962890625,13.951461791992188,6.502466678619385,6.363113880157471,2.984708786010742,7.378407955169678,9.077742576599121,5.1480512619018555,129.630657224968
2013-05-03,4.8289313316345215,14.080604553222656,6.5924506187438965,6.3496904373168945,3.0909836292266846,7.301342964172363,9.286635398864746,5.112987518310547,129.66657139855215
2013-05-06,4.915982723236084,14.093104362487793,6.582674026489258,6.291618347167969,3.1656010150909424,7.250698089599609,9.26506519317627,5.026360034942627,129.70254349878954
2013-05-07,4.986107349395752,14.51801872253418,6.77633810043335,6.465843677520752,3.206301212310791,7.398220539093018,9.286635398864746,5.240863800048828,129.73852557840698
2013-05-08,4.90631103515625,14.5638427734375,6.846765518188477,6.523918628692627,3.239088535308838,7.411432266235352,9.25825309753418,5.251176834106445,129.77446963691847
2013-05-09,4.908728122711182,14.64299488067627,6.846765518188477,6.514242172241211,3.139597177505493,7.316752910614014,9.540939331054688,5.214052200317383,129.81047167028515
2013-05-10,4.826513290405273,14.263901710510254,6.782201290130615,6.487139701843262,3.1452507972717285,7.367396831512451,9.563645362854004,5.242927074432373,129.84643566146138
2013-05-13,4.712862014770508,13.930633544921875,6.653095722198486,6.330337047576904,3.196125030517578,7.396017074584961,9.61927604675293,5.183115482330322,129.8823615732802
2013-05-14,4.727370738983154,13.659852981567383,6.7528605461120605,6.41745138168335,3.19386625289917,7.3211565017700195,9.774806022644043,5.209925651550293,129.9182974250803
2013-05-15,4.732207298278809,13.372407913208008,6.8663225173950195,6.465843677520752,3.19386625289917,7.314550876617432,9.820223808288574,5.0903000831604,129.9542432196119
2013-05-16,4.775732517242432,13.059969902038574,6.801770210266113,6.479395389556885,3.1972579956054688,7.310145854949951,9.720311164855957,5.191362380981445,129.9901989596259
2013-05-17,4.809586048126221,13.23493480682373,6.8721923828125,6.599422454833984,3.1836893558502197,7.354183673858643,9.823623657226562,5.370802402496338,130.02616464787405
2013-05-20,4.884548187255859,13.701510429382324,6.320535182952881,6.727187156677246,3.17464542388916,7.431246280670166,9.75210189819336,5.480116844177246,130.06214028710883
2013-05-21,4.896636962890625,13.809822082519531,7.064484119415283,6.762031078338623,3.2334353923797607,7.7020745277404785,9.705558776855469,5.414113521575928,130.09812588008347
2013-05-22,4.816841125488281,13.589033126831055,7.1570143699646,6.787203788757324,3.2221291065216064,7.81657600402832,9.626087188720703,5.523467540740967,130.13412142955198
2013-05-23,4.802331447601318,13.334914207458496,7.096765518188477,6.694275856018066,3.1644692420959473,7.739511013031006,9.573861122131348,5.517257213592529,130.17012693826914
2013-05-24,4.857947826385498,13.205775260925293,7.075250625610352,6.643948078155518,3.116985559463501,7.752722263336182,9.519366264343262,5.525538921356201,130.2061424089904
2013-05-27,4.819258213043213,13.26826000213623,7.045119285583496,6.620713233947754,3.1418588161468506,7.686664581298828,9.510285377502441,5.552452087402344,130.2421678444721
2013-05-28,4.845857620239258,13.039139747619629,7.068788528442383,6.659437656402588,3.1712541580200195,7.647034645080566,9.638575553894043,5.54624080657959,130.2782032474713
2013-05-29,4.7999138832092285,12.9349946975708,6.8966474533081055,6.516176223754883,3.1429905891418457,7.486295223236084,9.437628746032715,5.355776309967041,130.31424862074584
2013-05-31,4.850694179534912,12.685037612915039,6.967652320861816,6.645884990692139,3.2006475925445557,7.224276065826416,9.315017700195312,5.258474349975586,130.35270956808375
2013-06-03,4.90631103515625,13.164115905761719,6.914913654327393,6.454227924346924,3.1825594902038574,7.189046859741211,9.102718353271484,5.2853875160217285,130.3911818667857
2013-06-04,4.853113174438477,13.330750465393066,6.949352741241455,6.37106466293335,3.194995641708374,7.400424003601074,9.031195640563965,5.183944225311279,130.42966552020187
2013-06-05,4.69593620300293,12.880838394165039,6.708238124847412,6.19091796875,3.2006475925445557,7.156020164489746,8.918802261352539,5.061798572540283,130.46816053168348
2013-06-06,4.705607891082764,13.030804634094238,6.770670413970947,6.194794654846191,3.148642063140869,7.200056076049805,8.971026420593262,5.04316520690918,130.5066669045828
2013-06-07,4.555685997009277,12.818353652954102,6.727618217468262,6.045634746551514,3.148642063140869,7.034916877746582,8.855228424072266,4.906528949737549,130.54518464225302
2013-06-10,4.565358638763428,12.689207077026367,6.714694976806641,6.173486232757568,3.1350760459899902,6.957852840423584,8.864310264587402,4.9562177658081055,130.58371374804832
2013-06-11,4.4807257652282715,12.376766204833984,6.4951019287109375,5.937154769897461,3.0988967418670654,6.847757339477539,8.645196914672852,4.8340678215026855,130.62225422532393
2013-06-12,4.381584644317627,12.243460655212402,6.480032920837402,5.917784690856934,3.0751545429229736,6.8521623611450195,8.652010917663574,4.681507587432861,130.660806077436
2013-06-13,4.546014308929443,12.86833667755127,6.462813854217529,5.836432456970215,3.116985559463501,6.995283126831055,8.592974662780762,4.779999256134033,130.69936930774168
2013-06-14,4.437200546264648,12.530902862548828,6.325033664703369,5.739574432373047,3.139597177505493,6.8521623611450195,8.707640647888184,4.803050994873047,130.73794391959916
2013-06-17,4.374330043792725,12.66421127319336,6.359474182128906,5.766695976257324,3.144120216369629,6.759686470031738,8.8609037399292,4.815627574920654,130.7765299163676
2013-06-18,4.311459541320801,12.926661491394043,6.320724964141846,5.7240800857543945,3.148642063140869,6.759686470031738,8.81549072265625,4.73599100112915,130.8151273014071
2013-06-19,4.159118175506592,12.793351173400879,6.24322509765625,5.600102424621582,3.1316840648651123,6.552709579467773,8.764404296875,4.587206840515137,130.8537360780788
2013-06-20,4.084157466888428,12.893333435058594,6.314265251159668,5.611728191375732,3.064979314804077,6.627573013305664,8.6565523147583,4.432135581970215,130.8923562497449
2013-06-21,3.9680898189544678,12.685037612915039,6.148499965667725,5.501315593719482,3.1542952060699463,6.497664451599121,8.833656311035156,4.425846576690674,130.93098781976843
2013-06-24,3.847184896469116,12.03516674041748,5.941828727722168,5.394773960113525,3.1034200191497803,6.572529315948486,8.62930679321289,4.41536808013916,130.96963079151357
2013-06-25,3.8931291103363037,12.247628211975098,5.9655046463012695,5.439327239990234,3.086461305618286,6.858768463134766,8.649739265441895,4.453092575073242,131.00828516834534
2013-06-26,3.905219078063965,11.8518705368042,5.9956488609313965,5.474193572998047,3.151045560836792,7.019504070281982,8.877931594848633,4.463569164276123,131.04695095362993
2013-06-27,3.9608352184295654,11.8518705368042,6.11620569229126,5.489692687988281,3.1725738048553467,7.116384029388428,9.002812385559082,4.509669780731201,131.08562815073438
2013-06-28,3.9100563526153564,12.043499946594238,6.189404010772705,5.610036373138428,3.1895692348480225,6.9666595458984375,9.409247398376465,4.622832298278809,131.12431676302677
2013-07-01,3.8979647159576416,12.28511905670166,6.1387834548950195,5.6197896003723145,3.192969560623169,6.72703218460083,9.396757125854492,4.641692638397217,131.1630167938762
2013-07-02,3.7214443683624268,11.872697830200195,5.873846530914307,5.334820747375488,3.1306512355804443,6.621092319488525,9.21851921081543,4.379744052886963,131.20172824665275
2013-07-03,3.844766616821289,11.826874732971191,5.807076454162598,5.291864395141602,3.1499125957489014,6.676270961761475,9.122020721435547,4.254012107849121,131.24045112472746
2013-07-04,3.8592758178710938,12.276785850524902,5.880309581756592,5.28405237197876,3.183903932571411,6.797657489776611,9.10499095916748,4.318975448608398,131.2791854314724
2013-07-05,3.663410186767578,11.956014633178711,5.772613048553467,5.100493907928467,3.19183611869812,6.69392728805542,9.250306129455566,4.283348083496094,131.31793117026064
2013-07-08,3.6271393299102783,11.82270622253418,5.791998863220215,5.104402542114258,3.144247531890869,6.855040073394775,9.20829963684082,4.277063846588135,131.35668834446622
2013-07-10,3.687591314315796,12.10181713104248,5.81353759765625,5.1024489402771,3.1669082641601562,6.830761909484863,9.286635398864746,4.3043036460876465,131.3954569574642
2013-07-11,3.810913324356079,12.697537422180176,5.9600090980529785,5.344586372375488,3.1952362060546875,7.02939510345459,9.301392555236816,4.436327934265137,131.4366533750841
2013-07-12,3.7311174869537354,12.430923461914062,5.897541522979736,5.330917835235596,3.23602557182312,6.841795444488525,9.305935859680176,4.400702476501465,131.47786270901676
2013-07-15,3.7480437755584717,12.551732063293457,6.005237579345703,5.473465442657471,3.2371582984924316,6.88593864440918,9.424002647399902,4.524341106414795,131.5190849633119
2013-07-16,3.808497428894043,13.009981155395508,6.039702415466309,5.453940391540527,3.217895269393921,6.841795444488525,9.287771224975586,4.652171611785889,131.56032014202043
2013-07-17,3.8834567070007324,13.264094352722168,6.117245674133301,5.584773540496826,3.1952362060546875,6.9742207527160645,9.20943546295166,4.694080829620361,131.60156824919454
2013-07-18,3.8931291103363037,13.184942245483398,6.125865936279297,5.510566711425781,3.190702438354492,7.051464557647705,9.10499095916748,4.733898162841797,131.6428292888877
2013-07-19,3.8641114234924316,12.885004043579102,6.128011703491211,5.422695636749268,3.1725738048553467,7.091195106506348,9.0913667678833,4.677318572998047,131.68410326515462
2013-07-22,3.9414901733398438,13.08496379852295,6.229252815246582,5.621874809265137,3.20656418800354,7.086780548095703,9.21851921081543,4.7695231437683105,131.72539018205134
2013-07-23,3.9680898189544678,13.339080810546875,6.313256740570068,5.701933860778809,3.1895692348480225,7.241269111633301,9.285500526428223,4.828198432922363,131.7666900436351
2013-07-24,3.9632532596588135,13.293256759643555,6.237868785858154,5.617967128753662,3.1635069847106934,7.084571361541748,9.19581127166748,4.79047966003418,131.80800285396447
2013-07-25,4.072067737579346,13.439061164855957,6.246485233306885,5.629683017730713,3.144247531890869,7.1242995262146,9.200355529785156,4.733898162841797,131.84932861709925
2013-07-26,4.072067737579346,13.439061164855957,6.246485233306885,5.629683017730713,3.144247531890869,7.1242995262146,9.200355529785156,4.733898162841797,131.89066733710058
2013-07-29,4.033379554748535,13.264094352722168,6.244330406188965,5.51837682723999,3.1691741943359375,7.164023399353027,9.2105712890625,4.754851818084717,131.93201901803076
2013-07-30,3.9801809787750244,12.939159393310547,6.293870449066162,5.496896743774414,3.144247531890869,7.216992378234863,9.317289352416992,4.807241439819336,131.97338366395346
2013-07-31,3.939073324203491,12.92249584197998,6.272327899932861,5.409022331237793,3.193866491317749,7.172853946685791,9.762319564819336,4.750661849975586,132.0147612789336
2013-08-01,4.096249580383301,13.051641464233398,6.480297088623047,5.553528308868408,3.2132575511932373,7.179474353790283,9.979161262512207,4.851250648498535,132.05619939235146
2013-08-02,4.06481409072876,13.018306732177734,6.44365930557251,5.5106682777404785,3.2029917240142822,7.02939510345459,9.878117561340332,4.779999256134033,132.0976505127787
2013-08-05,4.026124477386475,13.143284797668457,6.342374324798584,5.3973259925842285,3.2041311264038086,7.073536396026611,9.808866500854492,4.654265880584717,132.13906708914396
2013-08-06,3.936655282974243,13.043304443359375,6.195825576782227,5.2878923416137695,3.1368331909179688,7.1287102699279785,9.718045234680176,4.488716125488281,132.1804966508484
2013-08-07,3.929401397705078,13.330750465393066,6.184379577636719,5.303525924682617,3.085503578186035,7.122089862823486,9.66809368133545,4.46776008605957,132.22193920196335
2013-08-08,4.026124477386475,13.822320938110352,6.36281681060791,5.47549295425415,3.085503578186035,7.221406936645508,9.763459205627441,4.6333112716674805,132.26339474656132
2013-08-09,4.13010311126709,14.476360321044922,6.393284797668457,5.532162666320801,3.0569868087768555,7.283203125,9.670357704162598,4.73599100112915,132.3048632887162
2013-08-12,4.014033794403076,14.788804054260254,6.560840129852295,5.627913475036621,3.045578956604004,7.2611308097839355,9.611326217651367,4.8093390464782715,132.3463448325031
2013-08-13,3.958418369293213,14.834625244140625,6.606537342071533,5.754929542541504,3.0467209815979004,7.382518768310547,9.785025596618652,4.89106559753418,132.38783938199842
2013-08-14,4.098666667938232,14.90544319152832,6.541254997253418,5.696309566497803,2.9885456562042236,7.179474353790283,9.729395866394043,4.918310165405273,132.42934694127985
2013-08-15,4.311459541320801,15.059586524963379,6.486854076385498,5.622051239013672,3.011359214782715,7.040428638458252,9.837250709533691,4.861727714538574,132.47086751442632
2013-08-16,4.299368858337402,15.247038841247559,6.354114532470703,5.569291114807129,3.0912058353424072,6.941112518310547,9.899688720703125,4.851250648498535,132.5124011055181
2013-08-19,4.311459541320801,15.167893409729004,6.297536849975586,5.5595197677612305,3.166490077972412,6.896975040435791,9.859957695007324,4.7192301750183105,132.5539477186367
2013-08-20,4.142192840576172,14.738808631896973,6.230074405670166,5.485262393951416,3.1995699405670166,6.731445789337158,9.422868728637695,4.673125267028809,132.5955073578649
2013-08-21,4.1929731369018555,14.584674835205078,6.184379577636719,5.393418788909912,3.2223832607269287,6.841795444488525,9.349074363708496,4.606067657470703,132.6370800272868
2013-08-22,4.4154372215271,15.105406761169434,6.188736438751221,5.373876571655273,3.2007105350494385,6.86386775970459,9.422868728637695,4.599782466888428,132.67866573098775
2013-08-23,4.485562801361084,15.04708194732666,6.399813652038574,5.481351375579834,3.2166802883148193,7.027189254760742,9.33999252319336,4.8324666023254395,132.72026447305436
2013-08-26,4.398509979248047,14.955431938171387,6.291009902954102,5.414914131164551,3.1881628036499023,7.062501430511475,9.216249465942383,4.73686408996582,132.76187625757458
2013-08-27,4.219572067260742,14.692984580993652,6.114745140075684,5.256628036499023,3.183601140975952,6.80206823348999,9.19581127166748,4.73686408996582,132.8035010886376
2013-08-28,4.149448871612549,14.513855934143066,6.136504650115967,5.227316379547119,3.1893038749694824,6.722618579864502,9.122020721435547,4.8020477294921875,132.84513897033392
2013-08-29,4.086575984954834,14.172252655029297,6.1865553855896,5.31525182723999,3.169912338256836,6.830761909484863,9.394486427307129,4.915036678314209,132.88921964434707
2013-08-30,4.108339309692383,14.305559158325195,6.312767505645752,5.424681663513184,3.193866491317749,6.949942111968994,9.479632377624512,5.0084710121154785,132.93331494520945
2013-09-02,4.086575984954834,14.838789939880371,6.379171848297119,5.467678546905518,3.1813182830810547,7.040428638458252,9.479632377624512,5.051928520202637,132.97742487777455
2013-09-03,4.057560443878174,14.934603691101074,6.3160319328308105,5.407182693481445,3.1505203247070312,7.084571361541748,9.21851921081543,5.004123210906982,133.0215494468975
2013-09-04,4.074486255645752,14.997095108032227,6.331272602081299,5.434558391571045,3.183601140975952,7.036015033721924,9.21851921081543,5.043234825134277,133.06568865743498
2013-09-05,4.241333961486816,14.992927551269531,6.39876651763916,5.497138500213623,3.1653494834899902,7.020565986633301,9.309341430664062,5.121458530426025,133.1098425142453
2013-09-06,4.2945332527160645,14.955431938171387,6.529396057128906,5.6027374267578125,3.193866491317749,7.1066412925720215,9.268467903137207,5.171432018280029,133.15401102218834
2013-09-09,4.393674373626709,15.392847061157227,6.712277412414551,5.767005443572998,3.2143986225128174,7.283203125,9.393351554870605,5.267039775848389,133.19819418612573
2013-09-10,4.434781074523926,15.767775535583496,6.760181903839111,5.837410926818848,3.1790380477905273,7.327343940734863,9.564779281616211,5.356128692626953,133.24239201092055
2013-09-11,4.41301965713501,15.47199821472168,6.7275238037109375,5.8941192626953125,3.193866491317749,7.148575782775879,9.660141944885254,5.2561774253845215,133.28660450143764
2013-09-12,4.316294193267822,15.392847061157227,6.712277412414551,5.780693531036377,3.193866491317749,7.194921493530273,9.587488174438477,5.234994888305664,133.3308316625433
2013-09-13,4.384000778198242,15.205385208129883,6.8102569580078125,5.827630996704102,3.1984291076660156,7.239063739776611,9.592026710510254,5.283425331115723,133.37507349910555
2013-09-16,4.461381912231445,15.159562110900879,6.768889904022217,5.853055477142334,3.168771505355835,7.234650135040283,9.705292701721191,5.314243316650391,133.419330015994
2013-09-17,4.4807257652282715,15.201221466064453,6.877750396728516,5.9136738777160645,3.1642093658447266,7.294240951538086,9.722453117370605,5.400102615356445,133.46360121807993
2013-09-18,4.570196151733398,15.217886924743652,7.0758748054504395,6.109236717224121,3.1710524559020996,7.4045915603637695,9.777368545532227,5.5806193351745605,133.50788711023608
2013-09-19,4.633066177368164,15.155396461486816,7.032329559326172,6.1346611976623535,3.1391141414642334,7.448727607727051,9.967288970947266,5.635655403137207,133.55213963449762
2013-09-20,4.579867362976074,14.901276588439941,6.818963527679443,5.982120037078857,3.1334121227264404,7.280999660491943,9.920380592346191,5.618042945861816,133.59635741240922
2013-09-23,4.6306471824646,15.001253128051758,6.87992525100708,6.0134100914001465,3.148240327835083,7.393555164337158,9.904364585876465,5.7523298263549805,133.6405898303849
2013-09-24,4.538760185241699,14.767971992492676,6.853799819946289,6.0134100914001465,3.1391141414642334,7.43769645690918,9.864320755004883,5.710503578186035,133.68483689327184
2013-09-25,4.546014308929443,14.892946243286133,6.8603315353393555,6.042746543884277,3.146716833114624,7.428865909576416,9.850589752197266,5.668675422668457,133.72963601896316
2013-09-26,4.495234966278076,14.997095108032227,6.858156204223633,6.040788650512695,3.1730260848999023,7.448727607727051,10.040507316589355,5.657668113708496,133.77401018678697
2013-09-27,4.468635082244873,14.647161483764648,7.010557651519775,6.185500144958496,3.1478612422943115,7.43769645690918,10.016483306884766,5.807363033294678,133.81835092020347
2013-09-30,4.439618110656738,14.35555362701416,6.845090866088867,5.941060543060303,3.088381290435791,7.267755508422852,9.688131332397461,5.690690517425537,133.86270635079947
2013-10-01,4.5121612548828125,14.372211456298828,6.915878772735596,6.021233558654785,3.070080041885376,7.300859451293945,9.76134967803955,5.743523597717285,133.90707648344647
2013-10-02,4.5411763191223145,14.376378059387207,6.887569427490234,6.037022113800049,3.128416061401367,7.325136184692383,9.704148292541504,5.7545342445373535,133.9514117773994
2013-10-03,4.4831438064575195,14.180583000183105,6.904992580413818,6.017449855804443,3.1821768283843994,7.272170543670654,9.681265830993652,5.756731033325195,133.99576175032476
2013-10-04,4.514578819274902,14.326390266418457,6.915878772735596,5.988101005554199,3.1753127574920654,7.230233192443848,9.780805587768555,5.778746604919434,134.04076288695097
2013-10-07,4.502488136291504,14.201417922973633,6.885385990142822,6.017449855804443,3.2027652263641357,7.349414825439453,9.701858520507812,5.794155120849609,134.08568128700202
2013-10-08,4.42752742767334,14.001453399658203,6.861432075500488,6.009622573852539,3.2313613891601562,7.470801830291748,9.564570426940918,5.730313301086426,134.1306147396581
2013-10-09,4.369492053985596,13.83065128326416,6.935488224029541,6.109429836273193,3.225642681121826,7.6583967208862305,9.548554420471191,5.829380035400391,134.17575908066104
2013-10-10,4.388838291168213,13.934797286987305,7.057466506958008,6.193571090698242,3.24280047416687,7.548048496246338,9.650375366210938,5.899825096130371,134.22340757622578
2013-10-11,4.376748085021973,14.068105697631836,6.989941120147705,6.174005508422852,3.277116060256958,7.713572978973389,9.690420150756836,5.873409271240234,134.27087836878323
2013-10-14,4.4178547859191895,14.722146034240723,7.040041446685791,6.309027194976807,3.24165678024292,7.790817737579346,9.75792121887207,5.957064151763916,134.31851230559334
2013-10-15,4.454125881195068,14.842955589294434,7.068356513977051,6.324682712554932,3.2588155269622803,7.757713794708252,9.775083541870117,5.954860210418701,134.3661631410189
2013-10-16,4.437200546264648,14.763803482055664,7.148955345153809,6.379474639892578,3.2370803356170654,7.967382431030273,9.690420150756836,6.0869460105896,134.4138308810548
2013-10-17,4.403346061706543,15.092909812927246,7.209943771362305,6.412744045257568,3.2530956268310547,7.918826580047607,9.838006019592285,6.11556339263916,134.46151553169813
2013-10-18,4.3380584716796875,14.945042610168457,7.388561725616455,6.4577531814575195,3.2679641246795654,7.850409984588623,9.884912490844727,6.241049289703369,134.50907053589623
2013-10-21,4.565358638763428,15.133240699768066,7.321035861968994,6.379474639892578,3.319437026977539,7.956347465515137,9.87004280090332,6.1860127449035645,134.55678897375952
2013-10-22,4.485562801361084,15.351394653320312,7.360243320465088,6.4714484214782715,3.3514654636383057,8.01594066619873,9.930680274963379,6.197016716003418,134.60452434021585
2013-10-23,4.432363986968994,14.992091178894043,7.260044097900391,6.340340614318848,3.278259038925171,7.890138626098633,9.6675386428833,6.16399621963501,134.65212992233927
2013-10-24,4.410600662231445,14.992091178894043,7.225193500518799,6.334468841552734,3.3182947635650635,7.890138626098633,9.724742889404297,6.23884391784668,134.69975234112889
2013-10-25,4.471053600311279,15.00064468383789,7.1881608963012695,6.293367862701416,3.345747232437134,7.901171684265137,9.783090591430664,6.311492919921875,134.74739160253938
2013-10-28,4.809586048126221,15.103302955627441,7.273115158081055,6.289453506469727,3.345747232437134,7.945314407348633,9.796819686889648,6.287278652191162,134.79504771252746
2013-10-29,4.76364278793335,15.030587196350098,7.53885555267334,6.357954978942871,3.335451364517212,7.967382431030273,9.713301658630371,6.307089328765869,134.84272067705194
2013-10-30,4.824093818664551,14.979260444641113,7.512720108032227,6.332509517669678,3.3285884857177734,8.011524200439453,9.625205039978027,6.441374778747559,134.8904105020738
2013-10-31,4.90631103515625,15.291507720947266,7.53232479095459,6.303155899047852,3.3285884857177734,8.099804878234863,9.547408103942871,6.5492448806762695,134.93811719355605
2013-11-01,4.802331447601318,15.783402442932129,7.463674068450928,6.309027194976807,3.374342679977417,7.825891971588135,9.656096458435059,6.538241386413574,134.9858407574639
2013-11-04,4.889383792877197,16.21113395690918,7.520337104797363,6.461894989013672,3.37548565864563,7.814483165740967,9.553128242492676,6.580065727233887,135.03338547029546
2013-11-05,4.896636962890625,16.181196212768555,7.396122932434082,6.375730991363525,3.385782480239868,7.793948650360107,9.427278518676758,6.485404968261719,135.0809469293258
2013-11-06,4.935328006744385,16.45494842529297,7.3067803382873535,6.30524206161499,3.3880679607391357,7.663896083831787,9.587450981140137,6.324703216552734,135.12852514045323
2013-11-07,4.836185455322266,15.924551963806152,7.197817802429199,6.250412940979004,3.4486937522888184,7.590890407562256,9.72016716003418,6.293879985809326,135.1761201095782
2013-11-08,4.749134063720703,15.719239234924316,7.00823450088501,6.027182579040527,3.4086573123931885,7.52928352355957,9.867751121520996,6.128772735595703,135.2237318426032
2013-11-11,4.857947826385498,15.804787635803223,7.038739204406738,6.0213093757629395,3.3823490142822266,7.545258045196533,9.867751121520996,6.183809757232666,135.27136034543275
2013-11-12,4.727370738983154,15.308616638183594,7.0278449058532715,5.972351551055908,3.3182947635650635,7.465399742126465,9.759060859680176,5.85579776763916,135.31900562397362
2013-11-13,4.821676731109619,15.197402954101562,7.1694865226745605,6.052638530731201,3.385782480239868,7.472244739532471,9.741902351379395,5.818373680114746,135.3666676841345
2013-11-14,4.944999694824219,15.347113609313965,7.3220319747924805,6.166214942932129,3.440685749053955,7.645644187927246,9.99360179901123,5.91743803024292,135.4143465318262
2013-11-18,5.184390544891357,15.505374908447266,7.422274589538574,6.201457500457764,3.454411029815674,7.7802605628967285,10.096570014953613,5.9460554122924805,135.46204217296162
2013-11-19,5.104593276977539,15.227349281311035,7.223973751068115,5.997809410095215,3.4486937522888184,7.643364429473877,9.936400413513184,5.745724201202393,135.50975461345578
2013-11-21,5.0538129806518555,14.979260444641113,7.149877548217773,5.972351551055908,3.4658498764038086,7.586326599121094,9.879192352294922,5.613640785217285,135.55748385922573
2013-11-22,4.998197555541992,15.111858367919922,7.043096542358398,5.933193206787109,3.5001654624938965,7.673024654388428,9.98788070678711,5.440732002258301,135.6052299161906
2013-11-25,4.9232354164123535,14.820996284484863,6.938501358032227,5.880318641662598,3.511604070663452,7.7802605628967285,9.947836875915527,5.297265529632568,135.65299279027167
2013-11-26,4.6137213706970215,14.34621524810791,6.973363399505615,5.854864120483398,3.666022539138794,7.7802605628967285,10.067965507507324,5.462803363800049,135.70077248739224
2013-11-27,4.587121486663818,14.645627975463867,7.1585917472839355,5.991940021514893,3.6145501136779785,7.643364429473877,10.05080509185791,5.606269359588623,135.74856901347775
2013-11-28,4.5121612548828125,15.056253433227539,7.093214988708496,6.011519908905029,3.6031105518341064,7.7004008293151855,9.98788070678711,5.6217193603515625,135.79879326904137
2013-11-29,4.62339448928833,15.342833518981934,7.178206443786621,6.070261001586914,3.6031105518341064,7.709528923034668,10.045085906982422,5.6768999099731445,135.84903610657506
2013-12-02,4.197809219360352,15.146074295043945,7.0245041847229,5.935152530670166,3.625988245010376,7.757443904876709,10.016483306884766,5.4981207847595215,135.89929753295377
2013-12-03,4.234079837799072,15.004928588867188,6.867534637451172,5.802034854888916,3.6522960662841797,7.438019275665283,9.816269874572754,5.3833441734313965,135.94957755505504
2013-12-04,4.221989631652832,15.163187026977539,6.839189529418945,5.725614547729492,3.639714002609253,7.328502178192139,9.53024673461914,5.268569469451904,135.99987617975887
2013-12-05,4.26309871673584,15.240177154541016,6.7803263664245605,5.686427116394043,3.6717424392700195,7.472244739532471,9.638934135437012,5.473839282989502,136.05019341394785
2013-12-06,4.166372299194336,15.210234642028809,6.852273464202881,5.682513236999512,3.6614484786987305,7.504185676574707,9.576009750366211,5.480460166931152,136.10048028643752
2013-12-09,4.219572067260742,15.201683044433594,6.917677402496338,5.709939956665039,3.6740293502807617,7.5657877922058105,9.724742889404297,5.53122615814209,136.15122807252195
2013-12-10,4.183300971984863,15.150349617004395,6.874067306518555,5.641355991363525,3.660304307937622,7.472244739532471,9.610330581665039,5.429696083068848,136.20160130388422
2013-12-11,4.057560443878174,14.842388153076172,6.690937519073486,5.517909049987793,3.625988245010376,7.365011215209961,9.650375366210938,5.281814098358154,136.25199317233464
2013-12-12,4.076904773712158,14.77822494506836,6.74762487411499,5.56493616104126,3.5859532356262207,7.412922382354736,9.49592399597168,5.324141025543213,136.30240368476854
2013-12-13,4.163956165313721,14.611406326293945,6.7737836837768555,5.5904107093811035,3.5516393184661865,7.365011215209961,9.307148933410645,5.366625785827637,136.35283284808384
2013-12-16,4.1929731369018555,14.70978832244873,6.795588493347168,5.627640724182129,3.5699381828308105,7.451709270477295,9.444439888000488,5.375570297241211,136.4036747288679
2013-12-17,4.062395095825195,14.65845775604248,6.804305553436279,5.619802951812744,3.5527830123901367,7.399233341217041,9.438719749450684,5.38004207611084,136.4541413604441
2013-12-18,4.072067737579346,14.701231002807617,6.845728397369385,5.651156425476074,3.555614471435547,7.506465435028076,9.553128242492676,5.411349296569824,136.50462666366468
2013-12-19,4.171209812164307,15.0177583694458,6.998345375061035,5.749131202697754,3.6014952659606934,7.460835933685303,9.741902351379395,5.456069469451904,136.5551306454377
2013-12-20,4.08899450302124,14.735453605651855,6.8326520919799805,5.658990859985352,3.5785539150238037,7.4836530685424805,9.696138381958008,5.478430271148682,136.60565331267392
2013-12-23,4.125265121459961,14.782504081726074,6.905854225158691,5.621763229370117,3.538409948348999,7.536131381988525,9.764786720275879,5.482904434204102,136.65619467228657
2013-12-26,4.0914130210876465,14.846664428710938,6.954131603240967,5.6940226554870605,3.579700469970703,7.538408279418945,9.690420150756836,5.467251777648926,136.70675473119144
2013-12-27,4.093831539154053,15.184576034545898,6.934380054473877,5.729734420776367,3.571671962738037,7.561225414276123,9.78194522857666,5.429237365722656,136.7573334963069
2013-12-30,4.13010311126709,15.274396896362305,7.03751802444458,5.771395683288574,3.5739681720733643,7.572633743286133,9.907790184020996,5.456069469451904,136.80793097455387
2014-01-02,4.050305366516113,14.889435768127441,6.9200639724731445,5.697990894317627,3.4867985248565674,7.490434646606445,9.947836875915527,5.366625785827637,136.85854717285585
2014-01-03,3.9898524284362793,14.568636894226074,6.906889915466309,5.676166534423828,3.454681873321533,7.639098644256592,9.736180305480957,5.422529220581055,136.9091820981389
2014-01-06,4.018869876861572,14.58146858215332,6.91786527633667,5.723783016204834,3.473034143447876,7.481285572052002,9.610330581665039,5.342029571533203,136.95983575733158
2014-01-07,3.9076380729675293,14.22216796875,6.865180969238281,5.598785877227783,3.4707393646240234,7.430967807769775,9.913518905639648,5.2503485679626465,137.01050815736508
2014-01-08,3.9148924350738525,14.320547103881836,6.972754001617432,5.594819068908691,3.411097764968872,7.456125736236572,10.010762214660645,5.145253658294678,137.06119930517315
2014-01-09,3.7964067459106445,13.811546325683594,6.755406379699707,5.434118747711182,3.3491597175598145,7.147359371185303,9.776226043701172,4.952949047088623,137.1119092076921
2014-01-10,3.861692428588867,13.794434547424316,6.78833532333374,5.479748725891113,3.3285140991210938,7.227410793304443,9.839151382446289,5.131836414337158,137.1626378718608
2014-01-13,3.8133325576782227,13.704612731933594,6.757598400115967,5.440075874328613,3.2803432941436768,7.1244893074035645,9.7476224899292,5.075934410095215,137.21338530462063
2014-01-14,3.7964067459106445,13.696056365966797,6.858587741851807,5.489671230316162,3.337690591812134,7.147359371185303,9.719019889831543,5.236932277679443,137.26415151291565
2014-01-15,3.8786213397979736,13.879986763000488,6.860788345336914,5.521416187286377,3.319338321685791,7.135923862457275,9.872333526611328,5.181029796600342,137.3149365036924
2014-01-16,3.769806385040283,14.042522430419922,6.718082427978516,5.442054271697998,3.3262205123901367,7.1244893074035645,9.744571685791016,5.1430158615112305,137.36821744535456
2014-01-17,3.750462770462036,13.897093772888184,6.586350440979004,5.38848876953125,3.297546148300171,7.1244893074035645,9.6632719039917,5.008849620819092,137.42186522899564
2014-01-20,3.6706647872924805,13.59768009185791,6.533666610717773,5.35674524307251,3.2574028968811035,7.09018087387085,9.698116302490234,4.986488342285156,137.47558343611365
2014-01-21,3.709355115890503,13.293988227844238,6.625874996185303,5.418245792388916,3.2424917221069336,7.1565093994140625,9.814261436462402,5.008849620819092,137.52932264167882
2014-01-22,3.830259323120117,13.606232643127441,6.6412434577941895,5.4539618492126465,3.2642855644226074,7.250282287597656,9.953631401062012,5.022267818450928,137.58268676945025
2014-01-23,3.7407891750335693,13.229827880859375,6.509511947631836,5.330953121185303,3.188584566116333,7.250282287597656,9.611004829406738,4.809835910797119,137.6360716035705
2014-01-24,3.6513211727142334,13.366700172424316,6.423893451690674,5.225801944732666,3.244785785675049,7.067309856414795,9.5413179397583,4.7338128089904785,137.68947715207415
2014-01-27,3.653738021850586,13.311095237731934,6.553425312042236,5.2515950202941895,3.2229931354522705,7.055875778198242,9.314836502075195,4.791950702667236,137.74290342299867
2014-01-28,3.6392297744750977,13.58056926727295,6.599531173706055,5.255566120147705,3.2126708030700684,7.170231342315674,9.349676132202148,4.738282203674316,137.79635042438485
2014-01-29,3.5787768363952637,14.15800666809082,6.47438383102417,5.13454008102417,3.2264342308044434,6.9918341636657715,9.320642471313477,4.528090000152588,137.8498181642765
2014-01-30,3.554596185684204,13.901369094848633,6.480974197387695,5.102795124053955,3.1553213596343994,7.000980854034424,9.216110229492188,4.494549751281738,137.9033066507206
2014-01-31,3.554596185684204,14.136626243591309,6.643435478210449,5.190089702606201,3.142704963684082,6.975822925567627,9.3438720703125,4.671200752258301,137.9568158917672
2014-02-03,3.349057912826538,13.743109703063965,6.56765604019165,5.007568359375,3.1312365531921387,6.861466884613037,9.001245498657227,4.499020576477051,138.01034589546953
2014-02-04,3.4070935249328613,13.974084854125977,6.88615608215332,5.128817558288574,3.1461455821990967,6.861466884613037,9.041895866394043,4.646603584289551,138.0639960373329
2014-02-05,3.344221591949463,14.32910442352295,6.853206157684326,5.106977939605713,3.119764804840088,6.872901916503906,8.966399192810059,4.615297317504883,138.11766703515246
2014-02-06,3.436110734939575,14.654183387756348,6.995982646942139,5.208244800567627,3.182849645614624,6.943803310394287,9.390331268310547,4.829962730407715,138.1713588970357
2014-02-07,3.494143486022949,14.564359664916992,6.991588592529297,5.281709671020508,3.1541755199432373,7.033001899719238,9.518089294433594,4.805366039276123,138.22507163109336
2014-02-10,3.5328335762023926,14.388985633850098,6.980607509613037,5.188388347625732,3.1518807411193848,7.264004230499268,9.372907638549805,4.935060977935791,138.2788052454392
2014-02-11,3.617466449737549,14.752564430236816,6.993789196014404,5.281709671020508,3.2229931354522705,7.501866340637207,9.640043258666992,4.885865211486816,138.3325597481903
2014-02-12,3.617466449737549,14.739730834960938,6.919104099273682,5.2558979988098145,3.2918131351470947,7.490434646606445,9.378714561462402,4.897044658660889,138.38633514746684
2014-02-13,3.5328335762023926,14.679848670959473,6.888346195220947,5.241998672485352,3.3262205123901367,7.193100452423096,9.483247756958008,4.624242782592773,138.44013145139206
2014-02-14,3.5255796909332275,14.902270317077637,6.941072940826416,5.301565170288086,3.4088027477264404,7.318897247314453,9.686498641967773,4.606722831726074,138.4939486680925
2014-02-17,3.4893088340759277,14.752564430236816,6.853206157684326,5.265824794769287,3.4638569355010986,7.129063606262207,9.616814613342285,4.608973979949951,138.54778680569774
2014-02-18,3.41192889213562,14.78678035736084,6.811473369598389,5.241998672485352,3.396186113357544,7.261718273162842,9.378714561462402,4.4739460945129395,138.60164587234055
2014-02-19,3.4336915016174316,14.936487197875977,6.948566436767578,5.35120964050293,3.4168319702148438,7.284590244293213,9.48905086517334,4.422185897827148,138.65552587615696
2014-02-20,3.4240195751190186,14.765393257141113,6.939630031585693,5.30355167388916,3.434035539627075,7.284590244293213,9.59938907623291,4.602225303649902,138.70942682528607
2014-02-21,3.421600580215454,14.803889274597168,6.948566436767578,5.414741516113281,3.435182571411133,7.364639759063721,9.628426551818848,4.552712440490723,138.76334872787012
2014-02-24,3.5062341690063477,14.401820182800293,6.9865498542785645,5.478282451629639,3.3996262550354004,7.325758934020996,9.640043258666992,4.437939167022705,138.8172915920546
2014-02-25,3.4288556575775146,13.905648231506348,6.939630031585693,5.35120964050293,3.341132164001465,7.282305717468262,9.640043258666992,4.453691482543945,138.8712554259881
2014-02-26,3.3127872943878174,13.909923553466797,6.912818908691406,5.335320949554443,3.4792120456695557,7.222837924957275,9.698116302490234,4.388428688049316,138.92554019973412
2014-02-27,3.3950014114379883,14.119516372680664,7.022294998168945,5.446513652801514,3.482684373855591,7.234273433685303,9.808455467224121,4.566216468811035,138.9810437315547
2014-02-28,3.2861883640289307,14.115236282348633,6.973142147064209,5.4226884841918945,3.540555953979492,7.12677526473999,9.80264663696289,4.658484935760498,139.03656943814633
2014-03-05,3.2136454582214355,13.623342514038086,6.869201183319092,5.35517692565918,3.5069897174835205,7.01699161529541,9.756186485290527,4.658484935760498,139.09191850607397
2014-03-06,3.2474985122680664,13.58056926727295,7.059205055236816,5.5639567375183105,3.532454252243042,7.058159351348877,9.796836853027344,4.557210922241211,139.14728960791206
2014-03-07,3.2208993434906006,13.06728744506836,6.91837739944458,5.492424488067627,3.504676342010498,6.895772933959961,9.73295783996582,4.4739460945129395,139.20268275243205
2014-03-10,3.1459388732910156,12.849142074584961,6.828965663909912,5.361268520355225,3.458378791809082,6.870614528656006,9.692307472229004,4.433438777923584,139.258097948409
2014-03-11,3.170119524002075,12.639551162719727,6.902731418609619,5.3871026039123535,3.464165210723877,6.941514015197754,9.698116302490234,4.534708023071289,139.31353520462127
2014-03-12,3.2208993434906006,12.879083633422852,6.817785739898682,5.420886993408203,3.4954161643981934,6.930081844329834,9.709728240966797,4.400884628295898,139.36899452985088
2014-03-13,3.1507747173309326,12.532620429992676,6.726137638092041,5.305631160736084,3.4479610919952393,6.9643874168396,9.634235382080078,4.373452186584473,139.42447593288327
2014-03-14,3.090322256088257,12.515511512756348,6.54731559753418,5.240058422088623,3.4722671508789062,7.09018087387085,9.5006685256958,4.307152271270752,139.4799794225074
2014-03-17,3.0395426750183105,12.536894798278809,6.683667182922363,5.351332664489746,3.57412052154541,7.101618766784668,9.680694580078125,4.275147438049316,139.5355050075157
2014-03-18,3.13626766204834,12.750762939453125,6.808845043182373,5.414923667907715,3.6574556827545166,7.167945384979248,9.750380516052246,4.332298755645752,139.59105269670417
2014-03-19,3.225736141204834,12.665214538574219,6.8401384353637695,5.468573093414307,3.650509834289551,7.273153781890869,9.738764762878418,4.531197547912598,139.64682211407754
2014-03-20,3.3829116821289062,12.780708312988281,6.983199596405029,5.623570919036865,3.6528255939483643,7.296023845672607,9.73295783996582,4.778103351593018,139.70261381244856
2014-03-21,3.3901662826538086,13.015961647033691,7.0100250244140625,5.613636016845703,3.697965621948242,7.211404323577881,9.674884796142578,4.725520133972168,139.7584278007189
2014-03-24,3.4868900775909424,13.080117225646973,7.213437080383301,5.782540798187256,3.703752279281616,7.3326191902160645,9.773608207702637,4.752954959869385,139.81426408779384
2014-03-25,3.5013978481292725,13.182775497436523,7.2536773681640625,5.736836910247803,3.6586129665374756,7.302886962890625,9.721343994140625,4.764387130737305,139.8701226825822
2014-03-26,3.482053518295288,13.033068656921387,7.3162665367126465,5.864014625549316,3.6625046730041504,7.227410793304443,9.66908073425293,4.826112270355225,139.92600359399637
2014-03-27,3.764970064163208,13.3068208694458,7.4749755859375,6.086572647094727,3.6671440601348877,7.467563629150391,9.90137004852295,5.146176338195801,139.9817067367671
2014-03-28,3.7867343425750732,13.264044761657715,7.430270195007324,6.10048246383667,3.6671440601348877,7.554476737976074,9.843295097351074,5.0798773765563965,140.03743205440196
2014-03-31,3.8157503604888916,13.439414024353027,7.573329925537109,6.197848320007324,3.6787497997283936,7.5773420333862305,9.843295097351074,5.212475776672363,140.09317955572848
2014-04-01,3.8230040073394775,13.413753509521484,7.637066841125488,6.259456157684326,3.6787497997283936,7.448263645172119,9.930405616760254,5.207903861999512,140.14894924957784
2014-04-02,3.762551784515381,13.914203643798828,7.8830647468566895,6.422636985778809,3.743736743927002,7.457430839538574,9.971056938171387,5.425092697143555,140.2047411447846
2014-04-03,3.978957414627075,14.076739311218262,7.791374683380127,6.388829231262207,3.7541818618774414,7.539931297302246,10.01185131072998,5.340500831604004,140.2618114846676
2014-04-04,3.989293336868286,13.892812728881836,7.679563522338867,6.313268661499023,3.7831943035125732,7.65452241897583,9.848675727844238,5.388513088226318,140.31890505503242
2014-04-07,4.252833843231201,14.260666847229004,7.853989601135254,6.567793369293213,3.7309725284576416,7.90891170501709,9.848675727844238,5.692572116851807,140.37602186533508
2014-04-08,4.131399631500244,14.226448059082031,7.7399396896362305,6.438538551330566,3.7924764156341553,7.792032718658447,9.802057266235352,5.53025484085083,140.43316192503534
2014-04-09,4.095227241516113,14.106681823730469,7.637066841125488,6.384853839874268,3.8296139240264893,7.610979080200195,9.790397644042969,5.351933479309082,140.4903252435969
2014-04-10,4.051303386688232,14.029690742492676,7.719814777374268,6.426612854003906,3.910848379135132,7.6751484870910645,9.895297050476074,5.361080169677734,140.54751183048734
2014-04-11,4.183073997497559,14.102401733398438,7.90319299697876,6.5956315994262695,3.9584274291992188,7.792032718658447,10.140052795410156,5.447953224182129,140.60472169517791
2014-04-14,4.115896701812744,14.012581825256348,7.802553653717041,6.514100074768066,3.8876378536224365,7.897452354431152,10.122573852539062,5.365650177001953,140.66195484714393
2014-04-15,3.9582884311676025,13.607481956481934,7.614708423614502,6.452464580535889,3.876034736633301,7.734733581542969,10.10508918762207,5.297065734863281,140.71921129586445
2014-04-16,4.0771403312683105,13.66905403137207,7.753357887268066,6.528021812438965,4.00136661529541,7.918075084686279,10.192503929138184,5.283347129821777,140.77649105082244
2014-04-17,4.23216438293457,13.91973876953125,7.9501495361328125,6.647331237792969,4.022254467010498,7.989121913909912,10.134227752685547,5.511964797973633,140.83379412150467
2014-04-22,4.123648166656494,13.506324768066406,8.006061553955078,6.625457286834717,4.002524375915527,7.998290061950684,10.396470069885254,5.546257972717285,140.89112051740182
2014-04-23,4.144318580627441,13.321605682373047,7.990403652191162,6.575747966766357,4.024576187133789,7.936410427093506,10.274091720581055,5.452526569366455,140.94847024800842
2014-04-24,4.167571544647217,13.541513442993164,8.162609100341797,6.681136131286621,3.9118919372558594,8.044126510620117,10.140052795410156,5.413660049438477,141.00584332282287
2014-04-25,4.141733646392822,13.334799766540527,8.240872383117676,6.667210578918457,3.981289863586426,7.897452354431152,10.064297676086426,5.331357479095459,141.06323975134742
2014-04-28,4.2786712646484375,13.01374626159668,8.2252197265625,6.619494438171387,4.01900577545166,7.723275184631348,10.040986061096191,5.361080169677734,141.1206595430882
2014-04-29,4.31226110458374,13.097311973571777,8.229695320129395,6.6711907386779785,4.0386176109313965,7.7691121101379395,10.001112937927246,5.4639573097229,141.1781027075552
2014-04-30,4.2786712646484375,12.996152877807617,8.222984313964844,6.605574131011963,4.059741973876953,7.643063068389893,9.511548042297363,5.347360610961914,141.23556925426232
2014-05-02,4.573219299316406,13.282026290893555,8.378471374511719,6.72090482711792,4.088403224945068,7.777871131896973,9.377501487731934,5.452526569366455,141.29305919272727
2014-05-05,4.539628982543945,13.242444038391113,8.467967987060547,6.826487064361572,4.0114617347717285,7.835494041442871,9.616456031799316,5.55997371673584,141.3505725324717
2014-05-06,4.71273946762085,13.114901542663574,8.38965892791748,6.876227378845215,4.022022247314453,7.8400983810424805,9.703879356384277,5.646849155426025,141.40810928302102
2014-05-07,4.8005876541137695,13.180871963500977,8.447829246520996,6.957801818847656,4.0537028312683105,7.764050006866455,9.499892234802246,5.7177205085754395,141.46566945390467
2014-05-08,4.619724750518799,12.96097183227539,8.318068504333496,6.88020133972168,4.156292915344238,7.927672386169434,9.499892234802246,5.473099231719971,141.52325305465587
2014-05-09,4.56546688079834,12.851019859313965,8.24423885345459,6.822504997253418,4.16835880279541,8.00602912902832,9.633940696716309,5.390797138214111,141.58086009481175
2014-05-12,4.658482551574707,13.457945823669434,8.40308666229248,6.945859432220459,4.1879730224609375,8.241090774536133,9.721360206604004,5.434234142303467,141.63849058391335
2014-05-13,4.640394687652588,13.479937553405762,8.351629257202148,6.912042140960693,4.194005489349365,8.446195602416992,9.674737930297852,5.466243267059326,141.69614453150555
2014-05-14,4.725659370422363,13.805388450622559,8.387419700622559,7.027440071105957,4.177412509918213,8.515335083007812,9.733017921447754,5.489101409912109,141.75382194713708
2014-05-15,4.658482551574707,13.677846908569336,8.324774742126465,6.937903881072998,4.136678695678711,8.503809928894043,9.616456031799316,5.484531402587891,141.81152284036065
2014-05-16,4.653314590454102,13.369986534118652,8.407560348510742,6.9737229347229,4.112542152404785,8.607512474060059,9.622283935546875,5.49824857711792,141.86924722073283
2014-05-19,4.635228633880615,12.96097183227539,8.353870391845703,6.86428689956665,4.050686836242676,8.413933753967285,9.610627174377441,5.441091537475586,141.926995097814
2014-05-20,4.4698686599731445,12.692694664001465,8.206212043762207,6.740932464599609,4.000903129577637,8.25491714477539,9.499892234802246,5.44366979598999,141.98476648116858
2014-05-21,4.511207103729248,12.70588493347168,8.031702041625977,6.5698161125183105,4.050686836242676,8.400104522705078,9.616456031799316,5.049099922180176,142.04256138036473
2014-05-22,4.568051338195801,12.903797149658203,8.130144119262695,6.637470245361328,4.040126323699951,8.466936111450195,9.744671821594238,5.228030204772949,142.1003798049746
2014-05-23,4.573219299316406,12.868612289428711,8.007096290588379,6.532015323638916,3.946591377258301,8.220349311828613,9.663082122802734,5.138564109802246,142.15822176457422
2014-05-26,4.614558219909668,13.018147468566895,7.982480049133301,6.50615119934082,3.967711925506592,8.259527206420898,9.703879356384277,5.147738933563232,142.21608726874348
2014-05-27,4.518959999084473,12.793846130371094,7.986959457397461,6.4066691398620605,3.967711925506592,8.204217910766602,9.394986152648926,5.17985725402832,142.2739763270662
2014-05-28,4.573219299316406,12.793846130371094,8.132375717163086,6.472330570220947,3.982800006866455,8.296401977539062,9.412468910217285,5.354201793670654,142.33188894913016
2014-05-29,4.4698686599731445,12.903797149658203,8.009331703186035,6.402688503265381,3.934521198272705,8.271051406860352,9.412468910217285,5.322086811065674,142.3898251445269
2014-05-30,4.31226110458374,12.51677131652832,7.7856035232543945,6.209692478179932,3.9239611625671387,8.18117618560791,9.243453979492188,5.250972270965576,142.44778492285198
2014-06-02,4.276087284088135,12.815838813781738,7.838203430175781,6.217653274536133,3.929995536804199,8.093598365783691,9.48240852355957,5.241795063018799,142.50576829370482
2014-06-03,4.366520881652832,12.688295364379883,7.885202407836914,6.271543025970459,3.982800006866455,8.169651985168457,9.529033660888672,5.310617923736572,142.56377526668876
2014-06-04,4.289007186889648,12.71908187866211,7.79567289352417,6.217779159545898,4.0461626052856445,8.236480712890625,9.447439193725586,5.296852111816406,142.62180585141104
2014-06-05,4.21666145324707,12.65750789642334,7.692718982696533,6.169999122619629,4.056722164154053,8.282576560974121,9.371672630310059,5.315204620361328,142.67986005748284
2014-06-06,4.568051338195801,12.9169921875,8.036056518554688,6.470638275146484,4.0808587074279785,8.404715538024902,9.499892234802246,5.59736442565918,142.73793789451926
2014-06-09,4.668817043304443,13.031341552734375,8.33889102935791,6.645841598510742,4.194005489349365,8.529160499572754,9.558175086975098,5.7602410316467285,142.7962449147698
2014-06-10,4.823841094970703,12.947779655456543,8.316731452941895,6.779237270355225,4.320732593536377,8.54068374633789,9.56400203704834,5.932290077209473,142.85437012626235
2014-06-11,4.8780999183654785,13.035737037658691,8.489068031311035,6.852903366088867,4.269437313079834,8.665132522583008,9.371672630310059,5.9919328689575195,142.91251899762221
2014-06-13,4.906521797180176,12.578344345092773,8.44229793548584,6.836975574493408,4.280001640319824,8.457721710205078,9.23762321472168,6.1222405433654785,142.9706915384802
2014-06-16,4.841928005218506,12.499178886413574,8.385663986206055,6.831003665924072,4.189481735229492,8.556815147399902,9.121062278747559,6.173337459564209,143.02888775847094
2014-06-17,4.733410835266113,12.512374877929688,8.274868965148926,6.739418983459473,4.221164226531982,8.577554702758789,9.062779426574707,6.071141242980957,143.08710766723303
2014-06-18,4.909104824066162,12.688295364379883,8.38813304901123,6.856882095336914,4.252844333648682,8.757311820983887,9.301734924316406,6.008434295654297,143.14535127440897
2014-06-20,4.831592559814453,12.65311050415039,8.26502513885498,6.838969707489014,4.194005489349365,8.711222648620605,9.325048446655273,5.950369358062744,143.2036185896452
2014-06-23,4.728243827819824,12.802642822265625,8.203479766845703,6.78322172164917,4.200042247772217,8.554512023925781,9.121062278747559,5.901594161987305,143.2619096225921
2014-06-24,4.557715892791748,12.626723289489746,8.218247413635254,6.846930980682373,4.227198123931885,8.642086029052734,9.080265045166016,5.989851474761963,143.32022438290397
2014-06-25,4.467284679412842,12.604728698730469,7.957273483276367,6.5738525390625,4.2182135581970215,8.552209854125977,9.039469718933105,5.913208484649658,143.37856288023903
2014-06-26,4.475037097930908,12.903797149658203,7.930191993713379,6.5598344802856445,4.249973773956299,8.506113052368164,9.138545989990234,5.878369331359863,143.43692512425943
2014-06-27,4.44403076171875,12.780651092529297,7.905571460723877,6.487728595733643,4.234848976135254,8.427762031555176,9.056952476501465,5.848177909851074,143.49531112463126
2014-06-30,4.467284679412842,12.859816551208496,7.866182327270508,6.419622898101807,4.278709888458252,8.397801399230957,9.185172080993652,5.7715325355529785,143.55372089102454
2014-07-01,4.441448211669922,13.040136337280273,7.901890277862549,6.413615703582764,4.287784099578857,8.241090774536133,9.342534065246582,5.792436599731445,143.6121544331132
2014-07-02,4.423361301422119,13.387578964233398,7.773807525634766,6.399718761444092,4.257536888122559,8.313103675842285,9.325048446655273,5.69489049911499,143.6706117605752
2014-07-03,4.526711463928223,13.651459693908691,7.830459117889404,6.509955883026123,4.310470104217529,8.4077787399292,9.476578712463379,5.725081443786621,143.72909288309233
2014-07-04,4.521543502807617,13.730623245239258,7.825541019439697,6.542023181915283,4.2847580909729,8.451655387878418,9.511548042297363,5.715793609619141,143.7875978103504
2014-07-07,4.475037097930908,13.545907974243164,7.832928657531738,6.477884769439697,4.174351692199707,8.440108299255371,9.342534065246582,5.7715325355529785,143.8461265520391
2014-07-08,4.47761869430542,13.550307273864746,7.815683364868164,6.423767566680908,4.062427997589111,8.47243881225586,9.365846633911133,5.866759300231934,143.90467911785208
2014-07-10,4.679152011871338,13.545907974243164,8.177772521972656,6.614175796508789,4.083603858947754,8.456274032592773,9.132718086242676,6.099009990692139,143.963255517487
2014-07-11,4.71273946762085,13.506324768066406,8.165458679199219,6.65626859664917,4.163764953613281,8.481674194335938,9.1268892288208,6.066497325897217,144.0218557606454
2014-07-14,4.934942245483398,13.572296142578125,8.357583999633789,6.894777297973633,4.234848976135254,8.668718338012695,9.091924667358398,6.263914108276367,144.08047985703277
2014-07-15,4.97628116607666,13.660257339477539,8.458578109741211,6.956908226013184,4.113852500915527,8.606369972229004,9.15603256225586,6.305720329284668,144.13912781635855
2014-07-16,4.989200592041016,14.03848648071289,8.239354133605957,6.728420734405518,4.1062912940979,8.617919921875,9.33670425415039,6.3521728515625,144.1977996483362
2014-07-17,5.053794860839844,13.844976425170898,8.251667976379395,6.698359966278076,4.109314441680908,8.474746704101562,9.441611289978027,6.387006759643555,144.25649536268307
2014-07-18,5.301832675933838,13.831781387329102,8.655630111694336,7.019039630889893,4.053353309631348,8.576348304748535,9.692219734191895,6.556554794311523,144.31521496912043
2014-07-21,5.410350799560547,13.880154609680176,8.729525566101074,7.101212501525879,4.172837734222412,8.578665733337402,9.791302680969238,6.707520961761475,144.3739584773736
2014-07-22,5.438772678375244,14.016496658325195,8.71228313446045,7.051113128662109,4.213674068450928,8.624841690063477,9.715534210205078,6.753970623016357,144.4327258971718
2014-07-23,5.232071399688721,13.954923629760742,8.714742660522461,7.05511999130249,4.296627521514893,8.682575225830078,9.575657844543457,6.807392120361328,144.49151723824824
2014-07-24,5.247574329376221,14.2232027053833,8.842833518981934,7.135292053222656,4.301186561584473,8.666412353515625,9.744671821594238,6.877067565917969,144.55033251034007
2014-07-25,5.294082164764404,14.240796089172363,8.805885314941406,7.075160980224609,4.258604049682617,8.647934913635254,9.674737930297852,6.802744388580322,144.60917172318838
2014-07-28,5.206234931945801,14.434309005737305,8.746766090393066,7.00300931930542,4.327045440673828,8.562495231628418,9.505720138549805,6.7609405517578125,144.6680348865383
2014-07-29,5.069296836853027,14.478289604187012,8.786182403564453,7.033072471618652,4.27077054977417,8.553257942199707,9.652868270874023,6.656425952911377,144.72692201013885
2014-07-30,5.128721714019775,14.170430183410645,8.82805061340332,6.996994972229004,4.179513454437256,8.42856216430664,9.652868270874023,6.612295627593994,144.7858331037431
2014-07-31,4.934942245483398,14.315561294555664,8.640851974487305,6.9368696212768555,4.136928081512451,8.340815544128418,9.223196983337402,6.438104152679443,144.84476817710797
2014-08-01,4.909104824066162,13.972517013549805,8.632226943969727,7.015040397644043,4.147575378417969,8.430872917175293,9.187882423400879,6.328944206237793,144.90372723999445
2014-08-04,5.051209449768066,14.135242462158203,8.740653991699219,7.119452476501465,4.135406970977783,8.41701602935791,9.199655532836914,6.407912254333496,144.9627624675093
2014-08-05,5.089967250823975,13.906543731689453,8.85893726348877,7.039238452911377,4.197765350341797,8.451655387878418,9.023077964782715,6.468298435211182,145.0218217465662
2014-08-06,5.247574329376221,13.985710144042969,8.821975708007812,7.043245315551758,4.21297550201416,8.389307975769043,9.099594116210938,6.547263145446777,145.08090508696395
2014-08-07,5.206234931945801,13.89775276184082,8.743115425109863,6.969041347503662,4.155180931091309,8.370835304260254,9.152567863464355,6.493844509124756,145.14001249850543
2014-08-08,4.989200592041016,13.90215015411377,8.624835968017578,6.818632125854492,4.09434175491333,8.467818260192871,9.240856170654297,6.305720329284668,145.19914399099744
2014-08-11,5.203649520874023,14.003302574157715,8.782548904418945,7.009149074554443,4.118677616119385,8.49783992767334,9.34091567993164,6.438104152679443,145.25829957425083
2014-08-12,5.082215785980225,14.078067779541016,8.757906913757324,7.009149074554443,4.028943061828613,8.555569648742676,9.317371368408203,6.405590534210205,145.31747925808037
2014-08-13,4.82900857925415,13.783401489257812,8.60758113861084,6.942965984344482,3.9924404621124268,8.636392593383789,9.234970092773438,6.421847820281982,145.37668305230488
2014-08-14,4.805755615234375,13.4535493850708,8.763184547424316,7.1495361328125,3.9620203971862793,8.647934913635254,9.2526273727417,6.656425952911377,145.43591096674723
2014-08-15,5.182980537414551,13.633869171142578,8.892535209655762,7.2498087882995605,4.031983375549316,8.643317222595215,9.358570098876953,6.781844139099121,145.49521536816212
2014-08-18,5.270827770233154,13.739420890808105,9.02187442779541,7.299947261810303,4.10346794128418,8.75646686553955,9.499835014343262,6.788807392120361,145.55449157385527
2014-08-19,5.402598857879639,13.743817329406738,9.330322265625,7.520549774169922,4.054800510406494,8.87885570526123,9.594010353088379,6.925839900970459,145.61379192926736
2014-08-20,5.518867492675781,13.972517013549805,9.375086784362793,7.560659885406494,4.079133033752441,9.005863189697266,9.641097068786621,7.048977851867676,145.67327370713258
2014-08-21,5.5033650398254395,13.880154609680176,9.429819107055664,7.660933971405029,4.0578413009643555,9.063590049743652,9.599892616271973,7.072266578674316,145.73267489795214
2014-08-22,5.4051833152771,13.796594619750977,9.322860717773438,7.540604591369629,4.0380682945251465,9.153651237487793,9.564579963684082,7.039661407470703,145.79204784703234
2014-08-25,5.694561004638672,13.708634376525879,9.554192543029785,7.755189895629883,4.076090335845947,9.165197372436523,9.782357215881348,7.274860858917236,145.8516024406574
2014-08-26,5.642887115478516,13.642664909362793,9.618860244750977,7.797307968139648,4.035027503967285,9.15134334564209,9.741155624389648,7.3191070556640625,145.9111813617384
2014-08-27,5.901259899139404,13.493132591247559,9.909891128540039,8.003874778747559,4.139969825744629,9.31760311126709,9.741155624389648,7.661426544189453,145.97062703613696
2014-08-28,5.901259899139404,12.899397850036621,9.815374374389648,8.021921157836914,4.098905563354492,9.17905044555664,9.605780601501465,7.7452569007873535,146.03025457757496
2014-08-29,6.03561544418335,12.842226028442383,10.074055671691895,8.250542640686035,4.250999927520752,9.204452514648438,9.635210990905762,8.19703197479248,146.0897487635924
2014-09-01,6.157049655914307,12.732274055480957,10.077790260314941,8.164310455322266,4.241874694824219,9.299128532409668,9.39388656616211,8.25058650970459,146.14926718813618
2014-09-02,6.345663547515869,12.64431381225586,10.261927604675293,8.337005615234375,4.243393421173096,9.123629570007324,9.399776458740234,8.723310470581055,146.2088098610813
2014-09-03,6.188055038452148,12.754263877868652,10.227090835571289,8.355061531066895,4.289022445678711,9.098230361938477,9.552806854248047,8.592905044555664,146.2683767923068
2014-09-04,5.888341903686523,12.613526344299316,10.018074989318848,8.066122055053711,4.282938003540039,9.061284065246582,9.623435974121094,8.096892356872559,146.32796799169577
2014-09-05,5.896092414855957,12.42441177368164,10.092719078063965,8.204571723937988,4.3194403648376465,8.994319915771484,9.41743278503418,7.964154243469238,146.38758346913528
2014-09-08,5.606714725494385,12.358442306518555,9.831449508666992,7.975834846496582,4.365067958831787,8.788796424865723,9.276171684265137,7.565950393676758,146.44722323451646
2014-09-09,5.549870014190674,12.582742691040039,9.679656982421875,7.8694844245910645,4.301186561584473,8.578665733337402,9.240856170654297,7.5333476066589355,146.5068872977344
2014-09-10,5.412933826446533,12.490382194519043,9.575152397155762,7.6748528480529785,4.316398620605469,8.758779525756836,9.37623119354248,7.414586544036865,146.5667338961267
2014-09-11,5.4801106452941895,12.47278881072998,9.560222625732422,7.638740539550781,4.343775272369385,8.786491394042969,9.299712181091309,7.468142986297607,146.62644664918332
2014-09-12,5.203649520874023,12.587140083312988,9.216821670532227,7.424040794372559,4.266206741333008,8.44703483581543,9.105480194091797,7.286113739013672,146.68618372981265
2014-09-15,5.3173346519470215,12.802642822265625,9.450725555419922,7.6748528480529785,4.260122776031494,8.405470848083496,9.435089111328125,7.483797550201416,146.74594514792602
2014-09-16,5.567957878112793,12.820232391357422,9.694579124450684,7.8694844245910645,4.273812770843506,8.525548934936523,9.552806854248047,7.813277721405029,146.80573091343874
2014-09-17,5.7152299880981445,12.780651092529297,9.73688793182373,7.9096198081970215,4.263165473937988,8.474746704101562,9.38800048828125,7.813277721405029,146.86554103627017
2014-09-18,5.500782489776611,12.793846130371094,9.622424125671387,7.805277347564697,4.293582916259766,8.33619499206543,9.5233793258667,7.690897464752197,146.92537552634377
2014-09-19,5.402598857879639,12.455196380615234,9.3934965133667,7.624691009521484,4.304230213165283,8.58096981048584,9.652868270874023,7.547341823577881,146.98523439358695
2014-09-22,5.319918155670166,11.997803688049316,9.266590118408203,7.5624871253967285,4.314877986907959,8.382377624511719,9.676413536071777,7.189623832702637,147.04511764793125
2014-09-23,5.201067924499512,12.116551399230957,9.221803665161133,7.500290393829346,4.327045440673828,8.366214752197266,9.646981239318848,7.093136787414551,147.10518410803925
2014-09-24,5.22690486907959,12.156129837036133,9.293961524963379,7.558475494384766,4.391360759735107,8.42856216430664,9.711726188659668,7.060185432434082,147.16527510469558
2014-09-25,5.126138210296631,12.02859115600586,9.00282096862793,7.377894401550293,4.376112461090088,8.197644233703613,9.629324913024902,6.876622676849365,147.2253906479231
2014-09-26,5.410350799560547,11.861466407775879,9.381052017211914,7.702943801879883,4.406609535217285,8.423943519592285,9.65875244140625,7.020181655883789,147.28537174432697
2014-09-29,4.805755615234375,11.672351837158203,8.724137306213379,7.161189079284668,4.391360759735107,8.079876899719238,9.511609077453613,6.420063495635986,147.34537727762932
2014-09-30,4.673984527587891,11.808688163757324,8.423041343688965,6.9906392097473145,4.356291770935059,8.179167747497559,9.440978050231934,5.954090595245361,147.405407257786
2014-10-01,4.4156107902526855,11.799894332885742,8.205216407775879,6.735813140869141,4.357812881469727,8.083467483520508,9.181997299194336,6.048226356506348,147.46546169475693
2014-10-02,4.4698686599731445,12.14294147491455,8.479053497314453,6.948765277862549,4.360866069793701,8.088098526000977,9.399776458740234,5.989393711090088,147.52554059850598
2014-10-03,4.741161346435547,11.962618827819824,8.67820930480957,7.093325614929199,4.386785984039307,8.122809410095215,9.535152435302734,6.121181011199951,147.58564397900122
2014-10-06,5.268243789672852,12.024192810058594,9.143736839294434,7.629388332366943,4.330368518829346,8.618047714233398,9.782357215881348,6.850734233856201,147.6457718462147
2014-10-07,5.4801106452941895,12.050581932067871,9.158673286437988,7.579193592071533,4.362392902374268,8.678214073181152,9.676413536071777,7.116671085357666,147.7060836675562
2014-10-08,5.387095928192139,12.03738784790039,9.039180755615234,7.514945030212402,4.345617294311523,8.678214073181152,9.499835014343262,7.161381721496582,147.76642012567356
2014-10-09,5.477527141571045,11.830677032470703,9.15369701385498,7.66151237487793,4.328843593597412,8.851780891418457,9.47629165649414,7.43673038482666,147.8267812306307
2014-10-10,5.180397033691406,11.610776901245117,8.775297164916992,7.278029918670654,4.267851829528809,8.567133903503418,9.240856170654297,7.083723068237305,147.88716699249562
2014-10-13,5.717813968658447,12.09016227722168,9.459897994995117,7.8622894287109375,4.226684093475342,8.898063659667969,9.458633422851562,7.879171371459961,147.94741770320005
2014-10-14,5.580876350402832,12.450800895690918,9.547021865844727,7.970704078674316,4.19313907623291,8.89343547821045,9.493949890136719,7.832100868225098,148.00785274385763
2014-10-15,5.206234931945801,12.44640064239502,9.118834495544434,7.535027027130127,4.13519811630249,8.594902038574219,9.282055854797363,7.530867576599121,148.06815262314402
2014-10-16,4.8186750411987305,12.041783332824707,8.877365112304688,7.267991065979004,4.162643909454346,8.402828216552734,9.152567863464355,7.333181381225586,148.12863698280904
2014-10-17,4.932358264923096,12.147134780883789,9.13626766204834,7.549075126647949,4.13367223739624,8.562506675720215,9.458633422851562,7.528512001037598,148.18914604973017
2014-10-20,4.630061149597168,12.087811470031738,8.912219047546387,7.370392799377441,4.11690092086792,8.446796417236328,9.364459037780762,7.041358947753906,148.24967983400003
2014-10-21,4.366520881652832,12.192766189575195,8.464119911193848,7.051159381866455,4.2099103927612305,8.041812896728516,9.223196983337402,6.61304235458374,148.31023834571545
2014-10-22,4.291590690612793,12.211019515991211,8.409350395202637,7.006991863250732,4.19313907623291,8.145950317382812,9.140795707702637,6.460071563720703,148.3708215949773
2014-10-23,4.007380485534668,12.434614181518555,8.028460502624512,6.633552551269531,4.222110271453857,7.613685131072998,8.940674781799316,5.871719837188721,148.43142959189063
2014-10-24,4.294175148010254,12.525879859924316,8.252511024475098,6.80822229385376,4.234307765960693,7.91453218460083,9.240856170654297,6.059995174407959,148.49206234656464
2014-10-27,3.7515904903411865,12.074121475219727,8.070786476135254,6.7339372634887695,4.362392902374268,8.203805923461914,9.181997299194336,5.746993064880371,148.5527198691126
2014-10-28,3.8833601474761963,11.928104400634766,8.439224243164062,7.057185649871826,4.443203449249268,8.069581985473633,9.325279235839844,6.1541290283203125,148.61340216965195
2014-10-29,3.622403144836426,11.298385620117188,8.19526481628418,6.778109550476074,4.441677570343018,7.958499431610107,9.331246376037598,5.9917449951171875,148.67410925830424
2014-10-30,3.69991397857666,10.814693450927734,8.857450485229492,7.237884044647217,4.377635955810547,8.053380012512207,9.379008293151855,6.413003921508789,148.73617029173195
2014-10-31,3.947953701019287,11.407899856567383,9.143736839294434,7.492859840393066,4.456926345825195,8.26628589630127,9.790947914123535,6.525966167449951,148.7980980835946
2014-11-03,3.836852788925171,11.362269401550293,9.11510181427002,7.396490097045898,4.527065753936768,8.192231178283691,9.671544075012207,6.441244125366211,148.8600516597127
2014-11-04,3.829101085662842,11.00178050994873,9.28942584991455,7.491044044494629,4.559087753295898,8.145950317382812,9.761096954345703,6.766012668609619,148.92203103082173
2014-11-05,3.7205851078033447,10.951584815979004,9.187318801879883,7.380558490753174,4.604830741882324,7.928420543670654,9.761096954345703,6.229437828063965,148.98419555423493
2014-11-06,3.6327388286590576,10.791874885559082,8.853597640991211,7.221851348876953,4.591107368469238,7.706253528594971,9.725275039672852,5.96585750579834,149.04638602698512
2014-11-07,3.6869964599609375,10.960712432861328,9.003030776977539,7.2519850730896,4.565184593200684,8.03255558013916,9.814826011657715,6.116473197937012,149.10860245990435
2014-11-10,3.6120667457580566,10.632165908813477,8.978120803833008,7.290155410766602,4.574333667755127,7.775679588317871,9.743185997009277,5.883490562438965,149.1708448638292
2014-11-11,3.617234468460083,10.299053192138672,8.973134994506836,7.3343505859375,4.589581489562988,7.8705596923828125,9.552143096923828,5.798767566680908,149.23311324960068
2014-11-12,3.645656108856201,10.276236534118652,9.04038143157959,7.354434013366699,4.520966053009033,7.882132530212402,9.773036003112793,5.954090595245361,149.29540762806445
2014-11-13,3.513885498046875,10.248861312866211,8.748997688293457,7.159580707550049,4.51334285736084,7.754853248596191,9.552143096923828,5.862308979034424,149.35772801007064
2014-11-14,3.410536527633667,10.495268821716309,8.791332244873047,7.183687686920166,4.48894739151001,7.555835247039795,9.444680213928223,5.76111364364624,149.42007440647387
2014-11-17,3.255511999130249,10.463326454162598,8.726588249206543,7.022976398468018,4.5102925300598145,7.64377498626709,9.474531173706055,5.9157843589782715,149.48244682813336
2014-11-18,3.21675443649292,10.052643775939941,8.980615615844727,7.3383708000183105,4.58195686340332,7.7641096115112305,9.6596040725708,6.132785797119141,149.54484528591283
2014-11-19,3.302018165588379,10.111964225769043,9.341727256774902,7.653759002685547,4.533165454864502,7.8890767097473145,9.874527931213379,6.496039390563965,149.60726979068053
2014-11-21,3.6947479248046875,10.764497756958008,9.956871032714844,8.236328125,4.574333667755127,8.294059753417969,10.226759910583496,7.036195278167725,149.66972035330926
2014-11-24,3.6714940071105957,10.814693450927734,9.75015926361084,8.10374927520752,4.650572776794434,8.199175834655762,10.071541786193848,6.790882110595703,149.73219698467634
2014-11-25,3.6559901237487793,10.933333396911621,9.874686241149902,8.220252990722656,4.633800029754639,8.034869194030762,10.04765796661377,6.889952182769775,149.79469969566364
2014-11-26,3.661158561706543,10.513522148132324,9.792502403259277,8.13588809967041,4.639899253845215,8.215376853942871,9.93422794342041,6.802677631378174,149.8572284971576
2014-11-27,3.4725444316864014,10.486143112182617,9.64805793762207,7.983214855194092,4.635323524475098,8.122809410095215,9.886465072631836,6.873439311981201,149.91978340004914
2014-11-28,3.3175208568573,10.627603530883789,9.638092994689941,7.961114406585693,4.645997047424316,8.03255558013916,10.005868911743164,7.005533218383789,149.98220400106558
2014-12-01,3.1831657886505127,10.098276138305664,9.190885543823242,7.553310394287109,4.569760799407959,7.787252902984619,9.552143096923828,6.493680000305176,150.04465059152346
2014-12-02,3.1444106101989746,9.79710578918457,9.113646507263184,7.444910049438477,4.641425132751465,7.838165283203125,9.325279235839844,6.359229564666748,150.10712318224378
2014-12-03,3.2839314937591553,10.016139030456543,9.190885543823242,7.527321815490723,4.682592391967773,7.845107555389404,9.36109733581543,6.368663311004639,150.16978239867373
2014-12-04,3.170247793197632,9.888370513916016,9.053857803344727,7.3665242195129395,4.633800029754639,7.91453218460083,9.373038291931152,6.283745288848877,150.23514529816057
2014-12-05,3.1469953060150146,9.984192848205566,9.225765228271484,7.529331207275391,4.656671524047852,8.055699348449707,9.522292137145996,6.422914505004883,150.30053664750304
2014-12-08,2.973884344100952,9.664774894714355,8.881945610046387,7.151455402374268,4.559087753295898,7.8289103507995605,9.420798301696777,6.087969779968262,150.36595645908423
2014-12-09,2.950629949569702,9.4457426071167,8.916831970214844,7.318284034729004,4.560610294342041,8.053380012512207,9.349156379699707,5.934654235839844,150.43129798546352
2014-12-10,2.8111093044281006,9.094379425048828,8.782281875610352,7.105226993560791,4.682592391967773,7.840476989746094,9.432741165161133,5.644522666931152,150.49666790600313
2014-12-11,2.746514081954956,8.838841438293457,8.881945610046387,7.2760725021362305,4.806100368499756,7.650715351104736,9.486471176147461,5.885115146636963,150.56217308567588
2014-12-12,2.6328296661376953,8.628936767578125,8.408574104309082,6.84996223449707,4.66734504699707,7.629886627197266,9.259608268737793,5.555099010467529,150.62770677713314
2014-12-15,2.340867519378662,8.528547286987305,8.229190826416016,6.6570024490356445,4.633800029754639,7.386898994445801,9.301398277282715,5.287269592285156,150.69326899278494
2014-12-16,2.420964002609253,8.829715728759766,8.1893310546875,6.6911725997924805,4.562137603759766,7.463266372680664,9.313339233398438,5.139004230499268,150.75885974504672
2014-12-17,2.44680118560791,8.993988990783691,8.602903366088867,7.018799304962158,4.552428722381592,7.553516864776611,9.390949249267578,5.543142795562744,150.82447904633935
2014-12-18,2.472637891769409,9.108067512512207,8.538129806518555,6.976589202880859,4.624277591705322,7.7340240478515625,9.456621170043945,5.571840286254883,150.89012690908905
2014-12-19,2.53981614112854,9.842738151550293,8.670165061950684,7.155475616455078,4.630392551422119,8.2639741897583,9.599902153015137,5.8229289054870605,150.9558033457275
2014-12-22,2.679337501525879,9.751473426818848,8.729970932006836,7.215773582458496,4.659438133239746,8.405137062072754,9.755125045776367,5.875540256500244,151.02150836869174
2014-12-23,2.8188588619232178,10.13934326171875,8.769827842712402,7.332095146179199,4.639563083648682,8.375060081481934,9.713334083557129,5.854021072387695,151.08713476515337
2014-12-26,2.6664187908172607,9.892936706542969,8.645256996154785,7.176532745361328,4.693068504333496,8.247775077819824,9.683481216430664,5.870758056640625,151.15278967956556
2014-12-29,2.656083583831787,10.089150428771973,8.670165061950684,7.225656986236572,4.682366371154785,8.541678428649902,9.838704109191895,5.810973644256592,151.21858044280148
2014-12-30,2.5914902687072754,9.99788761138916,8.62034797668457,7.176532745361328,4.66249418258667,8.21768856048584,9.725275039672852,5.684235572814941,151.2842924769329
2015-01-02,2.41838002204895,9.710409164428711,8.432161331176758,7.020963668823242,4.7083539962768555,8.146108627319336,9.641021728515625,5.416403293609619,151.35003306622875
2015-01-05,2.2116806507110596,9.564384460449219,8.474532127380371,7.035435676574707,4.740457534790039,7.807463645935059,9.466495513916016,5.3040080070495605,151.41580222309767
2015-01-06,2.1393356323242188,9.947688102722168,8.61162281036377,7.266885757446289,4.670137405395508,7.965189456939697,9.827582359313965,5.378139495849609,151.4815999599537
2015-01-07,2.2401022911071777,10.312742233276367,8.923188209533691,7.5556769371032715,4.616634368896484,8.048689842224121,9.9660005569458,5.61488151550293,151.5474262892163
2015-01-08,2.384791612625122,10.422258377075195,9.062764167785645,7.594584941864014,4.694596290588379,7.911840438842773,10.566513061523438,5.634013652801514,151.6132812233103
2015-01-09,2.4571354389190674,10.198660850524902,8.666457176208496,7.264829158782959,4.673194408416748,7.93967342376709,10.540958404541016,5.3900980949401855,151.6791647746659
2015-01-12,2.2840256690979004,10.330997467041016,8.457085609436035,7.135796546936035,4.6472063064575195,7.967511177062988,10.675117492675781,5.296835422515869,151.74507695571873
2015-01-13,2.348618984222412,10.271675109863281,8.447113037109375,7.158329486846924,4.664022445678711,7.988383769989014,10.675117492675781,5.265748500823975,151.81101777890984
2015-01-14,2.302112102508545,9.4457426071167,8.50444507598877,7.23411226272583,4.738927364349365,8.160025596618652,10.707060813903809,5.3040080070495605,151.87698725668568
2015-01-15,2.405461549758911,9.555259704589844,8.429670333862305,7.160374164581299,4.738927364349365,8.211053848266602,10.726225852966309,5.2705302238464355,151.94298540149808
2015-01-16,2.4390499591827393,9.984192848205566,8.559274673461914,7.230012893676758,4.738927364349365,8.350229263305664,10.802889823913574,5.332703590393066,152.00901222580433
2015-01-19,2.369288921356201,9.879244804382324,8.250203132629395,7.078449249267578,4.7633867263793945,8.027813911437988,10.60484504699707,5.308792591094971,152.07506774206706
2015-01-20,2.405461549758911,9.92031192779541,8.277623176574707,7.055916786193848,4.823005199432373,8.234251022338867,10.79649543762207,5.284877777099609,152.14115196275438
2015-01-21,2.557901620864868,10.075458526611328,8.521891593933105,7.227965354919434,4.771029949188232,8.607693672180176,10.917881965637207,5.418792724609375,152.2072649003398
2015-01-22,2.64316463470459,9.99788761138916,8.564265251159668,7.307840347290039,4.810777187347412,8.72830581665039,11.03925895690918,5.464226722717285,152.2762163134123
2015-01-23,2.5785720348358154,9.363607406616211,8.482006072998047,7.244350910186768,4.867337703704834,8.366460800170898,10.879549980163574,5.449880599975586,152.34514414272655
2015-01-26,2.53981614112854,8.934670448303223,8.581711769104004,7.361100196838379,4.809248447418213,8.558981895446777,10.85399341583252,5.387704849243164,152.41410317222275
2015-01-27,2.6199114322662354,8.670004844665527,8.549308776855469,7.373386859893799,4.890268325805664,8.443008422851562,10.834829330444336,5.500099182128906,152.48309341602365
2015-01-28,2.3537867069244385,8.619810104370117,8.374835014343262,7.219779968261719,4.937658309936523,8.231928825378418,10.879549980163574,5.263359069824219,152.5521148882584
2015-01-29,2.2401022911071777,8.236504554748535,8.3175048828125,7.121461868286133,5.049252033233643,8.373420715332031,11.282021522521973,5.153352737426758,152.62116760306256
2015-01-30,2.144503593444824,8.492044448852539,8.200355529785156,6.908451080322266,4.904026031494141,8.122915267944336,11.301187515258789,4.940523624420166,152.69025157457807
2015-02-02,2.271106719970703,9.00767993927002,8.308828353881836,6.98013973236084,5.035490989685059,8.162344932556152,11.173419952392578,4.8305230140686035,152.7593668169533
2015-02-03,2.575988531112671,9.52331829071045,8.540743827819824,7.238498687744141,4.9957475662231445,8.115955352783203,11.211748123168945,4.985960483551025,152.82856833771504
2015-02-04,2.588907480239868,9.377297401428223,8.854938507080078,7.4208984375,5.020205497741699,8.067245483398438,11.077590942382812,5.332703590393066,152.89780120745772
2015-02-05,2.53981614112854,9.331663131713867,8.78012752532959,7.302031517028809,5.006446838378906,8.169301986694336,11.333128929138184,5.449880599975586,152.96706544038273
2015-02-06,2.356369733810425,9.317975997924805,8.760181427001953,7.332767963409424,4.9957475662231445,8.164666175842285,11.441732406616211,5.237050533294678,153.03636105069788
2015-02-09,2.4287147521972656,9.851863861083984,8.815040588378906,7.408601760864258,5.003389358520508,8.187861442565918,11.607832908630371,5.370965003967285,153.10568805261744
2015-02-10,2.302112102508545,9.30884838104248,8.70283031463623,7.253650665283203,5.134858131408691,7.839937686920166,11.524785041809082,5.191614627838135,153.17504646036215
2015-02-11,2.3460354804992676,9.628270149230957,8.555706977844238,7.05810022354126,5.098169803619385,7.6103057861328125,11.524785041809082,5.249008655548096,153.24443628815916
2015-02-12,2.441633462905884,9.847301483154297,8.780585289001465,7.338038921356201,5.040078639984131,7.654373645782471,11.55672550201416,5.526402473449707,153.31385755024206
2015-02-13,2.5914902687072754,10.257983207702637,9.071910858154297,7.533580780029297,4.9590582847595215,7.962867736816406,11.499229431152344,5.882715702056885,153.3833102608509
2015-02-18,2.594073534011841,10.362939834594727,9.125576972961426,7.615920066833496,4.952945709228516,7.904881954193115,11.626998901367188,5.727277755737305,153.45279443423215
2015-02-19,2.5088107585906982,10.084585189819336,9.123019218444824,7.599449634552002,5.044665813446045,8.002300262451172,11.646162033081055,5.8229289054870605,153.5223100846388
2015-02-20,2.490724563598633,10.321869850158691,9.171577453613281,7.61797571182251,4.968232154846191,7.969829082489014,11.607832908630371,5.753606796264648,153.5918572263302
2015-02-23,2.454552412033081,9.865554809570312,9.26102352142334,7.692079067230225,4.945300579071045,7.962867736816406,11.805874824523926,5.732005596160889,153.66143587357232
2015-02-24,2.557901620864868,10.057208061218262,9.358131408691406,7.776467800140381,4.968232154846191,7.969829082489014,11.805874824523926,5.676796913146973,153.73104604063738
2015-02-25,2.4287147521972656,10.102837562561035,9.381122589111328,7.819698810577393,4.877097129821777,7.9605488777160645,11.658943176269531,5.55678129196167,153.80068774180424
2015-02-26,2.384791612625122,9.696718215942383,9.427124977111816,7.8361592292785645,4.857095718383789,8.21801471710205,11.812263488769531,5.523177623748779,153.87036099135815
2015-02-27,2.467471122741699,9.696718215942383,9.327455520629883,7.739416599273682,4.704782962799072,8.118276596069336,11.697271347045898,5.693601131439209,153.94006580359084
2015-03-02,2.433882713317871,9.381858825683594,9.285273551940918,7.634439468383789,4.781709671020508,8.044050216674805,11.620230674743652,5.6815996170043945,154.00980219280055
2015-03-03,2.472637891769409,9.486811637878418,9.356856346130371,7.651056289672852,4.877097129821777,7.974470615386963,11.832091331481934,5.671998500823975,154.0795701732919
2015-03-04,2.3951265811920166,9.30428409576416,9.275052070617676,7.492473125457764,4.869406223297119,7.84921407699585,11.755051612854004,5.386357307434082,154.1493697593761
2015-03-05,2.3873748779296875,8.898163795471191,9.193246841430664,7.48011589050293,4.815555572509766,7.886327266693115,11.787152290344238,5.410362243652344,154.22197873701384
2015-03-06,2.389958381652832,8.939229965209961,8.947820663452148,7.389494895935059,4.84017276763916,7.900241374969482,11.703690528869629,5.280742168426514,154.29462191565833
2015-03-09,2.3046951293945312,8.91641616821289,8.71517276763916,7.177363395690918,4.778631210327148,7.802823543548584,11.710111618041992,5.074313640594482,154.36729931141923
2015-03-10,2.201345920562744,8.715635299682617,8.372600555419922,6.9384684562683105,4.723245143890381,7.62885856628418,11.363430976867676,5.10551643371582,154.44001094041388
2015-03-11,2.258188486099243,8.606122016906738,8.6563720703125,7.146477699279785,4.789402484893799,7.832979202270508,11.645910263061523,5.187129020690918,154.51275681876712
2015-03-12,2.188426971435547,8.606122016906738,8.692157745361328,7.018789768218994,4.869406223297119,7.730919361114502,11.58171272277832,5.256738185882568,154.58553696261146
2015-03-13,2.154838800430298,8.615246772766113,8.648707389831543,6.932285308837891,4.84632682800293,7.696123123168945,11.645910263061523,5.129520893096924,154.65835138808694
2015-03-16,2.167757272720337,8.624375343322754,8.648707389831543,7.035258769989014,4.723245143890381,7.76339054107666,11.556032180786133,5.129520893096924,154.73120011134128
2015-03-17,2.2891931533813477,9.071562767028809,8.896682739257812,7.311241626739502,4.737092971801758,7.909519195556641,11.665170669555664,5.388758659362793,154.8040831485297
2015-03-18,2.377039909362793,8.939229965209961,9.165118217468262,7.59956693649292,4.806324005126953,8.171623229980469,11.832091331481934,5.770410537719727,154.87700051581515
2015-03-19,2.3046951293945312,8.738451957702637,9.108880043029785,7.471878528594971,4.783248424530029,8.118276596069336,11.877031326293945,5.513576507568359,154.94995222936808
2015-03-20,2.3822078704833984,9.240397453308105,9.185575485229492,7.587212562561035,4.829402446746826,8.118276596069336,11.98617172241211,5.746406555175781,155.0229383053667
2015-03-23,2.4106287956237793,9.299721717834473,9.126776695251465,7.568674564361572,4.74632453918457,8.169301986694336,12.09531307220459,5.7512078285217285,155.09601301802508
2015-03-24,2.433882713317871,8.934670448303223,9.070528030395508,7.496591567993164,4.73093843460083,8.327032089233398,11.973332405090332,5.738280773162842,155.1691221766415
2015-03-25,2.5320637226104736,9.016804695129395,9.062858581542969,7.500715255737305,4.777762413024902,8.24584674835205,11.825672149658203,5.606591701507568,155.24226579745314
2015-03-26,2.4106287956237793,8.633499145507812,8.807210922241211,7.270042896270752,4.691371917724609,8.111318588256836,11.607392311096191,5.387105464935303,155.31544389670475
2015-03-27,2.41838002204895,8.37339973449707,8.653822898864746,7.068209171295166,4.78084659576416,8.041730880737305,11.735794067382812,5.404177188873291,155.3886564906488
2015-03-30,2.5088107585906982,8.496606826782227,8.945262908935547,7.216501712799072,4.911979675292969,8.443008422851562,11.973332405090332,5.565130710601807,155.46184920951558
2015-03-31,2.495891809463501,8.186309814453125,9.027069091796875,7.3029937744140625,4.905807018280029,8.512592315673828,11.864192008972168,5.587080955505371,155.53507640434873
2015-04-01,2.650916337966919,8.003785133361816,9.33525276184082,7.540250778198242,4.989113807678223,8.581653594970703,12.165936470031738,5.796811580657959,155.60833809138745
2015-04-02,2.762017250061035,8.213690757751465,9.424771308898926,7.619128704071045,4.986027717590332,8.681681632995605,12.10173225402832,5.999224662780762,155.68163428687862
2015-04-06,2.7671844959259033,8.273011207580566,9.53986930847168,7.6933112144470215,4.99837064743042,8.979445457458496,12.35211181640625,6.213829517364502,155.75496500707675
2015-04-07,2.821443557739258,8.670004844665527,9.54498291015625,7.735352039337158,5.019970417022705,8.70494556427002,12.480517387390137,6.018731594085693,155.82833026824403
2015-04-08,2.7310118675231934,8.555928230285645,9.591023445129395,7.732877731323242,5.01379919052124,8.930593490600586,12.474092483520508,5.938254356384277,155.90173008665028
2015-04-09,2.9919700622558594,8.578741073608398,9.39920425415039,7.594397068023682,4.949003219604492,9.021319389343262,12.409896850585938,5.721211910247803,155.975164478573
2015-04-10,3.051396369934082,8.405342102050781,9.468260765075684,7.624075412750244,4.973686695098877,9.025973320007324,12.531872749328613,5.926063537597656,156.0486334602973
2015-04-13,3.170247793197632,8.323205947875977,9.394088745117188,7.643854141235352,4.964433670043945,8.851502418518066,12.461251258850098,5.913867950439453,156.12213704811612
2015-04-14,3.219338893890381,8.555928230285645,9.394088745117188,7.750193119049072,5.01379919052124,8.937570571899414,12.275074005126953,5.869972229003906,156.19567525832986
2015-04-15,3.446706771850586,8.76891040802002,9.52963924407959,7.834269046783447,5.007627010345459,8.932920455932617,12.287911415100098,6.104086875915527,156.2692481072468
2015-04-16,3.3536934852600098,8.514326095581055,9.458023071289062,7.836742877960205,4.918150901794434,8.944554328918457,12.262229919433594,6.289430618286133,156.34285561118273
2015-04-17,3.3459420204162598,8.391749382019043,9.337817192077637,7.6042866706848145,4.9088921546936035,8.549084663391113,12.242973327636719,5.987029552459717,156.41649778646126
2015-04-20,3.3769474029541016,8.358748435974121,9.181808471679688,7.562245845794678,4.853357315063477,8.497906684875488,12.127409934997559,5.957764148712158,156.4901746494136
2015-04-22,3.3588616847991943,9.169638633728027,9.437567710876465,7.624075412750244,4.828671455383301,8.588629722595215,12.172350883483887,6.199197769165039,156.56388621637868
2015-04-23,3.3252718448638916,9.942809104919434,9.69332504272461,7.819430828094482,4.856441497802734,8.807299613952637,12.10815143585205,6.411364555358887,156.63763250370317
2015-04-24,3.415703773498535,10.937562942504883,10.007909774780273,8.037050247192383,4.911979675292969,8.565367698669434,12.153093338012695,6.630850315093994,156.71141352774137
2015-04-27,3.2348415851593018,11.060139656066895,9.821202278137207,7.886200428009033,4.890379905700684,8.388569831848145,12.06963062286377,6.4381937980651855,156.78528415385009
2015-04-28,3.2994351387023926,10.631121635437012,9.92094898223877,8.037050247192383,4.844099044799805,8.230382919311523,12.133833885192871,6.4625773429870605,156.85924447594397
2015-04-29,3.31235408782959,9.952239036560059,9.785401344299316,7.797176361083984,4.890379905700684,8.100110054016113,12.10173225402832,6.340641975402832,156.93323968734057
2015-04-30,3.374363422393799,10.678267478942871,9.854454040527344,7.957917213439941,4.949003219604492,8.16989803314209,12.165936470031738,6.491840839385986,157.0099753335505
2015-05-04,3.562976121902466,11.682448387145996,9.965757369995117,7.9974846839904785,5.121787071228027,8.25733757019043,12.416316032409668,6.4479451179504395,157.08674850118933
2015-05-05,3.7283358573913574,12.757346153259277,9.868526458740234,8.029393196105957,5.186581611633301,8.156693458557129,12.563971519470215,6.62597131729126,157.16366916932793
2015-05-06,3.562976121902466,11.753167152404785,9.620336532592773,7.83143424987793,5.131041049957275,8.084138870239258,12.737317085266113,6.6113386154174805,157.2406275032101
2015-05-07,3.529388189315796,11.258145332336426,9.65872573852539,7.801745414733887,5.140298843383789,7.981155872344971,12.5254545211792,6.794243812561035,157.31762352127961
2015-05-08,3.4906320571899414,10.725412368774414,9.786646842956543,7.83143424987793,5.214348793029785,8.180100440979004,12.762994766235352,6.828383922576904,157.3946572419893
2015-05-11,3.5578088760375977,10.9752779006958,9.74060344696045,7.806696891784668,5.251373291015625,7.96711540222168,12.666693687438965,6.843015670776367,157.47172868380102
2015-05-12,3.5474743843078613,10.5274019241333,9.697100639343262,7.727515697479248,5.291484355926514,8.016260147094727,12.480517387390137,6.708883762359619,157.54883786518562
2015-05-13,3.6120667457580566,10.183247566223145,9.630571365356445,7.650805950164795,5.232861042022705,8.13328742980957,12.51903247833252,6.584512233734131,157.6259848046231
2015-05-14,3.5913970470428467,10.055959701538086,9.725251197814941,7.82649040222168,5.371705532073975,8.191802978515625,12.454833984375,6.330887317657471,157.7031695206024
2015-05-15,3.6275696754455566,10.03238582611084,9.906905174255371,7.962579250335693,5.343937397003174,7.988178730010986,12.628174781799316,6.39429235458374,157.78039203162157
2015-05-18,3.5397229194641113,9.542080879211426,9.643367767333984,7.759680271148682,5.322338581085205,7.990520477294922,12.377793312072754,6.350397109985352,157.8576523561877
2015-05-19,3.330439805984497,9.485507011413574,9.507762908935547,7.690402507781982,5.245203018188477,7.793915748596191,12.35211181640625,6.1626152992248535,157.93495051281698
2015-05-20,3.3175208568573,9.35821533203125,9.33889389038086,7.472650527954102,5.282230377197266,7.800937175750732,11.864192008972168,6.104086875915527,158.0122865200346
2015-05-21,3.482879877090454,9.546794891357422,9.226316452026367,7.383579254150391,5.306909084320068,7.793915748596191,12.09531307220459,6.006538391113281,158.08966039637488
2015-05-22,3.3769474029541016,9.551508903503418,9.031867980957031,7.175729274749756,5.337767124176025,7.594970703125,12.037531852722168,5.800632953643799,158.1670721603812
2015-05-25,3.314936399459839,9.697657585144043,9.065122604370117,7.24995756149292,5.473523139953613,7.719020843505859,12.133833885192871,6.011790752410889,158.24452183060598
2015-05-26,3.2012529373168945,9.801377296447754,8.932079315185547,6.990145683288574,5.282230377197266,7.4685845375061035,11.896293640136719,5.850316047668457,158.3220094256108
2015-05-27,3.2400097846984863,9.876809120178223,9.113741874694824,7.2450103759765625,5.365535259246826,7.590293884277344,11.877031326293945,5.947200775146484,158.39953496396623
2015-05-28,3.268429756164551,9.683516502380371,9.006270408630371,7.160881996154785,5.306909084320068,7.5036940574646,11.864192008972168,5.813052654266357,158.47709846425207
2015-05-29,3.1857504844665527,9.452506065368652,8.783683776855469,6.9777750968933105,5.27605676651001,7.452202320098877,11.896293640136719,5.649097442626953,158.55469994505705
2015-06-01,3.1935009956359863,9.447790145874023,8.723525047302246,6.93570613861084,5.313081741333008,7.54816198348999,11.941234588623047,5.683876037597656,158.6323394249792
2015-06-02,3.327855348587036,10.065387725830078,8.91806697845459,7.173152923583984,5.445755958557129,7.59263277053833,11.973505020141602,5.825474739074707,158.71001692262544
2015-06-03,3.3046023845672607,9.848520278930664,8.692809104919434,6.980015754699707,5.445755958557129,7.606673240661621,11.889594078063965,5.614317893981934,158.78773245661196
2015-06-05,3.2477598190307617,9.711803436279297,8.485472679138184,6.831448554992676,5.513635158538818,7.583266735076904,12.07032585144043,5.547243595123291,158.86832199446565
2015-06-08,3.2477598190307617,9.476078033447266,8.449636459350586,6.824025630950928,5.5012946128845215,7.5013532638549805,11.915411949157715,5.522399425506592,158.94895243392747
2015-06-09,3.3588616847991943,9.419503211975098,8.395880699157715,6.784407138824463,5.566085338592529,7.583266735076904,11.960597038269043,5.5944437980651855,159.02962379575627
2015-06-10,3.379530668258667,9.999382019042969,8.641613006591797,7.032016277313232,5.600027084350586,7.707318305969238,12.109051704406738,5.765853404998779,159.11033610072133
2015-06-11,3.3846993446350098,10.055959701538086,8.587857246398926,7.022110939025879,5.661734580993652,7.796256065368652,12.050962448120117,5.731074810028076,159.1910893696025
2015-06-12,3.364028215408325,9.975810050964355,8.498266220092773,6.883454322814941,5.5938544273376465,7.730724334716797,12.096148490905762,5.660604953765869,159.27188362319023
2015-06-15,3.361445665359497,9.589224815368652,8.541787147521973,6.85621452331543,5.553744792938232,7.697954177856445,11.81213665008545,5.650540828704834,159.3527188822855
2015-06-16,3.457042694091797,9.311070442199707,8.843832969665527,7.009729385375977,5.646307468414307,7.648801326751709,12.089694023132324,5.839230060577393,159.43359516769982
2015-06-17,3.395033597946167,9.17906379699707,8.687691688537598,6.861166954040527,5.689502716064453,7.583266735076904,12.044506072998047,5.673185348510742,159.51451250025525
2015-06-18,3.4751293659210205,9.617512702941895,8.902704238891602,7.11868143081665,5.7111005783081055,7.65816593170166,12.050962448120117,5.856839179992676,159.5954709007845
2015-06-19,3.3976168632507324,9.579795837402344,8.802873611450195,6.9750657081604,5.782066822052002,7.571568489074707,12.18005657196045,5.816587448120117,159.67647039013076
2015-06-22,3.402784824371338,9.28278636932373,8.828470230102539,7.0419182777404785,5.859200954437256,7.506033420562744,12.231698036193848,5.927281379699707,159.75751098914785
2015-06-23,3.351109504699707,9.33935832977295,8.91550350189209,7.134040832519531,5.809835433959961,7.494328498840332,12.205878257751465,5.892062187194824,159.83859271870017
2015-06-24,3.415703773498535,9.334643363952637,8.9462251663208,7.178903102874756,5.815655708312988,7.379645347595215,12.199421882629395,6.007787704467773,159.91971559966268
2015-06-25,3.255511999130249,9.108349800109863,8.792637825012207,7.153984546661377,5.90536642074585,7.337515830993652,12.21233081817627,5.932314395904541,160.00087965292096
2015-06-26,3.4131197929382324,9.249781608581543,8.86943244934082,7.258671760559082,5.9424896240234375,7.293044567108154,12.354331970214844,6.1637725830078125,160.08208489937118
2015-06-29,3.3201048374176025,9.051776885986328,8.756803512573242,7.064249515533447,5.865151882171631,7.257938385009766,12.238147735595703,5.9876627922058105,160.16333135992016
2015-06-30,3.278764247894287,8.622759819030762,8.759364128112793,7.08667516708374,5.880617618560791,7.1783599853515625,12.257513999938965,6.108422756195068,160.24461905548523
2015-07-01,3.141826868057251,8.5378999710083,8.809297561645508,7.064249515533447,6.026011943817139,7.385894775390625,12.347880363464355,6.030431747436523,160.32594800699445
2015-07-02,3.1909189224243164,8.51904010772705,8.927098274230957,7.208654403686523,6.0538530349731445,7.2072978019714355,12.289789199829102,6.012820243835449,160.40731823538644
2015-07-03,3.038477897644043,8.335175514221191,8.837470054626465,7.1263427734375,6.134280204772949,7.132098197937012,12.360791206359863,5.954955577850342,160.48872976161041
2015-07-06,2.973884344100952,8.32103443145752,8.686375617980957,6.986654758453369,6.128093719482422,7.17439603805542,12.405973434448242,6.000241279602051,160.57018260662633
2015-07-07,3.0410614013671875,8.45304012298584,8.719670295715332,6.92429256439209,6.186870574951172,7.054550647735596,12.46406364440918,5.892062187194824,160.65167679140464
2015-07-08,2.960965633392334,8.0900239944458,8.619796752929688,6.817045211791992,6.115720272064209,7.070998191833496,12.328514099121094,5.826648712158203,160.73321233692656
2015-07-10,3.051396369934082,8.066452026367188,8.880999565124512,7.108879089355469,6.060039043426514,7.038099765777588,12.541520118713379,5.97760009765625,160.8147892641839
2015-07-13,3.0462279319763184,8.721761703491211,8.962946891784668,7.233593940734863,6.081693649291992,6.93235445022583,12.612526893615723,6.012820243835449,160.89640759417915
2015-07-14,3.0979042053222656,8.401178359985352,8.96909236907959,7.278493881225586,6.109533309936523,7.05689811706543,12.683526992797852,6.0203680992126465,160.97806734792542
2015-07-15,3.043644666671753,8.066452026367188,8.814164161682129,7.243575572967529,6.106440544128418,7.059253692626953,12.74807357788086,6.0203680992126465,161.0597685464465
2015-07-16,3.0979042053222656,8.31631851196289,8.839520454406738,7.208654403686523,6.121906280517578,7.14149808883667,12.735162734985352,5.824134349822998,161.14151121077686
2015-07-17,2.9480462074279785,8.226744651794434,8.785991668701172,7.188696384429932,6.07241153717041,7.0498504638671875,12.715798377990723,5.685762882232666,161.22329536196165
2015-07-20,2.7878546714782715,8.16074275970459,8.732475280761719,7.049013614654541,6.063129901885986,6.911202430725098,12.741617202758789,5.542360782623291,161.3051210210567
2015-07-21,2.772352933883667,8.27389144897461,8.659234046936035,6.959217548370361,6.121906280517578,6.930003643035889,12.664162635803223,5.534812927246094,161.3869882091285
2015-07-22,2.676753520965576,8.151312828063965,8.524022102355957,6.871912479400635,6.155933380126953,7.13444709777832,12.606066703796387,5.268137454986572,161.46889694725425
2015-07-23,2.61474347114563,8.165457725524902,8.169084548950195,6.607518196105957,6.1188130378723145,6.601008415222168,12.386608123779297,5.18511438369751,161.55084725652188
2015-07-24,2.5914902687072754,7.915590763092041,8.132472038269043,6.6673808097839355,6.168308734893799,6.626859664916992,12.238147735595703,5.134799003601074,161.63283915802998
2015-07-27,2.454552412033081,7.901445388793945,8.115565299987793,6.759671211242676,6.078598499298096,6.596311569213867,12.057416915893555,5.290780544281006,161.71487267288785
2015-07-28,2.588907480239868,8.528470993041992,8.264864921569824,6.829507827758789,5.877525806427002,6.497611999511719,12.128418922424316,5.283231258392334,161.7969478222155
2015-07-29,2.764600992202759,8.651046752929688,8.346549034118652,6.88687801361084,5.682715892791748,6.53286075592041,12.012234687805176,5.517202377319336,161.8790646271437
2015-07-30,2.692255735397339,8.226744651794434,8.242327690124512,6.709782123565674,5.6765031814575195,6.474111557006836,12.192965507507324,5.421601295471191,161.96398800323774
2015-07-31,2.7103428840637207,8.424753189086914,8.473316192626953,6.854457855224609,5.813211441040039,6.556361198425293,12.567339897155762,5.547393321990967,162.04895593098414
2015-08-03,2.5914902687072754,8.292746543884277,8.432453155517578,6.56261682510376,5.831852436065674,6.398913860321045,12.651252746582031,5.5951948165893555,162.1339684337551
2015-08-04,2.6250782012939453,8.533185958862305,8.229528427124023,6.502449035644531,5.921954154968262,6.509365081787109,12.735162734985352,5.396444797515869,162.21902553493513
2015-08-05,2.586322784423828,8.962200164794922,8.215438842773438,6.47498893737793,5.800782203674316,6.509365081787109,12.877167701721191,5.4593377113342285,162.304127257921
2015-08-06,2.671586751937866,9.230925559997559,8.184438705444336,6.502449035644531,5.73864221572876,6.201516628265381,12.83198356628418,5.308390140533447,162.3892736261218
2015-08-07,2.503643274307251,8.684049606323242,7.944879055023193,6.320225238800049,5.654755592346191,6.1874165534973145,12.509247779846191,5.152409076690674,162.47446466295878
2015-08-10,2.581155776977539,9.122493743896484,8.049158096313477,6.402601718902588,5.747964382171631,6.302565097808838,12.612526893615723,5.288263320922852,162.55970039186562
2015-08-11,2.5785720348358154,8.76891040802002,8.032249450683594,6.509933948516846,5.75106954574585,6.321364879608154,12.735162734985352,5.353673458099365,162.6449808362882
2015-08-12,2.537231922149658,8.919769287109375,7.801145076751709,6.212894439697266,5.56464958190918,6.246167182922363,12.199421882629395,5.1171875,162.73030601968472
2015-08-13,2.454552412033081,8.712332725524902,7.6201958656311035,6.0656208992004395,5.546006202697754,6.037023544311523,12.044506072998047,4.893277645111084,162.8156759655257
2015-08-14,2.4028778076171875,8.580328941345215,7.611639022827148,6.033167839050293,5.409297943115234,5.851375579833984,11.979962348937988,4.8555402755737305,162.901090697294
2015-08-17,2.364121913909912,8.490754127502441,7.531727313995361,5.930832862854004,5.319197177886963,5.945371627807617,11.999324798583984,4.7750349044799805,162.9865502384847
2015-08-18,2.322781801223755,8.212599754333496,7.6573028564453125,6.050642490386963,5.437262058258057,5.813777923583984,12.057416915893555,4.936048984527588,163.07205461260534
2015-08-19,2.258188486099243,7.939162731170654,7.500332832336426,5.868427276611328,5.431048393249512,5.757376670837402,11.695954322814941,4.631633281707764,163.15760384317565
2015-08-20,2.2452690601348877,8.09473991394043,7.51745080947876,5.835978031158447,5.166950225830078,5.585831642150879,11.928319931030273,4.679433822631836,163.24319795372784
2015-08-21,2.144503593444824,7.873158931732178,7.534579277038574,5.7710795402526855,5.2384138107299805,5.581132411956787,11.65722370147705,4.669371128082275,163.32883696780635
2015-08-24,2.0385701656341553,7.26027774810791,7.3804612159729,5.746114253997803,5.132777214050293,5.524731159210205,11.670135498046875,4.54541540145874,163.41452090896803
2015-08-25,2.028235673904419,7.2367072105407715,7.3661909103393555,5.643771171569824,5.01781702041626,5.397834300994873,11.81859302520752,4.4871087074279785,163.50024980078211
2015-08-26,2.1005802154541016,7.496001720428467,7.811420440673828,6.0107035636901855,5.027135372161865,5.489482402801514,12.173601150512695,4.707658290863037,163.5860236668301
2015-08-27,2.3046951293945312,8.339893341064453,8.0882568359375,6.180444240570068,5.1731672286987305,5.658679485321045,12.30269718170166,4.874975681304932,163.67184253070596
2015-08-28,2.3305325508117676,8.16074275970459,7.857083797454834,5.983249664306641,5.201128959655762,5.670427322387695,12.418880462646484,4.760895729064941,163.75770641601602
2015-08-31,2.3744564056396484,8.448324203491211,7.577390193939209,5.753602504730225,5.2042365074157715,5.266238212585449,12.322060585021973,4.5200629234313965,163.84361534637893
2015-09-01,2.2194318771362305,8.061738967895508,7.401770114898682,5.5888566970825195,5.055100440979004,5.040642261505127,12.076781272888184,4.403449535369873,163.9295693454258
2015-09-02,2.278857946395874,8.5378999710083,7.575963020324707,5.691021919250488,5.241522312164307,4.960745811462402,12.354331970214844,4.411053657531738,164.0155684368001
2015-09-03,2.2633557319641113,8.830196380615234,7.864376544952393,5.8334221839904785,5.241522312164307,5.120541095733643,12.670614242553711,4.5200629234313965,164.1016126441577
2015-09-04,2.1987619400024414,8.599185943603516,7.544547080993652,5.586093902587891,5.126561164855957,5.052393436431885,12.81261920928955,4.319791793823242,164.187701991167
2015-09-08,2.2323508262634277,8.92448616027832,7.627364635467529,5.716002941131592,5.0737433433532715,5.085289478302002,12.657705307006836,4.335002422332764,164.27383650150858
2015-09-09,2.167757272720337,8.985774040222168,7.713031768798828,5.783459186553955,4.996068954467773,5.089992046356201,12.495092391967773,4.3476786613464355,164.36001619887563
2015-09-10,2.0592401027679443,9.400644302368164,7.558827877044678,5.658542633056641,4.971210956573486,4.958395004272461,12.469075202941895,4.271625995635986,164.44624110697376
2015-09-11,1.9791442155838013,9.169638633728027,7.5731048583984375,5.596089839935303,4.983640670776367,5.052393436431885,12.267436981201172,4.157546043395996,164.5325112495209
2015-09-14,1.994646668434143,9.028203010559082,7.878655910491943,5.845914840698242,5.104814052581787,5.134640216827393,12.267436981201172,4.401340484619141,164.61882665024748
2015-09-15,1.9765598773956299,8.76891040802002,8.07283878326416,5.958335876464844,5.126561164855957,5.158140182495117,12.397526741027832,4.561108112335205,164.7051873328965
2015-09-16,2.103163719177246,8.976346015930176,8.207051277160645,6.1806817054748535,5.166950225830078,5.386084079742432,12.651202201843262,4.604916572570801,164.79159332122322
2015-09-17,2.0308187007904053,9.188493728637695,8.278448104858398,6.163191795349121,5.2042365074157715,5.639881610870361,12.67722225189209,4.594608306884766,164.87804463899548
2015-09-18,1.9636422395706177,9.386502265930176,7.952902793884277,5.828428268432617,5.107921123504639,5.259189128875732,12.664212226867676,4.336917877197266,164.96454130999354
2015-09-21,1.8861297369003296,9.395934104919434,7.775850772857666,5.648550987243652,5.048888683319092,5.379035472869873,12.573150634765625,4.1977667808532715,165.05108335801017
2015-09-22,1.8008657693862915,9.174349784851074,7.850095748901367,5.671035289764404,5.129669189453125,5.733878135681152,12.618680953979492,4.195189476013184,165.13767080685062
2015-09-23,1.7621103525161743,8.910343170166016,7.538837909698486,5.4786696434021,5.074843406677246,5.743277072906494,12.469075202941895,4.0457282066345215,165.2243036803326
2015-09-24,1.798282504081726,8.698190689086914,7.624505996704102,5.543624401092529,5.065492630004883,5.886625289916992,12.436555862426758,4.053458213806152,165.31098200228635
2015-09-25,1.7621103525161743,8.45304012298584,7.438894271850586,5.4162139892578125,4.918979167938232,5.780876636505127,12.553632736206055,3.9297666549682617,165.39770579655456
2015-09-28,1.663927674293518,7.821300506591797,7.4331793785095215,5.281309127807617,4.875340938568115,5.818475723266602,12.54062557220459,3.7339236736297607,165.48447508699252
2015-09-29,1.7026846408843994,7.769442081451416,7.401770114898682,5.248833179473877,4.831699371337891,5.642230033874512,12.592660903930664,3.6926941871643066,165.5712898974679
2015-09-30,1.8706268072128296,7.816586017608643,7.570247173309326,5.351261138916016,4.816113471984863,5.743277072906494,12.631688117980957,3.916884422302246,165.658150251861
2015-10-01,1.8137848377227783,8.118310928344727,7.6802544593811035,5.423708915710449,4.95327091217041,5.601818084716797,12.813812255859375,3.8421521186828613,165.74505617406464
2015-10-02,2.0075652599334717,8.401178359985352,7.991694450378418,5.628479957580566,5.093547821044922,5.802726745605469,13.0479736328125,4.102420330047607,165.83200768798415
2015-10-05,2.0204832553863525,8.552042007446289,8.160273551940918,5.79350471496582,5.218235015869141,6.010728359222412,13.236604690551758,4.164266586303711,165.91900481753734
2015-10-06,2.116082191467285,8.632189750671387,8.234554290771484,5.848516941070557,5.205763816833496,5.88545560836792,12.93740177154541,4.259610652923584,166.00604758665466
2015-10-07,2.188426971435547,9.499649047851562,8.46884822845459,6.058554172515869,5.249407768249512,5.979997158050537,13.008949279785156,4.6203765869140625,166.09313601927911
2015-10-08,2.2607717514038086,9.457219123840332,8.50028133392334,6.063552379608154,5.065492630004883,6.157272815704346,12.800804138183594,4.553378105163574,166.18027013936617
2015-10-09,2.2736899852752686,9.801377296447754,8.443138122558594,5.998540878295898,4.975091457366943,6.289636611938477,12.872355461120605,4.769837379455566,166.267449970884
2015-10-13,2.1005802154541016,8.759479522705078,7.991694450378418,5.670985698699951,5.093547821044922,6.1454548835754395,12.16336727142334,4.3729939460754395,166.35467553781325
2015-10-14,2.0566563606262207,8.816054344177246,7.9174041748046875,5.640985012054443,5.034318447113037,6.003635406494141,11.968232154846191,4.331764221191406,166.44194686414716
2015-10-15,2.066991090774536,8.943344116210938,7.785967826843262,5.6209797859191895,5.046789169311523,5.88545560836792,12.430051803588867,4.269917964935303,166.52926397389157
2015-10-16,2.0540719032287598,8.858513832092285,7.66882848739624,5.513462543487549,4.987558841705322,5.979997158050537,12.54713249206543,4.195189476013184,166.61662689106493
2015-10-19,2.0540719032287598,8.560344696044922,7.851693153381348,5.50595760345459,4.9595046043396,6.0272722244262695,12.664212226867676,4.3807268142700195,166.70403563969825
2015-10-20,2.0799102783203125,8.468971252441406,7.691685676574707,5.37593412399292,4.971975803375244,5.909090995788574,12.735759735107422,4.238994598388672,166.7914902438352
2015-10-21,2.0023982524871826,8.699811935424805,7.634542942047119,5.383439540863037,4.881575107574463,5.767272472381592,12.813812255859375,4.290533065795898,166.87899072753203
2015-10-22,2.0721592903137207,8.9017972946167,7.7945451736450195,5.4634528160095215,4.940798759460449,5.7909064292907715,12.787796020507812,4.35495662689209,166.96659552250435
2015-10-23,2.0644075870513916,8.94508171081543,7.743114948272705,5.38844108581543,4.940798759460449,6.050907611846924,12.859347343444824,4.2956862449646,167.05424630648983
2015-10-26,2.028235673904419,8.589200019836426,7.6288228034973145,5.348430156707764,4.878458023071289,6.08163595199585,12.800804138183594,4.210650444030762,167.14194310363087
2015-10-27,1.9636422395706177,8.190037727355957,7.58596658706665,5.3709330558776855,4.865991115570068,5.901999473571777,12.885359764099121,4.267341613769531,167.22968593808253
2015-10-28,2.0540719032287598,7.968812942504883,7.63739538192749,5.60597562789917,4.72571325302124,6.0272722244262695,12.774787902832031,4.195189476013184,167.3174748340126
2015-10-29,1.9662258625030518,7.762020587921143,7.4288201332092285,5.260916233062744,4.5293288230896,5.854728698730469,12.358500480651855,3.9941909313201904,167.4053098156014
2015-10-30,1.9920628070831299,8.20446491241455,7.563107967376709,5.25091552734375,4.488805770874023,6.1454548835754395,12.417038917541504,4.115304946899414,167.4931909070422
2015-11-03,2.1910107135772705,8.536299705505371,8.050545692443848,5.528462886810303,4.485686302185059,6.329817295074463,12.74876880645752,4.478646755218506,167.58111813254075
2015-11-04,2.0876617431640625,8.367976188659668,8.070554733276367,5.418087005615234,4.479454517364502,6.6276373863220215,12.74876880645752,4.4966864585876465,167.6690915163156
2015-11-05,2.095412492752075,8.151565551757812,8.16775131225586,5.565737724304199,4.797410011291504,6.899456024169922,12.657705307006836,4.715722560882568,167.757111082598
2015-11-06,2.0204832553863525,7.535989284515381,8.04482364654541,5.485654830932617,4.694540977478027,6.854545593261719,12.338987350463867,4.483800411224365,167.8451768556319
2015-11-09,2.0437376499176025,7.425378799438477,7.838992595672607,5.363027572631836,4.650900363922119,6.6489081382751465,12.16336727142334,4.4219560623168945,167.933288859674
2015-11-10,1.9662258625030518,7.396522045135498,7.887592315673828,5.335501194000244,4.510626316070557,6.384181022644043,12.130844116210938,4.414223670959473,168.02144711899376
2015-11-11,1.994646668434143,7.3676676750183105,8.10200023651123,5.46563196182251,4.532444477081299,6.445635795593262,12.397526741027832,4.447723865509033,168.10965165787331
2015-11-12,1.9584741592407227,7.237819194793701,8.124871253967285,5.463130474090576,4.442046165466309,6.447998523712158,12.28695011138916,4.434840679168701,168.19790250060763
2015-11-13,1.8783780336380005,7.3917131423950195,7.899020195007324,5.383050918579102,4.379702568054199,6.592183589935303,12.423544883728027,4.398763656616211,168.28619967150433
2015-11-16,1.9894787073135376,7.237819194793701,8.122014999389648,5.428092002868652,4.426459789276123,6.417274475097656,12.391023635864258,4.458033561706543,168.37454319488387
2015-11-17,2.0049819946289062,6.98293399810791,8.179190635681152,5.630804538726807,4.495036602020264,6.393636226654053,12.436555862426758,4.53791618347168,168.46293309507945
2015-11-18,2.0204832553863525,7.016596794128418,8.159178733825684,5.675849437713623,4.404639720916748,6.478727340698242,12.469075202941895,4.571414947509766,168.55136939643702
2015-11-19,2.025651693344116,7.040643692016602,8.382166862487793,5.856037616729736,4.582320690155029,6.672547817230225,12.586155891418457,4.826528549194336,168.63985212331536
2015-11-23,2.0876617431640625,6.853085994720459,8.379312515258789,5.798472881317139,4.582320690155029,6.8119988441467285,12.397526741027832,4.785297393798828,168.728381300086
2015-11-24,2.196178913116455,6.958888053894043,8.390745162963867,5.75843620300293,4.710129261016846,6.726909160614014,12.319476127624512,4.837525844573975,168.81695695113328
2015-11-25,2.041154146194458,6.761711120605469,7.979074001312256,5.478147029876709,4.812996864318848,6.604001045227051,12.098322868347168,4.525425910949707,168.90557910085434
2015-11-26,2.046321392059326,6.8242292404174805,8.09628963470459,5.598271369934082,4.784939289093018,6.618181228637695,12.234916687011719,4.642462730407715,168.9942477736591
2015-11-27,1.9636422395706177,6.396212577819824,7.881868362426758,5.393060207366943,4.881575107574463,6.500000476837158,12.07880687713623,4.4968180656433105,169.08296299397034
2015-11-30,1.9817283153533936,6.33369255065918,7.944767475128174,5.285449028015137,4.738180637359619,6.280182361602783,12.124341011047363,4.236733913421631,169.17172478622365
2015-12-01,1.935220718383789,6.174989700317383,8.00626277923584,5.25541877746582,4.95327091217041,6.003635406494141,12.182880401611328,4.236733913421631,169.2605331748674
2015-12-02,1.942972183227539,6.223082065582275,7.751687049865723,5.2526469230651855,5.009381294250488,6.055635929107666,11.994250297546387,4.2705464363098145,169.34938818436288
2015-12-03,2.061824083328247,6.189417362213135,8.243674278259277,5.483092784881592,5.143420696258545,6.1454548835754395,12.195889472961426,4.629458904266357,169.4382898391841
2015-12-04,1.942972183227539,5.939341068267822,8.060614585876465,5.407943248748779,4.862869739532471,5.850001335144043,12.059297561645508,4.504619121551514,169.52723816381808
2015-12-07,1.857708215713501,5.872012138366699,8.000545501708984,5.352841854095459,5.024967670440674,6.0272722244262695,12.098322868347168,4.48641300201416,169.61623318276452
2015-12-08,1.8422062397003174,5.60269832611084,7.909007549285889,5.235112190246582,4.841050148010254,5.720000267028809,11.799115180969238,4.442197799682617,169.70527492053614
2015-12-09,1.9765598773956299,5.809492588043213,8.3380708694458,5.498119831085205,4.816113471984863,6.0272722244262695,12.020267486572266,4.889540672302246,169.79436340165842
2015-12-10,1.9248852729797363,6.093235015869141,8.297446250915527,5.260163307189941,4.987558841705322,5.909090995788574,11.903186798095703,4.6814751625061035,169.88349865066974
2015-12-11,1.8732109069824219,5.872012138366699,8.297446250915527,5.21507453918457,5.118483543395996,5.788544178009033,11.890178680419922,4.590444564819336,169.97268069212137
2015-12-14,1.8628756999969482,5.992241382598877,8.101540565490723,5.122395992279053,4.887809753417969,5.861818313598633,11.740574836730957,4.396132946014404,170.0619095505775
2015-12-15,1.9171348810195923,6.194226264953613,8.153399467468262,5.202548027038574,4.800527572631836,5.835818290710449,11.61048698425293,4.427833080291748,170.15118525061516
2015-12-16,1.8835456371307373,6.372166156768799,8.098651885986328,5.247635841369629,4.8971638679504395,5.8641815185546875,11.799115180969238,4.35914421081543,170.2405078168243
2015-12-17,1.8602925539016724,6.126899719238281,8.236946105957031,5.36065149307251,4.818933963775635,6.003635406494141,11.805622100830078,4.330081939697266,170.3298772738078
2015-12-18,1.8137848377227783,6.199037075042725,7.758686542510986,5.128372669219971,4.756350040435791,5.828727722167969,11.577963829040527,4.213838577270508,170.41929364618144
2015-12-21,1.715602993965149,5.910486221313477,7.61463737487793,4.979611873626709,4.753222465515137,5.7909064292907715,11.708054542541504,3.939082384109497,170.50875695857394
2015-12-22,1.7543591260910034,6.035524845123291,7.663614749908447,5.023976802825928,4.84083890914917,5.875999927520752,11.773645401000977,3.9628584384918213,170.59826723562688
2015-12-23,1.7905309200286865,6.357738018035889,7.634803295135498,5.0631279945373535,4.865872383117676,6.074544429779053,11.93762493133545,3.9232311248779297,170.68782450199487
2015-12-28,1.731104850769043,6.0788068771362305,7.605993270874023,5.11271333694458,4.931585311889648,5.956364631652832,11.898266792297363,3.957575559616089,170.7774287823454
2015-12-29,1.7285213470458984,6.117279529571533,7.611753463745117,5.138815402984619,4.875259876251221,5.78381872177124,11.93762493133545,3.9100208282470703,170.867080101359
2015-12-30,1.731104850769043,6.266364574432373,7.585826396942139,5.031806945800781,4.6781229972839355,5.8665452003479,11.708053588867188,3.894169569015503,170.95677848372895
2016-01-04,1.775028944015503,6.1028523445129395,7.24422550201416,4.958730220794678,4.58111572265625,5.554708003997803,11.288268089294434,3.7620747089385986,171.04652395416178
2016-01-05,1.7259376049041748,6.021095275878906,7.304762840270996,4.976741790771484,4.803287506103516,5.692684650421143,11.465364456176758,3.7752838134765625,171.13631653737673
2016-01-06,1.6535930633544922,5.5786519050598145,7.275934219360352,4.906206130981445,4.693768501281738,5.745018482208252,11.353860855102539,3.7752838134765625,171.2261562581062
2016-01-07,1.6174207925796509,5.246818542480469,7.137569427490234,4.806930065155029,4.559213638305664,5.7093353271484375,11.052138328552246,3.6854584217071533,171.3160431410954
2016-01-08,1.6200048923492432,5.068878650665283,7.140450477600098,4.7128825187683105,4.537309169769287,5.7093353271484375,11.196440696716309,3.6854584217071533,171.40597721110274
2016-01-11,1.5734976530075073,4.92460298538208,7.056848049163818,4.579648494720459,4.434045314788818,5.718850612640381,11.0193452835083,3.5797829627990723,171.49595849289943
2016-01-12,1.4288074970245361,4.525440692901611,7.088556289672852,4.553523540496826,4.631184101104736,5.371533393859863,11.137410163879395,3.455613613128662,171.58598701126985
2016-01-13,1.361630916595459,4.328263759613037,6.979015827178955,4.488213062286377,4.459078788757324,5.402459621429443,11.039020538330078,3.392207384109497,171.67606279101128
2016-01-14,1.4701472520828247,4.6408610343933105,7.079914093017578,4.62406063079834,4.462207317352295,5.49761438369751,11.052138328552246,3.582425117492676,171.76618585693404
2016-01-15,1.335793375968933,4.506203651428223,6.895421981811523,4.506502628326416,4.418399810791016,5.323955535888672,10.881601333618164,3.4450442790985107,171.85635623386148
2016-01-18,1.2401947975158691,4.275362968444824,6.814702987670898,4.46731424331665,4.36833381652832,5.212147235870361,10.652033805847168,3.423909902572632,171.94657394663
2016-01-19,1.2040224075317383,4.414830207824707,6.745518684387207,4.498661041259766,4.402754306793213,5.185978412628174,10.986549377441406,3.392207384109497,172.03683902008902
2016-01-20,1.1445965766906738,4.429256916046143,6.650388240814209,4.509112358093262,4.3401689529418945,5.024215221405029,10.848808288574219,3.360504388809204,172.12715147910097
2016-01-21,1.1626828908920288,4.395593166351318,6.66480827331543,4.443801403045654,4.5341796875,4.950466632843018,10.704505920410156,3.3578617572784424,172.21745110403845
2016-01-22,1.139428973197937,4.3426923751831055,6.728224754333496,4.5352373123168945,4.615538120269775,4.874344348907471,11.052138328552246,3.4344775676727295,172.30779810106213
2016-01-26,1.0851705074310303,4.30421781539917,6.800285339355469,4.482987880706787,4.440304756164551,4.893374443054199,11.045578002929688,3.4054174423217773,172.39819249502395
2016-01-27,1.1807689666748047,4.525440692901611,6.826237678527832,4.537846565246582,4.621796607971191,5.0337300300598145,11.688376426696777,3.355221748352051,172.48863431078877
2016-01-28,1.1885199546813965,4.48696756362915,6.872359275817871,4.545687675476074,4.609279632568359,4.924301624298096,11.73429012298584,3.4291937351226807,172.57912357323457
2016-01-29,1.2505301237106323,4.674525260925293,7.192335605621338,4.7416205406188965,4.837708950042725,5.216905117034912,12.239341735839844,3.6590394973754883,172.66966030725231
2016-02-01,1.2195249795913696,4.568723678588867,7.346652030944824,4.864405155181885,4.7188005447387695,5.340606689453125,12.15347671508789,3.740938186645508,172.76024453774613
2016-02-02,1.1110076904296875,4.135897159576416,6.8188018798828125,4.667994022369385,4.524792671203613,5.23355770111084,11.876057624816895,3.4608967304229736,172.85087628963308
2016-02-03,1.160098671913147,4.333073616027832,6.983213901519775,4.8928985595703125,4.612407684326172,5.307302951812744,11.955321311950684,3.5058109760284424,172.9415555878434
2016-02-04,1.2221088409423828,4.972695350646973,7.084170341491699,5.15963888168335,4.593632698059082,5.352501392364502,12.127058029174805,3.64583158493042,173.03228245732035
2016-02-05,1.1730177402496338,4.919792652130127,7.153398513793945,5.107337474822998,4.568600177764893,5.23355770111084,11.981740951538086,3.616769313812256,173.12305692302027
2016-02-10,1.1135919094085693,4.905365943908691,7.188009262084961,5.164870262145996,4.568600177764893,5.126507759094238,11.849640846252441,3.616769313812256,173.2138790099127
2016-02-11,1.0929217338562012,4.7466630935668945,6.9745588302612305,5.031498432159424,4.465335845947266,5.002804279327393,11.790193557739258,3.450329542160034,173.30474874298008
2016-02-12,1.149763822555542,4.929411888122559,7.029368877410889,5.047186851501465,4.490372180938721,5.00756311416626,11.836427688598633,3.4344775676727295,173.39566614721812
2016-02-15,1.1807689666748047,5.054450511932373,7.006291389465332,5.047186851501465,4.387106418609619,5.005185127258301,11.836427688598633,3.4714643955230713,173.48663124763564
2016-02-16,1.1471800804138184,5.429566383361816,7.1764750480651855,5.227634429931641,4.3808488845825195,5.162191390991211,11.869454383850098,3.5401532649993896,173.57764406925446
2016-02-17,1.209190011024475,5.7277374267578125,7.254351615905762,5.285164833068848,4.377720355987549,5.162191390991211,12.061002731323242,3.5295870304107666,173.66870463710964
2016-02-18,1.185936450958252,5.535368919372559,7.107247829437256,5.177947044372559,4.427785873413086,5.188358783721924,12.15347671508789,3.400132894515991,173.75981297624932
2016-02-19,1.1523475646972656,5.689263820648193,7.191519737243652,5.198864936828613,4.3808488845825195,5.09320068359375,12.10063648223877,3.4371190071105957,173.8509691117348
2016-02-22,1.3022044897079468,6.319264888763428,7.481907844543457,5.470839977264404,4.568600177764893,5.519023418426514,12.278973579406738,3.595634698867798,173.9421730686405
2016-02-23,1.2711995840072632,5.953769683837891,7.375233173370361,5.4185357093811035,4.524792671203613,5.304923057556152,12.061002731323242,3.571857452392578,174.03342487205404
2016-02-24,1.2582811117172241,5.631551742553711,7.313004970550537,5.40807580947876,4.112861156463623,5.338227272033691,12.008164405822754,3.4529709815979004,174.12472454707617
2016-02-25,1.263448715209961,5.29971981048584,7.318933486938477,5.3923845291137695,4.153766632080078,5.540434837341309,11.697718620300293,3.4661800861358643,174.21607211882082
2016-02-26,1.2582811117172241,5.290100574493408,7.318933486938477,5.40807580947876,4.0436296463012695,5.4048380851745605,11.644878387451172,3.487316608428955,174.30746761241508
2016-02-29,1.3280417919158936,5.67964506149292,7.526356220245361,5.580674648284912,4.150620460510254,5.469065189361572,11.651484489440918,3.577141523361206,174.39891105299924
2016-03-01,1.3719656467437744,6.160562515258789,7.880651473999023,5.737582206726074,4.169501304626465,5.680789470672607,12.054401397705078,3.7832083702087402,174.4904024657268
2016-03-02,1.4598127603530884,6.838657379150391,8.064471244812012,5.862940788269043,4.295374393463135,5.87347936630249,11.981740951538086,3.9020960330963135,174.58194187576433
2016-03-03,1.6975167989730835,7.511941432952881,8.862034797668457,6.386415004730225,4.263905048370361,6.0090742111206055,12.17989730834961,4.415282249450684,174.67352930829176
2016-03-04,1.8654595613479614,7.9591965675354,9.294903755187988,7.0459980964660645,4.320547580718994,6.50626277923584,12.622443199157715,4.851226329803467,174.7651647885022
2016-03-07,1.9042153358459473,8.454543113708496,9.253396034240723,6.847073554992676,4.392924785614014,6.684680461883545,12.66207218170166,4.853883743286133,174.8568483416019
2016-03-08,1.9300531148910522,7.228201389312744,9.460945129394531,6.881101131439209,4.578582763671875,6.660890102386475,12.58281135559082,5.382866859436035,174.94857999281038
2016-03-09,1.9636422395706177,6.973315238952637,9.146658897399902,6.569629192352295,4.3646016120910645,6.637102127075195,12.318603515625,5.3961567878723145,175.04035976736043
2016-03-10,2.0540719032287598,6.732855796813965,9.50540828704834,6.76593542098999,4.329988479614258,6.584765434265137,12.30539608001709,5.715145111083984,175.132187690498
2016-03-11,2.090245485305786,6.670337677001953,9.585466384887695,7.006740093231201,4.285933017730713,6.468200206756592,12.034584045410156,6.074002265930176,175.2240637874823
2016-03-14,1.9119666814804077,6.463541030883789,9.540987968444824,6.962239742279053,4.248171329498291,6.5015058517456055,11.915693283081055,5.926706314086914,175.31598808358586
2016-03-15,1.7078518867492676,6.4827775955200195,9.117003440856934,6.595806121826172,4.248171329498291,6.389698505401611,12.087422370910645,4.671957492828369,175.4079606040944
2016-03-16,1.8680436611175537,7.127209186553955,8.847206115722656,6.449235439300537,4.339428424835205,6.5038838386535645,12.080821990966797,4.829466342926025,175.49998137430694
2016-03-17,2.0928285121917725,7.454232692718506,9.813763618469238,7.289412975311279,4.493620872497559,6.791728973388672,12.371445655822754,5.523586750030518,175.59205041953572
2016-03-18,2.097996234893799,7.372477054595947,9.840442657470703,7.19256591796875,4.531383991241455,7.0367536544799805,12.16668701171875,5.435487270355225,175.6841677651063
2016-03-21,2.0824942588806152,7.285912036895752,9.843405723571777,7.312966823577881,4.597463607788086,7.062925815582275,12.371445655822754,5.52625846862793,175.77633343635756
2016-03-22,2.095412492752075,7.420568943023682,9.591389656066895,7.237062931060791,4.657254695892334,6.970147132873535,12.3780517578125,5.446166038513184,175.86854745864161
2016-03-23,2.0101492404937744,6.790566444396973,9.286003112792969,7.0014967918396,4.431507587432861,6.8345489501953125,12.549785614013672,5.2432684898376465,175.9608098573239
2016-03-24,2.0179004669189453,7.237819194793701,9.188170433044434,6.8732523918151855,4.39044713973999,6.541947364807129,12.549785614013672,5.069738388061523,176.05312065778315
2016-03-28,2.180675983428955,7.295531749725342,9.416464805603027,7.208271503448486,4.4946794509887695,6.706090927124023,12.74793815612793,5.366076469421387,176.14547988541145
2016-03-29,2.1935946941375732,7.257057189941406,9.472800254821777,7.333906173706055,4.611546993255615,6.970147132873535,12.774362564086914,5.52625846862793,176.23788756561413
2016-03-30,2.180675983428955,7.473468780517578,9.526162147521973,7.344377040863037,4.583119869232178,7.162837505340576,12.64886474609375,5.4114603996276855,176.33034372380993
2016-03-31,2.147087574005127,7.285912036895752,9.253396034240723,7.082639217376709,4.437825679779053,7.065301895141602,12.417682647705078,5.277976989746094,176.4228483854309
2016-04-01,2.160005807876587,7.459043502807617,9.317173957824707,7.223979473114014,4.52310848236084,7.24948787689209,12.437498092651367,5.277976989746094,176.51540157592237
2016-04-04,1.948140025138855,7.112780570983887,8.990877151489258,6.930351257324219,4.377813339233398,7.182492256164551,12.226131439208984,4.978969573974609,176.60800332074314
2016-04-05,2.0153167247772217,7.353238582611084,9.008671760559082,6.961782932281494,4.371492862701416,7.450462341308594,12.358236312866211,4.8988800048828125,176.70065364536524
2016-04-06,1.9584741592407227,7.247437953948975,8.750611305236816,6.778439998626709,4.4504594802856445,7.505491733551025,12.30539608001709,4.853496074676514,176.79335257527416
2016-04-07,1.9894787073135376,7.2185845375061035,8.845531463623047,6.830825328826904,4.422030448913574,7.536594390869141,12.25255012512207,5.00299596786499,176.8861001359687
2016-04-08,2.1341683864593506,7.810112476348877,9.403193473815918,7.179176330566406,4.384129047393799,7.739961624145508,12.265762329101562,5.579649925231934,176.97889635296102
2016-04-11,2.167757272720337,8.161181449890137,9.450651168823242,7.299659252166748,4.216722011566162,7.675361633300781,12.021374702453613,5.7505106925964355,177.07174125177676
2016-04-12,2.335700750350952,9.012407302856445,9.877801895141602,7.642767906188965,4.254626274108887,7.96725606918335,12.15347671508789,5.900010585784912,177.16463485795487
2016-04-13,2.451968193054199,9.411568641662598,9.99942398071289,8.407051086425781,4.377813339233398,7.811744213104248,12.087422370910645,5.9614152908325195,177.25757719704768
2016-04-14,2.3667054176330566,8.75271224975586,9.708728790283203,7.517048358917236,4.403080463409424,7.842841625213623,12.3780517578125,5.854629993438721,177.35056829462104
2016-04-15,2.503643274307251,8.94508171081543,9.771015167236328,7.551101207733154,4.516790866851807,7.933758735656738,12.543179512023926,6.060193061828613,177.4436081762541
2016-04-18,2.3873748779296875,9.161492347717285,9.699823379516602,7.508139133453369,4.422030448913574,7.773458480834961,12.523362159729004,5.894670486450195,177.53669686753943
2016-04-19,2.48297381401062,9.839585304260254,9.753216743469238,7.525428771972656,4.4630937576293945,7.771068096160889,12.629049301147461,5.867977619171143,177.62983439408313
2016-04-20,2.4493846893310547,10.464780807495117,9.572275161743164,7.5196661949157715,4.418873310089111,7.907444000244141,12.681889533996582,5.827933311462402,177.7230207815046
2016-04-22,2.519145965576172,9.296148300170898,9.397263526916504,7.361212730407715,4.45993709564209,7.4624247550964355,12.65546703338623,5.67842960357666,177.8162560554368
2016-04-25,2.4106287956237793,8.685384750366211,9.314204216003418,7.191225051879883,4.4504594802856445,7.352368354797363,12.635653495788574,5.552954196929932,177.90954024152606
2016-04-26,2.4984757900238037,8.988363265991211,9.637535095214844,7.4505205154418945,4.583119869232178,7.883519649505615,12.708309173583984,5.80657434463501,178.00287336543218
2016-04-27,2.648332357406616,9.353860855102539,9.966788291931152,7.712701797485352,4.801062107086182,8.156270980834961,12.787569046020508,5.95340633392334,178.09625545282842
2016-04-28,2.64316463470459,9.517372131347656,9.898567199707031,7.554247856140137,4.823173522949219,8.158661842346191,12.853620529174805,5.80657434463501,178.1896865294015
2016-04-29,2.64316463470459,9.469279289245605,9.750251770019531,7.462043762207031,4.7947468757629395,7.895479202270508,12.80738639831543,5.902681350708008,178.28316662085172
2016-05-02,2.6276633739471436,9.55584716796875,9.481682777404785,7.3151092529296875,4.823173522949219,8.138360023498535,12.88664722442627,5.753180980682373,178.3766957528927
2016-05-03,2.526897430419922,8.9739351272583,8.93563175201416,7.161993503570557,4.804223537445068,8.135970115661621,12.939489364624023,5.456845283508301,178.47027395125164
2016-05-04,2.5630691051483154,8.367976188659668,9.155233383178711,7.467615604400635,4.747368335723877,8.25322151184082,12.946093559265137,5.574311256408691,178.5639012416692
2016-05-05,2.5346484184265137,8.01209831237793,9.018720626831055,7.280211448669434,4.772636413574219,8.114433288574219,12.642256736755371,5.478201866149902,178.6575776498996
2016-05-06,2.6044089794158936,8.117898941040039,9.021687507629395,7.314803600311279,4.731575965881348,8.308256149291992,12.444104194641113,5.523586750030518,178.75130320171053
2016-05-09,2.4493846893310547,7.324384689331055,9.07807731628418,7.360938549041748,4.778953552246094,8.315437316894531,12.477126121520996,5.406120300292969,178.84507792288318
2016-05-10,2.637998104095459,7.632173538208008,9.647868156433105,7.678092002868652,4.921088695526123,8.650449752807617,12.609230041503906,5.726484775543213,178.9389018392123
2016-05-11,2.648332357406616,7.665836811065674,9.588516235351562,7.753058433532715,4.89266300201416,8.643270492553711,12.45731258392334,5.467523097991943,179.03277497650618
2016-05-12,2.5294811725616455,7.425378799438477,9.683477401733398,7.920286655426025,4.958993434906006,8.794022560119629,12.66867733001709,5.312681674957275,179.1266973605866
2016-05-13,2.4442176818847656,7.059879779815674,9.31845760345459,7.600247383117676,4.848443031311035,8.729413032531738,12.39125919342041,5.168520450592041,179.22066901728897
2016-05-16,2.519145965576172,7.180110454559326,9.17601203918457,7.467615604400635,4.769476890563965,8.430298805236816,12.397867202758789,5.0884294509887695,179.31468997246213
2016-05-17,2.454552412033081,7.27629280090332,8.98013973236084,7.225429058074951,4.718939781188965,7.997178077697754,12.259157180786133,4.8428168296813965,179.4087602519686
2016-05-18,2.4080448150634766,7.074308395385742,9.119626998901367,7.257140159606934,4.775794506072998,7.968461036682129,12.15347671508789,4.8481550216674805,179.50287988168438
2016-05-19,2.315030574798584,7.160871982574463,9.042471885681152,7.107215881347656,4.766319751739502,8.112042427062988,12.285579681396484,4.733359336853027,179.5970488874991
2016-05-20,2.299527645111084,6.795375347137451,8.92673110961914,7.0293660163879395,4.826333999633789,8.112042427062988,12.245949745178223,4.6212310791015625,179.69126729531598
2016-05-23,2.196178913116455,6.944459915161133,8.956406593322754,7.049544334411621,4.6715593338012695,7.966071605682373,12.17989730834961,4.538472652435303,179.7855351310518
2016-05-24,2.2039296627044678,6.7424750328063965,8.947502136230469,7.069728374481201,4.693671226501465,8.088111877441406,12.345027923583984,4.299978256225586,179.87985242063692
2016-05-25,2.2401022911071777,7.0310258865356445,8.905953407287598,7.040894985198975,4.690515041351318,8.04024887084961,12.536574363708496,4.42644739151001,179.9742191900153
2016-05-27,2.1264169216156006,6.872321605682373,8.816924095153809,6.939981460571289,4.611546993255615,7.822492599487305,12.74793815612793,4.340339660644531,180.06863546514458
2016-05-30,2.1651740074157715,6.8675127029418945,8.813956260681152,6.919792175292969,4.6494526863098145,7.781816482543945,12.64886474609375,4.415684223175049,180.16310127199594
2016-05-31,2.0773260593414307,6.838657379150391,8.62105941772461,6.573807716369629,4.545215606689453,7.956498146057129,12.622443199157715,4.431828498840332,180.25761663655427
2016-06-01,2.1134986877441406,6.939651012420654,8.750218391418457,6.694908142089844,4.703146934509277,7.942136764526367,12.774362564086914,4.458737373352051,180.35218158481797
2016-06-02,2.1496713161468506,7.189727783203125,8.880860328674316,6.911020278930664,4.665243625640869,7.908641815185547,12.734729766845703,4.5475358963012695,180.4467961427992
2016-06-03,2.2142646312713623,7.810112476348877,8.871953964233398,6.945647239685059,4.684195041656494,8.104856491088867,12.88004207611084,4.65516996383667,180.54146033652367
2016-06-06,2.1858434677124023,8.122708320617676,8.785849571228027,6.9052534103393555,4.722099304199219,8.016321182250977,12.827201843261719,4.606734752655029,180.6361741920308
2016-06-07,2.2271838188171387,7.968812942504883,8.928370475769043,6.994702339172363,4.68735408782959,7.738741874694824,12.609230041503906,4.552915573120117,180.7309377353737
2016-06-08,2.426131248474121,8.17561149597168,9.064950942993164,7.214012622833252,4.766319751739502,7.956498146057129,12.728127479553223,4.695532321929932,180.82575099261905
2016-06-09,2.371872901916504,7.550416946411133,9.044166564941406,7.225552082061768,4.681036472320557,8.02110481262207,12.65546703338623,4.682078838348389,180.9206139898473
2016-06-10,2.2685229778289795,7.189727783203125,8.580975532531738,6.9369893074035645,4.526266574859619,7.994785308837891,12.364840507507324,4.45335578918457,181.01552675315253
2016-06-13,2.2271838188171387,7.309958457946777,8.6195707321167,7.052414417266846,4.545215606689453,7.9636759757995605,12.490339279174805,4.491027355194092,181.1104893086425
2016-06-14,2.144503593444824,7.03583288192749,8.494864463806152,6.913908004760742,4.415716171264648,7.753098011016846,12.265762329101562,4.371036529541016,181.20550168243872
2016-06-15,2.1987619400024414,7.213774681091309,8.453293800354004,6.925441741943359,4.380970478057861,7.844028472900391,12.206315994262695,4.368323802947998,181.30056390067634
2016-06-16,2.196178913116455,7.324384689331055,8.607694625854492,7.029329776763916,4.5073137283325195,8.052216529846191,12.331817626953125,4.392743110656738,181.39567598950427
2016-06-17,2.3124470710754395,7.348431587219238,8.586908340454102,6.98604679107666,4.447299480438232,8.159896850585938,12.292182922363281,4.341188430786133,181.49083797508513
2016-06-20,2.371872901916504,7.487896919250488,8.7294282913208,7.101475715637207,4.4883623123168945,8.358514785766602,12.278973579406738,4.501271724700928,181.58604988359525
2016-06-21,2.4623029232025146,7.502326011657715,8.726468086242676,7.185155391693115,4.557853698730469,8.796418190002441,12.272370338439941,4.300490856170654,181.6813117412247
2016-06-22,2.413212299346924,7.622554779052734,8.575033187866211,7.170722484588623,4.55469274520874,8.303474426269531,12.10063648223877,4.286924362182617,181.77662357417728
2016-06-23,2.4984757900238037,7.978435039520264,8.907585144042969,7.406094551086426,4.6083879470825195,8.447052955627441,12.226131439208984,4.400881290435791,181.87198540867053
2016-06-24,2.389958381652832,7.314766883850098,8.59582233428955,7.222906589508057,4.472569942474365,8.238866806030273,12.206315994262695,4.311345100402832,181.96739727093578
2016-06-27,2.2685229778289795,7.11759090423584,8.307808876037598,6.93794584274292,4.422030448913574,8.24125862121582,12.358236312866211,4.243512153625488,182.0628591872181
2016-06-28,2.377039909362793,7.434996604919434,8.598790168762207,7.109501361846924,4.339907169342041,8.413548469543457,12.384655952453613,4.349329948425293,182.15837118377632
2016-06-29,2.454552412033081,7.555225849151611,8.79178524017334,7.281061172485352,4.361079216003418,8.34415340423584,12.562995910644531,4.474140167236328,182.25393328688304
2016-06-30,2.433882713317871,7.824539661407471,8.996662139892578,7.321771144866943,4.361079216003418,8.255616188049316,12.58281135559082,4.661354064941406,182.34954552282468
2016-07-01,2.537231922149658,7.992861747741699,9.182329177856445,7.449710845947266,4.351558685302734,8.370158195495605,12.695097923278809,4.6260809898376465,182.44520791790143
2016-07-04,2.5501511096954346,8.161181449890137,9.176387786865234,7.481410026550293,4.300775527954102,8.34129524230957,12.589414596557617,4.64778470993042,182.54092049842723
2016-07-05,2.4002938270568848,7.723547458648682,9.111027717590332,7.478504180908203,4.2531657218933105,7.9732985496521,12.741336822509766,4.612516403198242,182.6366832907299
2016-07-06,2.454552412033081,7.8341593742370605,9.14667797088623,7.478504180908203,4.2531657218933105,8.033428192138672,12.66867733001709,4.601662635803223,182.73249632115107
2016-07-07,2.4700558185577393,7.704310417175293,9.238767623901367,7.5076003074646,4.297602653503418,8.107990264892578,12.615837097167969,4.54468297958374,182.8283596160461
2016-07-08,2.5423991680145264,7.78606653213501,9.488308906555176,7.714205265045166,4.348383903503418,8.34610652923584,12.81399154663086,4.6749186515808105,182.92427320178427
2016-07-11,2.676753520965576,8.108281135559082,9.58039665222168,7.801505088806152,4.2531657218933105,8.329270362854004,12.81399154663086,4.889265537261963,183.02023710474867
2016-07-12,2.7516825199127197,8.50744342803955,9.500188827514648,7.737481117248535,4.192859172821045,8.442315101623535,12.833938598632812,4.826862335205078,183.11625135133622
2016-07-13,2.746514081954956,8.569964408874512,9.696255683898926,7.909173965454102,4.249992847442627,8.408642768859863,12.700945854187012,4.897404670715332,183.21231596795766
2016-07-14,2.8240268230438232,8.3439302444458,9.972524642944336,8.235082626342773,4.373778343200684,8.538521766662598,12.700945854187012,5.157877445220947,183.30843098103762
2016-07-15,2.847280502319336,8.339122772216797,9.939846992492676,8.235082626342773,4.386473655700684,8.706884384155273,12.601202964782715,5.2257080078125,183.40459641701457
2016-07-18,2.984220027923584,8.454543113708496,10.109174728393555,8.406771659851074,4.491214752197266,8.875252723693848,12.674345970153809,5.415635108947754,183.50081230234093
2016-07-19,3.043644666671753,8.098664283752441,10.049758911132812,8.37475872039795,4.513433933258057,8.925762176513672,12.747493743896484,5.678821086883545,183.59707866348285
2016-07-20,3.0539791584014893,7.939960956573486,10.20720386505127,8.447511672973633,4.561044216156006,8.870445251464844,12.714247703552246,5.792776107788086,183.6933955269205
2016-07-21,3.0617308616638184,8.367976188659668,10.070555686950684,8.3834867477417,4.640395164489746,8.843984603881836,12.767444610595703,5.68424654006958,183.78976291914788
2016-07-22,3.08498477935791,8.247749328613281,10.132943153381348,8.438777923583984,4.653090476989746,9.332244873046875,12.893787384033203,5.591994762420654,183.8861808666729
2016-07-25,3.1082379817962646,8.377596855163574,10.055706024169922,8.412592887878418,4.599130630493164,9.224011421203613,12.893787384033203,5.779211521148682,183.98264939601737
2016-07-26,3.0694823265075684,8.858513832092285,9.92796516418457,8.345661163330078,4.634044647216797,9.187932968139648,12.8671875,5.817196369171143,184.07916853371702
2016-07-27,2.973884344100952,9.09897518157959,9.966580390930176,8.37475872039795,4.824484348297119,9.175905227661133,12.847241401672363,5.8280463218688965,184.1757383063215
2016-07-28,2.9557974338531494,9.156686782836914,9.856669425964355,8.002290725708008,4.856225967407227,9.380350112915039,12.927038192749023,5.608274936676025,184.2723587403944
2016-07-29,3.066898822784424,8.896986961364746,10.037879943847656,8.252543449401855,4.846703052520752,9.69303035736084,12.501455307006836,5.711379051208496,184.36902986251317
2016-08-01,2.9067065715789795,8.60843563079834,9.93535041809082,8.264183044433594,4.925066947937012,9.738727569580078,12.634449005126953,5.613702297210693,184.46575169926936
2016-08-02,2.9351274967193604,8.651719093322754,10.054224014282227,8.161958694458008,4.909159183502197,9.58238410949707,12.528056144714355,5.480754852294922,184.56252427726832
2016-08-03,3.0746500492095947,9.050881385803223,10.473275184631348,8.351231575012207,4.915521144866943,9.76999568939209,12.395060539245605,5.567578315734863,184.6593476231294
2016-08-04,3.1030704975128174,9.022027015686035,10.532716751098633,8.441498756408691,4.96960973739624,9.90949821472168,12.448256492614746,5.716804504394531,184.756221763486
2016-08-05,3.0100560188293457,9.123019218444824,10.470304489135742,8.493908882141113,5.055511951446533,10.125967025756836,12.700945854187012,5.757504940032959,184.85314672498535
2016-08-08,3.07723331451416,9.127827644348145,10.401944160461426,8.409470558166504,5.195499897003174,10.085078239440918,12.800691604614258,5.743938446044922,184.95012253428877
2016-08-09,3.0694823265075684,9.132638931274414,10.422751426696777,8.365788459777832,5.300492286682129,10.282307624816895,12.807342529296875,5.806341171264648,185.0471492180715
2016-08-10,2.986802577972412,8.699811935424805,10.336562156677246,8.2464017868042,5.281403064727783,10.24141788482666,12.747493743896484,5.662540435791016,185.14422680302278
2016-08-11,3.1263248920440674,8.853704452514648,10.601069450378418,8.49100399017334,5.4500250816345215,10.46269416809082,12.966934204101562,5.982700824737549,185.2413553158459
2016-08-12,3.100487232208252,8.63729190826416,10.681313514709473,8.502638816833496,5.430936813354492,10.150018692016602,13.119874954223633,6.150924205780029,185.33853478325818
2016-08-15,3.1805832386016846,8.863323211669922,10.915431022644043,8.627859115600586,5.465935230255127,10.318385124206543,13.259522438049316,6.289299488067627,185.4357652319908
2016-08-16,3.227090835571289,9.127827644348145,10.870351791381836,8.496821403503418,5.440479755401611,10.10191535949707,13.299420356750488,6.142786502838135,185.53304668878917
2016-08-17,3.2968521118164062,9.195158004760742,11.014604568481445,8.592914581298828,5.4754791259765625,10.147615432739258,13.332666397094727,6.175344944000244,185.63037918041258
2016-08-18,3.327855348587036,9.09897518157959,10.993571281433105,8.61620807647705,5.4500250816345215,9.98165512084961,13.246223449707031,6.1672043800354,185.72776273363442
2016-08-19,3.3046023845672607,9.175921440124512,10.921438217163086,8.566704750061035,5.408665180206299,9.964818000793457,13.199673652648926,6.294724941253662,185.8251973752421
2016-08-22,3.1909189224243164,8.839279174804688,10.711066246032715,8.33666706085205,5.281403064727783,9.731510162353516,13.026782989501953,6.053248405456543,185.92268313203715
2016-08-23,3.2735979557037354,9.017215728759766,10.693031311035156,8.2464017868042,5.268676280975342,9.69303035736084,13.020132064819336,6.165180683135986,186.02022003083505
2016-08-24,3.203836441040039,8.728667259216309,10.641942024230957,8.188163757324219,5.281403064727783,9.721890449523926,13.020132064819336,6.1023850440979,186.11780809846545
2016-08-25,3.2374258041381836,8.743093490600586,10.608887672424316,8.226017951965332,5.230495929718018,9.560736656188965,12.840585708618164,6.12695837020874,186.215447361772
2016-08-26,3.242593288421631,8.517059326171875,10.738114356994629,8.339581489562988,5.10641622543335,9.536687850952148,12.760794639587402,6.252555847167969,186.31313784761247
2016-08-29,3.3252718448638916,8.704621315002441,10.927452087402344,8.49100399017334,5.354578971862793,9.736320495605469,12.794042587280273,6.503750324249268,186.41087958285868
2016-08-30,3.3821146488189697,8.488205909729004,10.99958324432373,8.517208099365234,5.255949974060059,9.786833763122559,12.794042587280273,6.479177951812744,186.50867259439664
2016-08-31,3.3201048374176025,8.14675521850586,10.774182319641113,8.461881637573242,5.259132385253906,9.69543170928955,12.760794639587402,6.33719539642334,186.60651690912638
2016-09-01,3.3588616847991943,8.387216567993164,10.880918502807617,8.377433776855469,5.249586582183838,9.77480697631836,13.079978942871094,6.241635322570801,186.7044125539621
2016-09-02,3.506133556365967,8.771947860717773,11.040267944335938,8.621886253356934,5.3354902267456055,10.11394214630127,13.193024635314941,6.476443767547607,186.80235955583206
2016-09-05,3.5733108520507812,8.60843563079834,11.04327392578125,8.651022911071777,5.268676280975342,10.150018692016602,13.219621658325195,6.413647651672363,186.90035794167864
2016-09-06,3.6120667457580566,8.786378860473633,11.148502349853516,8.741352081298828,5.430936813354492,10.371298789978027,13.299420356750488,6.558356285095215,186.9984077384584
2016-09-08,3.674077272415161,8.555535316467285,11.016206741333008,8.857902526855469,5.446846008300781,10.421808242797852,13.299420356750488,6.588390350341797,187.0965089731421
2016-09-09,3.4906320571899414,8.108281135559082,10.598296165466309,8.368386268615723,5.2145891189575195,9.856582641601562,13.1331787109375,6.236174583435059,187.1946616727145
2016-09-12,3.6043155193328857,8.41125774383545,10.736589431762695,8.397523880004883,5.370485782623291,9.90949821472168,13.1331787109375,6.266208171844482,187.29286586417464
2016-09-13,3.361445665359497,7.824539661407471,10.523125648498535,8.047868728637695,5.2973127365112305,9.671380043029785,12.913737297058105,6.042903900146484,187.39112157453565
2016-09-14,3.387282133102417,8.00247859954834,10.532144546508789,8.114883422851562,5.3100361824035645,9.531879425048828,13.07332992553711,6.02093505859375,187.4894288308249
2016-09-15,3.4906320571899414,8.00247859954834,10.760653495788574,8.33634090423584,5.39275598526001,9.517446517944336,13.119874954223633,6.125266075134277,187.58778766008385
2016-09-16,3.4002010822296143,7.891868591308594,10.517112731933594,8.184822082519531,5.290945529937744,9.596819877624512,12.920387268066406,6.02093505859375,187.6861980893682
2016-09-19,3.3717808723449707,8.01209831237793,10.592277526855469,8.228527069091797,5.364121913909912,9.688213348388672,12.933687210083008,6.042903900146484,187.78466014574786
2016-09-20,3.488046884536743,8.031333923339844,10.616336822509766,8.318851470947266,5.462752819061279,9.947975158691406,12.960286140441895,6.207633018493652,187.88317385630694
2016-09-21,3.529388189315796,8.488205909729004,10.71855640411377,8.482028007507324,5.437297821044922,10.04419231414795,12.94033432006836,6.408054828643799,187.9817392481437
2016-09-22,3.617234468460083,8.440115928649902,10.889934539794922,8.64519214630127,5.577287197113037,9.796454429626465,13.079978942871094,6.438258171081543,188.08035634837069
2016-09-23,3.5371384620666504,8.488205909729004,10.862873077392578,8.662676811218262,5.567744731903076,9.685811996459961,13.119874954223633,6.300983428955078,188.1790251841146
2016-09-26,3.462209701538086,8.387216567993164,10.778692245483398,8.55487060546875,5.439462661743164,9.642518997192383,13.046732902526855,6.229597091674805,188.27774578251643
2016-09-27,3.3898661136627197,8.464162826538086,10.90196418762207,8.732611656188965,5.465001583099365,9.579981803894043,13.099928855895996,6.281760215759277,188.3765181707314
2016-09-28,3.578479528427124,8.747902870178223,10.980133056640625,8.785061836242676,5.63737678527832,9.618462562561035,13.199673652648926,6.399817943572998,188.47534237592896
2016-09-29,3.469961404800415,8.651719093322754,10.700520515441895,8.639373779296875,5.602263450622559,9.546309471130371,13.113226890563965,6.213123798370361,188.5742184252928
2016-09-30,3.506133556365967,8.565153121948242,10.679468154907227,8.64519214630127,5.63737678527832,9.539094924926758,13.179727554321289,6.259797096252441,188.6731463460209
2016-10-03,3.609483480453491,8.704621315002441,10.93364143371582,8.867600440979004,5.653338432312012,9.884016036987305,13.1331787109375,6.408054828643799,188.77212616532552
2016-10-04,3.622403144836426,8.488205909729004,11.029889106750488,8.995368957519531,5.64056921005249,9.876768112182617,12.993535041809082,6.4245285987854,188.87115791043308
2016-10-05,3.7670912742614746,8.589200019836426,11.246454238891602,9.066853523254395,5.69802713394165,9.961288452148438,13.026782989501953,6.570041179656982,188.9702416085845
2016-10-06,3.901447296142578,8.560344696044922,11.339704513549805,9.066853523254395,5.745911598205566,9.900917053222656,13.066679954528809,6.775957107543945,189.06937728703477
2016-10-07,3.9427850246429443,8.656527519226074,11.444975852966309,9.194931983947754,5.73952579498291,10.019246101379395,13.066679954528809,6.9406890869140625,189.16856497305332
2016-10-10,4.0642218589782715,9.161492347717285,11.460013389587402,9.191951751708984,5.8001790046691895,9.92989444732666,13.086628913879395,6.987361907958984,189.26780469392384
2016-10-11,3.976375102996826,8.94508171081543,11.420913696289062,9.159186363220215,5.682065963745117,9.925063133239746,12.933687210083008,6.828120708465576,189.3670964769443
2016-10-13,4.07197380065918,8.536299705505371,11.550254821777344,9.171103477478027,5.694836139678955,10.045806884765625,12.787392616271973,6.946179389953613,189.4664403494271
2016-10-14,4.201160430908203,8.666147232055664,11.7698335647583,9.245566368103027,5.560764789581299,9.852617263793945,12.986884117126465,7.127385139465332,189.5658363386988
2016-10-17,4.366520881652832,8.771947860717773,12.028498649597168,9.430235862731934,5.6629133224487305,9.756025314331055,13.006831169128418,7.544703960418701,189.66528447210047
2016-10-18,4.50087308883667,9.026836395263672,12.195740699768066,9.659595489501953,5.704413414001465,9.900917053222656,13.066679954528809,7.701201915740967,189.7647847769874
2016-10-19,4.552548885345459,8.954697608947754,11.997224807739258,9.591089248657227,5.6629133224487305,10.074790000915527,13.086628913879395,7.5584306716918945,189.86433728072927
2016-10-20,4.583553314208984,9.185538291931152,12.033624649047852,9.731082916259766,5.72675895690918,10.287294387817383,13.066679954528809,7.714924335479736,189.96229019097578
2016-10-21,4.637812614440918,9.575082778930664,12.01377010345459,9.63874626159668,5.717181205749512,9.852617263793945,13.1331787109375,7.811019420623779,190.06029363610824
2016-10-24,4.7024054527282715,9.762639999389648,11.911195755004883,9.546403884887695,5.624608516693115,9.422775268554688,13.099928855895996,7.747871398925781,190.15834764219807
2016-10-25,4.650731563568115,10.26760482788086,11.8483304977417,9.501731872558594,5.61184024810791,9.80673599243164,12.986884117126465,7.5639214515686035,190.25645223533016
2016-10-26,4.676568031311035,10.46959114074707,11.921131134033203,9.463008880615234,5.576725006103516,9.659433364868164,12.993535041809082,7.506264686584473,190.3546074416029
2016-10-27,4.673984527587891,10.580201148986816,12.17589282989502,9.620871543884277,5.560764789581299,9.442094802856445,12.966934204101562,7.890634536743164,190.4528132871281
2016-10-28,4.673984527587891,10.647529602050781,12.27846622467041,9.656615257263184,5.516072750091553,9.683579444885254,12.700945854187012,7.767092227935791,190.55106979803108
2016-10-31,4.5706353187561035,10.618673324584961,12.705275535583496,9.960434913635254,5.618223190307617,9.570079803466797,12.521405220031738,8.041643142700195,190.6493770004506
2016-11-01,4.356184482574463,10.72447681427002,12.329598426818848,9.668533325195312,5.442656517028809,9.116087913513184,12.293375015258789,7.67099666595459,190.74773492053893
2016-11-03,4.167571544647217,10.560964584350586,12.064804077148438,9.438727378845215,5.382001876831055,9.084692001342773,12.004989624023438,7.305841445922852,190.8461435844618
2016-11-04,4.131399631500244,10.392643928527832,12.164105415344238,9.438727378845215,5.420309543609619,9.212682723999023,11.884267807006836,7.379970550537109,190.94460301839848
2016-11-07,4.446616172790527,11.123640060424805,12.601006507873535,9.76656723022461,5.493727684020996,9.630452156066895,12.065349578857422,7.778069496154785,191.04311324854172
2016-11-08,4.402691841125488,11.52761173248291,12.630805969238281,9.760607719421387,5.426694393157959,9.357574462890625,12.112293243408203,7.764346122741699,191.1416743010978
2016-11-09,4.301926136016846,12.022955894470215,12.226987838745117,9.492375373840332,5.337312698364258,9.128162384033203,12.025108337402344,7.489793300628662,191.24028620228648
2016-11-10,4.004796504974365,12.922276496887207,11.617951393127441,8.64595890045166,5.267084121704102,8.720049858093262,12.105585098266602,7.0093255043029785,191.3389489783411
2016-11-11,3.619818925857544,12.494256019592285,11.46900749206543,8.66086196899414,5.193665504455566,8.49547004699707,11.70318603515625,6.523366451263428,191.43766265550855
2016-11-14,3.617234468460083,12.725096702575684,11.399497032165527,8.7234468460083,5.196857452392578,8.439927101135254,11.602585792541504,6.704570770263672,191.53642726004915
2016-11-16,3.8084306716918945,12.0950927734375,11.96219253540039,8.854586601257324,5.292623519897461,8.47856616973877,11.958041191101074,7.13836669921875,191.6352428182369
2016-11-17,3.6921639442443848,11.897917747497559,11.604718208312988,8.577408790588379,5.17770528793335,8.128411293029785,11.817201614379883,7.006580352783203,191.73410935635926
2016-11-18,3.7515904903411865,11.816161155700684,11.713944435119629,8.726432800292969,5.244739055633545,8.113922119140625,11.615999221801758,7.212493419647217,191.8330269007173
2016-11-21,4.025465488433838,12.422118186950684,11.809932708740234,8.777098655700684,5.091516494750977,8.435099601745605,11.70318603515625,7.778069496154785,191.93199547762566
2016-11-22,4.115896701812744,13.355101585388184,11.849654197692871,8.836698532104492,5.05640172958374,8.845623016357422,11.515399932861328,7.877258777618408,192.03101511341254
2016-11-23,4.095227241516113,13.547469139099121,11.740424156188965,8.875447273254395,5.12024450302124,8.86735725402832,11.830615043640137,7.841431140899658,192.1300858344197
2016-11-24,4.025465488433838,13.268534660339355,11.617951393127441,8.792001724243164,5.011711597442627,8.741782188415527,11.63612174987793,7.6319580078125,192.22920766700256
2016-11-25,3.9531197547912598,13.898538589477539,11.538515090942383,8.833717346191406,4.925522804260254,8.645195007324219,11.555638313293457,7.615419864654541,192.32838063753007
2016-11-28,3.9944615364074707,14.913273811340332,11.783452987670898,8.943995475769043,5.145781993865967,8.635528564453125,11.77025318145752,7.965457916259766,192.4276047723848
2016-11-29,3.7877614498138428,14.033193588256836,11.498796463012695,8.66086196899414,5.075555801391602,8.043892860412598,11.441625595092773,7.676057815551758,192.52688009796293
2016-11-30,4.133982181549072,13.4945650100708,11.72387409210205,8.866506576538086,4.970213413238525,8.36989688873291,11.501985549926758,7.855213642120361,192.62620664067427
2016-12-01,3.989293336868286,13.691742897033691,11.192399024963379,8.371768951416016,4.657380104064941,7.84828519821167,11.153237342834473,7.337041854858398,192.7239028001583
2016-12-02,4.090059757232666,14.265607833862305,11.238763809204102,8.505658149719238,4.698878765106201,7.91831636428833,11.206892013549805,7.488637447357178,192.82164850918048
2016-12-05,4.046134948730469,14.318817138671875,11.199026107788086,8.460919380187988,4.615882873535156,7.72754430770874,11.039222717285156,7.345315456390381,192.9194437928714
2016-12-06,4.172738552093506,14.51231575012207,11.348031997680664,8.642848014831543,4.7212233543396,8.336088180541992,11.233717918395996,7.353577613830566,193.01728867637428
2016-12-07,4.097810745239258,15.010573387145996,11.25863265991211,8.589166641235352,4.823373794555664,8.621041297912598,11.159942626953125,7.441780090332031,193.11518318484516
2016-12-08,4.056471347808838,14.575200080871582,11.192399024963379,8.4996919631958,4.826562404632568,8.551007270812988,11.039222717285156,7.386655330657959,193.21312734345287
2016-12-09,4.025465488433838,14.323652267456055,11.22551441192627,8.613016128540039,4.8361430168151855,8.45200252532959,11.159942626953125,7.4528045654296875,193.3111211773789
2016-12-12,4.030633449554443,14.265607833862305,10.761922836303711,8.255145072937012,4.705262184143066,8.183954238891602,10.804488182067871,7.097253322601318,193.40916471181768
2016-12-13,3.9918766021728516,13.704462051391602,10.811591148376465,8.287942886352539,4.785067081451416,8.377140045166016,10.925210952758789,7.162751197814941,193.50725797197623
2016-12-14,3.8084306716918945,13.48678207397461,10.788410186767578,8.189529418945312,4.6446099281311035,8.212931632995605,10.83802318572998,6.988587856292725,193.60540098307445
2016-12-15,3.836852788925171,13.656085968017578,10.745368003845215,8.2163724899292,4.727605819702148,8.022156715393066,10.945331573486328,7.256743907928467,193.70359377034507
2016-12-16,3.813598871231079,13.4238920211792,10.553305625915527,8.171635627746582,4.679726600646973,7.969029426574707,11.186773300170898,7.303740501403809,193.80183635903353
2016-12-19,3.71025013923645,12.60152816772461,10.26853084564209,7.992694854736328,4.708191871643066,8.010082244873047,10.931915283203125,7.140635967254639,193.9001287743981
2016-12-20,3.7076663970947266,12.857908248901367,10.53012752532959,8.165667533874512,4.6568450927734375,8.034232139587402,10.998982429504395,7.256743907928467,193.9984710417099
2016-12-21,3.7050814628601074,12.80953598022461,10.526820182800293,8.097073554992676,4.688937187194824,8.200855255126953,10.95874309539795,7.256743907928467,194.09686318625285
2016-12-22,3.619818925857544,12.277414321899414,10.612907409667969,8.061493873596191,4.640799045562744,8.17187786102295,10.754796981811523,7.187633037567139,194.19530523332367
2016-12-23,3.6792445182800293,12.185505867004395,10.912496566772461,8.230256080627441,4.765965938568115,8.384339332580566,10.877163887023926,7.392200469970703,194.29379720823192
2016-12-26,3.7257513999938965,12.572503089904785,10.999868392944336,8.380931854248047,4.724242687225342,8.262792587280273,10.999532699584961,7.508312702178955,194.3923391363
2016-12-27,3.723168134689331,12.509614944458008,10.993158340454102,8.299561500549316,4.801268577575684,8.231193542480469,10.951944351196289,7.560836315155029,194.49093104286317
2016-12-28,3.8187665939331055,12.906288146972656,11.251930236816406,8.597917556762695,4.814106464385986,8.046440124511719,11.033524513244629,7.654828071594238,194.5895729532695
2016-12-29,3.8420209884643555,12.422538757324219,11.376282691955566,8.739553451538086,4.974574565887451,8.318704605102539,11.149092674255371,7.765409469604492,194.68826489287997
2017-01-02,3.7877614498138428,12.122620582580566,11.27372932434082,8.67928695678711,4.846198558807373,8.493735313415527,11.087909698486328,7.613359451293945,194.78700688706834
2017-01-03,4.004796504974365,12.659574508666992,11.751179695129395,9.046869277954102,5.090114116668701,8.851082801818848,11.312249183654785,7.96168327331543,194.88579896122133
2017-01-04,4.004796504974365,12.432217597961426,11.801608085632324,8.98957347869873,4.968156337738037,8.992079734802246,11.22387409210205,7.9202165603637695,194.9846411407385
2017-01-05,4.069390296936035,12.906288146972656,11.963000297546387,9.089086532592773,4.955318450927734,8.85594654083252,11.28505802154541,7.900862216949463,195.08353345103225
2017-01-06,4.046134948730469,12.562826156616211,12.003344535827637,9.146389961242676,4.997040271759033,8.85351848602295,11.189882278442383,7.986561298370361,195.18247591752797
2017-01-09,3.960871934890747,12.819211959838867,12.060504913330078,9.158451080322266,4.942481517791748,8.958045959472656,11.237471580505371,7.685234546661377,195.28146856566383
2017-01-10,3.9996280670166016,13.806046485900879,12.020163536071777,9.158451080322266,4.88792085647583,8.885113716125488,11.108304023742676,7.790287494659424,195.380511420891
2017-01-11,4.046134948730469,14.091459274291992,12.043702125549316,9.22780990600586,4.804478645324707,8.846220970153809,11.155893325805664,7.873222351074219,195.47960450867345
2017-01-12,4.1081438064575195,14.546173095703125,12.349661827087402,9.444931983947754,4.968156337738037,9.48069953918457,11.509400367736816,8.072263717651367,195.57360869568564
2017-01-13,4.051303386688232,14.986379623413086,12.097495079040527,9.369543075561523,4.862247467041016,9.288653373718262,11.631769180297852,7.862161636352539,195.6676580883713
2017-01-16,4.069390296936035,15.39272689819336,12.10757827758789,9.387635231018066,4.862247467041016,9.232743263244629,11.590978622436523,7.867692947387695,195.7617527084694
2017-01-17,4.087475299835205,14.788050651550293,12.433723449707031,9.656023979187012,4.974574565887451,9.17683219909668,11.692953109741211,7.994858264923096,195.85589257772938
2017-01-18,4.079723834991455,15.533016204833984,12.336215019226074,9.559527397155762,4.926433563232422,8.933735847473145,11.733743667602539,7.928513526916504,195.95007771791106
2017-01-19,4.074556827545166,15.223417282104492,12.268965721130371,9.550477981567383,4.929644584655762,8.994511604309082,11.760933876037598,7.936805248260498,196.04430815078481
2017-01-20,4.133982181549072,15.528176307678223,12.30595874786377,9.505248069763184,4.955318450927734,8.958045959472656,11.794927597045898,8.113730430603027,196.13858389813143
2017-01-23,4.131399631500244,16.113506317138672,12.719515800476074,9.722372055053711,5.025925159454346,8.872962951660156,11.788126945495605,8.481403350830078,196.2329049817422
2017-01-24,4.144318580627441,16.510175704956055,12.689254760742188,9.68618106842041,5.022716999053955,9.140366554260254,11.80860424041748,8.321066856384277,196.32727142341886
2017-01-26,4.082308292388916,16.2537899017334,12.860730171203613,9.903308868408203,5.167139530181885,9.34699821472168,11.8154296875,8.846312522888184,196.42168324497368
2017-01-27,4.035800933837891,16.302167892456055,12.793487548828125,9.933465003967285,5.179976940155029,9.237604141235352,11.822257041931152,8.677680969238281,196.51614046822934
2017-01-30,3.8342697620391846,15.600740432739258,12.521137237548828,9.758559226989746,5.135046005249023,8.93617057800293,11.583352088928223,8.437174797058105,196.61064311501912
2017-01-31,3.8807761669158936,15.566875457763672,12.521137237548828,9.861092567443848,5.106162071228027,8.958045959472656,11.740348815917969,8.6002779006958,196.7051912071867
2017-02-01,3.8807761669158936,15.910333633422852,12.654007911682129,9.779666900634766,5.0676469802856445,9.206003189086914,11.822257041931152,8.641745567321777,196.7997847665863
2017-02-02,3.84718656539917,15.799072265625,12.617010116577148,9.414246559143066,5.115789413452148,9.48555850982666,11.713043212890625,8.561576843261719,196.89442381508272
2017-02-03,3.963456630706787,14.807395935058594,12.879364967346191,9.643568992614746,5.215281009674072,9.300806999206543,11.842734336853027,8.539458274841309,196.98910837455114
2017-02-06,3.865273952484131,14.473612785339355,12.785188674926758,9.444419860839844,5.192814826965332,8.933735847473145,11.651613235473633,8.3265962600708,197.08383846687735
2017-02-07,3.798095703125,14.628414154052734,13.034096717834473,9.429332733154297,5.196024417877197,9.17683219909668,11.617483139038086,8.404000282287598,197.1786141139577
2017-02-08,3.901447296142578,14.797722816467285,13.370467185974121,9.604339599609375,5.215281009674072,9.543905258178711,11.576525688171387,8.492460250854492,197.27343533769894
2017-02-09,3.8885273933410645,15.034757614135742,13.43100643157959,9.66167163848877,5.228116989135742,9.385895729064941,11.528746604919434,8.464820861816406,197.3683021600185
2017-02-10,4.025465488433838,15.86679744720459,13.474736213684082,9.806501388549805,5.237748146057129,9.456390380859375,11.699392318725586,8.619626998901367,197.4632146028442
2017-02-13,4.035800933837891,17.322864532470703,13.410829544067383,9.833662033081055,5.2762579917907715,9.456390380859375,11.774476051330566,8.674915313720703,197.55817268811455
2017-02-14,4.087475299835205,16.64078712463379,13.454556465148926,9.773311614990234,5.260212421417236,9.845344543457031,11.86320972442627,8.70256233215332,197.65317643777854
2017-02-15,4.092642784118652,16.36021614074707,14.019641876220703,9.984530448913574,5.462404251098633,9.901254653930664,12.30006217956543,8.807613372802734,197.7482258737957
2017-02-16,4.097810745239258,16.336029052734375,13.747193336486816,9.951342582702637,5.37575101852417,9.665451049804688,12.265932083129883,9.092354774475098,197.84332101813612
2017-02-17,4.033216953277588,16.48115348815918,13.740460395812988,9.930215835571289,5.427103042602539,9.444234848022461,12.218151092529297,9.097884178161621,197.93846189278054
2017-02-20,4.113312721252441,17.62278938293457,13.804368019104004,9.969444274902344,5.423892498016357,9.543905258178711,12.17719841003418,9.244397163391113,198.03364851972015
2017-02-21,4.1572370529174805,17.1922550201416,14.005071640014648,10.250060081481934,5.616457462310791,9.60224723815918,12.334188461303711,9.399213790893555,198.12888092095676
2017-02-22,4.056471347808838,16.78107261657715,14.0462007522583,10.316447257995605,5.48807954788208,9.52688980102539,12.477530479431152,9.424086570739746,198.22415911850285
2017-02-23,4.020298480987549,16.045780181884766,13.833647727966309,10.159539222717285,5.37575101852417,9.60224723815918,12.375144004821777,9.21951961517334,198.31423614088948
2017-02-24,3.922116756439209,15.82809829711914,13.723947525024414,10.084101676940918,5.4495673179626465,9.366443634033203,12.17719841003418,9.150408744812012,198.40435409607664
2017-03-01,4.0099639892578125,16.045780181884766,13.70164680480957,9.993581771850586,5.669816017150879,9.322688102722168,12.2249755859375,9.2886323928833,198.49451300266497
2017-03-02,3.904029607772827,15.21857738494873,13.56102180480957,9.963074684143066,5.663374423980713,9.17197036743164,11.747172355651855,9.201733589172363,198.58471287926366
2017-03-03,3.9582884311676025,15.39272689819336,13.807967185974121,10.198563575744629,5.705254554748535,9.429652214050293,11.870036125183105,9.649924278259277,198.67495374449027
2017-03-06,3.901447296142578,15.044432640075684,13.75308609008789,10.098936080932617,5.660152912139893,9.48069953918457,11.774476051330566,9.727388381958008,198.76523561697087
2017-03-07,3.922116756439209,14.957359313964844,13.523300170898438,9.963074684143066,5.511965274810791,9.475837707519531,11.48096752166748,9.608427047729492,198.85555851533994
2017-03-08,3.759340286254883,14.570366859436035,13.368958473205566,9.794004440307617,5.50874137878418,9.407772064208984,11.68574047088623,9.381562232971191,198.9459224582405
2017-03-09,3.7464218139648438,14.599390029907227,13.410118103027344,9.70644760131836,5.540958881378174,9.288653373718262,11.80860424041748,9.284732818603516,199.036327464324
2017-03-10,3.697331190109253,14.343006134033203,13.416977882385254,9.652103424072266,5.589278221130371,9.78213882446289,11.80860424041748,9.320699691772461,199.1267735522503
2017-03-13,3.7128331661224365,15.000897407531738,13.660494804382324,9.772865295410156,5.428204536437988,9.789429664611816,11.84955883026123,9.420293807983398,199.21726074068795
2017-03-14,3.5113019943237305,15.07829475402832,13.52673625946045,9.691349029541016,5.424984931945801,9.935288429260254,11.672087669372559,9.401473999023438,199.30778904831374
2017-03-15,3.668910264968872,16.118343353271484,13.657057762145996,9.863439559936523,5.453978538513184,10.188105583190918,11.80860424041748,9.479104995727539,199.39835849381308
2017-03-16,3.5423061847686768,15.736186981201172,13.48214054107666,9.818151473999023,5.434648513793945,10.615769386291504,11.794953346252441,9.351572036743164,199.48896909587987
2017-03-17,3.4002010822296143,15.141180992126465,13.094590187072754,9.516239166259766,5.431426048278809,10.405749320983887,11.747172355651855,9.096504211425781,199.5796208732164
2017-03-20,3.513885498046875,15.300819396972656,13.23863697052002,9.685312271118164,5.502298831939697,10.635306358337402,12.040679931640625,9.079867362976074,199.67031384453364
2017-03-21,3.3588616847991943,14.047922134399414,12.953972816467285,9.398499488830566,5.412099361419678,10.342253684997559,11.890514373779297,8.863612174987793,199.76104802855087
2017-03-22,3.529388189315796,14.222065925598145,13.060297966003418,9.43472957611084,5.283237457275391,10.342253684997559,11.8154296875,9.163045883178711,199.85182344399604
2017-03-23,3.506133556365967,14.144670486450195,12.988262176513672,9.443787574768066,5.347667694091797,10.256782531738281,11.904166221618652,9.163045883178711,199.94264010960546
2017-03-24,3.482879877090454,14.028569221496582,13.128887176513672,9.579644203186035,5.434648513793945,10.256782531738281,12.033854484558105,9.204629898071289,200.03349804412412
2017-03-27,3.5578088760375977,14.217229843139648,13.224906921386719,9.66115951538086,5.491340160369873,10.281203269958496,12.143067359924316,9.235130310058594,200.12439726630532
2017-03-28,3.6043155193328857,14.420402526855469,13.18033218383789,9.71550178527832,5.572188377380371,10.256782531738281,12.245454788208008,9.176902770996094,200.2153377949111
2017-03-29,3.7335028648376465,14.56552791595459,13.375822067260742,9.917784690856934,5.64656925201416,10.251893043518066,12.40927505493164,9.509604454040527,200.30631964871185
2017-03-30,3.7335028648376465,14.560689926147461,13.218059539794922,9.854385375976562,5.643337726593018,10.19572639465332,12.470706939697266,9.445831298828125,200.39734284648665
2017-03-31,3.743837594985962,14.410730361938477,12.998555183410645,9.77588939666748,5.627167224884033,10.176192283630371,12.450228691101074,9.36266040802002,200.48840740702298
2017-04-03,3.79034686088562,14.27528190612793,13.216429710388184,9.824197769165039,5.656272888183594,10.256782531738281,12.286410331726074,9.390387535095215,200.57951334911687
2017-04-04,3.836852788925171,14.82674503326416,13.285048484802246,9.899398803710938,5.7015509605407715,10.415515899658203,12.361494064331055,9.42642593383789,200.670660691573
2017-04-05,3.76450777053833,14.246251106262207,13.041449546813965,9.696995735168457,5.66920804977417,10.601116180419922,12.204498291015625,9.26562213897705,200.7618494532045
2017-04-06,3.7541732788085938,13.985034942626953,12.938521385192871,9.594284057617188,5.662742614746094,10.48878002166748,12.272757530212402,9.049368858337402,200.85307965283303
2017-04-07,3.798095703125,14.1011323928833,13.038008689880371,9.615431785583496,5.51397705078125,10.596232414245605,12.320535659790039,9.010555267333984,200.94435130928886
2017-04-10,3.8601062297821045,14.043084144592285,13.01400375366211,9.675849914550781,5.49780797958374,10.50098705291748,12.286410331726074,9.090956687927246,201.03566444141086
2017-04-11,3.79292893409729,13.864099502563477,12.989978790283203,9.700018882751465,5.446063995361328,10.564481735229492,12.027030944824219,9.099274635314941,201.12701906804637
2017-04-12,3.785176992416382,13.26425552368164,12.97282886505127,9.603354454040527,5.4654669761657715,10.674378395080566,12.061158180236816,8.94956111907959,201.21841520805125
2017-04-13,3.637904644012451,13.26425552368164,12.736083984375,9.310325622558594,5.42342472076416,10.647514343261719,12.122591018676758,8.483787536621094,201.30269755344528
2017-04-17,3.689579486846924,13.269087791442871,13.305631637573242,9.727203369140625,5.536613941192627,10.964986801147461,12.327362060546875,8.877479553222656,201.38701520134248
2017-04-18,3.6430726051330566,12.872426986694336,13.257598876953125,9.66981029510498,5.471934795379639,10.728103637695312,12.395625114440918,8.963423728942871,201.47136816652971
2017-04-19,3.513885498046875,12.901446342468262,13.140952110290527,9.573140144348145,5.42342472076416,10.698798179626465,12.354668617248535,8.636272430419922,201.55575646379992
2017-04-20,3.586230516433716,13.569012641906738,12.948811531066895,9.406996726989746,5.478401184082031,10.720779418945312,12.272757530212402,8.705585479736328,201.64018010795232
2017-04-24,3.624985456466675,13.721765518188477,13.199277877807617,9.579180717468262,5.546314239501953,10.84532356262207,12.306886672973633,8.955105781555176,201.72463911379234
2017-04-25,3.7050814628601074,14.171659469604492,13.285048484802246,9.666786193847656,5.578657150268555,10.745200157165527,12.50483226776123,9.010555267333984,201.80913349613152
2017-04-26,3.617234468460083,13.861729621887207,13.309064865112305,9.829920768737793,5.772697925567627,10.740314483642578,12.429749488830566,8.90243148803711,201.89366326978768
2017-04-27,3.5474743843078613,13.41183853149414,13.384547233581543,10.116897583007812,5.695079803466797,11.187216758728027,12.422924995422363,9.027193069458008,201.97822844958483
2017-04-28,3.609483480453491,13.731761932373047,13.470327377319336,10.09272575378418,5.724187850952148,11.55108642578125,12.463881492614746,9.107592582702637,202.06282905035323
2017-05-02,3.6146504878997803,14.026692390441895,13.746631622314453,10.364306449890137,5.879418849945068,11.629237174987793,12.675480842590332,9.3959321975708,202.14746508692923
2017-05-03,3.658574342727661,13.15689468383789,13.520097732543945,10.35730266571045,6.031417369842529,11.792733192443848,12.668651580810547,9.36543083190918,202.2321365741555
2017-05-04,3.513885498046875,12.672009468078613,13.07732105255127,10.204352378845215,5.911759853363037,11.53887939453125,12.989465713500977,8.971742630004883,202.31684352688094
2017-05-05,3.6714940071105957,13.021930694580078,13.283269882202148,10.21765422821045,5.982908725738525,11.71837043762207,12.900728225708008,9.179678916931152,202.4015859599606
2017-05-08,3.637904644012451,13.011931419372559,13.3141508102417,10.2110013961792,5.982908725738525,11.918374061584473,12.893904685974121,8.94956111907959,202.4863638882558
2017-05-09,3.653407335281372,13.246874809265137,13.348479270935059,10.300779342651367,6.079926490783691,11.949151992797852,12.934860229492188,8.982832908630371,202.571177326634
2017-05-10,3.805847644805908,13.276870727539062,13.41369915008545,10.453731536865234,6.248095989227295,12.4235258102417,13.098677635192871,9.246216773986816,202.65602628996905
2017-05-11,3.829101085662842,13.15689468383789,13.64366340637207,10.516904830932617,6.358050346374512,12.23121166229248,13.330755233764648,9.534549713134766,202.7409107931408
2017-05-12,3.9918766021728516,12.951947212219238,13.774097442626953,10.623302459716797,6.4744768142700195,12.282493591308594,13.439963340759277,9.811800956726074,202.82583085103562
2017-05-15,4.051303386688232,13.321857452392578,13.832441329956055,10.639927864074707,6.603837013244629,12.233773231506348,13.474096298217773,9.634364128112793,202.91078647854584
2017-05-16,4.056471347808838,13.626785278320312,13.815275192260742,10.656556129455566,6.306309223175049,12.251726150512695,13.52869987487793,9.634364128112793,202.99577769057024
2017-05-17,4.033216953277588,13.416837692260742,13.533824920654297,10.447077751159668,6.202819347381592,11.974794387817383,13.405838012695312,9.373749732971191,203.08080450201368
2017-05-18,3.3976168632507324,13.426834106445312,11.903450965881348,9.077184677124023,6.031417369842529,11.128606796264648,12.832470893859863,7.507873058319092,203.16586692778736
2017-05-19,3.5190529823303223,13.621788024902344,12.212357521057129,9.226812362670898,6.112267017364502,11.02347469329834,12.709609031677246,7.7573957443237305,203.25096498280874
2017-05-22,3.462209701538086,13.956706047058105,11.9721040725708,8.964139938354492,6.1219706535339355,10.564481735229492,12.675480842590332,7.396970748901367,203.33609868200142
2017-05-23,3.485464572906494,14.126667976379395,12.160881996154785,9.023991584777832,6.164012908935547,10.867058753967285,12.893904685974121,7.5708770751953125,203.42126804029536
2017-05-24,3.630153179168701,13.756754875183105,12.26041316986084,9.127063751220703,6.060523509979248,11.238868713378906,12.873427391052246,7.7048726081848145,203.50647307262673
2017-05-25,3.550057888031006,13.846732139587402,12.030458450317383,9.063889503479004,6.147839546203613,11.120914459228516,12.914381980895996,7.73558235168457,203.5917137939379
2017-05-26,3.534557342529297,13.92672061920166,12.356522560119629,9.273362159729004,6.22545862197876,11.243993759155273,12.989465713500977,8.05661392211914,203.6769902191776
2017-05-29,3.534557342529297,13.92672061920166,12.356522560119629,9.273362159729004,6.22545862197876,11.243993759155273,12.989465713500977,8.05661392211914,203.7623023633008
2017-05-30,3.4518752098083496,14.296627044677734,12.33249568939209,9.326562881469727,6.31924295425415,11.133734703063965,12.825645446777344,8.095698356628418,203.84765024126867
2017-05-31,3.3485262393951416,13.581796646118164,12.202072143554688,9.150341987609863,6.1446075439453125,11.149121284484863,12.771040916442871,7.911452770233154,203.93303386804874
2017-06-01,3.31235408782959,13.331854820251465,12.062994003295898,9.100465774536133,6.186649799346924,11.272201538085938,12.66182804107666,7.827703952789307,204.0112095572517
2017-06-02,3.3717808723449707,13.386846542358398,12.18317985534668,8.973679542541504,6.1446075439453125,11.328619956970215,12.675480842590332,7.838869571685791,204.08941521432337
2017-06-05,3.405369281768799,13.241877555847168,12.169447898864746,8.967019081115723,6.109033107757568,11.126045227050781,12.907554626464844,7.7048726081848145,204.16765085075164
2017-06-06,3.405369281768799,13.286863327026367,12.365178108215332,9.086799621582031,6.066992282867432,11.179890632629395,13.016768455505371,7.9868245124816895,204.24591647802876
2017-06-07,3.3252718448638916,13.221883773803711,12.567765235900879,9.233201026916504,6.112267017364502,11.426054000854492,12.85977554321289,8.02032470703125,204.32421210765145
2017-06-08,3.3175208568573,13.506815910339355,12.437281608581543,9.093457221984863,6.060523509979248,11.251688003540039,12.648176193237305,7.900280952453613,204.40253775112075
2017-06-09,3.3201048374176025,13.646780014038086,12.241556167602539,8.907126426696777,5.95380163192749,11.31835651397705,12.361494064331055,7.771871566772461,204.48089341994225
2017-06-12,3.3330230712890625,13.416837692260742,12.241556167602539,8.764057159423828,5.921461582183838,11.164505958557129,12.341014862060547,7.587625026702881,204.55927912562584
2017-06-13,3.3433585166931152,13.181890487670898,12.392646789550781,8.694185256958008,5.879418849945068,11.120914459228516,12.5526123046875,7.671212196350098,204.63769487968585
2017-06-14,3.260679244995117,13.04692268371582,12.50252628326416,9.030240058898926,5.902057647705078,11.020910263061523,12.40927505493164,7.6684160232543945,204.716140693641
2017-06-15,3.260679244995117,13.04692268371582,12.50252628326416,9.030240058898926,5.902057647705078,11.020910263061523,12.40927505493164,7.6684160232543945,204.79461657901447
2017-06-16,3.1728317737579346,12.776984214782715,12.41324520111084,8.986982345581055,5.850313186645508,11.077324867248535,12.13624382019043,7.696412086486816,204.87312254733388
2017-06-19,3.175415515899658,13.191889762878418,12.478483200073242,9.010275840759277,5.914992332458496,11.33117961883545,12.197674751281738,7.595623970031738,204.95165861013115
2017-06-20,3.064314603805542,12.851968765258789,12.20378303527832,8.800658226013184,5.866481781005859,11.164505958557129,12.334188461303711,7.279256820678711,205.03022477894274
2017-06-21,3.007472276687622,13.231880187988281,12.217512130737305,8.750746726989746,5.788867950439453,10.887572288513184,12.375144004821777,7.240059852600098,205.10882106530948
2017-06-22,3.1108217239379883,13.506815910339355,12.227828979492188,8.860542297363281,5.746824264526367,11.054245948791504,12.422924995422363,7.279256820678711,205.18744748077665
2017-06-23,3.0824010372161865,13.616787910461426,12.18661880493164,8.787347793579102,5.7403564453125,11.261944770812988,12.450228691101074,7.133674621582031,205.26610403689395
2017-06-26,3.170247793197632,13.731761932373047,12.529993057250977,9.183294296264648,5.775929927825928,11.456827163696289,12.581067085266113,7.550830841064453,205.34479074521542
2017-06-27,3.154745578765869,13.956706047058105,12.416679382324219,9.080148696899414,5.653038501739502,11.20553207397461,12.59483814239502,7.307255268096924,205.42350761729966
2017-06-28,3.121156692504883,14.391609191894531,12.41324520111084,9.156675338745117,5.6336350440979,11.282458305358887,12.601722717285156,7.3884429931640625,205.50225466470965
2017-06-29,3.1469953060150146,14.446592330932617,12.536863327026367,9.199929237365723,5.659506797790527,11.346566200256348,12.567296028137207,7.436039924621582,205.58103189901283
2017-06-30,3.1960856914520264,14.496581077575684,12.619284629821777,9.366296768188477,5.724187850952148,11.577338218688965,12.608609199523926,7.50323486328125,205.659839331781
2017-07-03,3.1935009956359863,14.821505546569824,12.73779010772705,9.446488380432129,5.824975967407227,11.71837043762207,12.58795166015625,7.6068243980407715,205.73867697459045
2017-07-04,3.2115886211395264,14.806510925292969,12.686258316040039,9.459545135498047,5.847692012786865,11.646575927734375,12.560407638549805,7.6460161209106445,205.81754483902185
2017-07-05,3.154745578765869,14.461589813232422,12.720610618591309,9.462899208068848,5.876896858215332,11.71837043762207,12.546635627746582,7.6068243980407715,205.89644293666046
2017-07-06,3.1444106101989746,14.45659351348877,12.541984558105469,9.325458526611328,5.75033712387085,11.644009590148926,12.243644714355469,7.556427001953125,205.9753712790958
2017-07-07,3.0824010372161865,14.441594123840332,12.421748161315918,9.33552360534668,5.828220367431641,11.7439546585083,12.40891170501709,7.455639362335205,206.05432987792193
2017-07-10,3.0953197479248047,14.851493835449219,12.521370887756348,9.439434051513672,5.977497100830078,11.808310508728027,12.608609199523926,7.534030437469482,206.1333187447373
2017-07-11,3.1857504844665527,15.016457557678223,12.710309982299805,9.60368824005127,6.048888206481934,12.047722816467285,12.753222465515137,7.850398063659668,206.2123378911449
2017-07-12,3.3433585166931152,14.946474075317383,12.8477144241333,9.858440399169922,6.123526096343994,12.256237983703613,12.842740058898926,8.07437515258789,206.2913873287521
2017-07-13,3.3252718448638916,14.586562156677246,12.882070541381836,9.945599555969238,6.230615615844727,12.74535846710205,12.863402366638184,8.147170066833496,206.3704670691707
2017-07-14,3.3717808723449707,14.75652027130127,12.909550666809082,9.955653190612793,6.165711879730225,12.660406112670898,12.911602973937988,8.233960151672363,206.449577124017
2017-07-17,3.330439805984497,14.85649299621582,12.785881042480469,9.8886137008667,6.224125385284424,12.549710273742676,12.973578453063965,8.191965103149414,206.5287175049117
2017-07-18,3.3433585166931152,14.946474075317383,12.799620628356934,10.012633323669434,6.360418796539307,12.665555953979492,12.911602973937988,8.197563171386719,206.60788822348005
2017-07-19,3.4182872772216797,14.946474075317383,12.614121437072754,9.8886137008667,6.269556045532227,12.614066123962402,12.959806442260742,8.22555923461914,206.6870892913516
2017-07-20,3.3846993446350098,14.356613159179688,12.6278715133667,9.855087280273438,6.318233013153076,12.693870544433594,12.93226146697998,8.29835033416748,206.76632072016056
2017-07-21,3.278764247894287,14.2466402053833,12.63129997253418,9.814870834350586,6.243597507476807,13.257641792297363,12.952919006347656,8.233960151672363,206.84558252154542
2017-07-24,3.327855348587036,14.561565399169922,12.710309982299805,9.898667335510254,6.2836222648620605,13.37348461151123,12.959806442260742,8.141570091247559,206.92487470714923
2017-07-25,3.415703773498535,15.3013916015625,12.741230010986328,10.05956745147705,6.234809398651123,13.257641792297363,13.001123428344727,8.275951385498047,207.00419728861945
2017-07-26,3.374363422393799,14.82650089263916,12.682828903198242,9.972411155700684,6.199016571044922,13.301408767700195,12.966692924499512,8.07437515258789,207.08355027760805
2017-07-27,3.3588616847991943,14.846497535705566,12.696565628051758,9.959005355834961,6.150203227996826,13.383785247802734,13.159505844116211,8.00438404083252,207.15543519041591
2017-07-28,3.3924505710601807,15.166427612304688,12.744664192199707,9.972411155700684,6.091629505157471,13.347744941711426,13.152620315551758,7.995982646942139,207.22734505663354
2017-07-31,3.4337894916534424,15.646310806274414,12.820231437683105,10.119905471801758,6.16322135925293,13.360612869262695,13.187051773071289,8.03518009185791,207.29927988492304
2017-08-01,3.3898661136627197,15.526339530944824,13.230908393859863,10.243934631347656,6.231556415557861,13.42239761352539,13.249027252197266,8.20316219329834,207.3712396839495
2017-08-02,3.4906320571899414,15.5513334274292,13.368378639221191,10.384450912475586,6.351958274841309,13.592297554016113,13.359203338623047,8.533528327941895,207.44322446238098
2017-08-03,3.4389567375183105,15.336382865905762,13.337445259094238,10.381098747253418,6.238064765930176,13.270511627197266,13.262798309326172,8.589523315429688,207.51523422888863
2017-08-04,3.462209701538086,15.611316680908203,13.303070068359375,10.391160011291504,6.228302478790283,13.15723991394043,13.262798309326172,8.642717361450195,207.58726899214648
2017-08-07,3.5009660720825195,16.206174850463867,13.512713432312012,10.511908531188965,6.361720085144043,13.206157684326172,13.324773788452148,8.777104377746582,207.6593287608317
2017-08-08,3.485464572906494,16.021221160888672,13.677666664123535,10.62259292602539,6.280365943908691,13.213881492614746,13.352320671081543,8.777104377746582,207.73141354362443
2017-08-09,3.4932165145874023,15.956233024597168,13.591755867004395,10.629300117492676,6.225046634674072,13.646360397338867,13.372978210449219,8.614720344543457,207.80352334920784
2017-08-10,3.407952070236206,15.746286392211914,13.419928550720215,10.528684616088867,6.254333972930908,13.332295417785645,13.359203338623047,8.656718254089355,207.87565818626805
2017-08-11,3.3459420204162598,15.396368980407715,13.488656997680664,10.62259292602539,6.264098644256592,13.386356353759766,13.441842079162598,8.651117324829102,207.94781806349425
2017-08-14,3.379530668258667,15.646310806274414,13.732648849487305,10.833910942077637,6.296638011932373,13.365761756896973,13.572675704956055,8.704310417175293,208.02000298957864
2017-08-15,3.3976168632507324,15.556331634521484,13.791321754455566,10.860738754272461,6.381243705749512,13.450716972351074,13.620882987976074,8.66231632232666,208.0922129732164
2017-08-16,3.3924505710601807,15.861261367797852,13.819100379943848,10.860738754272461,6.631810188293457,13.790526390075684,13.6415376663208,8.59232234954834,208.1644480231058
2017-08-17,3.3717808723449707,15.596321105957031,13.708006858825684,10.770180702209473,6.543947219848633,13.785372734069824,13.627767562866211,8.441140174865723,208.23670814794806
2017-08-18,3.513885498046875,15.771280288696289,13.839920043945312,10.991549491882324,6.609030246734619,14.197260856628418,13.60710620880127,8.516733169555664,208.30899335644744
2017-08-21,3.446706771850586,15.871255874633789,13.73925495147705,10.988197326660156,6.622045993804932,14.21013069152832,13.593335151672363,8.628721237182617,208.38130365731126
2017-08-22,3.562976121902466,15.92624282836914,14.030832290649414,11.236405372619629,6.778242588043213,14.673504829406738,13.6002197265625,9.01605224609375,208.45363905924984
2017-08-23,3.555225372314453,16.266164779663086,14.183564186096191,11.33703899383545,6.778242588043213,14.673504829406738,13.662196159362793,9.021689414978027,208.52599957097647
2017-08-24,3.5655603408813477,16.936006546020508,14.301593780517578,11.373926162719727,6.7164130210876465,15.04677677154541,13.634652137756348,9.052687644958496,208.59838520120752
2017-08-25,3.586230516433716,16.911012649536133,14.259939193725586,11.383986473083496,6.677365303039551,15.167768478393555,13.669081687927246,9.018869400024414,208.6707959586624
2017-08-28,3.583646535873413,17.175952911376953,14.134967803955078,11.209575653076172,6.69038200378418,15.342823028564453,13.669081687927246,8.934314727783203,208.74323185206353
2017-08-29,3.578479528427124,17.215938568115234,14.263400077819824,11.400755882263184,6.605774879455566,15.427779197692871,13.70351505279541,8.875131607055664,208.81569289013635
2017-08-30,3.4751293659210205,17.165952682495117,14.18704605102539,11.28671932220459,6.709906578063965,15.260444641113281,13.689740180969238,8.784943580627441,208.88817908160928
2017-08-31,3.526804208755493,17.535863876342773,14.006540298461914,11.263240814208984,6.657841682434082,15.329952239990234,13.675969123840332,8.652480125427246,208.96069043521388
2017-09-01,3.622403144836426,17.83079719543457,14.299962043762207,11.498032569885254,6.761972427368164,15.48698616027832,13.60710620880127,8.987865447998047,209.03322695968467
2017-09-04,3.661158561706543,18.045743942260742,14.227043151855469,11.49432373046875,6.8726091384887695,15.752144813537598,13.586448669433594,8.973775863647461,209.1057886637592
2017-09-05,3.723168134689331,17.795804977416992,14.233991622924805,11.329874038696289,7.045076370239258,15.922043800354004,13.64842414855957,9.018869400024414,209.17837555617803
2017-09-06,3.8807761669158936,17.895774841308594,14.615962028503418,11.501029968261719,6.973486423492432,15.955510139465332,13.861897468566895,9.233067512512207,209.2509876456848
2017-09-07,3.8807761669158936,17.895774841308594,14.615962028503418,11.501029968261719,6.973486423492432,15.955510139465332,13.861897468566895,9.233067512512207,209.32362494102628
2017-09-08,3.80068039894104,17.23593521118164,14.59859848022461,11.410425186157227,6.875864505767822,16.282445907592773,13.841238021850586,9.204886436462402,209.3886387656967
2017-09-11,3.8730251789093018,17.540864944458008,14.845161437988281,11.850046157836914,7.01904296875,16.421464920043945,13.951417922973633,9.534639358520508,209.45367278301092
2017-09-12,3.8420209884643555,17.625843048095703,14.803495407104492,11.833279609680176,7.006028175354004,16.4034366607666,14.467883110046387,9.429073333740234,209.51872699924058
2017-09-13,3.8833601474761963,17.380897521972656,14.907665252685547,11.883621215820312,7.110156536102295,15.870553970336914,14.584943771362305,9.48839282989502,209.58380142065928
2017-09-14,3.885944366455078,16.8060359954834,14.872930526733398,11.793002128601074,7.272860527038574,15.795900344848633,14.591832160949707,9.496866226196289,209.64889605354253
2017-09-15,3.885944366455078,16.89601707458496,15.150751113891602,12.044713973999023,7.445328235626221,15.883426666259766,14.777759552001953,9.635282516479492,209.7140109041678
2017-09-18,3.885944366455078,17.12095832824707,15.258398056030273,12.148741722106934,7.689382076263428,15.716097831726074,14.59872055053711,9.768046379089355,209.77914597881454
2017-09-19,3.911780834197998,16.95600128173828,15.202828407287598,12.185647964477539,7.630807876586914,16.017292022705078,14.736442565917969,9.756746292114258,209.84430128376408
2017-09-20,4.100394248962402,16.58108901977539,15.043094635009766,12.115177154541016,7.37373685836792,15.726398468017578,14.791532516479492,9.818893432617188,209.9094768252998
2017-09-21,4.048720836639404,16.25116729736328,15.063922882080078,12.118535995483398,7.305402755737305,15.886002540588379,14.70889663696289,10.033571243286133,209.97467260970697
2017-09-22,4.053886413574219,15.951234817504883,15.116013526916504,12.088330268859863,7.145955562591553,15.700653076171875,14.819075584411621,9.971426963806152,210.03988864327283
2017-09-25,4.092642784118652,15.541336059570312,14.966704368591309,11.883621215820312,7.100393295288086,15.604101181030273,14.805302619934082,9.83018684387207,210.10512493228654
2017-09-26,4.020298480987549,15.746286392211914,14.994485855102539,11.87018871307373,6.947453498840332,15.392363548278809,14.584943771362305,9.886687278747559,210.17038148303925
2017-09-27,3.955705404281616,15.961238861083984,15.004881858825684,11.74602222442627,6.86935567855835,15.185792922973633,14.52985954284668,9.835835456848145,210.23565830182406
2017-09-28,3.963456630706787,15.871255874633789,14.925024032592773,11.59835433959961,6.85959529876709,14.976633071899414,14.502311706542969,9.753920555114746,210.30095539493604
2017-09-29,3.9531197547912598,15.931244850158691,15.05351448059082,11.762804985046387,6.963725566864014,14.901751518249512,14.48853874206543,9.858436584472656,210.36627276867216
2017-10-02,3.978957414627075,15.94623851776123,15.079561233520508,11.880261421203613,6.9402689933776855,15.064427375793457,14.254410743713379,9.872557640075684,210.43161042933139
2017-10-03,4.128815174102783,16.336149215698242,15.597152709960938,12.39029598236084,7.211094856262207,15.493066787719727,14.750219345092773,10.273675918579102,210.4969683832146
2017-10-04,4.046134948730469,16.301156997680664,15.45820426940918,12.309699058532715,7.2437214851379395,15.60926628112793,14.59872055053711,10.225656509399414,210.56234663662474
2017-10-05,4.1081438064575195,16.131193161010742,15.704838752746582,12.319770812988281,7.2730889320373535,15.242598533630371,14.619378089904785,10.39232063293457,210.6277451958666
2017-10-06,4.053886413574219,16.06620979309082,15.520733833312988,12.192173957824707,7.240459442138672,15.185792922973633,14.509200096130371,10.451639175415039,210.69316406724695
2017-10-09,4.10556173324585,15.746286392211914,15.336613655090332,12.185455322265625,7.240459442138672,15.283907890319824,14.509200096130371,10.335819244384766,210.7586032570746
2017-10-10,4.183073997497559,15.656309127807617,15.670104026794434,12.464162826538086,7.325296401977539,15.294243812561035,14.846622467041016,10.556154251098633,210.8240627716602
2017-10-11,4.154652118682861,15.546332359313965,15.631896018981934,12.39029598236084,7.423182487487793,14.976633071899414,14.894824981689453,10.564628601074219,210.88954261731647
2017-10-12,4.154652118682861,15.546332359313965,15.631896018981934,12.39029598236084,7.423182487487793,14.976633071899414,14.894824981689453,10.564628601074219,210.95504280035797
2017-10-13,4.154652118682861,16.451122283935547,15.50337028503418,12.296270370483398,7.488443851470947,14.927574157714844,15.239131927490234,10.570273399353027,211.02056332710134
2017-10-16,4.1649885177612305,16.671070098876953,15.423463821411133,12.262697219848633,7.423182487487793,15.038607597351074,15.094527244567871,10.592875480651855,211.08610420386512
2017-10-17,4.167571544647217,16.286161422729492,15.399150848388672,12.232477188110352,7.354663848876953,14.692595481872559,14.977461814880371,10.609827995300293,211.15166543696978
2017-10-18,4.175323486328125,16.131193161010742,15.426932334899902,12.178751945495605,7.367713451385498,15.100578308105469,14.998117446899414,10.573102951049805,211.21724703273784
2017-10-19,4.172738552093506,16.496110916137695,15.315773010253906,12.128379821777344,7.220881462097168,15.307150840759277,15.032552719116211,10.502487182617188,211.28284899749374
2017-10-20,4.19082498550415,16.47111701965332,15.284507751464844,12.06793212890625,7.308982849121094,15.23484992980957,14.825963973999023,10.595699310302734,211.34847133756386
2017-10-23,4.185657024383545,16.35114288330078,15.14209270477295,11.953777313232422,7.060997486114502,15.23484992980957,14.667580604553223,10.225656509399414,211.41411405927659
2017-10-24,4.26575231552124,16.911012649536133,15.253251075744629,12.114947319030762,7.2730889320373535,15.338140487670898,14.681351661682129,10.318869590759277,211.47977716896227
2017-10-25,4.320011615753174,16.771047592163086,15.357463836669922,12.151885032653809,7.260036468505859,15.29940414428711,14.591832160949707,10.412091255187988,211.54546067295317
2017-10-26,4.322595596313477,16.331146240234375,15.263672828674316,12.04107666015625,7.03162956237793,14.943066596984863,14.48853874206543,10.355595588684082,211.60531957650522
2017-10-27,4.400108337402344,16.271162033081055,15.169877052307129,12.017571449279785,7.044684410095215,15.23484992980957,14.399017333984375,10.31040096282959,211.6651954177326
2017-10-30,4.335514545440674,16.17118263244629,14.975347518920898,11.80267333984375,6.868484973907471,14.976633071899414,14.433450698852539,9.946005821228027,211.725088201428
2017-10-31,4.332929611206055,16.04621124267578,14.607128143310547,11.644855499267578,6.943531513214111,14.943066596984863,14.392133712768555,9.728500366210938,211.7849979323855
2017-11-01,4.366520881652832,16.406131744384766,14.362154960632324,11.28221321105957,6.907639980316162,14.894001007080078,14.28195571899414,9.604209899902344,211.8449246154005
2017-11-02,4.366520881652832,16.406131744384766,14.362154960632324,11.28221321105957,6.907639980316162,14.894001007080078,14.28195571899414,9.604209899902344,211.90486825526963
2017-11-03,4.376853942871094,16.766048431396484,14.563697814941406,11.396086692810059,6.999001502990723,14.847525596618652,14.185548782348633,9.43189811706543,211.96482885679114
2017-11-06,4.503457069396973,17.165952682495117,14.563697814941406,11.396086692810059,7.083840370178223,14.759729385375977,14.144229888916016,9.355631828308105,212.02480642476448
2017-11-07,4.263169288635254,16.75605010986328,14.282215118408203,11.003010749816895,6.891324520111084,15.549877166748047,13.910102844238281,8.88671875,212.08480096399046
2017-11-08,4.379438400268555,16.96599578857422,14.803470611572266,11.402807235717773,7.093627452850342,15.779688835144043,13.958303451538086,9.352805137634277,212.14481247927122
2017-11-09,4.320011615753174,16.396133422851562,14.403841018676758,10.989569664001465,7.074051856994629,15.70997428894043,13.923869132995605,9.112696647644043,212.20484097541035
2017-11-10,4.320011615753174,16.381139755249023,14.424697875976562,10.99964427947998,7.064261436462402,15.764201164245605,13.916983604431152,8.841520309448242,212.26488645721275
2017-11-13,4.299342632293701,16.566091537475586,14.497673988342285,11.053403854370117,6.9500579833984375,15.38978099822998,13.923869132995605,8.855648040771484,212.3249489294847
2017-11-14,3.966038942337036,16.076208114624023,14.219676971435547,10.818219184875488,6.842381477355957,15.270997047424316,13.910102844238281,8.643789291381836,212.3850283970338
2017-11-15,3.966038942337036,16.076208114624023,14.219676971435547,10.818219184875488,6.842381477355957,15.270997047424316,13.910102844238281,8.643789291381836,212.44512486466905
2017-11-16,4.084891319274902,16.296157836914062,14.577598571777344,11.100436210632324,7.096894264221191,15.782272338867188,14.061596870422363,9.053380012512207,212.50523833720075
2017-11-17,4.139150619506836,16.456119537353516,14.779146194458008,11.29530143737793,7.282876968383789,16.205753326416016,14.144229888916016,9.205915451049805,212.56536881944066
2017-11-20,4.139150619506836,16.456119537353516,14.779146194458008,11.29530143737793,7.282876968383789,16.205753326416016,14.144229888916016,9.205915451049805,212.6255163162018
2017-11-21,4.1081438064575195,17.02098274230957,15.074516296386719,11.55399227142334,7.560230731964111,16.26772117614746,14.330159187316895,9.364104270935059,212.68568083229863
2017-11-22,4.162403106689453,17.365903854370117,14.928567886352539,11.422974586486816,7.667905807495117,16.15669059753418,14.343929290771484,9.310990333557129,212.74586237254698
2017-11-23,4.183073997497559,17.595849990844727,14.883387565612793,11.338973999023438,7.602646827697754,16.14377784729004,14.261296272277832,9.322368621826172,212.80606094176392
2017-11-24,4.159820556640625,17.890779495239258,14.744396209716797,11.238191604614258,7.504758358001709,16.167016983032227,14.199322700500488,9.271175384521484,212.86627654476803
2017-11-27,4.100394248962402,17.700822830200195,14.834756851196289,11.221386909484863,7.472126483917236,16.112791061401367,14.28195571899414,9.146042823791504,212.92650918637915
2017-11-28,4.092642784118652,18.120731353759766,14.859079360961914,11.25498104095459,7.436237812042236,16.27546501159668,14.309497833251953,9.282546043395996,212.98675887141854
2017-11-29,3.960871934890747,17.84579086303711,14.553271293640137,11.039960861206055,7.4394989013671875,16.035324096679688,14.158003807067871,8.861654281616211,213.04702560470878
2017-11-30,3.9737913608551025,17.565858840942383,14.341294288635254,10.96940803527832,7.465602874755859,15.516305923461914,14.158003807067871,8.511849403381348,213.1073093910739
2017-12-01,4.033216953277588,17.735816955566406,14.33260726928711,10.942529678344727,7.393816947937012,15.911382675170898,14.082256317138672,8.753581047058105,213.16761023533923
2017-12-04,3.9996280670166016,18.41065216064453,14.54465389251709,11.130428314208984,7.553699493408203,16.019832611083984,14.171773910522461,8.966872215270996,213.2279281423314
2017-12-05,3.955705404281616,18.005754470825195,14.457759857177734,11.016129493713379,7.765791416168213,15.88039779663086,14.151116371154785,8.836057662963867,213.28826311687857
2017-12-06,4.0099639892578125,17.87578582763672,14.610711097717285,11.130428314208984,7.782105922698975,16.3994197845459,14.261296272277832,9.10338306427002,213.3486151638101
2017-12-07,3.9427850246429443,17.665834426879883,14.56204605102539,11.049744606018066,7.524333953857422,16.26772117614746,14.268181800842285,8.750738143920898,213.40503307160407
2017-12-08,3.966038942337036,17.735816955566406,14.687185287475586,11.08000373840332,7.553699493408203,16.38392448425293,14.47476863861084,8.801928520202637,213.4614658985495
2017-12-11,3.9737913608551025,17.87578582763672,14.725432395935059,11.08000373840332,7.547175884246826,16.38392448425293,14.564287185668945,8.730829238891602,213.51791364859173
2017-12-12,4.002212047576904,18.085737228393555,14.843620300292969,11.298511505126953,7.651587963104248,16.29096794128418,14.805302619934082,8.9254789352417,213.57437632567695
2017-12-13,3.922116756439209,18.050745010375977,14.513376235961914,11.10689640045166,7.73315954208374,16.136032104492188,14.495426177978516,8.711609840393066,213.63085393375255
2017-12-14,3.87819242477417,18.1157283782959,14.283936500549316,11.019492149353027,7.547175884246826,16.2134952545166,14.440336227416992,8.677390098571777,213.6873464767668
2017-12-15,3.86268949508667,18.440649032592773,14.334342002868652,10.975791931152344,7.700535774230957,16.411340713500977,14.392133712768555,8.725870132446289,213.74385395866912
2017-12-18,3.9324517250061035,18.915542602539062,14.330862045288086,11.063194274902344,7.679946422576904,16.566749572753906,14.399017333984375,8.842782974243164,213.80037638341
2017-12-19,3.911780834197998,18.920534133911133,14.250624656677246,10.99260139465332,7.545844554901123,16.372488021850586,14.392032623291016,8.791454315185547,213.85691375494082
2017-12-20,3.9376189708709717,19.570384979248047,14.302950859069824,11.09345531463623,7.62106990814209,16.535675048828125,14.46891975402832,8.797157287597656,213.91346607721417
2017-12-21,4.097810745239258,19.860315322875977,14.906468391418457,11.419530868530273,7.915445327758789,16.78432846069336,14.657641410827637,8.894112586975098,213.97003335418364
2017-12-22,4.069390296936035,20.102781295776367,14.836689949035645,11.453144073486328,7.9383392333984375,16.628917694091797,14.699581146240234,8.9254789352417,214.0266155898038
2017-12-25,4.069390296936035,20.102781295776367,14.836689949035645,11.453144073486328,7.9383392333984375,16.628917694091797,14.699581146240234,8.9254789352417,214.08321278803038
2017-12-26,4.126231670379639,20.133092880249023,14.896001815795898,11.476737976074219,8.078986167907715,16.768787384033203,14.853358268737793,9.022431373596191,214.13982495282005
2017-12-27,4.1469011306762695,20.138145446777344,14.815766334533691,11.49052906036377,8.075716972351074,17.351573944091797,14.958206176757812,9.133644104003906,214.19645208813057
2017-12-28,4.159820556640625,20.34023094177246,14.854145050048828,11.662796974182129,7.886009693145752,17.14177131652832,14.874327659606934,9.073760986328125,214.25309419792077
2017-12-29,4.159820556640625,20.34023094177246,14.854145050048828,11.662796974182129,7.886009693145752,17.14177131652832,14.874327659606934,9.073760986328125,214.3097512861505
2018-01-02,4.276087284088135,21.077857971191406,15.313043594360352,11.921207427978516,8.183658599853516,17.685712814331055,15.160909652709961,9.390287399291992,214.36642335678061
2018-01-03,4.314844608306885,20.95155143737793,15.417734146118164,11.975994110107422,8.059368133544922,17.92659568786621,15.1958589553833,9.510053634643555,214.4231104137731
2018-01-04,4.322595596313477,21.037437438964844,15.738780975341797,12.172490119934082,7.9808669090271,18.183021545410156,15.111981391906738,9.601305961608887,214.47981246109094
2018-01-05,4.348433494567871,21.36583137512207,15.784154891967773,12.241437911987305,8.013575553894043,17.918825149536133,15.167899131774902,9.601305961608887,214.53652950269816
2018-01-08,4.400108337402344,21.840744018554688,15.731813430786133,12.237987518310547,8.078986167907715,17.83334732055664,15.13994026184082,9.62411880493164,214.59326154255987
2018-01-09,4.400108337402344,21.75990867614746,15.560815811157227,12.124225616455078,8.209826469421387,17.685712814331055,15.098002433776855,9.532864570617676,214.6500085846422
2018-01-10,4.340682029724121,21.45677375793457,15.508474349975586,11.996676445007324,8.144411087036133,17.64685821533203,15.098002433776855,9.492950439453125,214.70677063291234
2018-01-11,4.456951141357422,21.876110076904297,15.833009719848633,12.237987518310547,8.301405906677246,18.027610778808594,15.272747039794922,9.70966625213623,214.76354769133854
2018-01-12,4.4698686599731445,22.002412796020508,15.819051742553711,12.237987518310547,8.363553047180176,17.70125961303711,15.098002433776855,9.732478141784668,214.82033976389005
2018-01-15,4.4827880859375,21.961999893188477,15.916764259338379,12.32416820526123,8.41916275024414,18.260726928710938,15.251779556274414,9.780960083007812,214.87714685453722
2018-01-16,4.560298442840576,21.370882034301758,16.063329696655273,12.40690803527832,8.520556449890137,18.610397338867188,15.307695388793945,9.866508483886719,214.93396896725145
2018-01-17,4.743745803833008,21.800325393676758,16.328548431396484,12.71716594696045,8.471491813659668,19.107709884643555,15.398566246032715,10.100333213806152,214.99080610600515
2018-01-18,4.707573413848877,21.653806686401367,16.2901668548584,12.703375816345215,8.353738784790039,18.921226501464844,15.321678161621094,10.031896591186523,215.04765827477183
2018-01-19,4.717907428741455,21.663915634155273,16.422773361206055,12.793012619018555,8.468221664428711,18.64148712158203,15.377592086791992,9.96630859375,215.10452547752604
2018-01-22,4.772166728973389,21.547712326049805,16.83109474182129,12.968828201293945,8.373368263244629,18.276269912719727,15.307695388793945,10.000529289245605,215.1614077182433
2018-01-23,4.71273946762085,20.678728103637695,16.76827621459961,13.027426719665527,8.13132381439209,17.64685821533203,15.251779556274414,10.043299674987793,215.21830500090036
2018-01-24,4.996951580047607,21.108171463012695,17.577898025512695,13.720344543457031,8.144411087036133,18.781347274780273,15.30070686340332,10.8331937789917,215.2752173294748
2018-01-25,4.996951580047607,21.108171463012695,17.577898025512695,13.720344543457031,8.144411087036133,18.781347274780273,15.30070686340332,10.8331937789917,215.3321447079454
2018-01-26,5.149392604827881,20.93134117126465,18.460796356201172,14.202963829040527,8.180384635925293,19.46515655517578,15.29371452331543,11.169679641723633,215.38908714029196
2018-01-29,5.128721714019775,21.16375160217285,18.038537979125977,13.789277076721191,7.918715953826904,19.53509521484375,15.265759468078613,11.106945037841797,215.44604463049538
2018-01-30,5.035707950592041,20.95155143737793,17.968738555908203,13.927175521850586,7.850030422210693,19.270893096923828,15.286725044250488,11.064172744750977,215.5030171825375
2018-01-31,5.089967250823975,20.94144630432129,18.237451553344727,14.047833442687988,7.751904487609863,20.032407760620117,15.342646598815918,11.31511402130127,215.56000480040126
2018-02-01,5.301832675933838,21.11322021484375,18.3299617767334,13.675522804260254,7.686490058898926,19.791522979736328,15.588066101074219,11.346478462219238,215.6170074880707
2018-02-02,5.159728527069092,20.613052368164062,18.099571228027344,13.250935554504395,7.441174030303955,19.737123489379883,15.433804512023926,11.19249439239502,215.67402524953084
2018-02-05,4.91943883895874,20.385700225830078,17.464256286621094,13.037102699279785,7.359401226043701,19.426307678222656,15.202402114868164,10.858860969543457,215.73105808876784
2018-02-06,5.1648945808410645,21.45677375793457,18.092586517333984,13.347501754760742,7.581818580627441,19.185422897338867,15.160327911376953,11.335076332092285,215.78810600976882
2018-02-07,5.022787570953369,21.07280731201172,17.663217544555664,13.14746379852295,7.490238666534424,19.255352020263672,15.160327911376953,11.346478462219238,215.84516901652205
2018-02-08,4.922023296356201,21.012174606323242,17.575960159301758,12.985365867614746,7.271093845367432,19.00669288635254,15.188377380371094,10.990031242370605,215.90024191139662
2018-02-09,4.8496785163879395,21.219324111938477,17.621334075927734,12.837058067321777,7.1696953773498535,18.56377601623535,15.069169998168945,10.78471851348877,215.9553288581203
2018-02-14,4.973700046539307,22.487424850463867,18.38232421875,13.30611515045166,7.490238666534424,19.41853141784668,15.595084190368652,11.28089427947998,216.01042986027846
2018-02-15,5.012453556060791,23.214946746826172,18.38581085205078,13.361299514770508,7.657053470611572,19.15433692932129,15.637158393859863,11.377846717834473,216.06554492145733
2018-02-16,5.0176215171813965,23.25535774230957,18.532747268676758,13.337156295776367,7.480424880981445,19.23204803466797,15.728314399719238,11.491910934448242,216.12067404524407
2018-02-19,5.180397033691406,23.467561721801758,18.38690185546875,13.271628379821777,7.513132572174072,19.37191390991211,15.665205955505371,11.300856590270996,216.17581723522673
2018-02-20,5.281162261962891,22.992645263671875,18.839006423950195,13.675155639648438,7.506596565246582,19.721586227416992,15.92465591430664,11.634490013122559,216.2309744949943
2018-02-21,5.232071399688721,22.63393783569336,19.086944580078125,13.747589111328125,7.470607280731201,19.620569229125977,15.707281112670898,11.725739479064941,216.28614582813674
2018-02-22,5.358675003051758,23.07347869873047,19.19267463684082,13.830358505249023,7.5196757316589355,20.032407760620117,15.721303939819336,12.090752601623535,216.3413312382448
2018-02-23,5.456857681274414,23.28062629699707,19.32393455505371,13.957976341247559,7.80096960067749,20.35099983215332,15.405753135681152,12.090752601623535,216.39653072891028
2018-02-26,5.560206413269043,23.94751739501953,19.30205726623535,13.957976341247559,7.902363300323486,20.281068801879883,15.531974792480469,12.267545700073242,216.45174430372575
2018-02-27,5.555038928985596,23.91214942932129,19.014019012451172,13.806207656860352,7.784612655639648,20.18781852722168,15.58105754852295,12.147774696350098,216.50697196628488
2018-02-28,5.544705867767334,22.760250091552734,18.368677139282227,13.371650695800781,7.657053470611572,20.156734466552734,15.426790237426758,11.919648170471191,216.5622137201821
2018-03-01,5.433603286743164,22.457111358642578,18.640380859375,13.447529792785645,7.614531517028809,19.970239639282227,15.665205955505371,12.005199432373047,216.6174695690128
2018-03-02,5.557622909545898,22.10345458984375,18.738855361938477,13.533426284790039,7.5720062255859375,20.10234260559082,15.833497047424316,12.104350090026855,216.67273951637335
2018-03-05,5.7152299880981445,22.078197479248047,19.005096435546875,13.623147964477539,7.470947265625,20.226669311523438,15.791427612304688,12.204734802246094,216.72802356586098
2018-03-06,5.658388614654541,21.972103118896484,18.935792922973633,13.647294044494629,7.457813739776611,20.553030014038086,15.966728210449219,12.474359512329102,216.78332172107383
2018-03-07,5.598961353302002,21.89469337463379,18.910276412963867,13.405755043029785,7.408578872680664,20.397621154785156,16.177095413208008,12.388310432434082,216.83863398561098
2018-03-08,5.606714725494385,21.18445587158203,18.778976440429688,13.22976303100586,7.369190216064453,21.485496520996094,16.3383731842041,12.45428466796875,216.89396036307244
2018-03-09,5.784994125366211,21.511474609375,19.037918090820312,13.512723922729492,7.549724102020264,22.8453369140625,16.436546325683594,12.537461280822754,216.94930085705911
2018-03-12,5.7694902420043945,21.695419311523438,19.25310516357422,13.6196928024292,7.516902446746826,23.07844352722168,16.815200805664062,12.471494674682617,217.00465547117278
2018-03-13,5.712647914886475,21.52680778503418,19.096275329589844,13.423005104064941,7.451250076293945,22.379104614257812,16.801177978515625,12.313926696777344,217.0600242090163
2018-03-14,5.782407283782959,21.766956329345703,18.669551849365234,13.350537300109863,7.56613826751709,22.03720474243164,17.018556594848633,12.207603454589844,217.11540707419323
2018-03-15,5.505948066711426,21.664762496948242,18.757097244262695,13.157306671142578,7.582549095153809,21.8273983001709,16.74507713317871,12.18173599243164,217.17080407030824
2018-03-16,5.536952495574951,21.613664627075195,18.680496215820312,13.19180965423584,7.6153740882873535,21.524349212646484,16.55575180053711,12.184615135192871,217.22621520096678
2018-03-19,5.4077653884887695,21.000513076782227,18.279314041137695,13.05723762512207,7.618659496307373,21.36115837097168,16.68197250366211,11.89724063873291,217.2816404697753
2018-03-20,5.46719217300415,21.255992889404297,18.33768081665039,13.043434143066406,7.559575080871582,21.096967697143555,16.611848831176758,11.943217277526855,217.3370798803412
2018-03-21,5.697145938873291,21.71586036682129,18.264734268188477,13.108999252319336,7.598960876464844,21.687528610229492,16.752094268798828,12.141508102416992,217.39253343627269
2018-03-22,5.611880302429199,21.424610137939453,18.206377029418945,13.188369750976562,7.6153740882873535,21.91286849975586,16.836238861083984,11.923101425170898,217.44597504276732
2018-03-23,5.619632244110107,21.255992889404297,18.293914794921875,13.278077125549316,7.553008556365967,21.60205078125,16.773130416870117,11.839766502380371,217.49942978681202
2018-03-26,5.691978454589844,21.46038055419922,18.520023345947266,13.353995323181152,7.438672065734863,22.068283081054688,16.829227447509766,11.920226097106934,217.55289767163652
2018-03-27,5.539535999298096,20.877880096435547,18.29755401611328,13.19180965423584,7.307073593139648,21.757461547851562,16.7170352935791,11.624231338500977,217.60637870047108
2018-03-28,5.477527141571045,21.22533416748047,18.465320587158203,13.278077125549316,7.369582653045654,21.84293556213379,16.703006744384766,11.586878776550293,217.659872876547
2018-03-29,5.531784534454346,21.567676544189453,18.71333122253418,13.63004207611084,7.438672065734863,22.36740493774414,16.878311157226562,11.790909767150879,217.71338020309622
2018-04-02,5.400014400482178,21.971338272094727,18.623947143554688,13.505126953125,7.343260288238525,22.04030418395996,16.724044799804688,11.566758155822754,217.76690068335148
2018-04-03,5.350923538208008,21.9049129486084,18.44883155822754,13.656633377075195,7.343260288238525,22.42970848083496,16.969472885131836,11.414449691772461,217.82043432054644
2018-04-04,5.265659332275391,21.741411209106445,18.569231033325195,13.538917541503906,7.34655237197876,22.896997451782227,16.962459564208984,11.509283065795898,217.87398111791543
2018-04-05,5.464608192443848,22.09908103942871,18.605709075927734,13.580680847167969,7.316943645477295,22.624406814575195,16.850261688232422,11.845508575439453,217.92754107869362
2018-04-06,5.49819803237915,21.838491439819336,18.69690704345703,13.538917541503906,7.159022808074951,22.593259811401367,16.30331039428711,11.690329551696777,217.98111420611696
2018-04-09,5.304416179656982,21.945789337158203,18.28101348876953,13.02621078491211,7.007682800292969,22.42970848083496,16.331363677978516,11.265022277832031,218.03470050342221
2018-04-10,5.529201984405518,22.9115047454834,18.37223243713379,13.136351585388184,7.07348108291626,23.04496955871582,16.688983917236328,11.129952430725098,218.08829997384694
2018-04-11,5.632551670074463,22.809314727783203,18.675016403198242,13.443964958190918,7.1096720695495605,22.920364379882812,16.724044799804688,11.221914291381836,218.14191262062948
2018-04-12,5.601548194885254,22.896177291870117,18.83918571472168,13.200902938842773,7.191923141479492,22.998241424560547,16.331363677978516,11.19317626953125,218.19553844700897
2018-04-13,5.477527141571045,22.983041763305664,18.401405334472656,12.912282943725586,7.254432201385498,22.967092514038086,16.310327529907227,10.816717147827148,218.2491774562254
2018-04-16,5.327670574188232,22.758220672607422,18.13144302368164,12.631244659423828,7.28732967376709,22.585479736328125,16.113985061645508,10.431632995605469,218.30282965151943
2018-04-17,5.433603286743164,23.46845817565918,18.430593490600586,12.790760040283203,7.320232391357422,22.608837127685547,16.20514678955078,10.681650161743164,218.35649503613266
2018-04-18,5.632551670074463,24.260448455810547,18.780813217163086,13.219898223876953,7.300492763519287,23.122852325439453,16.373435974121094,10.925914764404297,218.41017361330736
2018-04-19,5.735901355743408,24.43928337097168,18.605709075927734,13.197121620178223,7.382742881774902,23.146211624145508,16.47861671447754,10.931668281555176,218.4638653862867
2018-04-20,5.777240753173828,24.33708953857422,18.565576553344727,13.011027336120605,7.537370681762695,22.80354118347168,16.429536819458008,10.810970306396484,218.5175703583146
2018-04-23,5.80824613571167,24.270666122436523,18.598405838012695,13.00722885131836,7.5077595710754395,22.585479736328125,16.443561553955078,10.615555763244629,218.57128853263578
2018-04-24,5.787576198577881,24.68454360961914,18.5071964263916,13.030014038085938,7.471568584442139,22.39077377319336,16.345386505126953,10.51209831237793,218.62501991249573
2018-04-25,5.614463806152344,24.500598907470703,18.39776039123535,13.189515113830566,7.313653945922852,23.130638122558594,16.24721908569336,10.650041580200195,218.67876450114076
2018-04-26,5.84700345993042,24.883819580078125,18.824600219726562,13.189515113830566,7.664364337921143,22.982667922973633,16.345386505126953,10.733378410339355,218.73252230181808
2018-04-27,5.867671966552734,24.704986572265625,18.788110733032227,13.333831787109375,7.668642044067383,21.88454818725586,16.254228591918945,10.733378410339355,218.78629331777552
2018-04-30,5.934847354888916,24.868488311767578,18.60936164855957,13.128759384155273,7.604488372802734,21.720998764038086,16.359411239624023,10.546589851379395,218.8400775522618
2018-05-02,5.8392510414123535,24.888931274414062,17.771852493286133,12.790760040283203,7.702859401702881,21.012279510498047,15.8966064453125,10.35117244720459,218.89387500852644
2018-05-03,5.800495147705078,25.083097457885742,17.421520233154297,12.528164863586426,7.527503490447998,20.70075035095215,15.84752368927002,10.05805492401123,218.94768568981976
2018-05-04,5.753987789154053,25.3947811126709,17.2171688079834,12.539562225341797,7.35642147064209,20.66181755065918,15.777402877807617,10.03793716430664,219.00150959939288
2018-05-07,5.852171421051025,25.159738540649414,17.242706298828125,12.425566673278809,7.236664772033691,20.163373947143555,15.665205955505371,10.02644157409668,219.05534674049764
2018-05-08,5.919346332550049,25.134191513061523,17.297441482543945,12.360973358154297,7.211006164550781,20.513843536376953,15.735330581665039,10.299444198608398,219.10919711638687
2018-05-09,6.402505874633789,25.67580795288086,17.352174758911133,12.45976448059082,7.245219707489014,20.911033630371094,15.36368179321289,10.733378410339355,219.163060730314
2018-05-10,6.653128623962402,26.263412475585938,17.826589584350586,12.71055793762207,7.591656684875488,20.981124877929688,15.28654956817627,10.339679718017578,219.2169375855333
2018-05-11,6.573031902313232,26.89190101623535,17.54195213317871,12.482562065124512,7.608765125274658,20.241254806518555,15.321611404418945,10.290823936462402,219.27082768529993
2018-05-14,6.7797322273254395,27.729873657226562,17.279199600219727,12.30396842956543,7.651536464691162,19.610422134399414,15.223437309265137,10.035062789916992,219.32473103286978
2018-05-15,6.921835422515869,27.924041748046875,17.213525772094727,12.231772422790527,7.955199241638184,20.054338455200195,15.048136711120605,9.76205825805664,219.37864763149958
2018-05-16,7.0768632888793945,28.562742233276367,17.512754440307617,12.42936897277832,8.160496711730957,20.358078002929688,15.083197593688965,9.905742645263672,219.43257748444677
2018-05-17,6.704803466796875,28.297040939331055,16.5967960357666,11.912581443786621,7.993695259094238,19.32225799560547,14.788684844970703,9.445948600769043,219.48652059496973
2018-05-18,6.627290725708008,27.9853572845459,16.480012893676758,11.96578598022461,7.826885223388672,19.57927131652832,14.466120719909668,9.394221305847168,219.54047696632756
2018-05-21,6.472265720367432,27.080949783325195,16.25377082824707,11.794791221618652,7.668642044067383,19.563695907592773,14.234719276428223,9.17007064819336,219.59444660178016
2018-05-22,6.39718770980835,26.74372100830078,16.64788246154785,12.132977485656738,7.715687274932861,20.669601440429688,14.129539489746094,9.373732566833496,219.64842950458822
2018-05-23,6.024387359619141,26.53933334350586,16.33403778076172,11.813782691955566,7.707135200500488,20.256834030151367,14.059414863586426,9.17121410369873,219.7024256780133
2018-05-24,5.198523998260498,26.80504035949707,16.549362182617188,11.832777976989746,8.049295425415039,19.937517166137695,14.255758285522461,8.890578269958496,219.7564351253177
2018-05-25,5.126034736633301,26.304288864135742,16.403383255004883,11.59719467163086,7.99796724319458,19.29889488220215,14.136551856994629,8.70542049407959,219.81045784976453
2018-05-28,4.377841472625732,26.094797134399414,15.71002197265625,11.107010841369629,7.561715602874756,18.574604034423828,13.85606575012207,8.06604290008545,219.8644938546177
2018-05-29,4.9965901374816895,25.62982177734375,15.65528392791748,11.152609825134277,7.429131031036377,19.010740280151367,13.736858367919922,8.248307228088379,219.91854314314193
2018-05-30,4.9137444496154785,25.869977951049805,15.684489250183105,11.084211349487305,7.3478684425354,19.25995635986328,13.806977272033691,8.786432266235352,219.9726057186028
2018-06-01,4.18367338180542,26.95832633972168,15.996594429016113,11.354001998901367,7.292267799377441,20.241254806518555,13.982283592224121,8.870328903198242,220.02668158426658
2018-06-04,4.53835391998291,26.835695266723633,16.343395233154297,11.471467018127441,7.1853413581848145,20.6072998046875,14.05240535736084,8.997625350952148,220.08077074340045
2018-06-05,4.294997215270996,27.453956604003906,15.835973739624023,10.92013931274414,7.014261722564697,19.361202239990234,13.85606575012207,8.424786567687988,220.13487319927228
2018-06-06,4.227685451507568,28.64960289001465,15.434412956237793,10.737630844116211,7.270880222320557,18.691431045532227,13.69478702545166,8.008179664611816,220.18898895515085
2018-06-07,4.080117702484131,27.780969619750977,14.985410690307617,10.547524452209473,7.027095317840576,18.14626121520996,13.37923812866211,7.687038898468018,220.24311801430568
2018-06-08,3.948082208633423,26.002817153930664,15.021903991699219,10.456267356872559,7.057031154632568,18.691431045532227,13.295088768005371,7.7969794273376465,220.29726038000712
2018-06-11,3.989504814147949,25.98238182067871,14.587498664855957,10.25854778289795,6.873122215270996,17.9982852935791,13.316125869750977,7.539493083953857,220.3514160555263
2018-06-12,4.002449989318848,26.416696548461914,14.55829906463623,10.231927871704102,6.796136856079102,18.255300521850586,13.238991737365723,7.831752300262451,220.40558504413522
2018-06-13,3.9273717403411865,26.340059280395508,14.41592025756836,10.02280330657959,6.676382541656494,18.613540649414062,13.119784355163574,7.689570903778076,220.4597673491066
2018-06-14,3.909249782562256,26.421817779541016,13.9048490524292,9.615960121154785,6.522408962249756,18.13068199157715,13.274052619934082,7.341360092163086,220.51396297371403
2018-06-15,3.8755929470062256,25.10353660583496,14.039916038513184,9.787064552307129,6.749088764190674,17.632247924804688,13.126798629760742,7.254310131072998,220.56817192123185
2018-06-18,3.7539148330688477,25.144405364990234,13.75517749786377,9.471473693847656,6.530963897705078,17.50763511657715,13.112654685974121,7.115026950836182,220.6223941949352
2018-06-19,3.992093563079834,24.67943572998047,14.375765800476074,9.96196460723877,6.505300998687744,18.63690948486328,13.296540260314941,7.614123821258545,220.67662979810012
2018-06-20,4.19661808013916,24.94002914428711,14.642260551452637,10.174893379211426,6.5865631103515625,18.068378448486328,13.112654685974121,7.834653854370117,220.73087873400334
2018-06-21,3.909249782562256,24.12248420715332,14.251646995544434,9.752839088439941,6.6165032386779785,17.289567947387695,12.822671890258789,7.5473856925964355,220.7851410059225
2018-06-22,3.9118378162384033,24.531261444091797,14.361163139343262,9.939148902893066,6.603671073913574,17.77243423461914,12.843892097473145,7.573500156402588,220.83941661713595
2018-06-25,4.0645833015441895,24.096935272216797,14.390362739562988,9.923941612243652,6.7661967277526855,17.9982852935791,12.886327743530273,7.794029712677002,220.89370557092295
2018-06-26,4.152606964111328,24.69987678527832,14.34290885925293,9.870711326599121,6.826073169708252,18.8549747467041,12.794384002685547,7.886885643005371,220.9480078705634
2018-06-27,4.284640312194824,24.60279083251953,14.083715438842773,9.711018562316895,6.7234272956848145,18.052806854248047,12.695368766784668,7.724387168884277,221.0023235193382
2018-06-28,4.297585487365723,25.072874069213867,14.474320411682129,10.041815757751465,6.890230178833008,18.44999122619629,12.737802505493164,8.168353080749512,221.05665252052896
2018-06-29,4.45033073425293,25.33857536315918,14.726219177246094,10.228120803833008,6.950107574462891,18.5318546295166,12.716584205627441,8.313437461853027,221.11099487741805
2018-07-02,4.522819995880127,24.91447639465332,14.735343933105469,10.095040321350098,6.71395206451416,18.05547523498535,12.829747200012207,8.528168678283691,221.16535059328876
2018-07-03,4.5305867195129395,24.505704879760742,15.082279205322266,10.56265640258789,6.8597187995910645,18.313186645507812,12.794384002685547,8.60361099243164,221.21971967142508
2018-07-04,4.559064865112305,24.541473388671875,15.326951026916504,10.711054801940918,6.816847324371338,18.391279220581055,12.801456451416016,8.850258827209473,221.2741021151119
2018-07-05,4.623786926269531,25.3947811126709,15.228352546691895,10.688223838806152,6.8511457443237305,18.11795425415039,13.013636589050293,8.64423656463623,221.32849792763483
2018-07-06,4.6444993019104,25.7217960357666,15.3671236038208,10.718660354614258,7.005488872528076,17.821195602416992,12.794384002685547,8.548479080200195,221.38290711228038
2018-07-10,4.595309734344482,25.30791664123535,15.407297134399414,10.577879905700684,7.2884521484375,18.274145126342773,12.865111351013184,8.475933074951172,221.43732967233575
2018-07-11,4.507286071777344,24.965574264526367,15.46937084197998,10.536028861999512,7.206993103027344,17.547866821289062,12.66707706451416,8.64423656463623,221.49176561108908
2018-07-12,4.647088050842285,25.77800178527832,15.761517524719238,10.844230651855469,7.309891700744629,17.8680477142334,12.900474548339844,8.809635162353516,221.54621493182924
2018-07-13,4.688509941101074,25.70646858215332,16.163236618041992,11.06110954284668,7.352763652801514,18.5318546295166,13.041925430297852,9.033063888549805,221.6006776378459
2018-07-16,4.628964424133301,25.54806900024414,16.10480499267578,11.110580444335938,7.477097034454346,18.266334533691406,13.402631759643555,8.934407234191895,221.65515373242957
2018-07-17,4.735110282897949,25.905736923217773,16.40791130065918,11.430195808410645,7.79864501953125,19.086326599121094,13.5582275390625,9.233283996582031,221.70964321887158
2018-07-18,4.672976493835449,26.288965225219727,16.19974708557129,11.148619651794434,7.918689727783203,19.289377212524414,13.26824951171875,9.175251960754395,221.76414610046402
2018-07-19,4.763587951660156,25.256820678710938,16.433467864990234,11.289412498474121,8.051596641540527,19.172225952148438,13.353119850158691,9.094001770019531,221.81866238049986
2018-07-20,4.994001388549805,24.89403533935547,16.900903701782227,11.681326866149902,7.995858192443848,19.757936477661133,13.289468765258789,9.575692176818848,221.87319206227284
2018-07-23,4.986234188079834,25.343687057495117,16.575897216796875,11.548151969909668,8.113167762756348,19.25032615661621,13.190451622009277,9.511853218078613,221.92773514907748
2018-07-24,5.089791297912598,26.217426300048828,16.564939498901367,11.719377517700195,8.182066917419434,19.976608276367188,13.416773796081543,9.587298393249512,221.98229164420914
2018-07-25,5.1674580574035645,26.442249298095703,17.087158203125,11.932454109191895,8.138999938964844,20.031269073486328,13.367266654968262,9.741087913513184,222.03686155096398
2018-07-26,5.025067329406738,26.968544006347656,16.81691551208496,11.628063201904297,7.9968953132629395,19.859460830688477,14.06745719909668,9.424799919128418,222.09144487263904
2018-07-27,5.118268013000488,27.310882568359375,16.9082088470459,11.757416725158691,7.945218563079834,19.383087158203125,14.01087474822998,9.540868759155273,222.14604161253203
2018-07-30,5.1493353843688965,27.760534286499023,17.15288734436035,11.844939231872559,8.009810447692871,19.500225067138672,13.93307876586914,9.543773651123047,222.20065177394162
2018-07-31,5.1053242683410645,28.021121978759766,16.433467864990234,11.6166353225708,7.971058368682861,18.54747200012207,13.727971076965332,9.4306058883667,222.25527536016716
2018-08-01,5.180401802062988,27.11160659790039,16.639873504638672,11.768836975097656,7.884929180145264,18.70366096496582,13.75626277923584,9.566985130310059,222.3099123745089
2018-08-02,5.283959865570068,26.999195098876953,16.69832420349121,11.772247314453125,7.734203815460205,18.524044036865234,13.643099784851074,9.642427444458008,222.3645628202679
2018-08-03,5.465181827545166,27.624950408935547,17.09650993347168,12.22150707244873,7.807411193847656,19.39870262145996,13.650172233581543,9.93260383605957,222.419226700746
2018-08-06,5.447061061859131,27.546110153198242,16.972312927246094,12.137746810913086,7.859090328216553,19.828222274780273,13.650172233581543,9.952916145324707,222.47390401924582
2018-08-07,5.361626148223877,27.7300968170166,16.87002944946289,11.954999923706055,7.979665756225586,19.828222274780273,13.5582275390625,9.741087913513184,222.52859477907086
2018-08-08,5.214057445526123,27.546110153198242,16.475481033325195,11.669450759887695,7.807411193847656,19.219087600708008,13.551154136657715,9.46832275390625,222.58329898352537
2018-08-09,5.265837669372559,27.25172233581543,16.38779640197754,11.547615051269531,7.777267932891846,18.750516891479492,13.628955841064453,9.74979019165039,222.63801663591448
2018-08-10,5.071669101715088,27.183380126953125,15.79234504699707,10.972705841064453,7.46290397644043,18.133567810058594,13.37433910369873,9.212971687316895,222.69274773954407
2018-08-13,5.188169479370117,27.483020782470703,15.916561126708984,11.1859130859375,7.592094421386719,18.383472442626953,13.537008285522461,9.256499290466309,222.7474922977209
2018-08-14,5.185573101043701,27.73535919189453,16.245338439941406,11.376276969909668,7.566256999969482,18.430322647094727,13.727971076965332,9.575692176818848,222.80225031375244
2018-08-15,4.944203853607178,26.499982833862305,16.135730743408203,11.23922061920166,7.592094421386719,17.789958953857422,13.735044479370117,9.372567176818848,222.85702179094704
2018-08-16,4.918247699737549,26.137256622314453,16.113826751708984,11.23922061920166,7.622239589691162,17.664997100830078,13.445064544677734,9.401586532592773,222.9118067326139
2018-08-17,4.791075706481934,26.705001831054688,15.701027870178223,10.896559715270996,7.536114692687988,17.44633674621582,13.565299034118652,9.070789337158203,222.96660514206295
2018-08-20,4.765121936798096,27.041444778442383,15.81225299835205,10.965089797973633,7.51027774810791,17.610332489013672,13.544082641601562,8.82994556427002,223.021417022605
2018-08-21,4.599017143249512,27.19389533996582,15.607779502868652,10.69858169555664,7.536114692687988,16.79034423828125,13.423847198486328,8.47883415222168,223.07624237755164
2018-08-22,4.762526512145996,28.019222259521484,15.979565620422363,10.961282730102539,7.695450305938721,17.602529525756836,13.367266654968262,8.786253929138184,223.13108121021529
2018-08-23,4.658710956573486,28.045507431030273,15.358675003051758,10.687161445617676,7.699754238128662,16.774721145629883,13.395557403564453,8.563671112060547,223.18593352390917
2018-08-24,4.749551296234131,28.466064453125,15.4739351272583,10.782343864440918,7.613626003265381,17.110532760620117,13.487500190734863,8.680821418762207,223.24079932194732
2018-08-27,4.855959415435791,29.265106201171875,15.986995697021484,11.071706771850586,7.751430034637451,17.789958953857422,13.529937744140625,8.94734001159668,223.2956786076446
2018-08-28,4.762526512145996,29.254594802856445,15.875471115112305,11.003168106079102,7.9624433517456055,17.899282455444336,13.508719444274902,8.903409957885742,223.35057138431668
2018-08-29,5.009087562561035,29.028549194335938,16.139448165893555,11.136427879333496,8.074407577514648,17.610332489013672,13.614809036254883,9.084991455078125,223.40547765528007
2018-08-30,4.879318714141846,28.68685531616211,15.503678321838379,10.660507202148438,8.113167762756348,16.735679626464844,13.437994003295898,8.765752792358398,223.46039742385204
2018-08-31,4.9987053871154785,28.187454223632812,15.71560001373291,10.805185317993164,8.242354393005371,16.813772201538086,13.331904411315918,8.815545082092285,223.51533069335073
2018-09-03,4.93122673034668,28.413488388061523,15.498027801513672,10.709999084472656,8.095939636230469,17.024627685546875,13.176305770874023,8.6076021194458,223.57027746709508
2018-09-04,4.84038782119751,27.335830688476562,15.364123344421387,10.469576835632324,8.031341552734375,16.3295841217041,12.737802505493164,8.387948036193848,223.6252377484048
2018-09-05,4.866342544555664,27.41468048095703,15.453389167785645,10.534342765808105,7.9968953132629395,16.704442977905273,12.829747200012207,8.402589797973633,223.68021154060048
2018-09-06,4.92863130569458,28.113845825195312,15.843912124633789,10.835326194763184,8.393078804016113,17.087099075317383,12.957053184509277,8.590032577514648,223.73519884700346
2018-09-10,4.9987053871154785,27.977170944213867,15.988960266113281,10.877232551574707,8.418915748596191,16.969955444335938,12.935837745666504,8.472881317138672,223.79019967093598
2018-09-11,4.801455974578857,27.6459903717041,15.438518524169922,10.549582481384277,8.225128173828125,17.055858612060547,12.865111351013184,8.089213371276855,223.84521401572107
2018-09-12,4.918247699737549,28.098079681396484,15.48315143585205,10.553393363952637,8.095939636230469,16.98558235168457,13.048998832702637,8.126081466674805,223.90024188468254
2018-09-13,4.855959415435791,28.271554946899414,15.39759349822998,10.511486053466797,8.070100784301758,16.360824584960938,12.964128494262695,8.017383575439453,223.95528328114503
2018-09-14,4.8767218589782715,29.018037796020508,15.669110298156738,10.55720329284668,8.268193244934082,16.517013549804688,12.893401145935059,8.082013130187988,224.010338208434
2018-09-17,5.035041332244873,28.933929443359375,16.041038513183594,10.858186721801758,8.311254501342773,17.43071746826172,12.985346794128418,8.358170509338379,224.06540666987578
2018-09-18,5.255648612976074,30.14301300048828,16.02615737915039,10.945815086364746,8.246661186218262,17.961767196655273,13.289468765258789,8.731276512145996,224.12048866879738
2018-09-19,5.185573101043701,30.794858932495117,16.137727737426758,10.995340347290039,8.177759170532227,17.789958953857422,13.289468765258789,8.643141746520996,224.1755842085268
2018-09-20,5.15702486038208,31.18387222290039,16.033586502075195,10.972478866577148,8.220821380615234,17.727479934692383,13.261177062988281,8.666644096374512,224.23069329239274
2018-09-21,5.2270989418029785,32.07228469848633,16.305095672607422,11.14774227142334,8.375852584838867,18.414710998535156,13.331904411315918,8.983930587768555,224.28581592372478
2018-09-24,5.190764427185059,31.646480560302734,15.899702072143555,10.850564956665039,8.323766708374023,17.797761917114258,13.006560325622559,8.73421573638916,224.3409521058533
2018-09-25,5.211525917053223,32.69784927368164,15.936884880065918,10.858186721801758,8.418695449829102,17.55567169189453,13.013636589050293,8.681334495544434,224.39610184210946
2018-09-26,5.240077018737793,31.54659652709961,16.111698150634766,10.884854316711426,8.492056846618652,17.672809600830078,13.225815773010254,8.651957511901855,224.45126513582528
2018-09-27,5.5696916580200195,31.267986297607422,16.554283142089844,11.13249397277832,8.58698558807373,18.008623123168945,13.070216178894043,8.898736000061035,224.50644199033363
2018-09-28,5.473660469055176,31.446720123291016,16.412952423095703,10.922952651977539,8.522259712219238,17.8184757232666,12.971199989318848,8.651957511901855,224.56163240896808
2018-10-01,5.450301647186279,31.751611709594727,16.228784561157227,10.801033973693848,8.410069465637207,17.12140655517578,13.0348539352417,8.287663459777832,224.6169194828672
2018-10-02,5.922661781311035,32.17217254638672,16.853837966918945,11.437309265136719,8.517942428588867,17.935962677001953,12.907546997070312,9.233647346496582,224.6722201684439
2018-10-03,6.174413204193115,31.51506233215332,17.616531372070312,11.932924270629883,8.384175300598145,19.228288650512695,12.822671890258789,10.070935249328613,224.7275344690494
2018-10-04,6.234106540679932,30.91050910949707,17.635147094726562,11.990111351013184,8.246094703674316,18.75835418701172,12.638786315917969,10.317716598510742,224.78286238803568
2018-10-05,6.218534469604492,30.22186279296875,17.57561683654785,11.810927391052246,8.241778373718262,18.915002822875977,12.483186721801758,10.499860763549805,224.83820392875563
2018-10-08,6.903716087341309,29.99056053161621,18.62106704711914,12.611536979675293,8.22020435333252,19.83138084411621,12.730730056762695,11.516358375549316,224.89355909456287
2018-10-09,6.960814476013184,30.332258224487305,18.524337768554688,12.657288551330566,7.896572589874268,19.392772674560547,12.362953186035156,11.457597732543945,224.94892788881197
2018-10-10,6.760969638824463,29.38076400756836,17.884403228759766,12.245543479919434,7.939723491668701,18.922828674316406,12.164920806884766,10.972851753234863,225.00431031485823
2018-10-11,6.563721656799316,29.690916061401367,17.672340393066406,12.17310905456543,7.952668190002441,18.875835418701172,12.016393661499023,10.928789138793945,225.05970637605776
2018-10-15,6.688298225402832,30.316486358642578,17.876964569091797,12.237921714782715,7.896572589874268,18.797517776489258,11.973959922790527,11.081555366516113,225.11511607576756
2018-10-16,6.937456130981445,30.332258224487305,18.591304779052734,12.821224212646484,8.090753555297852,19.78438377380371,12.313446044921875,11.566303253173828,225.17053941734545
2018-10-17,6.864785671234131,30.91050910949707,18.397829055786133,12.836471557617188,8.047598838806152,20.011526107788086,12.058832168579102,11.666184425354004,225.22597640415003
2018-10-18,6.6701340675354,29.701425552368164,17.850927352905273,12.481913566589355,7.944043159484863,19.549413681030273,11.77592658996582,11.531042098999023,225.28142703954077
2018-10-19,6.727230072021484,29.71720314025879,17.832326889038086,12.523850440979004,8.026025772094727,19.988019943237305,11.924450874328613,11.627999305725098,225.33689132687792
2018-10-22,6.885549068450928,30.684471130371094,18.09276008605957,12.676350593566895,8.047598838806152,20.403139114379883,11.896159172058105,11.707320213317871,225.39236926952265
2018-10-23,6.799901485443115,29.832855224609375,18.15599822998047,12.722105026245117,8.284931182861328,20.246490478515625,11.761780738830566,11.748445510864258,225.44786087083685
2018-10-24,6.664941787719727,28.61326026916504,17.683502197265625,12.417105674743652,8.34965705871582,19.776552200317383,11.238404273986816,11.486978530883789,225.50336613418324
2018-10-25,6.831045150756836,28.7078800201416,17.888126373291016,12.77547550201416,8.202946662902832,20.363971710205078,10.608941078186035,11.78076171875,225.5588850629255
2018-10-26,7.16325569152832,29.228309631347656,18.22297477722168,12.996594429016113,7.8016438484191895,20.849576950073242,10.743321418762207,12.4623441696167,225.614417660428
2018-10-29,6.856998920440674,27.914091110229492,17.888126373291016,12.752598762512207,7.551370620727539,20.591110229492188,10.913065910339355,12.300761222839355,225.66996393005604
2018-10-30,7.2670698165893555,28.318864822387695,18.412717819213867,13.248223304748535,7.896572589874268,21.742456436157227,11.351567268371582,12.662116050720215,225.72552387517564
2018-10-31,7.16844367980957,29.81182098388672,18.323429107666016,13.076656341552734,7.767120838165283,22.517858505249023,11.556674003601074,12.559285163879395,225.78109749915373
2018-11-01,7.090582370758057,30.22712516784668,18.585800170898438,13.823888778686523,7.853423595428467,22.61183738708496,11.577892303466797,12.744375228881836,225.83668480535803
2018-11-05,7.308595657348633,30.242889404296875,18.78676986694336,14.121017456054688,8.073493957519531,22.322050094604492,11.641544342041016,12.753190040588379,225.89228579715711
2018-11-06,7.056843280792236,30.085186004638672,18.90586280822754,13.968438148498535,8.069175720214844,22.243724822998047,11.768851280212402,12.477032661437988,225.9479004779204
2018-11-07,6.825852870941162,30.274429321289062,18.924467086791992,13.697608947753906,8.138219833374023,21.65630340576172,11.563746452331543,12.17737102508545,226.00352885101807
2018-11-08,6.579294681549072,29.97478675842285,18.6639461517334,13.411530494689941,8.026025772094727,20.849576950073242,11.111096382141113,11.927655220031738,226.05917091982124
2018-11-09,6.607841491699219,28.728906631469727,18.89841651916504,13.609884262084961,8.026025772094727,21.115875244140625,11.372785568237305,12.192063331604004,226.11482668770174
2018-11-12,6.574103832244873,28.83403778076172,18.950515747070312,13.598434448242188,7.961299419403076,21.32734489440918,11.280842781066895,12.391838073730469,226.17049615803225
2018-11-13,6.2912068367004395,29.580520629882812,18.879802703857422,13.354312896728516,7.823217868804932,20.998390197753906,11.146461486816406,12.250819206237793,226.22617933418638
2018-11-14,6.514408111572266,28.997007369995117,19.04356575012207,13.54122543334961,7.948357105255127,21.014053344726562,11.337424278259277,12.271384239196777,226.28187621953847
2018-11-16,6.696086883544922,29.51743507385254,19.631580352783203,14.19730281829834,8.00445556640625,21.726789474487305,11.669835090637207,12.659180641174316,226.33758681746374
2018-11-19,6.7479939460754395,29.10740089416504,19.62041664123535,14.136277198791504,7.853423595428467,22.22022247314453,11.641544342041016,12.955894470214844,226.39331113133824
2018-11-21,6.532578945159912,28.66581916809082,19.36548614501953,13.97988510131836,7.749860763549805,22.118406295776367,11.58496379852295,12.926518440246582,226.4490491645388
2018-11-22,6.553422451019287,28.408239364624023,19.32082748413086,14.037094116210938,7.603149890899658,21.797286987304688,11.669835090637207,13.310965538024902,226.50480092044313
2018-11-23,6.350175857543945,26.46843910217285,19.298498153686523,14.00658893585205,7.629039764404297,21.852108001708984,11.457657814025879,13.415772438049316,226.56056640242977
2018-11-26,6.318907260894775,26.347536087036133,18.980295181274414,13.804423332214355,7.654929161071777,21.609310150146484,11.422292709350586,13.179201126098633,226.61634561387808
2018-11-27,6.652441024780273,26.24239730834961,19.622272491455078,14.368956565856934,7.788698196411133,21.930435180664062,11.698126792907715,13.490642547607422,226.6721385581682
2018-11-28,6.613354206085205,27.493539810180664,20.113536834716797,14.662662506103516,7.827530860900879,21.94609832763672,11.804217338562012,13.703255653381348,226.7279452386813
2018-11-29,6.558634281158447,27.335830688476562,20.29216957092285,14.845755577087402,7.857741832733154,21.789451599121094,11.768851280212402,13.547536849975586,226.78376565879907
2018-11-30,6.634202003479004,27.75638198852539,20.107940673828125,14.670293807983398,7.689450740814209,21.07671356201172,11.966885566711426,13.364869117736816,226.8395998219043
2018-12-03,6.759277820587158,28.445030212402344,19.853845596313477,14.418536186218262,7.749860763549805,20.802583694458008,11.839577674865723,13.206147193908691,226.89544773138047
2018-12-04,6.602931022644043,27.79843521118164,19.831506729125977,14.379975318908691,7.78438138961792,20.653764724731445,11.77592658996582,13.074390411376953,226.95130939061195
2018-12-05,6.660257339477539,27.75638198852539,19.842674255371094,14.372340202331543,7.702396869659424,20.755592346191406,11.698126792907715,13.206147193908691,227.00718480298394
2018-12-06,6.407501220703125,27.493539810180664,20.021385192871094,14.52880859375,7.693767070770264,21.225526809692383,11.592037200927734,13.287009239196777,227.06307397188246
2018-12-07,6.45440673828125,26.962589263916016,19.85941505432129,14.460123062133789,7.633357048034668,21.202028274536133,11.394003868103027,13.185189247131348,227.11897690069435
2018-12-10,6.107842445373535,26.389591217041016,19.32887840270996,14.18152141571045,7.426231861114502,20.998390197753906,11.238404273986816,12.798891067504883,227.17489359280734
2018-12-11,6.068756580352783,26.599863052368164,19.501998901367188,14.345630645751953,7.5082173347473145,21.32734489440918,11.280842781066895,12.87375545501709,227.23082405160991
2018-12-12,6.071361064910889,26.47895050048828,19.636028289794922,14.44102954864502,7.465066432952881,21.859947204589844,11.280842781066895,12.90849494934082,227.28676828049146
2018-12-13,6.086997032165527,26.599863052368164,19.982288360595703,14.822670936584473,7.495274543762207,21.891273498535156,11.542529106140137,13.238862037658691,227.34272628284216
2018-12-14,6.006219387054443,26.747055053710938,19.83708953857422,14.654746055603027,7.486644268035889,22.16539764404297,11.358640670776367,13.244869232177734,227.398698062053
2018-12-17,5.959315299987793,26.941560745239258,19.306541442871094,14.368529319763184,7.301092624664307,21.711130142211914,11.386931419372559,13.124740600585938,227.4546836215159
2018-12-18,5.732616901397705,27.041444778442383,19.619699478149414,14.635666847229004,7.262258052825928,21.63280487060547,11.23133373260498,13.154770851135254,227.51068296462353
2018-12-19,5.797759056091309,26.289709091186523,19.357149124145508,14.42577075958252,7.378768444061279,21.797286987304688,11.1158447265625,13.154770851135254,227.56669609476944
2018-12-20,5.599723815917969,26.184572219848633,19.351566314697266,14.50209903717041,7.443490028381348,22.02062225341797,10.978700637817383,13.238862037658691,227.622723015348
2018-12-21,5.615359306335449,26.736547470092773,19.262176513671875,14.391425132751465,7.482327938079834,22.743114471435547,10.949830055236816,13.241868019104004,227.67876372975437
2018-12-26,5.843538761138916,26.515748977661133,18.843191146850586,14.243134498596191,7.357428550720215,22.617464065551758,10.928173065185547,13.328965187072754,227.73481824138466
2018-12-27,5.840842247009277,26.0216064453125,19.16162872314453,14.573915481567383,7.413691520690918,22.7745304107666,10.899300575256348,13.551212310791016,227.79088655363574
2018-12-28,6.113073348999023,26.810142517089844,19.832006454467773,15.04090404510498,7.5911359786987305,23.363525390625,11.101408004760742,13.962677955627441,227.84696866990527
2019-01-02,6.48503303527832,26.857450485229492,20.6787052154541,15.718035697937012,7.781564235687256,24.243099212646484,11.65719985961914,14.596391677856445,227.9030645935918
2019-01-03,6.6440582275390625,25.758766174316406,21.019628524780273,15.877256393432617,7.959009170532227,23.842580795288086,11.787124633789062,14.656454086303711,227.95917432809478
2019-01-04,6.662925720214844,27.43570899963379,20.66752815246582,15.752671241760254,8.049893379211426,23.59912872314453,11.9459228515625,14.656454086303711,228.01529787681437
2019-01-07,6.768045425415039,27.288515090942383,20.706649780273438,15.939541816711426,7.924383640289307,23.159339904785156,11.89539623260498,14.560351371765137,228.07143524315165
2019-01-08,6.727615833282471,27.551362991333008,20.969324111938477,16.03687286376953,7.859464168548584,23.175058364868164,11.65719985961914,14.395156860351562,228.12758643050853
2019-01-09,6.867774486541748,28.224241256713867,21.287891387939453,16.313310623168945,7.946022987365723,23.716920852661133,11.823216438293457,14.356120109558105,228.18375144228776
2019-01-10,6.808475017547607,27.914091110229492,21.14258575439453,16.2627010345459,8.006612777709961,23.59912872314453,12.162467956542969,14.566357612609863,228.23993028189284
2019-01-11,6.735699653625488,27.53558921813965,21.0140380859375,16.157575607299805,8.088844299316406,23.151485443115234,12.480060577392578,14.626426696777344,228.29612295272827
2019-01-14,6.697966575622559,27.6512451171875,21.17052459716797,16.348358154296875,8.179730415344238,23.065105438232422,12.66051197052002,14.965804100036621,228.35232945819928
2019-01-15,6.692575454711914,27.519821166992188,20.84078598022461,16.317203521728516,8.019593238830566,22.64102554321289,12.776002883911133,14.791606903076172,228.40854980171193
2019-01-16,6.689880847930908,27.677526473999023,20.779298782348633,16.395071029663086,8.188387870788574,22.805946350097656,12.848183631896973,14.650445938110352,228.46478398667313
2019-01-17,6.781522750854492,28.508121490478516,20.779298782348633,16.44957733154297,8.136451721191406,24.235248565673828,12.884272575378418,14.704509735107422,228.52103201649066
2019-01-18,6.8462114334106445,28.78672981262207,21.047565460205078,16.616994857788086,8.093172073364258,24.486549377441406,12.992546081542969,14.581372261047363,228.57729389457316
2019-01-21,6.881249904632568,29.060081481933594,20.874313354492188,16.42622184753418,8.145110130310059,25.366119384765625,12.992546081542969,14.503287315368652,228.63356962433002
2019-01-22,6.773435592651367,28.954952239990234,20.84078598022461,16.352249145507812,8.03257942199707,24.97345542907715,12.66051197052002,14.476253509521484,228.68985920917154
2019-01-23,6.854297161102295,29.254594802856445,20.980506896972656,16.632566452026367,8.123470306396484,25.19334602355957,12.40066146850586,14.776591300964355,228.74616265250887
2019-01-24,6.883945465087891,29.51743507385254,20.95255470275879,16.799983978271484,8.145110130310059,25.30329132080078,12.38622760772705,14.701508522033691,228.80247995775395
2019-01-28,6.676403999328613,22.268186569213867,21.32701301574707,16.936256408691406,8.274943351745605,25.138370513916016,12.95645523071289,14.512292861938477,228.85881112831953
2019-01-29,6.838123798370361,22.46795082092285,21.17052459716797,16.718223571777344,8.313896179199219,25.051990509033203,12.898709297180176,14.995834350585938,228.91515616761936
2019-01-30,6.9055070877075195,24.49710464477539,21.304658889770508,16.679290771484375,8.404781341552734,26.072908401489258,12.970890045166016,15.191057205200195,228.97151507906784
2019-01-31,6.8947272300720215,23.918846130371094,21.67352294921875,17.62150001525879,8.153766632080078,26.151447296142578,12.638859748840332,15.57548999786377,229.0278878660803
2019-02-01,6.954024791717529,24.313119888305664,21.698684692382812,17.403470993041992,8.495670318603516,25.75878143310547,13.071945190429688,15.6505708694458,229.08427453207295
2019-02-04,7.016019344329834,23.487783432006836,22.190692901611328,17.78866195678711,8.525962829589844,25.798049926757812,13.31735897064209,15.94789981842041,229.14067508046276
2019-02-05,7.029494285583496,23.40367889404297,21.245803833007812,17.79644203186035,8.677438735961914,25.287586212158203,13.45450210571289,16.41342544555664,229.1970895146676
2019-02-06,6.8704705238342285,22.320756912231445,20.351253509521484,16.959014892578125,8.370160102844238,24.627904891967773,13.057507514953613,15.413304328918457,229.25351783810615
2019-02-07,6.762653350830078,21.8634033203125,20.423934936523438,17.21608543395996,8.296585083007812,24.942035675048828,13.53389835357666,15.515425682067871,229.30996005419792
2019-02-08,6.773435592651367,22.688735961914062,20.860027313232422,17.399158477783203,8.223008155822754,26.1357421875,13.15134334564209,15.5364408493042,229.36641616636328
2019-02-11,6.69527006149292,22.089454650878906,20.625198364257812,17.29788589477539,8.175400733947754,25.6881046295166,13.505025863647461,15.076921463012695,229.42288617802348
2019-02-12,6.932461261749268,23.28802490234375,21.117218017578125,17.644550323486328,8.16674518585205,26.127883911132812,13.476158142089844,16.00497055053711,229.4793700926005
2019-02-13,7.021407127380371,23.913593292236328,20.636384963989258,17.371896743774414,8.075858116149902,26.277097702026367,13.274049758911133,15.641556739807129,229.53586791351734
2019-02-14,7.263992786407471,24.002962112426758,21.184303283691406,18.03404998779297,8.153766632080078,27.007450103759766,13.418411254882812,16.440458297729492,229.59237964419765
2019-02-15,7.234340667724609,24.11861228942871,20.96625518798828,17.917192459106445,8.179730415344238,26.8425350189209,13.346231460571289,16.461483001708984,229.64890528806606
2019-02-18,7.2127790451049805,23.787429809570312,20.630788803100586,17.50821876525879,8.257631301879883,26.928922653198242,13.129690170288086,16.299301147460938,229.705444848548
2019-02-19,7.379891395568848,23.913593292236328,21.106042861938477,17.656234741210938,8.39179515838623,26.83468246459961,13.223523139953613,16.368375778198242,229.76199832906974
2019-02-20,7.28825044631958,24.07655906677246,20.837665557861328,17.36410140991211,8.132122993469238,26.363483428955078,13.100815773010254,15.90585708618164,229.8185657330584
2019-02-21,7.385283470153809,23.855772018432617,21.217849731445312,17.516016006469727,8.171074867248535,26.70117950439453,13.223523139953613,15.977938652038574,229.87514706394188
2019-02-22,7.312508583068848,24.702125549316406,21.51724624633789,17.371896743774414,8.244647979736328,27.227346420288086,13.223523139953613,16.124298095703125,229.93174232514906
2019-02-25,7.196606636047363,24.770465850830078,21.188556671142578,17.196626663208008,8.024222373962402,27.36085319519043,13.274049758911133,15.860069274902344,229.98835152010955
2019-02-26,7.164262771606445,24.81252670288086,21.264867782592773,17.50432777404785,7.967716217041016,27.565034866333008,13.346231460571289,15.945096015930176,230.04497465225379
2019-02-27,7.299030780792236,24.618017196655273,21.07703971862793,17.3095645904541,8.076386451721191,27.180225372314453,13.252397537231445,15.762874603271484,230.10161172501319
2019-02-28,7.29364013671875,24.759952545166016,20.67792510986328,16.853858947753906,8.006841659545898,27.133106231689453,12.436753273010254,15.368041038513184,230.1582627418199
2019-03-01,7.196606636047363,24.570709228515625,20.45772933959961,16.573400497436523,7.972062587738037,26.387048721313477,12.097503662109375,15.583677291870117,230.21492770610698
2019-03-06,7.2127790451049805,25.25935935974121,20.463607788085938,16.44829750061035,8.076386451721191,26.504846572875977,11.815997123718262,15.377161026000977,230.27160662130822
2019-03-07,7.2154741287231445,25.685169219970703,20.74545669555664,16.565204620361328,8.050308227539062,26.010087966918945,12.046977996826172,15.316410064697266,230.32829949085843
2019-03-08,7.188520908355713,25.679912567138672,20.9920711517334,16.795108795166016,8.172015190124512,26.5833740234375,11.9747953414917,15.853991508483887,230.3850063181931
2019-03-11,7.47961950302124,26.221372604370117,21.679086685180664,17.477041244506836,8.250262260437012,27.635711669921875,12.35013484954834,16.339935302734375,230.44172710674866
2019-03-12,7.412235260009766,26.268678665161133,21.726064682006836,17.527713775634766,8.263301849365234,27.47079849243164,12.270736694335938,16.247379302978516,230.49846185996236
2019-03-13,7.573957920074463,26.652429580688477,21.9609375,17.69525909423828,8.337194442749023,26.976043701171875,12.198554992675781,16.497150421142578,230.55521058127232
2019-03-14,7.598215103149414,26.65768814086914,21.614498138427734,17.734224319458008,8.298074722290039,27.219499588012695,12.025321960449219,16.37226104736328,230.61197327411742
2019-03-15,7.614387512207031,26.573579788208008,21.608631134033203,17.80827522277832,8.371971130371094,27.01530647277832,12.097503662109375,16.512378692626953,230.66874994193753
2019-03-18,7.7464599609375,26.52626609802246,21.643856048583984,17.901790618896484,8.298074722290039,27.17237663269043,12.49449634552002,16.387489318847656,230.72554058817326
2019-03-19,7.870447158813477,27.283260345458984,21.13887596130371,17.51601791381836,8.298074722290039,26.897506713867188,12.407881736755371,16.037200927734375,230.7823452162661
2019-03-20,7.808452129364014,26.57883071899414,20.663238525390625,17.040605545043945,8.154629707336426,26.387048721313477,12.270736694335938,15.67777156829834,230.8391638296584
2019-03-21,7.69794225692749,26.75231170654297,20.2991886138916,16.666515350341797,8.067691802978516,26.02579689025879,12.256300926208496,15.34880542755127,230.8959964317933
2019-03-22,7.277468681335449,26.31073570251465,19.70025062561035,16.07809829711914,7.919901371002197,25.311145782470703,12.068632125854492,14.514202117919922,230.95284302611483
2019-03-25,7.369110107421875,26.047889709472656,19.729612350463867,16.113174438476562,7.8703999519348145,25.421092987060547,11.924269676208496,14.617764472961426,231.00970361606787
2019-03-26,7.716812610626221,26.431640625,19.93513298034668,16.21839714050293,7.85297155380249,25.617416381835938,12.263516426086426,14.961960792541504,231.06657820509815
2019-03-27,7.369110107421875,26.074176788330078,19.259857177734375,15.657248497009277,7.604569435119629,24.724393844604492,11.938706398010254,14.133444786071777,231.12346679665228
2019-03-28,7.563176155090332,25.91646957397461,20.023202896118164,16.45218276977539,7.866042613983154,25.512042999267578,12.09028434753418,14.626903533935547,231.18036939417763
2019-03-29,7.563176155090332,26.77334213256836,20.21697998046875,16.732759475708008,7.844250679016113,26.039770126342773,12.148029327392578,14.840121269226074,231.23728600112247
2019-04-01,7.547003746032715,27.6512451171875,20.067182540893555,16.8668155670166,7.874756813049316,26.024019241333008,12.140810012817383,14.986330032348633,231.29421662093597
2019-04-02,7.625168323516846,27.14133071899414,19.749956130981445,16.651100158691406,7.953198432922363,26.110652923583984,12.104720115661621,14.85534954071045,231.35116125706804
2019-04-03,7.4230170249938965,27.220176696777344,19.573734283447266,16.463953018188477,8.049076080322266,25.1575984954834,12.155247688293457,14.69696044921875,231.40811991296957
2019-04-04,7.673685550689697,27.419944763183594,19.867450714111328,16.889707565307617,8.197243690490723,25.1260929107666,12.501715660095215,14.873628616333008,231.46509259209216
2019-04-05,7.757242679595947,27.32530975341797,20.296287536621094,17.030065536499023,8.310552597045898,25.11034393310547,12.588333129882812,14.958918571472168,231.52207929788835
2019-04-08,7.883922100067139,28.06654167175293,20.172929763793945,17.053455352783203,8.171095848083496,24.700761795043945,12.523369789123535,14.98328971862793,231.57908003381152
2019-04-09,7.859665393829346,27.519821166992188,20.061309814453125,16.987960815429688,8.066509246826172,24.102148056030273,12.768783569335938,14.757879257202148,231.63609480331587
2019-04-10,7.757242679595947,27.209665298461914,20.02606201171875,16.744674682617188,7.988064765930176,24.874046325683594,12.667731285095215,14.86754035949707,231.69312360985646
2019-04-11,7.547003746032715,27.225439071655273,19.561983108520508,16.47800064086914,7.944482803344727,25.047332763671875,12.451189041137695,14.727417945861816,231.75016645688925
2019-04-12,6.96211051940918,27.062471389770508,19.356374740600586,16.328275680541992,7.9488444328308105,25.00794792175293,12.314045906066895,14.233967781066895,231.80722334787097
2019-04-15,6.989065170288086,26.983617782592773,19.344619750976562,16.29084587097168,8.018568992614746,25.598684310913086,12.573898315429688,14.273563385009766,231.86429428625922
2019-04-16,7.201998233795166,27.914091110229492,19.327003479003906,16.262773513793945,8.171095848083496,25.740463256835938,12.653297424316406,14.569029808044434,231.9213792755125
2019-04-17,7.210084915161133,27.467252731323242,19.02739906311035,16.038204193115234,8.066509246826172,25.582929611206055,12.306827545166016,14.377128601074219,231.9784783190902
2019-04-18,7.439188480377197,27.640729904174805,19.285873413085938,16.258094787597656,8.118802070617676,25.8034725189209,12.328481674194336,14.879715919494629,232.03559142045233
2019-04-22,7.396062850952148,26.967849731445312,19.233001708984375,16.393787384033203,8.171095848083496,26.008268356323242,12.631641387939453,14.724371910095215,232.09271858306008
2019-04-23,7.460752010345459,27.293773651123047,19.479738235473633,16.79145622253418,8.38899040222168,26.835302352905273,12.75434684753418,15.019835472106934,232.14985981037523
2019-04-24,7.439188480377197,26.473697662353516,19.509103775024414,16.679174423217773,8.192886352539062,26.402090072631836,12.790437698364258,14.715234756469727,232.20701510586056
2019-04-25,7.493096828460693,26.457931518554688,19.808704376220703,16.87567710876465,8.301833152770996,27.016456604003906,13.216304779052734,14.95587158203125,232.26418447297968
2019-04-26,7.350007057189941,26.505237579345703,19.855695724487305,16.824203491210938,8.314906120300293,28.253074645996094,13.201870918273926,15.032020568847656,232.32136791519693
2019-04-29,7.382373809814453,26.41587257385254,19.697086334228516,16.604320526123047,8.171095848083496,28.5523738861084,13.245177268981934,15.038108825683594,232.37856543597766
2019-04-30,7.312245845794678,26.337018966674805,19.873323440551758,16.646427154541016,8.097012519836426,28.512996673583984,13.331794738769531,15.132537841796875,232.43577703878802
2019-05-02,7.209750175476074,25.727224349975586,20.005552291870117,16.65578269958496,8.179814338684082,28.323963165283203,12.95645523071289,15.166043281555176,232.49300272709496
2019-05-03,7.242115497589111,26.494726181030273,19.81161117553711,16.833162307739258,8.127514839172363,28.237321853637695,12.934800148010254,15.254376411437988,232.5502425043664
2019-05-06,7.2205376625061035,26.105722427368164,19.376712799072266,16.379091262817383,8.001137733459473,27.811906814575195,13.03585433959961,15.038108825683594,232.60749637407102
2019-05-07,7.10725212097168,26.126747131347656,19.159257888793945,16.276113510131836,7.9052629470825195,27.59918212890625,12.739911079406738,15.074668884277344,232.66476433967833
2019-05-08,7.382373809814453,25.758766174316406,19.376712799072266,16.613161087036133,8.110084533691406,28.91493034362793,12.934800148010254,15.409719467163086,232.72204640465878
2019-05-09,7.236721992492676,25.516944885253906,19.1357479095459,16.32293128967285,8.083938598632812,28.615537643432617,12.624423027038574,15.543745040893555,232.77934257248364
2019-05-10,7.196262359619141,26.000581741333008,19.0476016998291,16.17780876159668,8.031641006469727,28.94643783569336,12.487278938293457,15.278746604919434,232.83665284662501
2019-05-13,6.985877990722656,24.933429718017578,18.747859954833984,15.775238037109375,7.844250679016113,27.575544357299805,12.27795696258545,14.733516693115234,232.89397723055586
2019-05-14,7.012848854064941,25.017541885375977,18.65970802307129,15.72843074798584,7.848612308502197,28.339784622192383,12.227428436279297,14.590353012084961,232.95131572775009
2019-05-15,6.980483055114746,25.2067928314209,18.71847915649414,15.559901237487793,7.844250679016113,28.355545043945312,11.989233016967773,14.349717140197754,233.00866834168227
2019-05-16,6.815949440002441,24.391969680786133,18.477527618408203,15.377347946166992,7.844250679016113,28.12705421447754,12.010885238647461,13.901952743530273,233.066035075828
2019-05-17,6.656813621520996,25.08588409423828,18.51278305053711,15.494366645812988,7.900903224945068,27.465242385864258,11.90261459350586,13.661324501037598,233.1234159336637
2019-05-20,6.883381366729736,24.575963973999023,18.994714736938477,15.915674209594727,8.05343246459961,28.67856788635254,11.90261459350586,14.18523120880127,233.1808109186666
2019-05-21,7.14501428604126,24.92291259765625,19.72933578491211,16.571020126342773,8.192886352539062,28.60765838623047,12.335700988769531,14.995469093322754,233.2382200343148
2019-05-22,7.117939472198486,24.949201583862305,19.74696922302246,16.276113510131836,8.179814338684082,28.36341667175293,12.42231559753418,14.996953010559082,233.29564328408722
2019-05-23,6.996103763580322,25.13844871520996,19.70583152770996,16.1965389251709,8.062145233154297,28.647048950195312,12.42231559753418,15.021530151367188,233.35308067146377
2019-05-24,7.0637898445129395,25.39603614807129,19.41197967529297,16.037389755249023,7.927054405212402,28.63917350769043,12.314045906066895,15.242705345153809,233.41053219992514
2019-05-27,7.104402542114258,26.38433074951172,19.482500076293945,16.266752243041992,7.970634937286377,29.324621200561523,12.429534912109375,15.540681838989258,233.46799787295276
2019-05-28,7.256021976470947,26.41587257385254,20.029062271118164,16.71613883972168,8.214674949645996,29.80522918701172,12.49449634552002,15.743423461914062,233.52547769402912
2019-05-29,7.174798488616943,26.126747131347656,20.405200958251953,17.04850196838379,8.319266319274902,30.041584014892578,12.458407402038574,15.728069305419922,233.5829716666374
2019-05-30,7.080035209655762,26.289709091186523,20.616775512695312,17.36212158203125,8.306188583374023,30.06522560119629,12.58111572265625,15.958456993103027,233.64047979426178
2019-05-31,6.917587757110596,25.758766174316406,20.56976318359375,17.31999969482422,8.301833152770996,29.970672607421875,12.667731285095215,15.927736282348633,233.69800208038717
2019-06-03,7.036714553833008,25.66939926147461,20.625606536865234,17.263822555541992,8.341055870056152,30.15976333618164,12.573898315429688,16.001461029052734,233.7555385284994
2019-06-04,7.093573093414307,25.816593170166016,20.590335845947266,17.352325439453125,8.288763046264648,29.939159393310547,12.523369789123535,16.262571334838867,233.8130891420851
2019-06-05,7.001519680023193,25.438093185424805,20.190513610839844,17.08535385131836,8.232107162475586,29.584613800048828,12.566678047180176,15.814074516296387,233.87065392463188
2019-06-06,7.115231990814209,25.65361976623535,20.402191162109375,17.460031509399414,8.232107162475586,30.175525665283203,12.732694625854492,16.216495513916016,233.92823287962815
2019-06-07,7.245192050933838,25.58003044128418,20.619735717773438,17.46471405029297,8.367202758789062,30.569461822509766,12.711041450500488,16.08440399169922,233.98582601056313
2019-06-10,7.215409278869629,25.41181182861328,20.36103057861328,17.258644104003906,8.38027572631836,30.51430320739746,12.739911079406738,15.933882713317871,234.04343332092697
2019-06-11,7.353489398956299,27.03618621826172,20.460987091064453,17.338260650634766,8.441287994384766,30.963388442993164,12.790437698364258,16.250288009643555,234.10105481421058
2019-06-12,7.269559383392334,27.067731857299805,20.343395233154297,17.136882781982422,8.580740928649902,30.719154357910156,12.761565208435059,16.105756759643555,234.15869049390588
2019-06-13,7.35890531539917,27.256969451904297,19.978864669799805,16.94953727722168,8.715835571289062,31.057947158813477,12.884272575378418,15.849966049194336,234.21634036350548
2019-06-14,7.326416969299316,27.020414352416992,19.984745025634766,16.92143440246582,8.685331344604492,31.02642822265625,12.732694625854492,15.569515228271484,234.27400442650298
2019-06-17,7.339953899383545,26.389591217041016,19.961217880249023,16.879281997680664,8.846572875976562,31.317935943603516,12.848183631896973,15.554116249084473,234.3316826863928
2019-06-18,7.432007789611816,27.335830688476562,20.478622436523438,17.024471282958984,8.994742393493652,31.609455108642578,13.028634071350098,15.917769432067871,234.38937514667023
2019-06-19,7.450958728790283,27.493539810180664,20.802000045776367,17.235233306884766,9.225711822509766,32.27126693725586,13.136907577514648,16.179723739624023,234.44708181083135
2019-06-21,7.656727313995361,27.56713104248047,21.272377014160156,17.623958587646484,9.33902359008789,32.2239990234375,13.31735897064209,16.306081771850586,234.5048026823732
2019-06-24,7.648604869842529,27.546110153198242,21.225332260131836,17.76445960998535,9.404387474060059,32.75186538696289,13.209087371826172,16.346149444580078,234.5625377647936
2019-06-25,7.448251724243164,27.00989532470703,20.960752487182617,17.61458396911621,9.225711822509766,31.823575973510742,13.115251541137695,16.19513702392578,234.6202870615913
2019-06-26,7.491570472717285,27.115041732788086,21.46051788330078,17.834712982177734,9.216997146606445,31.863082885742188,13.064725875854492,16.546464920043945,234.67805057626586
2019-06-27,7.372442245483398,27.178117752075195,21.31353187561035,17.750411987304688,9.308511734008789,31.807798385620117,13.028634071350098,16.580368041992188,234.73582831231775
2019-06-28,7.421176910400391,27.241209030151367,21.31940269470215,17.67547607421875,9.308511734008789,32.36859893798828,12.913146018981934,16.62351417541504,234.79362027324825
2019-07-01,7.380563735961914,28.203216552734375,21.222347259521484,17.712881088256836,9.423306465148926,32.22641372680664,12.855401039123535,16.605022430419922,234.85142646255954
2019-07-02,7.261434078216553,27.015155792236328,21.14588737487793,17.768898010253906,9.414571762084961,32.455482482910156,13.08637809753418,16.392372131347656,234.90924688375463
2019-07-03,7.35890531539917,26.962589263916016,21.51058006286621,18.084430694580078,9.4757080078125,33.0241813659668,13.59886360168457,16.73446273803711,234.96708154033743
2019-07-04,7.4157633781433105,27.162353515625,21.757614135742188,18.399972915649414,9.69404411315918,33.68766403198242,13.714353561401367,17.00566291809082,235.0249304358127
2019-07-05,7.418469429016113,26.473697662353516,21.998775482177734,18.56007957458496,9.781373977661133,33.86933517456055,13.714353561401367,16.950191497802734,235.08279357368602
2019-07-08,7.486155033111572,26.783855438232422,21.93995475769043,18.47531509399414,9.838139533996582,34.35905838012695,13.671046257019043,16.934782028198242,235.1406709574639
2019-07-10,7.599869251251221,27.4041690826416,21.881145477294922,18.39054298400879,10.344677925109863,34.856666564941406,13.728788375854492,16.72213363647461,235.19856259065364
2019-07-11,7.689217567443848,27.36211585998535,21.85171890258789,18.235130310058594,10.305375099182129,34.050994873046875,13.490593910217285,16.395458221435547,235.25646847676347
2019-07-12,7.724413871765137,27.23594856262207,21.44586753845215,17.89605140686035,10.082674026489258,33.371726989746094,13.136907577514648,16.025638580322266,235.31438861930246
2019-07-15,7.629653453826904,27.69855499267578,21.38704490661621,17.820693969726562,9.781373977661133,33.15846633911133,13.172996520996094,15.930092811584473,235.37232302178052
2019-07-16,7.534889221191406,27.88780975341797,21.469411849975586,17.82541275024414,9.82940673828125,33.96411895751953,13.064725875854492,15.954752922058105,235.43027168770848
2019-07-17,7.494276523590088,27.69855499267578,21.41057014465332,17.731216430664062,9.838139533996582,34.114200592041016,12.98532772064209,15.957837104797363,235.48823462059804
2019-07-18,7.448251724243164,27.6459903717041,21.98113441467285,18.117389678955078,9.934209823608398,34.43803405761719,13.172996520996094,16.229036331176758,235.54621182396164
2019-07-19,7.429299831390381,27.714326858520508,21.41057014465332,17.707660675048828,9.951677322387695,33.85354232788086,13.057507514953613,16.025638580322266,235.60420330131274
2019-07-22,7.442836761474609,27.572389602661133,21.7752628326416,17.95256805419922,9.868709564208984,34.019412994384766,12.98532772064209,16.028717041015625,235.66220905616552
2019-07-23,7.450958728790283,27.209665298461914,21.987014770507812,18.013778686523438,9.85997486114502,33.569183349609375,13.014199256896973,15.840723037719727,235.7202290920352
2019-07-24,7.404932975769043,26.626150131225586,21.9693660736084,18.352867126464844,10.043376922607422,34.13790512084961,12.96367073059082,16.12733268737793,235.7782634124377
2019-07-25,7.280389308929443,26.542043685913086,21.292936325073242,17.28382110595703,9.951677322387695,34.201072692871094,14.068037033081055,15.446245193481445,235.83631202088986
2019-07-26,7.077328205108643,26.405359268188477,21.675268173217773,17.062475204467773,10.200576782226562,34.145790100097656,14.291797637939453,15.409266471862793,235.89437492090943
2019-07-29,7.142306804656982,26.421133041381836,21.763498306274414,17.024791717529297,10.33607006072998,34.59601593017578,14.797064781188965,15.547943115234375,235.95245211601497
2019-07-30,7.104402542114258,26.289709091186523,21.040008544921875,16.671573638916016,10.520171165466309,34.75398635864258,14.681578636169434,15.390769958496094,236.01054360972594
2019-07-31,7.061082363128662,26.184572219848633,20.481220245361328,16.247726440429688,10.441267967224121,34.75398635864258,14.529995918273926,15.168879508972168,236.0686494055627
2019-08-01,7.1071085929870605,25.443349838256836,20.52534294128418,16.1064510345459,10.27031421661377,35.44906997680664,14.73931884765625,15.024032592773438,236.12235738398897
2019-08-02,7.180211067199707,25.14896583557129,20.554767608642578,16.153072357177734,10.406203269958496,36.104652404785156,14.789848327636719,15.027117729187012,236.17607758151738
2019-08-05,6.917587757110596,24.181697845458984,20.272308349609375,15.860919952392578,10.213330268859863,34.83296203613281,14.551651954650879,14.746663093566895,236.22981000092796
2019-08-06,7.006934642791748,24.50762176513672,20.884296417236328,16.101234436035156,10.476335525512695,35.4648551940918,14.78262996673584,14.946988105773926,236.2835546450013
2019-08-07,6.931125640869141,24.434024810791016,21.655179977416992,16.44051742553711,10.65605640411377,34.35116195678711,14.890899658203125,14.93157958984375,236.33731151651855
2019-08-08,7.134183406829834,24.802003860473633,21.77288055419922,16.52060890197754,10.713037490844727,35.54384231567383,14.558868408203125,15.039443016052246,236.3910806182617
2019-08-09,7.115231990814209,23.913593292236328,21.608108520507812,16.24730682373047,10.59907341003418,35.22789764404297,14.486687660217285,14.993217468261719,236.44486195301315
2019-08-12,6.944662094116211,23.7401123046875,20.71365737915039,15.908041000366211,10.410584449768066,34.69078826904297,14.060821533203125,14.484708786010742,236.49865552355607
2019-08-13,7.037439346313477,24.444536209106445,21.119688034057617,16.068254470825195,10.64290714263916,35.528045654296875,13.988639831542969,14.654207229614258,236.55246133267426
2019-08-14,6.800039291381836,23.592926025390625,20.65481948852539,15.75253677368164,10.121280670166016,34.80927276611328,13.721570014953613,14.142624855041504,236.60627938315204
2019-08-15,6.611754894256592,23.072492599487305,20.59597396850586,15.644161224365234,9.796907424926758,34.31956481933594,13.55555534362793,14.130297660827637,236.6601096777745
2019-08-16,6.524433135986328,22.96735191345215,20.678377151489258,15.677145957946777,9.994159698486328,35.535953521728516,13.642172813415527,14.093311309814453,236.7139522193273
2019-08-19,6.557181358337402,22.946325302124023,20.58808135986328,15.450966835021973,9.880192756652832,35.346378326416016,13.793752670288086,13.815942764282227,236.7678070105967
2019-08-20,6.554452419281006,23.046205520629883,20.359315872192383,15.300178527832031,9.906495094299316,34.975154876708984,13.671046257019043,13.803618431091309,236.82167405436968
2019-08-21,6.944662094116211,23.209171295166016,20.515838623046875,15.601744651794434,10.108129501342773,35.859798431396484,13.569991111755371,14.592573165893555,236.8755533534338
2019-08-22,6.881900787353516,23.072492599487305,20.190759658813477,15.399128913879395,9.963479995727539,35.2515983581543,13.331794738769531,14.513601303100586,236.92944491057722
2019-08-23,6.625399112701416,22.751821517944336,19.955982208251953,15.064571380615234,9.739923477172852,34.56442642211914,13.230742454528809,13.984699249267578,236.9833487285888
2019-08-26,6.538078308105469,22.499488830566406,19.949970245361328,14.909078598022461,9.446235656738281,33.89302444458008,13.057507514953613,13.919367790222168,237.03726481025802
2019-08-27,6.64177131652832,22.772851943969727,20.184749603271484,15.097546577453613,9.503220558166504,35.30689239501953,13.115251541137695,13.807365417480469,237.091193158375
2019-08-28,6.709989547729492,22.856956481933594,20.413496017456055,15.00803279876709,9.682942390441895,35.59914016723633,13.100815773010254,13.692249298095703,237.14513377573047
2019-08-29,6.958305358886719,23.70857048034668,20.52185821533203,15.290750503540039,9.818825721740723,36.491676330566406,13.389538764953613,14.025146484375,237.19908666511577
2019-08-30,6.958305358886719,23.955652236938477,20.431562423706055,15.526358604431152,9.862663269042969,37.15516662597656,13.512247085571289,14.386045455932617,237.25305182932294
2019-09-02,6.903731822967529,24.18695068359375,20.17561149597168,15.366153717041016,9.985394477844238,37.044586181640625,13.266830444335938,14.202486991882324,237.30702927114464
2019-09-03,6.985593795776367,23.929365158081055,19.79015350341797,15.115761756896973,9.726773262023926,36.776031494140625,13.36788558959961,13.938026428222656,237.3610189933741
2019-09-04,7.165688991546631,24.455049514770508,19.928674697875977,15.30435848236084,9.919645309448242,37.2657470703125,13.569991111755371,14.267815589904785,237.4150209988053
2019-09-05,7.2011637687683105,24.455049514770508,20.494802474975586,15.657959938049316,9.985394477844238,37.321041107177734,13.490593910217285,14.765604972839355,237.4690352902327
2019-09-06,7.236637115478516,24.41826057434082,21.181373596191406,16.313335418701172,10.011696815490723,36.98929214477539,13.512247085571289,15.366056442260742,237.52306187045158
2019-09-09,7.348516464233398,25.17525291442871,21.699310302734375,16.520776748657227,9.897726058959961,35.95458221435547,13.620516777038574,15.555842399597168,237.5771007422577
2019-09-10,7.394904613494873,25.359241485595703,21.277727127075195,16.22846031188965,10.051145553588867,35.53773498535156,13.584428787231445,15.294504165649414,237.63115190844758
2019-09-11,7.332143306732178,25.2067928314209,21.181373596191406,16.157737731933594,10.116898536682129,36.13939666748047,13.649389266967773,14.930498123168945,237.68521537181826
2019-09-12,7.383991241455078,26.121490478515625,21.313865661621094,15.983297348022461,10.103747367858887,35.98107147216797,13.981422424316406,15.006451606750488,237.7392911351675
2019-09-13,7.334872722625732,26.174057006835938,21.602937698364258,15.775845527648926,10.397431373596191,34.83315658569336,13.786535263061523,14.737581253051758,237.79337920129367
2019-09-16,7.656866073608398,25.543224334716797,21.217504501342773,15.56838607788086,10.187032699584961,35.02314376831055,13.822623252868652,14.584396362304688,237.84747957299578
2019-09-17,7.555901527404785,25.70619773864746,21.295791625976562,15.983297348022461,10.432502746582031,35.2289924621582,14.02472972869873,14.787602424621582,237.90159225307343
2019-09-18,7.427650451660156,25.443349838256836,21.229551315307617,16.030445098876953,10.520171165466309,35.72774124145508,13.90202522277832,15.012703895568848,237.9557172443269
2019-09-19,7.446752548217773,25.401294708251953,20.874223709106445,15.837130546569824,10.384285926818848,36.31355667114258,13.966986656188965,14.621912956237793,238.00538336163015
2019-09-20,7.367619037628174,25.453861236572266,20.92842674255371,16.115310668945312,10.69550609588623,36.392730712890625,13.99586009979248,14.853259086608887,238.0550598452454
2019-09-23,7.498599052429199,25.285640716552734,20.8621826171875,16.148303985595703,10.625638961791992,35.181488037109375,14.010293960571289,14.781352043151855,238.1047466973363
2019-09-24,7.441293716430664,24.670583724975586,20.645366668701172,15.940861701965332,10.485137939453125,34.516483306884766,13.966986656188965,14.331158638000488,238.154443920067
2019-09-25,7.460394382476807,25.15947723388672,20.88627052307129,16.04458999633789,10.643206596374512,35.33981704711914,14.147438049316406,14.237373352050781,238.204151515602
2019-09-26,7.55863094329834,25.15947723388672,21.488523483276367,16.275604248046875,10.643206596374512,35.12607192993164,14.096911430358887,14.29051685333252,238.25386948610637
2019-09-27,7.547715187072754,25.054336547851562,21.3981876373291,16.26618003845215,10.594905853271484,34.9598274230957,14.039169311523438,14.174847602844238,238.3035978337455
2019-09-30,7.517699718475342,25.101646423339844,21.097055435180664,15.992719650268555,10.638813018798828,35.98898696899414,13.894805908203125,14.221741676330566,238.35333656068536
2019-10-01,7.506783962249756,25.080623626708984,20.61805534362793,15.775845527648926,10.638813018798828,35.15773010253906,13.93811321258545,14.052916526794434,238.40308566909232
2019-10-02,7.29121208190918,23.70857048034668,20.05169677734375,15.16677474975586,10.463181495666504,33.80399703979492,13.613302230834961,13.574584007263184,238.45284516113318
2019-10-03,7.296669006347656,23.88730812072754,20.057720184326172,15.209228515625,10.397324562072754,34.15232467651367,13.411191940307617,14.159212112426758,238.50261503897525
2019-10-04,7.2339091300964355,24.491849899291992,20.154125213623047,15.364913940429688,10.366586685180664,34.71440505981445,13.86593246459961,14.256124496459961,238.55239530478622
2019-10-07,7.1411309242248535,24.202728271484375,19.780559539794922,15.265849113464355,10.03288745880127,34.199825286865234,13.620516777038574,13.693388938903809,238.6021859607342
2019-10-08,7.100200653076172,23.8242244720459,19.69620132446289,15.251699447631836,10.015326499938965,34.00191116333008,13.425627708435059,13.44640064239502,238.65198700898796
2019-10-09,7.236637115478516,24.008211135864258,20.0095157623291,15.685713768005371,10.041669845581055,34.10482406616211,13.476158142089844,13.818441390991211,238.70179845171648
2019-10-10,7.296669006347656,24.83354949951172,20.154125213623047,15.864982604980469,10.085577964782715,33.30525207519531,13.29570484161377,13.880966186523438,238.75162029108935
2019-10-11,7.438562870025635,25.569517135620117,20.413196563720703,16.044233322143555,10.392931938171387,34.278987884521484,13.411191940307617,14.140454292297363,238.80145252927653
2019-10-14,7.45220947265625,25.227813720703125,20.75663185119629,16.270675659179688,10.428058624267578,34.88066101074219,13.512247085571289,14.068547248840332,238.85129516844844
2019-10-15,7.531340599060059,25.185762405395508,20.708423614501953,16.40276527404785,10.441230773925781,35.553558349609375,13.634953498840332,13.874717712402344,238.90114821077603
2019-10-16,7.621391773223877,24.60224723815918,21.003665924072266,16.794326782226562,10.700284957885742,35.0627326965332,13.634953498840332,14.068547248840332,238.95101165843062
2019-10-17,7.547715187072754,24.554931640625,20.877140045166016,16.51127052307129,10.643206596374512,35.02314376831055,13.54833698272705,14.04040813446045,239.000885513584
2019-10-18,7.531340599060059,24.197463989257812,20.63010597229004,16.42945098876953,10.695894241333008,35.56940460205078,13.476158142089844,14.399943351745605,239.05076977840838
2019-10-21,7.577732563018799,24.817779541015625,20.96751594543457,16.546138763427734,10.73101806640625,35.308162689208984,13.707135200500488,14.506241798400879,239.10066445507655
2019-10-22,7.796032428741455,24.86509132385254,21.618236541748047,17.01778221130371,10.862741470336914,35.37940216064453,13.54833698272705,14.818873405456543,239.15056954576164
2019-10-23,7.899722576141357,24.765209197998047,21.925514221191406,17.163644790649414,11.34572696685791,35.13399124145508,13.483375549316406,14.881390571594238,239.20048505263725
2019-10-24,7.727813243865967,24.575963973999023,22.0279483795166,17.14419937133789,11.45988941192627,32.96484375,13.851497650146484,14.787602424621582,239.25041097787744
2019-10-25,7.981583595275879,25.527462005615234,22.172544479370117,17.367862701416016,11.15692138671875,33.067745208740234,12.703822135925293,14.922038078308105,239.30034732365675
2019-10-28,8.077092170715332,25.601055145263672,22.47379493713379,17.99507713317871,11.231568336486816,32.79857635498047,12.66051197052002,15.253432273864746,239.35029409215014
2019-10-29,8.137125015258789,25.57476806640625,22.076135635375977,17.747121810913086,11.205220222473145,32.79857635498047,12.689384460449219,15.212790489196777,239.40025128553307
2019-10-30,8.208072662353516,25.543224334716797,22.2147216796875,17.82976722717285,11.350119590759277,33.98607635498047,12.674947738647461,15.450390815734863,239.45021890598136
2019-10-31,8.292662620544434,24.81252670288086,21.829116821289062,17.10042953491211,11.196441650390625,34.18399429321289,12.545022010803223,15.053346633911133,239.49567853004066
2019-11-01,8.303580284118652,25.464374542236328,21.91048240661621,16.954557418823242,11.363288879394531,34.278987884521484,12.508932113647461,14.99394416809082,239.5411467846096
2019-11-04,8.284477233886719,26.189830780029297,21.982805252075195,16.973512649536133,11.47305679321289,33.447750091552734,12.68216609954834,14.90953254699707,239.5866236713266
2019-11-05,8.090736389160156,26.216108322143555,22.36255645751953,17.202165603637695,11.740897178649902,33.39232635498047,12.783220291137695,15.003325462341309,239.63210919183064
2019-11-06,8.107108116149902,26.121490478515625,22.061172485351562,17.10972023010254,11.929697036743164,33.40025329589844,12.646078109741211,14.90328598022461,239.67760334776068
2019-11-07,8.431829452514648,26.3422794342041,22.193784713745117,17.15351676940918,12.333646774291992,33.52692413330078,12.674947738647461,14.90328598022461,239.72310614075627
2019-11-08,8.191701889038086,25.8533878326416,21.862266540527344,16.65729522705078,12.399508476257324,32.89358139038086,12.487278938293457,14.693817138671875,239.76861757245706
2019-11-11,8.309038162231445,25.30141258239746,21.958707809448242,16.618377685546875,12.772723197937012,33.35274887084961,12.66051197052002,14.768856048583984,239.81413764450318
2019-11-12,8.246114730834961,25.180503845214844,21.584991455078125,16.46269416809082,12.513668060302734,32.687744140625,12.53780746459961,14.606279373168945,239.85966635853498
2019-11-13,8.213149070739746,24.770465850830078,21.368000030517578,16.29244041442871,12.82541275024414,32.58483123779297,12.53780746459961,14.365549087524414,239.9052037161931
2019-11-14,8.04833698272705,24.707382202148438,21.506628036499023,16.224327087402344,12.847367286682129,33.05190658569336,12.595550537109375,14.54062557220459,239.95074971911862
2019-11-18,7.9879045486450195,25.028059005737305,21.410184860229492,16.1173038482666,12.864931106567383,32.57692337036133,12.674947738647461,14.54687786102295,239.9963043689528
2019-11-19,7.9054999351501465,25.322437286376953,21.17510414123535,16.088109970092773,12.821022987365723,32.4739990234375,12.75434684753418,14.315529823303223,240.04186766733721
2019-11-21,8.19941520690918,25.453861236572266,21.39210319519043,16.180540084838867,12.680517196655273,34.294822692871094,13.043071746826172,14.499983787536621,240.08743961591384
2019-11-22,8.235123634338379,26.30022621154785,21.536762237548828,16.448108673095703,12.759552955627441,35.04690170288086,13.129690170288086,14.731607437133789,240.1330202163249
2019-11-25,8.166452407836914,26.736547470092773,21.229351043701172,16.365407943725586,12.777114868164062,34.88066101074219,13.136907577514648,14.68433666229248,240.17860947021296
2019-11-26,8.018119812011719,26.9257869720459,20.795368194580078,16.01513671875,12.570746421813965,34.45316696166992,13.014199256896973,14.495272636413574,240.22420737922084
2019-11-27,8.05657958984375,26.5893497467041,20.915922164916992,16.282705307006836,12.755160331726074,34.25524139404297,12.96367073059082,14.917518615722656,240.2698139449918
2019-11-28,8.111512184143066,26.47895050048828,20.855649948120117,16.15621566772461,12.922011375427246,35.42690658569336,12.999762535095215,14.99945068359375,240.31542916916925
2019-11-29,8.007135391235352,26.273941040039062,20.976198196411133,16.234052658081055,13.356696128845215,35.6564826965332,13.028634071350098,15.065627098083496,240.36105305339697
2019-12-02,7.985159873962402,26.988874435424805,21.274688720703125,16.341081619262695,13.242535591125488,35.27648162841797,12.970890045166016,14.945886611938477,240.40668559931913
2019-12-03,7.9604363441467285,26.505237579345703,21.280725479125977,16.398984909057617,13.484025955200195,35.498146057128906,12.898709297180176,15.248395919799805,240.45232680858012
2019-12-04,8.147224426269531,26.768091201782227,22.04655647277832,16.822458267211914,13.97140121459961,35.14982223510742,13.209087371826172,15.468976020812988,240.4979766828247
2019-12-05,8.254351615905762,26.783855438232422,22.01642608642578,16.890605926513672,14.388521194458008,35.6564826965332,13.100815773010254,15.336629867553711,240.54363522369795
2019-12-06,8.336759567260742,26.994129180908203,21.618417739868164,16.70077133178711,14.375354766845703,36.178977966308594,13.31735897064209,15.273606300354004,240.58930243284516
2019-12-09,8.298303604125977,27.041444778442383,22.040536880493164,16.841930389404297,14.010921478271484,35.735652923583984,13.310138702392578,15.320876121520996,240.63497831191202
2019-12-10,8.361479759216309,26.91527557373047,21.720916748046875,16.78351593017578,14.037261009216309,35.189414978027344,13.259615898132324,15.100292205810547,240.68066286254455
2019-12-11,8.350493431091309,27.2464656829834,21.467660903930664,16.686166763305664,14.520243644714355,36.10773468017578,13.31735897064209,15.078234672546387,240.726356086389
2019-12-12,8.507061958312988,27.835237503051758,21.461647033691406,16.91007423400879,14.840768814086914,37.03397750854492,13.497812271118164,15.469202995300293,240.76749381338058
2019-12-13,8.235123634338379,28.26103973388672,21.918935775756836,16.93927574157715,14.950539588928223,37.073551177978516,13.721570014953613,15.349019050598145,240.80863857039833
2019-12-16,8.078553199768066,28.040252685546875,21.417905807495117,16.642358779907227,14.704658508300781,37.603973388671875,13.772100448608398,15.140275001525879,240.8497903586436
2019-12-17,8.19941520690918,28.082304000854492,21.743865966796875,16.949016571044922,14.911027908325195,37.445648193359375,13.649389266967773,15.48185920715332,240.890949179318
2019-12-18,8.388951301574707,28.108598709106445,22.02157211303711,17.421171188354492,14.884679794311523,38.341732025146484,13.779314041137695,16.016368865966797,240.9321150336232
2019-12-19,8.408177375793457,28.387210845947266,22.13022804260254,17.742427825927734,14.752957344055176,38.79393768310547,13.837060928344727,16.180835723876953,240.9732879227613
2019-12-20,8.312037467956543,28.80250358581543,22.03365135192871,17.640010833740234,14.880290031433105,37.9371337890625,14.007881164550781,16.149206161499023,241.0144678479344
2019-12-23,8.377962112426758,28.69210433959961,22.2388858795166,17.748746871948242,14.853141784667969,38.98434066772461,14.044916152954102,16.636276245117188,241.05565481034495
2019-12-26,8.490584373474121,28.80250358581543,22.576932907104492,17.971160888671875,15.319085121154785,40.20051193237305,14.237520217895508,16.826045989990234,241.09684881119549
2019-12-27,8.499480247497559,28.92357635498047,22.51656723022461,17.90196418762207,15.534473419189453,39.95061111450195,14.193073272705078,16.753299713134766,241.1380498516888
2019-12-30,8.404790878295898,28.76168441772461,22.39583396911621,17.877254486083984,15.235566139221191,39.492469787597656,13.830098152160645,16.705860137939453,241.17925793302794
2020-01-02,8.54960823059082,29.31749725341797,22.966520309448242,18.53956413269043,15.490525245666504,41.33340072631836,14.22270393371582,17.01581382751465,241.22047305641613
2020-01-03,8.479986190795898,29.101654052734375,22.72496223449707,18.548925399780273,15.292709350585938,40.73362731933594,14.022695541381836,16.987348556518555,241.2616952230567
2020-01-06,8.580240249633789,28.928966522216797,22.38677406311035,18.217601776123047,15.332271575927734,40.258827209472656,14.089363098144531,16.762786865234375,241.30292443415334
2020-01-07,8.546822547912598,29.139423370361328,21.867414474487305,17.901124954223633,15.450955390930176,40.65033721923828,14.11899471282959,16.636276245117188,241.34416069090986
2020-01-08,8.493908882141113,29.144813537597656,21.511119842529297,17.624191284179688,14.866331100463867,40.45041275024414,14.052327156066895,16.484460830688477,241.38540399453032
2020-01-09,8.466059684753418,28.76168441772461,21.082338333129883,17.342334747314453,14.646538734436035,40.666996002197266,13.94121265411377,16.149206161499023,241.42665434621895
2020-01-10,8.429856300354004,28.7940673828125,20.895122528076172,17.025842666625977,14.945448875427246,39.85899353027344,13.993064880371094,15.769671440124512,241.46791174718015
2020-01-13,8.446566581726074,29.840925216674805,21.172927856445312,17.208812713623047,15.086119651794434,39.98394012451172,14.230110168457031,15.946789741516113,241.5091761986186
2020-01-14,8.354665756225586,30.024398803710938,21.172927856445312,17.189035415649414,15.385021209716797,40.150535583496094,14.148627281188965,15.861397743225098,241.55044770173916
2020-01-15,8.229345321655273,29.92726707458496,20.91324234008789,16.887386322021484,15.486122131347656,40.15886306762695,13.896766662597656,15.570419311523438,241.5917262577469
2020-01-16,8.220989227294922,29.77077293395996,20.955533981323242,17.12968635559082,15.767447471618652,40.94187545776367,13.85232162475586,15.639998435974121,241.63301186784705
2020-01-17,8.312893867492676,30.758275985717773,21.100454330444336,17.53023338317871,16.176250457763672,41.22509765625,13.85232162475586,15.85190486907959,241.67430453324513
2020-01-20,8.354665756225586,30.95254135131836,20.671676635742188,17.189035415649414,16.672969818115234,41.316734313964844,13.926397323608398,15.750697135925293,241.7156042551468
2020-01-21,8.248838424682617,30.234844207763672,20.230823516845703,16.615413665771484,16.479551315307617,40.983543395996094,13.881950378417969,15.295254707336426,241.75691103475793
2020-01-22,8.156937599182129,30.38054847717285,20.351604461669922,16.674747467041016,17.099353790283203,41.508323669433594,14.111586570739746,15.415441513061523,241.79822487328465
2020-01-23,8.257194519042969,29.9488468170166,20.834732055664062,17.114850997924805,17.42903709411621,43.09934997558594,13.815282821655273,16.28204917907715,241.83954577193325
2020-01-24,8.159723281860352,29.03150177001953,20.677724838256836,16.986282348632812,18.211463928222656,42.824459075927734,14.067143440246582,16.066972732543945,241.8808737319102
2020-01-27,7.8060407638549805,27.25615119934082,20.230823516845703,16.595624923706055,18.00926971435547,42.84944534301758,13.741205215454102,15.908835411071777,241.92220875442226
2020-01-28,8.020478248596191,27.628490447998047,20.224802017211914,16.615413665771484,18.4664249420166,44.06562805175781,13.926397323608398,16.038509368896484,241.96355084067628
2020-01-29,8.034401893615723,27.385658264160156,19.910770416259766,16.378032684326172,18.633455276489258,45.19017028808594,13.556014060974121,15.643158912658691,242.00489999187943
2020-01-30,8.059467315673828,27.790376663208008,20.200639724731445,16.54123306274414,18.00926971435547,44.840309143066406,13.585646629333496,15.750697135925293,242.04625620923906
2020-01-31,7.923007965087891,27.126644134521484,19.820171356201172,16.264301300048828,17.323528289794922,44.67372131347656,13.22266960144043,15.35218334197998,242.08761949396265
2020-02-03,7.847815036773682,27.471996307373047,19.87757682800293,16.368148803710938,17.877395629882812,45.36510467529297,13.030072212219238,15.428085327148438,242.12898984725797
2020-02-04,7.9731364250183105,28.205881118774414,20.0346622467041,16.377525329589844,17.811460494995117,45.814918518066406,13.074514389038086,15.260464668273926,242.17036727033295
2020-02-05,7.906297206878662,28.594411849975586,20.15550422668457,16.694183349609375,18.185094833374023,46.24808883666992,12.778210639953613,15.940460205078125,242.21175176439576
2020-02-06,8.126301765441895,28.750896453857422,20.1071720123291,16.50121307373047,18.831270217895508,44.84864044189453,12.496720314025879,15.67162799835205,242.250837474778
2020-02-07,8.056682586669922,28.114145278930664,20.36695671081543,16.68924331665039,18.066408157348633,44.090614318847656,12.533757209777832,15.6874418258667,242.28992949242132
2020-02-10,8.112381935119629,27.083473205566406,20.711347579956055,16.867359161376953,18.255422592163086,43.58247756958008,12.393012046813965,15.532463073730469,242.32902781834352
2020-02-11,8.20985221862793,28.08716583251953,21.188644409179688,17.015796661376953,18.923572540283203,45.065223693847656,12.444865226745605,16.231441497802734,242.36813245356257
2020-02-12,8.390868186950684,28.6375732421875,21.104066848754883,16.788198471069336,19.58733558654785,46.21477127075195,12.333749771118164,16.32632827758789,242.40724339909661
2020-02-13,8.276688575744629,28.13572883605957,20.777799606323242,16.46658706665039,20.031301498413086,45.83158874511719,12.05225944519043,16.073301315307617,242.44636065596393
2020-02-14,8.193140983581543,27.520566940307617,20.427383422851562,16.09549331665039,20.031301498413086,45.814918518066406,12.155966758728027,15.766507148742676,242.485484225183
2020-02-17,8.176430702209473,28.821048736572266,20.240083694458008,15.96188735961914,20.12360382080078,46.006507873535156,12.296710968017578,15.529301643371582,242.5246141077724
2020-02-18,8.285042762756348,28.49188232421875,20.324674606323242,15.899394989013672,19.648868560791016,46.0648193359375,11.985591888427734,15.677953720092773,242.56375030475098
2020-02-19,8.507833480834961,28.497276306152344,20.614667892456055,16.1274471282959,21.459915161132812,45.856571197509766,11.948552131652832,15.715900421142578,242.60289281713767
2020-02-20,8.332386016845703,28.168107986450195,20.54216766357422,15.894441604614258,20.875267028808594,45.58168029785156,11.978182792663574,15.554600715637207,242.6420416459516
2020-02-21,8.115166664123535,27.051097869873047,20.347122192382812,15.770495414733887,21.89069175720215,45.31513214111328,12.037444114685059,15.567249298095703,242.681196792212
2020-02-26,7.299191474914551,24.47171401977539,19.332242965698242,14.922728538513184,20.654739379882812,42.174720764160156,11.718914985656738,14.434004783630371,242.7203582569384
2020-02-27,7.045767307281494,23.99685287475586,19.34469985961914,14.858282089233398,19.393312454223633,41.108482360839844,10.74110221862793,14.612713813781738,242.7595260411503
2020-02-28,7.0569071769714355,23.9105167388916,19.92372703552246,15.135910034179688,19.03165054321289,41.26675796508789,10.770734786987305,14.954174041748047,242.79870014586757
2020-03-02,7.388309001922607,25.016727447509766,19.85832405090332,15.339174270629883,20.725309371948242,41.52497863769531,10.904072761535645,15.046723365783691,242.83788057211012
2020-03-03,7.254631042480469,25.01133155822754,19.49704360961914,14.941778182983398,21.13549041748047,41.3667106628418,10.918888092041016,14.606329917907715,242.87706732089808
2020-03-04,7.488564491271973,26.209287643432617,19.683908462524414,15.105494499206543,21.373666763305664,42.31633377075195,11.34112548828125,14.62229061126709,242.91626039325166
2020-03-05,7.0429816246032715,25.281147003173828,19.01117706298828,14.609408378601074,20.59740447998047,40.19219207763672,11.2818603515625,13.75745677947998,242.95545979019133
2020-03-06,6.357900619506836,24.072397232055664,18.606279373168945,14.192710876464844,19.415367126464844,37.52658462524414,11.348532676696777,13.49897575378418,242.9946655127377
2020-03-09,4.469745635986328,20.41378402709961,17.31686019897461,13.17080020904541,17.53204345703125,33.153350830078125,10.867034912109375,12.008654594421387,243.0338775619115
2020-03-10,4.890264511108398,24.180320739746094,17.746667861938477,13.488287925720215,18.4847354888916,34.94429016113281,10.681842803955078,12.640524864196777,243.07309593873367
2020-03-11,4.414048671722412,21.984073638916016,16.301517486572266,12.39692497253418,17.289466857910156,32.453617095947266,10.185529708862305,11.549118041992188,243.1123206442253
2020-03-12,3.5089592933654785,19.075525283813477,14.700644493103027,10.735068321228027,14.554908752441406,27.488948822021484,8.578068733215332,10.022887229919434,243.15155167940765
2020-03-13,4.288727283477783,23.149648666381836,16.326448440551758,12.54574203491211,15.229728698730469,29.987957000732422,9.40772533416748,11.70352840423584,243.19078904530218
2020-03-16,3.645419120788574,21.066722869873047,14.825217247009277,10.75490951538086,12.089397430419922,22.964115142822266,8.170645713806152,9.750265121459961,243.23003274293043
2020-03-17,3.620354175567627,22.399580001831055,15.69729232788086,11.618083000183105,12.649539947509766,23.13113021850586,8.659552574157715,10.221742630004883,243.26928277331413
2020-03-18,3.1441383361816406,20.856271743774414,14.607202529907227,10.26379680633545,11.67480182647705,19.93285369873047,8.289169311523438,8.534687995910645,243.30853913747526
2020-03-19,3.400348424911499,19.642131805419922,14.233463287353516,10.293567657470703,12.671587944030762,21.778329849243164,8.666959762573242,8.201129913330078,243.34315464333835
2020-03-20,3.3418657779693604,18.98918914794922,13.735136985778809,9.544489860534668,14.2770414352417,23.00587272644043,8.926228523254395,7.890017032623291,243.37777507394946
2020-03-23,3.2026216983795166,18.401004791259766,12.782085418701172,8.765649795532227,15.539752006530762,20.124921798706055,8.526215553283691,7.097807884216309,243.41240043000926
2020-03-24,3.689976930618286,20.311256408691406,14.01544189453125,10.085206985473633,15.919417381286621,22.696903228759766,8.36324691772461,8.313385009765625,243.44703071221844
2020-03-25,3.987959146499634,22.043434143066406,14.700644493103027,10.839245796203613,16.493328094482422,28.784481048583984,8.629921913146973,9.310860633850098,243.48166592127788
2020-03-26,4.0074543952941895,22.66399574279785,15.1055326461792,11.067442893981934,16.75379753112793,28.96818733215332,9.481802940368652,9.779131889343262,243.51630605788847
2020-03-27,3.7039005756378174,21.638717651367188,14.308208465576172,10.34813117980957,15.61038875579834,26.154043197631836,9.252163887023926,9.05748462677002,243.55095112275134
2020-03-30,3.7261805534362793,22.53988265991211,15.018318176269531,10.67057991027832,15.018815040588379,23.9661922454834,9.296610832214355,9.298033714294434,243.58560111656757
2020-03-31,3.8960580825805664,23.322328567504883,14.382957458496094,10.303489685058594,14.82015323638916,21.96204376220703,8.829928398132324,8.94522762298584,243.6202560400384
2020-04-01,3.9823896884918213,23.403270721435547,13.338907241821289,9.85205364227295,14.316879272460938,19.790895462036133,8.659552574157715,8.566761016845703,243.65491589386522
2020-04-02,4.319362163543701,23.084897994995117,13.401236534118652,9.906147956848145,15.054136276245117,21.82843589782715,8.881782531738281,8.666191101074219,243.68958067874945
2020-04-03,4.272018909454346,21.854568481445312,12.877655982971191,9.538704872131348,14.5199556350708,19.46521759033203,8.437321662902832,8.17867660522461,243.7242503953926
2020-04-06,4.391768455505371,23.27376365661621,13.825090408325195,10.44242000579834,14.692126274108887,23.381641387939453,8.785482406616211,8.935606956481934,243.75892504449635
2020-04-07,4.567216396331787,23.6245174407959,14.336210250854492,10.834694862365723,16.46683692932129,24.400419235229492,9.192903518676758,9.355765342712402,243.7936046267624
2020-04-08,4.82342529296875,23.478818893432617,15.071718215942383,11.122697830200195,17.65439796447754,26.638378143310547,9.118825912475586,9.53537368774414,243.8282891428927
2020-04-09,4.6841816902160645,23.354705810546875,14.647869110107422,11.117733001708984,16.908306121826172,25.177024841308594,8.963266372680664,9.509714126586914,243.86297859358902
2020-04-13,4.714815616607666,24.05081558227539,14.959526062011719,11.405721664428711,17.332117080688477,24.843000411987305,8.963266372680664,9.69895076751709,243.89767297955353
2020-04-14,4.659117698669434,24.02923011779785,15.146520614624023,11.53035831451416,17.17319107055664,25.460947036743164,8.95585823059082,9.689325332641602,243.93237230148833
2020-04-15,4.561645984649658,23.30613899230957,14.585533142089844,11.197179794311523,16.77587127685547,25.15196990966797,8.822519302368164,9.509714126586914,243.96707656009568
2020-04-16,4.37784481048584,23.0741024017334,14.217782020568848,10.907687187194824,16.780282974243164,24.68433952331543,8.481768608093262,9.23709487915039,244.00178575607788
2020-04-17,4.492023944854736,23.743227005004883,14.473343849182129,11.120706558227539,16.978944778442383,26.746936798095703,8.592884063720703,9.487265586853027,244.03649989013743
2020-04-20,4.441896438598633,22.912220001220703,14.111818313598633,10.760213851928711,17.2614803314209,28.392000198364258,8.600289344787598,9.298033714294434,244.0712189629768
2020-04-22,4.664687156677246,23.149648666381836,13.943519592285156,10.721982955932617,18.064964294433594,30.479644775390625,8.607698440551758,9.256338119506836,244.10594297529866
2020-04-23,4.7203850746154785,23.478818893432617,13.744067192077637,10.569045066833496,17.477806091308594,29.210369110107422,8.5558443069458,8.996541976928711,244.14067192780578
2020-04-24,4.441896438598633,23.613718032836914,13.014786720275879,9.744275093078613,17.089309692382812,27.540246963500977,8.229907035827637,7.793796062469482,244.17540582120094
2020-04-27,4.581141948699951,24.040021896362305,13.444878578186035,10.028301239013672,17.923690795898438,27.974468231201172,8.600289344787598,8.239616394042969,244.2101446561871
2020-04-28,4.803931713104248,24.072397232055664,14.554369926452637,10.907687187194824,18.3563289642334,29.394071578979492,8.666959762573242,9.346139907836914,244.24488843346737
2020-04-29,5.068497657775879,25.21639633178711,14.747599601745605,11.27364730834961,18.27686309814453,30.1873779296875,8.644737243652344,9.480849266052246,244.2796371537448
2020-04-30,5.026723861694336,24.207304000854492,14.192846298217773,10.45980167388916,17.632320404052734,28.5506649017334,8.400284767150879,9.140873908996582,244.31439081772263
2020-05-04,4.84013557434082,23.70545768737793,13.653324127197266,9.995528221130371,17.588171005249023,27.899316787719727,8.711403846740723,8.903532981872559,244.34914942610425
2020-05-05,4.996089935302734,23.58134651184082,14.15854549407959,10.00588607788086,17.221752166748047,28.083026885986328,8.844743728637695,8.916359901428223,244.3839129795931
2020-05-06,4.812286853790283,23.921308517456055,13.87163257598877,9.798110961914062,17.142292022705078,27.1394100189209,8.763259887695312,8.65656566619873,244.41868147889272
2020-05-07,4.856845378875732,24.849454879760742,13.372650146484375,9.377098083496094,17.257068634033203,24.85970687866211,8.548437118530273,8.422432899475098,244.4464107783065
2020-05-08,5.146472930908203,26.36038589477539,13.921525955200195,9.798110961914062,16.881824493408203,24.75949478149414,8.91882038116455,8.69184684753418,244.47414322360933
2020-05-11,5.054572105407715,25.756011962890625,13.95894718170166,9.650483131408691,17.142292022705078,23.46515464782715,8.844743728637695,8.74637222290039,244.50187881515802
2020-05-12,5.051786422729492,25.61031150817871,13.478678703308105,9.349759101867676,16.555133819580078,22.972469329833984,8.681774139404297,8.438469886779785,244.5296175533096
2020-05-13,4.898618221282959,26.193103790283203,13.472445487976074,9.267749786376953,16.77587127685547,22.80545425415039,8.341022491455078,8.194709777832031,244.55735943842103
2020-05-14,4.845705509185791,25.950271606445312,14.064983367919922,9.776243209838867,16.488906860351562,24.45886993408203,8.696589469909668,8.54751968383789,244.5851044708493
2020-05-15,4.776082992553711,25.928693771362305,13.491159439086914,9.355234146118164,16.073930740356445,25.21877098083496,8.622514724731445,8.387153625488281,244.61285265095154
2020-05-18,5.163182258605957,27.660865783691406,14.139830589294434,9.847323417663574,16.166641235351562,27.982818603515625,8.963266372680664,8.788068771362305,244.64060397908474
2020-05-19,5.2021708488464355,28.22207260131836,13.528582572937012,9.55753231048584,16.299081802368164,29.28551483154297,8.844743728637695,8.550726890563965,244.66835845560618
2020-05-20,5.374833106994629,28.329992294311523,13.472445487976074,9.655953407287598,16.6169376373291,29.477582931518555,8.992897033691406,8.765616416931152,244.69611608087297
2020-05-21,5.344200611114502,27.59071922302246,14.245872497558594,10.191784858703613,16.528644561767578,30.304275512695312,8.800297737121582,9.384629249572754,244.72387685524234
2020-05-22,5.199388027191162,27.126644134521484,14.320712089538574,10.25192928314209,16.44035530090332,30.22077751159668,8.696589469909668,9.14408016204834,244.75164077907158
2020-05-25,5.424961566925049,27.034908294677734,14.944433212280273,10.979132652282715,16.79353141784668,30.646656036376953,9.08919620513916,10.103069305419922,244.77940785271795
2020-05-26,5.47787618637085,26.54924964904785,14.35190486907959,10.503445625305176,17.844223022460938,30.79696273803711,9.281794548034668,9.875351905822754,244.80717807653883
2020-05-27,5.550282001495361,27.326297760009766,14.800976753234863,10.683879852294922,17.91486358642578,32.65079879760742,9.911447525024414,9.910633087158203,244.83495145089162
2020-05-28,5.505723476409912,27.029512405395508,14.539020538330078,10.443300247192383,17.959009170532227,31.16440200805664,9.49661636352539,9.875351905822754,244.86272797613373
2020-05-29,5.664462566375732,28.599803924560547,14.370611190795898,10.361284255981445,18.466703414916992,32.1330680847168,9.244756698608398,9.891386032104492,244.8905076526226
2020-06-01,5.661677360534668,28.826438903808594,14.766935348510742,10.826044082641602,18.612390518188477,31.406570434570312,9.333648681640625,10.19929313659668,244.9182904807158
2020-06-02,5.959660530090332,28.826438903808594,15.759298324584961,11.31255054473877,18.727163314819336,31.941007614135742,9.607730865478516,10.526435852050781,244.94607646077085
2020-06-03,5.979154109954834,28.95595359802246,16.17747688293457,11.816062927246094,18.80663299560547,34.25410842895508,9.815146446228027,11.145453453063965,244.97386559314532
2020-06-04,5.968016147613525,30.03518295288086,16.645565032958984,11.98572063446045,19.336395263671875,33.402347564697266,9.911447525024414,11.206391334533691,245.00165787819682
2020-06-05,6.154604434967041,29.46858787536621,17.013813018798828,12.204639434814453,19.570377349853516,34.10381317138672,10.407758712768555,11.289779663085938,245.0294533162831
2020-06-08,6.27435302734375,29.560321807861328,17.70034408569336,12.844975471496582,20.219331741333008,36.074546813964844,10.815181732177734,11.671449661254883,245.05725190776184
2020-06-09,6.048776626586914,29.673641204833984,17.35083770751953,12.560378074645996,20.223752975463867,35.824031829833984,10.607765197753906,11.479013442993164,245.08505365299075
2020-06-10,5.959660530090332,29.24734878540039,16.595632553100586,11.974774360656738,19.861745834350586,34.320919036865234,10.341090202331543,10.972253799438477,245.11285855232768
2020-06-12,5.736869812011719,28.815656661987305,16.264854431152344,11.8379487991333,19.53506088256836,33.6445198059082,10.052192687988281,10.696426391601562,245.14066660613042
2020-06-15,5.764720439910889,29.07467269897461,15.884127616882324,11.575249671936035,19.54388427734375,33.98689651489258,9.94848346710205,10.606621742248535,245.16847781475687
2020-06-16,5.9513068199157715,29.889484405517578,16.339740753173828,12.05687141418457,19.760208129882812,33.544315338134766,9.822554588317871,10.744532585144043,245.19629217856496
2020-06-17,5.970799922943115,30.326576232910156,16.545703887939453,12.248419761657715,20.378263473510742,34.095455169677734,10.200345039367676,11.065269470214844,245.22410969791258
2020-06-18,6.015359401702881,30.310396194458008,17.19480323791504,12.204639434814453,20.365020751953125,34.41277313232422,10.133676528930664,11.03319263458252,245.2448115172533
2020-06-19,5.979154109954834,29.77077293395996,17.531831741333008,12.23747444152832,20.400339126586914,34.98897171020508,10.252198219299316,10.885658264160156,245.26551508424163
2020-06-22,5.8343400955200195,29.679033279418945,16.98883628845215,11.810590744018555,20.13104248046875,34.43782043457031,10.452204704284668,10.66114616394043,245.28622039902507
2020-06-23,6.029282569885254,29.997417449951172,16.76414680480957,11.794170379638672,20.36060333251953,34.87205505371094,10.318868637084961,10.754155158996582,245.30692746175114
2020-06-24,5.848264694213867,29.889484405517578,16.127531051635742,11.411063194274902,20.329708099365234,34.29135513305664,10.133676528930664,10.333999633789062,245.3276362725675
2020-06-25,5.979154109954834,30.21866226196289,16.321014404296875,11.684709548950195,21.729164123535156,34.68465042114258,10.504058837890625,10.587374687194824,245.34834683162168
2020-06-26,5.803706645965576,30.013599395751953,16.04640007019043,11.323493003845215,22.07351303100586,33.680503845214844,10.3336820602417,10.205704689025879,245.36905913906125
2020-06-29,6.032068252563477,30.019001007080078,16.52699089050293,11.717545509338379,22.055063247680664,34.48381805419922,10.56332015991211,10.725293159484863,245.38977319503377
2020-06-30,6.001433849334717,30.17548179626465,15.884127616882324,11.328972816467285,22.359905242919922,34.232791900634766,10.474428176879883,10.311548233032227,245.41048899968692
2020-07-01,6.045992851257324,29.430814743041992,16.299421310424805,11.580724716186523,23.23469352722168,35.43775939941406,10.637397766113281,10.606621742248535,245.4312065531683
2020-07-02,6.143465042114258,29.943449020385742,16.5804386138916,11.618486404418945,23.667659759521484,35.471214294433594,10.496651649475098,10.635485649108887,245.45192585562555
2020-07-03,6.121184349060059,29.819337844848633,16.549219131469727,11.695176124572754,23.857637405395508,35.73063659667969,10.474428176879883,10.744532585144043,245.4726469072063
2020-07-06,6.268782615661621,30.526243209838867,17.317344665527344,12.40729808807373,23.50418472290039,36.190860748291016,10.637397766113281,11.119792938232422,245.49336970805822
2020-07-07,6.1908063888549805,30.418319702148438,16.468034744262695,11.892380714416504,23.8178768157959,36.82681655883789,10.70406723022461,10.673975944519043,245.51409425832898
2020-07-08,6.307771682739258,30.930957794189453,16.82399559020996,12.297741889953613,23.99018096923828,37.169891357421875,10.8966646194458,10.933768272399902,245.53482055816627
2020-07-09,6.16574239730835,30.44529914855957,16.83024787902832,12.023847579956055,24.06086540222168,36.2578010559082,10.844810485839844,10.892071723937988,245.5555486077178
2020-07-10,6.268782615661621,30.74209213256836,16.98636245727539,12.199140548706055,24.166900634765625,36.43352127075195,11.000371932983398,10.949806213378906,245.57627840713127
2020-07-13,6.171311855316162,31.109027862548828,16.736576080322266,12.029328346252441,24.27292823791504,35.22854995727539,10.370721817016602,10.840757369995117,245.59700995655444
2020-07-14,6.377394199371338,33.29448699951172,17.017589569091797,12.23200798034668,23.85321807861328,36.734764099121094,10.304052352905273,11.017154693603516,245.61774325613501
2020-07-15,6.499929428100586,33.343055725097656,17.136245727539062,12.434688568115234,24.012269973754883,37.43766403198242,10.585543632507324,11.126206398010254,245.63847830602072
2020-07-16,6.327266216278076,32.44188690185547,16.848983764648438,12.215574264526367,24.100627899169922,37.31214904785156,10.407758712768555,11.03319263458252,245.65921510635934
2020-07-17,6.332836151123047,32.93833923339844,16.998857498168945,12.275829315185547,25.664634704589844,38.450172424316406,10.489243507385254,11.373169898986816,245.67995365729863
2020-07-20,6.332836151123047,32.80883026123047,17.04881477355957,12.39086627960205,26.57917594909668,38.66773223876953,10.459613800048828,11.32827091217041,245.7006939589864
2020-07-21,6.508282661437988,32.21525192260742,17.348575592041016,12.725010871887207,26.455472946166992,39.23674774169922,10.874441146850586,11.382794380187988,245.72143601157043
2020-07-22,6.419168949127197,31.967023849487305,16.905181884765625,12.505889892578125,30.13131332397461,38.8183479309082,10.8966646194458,11.289779663085938,245.74217981519854
2020-07-23,6.285618305206299,31.756572723388672,16.549219131469727,12.325126647949219,29.592308044433594,38.3916015625,10.667027473449707,11.017154693603516,245.76292537001856
2020-07-24,6.330178260803223,31.62166976928711,16.530487060546875,12.401820182800293,29.473018646240234,37.40419006347656,11.0596342086792,10.88886833190918,245.7836726761783
2020-07-27,6.461069583892822,33.11641311645508,17.361066818237305,12.971514701843262,30.96333885192871,37.9983024597168,11.318901062011719,11.196770668029785,245.80442173382565
2020-07-28,6.349672794342041,32.56060791015625,17.261144638061523,12.883874893188477,29.741615295410156,37.56319046020508,11.178154945373535,11.235257148742676,245.82517254310844
2020-07-29,6.45271635055542,33.96901321411133,17.667072296142578,13.289227485656738,29.648666381835938,37.71380615234375,11.222601890563965,11.530329704284668,245.84592510417457
2020-07-30,6.355242729187012,33.06245040893555,17.367298126220703,12.823613166809082,30.100156784057617,41.8056640625,10.778141975402832,11.161487579345703,245.86667941717187
2020-07-31,6.182577133178711,32.76026153564453,16.792770385742188,12.29226303100586,29.81243324279785,42.608985900878906,10.29664421081543,10.770193099975586,245.88743548224826
2020-08-03,6.071177959442139,32.517433166503906,17.04583740234375,12.160795211791992,29.467174530029297,42.081809997558594,10.155899047851562,11.017154693603516,245.90819329955173
2020-08-04,6.06560754776001,32.75486755371094,16.052326202392578,11.908018112182617,29.56455421447754,41.755462646484375,9.926260948181152,10.680390357971191,245.92895286923007
2020-08-05,6.455499649047852,33.558895111083984,16.039838790893555,11.962843894958496,30.188690185546875,42.68429183959961,9.763293266296387,10.69001293182373,245.9497141914313
2020-08-06,6.466640472412109,33.36464309692383,16.26477813720703,12.045086860656738,30.910213470458984,43.203094482421875,9.822554588317871,11.017154693603516,245.96808417558424
2020-08-07,6.346887588500977,32.61996841430664,15.92111873626709,11.973811149597168,30.29935646057129,42.516937255859375,9.859593391418457,10.940183639526367,245.9864555317913
2020-08-10,6.530694007873535,33.564292907714844,16.1273136138916,12.077980041503906,30.53838539123535,42.60062026977539,9.8077392578125,11.042817115783691,246.00482826015497
2020-08-11,6.427650451660156,32.528228759765625,15.939857482910156,11.979292869567871,29.8212890625,42.50019836425781,9.93366813659668,10.882452011108398,246.0232023607777
2020-08-12,6.539048671722412,33.18656539916992,15.758650779724121,11.869641304016113,30.100156784057617,42.215702056884766,9.985523223876953,10.824718475341797,246.041577833762
2020-08-13,6.360812664031982,32.566001892089844,15.308755874633789,11.622931480407715,30.49854278564453,41.019100189208984,9.785516738891602,10.606621742248535,246.0599546792104
2020-08-14,6.313467025756836,33.10561752319336,15.452475547790527,11.63937759399414,30.618061065673828,41.48769760131836,9.822554588317871,10.6419038772583,246.07833289722535
2020-08-17,6.293973445892334,33.58047866821289,15.08381462097168,11.299459457397461,30.086881637573242,39.931278228759766,9.518840789794922,10.369278907775879,246.09671248790943
2020-08-18,6.410941123962402,34.02836990356445,15.17956256866455,11.42007827758789,29.967365264892578,41.50442886352539,9.689217567443848,10.510400772094727,246.11509345136514
2020-08-19,6.37473726272583,33.66682434082031,15.104413986206055,11.376214981079102,29.161746978759766,41.01072311401367,9.518840789794922,10.462289810180664,246.133475787695
2020-08-20,6.330178260803223,33.96901321411133,15.104413986206055,11.348801612854004,29.75490951538086,41.7889404296875,9.54106330871582,10.471917152404785,246.15185949700157
2020-08-21,6.282833576202393,33.564292907714844,15.079370498657227,11.348801612854004,29.923107147216797,40.97725296020508,9.607730865478516,10.568134307861328,246.1702445793874
2020-08-24,6.397017002105713,33.97440719604492,15.329848289489746,11.606481552124023,29.422910690307617,41.03582763671875,9.526247024536133,10.874368667602539,246.18863103495502
2020-08-25,6.369167327880859,33.251319885253906,15.217134475708008,11.606481552124023,30.228534698486328,41.14461135864258,9.444764137268066,10.809349060058594,246.20701886380704
2020-08-26,6.188144683837891,33.32146453857422,14.897765159606934,11.365249633789062,29.405202865600586,40.51702117919922,9.40772533416748,10.549274444580078,246.22540806604593
2020-08-27,6.168651103973389,32.803428649902344,15.141984939575195,11.535207748413086,29.34323501586914,41.09440612792969,9.39291000366211,10.646800994873047,246.2437986417744
2020-08-28,6.27726411819458,32.97071838378906,15.298539161682129,11.770959854125977,29.741615295410156,41.839149475097656,9.444764137268066,10.854860305786133,246.26219059109494
2020-08-31,6.096242427825928,32.2044563293457,14.74747371673584,11.370731353759766,28.60401725769043,40.358036041259766,9.118825912475586,10.614295959472656,246.2805839141102
2020-09-01,6.369167327880859,33.326866149902344,15.251900672912598,11.60099983215332,29.626529693603516,42.17384719848633,9.370688438415527,10.796343803405762,246.2989786109227
2020-09-02,6.349672794342041,33.08943557739258,15.220568656921387,11.589438438415527,29.573408126831055,42.71776580810547,9.452171325683594,10.809349060058594,246.31737468163513
2020-09-03,6.371952533721924,32.010189056396484,15.5902738571167,12.044902801513672,28.51990509033203,42.41651916503906,9.333648681640625,10.978395462036133,246.33577212635007
2020-09-04,6.383092403411865,32.64154052734375,15.640399932861328,12.055883407592773,28.54646873474121,42.46672821044922,9.333648681640625,11.036914825439453,246.35417094517015
2020-09-08,6.199285507202148,31.98320960998535,15.289494514465332,11.863814353942871,27.88691520690918,44.96033477783203,9.148458480834961,10.812599182128906,246.37257113819803
2020-09-09,6.330178260803223,32.377140045166016,15.308295249938965,11.830890655517578,28.741222381591797,45.91427993774414,9.148458480834961,10.799593925476074,246.3909727055363
2020-09-10,6.160297870635986,31.583900451660156,14.98245906829834,11.4412841796875,27.63018226623535,43.445762634277344,9.118825912475586,10.57528018951416,246.40937564728767
2020-09-11,6.093457221984863,33.42938995361328,14.806997299194336,11.22727108001709,27.484107971191406,42.36211395263672,8.91882038116455,10.402981758117676,246.42777996355477
2020-09-14,6.037760257720947,33.407806396484375,15.070183753967285,11.358973503112793,28.032991409301758,44.281578063964844,9.311427116394043,10.553939819335938,246.4461856544402
2020-09-15,6.034972667694092,33.780147552490234,14.869661331176758,11.238245964050293,28.36498260498047,44.27318572998047,9.548470497131348,10.433268547058105,246.4645927200467
2020-09-16,6.051681995391846,32.900569915771484,14.825798034667969,11.260196685791016,27.86035919189453,44.15584945678711,9.304020881652832,10.465883255004883,246.48300116047696
2020-09-17,6.168651103973389,33.499542236328125,14.844595909118652,11.287632942199707,27.8072452545166,44.382164001464844,9.748478889465332,10.485450744628906,246.50141097583364
2020-09-18,6.029403209686279,33.27289962768555,14.47489070892334,11.018752098083496,27.439844131469727,44.17261505126953,9.474393844604492,10.221277236938477,246.5198221662194
2020-09-21,5.820532321929932,32.377140045166016,14.349567413330078,10.854130744934082,28.063980102539062,42.588436126708984,9.429950714111328,10.071249961853027,246.538234731737
2020-09-22,5.792682647705078,32.49941635131836,14.47489070892334,10.919978141784668,28.60401725769043,43.367942810058594,9.481802940368652,10.051681518554688,246.5566486724891
2020-09-23,5.633942127227783,33.22462463378906,14.086396217346191,10.662070274353027,27.665592193603516,49.42805862426758,9.21512508392334,9.842952728271484,246.57506398857842
2020-09-24,5.6812872886657715,32.977264404296875,14.43103313446045,10.865107536315918,28.54646873474121,48.60663604736328,9.385501861572266,9.921223640441895,246.59348068010775
2020-09-25,5.60609245300293,33.30894470214844,14.355838775634766,10.854130744934082,28.440229415893555,49.45320129394531,9.511433601379395,9.882089614868164,246.6118987471797
2020-09-28,5.466845989227295,33.04472351074219,14.349567413330078,10.821202278137207,27.853164672851562,47.483463287353516,9.244756698608398,9.950578689575195,246.63031818989714
2020-09-29,5.377725601196289,32.80299377441406,14.03626537322998,10.563294410705566,28.761091232299805,47.600807189941406,9.148458480834961,9.705971717834473,246.6487390083627
2020-09-30,5.46127462387085,33.230247497558594,14.098919868469238,10.651093482971191,29.09768295288086,47.50020980834961,9.289204597473145,9.660313606262207,246.6671612026792
2020-10-01,5.528114318847656,33.089691162109375,14.120865821838379,10.700478553771973,29.62914276123047,47.877403259277344,9.40772533416748,9.7157564163208,246.68558477294943
2020-10-02,5.296962738037109,32.78612518310547,14.16476058959961,10.787778854370117,29.695579528808594,47.52537536621094,9.281794548034668,9.689664840698242,246.70400971927614
2020-10-05,5.578243732452393,33.500083923339844,14.315244674682617,10.94157886505127,31.081815719604492,47.986366271972656,9.48921012878418,9.859260559082031,246.72243604176205
2020-10-06,5.550393104553223,32.954776763916016,14.34033203125,10.903129577636719,31.657560348510742,48.03667068481445,9.881814956665039,9.794032096862793,246.74086374051
2020-10-07,5.511404514312744,33.826148986816406,14.233732223510742,10.787778854370117,32.40604782104492,47.684627532958984,10.022562026977539,9.722281455993652,246.75929281562276
2020-10-08,5.692425727844238,34.45579147338867,15.092778205871582,11.342549324035645,33.29624938964844,50.25786209106445,10.133676528930664,10.191923141479492,246.77772326720313
2020-10-09,5.51418924331665,34.630062103271484,15.048888206481934,11.391986846923828,34.05801773071289,50.417118072509766,10.052192687988281,10.123435020446777,246.79615509535395
2020-10-13,5.60609245300293,34.93363952636719,14.904664993286133,11.457900047302246,35.05451583862305,49.76333236694336,10.185529708862305,10.126696586608887,246.814588300178
2020-10-14,5.561533451080322,35.417110443115234,14.860774040222168,11.468886375427246,35.68784713745117,51.70793914794922,10.222567558288574,10.061466217041016,246.8330228817781
2020-10-15,5.500264644622803,35.11915969848633,14.729093551635742,11.391986846923828,35.771995544433594,52.28628921508789,9.955892562866211,10.129955291748047,246.85145884025715
2020-10-16,5.383296489715576,34.9898567199707,14.49082088470459,11.166784286499023,36.338897705078125,52.194091796875,9.829962730407715,9.87230396270752,246.8698961757179
2020-10-19,5.436210632324219,34.82682418823242,14.647577285766602,11.320578575134277,36.34330368041992,51.699554443359375,9.741069793701172,9.979928970336914,246.88833488826324
2020-10-20,5.620016574859619,34.76498794555664,15.230724334716797,11.809439659118652,37.00320816040039,54.03810501098633,9.911447525024414,10.439788818359375,246.90677497799604
2020-10-21,5.61444616317749,35.33277893066406,15.368668556213379,11.930280685424805,34.72234344482422,52.713768005371094,9.904038429260254,10.518065452575684,246.92521644501912
2020-10-22,5.803822994232178,35.473331451416016,16.158727645874023,12.479552268981934,36.36545944213867,53.6441650390625,10.052192687988281,10.974661827087402,246.9436592894354
2020-10-23,5.728630065917969,35.67009353637695,15.951811790466309,12.424628257751465,36.170589447021484,52.437164306640625,10.289237976074219,10.93552303314209,246.96210351134772
2020-10-26,5.639511585235596,35.13602066040039,16.064678192138672,12.578422546386719,36.64890670776367,52.713768005371094,10.51887321472168,10.925738334655762,246.98054911085893
2020-10-27,5.536468982696533,35.15288543701172,15.606939315795898,12.226888656616211,36.86592102050781,54.12192153930664,10.163308143615723,10.690919876098633,246.99899608807203
2020-10-28,5.19949197769165,33.876739501953125,14.910937309265137,11.534798622131348,35.05008316040039,52.428775787353516,9.904038429260254,10.156047821044922,247.01744444308983
2020-10-29,5.372157573699951,34.86618423461914,14.986184120178223,11.419454574584961,35.444252014160156,52.437164306640625,9.548470497131348,10.09734058380127,247.03589417601526
2020-10-30,5.274684906005859,34.03977584838867,14.722824096679688,11.073409080505371,33.584129333496094,50.86136245727539,9.022528648376465,9.71901798248291,247.05434528695122
2020-11-03,5.472415447235107,35.608245849609375,15.08360481262207,11.452407836914062,34.244022369384766,53.45136642456055,9.466985702514648,9.81686019897461,247.0727977760007
2020-11-04,5.491909027099609,34.618812561035156,15.685940742492676,11.36935806274414,36.40532302856445,55.571983337402344,9.49661636352539,9.888609886169434,247.09125164326656
2020-11-05,5.539254188537598,35.16413116455078,16.056123733520508,11.5452880859375,37.97755813598633,56.896339416503906,9.874407768249512,10.009282112121582,247.10970688885178
2020-11-06,5.500264644622803,35.52392578125,16.03729820251465,11.517796516418457,37.20252990722656,56.996917724609375,9.815146446228027,9.944056510925293,247.12816351285932
2020-11-09,6.018263339996338,35.52392578125,17.33609390258789,12.611848831176758,36.37431716918945,55.404354095458984,10.533689498901367,10.664828300476074,247.1466215153921
2020-11-10,6.427650451660156,35.50706481933594,18.120397567749023,13.425518989562988,35.00136947631836,55.5887565612793,11.267046928405762,11.209486961364746,247.16508089655304
2020-11-11,6.371952533721924,35.75441360473633,17.96981430053711,13.370538711547852,35.6922607421875,55.504940032958984,11.037410736083984,11.140993118286133,247.1835416564452
2020-11-12,6.10181188583374,35.23159408569336,17.53059959411621,12.842757225036621,35.78528594970703,54.859535217285156,10.829995155334473,10.674612045288086,247.20200379517146
2020-11-13,6.302326679229736,35.557655334472656,17.863147735595703,13.299070358276367,36.702056884765625,56.158721923828125,11.192972183227539,10.778977394104004,247.2204673128349
2020-11-16,6.486135005950928,36.496490478515625,18.490591049194336,13.887331008911133,36.13071823120117,56.00785827636719,11.378161430358887,11.056199073791504,247.23893220953846
2020-11-17,6.597532749176025,37.648948669433594,18.50313377380371,13.964303016662598,36.179447174072266,55.32053756713867,11.452239990234375,11.218496322631836,247.25739848538518
2020-11-18,6.558544635772705,37.35662078857422,18.051380157470703,13.53547191619873,35.9137077331543,54.05485534667969,10.992963790893555,11.244738578796387,247.27586614047806
2020-11-19,6.633737564086914,38.07058334350586,18.07647705078125,13.546475410461426,35.84284973144531,54.884674072265625,10.911479949951172,11.3562650680542,247.29433517492006
2020-11-23,6.990210056304932,40.07755661010742,18.1329345703125,13.458502769470215,34.77106857299805,54.78409194946289,10.859626770019531,11.323467254638672,247.31280558881426
2020-11-24,7.302122592926025,42.0507926940918,18.64116859436035,14.063261032104492,34.07573318481445,54.98525619506836,10.92629623413086,11.625250816345215,247.33127738226366
2020-11-25,7.3104777336120605,42.44431686401367,18.421571731567383,13.881828308105469,34.244022369384766,55.11099624633789,10.733695983886719,11.592445373535156,247.34975055537132
2020-11-26,7.190722942352295,43.045833587646484,18.032560348510742,13.656420707702637,34.412322998046875,54.85115432739258,10.681842803955078,11.4087495803833,247.3682251082403
2020-11-27,7.101607799530029,44.09711456298828,18.170589447021484,13.546475410461426,34.10230255126953,55.6893424987793,10.607765197753906,11.352984428405762,247.3867010409736
2020-11-30,6.934511184692383,43.84975051879883,17.919612884521484,13.35954761505127,32.58319854736328,56.34312057495117,10.355904579162598,11.106971740722656,247.40517835367433
2020-12-01,7.129456043243408,45.67683029174805,18.676069259643555,14.107234954833984,32.59648513793945,54.859535217285156,10.874441146850586,11.412031173706055,247.42365704644556
2020-12-02,7.215789794921875,44.884159088134766,18.82046890258789,14.260710716247559,32.432621002197266,54.96011734008789,11.022595405578613,11.461236000061035,247.44213711939037
2020-12-03,7.4190897941589355,44.389434814453125,18.807903289794922,14.073649406433105,32.74263381958008,57.072349548339844,10.88925552368164,11.55964469909668,247.46061857261182
2020-12-04,7.666950702667236,46.08721160888672,18.996238708496094,14.19468879699707,31.799293518066406,56.17549133300781,10.918888092041016,11.802382469177246,247.47910140621298
2020-12-07,7.519349098205566,46.63251495361328,19.109241485595703,14.288213729858398,31.715139389038086,54.448822021484375,11.089264869689941,11.858150482177734,247.497585620297
2020-12-08,7.42465877532959,46.60442352294922,19.05901336669922,14.117664337158203,32.19789123535156,55.28702163696289,11.148524284362793,11.95983600616455,247.51607121496698
2020-12-09,7.502639293670654,46.491981506347656,19.172012329101562,14.156169891357422,31.44498062133789,53.535194396972656,11.304086685180664,11.795825958251953,247.534558190326
2020-12-10,7.747714519500732,47.78499221801758,19.80605697631836,14.739360809326172,31.44498062133789,53.250205993652344,11.622615814208984,12.4092378616333,247.55304654647725
2020-12-11,7.678089618682861,47.70628356933594,19.68903350830078,14.623832702636719,31.44498062133789,53.392696380615234,11.481870651245117,12.62572956085205,247.57153628352378
2020-12-14,7.692015647888184,46.96982955932617,19.424835205078125,14.546794891357422,31.24568748474121,53.04903793334961,11.348532676696777,12.667509078979492,247.59002740156882
2020-12-15,7.756068706512451,47.503902435302734,19.600961685180664,14.546794891357422,32.22004318237305,54.23088455200195,11.526315689086914,12.828734397888184,247.6085199007154
2020-12-16,7.8507585525512695,48.470848083496094,19.97209930419922,14.876904487609863,32.46361541748047,55.359519958496094,11.718914985656738,12.947184562683105,247.62701378106678
2020-12-17,7.864682674407959,49.02177810668945,19.946935653686523,14.94843864440918,33.55755615234375,56.34146499633789,11.896697998046875,12.960350036621094,247.64550904272608
2020-12-18,7.825693130493164,49.35908508300781,19.915481567382812,14.975945472717285,32.273197174072266,55.98896408081055,12.059185028076172,12.864928245544434,247.66400568579647
2020-12-21,7.524919033050537,48.83064270019531,19.56322479248047,14.612825393676758,31.908458709716797,55.17486572265625,11.724631309509277,12.433903694152832,247.68250371038113
2020-12-22,7.597326755523682,48.8756217956543,19.657583236694336,14.909929275512695,32.26737594604492,54.45307159423828,11.793063163757324,12.59841537475586,247.70100311658325
2020-12-23,7.7839179039001465,49.111724853515625,20.091623306274414,15.251033782958984,32.178749084472656,55.896644592285156,11.785460472106934,12.805699348449707,247.719503904506
2020-12-28,7.847972393035889,49.0836181640625,20.236291885375977,15.39958667755127,33.45490646362305,55.9805793762207,11.990754127502441,12.947184562683105,247.73800607425264
2020-12-29,7.873035907745361,48.948692321777344,20.19226837158203,15.37420654296875,33.2998161315918,56.28271484375,12.127617835998535,12.871508598327637,247.7565096259263
2020-12-30,7.892531394958496,49.162322998046875,19.896617889404297,15.156411170959473,33.56125259399414,57.86897659301758,11.89951229095459,12.766221046447754,247.77501455963025
2021-01-04,8.051273345947266,51.41664123535156,19.44663429260254,14.759912490844727,33.06496810913086,56.88700866699219,11.770252227783203,12.368097305297852,247.79352087546772
2021-01-05,8.365972518920898,52.28239059448242,19.320772171020508,14.669892311096191,35.09442138671875,56.55128479003906,12.02116870880127,12.239776611328125,247.8120285735419
2021-01-06,8.382681846618652,53.99704360961914,19.887176513671875,15.15610122680664,36.02494812011719,53.29484939575195,12.264480590820312,12.519447326660156,247.83053765395601
2021-01-07,8.633326530456543,57.521888732910156,20.66126823425293,15.558476448059082,37.51380920410156,55.821102142333984,12.203651428222656,13.016278266906738,247.84904811681338
2021-01-08,8.66674518585205,57.34198760986328,20.65496826171875,15.424358367919922,39.78254699707031,59.589508056640625,12.568622589111328,13.091955184936523,247.8675599622172
2021-01-11,8.594337463378906,57.33074188232422,20.189271926879883,15.150517463684082,38.56397247314453,58.43129348754883,12.241668701171875,12.878084182739258,247.88607319027074
2021-01-12,8.53028392791748,55.76227951049805,20.25218963623047,15.139339447021484,39.91103744506836,59.65666580200195,12.773918151855469,12.996535301208496,247.90458780107733
2021-01-13,8.118112564086914,54.09260177612305,19.91864776611328,14.91020679473877,40.004093170166016,59.63148880004883,12.294894218444824,12.354934692382812,247.92310379474017
2021-01-14,8.20166015625,54.98085021972656,20.51021957397461,15.368474006652832,39.822425842285156,62.04862976074219,12.422249794006348,12.32532024383545,247.94162117136258
2021-01-15,7.831263542175293,52.59159469604492,19.73613166809082,14.943743705749512,38.1784782409668,59.34612274169922,12.185416221618652,11.943653106689453,247.96013993104788
2021-01-18,7.817337512969971,53.01884841918945,19.635446548461914,14.994029998779297,40.85929870605469,59.32933807373047,12.39168930053711,11.821913719177246,247.9786600738993
2021-01-19,7.990004539489746,52.8783073425293,19.40258026123047,14.753726959228516,39.70277404785156,57.74308395385742,12.429889678955078,11.621207237243652,247.9971816000202
2021-01-20,7.856325626373291,51.90011215209961,19.081628799438477,14.446362495422363,39.30397033691406,58.38933563232422,12.238895416259766,11.36127758026123,248.01570450951388
2021-01-21,7.672519207000732,52.48477554321289,18.82359504699707,14.23958683013916,38.838714599609375,56.9961051940918,11.925665855407715,11.24612045288086,248.03422880248368
2021-01-22,7.544414043426514,52.377960205078125,18.420801162719727,13.976926803588867,39.423614501953125,56.66040802001953,11.574235916137695,11.084896087646484,248.05275447903293
2021-01-26,7.519349098205566,51.57967758178711,17.809402465820312,13.641608238220215,39.414756774902344,55.359519958496094,11.765229225158691,10.788769721984863,248.07128153926493
2021-01-27,7.630746841430664,50.14613342285156,17.809402465820312,13.837207794189453,39.299556732177734,54.5369873046875,11.765229225158691,11.104637145996094,248.08980998328312
2021-01-28,7.7310051918029785,51.21426010131836,18.5280818939209,14.26753044128418,38.980499267578125,56.43378448486328,11.872186660766602,11.36456298828125,248.10833981119075
2021-01-29,7.4330153465271,49.44340896606445,17.866134643554688,13.826028823852539,37.1283073425293,53.61378479003906,11.543676376342773,11.140829086303711,248.12687102309124
2021-02-01,7.666950702667236,51.309837341308594,18.342361450195312,14.111045837402344,37.460636138916016,53.67253875732422,11.918025970458984,11.282310485839844,248.14540361908794
2021-02-02,7.981649398803711,49.28038024902344,17.951292037963867,14.054537773132324,37.766380310058594,56.66040802001953,11.925665855407715,11.206636428833008,248.16393759928425
2021-02-03,8.0596284866333,50.837615966796875,17.862977981567383,14.121636390686035,39.29068374633789,57.74308395385742,11.979144096374512,11.295473098754883,248.18247296378354
2021-02-04,8.02620792388916,50.19672775268555,17.787296295166016,14.546684265136719,37.91703796386719,58.414512634277344,11.918025970458984,11.249408721923828,248.2010097126892
2021-02-05,8.031777381896973,52.10811996459961,17.711606979370117,14.46839427947998,37.44291305541992,57.80183792114258,11.856907844543457,11.173731803894043,248.21954784610463
2021-02-08,7.8284783363342285,52.85020065307617,17.38361167907715,14.160787582397461,37.88602828979492,58.12916564941406,11.413801193237305,11.14411735534668,248.2380873641332
2021-02-09,7.669734477996826,52.9851188659668,17.59175682067871,14.233498573303223,37.66889953613281,57.508079528808594,11.429080963134766,11.27901840209961,248.2566282668784
2021-02-10,7.742143630981445,53.23810577392578,17.465614318847656,14.076897621154785,38.12086486816406,56.52611541748047,11.467279434204102,11.124380111694336,248.27517055444366
2021-02-11,7.820122241973877,52.33861541748047,17.465614318847656,14.093676567077637,38.550682067871094,56.19878387451172,11.421441078186035,11.167149543762207,248.29371422693237
2021-02-12,7.920382499694824,52.78273010253906,17.509767532348633,14.093676567077637,38.40446472167969,56.14842987060547,11.29920482635498,11.104637145996094,248.31225928444795
2021-02-17,8.240650177001953,54.16569519042969,17.730533599853516,14.08249282836914,37.199195861816406,55.31754684448242,11.665913581848145,10.97631549835205,248.33080572709386
2021-02-18,8.151532173156738,54.7559814453125,17.604373931884766,13.943543434143066,36.94662857055664,54.22646713256836,11.29920482635498,10.943412780761719,248.34935355497362
2021-02-19,7.611252784729004,54.9639778137207,17.421464920043945,13.825992584228516,36.88459014892578,54.637718200683594,11.375603675842285,10.736125946044922,248.36790276819065
2021-02-22,6.034972667694092,53.6035041809082,16.153642654418945,12.919187545776367,36.654178619384766,51.27216720581055,11.138771057128906,9.485825538635254,248.38645336684837
2021-02-23,6.700573444366455,54.50299835205078,17.188079833984375,13.534916877746582,37.07068634033203,51.44841384887695,11.222806930541992,10.165962219238281,248.4050053510503
2021-02-24,6.795263290405273,55.053932189941406,16.935768127441406,13.439760208129883,38.417755126953125,50.8105583190918,11.215167045593262,10.125873565673828,248.42355872089996
2021-02-25,6.458284378051758,53.80590057373047,16.40594482421875,13.148689270019531,35.44891357421875,50.239845275878906,10.848458290100098,9.84190559387207,248.44211347650082
2021-02-26,6.193715572357178,53.13690185546875,16.207382202148438,12.874404907226562,34.5848388671875,48.67876434326172,10.710943222045898,9.370858192443848,248.46066961795637
2021-03-01,6.1268768310546875,55.413726806640625,15.72182559967041,12.448992729187012,34.71808624267578,49.65233612060547,10.519949913024902,9.30738639831543,248.4792271453701
2021-03-02,6.124092102050781,57.11711502075195,16.356542587280273,12.784540176391602,34.2996940612793,49.182342529296875,10.688024520874023,9.664847373962402,248.49778605884558
2021-03-03,5.901297092437744,56.414398193359375,16.39462661743164,12.896586418151855,34.27299118041992,49.366981506347656,10.825541496276855,9.684891700744629,248.5163463584863
2021-03-04,6.188144683837891,55.57675552368164,16.90874481201172,13.395195960998535,32.594947814941406,51.129478454589844,11.291563987731934,10.035673141479492,248.5349080443958
2021-03-05,6.235489845275879,58.873600006103516,17.537107467651367,14.028264045715332,32.51036834716797,51.053958892822266,11.520757675170898,10.222753524780273,248.5534711166776
2021-03-08,5.876232147216797,58.55634689331055,16.97856330871582,13.52965259552002,30.778921127319336,46.26161193847656,11.222806930541992,9.755045890808105,248.57203557543528
2021-03-09,6.012694358825684,57.968849182128906,17.213407516479492,13.64169692993164,31.824914932250977,46.647682189941406,11.581876754760742,9.684891700744629,248.59060142077237
2021-03-10,6.221563339233398,57.07584762573242,17.34034538269043,13.871394157409668,32.17210388183594,47.45340347290039,11.665913581848145,9.98890209197998,248.60916865279248
2021-03-11,6.486135005950928,58.57398223876953,17.36574363708496,14.112295150756836,32.01184844970703,49.97965621948242,11.528397560119629,10.039012908935547,248.62773727159913
2021-03-12,6.45271635055542,57.22272491455078,17.251483917236328,14.01705265045166,31.669113159179688,49.93769454956055,11.482560157775879,10.071145057678223,248.64630727729593
2021-03-15,6.586391925811768,56.88197326660156,17.4545955657959,14.213138580322266,32.59049987792969,49.80340576171875,11.68883228302002,10.000648498535156,248.66487866998645
2021-03-16,6.483349800109863,56.699832916259766,17.099159240722656,13.97783374786377,32.67061233520508,48.67876434326172,11.497838973999023,10.02750301361084,248.6834514497743
2021-03-17,6.7061448097229,57.516475677490234,17.765607833862305,14.560481071472168,32.5771484375,50.172698974609375,11.780509948730469,10.306135177612305,248.70202561676308
2021-03-18,6.47221040725708,56.49421691894531,17.867155075073242,14.829387664794922,31.9628963470459,48.46894454956055,11.68883228302002,10.218854904174805,248.72783840000187
2021-03-19,6.683865547180176,55.68347930908203,17.905231475830078,14.980656623840332,32.02520751953125,49.76984405517578,11.918025970458984,10.306135177612305,248.7536538623494
2021-03-22,6.550190448760986,54.761077880859375,18.006797790527344,14.902230262756348,31.735891342163086,48.54448318481445,11.872186660766602,10.336352348327637,248.7794720040838
2021-03-23,6.349672794342041,53.497955322265625,17.5498104095459,14.739760398864746,31.873868942260742,47.4618034362793,11.520757675170898,9.96371841430664,248.80529282548315
2021-03-24,6.355242729187012,54.72583770751953,17.245136260986328,14.588492393493652,31.38869857788086,46.27000427246094,11.306846618652344,9.782437324523926,248.83111632682548
2021-03-25,6.461069583892822,54.3087272644043,17.5498104095459,14.913432121276855,31.633508682250977,47.6716194152832,11.451998710632324,9.923434257507324,248.85694250838907
2021-03-26,6.533478736877441,56.124088287353516,17.849075317382812,15.014266014099121,32.376834869384766,48.20036315917969,11.574235916137695,9.957005500793457,248.88277137045205
2021-03-29,6.6365227699279785,57.5634880065918,17.84272003173828,15.075898170471191,32.106895446777344,48.30107498168945,11.68883228302002,10.004003524780273,248.9086029132926
2021-03-30,6.6365227699279785,57.02883529663086,18.135215759277344,15.328004837036133,33.420570373535156,50.26338577270508,11.910386085510254,10.312851905822754,248.934437137189
2021-03-31,6.711713790893555,57.5576057434082,17.785486221313477,14.997466087341309,33.20236587524414,50.20454788208008,11.681192398071289,10.222212791442871,248.96027404241948
2021-04-01,6.653230667114258,57.21685028076172,17.24151039123535,14.44843578338623,33.42501449584961,50.46510696411133,11.459639549255371,10.054359436035156,248.98611362926238
2021-04-05,6.695005416870117,60.74185562133789,17.464195251464844,14.582393646240234,34.24885177612305,51.71749496459961,11.665913581848145,10.040931701660156,249.01195589799596
2021-04-06,6.6894354820251465,59.954612731933594,17.260610580444336,14.352531433105469,34.333457946777344,52.415122985839844,11.757591247558594,9.920077323913574,249.03780084889863
2021-04-07,6.683865547180176,61.429237365722656,17.107919692993164,14.195545196533203,33.91486358642578,52.44874954223633,11.627714157104492,9.856294631958008,249.06364848224874
2021-04-08,6.60031795501709,61.39399337768555,16.974306106567383,14.150691986083984,34.04845428466797,53.45737838745117,11.803427696228027,9.772369384765625,249.0894987983247
2021-04-09,6.586391925811768,60.51274108886719,16.948856353759766,14.128275871276855,33.625404357910156,52.94465637207031,11.734670639038086,9.799224853515625,249.115351797405
2021-04-12,6.653230667114258,60.74774169921875,17.36876106262207,14.391780853271484,33.625404357910156,52.93626403808594,11.849267959594727,9.920077323913574,249.1412074797681
2021-04-13,6.675510406494141,60.853485107421875,17.362396240234375,14.296463966369629,33.389404296875,53.12117004394531,11.94094467163086,9.920077323913574,249.1670658456924
2021-04-14,6.781337738037109,62.86275863647461,17.585067749023438,14.464659690856934,33.946041107177734,53.499412536621094,12.078459739685059,9.936861991882324,249.19292689545657
2021-04-15,6.646857261657715,63.573638916015625,17.585067749023438,14.464659690856934,34.867835998535156,53.45737838745117,12.124300003051758,9.95029067993164,249.21879062933905
2021-04-16,6.606554985046387,63.8438720703125,17.782302856445312,14.632851600646973,34.31119918823242,53.94488525390625,12.070820808410645,9.993931770324707,249.24465704761846
2021-04-19,6.989418983459473,63.2916259765625,17.51508331298828,14.566694259643555,33.75455856323242,52.48236846923828,12.017341613769531,9.94357967376709,249.27052615057343
2021-04-20,6.85699987411499,62.36924743652344,17.426010131835938,14.344679832458496,32.89509963989258,51.9276237487793,11.933304786682129,10.104714393615723,249.2963979384826
2021-04-22,6.8253350257873535,62.410369873046875,17.43238639831543,14.246014595031738,32.454246520996094,51.162750244140625,12.147217750549316,10.014076232910156,249.32227241162468
2021-04-23,6.819578647613525,63.444374084472656,17.51508331298828,14.511192321777344,33.491825103759766,51.860389709472656,12.10901927947998,10.094643592834473,249.34814957027828
2021-04-26,6.845486640930176,63.785133361816406,17.502363204956055,14.523528099060059,33.23354721069336,52.04530715942383,11.910386085510254,10.104714393615723,249.3740294147222
2021-04-27,6.649735450744629,64.69576263427734,17.23515510559082,14.394015312194824,32.96189880371094,51.30563735961914,11.681192398071289,9.993931770324707,249.39991194523517
2021-04-28,6.89154577255249,65.75326538085938,17.985214233398438,15.164905548095703,32.507667541503906,53.053932189941406,11.620075225830078,10.171855926513672,249.425797162096
2021-04-29,6.799426555633545,65.77088165283203,17.417804718017578,14.659210205078125,31.608154296875,53.2640495300293,11.658273696899414,9.95029067993164,249.45168506558346
2021-04-30,6.799426555633545,64.04949951171875,17.551685333251953,14.708537101745605,31.180652618408203,54.045745849609375,11.413801193237305,9.95029067993164,249.47757565597644
2021-05-03,6.744731903076172,63.72050094604492,17.797269821166992,15.146402359008789,30.681909561157227,53.90622329711914,11.306846618652344,9.987217903137207,249.5034689335538
2021-05-04,6.5892839431762695,64.68400573730469,17.038179397583008,14.689030647277832,30.013948440551758,52.7542610168457,11.184608459472656,9.859650611877441,249.52936489859442
2021-05-05,6.859878063201904,65.04237365722656,17.522981643676758,14.713717460632324,30.91347312927246,51.795711517333984,11.352684020996094,9.822722434997559,249.55526355137727
2021-05-06,6.764883518218994,67.59214782714844,17.41453742980957,14.78778076171875,30.040660858154297,51.938663482666016,12.36113166809082,9.805935859680176,249.58837703929794
2021-05-07,7.0182061195373535,67.82713317871094,17.625043869018555,14.849506378173828,29.76456642150879,53.14945983886719,12.384049415588379,10.051004409790039,249.62149492104726
2021-05-10,7.110324859619141,67.38065338134766,17.886573791503906,15.207469940185547,28.775985717773438,52.93084716796875,12.605605125427246,10.181927680969238,249.65461719720835
2021-05-11,7.239863872528076,69.74827575683594,17.848302841186523,15.182785987854004,28.75816535949707,52.83835983276367,12.888276100158691,10.255782127380371,249.68774386836427
2021-05-12,7.1333537101745605,67.16914367675781,17.58677101135254,14.874190330505371,27.8497371673584,49.02094650268555,12.888276100158691,10.188644409179688,249.72087493509818
2021-05-13,7.193805694580078,66.088134765625,18.097084045410156,15.219816207885742,28.32175636291504,49.43294906616211,12.895914077758789,10.460563659667969,249.75401039799334
2021-05-14,7.570911407470703,64.95423889160156,18.49895477294922,15.361767768859863,28.588947296142578,49.43294906616211,13.12510871887207,10.460563659667969,249.78715025763307
2021-05-17,7.674542427062988,66.65800476074219,18.486204147338867,15.42965316772461,28.65129280090332,50.38309860229492,13.293183326721191,10.6451997756958,249.82029451460076
2021-05-18,7.585304260253906,67.32776641845703,18.447921752929688,15.676532745361328,28.85613441467285,51.29120635986328,13.30846118927002,10.792911529541016,249.85344316947993
2021-05-19,7.527731895446777,65.94713592529297,18.581880569458008,15.781460762023926,28.14363670349121,50.24856948852539,13.415417671203613,10.977548599243164,249.8865962228541
2021-05-20,7.464400768280029,65.27737426757812,18.683948516845703,15.92957592010498,28.375202178955078,52.52724838256836,13.400138854980469,11.01111888885498,249.91975367530694
2021-05-21,7.47015905380249,64.27275085449219,18.773250579833984,16.00363540649414,28.241607666015625,52.871978759765625,13.453619003295898,11.105114936828613,249.95291552742208
2021-05-24,7.596817970275879,64.49600219726562,18.72222328186035,15.960436820983887,29.078794479370117,54.02393341064453,13.46889591217041,11.178018569946289,249.98608177978343
2021-05-25,7.438492774963379,62.89212417602539,18.529722213745117,15.880196571350098,29.363794326782227,53.14105987548828,13.453619003295898,11.028433799743652,250.01925243297478
2021-05-26,7.510458469390869,64.74275207519531,18.78530502319336,16.244340896606445,29.212383270263672,53.3092155456543,13.346660614013672,11.212017059326172,250.05242748758013
2021-05-27,7.458642482757568,65.20687866210938,18.625572204589844,16.343097686767578,29.221290588378906,51.91343688964844,13.514737129211426,11.364997863769531,250.08560694418347
2021-05-28,7.769540786743164,65.55937957763672,18.932270050048828,16.380115509033203,30.637392044067383,52.081600189208984,13.636970520019531,11.402399063110352,250.11879080336888
2021-05-31,7.7349958419799805,67.43350982666016,18.874765396118164,16.343097686767578,30.414718627929688,52.6786003112793,13.713369369506836,11.385396957397461,250.1519790657206
2021-06-01,7.855900287628174,66.50524139404297,19.561986923217773,16.71340560913086,30.450342178344727,53.94826126098633,14.339831352233887,11.551979064941406,250.18517173182283
2021-06-02,8.022860527038574,67.44527435302734,20.214065551757812,17.36742401123047,29.791288375854492,54.42753982543945,14.798215866088867,11.966734886169434,250.21836880225993
2021-06-04,8.204218864440918,66.32901763916016,20.6359806060791,17.348894119262695,30.477066040039062,56.04195785522461,14.805853843688965,12.153715133666992,250.25157027761634
2021-06-07,8.143767356872559,65.6827621459961,21.121841430664062,17.5650691986084,30.396921157836914,56.33624267578125,14.973930358886719,12.415491104125977,250.28477615847646
2021-06-08,8.25027847290039,64.57826232910156,20.97480010986328,17.441537857055664,30.2989444732666,56.10081481933594,14.966290473937988,12.3406982421875,250.31798644542494
2021-06-09,8.25027847290039,65.91776275634766,21.262474060058594,17.355073928833008,30.503782272338867,55.108619689941406,14.752376556396484,12.102720260620117,250.3512011390464
2021-06-10,8.256034851074219,65.70037078857422,21.185766220092773,17.385957717895508,30.218780517578125,54.99090576171875,14.760017395019531,12.068726539611816,250.38442023992556
2021-06-11,8.224370002746582,67.1750259399414,20.936439514160156,17.318017959594727,30.468154907226562,53.84736633300781,14.469703674316406,12.03472900390625,250.4176437486472
2021-06-14,8.276185989379883,66.8107681274414,20.86612319946289,17.243906021118164,31.06488609313965,54.28459548950195,14.88225269317627,12.167440414428711,250.45087166579623
2021-06-15,8.356789588928223,65.5064926147461,20.86612319946289,17.256250381469727,31.581439971923828,54.15007019042969,14.614862442016602,12.126453399658203,250.48410399195754
2021-06-16,8.388455390930176,63.53837966918945,21.28165626525879,17.342723846435547,31.02033805847168,53.91462707519531,14.584301948547363,12.211847305297852,250.5173407277163
2021-06-17,8.097707748413086,62.216495513916016,21.032333374023438,17.268600463867188,30.65518569946289,52.6197395324707,14.523185729980469,11.921496391296387,250.5577667109895
2021-06-18,8.1524019241333,64.09062957763672,20.64876937866211,17.046262741088867,31.34096336364746,52.81312561035156,14.33219051361084,11.904417991638184,250.59819921780368
2021-06-21,8.333761215209961,64.68988037109375,20.74466323852539,17.08950424194336,31.3944034576416,53.15787124633789,14.309269905090332,11.812191009521484,250.63863824921148
2021-06-22,8.376938819885254,65.44775390625,20.476160049438477,16.774517059326172,30.539411544799805,52.97288513183594,13.973121643066406,11.56282901763916,250.67908380626577
2021-06-23,8.434514045715332,66.42887878417969,20.329130172729492,16.700397491455078,30.236600875854492,53.81372833251953,13.743928909301758,11.56282901763916,250.7195358900196
2021-06-24,8.53526782989502,66.5185546875,20.33551788330078,16.823915481567383,30.575029373168945,54.23414993286133,13.713369369506836,11.586736679077148,250.7599945015262
2021-06-25,8.376938819885254,67.33934020996094,19.68984603881836,16.2989501953125,29.889257431030273,53.477386474609375,12.949395179748535,11.23831844329834,250.8004596418389
2021-06-28,8.362546920776367,66.26094055175781,19.466093063354492,16.218652725219727,30.299657821655273,54.02393341064453,13.369579315185547,11.152922630310059,250.84093131201132
2021-06-29,8.399968147277832,67.40523529052734,19.27431297302246,16.11983871459961,30.923480987548828,54.259368896484375,13.209144592285156,11.07776927947998,250.88140951309717
2021-06-30,8.471936225891113,67.84857177734375,19.050569534301758,15.891308784484863,30.023406982421875,53.89389419555664,13.041069984436035,10.975296020507812,250.92189424615032
2021-07-01,8.365424156188965,66.66832733154297,18.989803314208984,15.693684577941895,30.522457122802734,52.630760192871094,13.140385627746582,10.859152793884277,250.96238551222484
2021-07-02,8.399968147277832,68.0462646484375,19.194475173950195,16.070051193237305,31.422521591186523,54.28125762939453,13.316100120544434,10.978710174560547,251.00288331237496
2021-07-05,8.304973602294922,67.8006362915039,18.9322452545166,15.784834861755371,31.110631942749023,53.98653030395508,13.705729484558105,10.91038990020752,251.0433876476551
2021-07-06,7.965289115905762,68.16010284423828,18.900257110595703,15.58917236328125,30.789806365966797,53.00127410888672,13.407777786254883,10.746428489685059,251.0838985191198
2021-07-07,8.074678421020508,68.35780334472656,18.983413696289062,15.702783584594727,32.135475158691406,55.872806549072266,13.575855255126953,10.889897346496582,251.12441592782386
2021-07-08,7.913473129272461,68.09419250488281,18.733970642089844,15.519749641418457,30.95021629333496,55.16545486450195,13.262624740600586,10.859152793884277,251.16493987482212
2021-07-12,7.982560634613037,68.93893432617188,18.989803314208984,15.911057472229004,31.70770835876465,55.67070770263672,13.491815567016602,11.135841369628906,251.20547036116974
2021-07-13,8.031499862670898,69.34632110595703,19.104936599731445,15.89842700958252,31.35123634338379,55.72123718261719,13.598772048950195,11.088017463684082,251.2460073879219
2021-07-14,7.965289115905762,68.9688949584961,19.130512237548828,15.967862129211426,31.199731826782227,57.75069046020508,13.682811737060547,11.163168907165527,251.28655095613414
2021-07-15,7.795446872711182,69.18457794189453,18.900257110595703,15.728034019470215,31.119543075561523,57.86014938354492,13.461259841918945,10.9923734664917,251.32710106686193
2021-07-16,7.680302143096924,67.93843078613281,18.593236923217773,15.728034019470215,30.558109283447266,57.0096435546875,13.316100120544434,10.859152793884277,251.36765772116112
2021-07-19,7.553638458251953,67.1955337524414,18.484516143798828,15.1536865234375,30.460079193115234,56.63068771362305,12.995231628417969,10.777172088623047,251.4082209200876
2021-07-20,7.654392719268799,67.75869750976562,18.727569580078125,15.387213706970215,30.789806365966797,56.841217041015625,13.010510444641113,10.968463897705078,251.44879066469747
2021-07-21,7.760903835296631,68.53754425048828,18.804317474365234,15.393527030944824,30.700687408447266,56.26018142700195,13.140385627746582,11.07776927947998,251.48936695604704
2021-07-22,7.743631362915039,68.71725463867188,18.612443923950195,15.273609161376953,31.279956817626953,57.5149040222168,13.010510444641113,10.913806915283203,251.52994979519275
2021-07-23,7.697569847106934,68.36978149414062,18.561269760131836,15.115816116333008,31.012596130371094,57.531734466552734,12.796598434448242,10.85573959350586,251.5705391831912
2021-07-26,7.907715320587158,69.8555679321289,18.88746452331543,15.242044448852539,30.878938674926758,57.279109954833984,13.056350708007812,11.023114204406738,251.61113512109918
2021-07-27,7.815598011016846,68.4057388305664,19.072956085205078,15.361964225769043,30.647216796875,56.26018142700195,12.926474571228027,11.074356079101562,251.6517376099737
2021-07-28,7.976802825927734,70.27493286132812,19.693368911743164,15.721715927124023,33.15140151977539,55.695980072021484,13.239706039428711,11.23831844329834,251.69234665087185
2021-07-29,8.005590438842773,69.23849487304688,19.59103012084961,15.57024097442627,32.197845458984375,56.495967864990234,13.086908340454102,11.06069278717041,251.73296224485094
2021-07-30,7.746510028839111,65.15859985351562,19.37996482849121,15.305160522460938,31.823556900024414,52.336029052734375,12.712560653686523,10.804496765136719,251.7735843929684
2021-08-02,7.602577209472656,65.26043701171875,19.49834632873535,15.39982795715332,32.80657196044922,51.51077651977539,12.880635261535645,10.951384544372559,251.8142130962819
2021-08-03,7.729239463806152,67.48309326171875,19.690326690673828,15.487592697143555,32.600685119628906,51.46024703979492,13.041069984436035,10.889897346496582,251.85484835584924
2021-08-04,7.565152645111084,67.41122436523438,19.139989852905273,14.874908447265625,32.28739547729492,49.81817626953125,12.704917907714844,10.729351043701172,251.89549017272844
2021-08-05,8.161040306091309,65.35031127929688,19.197587966918945,14.653840065002441,32.09941101074219,49.26239013671875,12.697281837463379,10.538061141967773,251.94569294391985
2021-08-06,8.172554016113281,65.72174835205078,19.73512077331543,14.975972175598145,32.4395637512207,49.051856994628906,13.063990592956543,10.859152793884277,251.99590572052358
2021-08-09,8.114980697631836,65.30838012695312,19.96549415588379,14.969659805297852,32.36795425415039,49.34660339355469,13.10982894897461,10.760090827941895,252.04612850453367
2021-08-10,8.140887260437012,65.93741607666016,19.587936401367188,14.754898071289062,32.30530548095703,48.36134338378906,12.766037940979004,10.48681926727295,252.09636129794464
2021-08-11,8.253157615661621,65.46414184570312,19.805511474609375,14.811756134033203,32.3589973449707,48.327674865722656,12.659080505371094,10.384343147277832,252.14660410275133
2021-08-12,8.376938819885254,65.42218780517578,19.434356689453125,14.603313446044922,31.78611946105957,48.900291442871094,12.666720390319824,10.158891677856445,252.196856920949
2021-08-13,8.448904991149902,64.88300323486328,19.69672393798828,14.6727933883667,32.01884841918945,48.37820053100586,12.720200538635254,10.076910972595215,252.24711975453334
2021-08-16,8.24452018737793,65.18256378173828,19.48088264465332,14.552783012390137,30.801483154296875,47.24137496948242,12.529205322265625,10.059831619262695,252.29739260550042
2021-08-17,8.24449348449707,64.10417175292969,19.410247802734375,14.495933532714844,31.05211639404297,45.97822570800781,12.46808910369873,10.018838882446289,252.3476754758467
2021-08-18,8.17129135131836,61.95338439941406,19.44877052307129,14.401190757751465,30.05851936340332,46.49190139770508,12.582683563232422,10.066662788391113,252.39796836756904
2021-08-19,8.12553882598877,58.41867446899414,19.1983585357666,14.369607925415039,31.49968147277832,48.9592399597168,13.132746696472168,10.134979248046875,252.4482712826647
2021-08-20,8.113338470458984,58.44263458251953,19.12773323059082,14.287496566772461,32.206825256347656,49.45606994628906,13.400138854980469,10.148646354675293,252.49858422313133
2021-08-23,8.24144172668457,57.633827209472656,19.333192825317383,14.388556480407715,32.00096130371094,47.519264221191406,13.262624740600586,10.240875244140625,252.54890719096701
2021-08-24,8.412251472473145,59.73668670654297,19.872547149658203,14.767537117004395,31.920398712158203,48.041351318359375,13.438337326049805,10.575518608093262,252.59924018817017
2021-08-25,8.458001136779785,59.61088180541992,19.898239135742188,14.792799949645996,32.56488800048828,48.445556640625,13.43069839477539,10.540961265563965,252.6495832167397
2021-08-26,8.384799003601074,58.85002899169922,19.416669845581055,14.508569717407227,32.91399002075195,47.123470306396484,13.071630477905273,10.392351150512695,252.69993627867478
2021-08-27,8.689813613891602,60.32381820678711,19.750558853149414,14.698051452636719,33.03035354614258,49.09396743774414,13.018152236938477,10.551329612731934,252.75029937597512
2021-08-30,8.63185977935791,59.94038772583008,19.60929298400879,14.540144920349121,32.83341598510742,47.788726806640625,13.12510871887207,10.451103210449219,252.80067251064074
2021-08-31,8.293294906616211,59.11962127685547,19.866134643554688,14.62226390838623,31.83087730407715,46.702430725097656,13.063990592956543,10.516768455505371,252.8510556846721
2021-09-01,8.247542381286621,59.221466064453125,19.95285987854004,14.596997261047363,32.48432540893555,46.28980255126953,13.186224937438965,10.527132034301758,252.90144890007005
2021-09-02,8.113338470458984,59.035736083984375,19.233367919921875,14.084287643432617,31.992006301879883,45.658241271972656,12.620882987976074,10.0916748046875,252.95185215883583
2021-09-03,8.030983924865723,59.07768249511719,19.124164581298828,14.014745712280273,32.44852066040039,46.13822555541992,12.651442527770996,10.067481994628906,253.00226546297105
2021-09-06,8.070635795593262,58.14905548095703,19.36827278137207,14.160140991210938,32.56488800048828,46.677162170410156,13.132746696472168,10.247196197509766,253.05268881447782
2021-09-08,7.616167068481445,56.93887710571289,18.449647903442383,13.344667434692383,32.66335678100586,50.42447280883789,12.384049415588379,9.815189361572266,253.10312221535852
2021-09-09,7.777823448181152,56.73518753051758,18.693754196166992,13.401564598083496,34.76689910888672,50.52552795410156,12.46044921875,9.987993240356445,253.15356566761605
2021-09-10,7.7290215492248535,56.801082611083984,18.50745964050293,13.237205505371094,34.605777740478516,48.22661590576172,12.300013542175293,10.019095420837402,253.20401917325358
2021-09-13,8.000481605529785,56.77112579345703,18.738723754882812,13.509029388427734,34.82061767578125,49.68342971801758,12.491006851196289,10.24028491973877,253.25448273427483
2021-09-14,7.893728733062744,56.36973190307617,18.623096466064453,13.42052936553955,35.25029373168945,48.84134292602539,12.55976676940918,10.165420532226562,253.30495635268377
2021-09-15,8.030983924865723,54.961830139160156,18.321165084838867,13.300416946411133,35.66204071044922,48.33609390258789,12.238895416259766,10.085433006286621,253.35544003048486
2021-09-16,7.960831642150879,52.67923355102539,18.308320999145508,13.129742622375488,35.71575927734375,48.19293975830078,12.322933197021484,10.248886108398438,253.40593376968292
2021-09-17,7.60396671295166,51.61283874511719,17.871479034423828,12.655631065368652,35.0802116394043,47.948726654052734,12.024981498718262,10.064566612243652,253.45643757228325
2021-09-20,7.5185627937316895,49.57588195800781,17.466773986816406,12.181516647338867,34.811668395996094,46.685585021972656,11.925665855407715,9.737659454345703,253.5069514402914
2021-09-21,7.6893696784973145,50.39665603637695,17.42181396484375,12.358514785766602,35.581485748291016,48.075035095214844,11.963862419128418,9.984578132629395,253.55747537571344
2021-09-22,7.884575843811035,52.187984466552734,17.826519012451172,12.541841506958008,36.31549072265625,48.60555648803711,12.009702682495117,10.2175874710083,253.6080093805558
2021-09-23,8.186539649963379,52.186153411865234,18.443225860595703,13.098126411437988,36.85256576538086,48.92554473876953,12.131939888000488,10.241929054260254,253.66808150973776
2021-09-24,8.204841613769531,51.37931442260742,18.186256408691406,12.807340621948242,37.00474166870117,47.8729362487793,12.10137939453125,10.161945343017578,253.728167868205
2021-09-27,8.278044700622559,52.1134147644043,18.661636352539062,13.192954063415527,36.593406677246094,47.67083740234375,12.093740463256836,10.387995719909668,253.78826845932792
2021-09-28,8.223143577575684,49.50111389160156,18.23764419555664,12.914809226989746,36.42323684692383,46.76979446411133,11.795788764953613,10.175854682922363,253.84838328647788
2021-09-29,8.354296684265137,50.129398345947266,18.565271377563477,13.148699760437012,35.706783294677734,46.10454559326172,11.83398723602295,10.231498718261719,253.9085123530269
2021-09-30,8.305496215820312,50.420379638671875,18.584545135498047,13.1676664352417,35.49184799194336,45.96024703979492,11.68883228302002,10.050654411315918,253.96865566234794
2021-10-01,8.540355682373047,50.39392852783203,19.06981086730957,13.496382713317871,35.9754524230957,47.082454681396484,11.665913581848145,10.276708602905273,254.02881321781464
2021-10-04,8.781315803527832,49.92436981201172,15.644058227539062,13.116086959838867,34.730594635009766,44.80426788330078,11.490198135375977,10.154989242553711,254.08898502280155
2021-10-05,8.973472595214844,49.56725311279297,16.023269653320312,13.33753490447998,33.61111831665039,45.099586486816406,11.597155570983887,10.638395309448242,254.14917108068389
2021-10-06,8.735562324523926,50.96268081665039,16.074682235717773,13.438773155212402,33.593204498291016,45.27677536010742,11.536038398742676,10.655783653259277,254.20937139483777
2021-10-07,8.723363876342773,52.483760833740234,15.734042167663574,13.103434562683105,33.63799285888672,44.542701721191406,11.520757675170898,10.544496536254883,254.26958596864006
2021-10-08,8.88197135925293,52.807804107666016,15.849730491638184,13.19201374053955,34.614173889160156,46.449623107910156,11.734670639038086,10.767070770263672,254.3298148054684
2021-10-11,8.942971229553223,53.97837829589844,15.573355674743652,12.951587677001953,34.587310791015625,46.12055587768555,11.642993927001953,10.683602333068848,254.39005790870138
2021-10-13,9.037525177001953,52.3779296875,15.592632293701172,12.913623809814453,36.3426399230957,46.86307144165039,11.849267959594727,10.697516441345215,254.4503152817182
2021-10-14,9.052777290344238,52.3779296875,15.51551342010498,12.793405532836914,36.36055374145508,46.87994384765625,11.83398723602295,10.645347595214844,254.51058692789897
2021-10-15,9.028375625610352,53.35672378540039,15.913996696472168,13.464078903198242,35.93068313598633,47.78278732299805,11.864546775817871,10.982688903808594,254.57087285062454
2021-10-18,8.982625007629395,52.854103088378906,16.023269653320312,13.698186874389648,36.1456184387207,47.4621467590332,11.933304786682129,11.201788902282715,254.63117305327665
2021-10-19,8.543405532836914,52.24568176269531,15.644058227539062,13.274261474609375,35.241085052490234,45.200843811035156,11.566596984863281,10.652303695678711,254.69148753923778
2021-10-20,8.692862510681152,50.70476150512695,16.061832427978516,13.729818344116211,35.93068313598633,43.74111557006836,11.772870063781738,10.85053539276123,254.7518163118912
2021-10-21,8.372597694396973,49.70614242553711,15.734042167663574,13.445094108581543,35.241085052490234,41.69074630737305,11.566596984863281,10.370609283447266,254.81215937462096
2021-10-22,8.290245056152344,50.31456756591797,15.129873275756836,12.938928604125977,34.829105377197266,40.37446975708008,11.459639549255371,10.054134368896484,254.87251673081198
2021-10-25,8.857568740844727,50.922996520996094,15.425525665283203,13.1350736618042,35.420204162597656,40.914485931396484,11.665913581848145,10.262800216674805,254.93288838385
2021-10-26,8.772164344787598,50.38070297241211,15.258423805236816,12.837695121765137,35.518707275390625,38.3916015625,11.581876754760742,10.154989242553711,254.99327433712148
2021-10-27,8.750814437866211,49.23658752441406,15.374114990234375,13.008526802062988,35.10673904418945,39.11724853515625,11.627714157104492,10.144556999206543,255.0536745940137
2021-10-28,8.833168029785156,48.74058151245117,15.341978073120117,12.964239120483398,33.87980651855469,38.77130126953125,12.758399963378906,10.054134368896484,255.12829309705296
2021-10-29,8.281094551086426,47.35839080810547,14.982037544250488,12.590940475463867,33.13645935058594,38.22285461425781,12.979950904846191,9.911547660827637,255.20293343048147
2021-11-01,8.540355682373047,47.82793045043945,15.578723907470703,13.027511596679688,33.100643157958984,38.459110260009766,13.262624740600586,10.13759994506836,255.2775956006859
2021-11-03,8.189592361450195,44.19719696044922,15.726664543151855,12.919177055358887,33.745445251464844,40.75415802001953,13.621692657470703,10.203678131103516,255.35227961405488
2021-11-04,7.930330753326416,43.694583892822266,14.896910667419434,12.064233779907227,33.78127670288086,40.720420837402344,13.659890174865723,9.963713645935059,255.42698547697879
2021-11-05,7.884575843811035,42.39835739135742,14.716812133789062,12.659526824951172,33.745445251464844,42.2645149230957,13.6751708984375,10.186288833618164,255.50171319584996
2021-11-08,7.966933727264404,44.7064208984375,14.639631271362305,12.368213653564453,33.22603225708008,40.914485931396484,13.552933692932129,10.252362251281738,255.57646277706257
2021-11-09,8.12553882598877,43.608612060546875,14.491683959960938,12.228887557983398,32.94839096069336,41.85105895996094,13.667530059814453,10.23845386505127,255.65123422701265
2021-11-10,8.06148624420166,43.44327163696289,14.858314514160156,12.912843704223633,32.49164962768555,42.61045455932617,13.560574531555176,10.707947731018066,255.72602755209815
2021-11-11,8.067586898803711,44.97757339477539,14.826153755187988,12.976175308227539,32.68867492675781,44.8211555480957,13.453619003295898,10.50275993347168,255.8008427587188
2021-11-12,8.232293128967285,45.16936111450195,14.794002532958984,13.102834701538086,31.92743682861328,43.57236099243164,13.377219200134277,10.485371589660645,255.87567985327632
2021-11-16,8.317695617675781,43.86652374267578,14.639631271362305,13.083832740783691,31.685632705688477,42.939537048339844,13.377219200134277,10.339305877685547,255.95053884217424
2021-11-17,8.107237815856934,42.986942291259766,14.697516441345215,13.140829086303711,32.0349006652832,43.46267318725586,13.400138854980469,10.193243980407715,256.025419731818
2021-11-18,8.095038414001465,41.221168518066406,14.453091621398926,13.014172554016113,32.16923904418945,44.39926528930664,13.445977210998535,10.11673355102539,256.10032252861475
2021-11-19,7.960831642150879,42.34545135498047,14.330887794494629,13.001504898071289,32.052818298339844,45.41178512573242,13.285543441772461,10.10282039642334,256.1752472389737
2021-11-22,8.04013442993164,44.699806213378906,14.36639404296875,12.779852867126465,31.049772262573242,44.53426742553711,13.232065200805664,10.047176361083984,256.250193869306
2021-11-23,8.479351997375488,45.87699508666992,14.607246398925781,13.026836395263672,30.593015670776367,45.13334274291992,13.140385627746582,10.467256546020508,256.3251624260244
2021-11-24,8.653209686279297,46.941741943359375,14.997809410095215,13.362482070922852,30.0288028717041,44.610198974609375,13.063990592956543,10.661161422729492,256.4001529155438
2021-11-25,9.03447437286377,46.62430191040039,15.134507179260254,13.470141410827637,30.27060890197754,45.65647506713867,13.16330623626709,11.2146635055542,256.4751653442808
2021-11-26,8.683712005615234,45.39420700073242,14.84809398651123,12.931845664978027,29.27651596069336,44.179874420166016,12.75075912475586,10.844486236572266,256.5501997186539
2021-11-29,8.988725662231445,45.96296691894531,14.750452995300293,12.8368501663208,29.0257568359375,44.08706283569336,12.483366966247559,10.862116813659668,256.62525604508363
2021-11-30,8.97652530670166,46.260562896728516,14.56818962097168,12.608865737915039,28.864545822143555,43.12516784667969,12.269453048706055,11.225242614746094,256.7003343299922
2021-12-01,9.028375625610352,46.445743560791016,14.475451469421387,12.558198928833008,29.09740447998047,42.53453063964844,12.116658210754395,11.034862518310547,256.7754345798038
2021-12-02,9.71724796295166,48.60169982910156,15.022676467895508,13.19776725769043,29.303380966186523,45.32740020751953,12.231256484985352,11.338057518005371,256.8505568009445
2021-12-03,9.854304313659668,47.530330657958984,14.97055721282959,13.159734725952148,29.35710906982422,46.289310455322266,12.223615646362305,11.352161407470703,256.9257009998422
2021-12-06,9.898849487304688,50.10955047607422,15.146453857421875,13.438647270202637,29.563098907470703,46.213375091552734,12.284733772277832,11.658881187438965,257.00086718292675
2021-12-07,10.059887886047363,50.47990417480469,14.957527160644531,13.280173301696777,30.95124626159668,45.47085189819336,12.300013542175293,11.493180274963379,257.0760553566298
2021-12-08,10.056459426879883,50.10293960571289,14.814212799072266,13.19776725769043,32.276695251464844,47.22589111328125,12.284733772277832,11.546061515808105,257.15126552738496
2021-12-09,10.03590202331543,49.71936798095703,14.416817665100098,12.861802101135254,32.68867492675781,46.60993957519531,12.078459739685059,11.288700103759766,257.24062302064306
2021-12-10,10.159255027770996,50.03019714355469,14.436365127563477,12.811086654663086,32.061767578125,47.84185028076172,12.185416221618652,11.457923889160156,257.33001156473654
2021-12-13,10.097577095031738,51.49174880981445,14.051993370056152,12.576549530029297,31.882652282714844,48.28904724121094,12.231256484985352,11.362737655639648,257.41943117045514
2021-12-14,9.977657318115234,51.48513412475586,14.188809394836426,12.766712188720703,31.60500717163086,48.508426666259766,12.353490829467773,11.364506721496582,257.5088818485926
2021-12-15,10.039328575134277,51.19413757324219,14.143203735351562,12.766712188720703,31.891613006591797,50.0272216796875,12.284733772277832,11.169543266296387,257.59836360994615
2021-12-16,10.172956466674805,53.198001861572266,14.286521911621094,12.925188064575195,31.882652282714844,50.398468017578125,12.300013542175293,11.134096145629883,257.687876465317
2021-12-17,9.933109283447266,52.35810089111328,13.973825454711914,12.563868522644043,31.210960388183594,47.89247512817383,12.277093887329102,10.751263618469238,257.77742042550994
2021-12-20,9.64871883392334,51.76950454711914,13.758845329284668,12.30396842956543,30.486669540405273,47.35874557495117,12.240262985229492,10.428689002990723,257.86699550133363
2021-12-21,9.662423133850098,53.13186264038086,13.778388977050781,12.251008033752441,30.405986785888672,47.274173736572266,12.224386215209961,10.457046508789062,257.95660170360037
2021-12-22,9.64871883392334,52.854103088378906,13.830507278442383,12.30876350402832,30.181894302368164,47.05430221557617,12.216449737548828,10.3967866897583,258.0462390431264
2021-12-23,9.706968307495117,52.34486770629883,13.9021635055542,12.347268104553223,30.002613067626953,46.3016357421875,12.343454360961914,10.357794761657715,258.13590753073146
2021-12-27,9.85087776184082,52.212608337402344,14.045485496520996,12.48845386505127,29.733694076538086,46.55534362792969,12.327579498291016,10.379063606262207,258.2256071772393
2021-12-28,9.861157417297363,50.95606994628906,13.993369102478027,12.443530082702637,29.841264724731445,45.286808013916016,12.319642066955566,10.318801879882812,258.3153379934773
2021-12-29,9.778923034667969,51.08833312988281,13.876108169555664,12.385771751403809,29.348243713378906,44.06055450439453,12.26407527923584,10.26562786102295,258.40509999027665
2021-12-30,9.74808406829834,51.55788803100586,13.648096084594727,12.328017234802246,29.563385009765625,44.82167434692383,12.240262985229492,10.226638793945312,258.4948931784723
2022-01-03,9.967371940612793,51.58433151245117,14.024725914001465,12.636056900024414,28.702831268310547,43.037261962890625,12.168821334838867,10.216004371643066,258.5847175689029
2022-01-04,10.005064964294434,50.97590255737305,14.422456741333008,12.718884468078613,28.559410095214844,43.28251266479492,12.152945518493652,10.226638793945312,258.6745731724109
2022-01-05,9.617880821228027,51.45867919921875,14.14861011505127,12.628948211669922,27.05345344543457,42.0308952331543,11.91480827331543,10.056488037109375,258.7644599998426
2022-01-06,9.611029624938965,52.496986389160156,14.43549633026123,12.808810234069824,27.044483184814453,42.19157028198242,11.724297523498535,10.138019561767578,258.8543780620479
2022-01-07,9.655572891235352,55.55236053466797,14.75497817993164,12.995104789733887,26.363222122192383,41.83638381958008,11.533788681030273,10.148653030395508,258.9443273698807
2022-01-10,9.59732437133789,54.89101791381836,14.8919038772583,13.040063858032227,25.601272583007812,41.016056060791016,11.629042625427246,10.201824188232422,259.0343079341984
2022-01-11,9.8817138671875,55.93594741821289,15.224430084228516,13.05933666229248,26.03154945373535,41.60804748535156,11.652856826782227,10.24436092376709,259.1243197658625
2022-01-12,10.183237075805664,56.54436492919922,15.159224510192871,12.962984085083008,27.089305877685547,41.9632453918457,11.811614990234375,10.343612670898438,259.21436287573795
2022-01-13,10.388819694519043,55.68463134765625,15.439593315124512,13.194234848022461,26.085330963134766,41.8194580078125,11.898930549621582,10.510217666625977,259.3044372746936
2022-01-14,10.776001930236816,56.00867462158203,15.322222709655762,13.406218528747559,27.51957893371582,43.35862350463867,11.986249923706055,10.779619216918945,259.3945429736022
2022-01-17,10.793135643005371,55.71769332885742,15.322222709655762,13.483299255371094,27.20583724975586,42.69053268432617,11.748113632202148,10.800887107849121,259.4846799833401
2022-01-18,10.841103553771973,57.08004379272461,15.413507461547852,13.727402687072754,27.37615394592285,42.03934860229492,11.573478698730469,10.896599769592285,259.5748483147875
2022-01-19,10.789709091186523,58.336585998535156,15.309183120727539,13.553963661193848,27.340301513671875,42.157745361328125,11.541726112365723,10.992305755615234,259.6650479788284
2022-01-20,10.868515014648438,57.34457778930664,15.185307502746582,13.541116714477539,27.555435180664062,45.77730941772461,11.502037048339844,11.059656143188477,259.75527898635056
2022-01-21,10.88564682006836,56.15418243408203,15.191828727722168,13.399794578552246,27.438905715942383,46.42848587036133,11.660794258117676,11.059656143188477,259.84554134824555
2022-01-24,10.9473237991333,55.46638488769531,15.172266006469727,13.682435989379883,26.80245590209961,45.34600830078125,11.668731689453125,11.112829208374023,259.93583507540865
2022-01-25,11.303666114807129,55.59203338623047,15.719954490661621,14.228443145751953,27.071374893188477,47.1473274230957,11.962435722351074,11.399953842163086,260.02616017873896
2022-01-26,11.60519027709961,55.75076675415039,15.88947868347168,14.241293907165527,27.555435180664062,48.94865798950195,11.906869888305664,11.290064811706543,260.1165166691395
2022-01-27,11.608614921569824,55.87641525268555,15.967718124389648,14.311955451965332,29.04346466064453,48.85562515258789,12.224386215209961,11.446037292480469,260.20690455751685
2022-01-28,11.149478912353516,55.3275146484375,16.163318634033203,14.517516136169434,28.34427261352539,48.5765495300293,11.851304054260254,11.516931533813477,260.29732385478155
2022-01-31,11.084378242492676,53.48237609863281,16.515396118164062,14.645987510681152,28.828325271606445,49.55754089355469,11.883057594299316,11.577189445495605,260.38777457184784
2022-02-01,11.30709171295166,56.4187126159668,16.63131332397461,14.69737720489502,28.738689422607422,49.61674499511719,11.787802696228027,11.559469223022461,260.4782567196338
2022-02-02,11.14262866973877,56.73615264892578,16.370332717895508,14.43310832977295,28.478729248046875,49.439151763916016,11.525851249694824,11.368050575256348,260.5687703090613
2022-02-03,10.988439559936523,56.7097053527832,16.559539794921875,14.645264625549316,27.74367904663086,48.627288818359375,11.478222846984863,11.446037292480469,260.67343557271903
2022-02-04,11.180317878723145,58.19771194458008,16.611740112304688,14.741697311401367,27.65403938293457,48.39049530029297,11.438532829284668,11.42476749420166,260.7781428783199
2022-02-07,11.015851020812988,59.606361389160156,16.52039909362793,14.690260887145996,27.78849983215332,47.10504150390625,11.343278884887695,11.29361343383789,260.88289224275127
2022-02-08,10.906204223632812,60.439640045166016,16.703086853027344,14.606690406799316,27.089305877685547,47.4517822265625,11.24008560180664,11.414131164550781,260.9876836829073
2022-02-09,10.9473237991333,60.45287322998047,16.037574768066406,13.353036880493164,27.152053833007812,47.984561920166016,11.541726112365723,11.314878463745117,261.09251721568904
2022-02-10,11.115217208862305,62.07977294921875,16.344226837158203,13.545904159545898,26.659025192260742,48.111412048339844,11.708423614501953,11.438943862915039,261.19739285800426
2022-02-11,11.567498207092285,60.82322311401367,17.309877395629883,13.59090518951416,26.47079086303711,48.50043869018555,11.795740127563477,11.839503288269043,261.30231062676745
2022-02-14,11.30709171295166,60.558685302734375,17.270732879638672,13.610196113586426,27.286518096923828,49.574466705322266,11.954498291015625,11.889129638671875,261.4072705389
2022-02-15,11.128920555114746,58.759849548339844,17.43384552001953,13.623050689697266,29.473743438720703,51.24047088623047,12.208510398864746,12.452746391296387,261.51227261133005
2022-02-16,11.283109664916992,59.18972396850586,17.25115966796875,13.78377914428711,28.05742073059082,50.78380584716797,11.970373153686523,12.523643493652344,261.61731686099256
2022-02-17,11.23856258392334,56.64356994628906,17.009748458862305,13.623050689697266,27.474760055541992,50.25101852416992,11.787802696228027,12.523643493652344,261.7224033048293
2022-02-18,11.30709171295166,56.762611389160156,17.074987411499023,13.700203895568848,26.721778869628906,49.4222412109375,11.724297523498535,12.778865814208984,261.82753195978876
2022-02-21,11.598336219787598,56.80889892578125,16.65741539001465,13.539477348327637,26.64524269104004,49.0924072265625,11.470284461975098,12.50592041015625,261.93270284282636
2022-02-22,11.560647010803223,57.79429626464844,16.8099422454834,13.488042831420898,26.65427017211914,52.07771301269531,11.67667007446289,12.622899055480957,262.03791597090424
2022-02-23,11.725114822387695,57.18586730957031,16.574939727783203,13.42375373840332,25.81483268737793,49.35458755493164,11.756049156188965,12.686702728271484,262.1431713609914
2022-02-24,11.44072151184082,57.893497467041016,16.294221878051758,13.018722534179688,26.4647159576416,49.337677001953125,11.779864311218262,12.282602310180664,262.2484690300637
2022-02-25,11.649733543395996,61.028236389160156,16.62715721130371,13.08301830291748,26.53692626953125,48.64419937133789,12.065629005432129,12.481106758117676,262.35380899510363
2022-03-02,11.879301071166992,65.90229034423828,16.35125732421875,12.948002815246582,27.30415153503418,47.832340240478516,11.525851249694824,12.61935043334961,262.45919127310077
2022-03-03,11.731966972351074,65.93536376953125,16.364322662353516,13.198164939880371,28.206762313842773,46.98664093017578,11.255962371826172,12.62075424194336,262.56461588105134
2022-03-04,11.728538513183594,67.43660736083984,16.116079330444336,12.81850528717041,28.441448211669922,44.99927520751953,11.057514190673828,12.304960250854492,262.6700828359584
2022-03-07,10.895925521850586,69.48672485351562,15.769841194152832,12.490313529968262,28.053319931030273,43.13029098510742,10.66061782836914,11.778640747070312,262.77559215483194
2022-03-08,11.122066497802734,66.43797302246094,15.619597434997559,12.651187896728516,28.495603561401367,43.789939880371094,10.66855525970459,11.86938762664795,262.88114385468873
2022-03-09,11.156332015991211,64.68621063232422,16.39698028564453,13.462004661560059,29.488481521606445,47.172698974609375,11.057514190673828,12.540897369384766,262.98673795255223
2022-03-10,11.546939849853516,66.82205963134766,16.410051345825195,13.378344535827637,28.630996704101562,46.56380844116211,10.620927810668945,12.377554893493652,263.092374465453
2022-03-11,11.132349967956543,66.4718017578125,16.22713279724121,13.32043170928955,28.333133697509766,45.4221076965332,10.462170600891113,12.130728721618652,263.1980534104283
2022-03-14,10.919909477233887,62.90750503540039,16.455780029296875,13.416958808898926,27.99916648864746,45.244529724121094,10.573301315307617,12.206955909729004,263.3037748045222
2022-03-15,10.65607738494873,61.10129928588867,16.39698028564453,13.38477611541748,27.259021759033203,44.9400749206543,10.69236946105957,12.068387031555176,263.40953866478566
2022-03-16,10.563569068908691,62.584720611572266,16.717079162597656,13.57783031463623,28.865673065185547,45.65046310424805,10.938445091247559,12.22910213470459,263.51534500827654
2022-03-17,10.282604217529297,64.76176452636719,17.082914352416992,13.629307746887207,29.876602172851562,46.17478561401367,11.057514190673828,12.342334747314453,263.6306039850297
2022-03-18,10.488186836242676,65.9910659790039,17.20703887939453,13.59713363647461,30.048105239868164,47.62937545776367,11.31152629852295,12.316762924194336,263.74591337490676
2022-03-21,10.882219314575195,67.85906982421875,17.631654739379883,13.918883323669434,29.38016700744629,46.724483489990234,11.255962371826172,12.568801879882812,263.86127319995785
2022-03-22,10.834251403808594,66.34131622314453,17.87336540222168,14.092625617980957,29.786340713500977,48.53425979614258,11.414719581604004,12.820833206176758,263.9766834822428
2022-03-23,10.981584548950195,66.2383041381836,17.794979095458984,14.002544403076172,29.560691833496094,48.64419937133789,11.263898849487305,12.755083084106445,264.0921442438311
2022-03-24,11.108362197875977,66.5542221069336,17.912567138671875,14.208459854125977,29.903684616088867,50.03113555908203,11.271836280822754,12.901189804077148,264.2076555068019
2022-03-25,11.067243576049805,65.40045928955078,17.94522476196289,14.337159156799316,29.678028106689453,51.44343948364258,11.367091178894043,12.893884658813477,264.3232172932441
2022-03-28,10.827399253845215,65.47598266601562,17.932161331176758,14.26637077331543,30.361858367919922,51.78171157836914,11.700486183166504,12.769695281982422,264.43882962525606
2022-03-29,11.067243576049805,64.91285705566406,18.14120864868164,14.52377700805664,30.678136825561523,52.559757232666016,12.105319023132324,12.824485778808594,264.55449252494583
2022-03-30,11.303666114807129,65.83998107910156,18.180397033691406,14.433675765991211,30.85886573791504,52.217628479003906,12.041814804077148,12.747777938842773,264.67020601443136
2022-03-31,11.461280822753906,65.65455627441406,17.95175552368164,14.298547744750977,31.50946044921875,51.793785095214844,12.224386215209961,12.674724578857422,264.78597011584003
2022-04-01,11.310519218444824,66.58854675292969,18.002521514892578,14.144111633300781,31.970314025878906,52.83643341064453,12.216449737548828,12.667417526245117,264.901784851309
2022-04-04,11.204301834106445,67.26158142089844,17.839096069335938,14.085460662841797,31.645017623901367,52.58212661743164,12.057689666748047,12.550536155700684,265.01765024298516
2022-04-05,11.098082542419434,65.31804656982422,17.47956657409668,13.692586898803711,31.2925968170166,51.62423324584961,11.962435722351074,12.218143463134766,265.13356631302497
2022-04-06,11.087807655334473,66.30697631835938,17.47303009033203,13.621743202209473,31.021514892578125,50.072959899902344,11.867180824279785,12.280241966247559,265.24953308359466
2022-04-07,11.663440704345703,66.70530700683594,17.459957122802734,13.679709434509277,30.831748962402344,49.32699966430664,11.954498291015625,12.506705284118652,265.36555057687013
2022-04-08,11.721687316894531,65.34552764892578,17.427270889282227,13.834278106689453,30.84982681274414,48.970970153808594,11.851304054260254,12.729516983032227,265.481618815037
2022-04-11,11.632601737976074,64.55573272705078,17.36191177368164,13.814955711364746,29.413049697875977,48.91163635253906,12.065629005432129,12.8098726272583,265.5977378202905
2022-04-12,11.598336219787598,64.1230697631836,17.05466651916504,13.692586898803711,29.25040626525879,49.1574592590332,11.94655990600586,12.784302711486816,265.7139076148357
2022-04-13,11.845036506652832,64.1436767578125,17.100431442260742,13.834278106689453,29.422090530395508,48.86924743652344,11.77192497253418,12.846402168273926,265.83012822088745
2022-04-14,11.721429824829102,63.24401092529297,17.21155548095703,13.802082061767578,29.178117752075195,48.47084045410156,11.668731689453125,12.857359886169434,265.94639966067
2022-04-18,11.515264511108398,62.20012664794922,17.309608459472656,14.0468168258667,28.834735870361328,48.58103942871094,11.67667007446289,13.332205772399902,266.0627219564176
2022-04-19,11.863872528076172,60.21539306640625,17.002376556396484,13.864551544189453,28.346771240234375,49.46263122558594,11.629042625427246,12.861013412475586,266.17909513037415
2022-04-20,11.920098304748535,58.64958190917969,17.113506317138672,13.814955711364746,28.391958236694336,49.30157470703125,11.692546844482422,12.84274673461914,266.29551920479327
2022-04-22,11.455291748046875,55.25009536743164,16.780122756958008,13.616593360900879,28.292556762695312,47.38578796386719,11.708423614501953,12.576103210449219,266.4119942019382
2022-04-25,11.28661060333252,54.309226989746094,16.714754104614258,13.531576156616211,28.20219612121582,46.91957092285156,12.002124786376953,12.674724578857422,266.5285201440823
2022-04-26,11.267867088317871,53.56752395629883,16.14604949951172,12.950642585754395,27.090736389160156,45.08855438232422,11.708423614501953,12.389817237854004,266.6450970535081
2022-04-27,11.267867088317871,56.431331634521484,16.015317916870117,13.028565406799316,28.581722259521484,45.520877838134766,11.652856826782227,12.44460678100586,266.76172495250836
2022-04-28,11.342836380004883,57.82545471191406,15.884571075439453,12.908127784729004,28.12990379333496,46.2838020324707,11.67667007446289,12.422691345214844,266.87840386338536
2022-04-29,11.350334167480469,57.20050048828125,15.603493690490723,12.738102912902832,27.199169158935547,44.87663269042969,11.525851249694824,12.134133338928223,266.99513380845116
2022-05-02,11.237879753112793,56.9463996887207,15.536530494689941,12.7310152053833,26.150968551635742,43.85715866088867,11.486160278320312,12.046468734741211,267.11191481002766
2022-05-03,11.339088439941406,56.657962799072266,15.615029335021973,12.8153715133667,25.672040939331055,44.692203521728516,11.3035888671875,12.294849395751953,267.2287468904465
2022-05-04,12.021307945251465,56.18408966064453,15.59541130065918,12.999765396118164,26.150968551635742,46.60940933227539,11.382967948913574,12.652812004089355,267.3456300720489
2022-05-05,11.99881649017334,55.16768264770508,15.235610961914062,12.574240684509277,25.446138381958008,45.373870849609375,10.898755073547363,12.324071884155273,267.4720284124906
2022-05-06,12.39240550994873,54.77622604370117,15.562699317932129,12.836648941040039,24.53346824645996,44.376930236816406,10.739995956420898,12.364250183105469,267.59848651280373
2022-05-09,12.05504322052002,52.530513763427734,15.340279579162598,13.0281343460083,24.090694427490234,44.06166076660156,10.867002487182617,12.397123336791992,267.7250044012421
2022-05-10,12.160003662109375,51.87808609008789,15.261778831481934,13.155793190002441,23.602737426757812,44.77741241455078,10.898755073547363,12.254670143127441,267.8515821060729
2022-05-11,12.583576202392578,54.04138946533203,15.772027969360352,13.382735252380371,23.584659576416016,45.95329666137695,11.073390007019043,12.524968147277832,267.9782196555768
2022-05-12,12.681036949157715,53.49884796142578,16.020626068115234,13.467841148376465,23.86478614807129,47.129188537597656,11.494098663330078,12.84274673461914,268.1049170780477
2022-05-13,12.845970153808594,53.43703842163086,16.210329055786133,13.623865127563477,23.94611167907715,47.81086349487305,11.541726112365723,12.824485778808594,268.231674401793
2022-05-16,12.973418235778809,55.03719711303711,16.380414962768555,13.850808143615723,23.675024032592773,47.63191604614258,11.660794258117676,12.824485778808594,268.35849165513343
2022-05-17,12.80473804473877,54.8036994934082,16.524330139160156,14.13449764251709,24.31660270690918,48.211341857910156,11.692546844482422,13.30663776397705,268.485368866403
2022-05-18,12.594820022583008,53.41644287109375,16.28882598876953,13.872085571289062,23.882858276367188,47.205867767333984,11.287713050842285,13.11669921875,268.61230606394935
2022-05-19,12.80848217010498,54.83802795410156,16.236494064331055,13.765716552734375,23.069595336914062,46.79686737060547,11.22420883178711,13.03998851776123,268.7393032761333
2022-05-20,13.055883407592773,55.80636978149414,16.439287185668945,13.950103759765625,23.485261917114258,47.129188537597656,11.128954887390137,13.514836311340332,268.8663605313292
2022-05-23,13.56942081451416,56.9463996887207,16.864500045776367,14.17704963684082,24.009363174438477,47.802345275878906,11.176582336425781,14.0846529006958,268.9934778579248
2022-05-24,13.199943542480469,57.715576171875,17.11962127685547,14.474916458129883,23.566593170166016,47.095096588134766,11.21627140045166,14.052338600158691,269.1206552843212
2022-05-25,13.387918472290039,57.89413833618164,16.812164306640625,14.31180191040039,22.87079620361328,48.484012603759766,11.144830703735352,13.966832160949707,269.247892838933
2022-05-26,13.42133617401123,57.85979080200195,17.02150535583496,14.38980770111084,23.232242584228516,49.30201721191406,11.279775619506836,13.925939559936523,269.3751905501883
2022-05-27,12.782224655151367,58.86933517456055,17.113086700439453,14.59548282623291,23.693098068237305,49.77919387817383,11.279775619506836,13.773523330688477,269.5025484465285
2022-05-30,12.527416229248047,59.50802993774414,16.956077575683594,14.453636169433594,23.078636169433594,48.56922912597656,11.18451976776123,13.409197807312012,269.6299665564085
2022-05-31,12.556653022766113,59.205848693847656,17.113086700439453,14.538745880126953,22.92501449584961,49.01231002807617,11.263898849487305,13.613667488098145,269.7574449082967
2022-06-01,12.539946556091309,60.599979400634766,16.87588119506836,14.276337623596191,23.684057235717773,48.90153884887695,11.208333969116211,13.639686584472656,269.88498353067484
2022-06-02,12.431339263916016,61.740013122558594,16.947891235351562,14.218791007995605,23.792503356933594,47.964229583740234,11.208333969116211,13.650842666625977,270.01258245203826
2022-06-03,12.648553848266602,60.75105667114258,16.79078483581543,14.133615493774414,23.422008514404297,46.5838508605957,11.176582336425781,13.4612455368042,270.1402417008957
2022-06-06,12.656906127929688,60.81288528442383,16.73186683654785,14.147809982299805,23.476224899291992,45.42499923706055,11.1527681350708,13.29395580291748,270.2679613057694
2022-06-07,12.80728816986084,62.234474182128906,16.73186683654785,14.027125358581543,23.449121475219727,45.62098693847656,10.898755073547363,13.201018333435059,270.3957412951952
2022-06-08,12.744630813598633,60.091766357421875,16.411104202270508,13.778680801391602,22.05753517150879,44.35137176513672,10.92257022857666,13.082054138183594,270.5235816977221
2022-06-09,12.560833930969238,58.058956146240234,16.129621505737305,13.771575927734375,22.156932830810547,45.08416748046875,10.803500175476074,13.063467979431152,270.6514825419129
2022-06-10,12.385390281677246,58.07269287109375,15.776135444641113,13.565715789794922,21.687044143676758,44.11278533935547,10.78762435913086,12.844134330749512,270.7794438563439
2022-06-13,12.226656913757324,56.23216247558594,15.586295127868652,13.366944313049316,21.524391174316406,41.650230407714844,10.581239700317383,12.550443649291992,270.90746566960473
2022-06-14,12.36450481414795,56.12228012084961,15.4815673828125,13.232068061828613,21.912954330444336,41.91438674926758,10.438355445861816,12.554298400878906,271.0355480102986
2022-06-15,12.147290229797363,56.08794403076172,15.54702091217041,13.32435131072998,21.687044143676758,43.925331115722656,10.366914749145508,12.752801895141602,271.1636909070424
2022-06-17,11.407925605773926,53.162322998046875,15.350641250610352,13.118486404418945,20.629804611206055,42.945411682128906,10.343101501464844,12.782761573791504,271.2966614461525
2022-06-20,11.537419319152832,51.85061264038086,16.018348693847656,13.466328620910645,21.777406692504883,42.52790069580078,10.358978271484375,12.880143165588379,271.4296971900259
2022-06-21,11.307672500610352,52.193992614746094,15.848145484924316,13.370393753051758,22.86176109313965,42.34895706176758,10.454231262207031,12.352052688598633,271.56279817063694
2022-06-22,11.274256706237793,51.74760437011719,15.730311393737793,13.313010215759277,23.304542541503906,42.99654006958008,10.557424545288086,12.307107925415039,271.6959644199759
2022-06-23,11.065396308898926,49.85900115966797,15.370272636413574,12.961536407470703,23.41297721862793,43.39701843261719,10.581239700317383,12.2284574508667,271.82919597004854
2022-06-24,10.981852531433105,51.246273040771484,15.344094276428223,12.8539400100708,23.90996551513672,42.86872100830078,10.851128578186035,12.157297134399414,271.96249285287644
2022-06-27,11.687797546386719,53.601863861083984,15.435733795166016,13.03326416015625,23.46944808959961,44.036094665527344,10.890817642211914,12.408232688903809,272.0958551004967
2022-06-28,11.833999633789062,54.56332778930664,15.265536308288574,12.84676742553711,23.66857147216797,44.04461669921875,10.732059478759766,12.453174591064453,272.22928274496235
2022-06-29,11.729572296142578,54.11006546020508,15.108429908752441,12.624405860900879,23.559953689575195,44.249114990234375,10.803500175476074,12.389507293701172,272.362775818342
2022-06-30,11.666913986206055,52.578575134277344,14.840039253234863,12.337489128112793,23.940105438232422,44.65812301635742,10.636804580688477,12.501864433288574,272.49633435272005
2022-07-01,11.917546272277832,51.57590866088867,14.969533920288086,12.430737495422363,23.985355377197266,45.40582275390625,10.92257022857666,12.415724754333496,272.6299583801966
2022-07-04,12.172354698181152,51.280601501464844,14.825407981872559,12.300724983215332,23.976306915283203,45.07239532470703,10.859065055847168,12.374524116516113,272.7636479328876
2022-07-05,11.708684921264648,51.02650451660156,14.930221557617188,12.329444885253906,24.45601463317871,44.47394561767578,11.18451976776123,12.307107925415039,272.89740304292445
2022-07-06,11.558305740356445,51.50723648071289,14.79265022277832,12.228915214538574,24.528425216674805,45.60246276855469,11.295650482177734,12.2284574508667,273.03122374245464
2022-07-07,11.896655082702637,53.00437545776367,15.002278327941895,12.480239868164062,24.990028381347656,47.87659454345703,11.295650482177734,12.408232688903809,273.16511006364124
2022-07-08,12.030329704284668,51.78194046020508,15.008832931518555,12.487419128417969,24.682289123535156,47.748355865478516,11.35915470123291,12.528080940246582,273.2990620386631
2022-07-11,11.971846580505371,50.01696014404297,14.766438484191895,12.236098289489746,24.057764053344727,46.20091247558594,11.192458152770996,12.322088241577148,273.43307969971505
2022-07-12,11.792228698730469,50.168052673339844,14.733681678771973,12.286358833312988,24.06682014465332,46.11543273925781,10.946381568908691,12.363286972045898,273.5671630790074
2022-07-13,11.800582885742188,49.996360778808594,14.674720764160156,12.006305694580078,24.193531036376953,47.158447265625,11.565539360046387,12.2284574508667,273.70131220876647
2022-07-14,11.483116149902344,46.665550231933594,14.510943412780762,11.733438491821289,23.89484405517578,46.59419250488281,11.779864311218262,12.213478088378906,273.8355271212343
2022-07-15,11.679443359375,46.95399475097656,14.772991180419922,11.80524730682373,24.03061294555664,46.50870132446289,11.581416130065918,12.464409828186035,273.9698078486687
2022-07-18,11.946784973144531,47.201229095458984,14.969533920288086,11.956042289733887,23.641414642333984,46.42319869995117,11.502037048339844,12.640439987182617,274.10415442334346
2022-07-19,12.18906307220459,47.304237365722656,15.473971366882324,12.394072532653809,24.40170669555664,46.50014114379883,11.494098663330078,12.981264114379883,274.23856687754807
2022-07-20,12.184883117675781,46.28096389770508,15.277433395385742,12.236098289489746,23.523754119873047,46.13252258300781,11.351217269897461,12.985010147094727,274.37304524358785
2022-07-21,12.122228622436523,47.09135055541992,15.401901245117188,12.401253700256348,22.92638397216797,46.85921859741211,11.557601928710938,13.074896812438965,274.50758955378393
2022-07-22,12.251721382141113,47.53087615966797,15.238125801086426,12.243276596069336,23.38798713684082,47.38072967529297,11.517912864685059,12.985010147094727,274.6421998404735
2022-07-25,12.823996543884277,48.409934997558594,15.460869789123535,12.40843677520752,24.090269088745117,48.09033966064453,11.652856826782227,13.183511734008789,274.77687613600926
2022-07-26,12.95348834991455,48.32065963745117,15.375693321228027,12.322264671325684,23.835535049438477,46.978904724121094,11.763986587524414,13.22845458984375,274.91161847276004
2022-07-27,13.095510482788086,48.43053436279297,15.428116798400879,12.394072532653809,24.44507598876953,49.15900802612305,11.890993118286133,13.314597129821777,275.0464268831106
2022-07-28,13.488170623779297,48.54729080200195,15.52637767791748,12.487419128417969,25.40941047668457,49.19320297241211,11.986249923706055,13.561787605285645,275.1813013994613
2022-07-29,14.265129089355469,47.9017219543457,15.473971366882324,12.516145706176758,25.509485244750977,49.2530517578125,11.851304054260254,13.47189998626709,275.31624205422855
2022-08-01,14.06879997253418,46.75483322143555,15.387191772460938,12.487419128417969,25.36391830444336,48.868324279785156,11.613166809082031,13.363288879394531,275.4512488798447
2022-08-02,14.131461143493652,48.245113372802734,15.551101684570312,12.70231819152832,25.81879997253418,49.099159240722656,11.67667007446289,13.543063163757324,275.58632190875795
2022-08-03,14.139813423156738,46.370243072509766,15.662550926208496,12.90360164642334,25.58226203918457,50.62949752807617,11.613166809082031,13.636693954467773,275.7214611734324
2022-08-04,14.290189743041992,46.10240936279297,16.042810440063477,13.14083480834961,26.209993362426758,53.12592315673828,11.652856826782227,13.895121574401855,275.86149458913314
2022-08-05,14.565885543823242,46.69989013671875,16.34439468383789,13.298980712890625,26.228187561035156,53.13447189331055,11.589354515075684,14.153548240661621,276.00159912500504
2022-08-08,15.30107593536377,47.09822082519531,16.547630310058594,13.342109680175781,27.046966552734375,54.20315170288086,11.748113632202148,14.599241256713867,276.14177481716865
2022-08-09,15.551706314086914,48.07341766357422,16.980329513549805,13.536203384399414,26.910505294799805,52.83525085449219,11.700486183166504,14.842686653137207,276.2820217017628
2022-08-10,15.501582145690918,48.107757568359375,17.2950382232666,13.751866340637207,27.911231994628906,54.5878791809082,12.0338773727417,14.970024108886719,276.42233981494473
2022-08-11,15.142338752746582,49.78345489501953,17.321252822875977,13.866883277893066,27.410871505737305,53.78422927856445,12.010062217712402,15.632949829101562,276.5627291928899
2022-08-12,16.266807556152344,50.42061996459961,17.531049728393555,14.03940200805664,28.111379623413086,54.28009033203125,12.073566436767578,16.5168399810791,276.7031898717924
2022-08-15,16.271934509277344,49.33708572387695,17.681842803955078,13.967523574829102,27.601913452148438,54.90419006347656,12.240262985229492,16.101110458374023,276.84372188786443
2022-08-16,16.420703887939453,50.43506622314453,17.885074615478516,14.168801307678223,27.829355239868164,53.86117172241211,12.303765296936035,16.179767608642578,276.9843252773369
2022-08-17,16.805444717407227,49.28651809692383,17.930967330932617,14.190367698669434,27.68379020690918,54.459632873535156,12.343454360961914,16.0336971282959,277.1250000764587
2022-08-18,17.144012451171875,48.91811752319336,17.878524780273438,14.276634216308594,28.056787490844727,54.71611404418945,12.700661659240723,15.662910461425781,277.26574632149755
2022-08-19,16.277069091796875,48.36912536621094,17.664020538330078,14.096919059753418,27.156139373779297,53.64744186401367,12.430770874023438,15.374518394470215,277.4065640487393
2022-08-22,16.625900268554688,47.66121292114258,17.465105056762695,13.902824401855469,26.337360382080078,52.98912811279297,12.240262985229492,15.53182601928711,277.5474532944884
2022-08-23,17.15427589416504,50.71678161621094,17.511516571044922,14.003460884094238,26.20089340209961,54.092010498046875,12.25613784790039,15.85173511505127,277.68841409506757
2022-08-24,17.256877899169922,49.084251403808594,17.584449768066406,13.924389839172363,26.191804885864258,54.59642028808594,12.541903495788574,15.588305473327637,277.8294464868182
2022-08-25,17.07219696044922,50.03776550292969,17.803268432617188,14.025026321411133,26.337360382080078,54.4168815612793,12.557779312133789,15.958636283874512,277.9705505060999
2022-08-26,17.256877899169922,49.28651809692383,17.697172164916992,13.974713325500488,26.209993362426758,52.62150955200195,12.438709259033203,15.878463745117188,278.11172618929095
2022-08-29,17.687786102294922,48.3330078125,17.637496948242188,14.025026321411133,25.80970573425293,52.45051956176758,12.391083717346191,16.206796646118164,278.252973572788
2022-08-30,16.63616180419922,46.93162155151367,17.55792999267578,13.981897354125977,25.827896118164062,53.202877044677734,12.216449737548828,16.160985946655273,278.39429269300615
2022-08-31,17.04654884338379,46.592124938964844,17.11368751525879,13.629656791687012,25.736923217773438,51.99740219116211,12.121193885803223,15.91663932800293,278.5356835863791
2022-09-01,17.36460304260254,46.1514778137207,17.37752914428711,13.744677543640137,25.81879997253418,53.51920700073242,12.248201370239258,16.160985946655273,278.6771462893589
2022-09-02,17.144012451171875,45.45079040527344,17.61639404296875,13.89502239227295,27.483642578125,53.7072868347168,12.287890434265137,16.237337112426758,278.81868083841636
2022-09-05,17.102977752685547,47.112220764160156,17.90169906616211,13.923802375793457,28.111379623413086,54.28863525390625,12.343454360961914,15.893733978271484,278.9602872700406
2022-09-06,16.466875076293945,45.99256134033203,17.735828399658203,13.837450981140137,27.556428909301758,52.792503356933594,12.351393699645996,15.130162239074707,279.10196562073935
2022-09-08,16.312978744506836,46.59934616088867,17.609760284423828,13.758301734924316,27.483642578125,53.07463073730469,12.303765296936035,15.06525993347168,279.2437159270388
2022-09-09,16.30784797668457,50.24003982543945,17.749099731445312,13.945390701293945,27.70199203491211,54.092010498046875,12.478400230407715,15.481404304504395,279.3855382254838
2022-09-12,16.148820877075195,50.68067169189453,17.96805763244629,14.082107543945312,28.930158615112305,55.48556137084961,12.462525367736816,15.721929550170898,279.5274325526378
2022-09-13,15.723044395446777,49.30096435546875,17.782270431518555,13.9741792678833,27.847551345825195,54.24589538574219,12.375207901000977,15.458171844482422,279.66939894508266
2022-09-14,15.96414566040039,48.39802169799805,17.715917587280273,13.909417152404785,27.856647491455078,54.61351776123047,12.208510398864746,15.473546028137207,279.8114374394189
2022-09-15,15.933365821838379,49.373199462890625,17.762374877929688,13.859040260314941,27.30169677734375,53.271263122558594,12.145007133483887,15.315966606140137,279.9535480722656
2022-09-16,15.78973388671875,49.30096435546875,17.70265769958496,13.70073413848877,27.72928237915039,52.88654327392578,12.121193885803223,15.143011093139648,280.0957308802606
2022-09-19,16.04109764099121,50.897377014160156,18.366168975830078,14.053329467773438,27.838451385498047,54.092010498046875,12.279953002929688,15.442794799804688,280.23798590006004
2022-09-20,15.94875717163086,50.167789459228516,18.976612091064453,14.506664276123047,28.32062339782715,54.89564514160156,12.510151863098145,15.677245140075684,280.380313168339
2022-09-21,15.989792823791504,49.445430755615234,18.77754783630371,14.420315742492676,28.366111755371094,54.049259185791016,12.343454360961914,15.565787315368652,280.5227127217909
2022-09-22,16.384796142578125,50.57954406738281,19.1557559967041,14.75131607055664,28.211454391479492,55.65654373168945,12.438709259033203,15.850200653076172,280.6651845971281
2022-09-23,15.358824729919434,49.53211975097656,18.77754783630371,14.463484764099121,27.811161041259766,55.22907257080078,12.200572967529297,15.654181480407715,280.80772883108125
2022-09-26,15.025382041931152,49.640472412109375,18.372804641723633,14.204436302185059,27.85135269165039,53.416595458984375,12.121193885803223,15.000804901123047,280.95034546039994
2022-09-27,15.220317840576172,48.903663635253906,18.266639709472656,14.118086814880371,27.37759780883789,52.32228088378906,12.25613784790039,14.812479972839355,281.0930345218524
2022-09-28,15.015121459960938,49.365970611572266,18.2600154876709,14.125283241271973,27.62359046936035,51.8007698059082,12.478400230407715,14.816325187683105,281.2357960522254
2022-09-29,15.03564167022705,49.43098831176758,18.532041549682617,14.233223915100098,27.459596633911133,51.13434600830078,12.391083717346191,14.735608100891113,281.37863008832437
2022-09-30,15.287003517150879,52.03870391845703,18.618310928344727,14.276396751403809,29.281734466552734,52.562625885009766,12.335516929626465,14.804794311523438,281.52153666697365
2022-10-03,16.507911682128906,53.454524993896484,19.7520751953125,15.26221752166748,30.593673706054688,55.591285705566406,12.938798904418945,15.93475341796875,281.6645158250161
2022-10-04,16.09239387512207,54.7475471496582,19.78526496887207,15.254257202148438,30.28391456604004,56.48611831665039,12.8911714553833,15.077676773071289,281.8075675993133
2022-10-05,16.69771957397461,55.592708587646484,19.78526496887207,15.419909477233887,30.67566680908203,56.79587173461914,12.795915603637695,15.319806098937988,281.9506920267456
2022-10-06,17.267133712768555,54.3430290222168,19.426748275756836,15.103015899658203,30.730335235595703,57.36374282836914,12.819730758666992,15.592689514160156,282.0938891442122
2022-10-07,17.251747131347656,54.54529571533203,19.466577529907227,14.74289608001709,30.38412094116211,55.617095947265625,12.240262985229492,15.627277374267578,282.2371589886307
2022-10-10,17.056806564331055,53.447303771972656,19.260765075683594,14.519631385803223,31.222305297851562,56.21937942504883,12.065629005432129,15.400521278381348,282.3805015969379
2022-10-11,16.92856216430664,53.086116790771484,19.127975463867188,14.483620643615723,30.88521385192871,56.60657501220703,11.898930549621582,15.031553268432617,282.52391700608894
2022-10-13,17.410768508911133,52.13983154296875,19.015111923217773,14.274754524230957,30.493446350097656,56.718421936035156,11.91480827331543,15.13532543182373,282.66740525305795
2022-10-14,17.144012451171875,50.442291259765625,19.02174949645996,14.181124687194824,29.937700271606445,55.58268356323242,11.77192497253418,15.050765037536621,282.8109663748379
2022-10-17,17.128625869750977,51.236881256103516,19.174449920654297,14.281956672668457,30.621002197265625,57.04538345336914,11.843367576599121,15.17760181427002,282.95460040844034
2022-10-18,17.549274444580078,51.980918884277344,19.64583969116211,14.389986038208008,31.486520767211914,58.14671325683594,11.82749080657959,15.35440444946289,283.0983073908958
2022-10-19,18.16998863220215,51.36690902709961,19.65248680114746,14.454808235168457,31.56852149963379,59.523372650146484,11.819554328918457,16.007776260375977,283.24208735925345
2022-10-20,18.7086238861084,52.02425765991211,19.957897186279297,14.620457649230957,31.57762336730957,58.077880859375,11.938621520996094,16.757246017456055,283.3859403505815
2022-10-21,19.349864959716797,53.548431396484375,20.621829986572266,14.930159568786621,32.06960678100586,58.63714599609375,12.152945518493652,17.17232894897461,283.52986640196673
2022-10-24,17.569795608520508,51.9592399597168,19.6856746673584,14.296355247497559,31.81450843811035,58.292991638183594,12.049753189086914,15.450484275817871,283.673865550515
2022-10-25,17.2004451751709,51.9592399597168,19.526330947875977,14.20993423461914,31.932933807373047,56.60657501220703,11.835429191589355,15.185286521911621,283.8179378333508
2022-10-26,16.779796600341797,53.115013122558594,19.108055114746094,13.590545654296875,34.60238265991211,54.53297805786133,11.986249923706055,14.647212982177734,283.96208328761765
2022-10-27,16.90804100036621,51.22243881225586,19.459943771362305,13.842617988586426,35.37678146362305,57.243282318115234,12.351393699645996,14.831695556640625,284.1063019504778
2022-10-28,16.707977294921875,48.72307205200195,19.612651824951172,13.921850204467773,35.048797607421875,57.65626907348633,12.518091201782227,14.920092582702637,284.2505938591124
2022-10-31,15.292134284973145,48.49192810058594,20.183631896972656,14.303566932678223,36.69782638549805,60.69353103637695,12.700661659240723,14.22828197479248,284.3949590507216
2022-11-01,15.317784309387207,49.96553421020508,20.23522186279297,14.382786750793457,35.90519714355469,60.72794723510742,12.533965110778809,14.566499710083008,284.5393975625243
2022-11-03,15.363950729370117,48.506370544433594,20.08907127380371,14.136916160583496,36.624935150146484,62.27669143676758,12.716537475585938,14.870129585266113,284.68390943175837
2022-11-04,14.517521858215332,52.19039535522461,20.162147521972656,13.985526084899902,37.17157745361328,63.29198455810547,13.057868957519531,15.089203834533691,284.8284946956806
2022-11-07,13.927592277526855,51.91590118408203,19.703763961791992,13.524150848388672,37.26268768310547,61.33024215698242,12.98642635345459,14.56265926361084,284.97315339156665
2022-11-08,14.030187606811523,53.49064636230469,19.64396858215332,13.394386291503906,37.17157745361328,61.37324523925781,13.288067817687988,14.631834983825684,285.1178855567112
2022-11-09,13.79934310913086,52.84052276611328,18.700632095336914,11.065868377685547,36.98936462402344,60.43539810180664,13.081680297851562,14.24365520477295,285.26269122842774
2022-11-10,13.399214744567871,53.8518180847168,18.348552703857422,10.741458892822266,35.741207122802734,55.875221252441406,12.692724227905273,13.963086128234863,285.4075704440489
2022-11-11,13.84550952911377,59.45010757446289,17.757301330566406,10.921686172485352,36.43361282348633,55.341773986816406,12.772102355957031,13.65177059173584,285.552523240926
2022-11-14,14.209733009338379,60.179683685302734,17.70414924621582,10.928893089294434,37.044036865234375,56.26240539550781,12.660970687866211,13.989989280700684,285.6975496564296
2022-11-16,13.927592277526855,59.55122756958008,17.45171356201172,10.964941024780273,35.26744842529297,52.13241958618164,12.25613784790039,13.54799747467041,285.84264972794915
2022-11-17,13.932720184326172,60.02798843383789,17.558008193969727,11.202836036682129,36.03274154663086,51.95174789428711,12.224386215209961,13.259744644165039,285.98782349289297
2022-11-18,13.696745872497559,58.38822937011719,17.6975040435791,11.253300666809082,35.78675842285156,51.8140754699707,12.39902114868164,13.213623046875,286.13307098868853
2022-11-21,13.737788200378418,57.73088073730469,17.750654220581055,11.174004554748535,35.978084564208984,53.01865005493164,12.438709259033203,13.528782844543457,286.2783922527823
2022-11-22,12.804073333740234,57.889808654785156,17.458351135253906,11.130745887756348,35.4405517578125,52.158241271972656,12.430770874023438,13.389025688171387,286.4237873226396
2022-11-23,12.8644437789917,58.460472106933594,17.278989791870117,11.051444053649902,35.47700119018555,51.09993362426758,12.478400230407715,13.554224014282227,286.56925623574506
2022-11-24,13.308992385864258,58.83608627319336,17.89680290222168,11.27492904663086,36.22406768798828,52.82936477661133,12.732414245605469,13.774491310119629,286.7147990296021
2022-11-25,13.094948768615723,58.438804626464844,17.265703201293945,11.065868377685547,35.622772216796875,50.29973602294922,12.518091201782227,13.455891609191895,286.8604157417332
2022-11-28,13.369363784790039,58.72774124145508,16.953475952148438,11.051444053649902,34.16505432128906,50.37718200683594,12.629220008850098,13.699758529663086,287.0061064096801
2022-11-29,13.92916202545166,60.99595260620117,17.099624633789062,11.181212425231934,34.35638427734375,51.98614501953125,12.510151863098145,13.864953994750977,287.1518710710035
2022-11-30,14.631659507751465,61.913333892822266,17.272340774536133,11.231678009033203,35.53165054321289,51.710819244384766,12.63715934753418,13.876760482788086,287.297709763283
2022-12-01,14.044417381286621,62.25285720825195,17.270788192749023,11.101909637451172,34.90302658081055,49.9383659362793,12.764164924621582,13.8610258102417,287.4436225241176
2022-12-02,14.220041275024414,62.70071792602539,17.50345802307129,11.0939302444458,35.22188949584961,50.65251922607422,12.96261215209961,14.171754837036133,287.5896093911252
2022-12-05,14.060882568359375,62.63569641113281,16.9915771484375,10.68250846862793,34.25616455078125,48.467063903808594,12.716537475585938,13.845290184020996,287.73567040194274
2022-12-06,14.071858406066895,63.54588317871094,17.3837947845459,10.935136795043945,34.35638427734375,48.26057052612305,12.740351676940918,13.986891746520996,287.8818055942265
2022-12-07,13.912700653076172,61.28489685058594,17.25748634338379,10.812433242797852,33.94639587402344,48.019649505615234,12.700661659240723,13.955422401428223,288.0280150056517
2022-12-08,13.599867820739746,62.03615188598633,16.65254020690918,10.502058982849121,33.89173889160156,46.17837142944336,12.462525367736816,13.778421401977539,288.1742986739128
2022-12-09,13.561450958251953,64.10208129882812,16.494041442871094,10.321616172790527,33.80064392089844,45.438411712646484,12.311704635620117,13.758755683898926,288.3206566367233
2022-12-12,13.122391700744629,62.187843322753906,16.33811378479004,10.206130981445312,32.86223220825195,44.32847213745117,12.097379684448242,13.290694236755371,288.46708893181597
2022-12-13,12.79858684539795,62.45024108886719,15.721195220947266,9.902973175048828,32.60712814331055,42.5560302734375,12.129132270812988,12.661029815673828,288.6135955969427
2022-12-14,11.7832612991333,62.97935104370117,15.788982391357422,10.112293243408203,33.76419448852539,43.20994567871094,12.010062217712402,12.347084045410156,288.76017666987445
2022-12-15,12.096091270446777,63.18228530883789,15.87712287902832,9.989590644836426,33.78240966796875,43.295989990234375,11.906869888305664,12.696792602539062,288.90683218840155
2022-12-16,12.101578712463379,62.1023063659668,16.05337905883789,9.975152969360352,34.1195068359375,42.76252746582031,11.787802696228027,12.955102920532227,289.0535621903334
2022-12-19,12.282692909240723,61.877628326416016,16.534711837768555,10.249433517456055,34.780399322509766,44.49195861816406,12.089441299438477,13.09419059753418,289.2003667134986
2022-12-20,12.66137981414795,62.15305709838867,16.710973739624023,10.617547988891602,35.06325149536133,46.462303161621094,12.13314437866211,13.431976318359375,289.34724579574504
2022-12-21,12.935789108276367,62.50821304321289,16.77876853942871,10.704164505004883,35.03586959838867,45.730953216552734,11.991090774536133,13.55914306640625,289.4941994749398
2022-12-22,13.166296005249023,62.15305709838867,16.812660217285156,10.740251541137695,35.528568267822266,46.001983642578125,12.049583435058594,13.682337760925293,289.64122778896916
2022-12-23,13.786469459533691,62.56620788574219,17.077051162719727,10.927919387817383,35.127105712890625,48.516700744628906,12.216706275939941,14.020123481750488,289.7883307757386
2022-12-26,13.687681198120117,63.13881301879883,16.738086700439453,10.668075561523438,34.84426498413086,47.189979553222656,12.13314437866211,14.000251770019531,289.935508473173
2022-12-27,13.78098201751709,64.64643096923828,16.643173217773438,10.617547988891602,34.68003845214844,45.4296760559082,12.13314437866211,13.53530216217041,290.08276091921635
2022-12-28,13.610846519470215,64.50145721435547,16.982135772705078,10.942355155944824,35.30958557128906,47.07725524902344,12.158212661743164,13.777710914611816,290.230088151832
2022-12-29,13.446199417114258,64.42172241210938,16.9482479095459,10.935136795043945,35.136234283447266,46.13206481933594,12.13314437866211,13.801552772521973,290.3774902090026
2023-01-02,12.579055786132812,64.79864501953125,16.614234924316406,10.646417617797852,34.76214599609375,44.44113540649414,11.857392311096191,13.217381477355957,290.5249671287299
2023-01-03,12.260738372802734,64.68267059326172,16.26824188232422,10.118071556091309,33.8953857421875,43.34852600097656,11.840679168701172,12.970998764038086,290.67251894903524
2023-01-04,12.650402069091797,64.79864501953125,16.31572723388672,10.146979331970215,34.12348175048828,43.86014938354492,11.9075288772583,13.137906074523926,290.8201457079591
2023-01-05,13.105927467346191,65.88585662841797,16.824539184570312,10.58784008026123,34.196468353271484,44.22434997558594,11.940953254699707,13.737972259521484,290.96784744356125
2023-01-06,13.029092788696289,66.92960357666016,17.11625099182129,10.884153366088867,34.69828414916992,45.06547927856445,11.966021537780762,13.92872142791748,291.1156241939209
2023-01-09,13.10044002532959,67.00209045410156,17.238367080688477,11.021278381347656,34.59791946411133,45.01344299316406,12.03287124633789,13.793603897094727,291.26347599713654
2023-01-10,13.221181869506836,67.82837677001953,17.570783615112305,11.352069854736328,34.26032638549805,46.461578369140625,12.149858474731445,14.028070449829102,291.41140289132596
2023-01-11,13.325457572937012,67.58917999267578,17.876068115234375,11.577604293823242,35.21834182739258,47.710262298583984,11.940953254699707,14.226770401000977,291.5594049146264
2023-01-12,13.517546653747559,67.94434356689453,17.62506103515625,11.306960105895996,35.136234283447266,47.285362243652344,11.782186508178711,14.135368347167969,291.70748210519446
2023-01-13,13.48461627960205,68.0023193359375,17.536865234375,11.26937198638916,35.555938720703125,46.57431411743164,11.59835147857666,14.167158126831055,291.85563450120605
2023-01-16,13.19373893737793,66.86437225341797,17.346914291381836,10.923550605773926,34.388065338134766,46.60898971557617,11.030132293701172,14.151262283325195,292.0038621408565
2023-01-17,14.005997657775879,66.77738952636719,17.70646095275879,10.998724937438965,34.953758239746094,48.20453643798828,11.58163833618164,14.981821060180664,292.1521650623606
2023-01-18,13.759029388427734,67.6544189453125,18.025327682495117,11.16412353515625,34.66179275512695,50.25099563598633,11.514789581298828,15.196414947509766,292.30054330395245
2023-01-19,14.209064483642578,67.94434356689453,18.025327682495117,11.186673164367676,34.58879852294922,49.349159240722656,11.39780330657959,15.54215145111084,292.44899690388564
2023-01-20,14.472500801086426,68.12554931640625,17.70646095275879,11.028800010681152,34.059608459472656,47.86635208129883,11.30588436126709,15.923648834228516,292.5975259004332
2023-01-23,14.703004837036133,68.3502426147461,17.163742065429688,10.5626859664917,34.09610366821289,48.84623336791992,11.213967323303223,15.804428100585938,292.7461303318875
2023-01-24,14.598731994628906,69.0750503540039,17.31977653503418,10.675451278686523,33.95011901855469,50.49380111694336,11.372734069824219,15.724950790405273,292.89481023656043
2023-01-25,14.785329818725586,69.72737884521484,17.380834579467773,10.600276947021484,35.327842712402344,51.32625198364258,11.45629596710205,16.154138565063477,293.0435656527834
2023-01-26,14.406641006469727,71.03206634521484,17.279071807861328,10.630349159240723,34.86252212524414,51.412967681884766,11.481364250183105,16.146194458007812,293.19239661890714
2023-01-27,14.060882568359375,69.08956146240234,16.912731170654297,10.314591407775879,34.58879852294922,51.02275085449219,11.406158447265625,15.967358589172363,293.341303173302
2023-01-30,14.132229804992676,68.8431167602539,16.919509887695312,10.36722469329834,34.07785415649414,50.727928161621094,11.30588436126709,16.217723846435547,293.49028535435764
2023-01-31,14.307853698730469,68.50244903564453,17.184093475341797,10.54013442993164,34.889892578125,51.343597412109375,11.414515495300293,16.174007415771484,293.6393432004834
2023-02-01,14.110275268554688,67.74140930175781,16.958473205566406,10.337146759033203,35.02674865722656,50.75394058227539,11.013420104980469,15.979283332824707,293.78847675010803
2023-02-02,13.45718002319336,64.61018371582031,17.114614486694336,10.4944486618042,34.7074089050293,52.15871810913086,10.954927444458008,15.677265167236328,293.9376860416799
2023-02-03,13.605356216430664,64.47245788574219,17.053510665893555,10.261068344116211,34.58879852294922,50.23365783691406,10.846295356750488,15.577914237976074,294.0869711136668
2023-02-06,14.148693084716797,63.66792678833008,17.060302734375,10.223428726196289,34.27858352661133,50.129600524902344,10.879720687866211,15.665339469909668,294.23633200455595
2023-02-07,14.060882568359375,64.08831787109375,16.66654396057129,10.163202285766602,34.36982345581055,49.678688049316406,10.829584121704102,15.450750350952148,294.3857687528544
2023-02-08,14.296878814697266,64.3057632446289,18.044675827026367,10.660070419311523,34.36069869995117,50.77128219604492,11.021775245666504,15.816347122192383,294.5352813970886
2023-02-09,14.231016159057617,64.06657409667969,17.596620559692383,10.389055252075195,34.652671813964844,49.141048431396484,10.879720687866211,15.73289966583252,294.6848699758046
2023-02-10,14.664590835571289,62.91411209106445,17.51515007019043,9.53835391998291,35.21834182739258,49.262447357177734,10.746021270751953,16.042869567871094,294.8345345275679
2023-02-13,14.708495140075684,62.848876953125,18.132932662963867,9.877128601074219,35.200103759765625,49.08035659790039,10.971639633178711,16.13426971435547,294.98427509096376
2023-02-14,14.65361213684082,63.13155746459961,17.908903121948242,9.9674654006958,34.99937438964844,48.0918083190918,10.863008499145508,16.51179313659668,295.1340917045969
2023-02-15,14.675561904907227,64.50869750976562,18.173664093017578,10.358936309814453,35.473819732666016,49.097694396972656,11.055201530456543,16.662803649902344,295.2839844070919
2023-02-16,14.735937118530273,64.64643096923828,18.309444427490234,10.55467414855957,35.382572174072266,50.372398376464844,10.929859161376953,16.84958267211914,295.43395323709257
2023-02-17,14.510917663574219,63.805633544921875,18.248340606689453,10.4944486618042,36.148983001708984,50.025535583496094,11.030132293701172,17.016483306884766,295.5839982332626
2023-02-22,14.13771915435791,63.32001495361328,17.908903121948242,10.389055252075195,35.23714065551758,48.16117858886719,11.038488388061523,16.595245361328125,295.73411943428533
2023-02-23,14.571288108825684,63.02284622192383,17.97679328918457,10.343879699707031,36.00795364379883,47.97908020019531,11.071911811828613,16.730361938476562,295.8843168788636
2023-02-24,14.214552879333496,61.63843536376953,17.42689323425293,10.012638092041016,35.65925216674805,47.69291687011719,11.13040542602539,16.40886688232422,296.03459060572004
2023-02-27,14.351758003234863,61.63843536376953,17.20286750793457,9.914766311645508,35.60419845581055,47.53683853149414,11.19725513458252,16.185916900634766,296.18494065359687
2023-02-28,13.852325439453125,61.84138488769531,17.263967514038086,9.847012519836426,35.934539794921875,48.117828369140625,11.188899040222168,16.33589744567871,296.335367061256
2023-03-01,13.885257720947266,64.65367889404297,16.983840942382812,9.771728515625,36.13642501831055,46.23612594604492,11.25574779510498,15.80893611907959,296.4858698674791
2023-03-02,13.523032188415527,64.50869750976562,16.4267635345459,9.642762184143066,35.934539794921875,46.08002853393555,10.971639633178711,15.172528266906738,296.6364491110674
2023-03-03,14.104787826538086,64.72615814208984,16.4471435546875,9.695537567138672,35.640899658203125,45.9152717590332,10.954927444458008,15.342774391174316,296.78710483084194
2023-03-06,14.247480392456055,62.44297409057617,16.820783615112305,10.019728660583496,36.182315826416016,46.25346374511719,11.280816078186035,15.691384315490723,296.9378370656434
2023-03-07,13.775493621826172,61.848636627197266,16.868343353271484,10.253446578979492,36.329132080078125,46.31415939331055,11.22232437133789,16.052152633666992,297.08864585433236
2023-03-08,13.951118469238281,62.41399383544922,17.078947067260742,10.570097923278809,36.852169036865234,48.560062408447266,11.38109016418457,16.21429443359375,297.23953123578883
2023-03-09,13.8907470703125,61.59494400024414,16.752851486206055,10.532404899597168,36.576881408691406,48.52538299560547,11.364378929138184,15.861637115478516,297.3904932489129
2023-03-10,13.709635734558105,61.39198303222656,16.352031707763672,10.230828285217285,36.28324890136719,47.61487579345703,11.28917407989502,15.561665534973145,297.5415319326242
2023-03-13,13.276065826416016,61.645687103271484,16.155017852783203,10.117741584777832,36.512657165527344,47.46745681762695,11.372734069824219,15.464384078979492,297.69264732586214
2023-03-14,13.040068626403809,62.2069091796875,16.100675582885742,10.057426452636719,36.943939208984375,45.53373336791992,11.656843185424805,15.346565246582031,297.843839467586
2023-03-15,12.809561729431152,60.332828521728516,16.05990982055664,10.20067024230957,36.76959228515625,45.87191390991211,11.715336799621582,15.362930297851562,297.9951083967748
2023-03-16,12.765653610229492,60.5550537109375,16.324857711791992,10.487165451049805,36.98063659667969,48.377960205078125,11.915885925292969,15.526586532592773,298.1464541524274
2023-03-17,12.902861595153809,61.28097915649414,15.856109619140625,10.04988956451416,36.586063385009766,46.600318908691406,11.882460594177246,15.260644912719727,298.29787677356234
2023-03-20,12.584543228149414,61.78468322753906,15.896862983703613,9.876479148864746,36.47876739501953,46.010658264160156,11.798897743225098,15.174734115600586,298.44937629921805
2023-03-21,12.842491149902344,61.266170501708984,16.222959518432617,9.906637191772461,36.71767807006836,45.152183532714844,11.656843185424805,15.35474967956543,298.6009527684529
2023-03-22,12.804073333740234,60.503204345703125,16.12784767150879,9.816167831420898,36.31336975097656,45.091495513916016,11.656843185424805,15.391570091247559,298.75260622034494
2023-03-23,12.513195037841797,58.947669982910156,15.727030754089355,9.476900100708008,36.65335464477539,43.40923309326172,11.514789581298828,15.223827362060547,298.90433669399215
2023-03-24,12.507707595825195,58.273597717285156,15.955162048339844,9.582449913024902,37.22304153442383,44.4758186340332,11.606707572937012,15.379301071166992,299.05614422851227
2023-03-27,12.72175121307373,58.177310943603516,16.230005264282227,9.755855560302734,37.84787368774414,44.978763580322266,11.640130996704102,15.387480735778809,299.20802886304307
2023-03-28,12.946770668029785,58.79210662841797,16.305591583251953,9.740777969360352,38.01325988769531,46.348854064941406,12.191638946533203,15.493854522705078,299.35999063674205
2023-03-29,13.11690616607666,59.63655471801758,16.4636287689209,9.793548583984375,38.344058990478516,46.430301666259766,12.375473976135254,15.673873901367188,299.5120295887866
2023-03-30,13.15532112121582,60.60691833496094,16.917137145996094,10.087584495544434,38.463504791259766,48.09102249145508,12.383830070495605,15.960267066955566,299.66414575837416
2023-03-31,12.869933128356934,59.47359085083008,16.99959373474121,9.929258346557617,37.259796142578125,46.6750373840332,11.974376678466797,16.001182556152344,299.8163391847219
2023-04-03,13.440710067749023,59.48839569091797,16.523517608642578,9.680460929870605,36.37770080566406,45.53875732421875,11.974376678466797,15.812978744506836,299.9686099070671
2023-04-04,13.319971084594727,57.80693054199219,16.853580474853516,9.898625373840332,36.414459228515625,46.49148178100586,12.057939529418945,16.074825286865234,300.1209579646667
2023-04-05,13.363874435424805,56.9550895690918,16.839824676513672,9.98167896270752,35.6058464050293,46.15934371948242,12.03287124633789,16.017545700073242,300.2733833967978
2023-04-06,13.171785354614258,56.85138702392578,16.784814834594727,9.838221549987793,35.477210998535156,45.661128997802734,12.057939529418945,15.964357376098633,300.4258862427574
2023-04-10,13.451685905456543,57.94766616821289,16.963592529296875,9.951478004455566,35.27506637573242,45.477569580078125,12.0830078125,15.972538948059082,300.5784665418623
2023-04-11,14.082836151123047,61.00691604614258,17.513689041137695,10.472456932067871,35.918270111083984,49.64686965942383,12.350404739379883,16.340761184692383,300.7311243334496
2023-04-12,14.187110900878906,59.703208923339844,17.63058853149414,10.41960620880127,36.51552963256836,50.25870895385742,12.333691596984863,17.478151321411133,300.8838596568761
2023-04-13,14.285897254943848,58.89582061767578,17.63058853149414,10.427156448364258,36.17554473876953,50.65203094482422,12.191638946533203,17.469968795776367,301.0366725515186
2023-04-14,14.434080123901367,58.37730026245117,17.885005950927734,10.412053108215332,35.61503601074219,50.1975212097168,12.241774559020996,17.768630981445312,301.1895630567741
2023-04-17,14.659099578857422,57.681007385253906,17.850627899169922,10.366752624511719,36.27661895751953,50.59085464477539,12.325336456298828,17.809547424316406,301.3425312120594
2023-04-18,15.032301902770996,58.177310943603516,17.836875915527344,10.298799514770508,36.083656311035156,49.708045959472656,12.22506332397461,17.84227752685547,301.4955770568114
2023-04-19,14.549336433410645,56.48102569580078,17.554946899414062,10.110039710998535,35.936641693115234,47.94243240356445,12.183281898498535,17.633615493774414,301.648700630487
2023-04-20,14.648126602172852,55.30325698852539,17.603086471557617,10.200642585754395,36.98413848876953,49.402122497558594,12.199994087219238,17.801368713378906,301.80190197256326
2023-04-24,14.928024291992188,53.30327224731445,17.444931030273438,10.117585182189941,37.07603073120117,49.384639739990234,11.982734680175781,17.76453971862793,301.95518112253706
2023-04-25,14.867652893066406,51.8514289855957,17.603086471557617,10.344100952148438,37.250614166259766,49.12242126464844,11.940953254699707,17.60089111328125,302.1085381199256
2023-04-26,14.681056022644043,52.05142593383789,17.424301147460938,10.193092346191406,36.855506896972656,49.4720458984375,11.874104499816895,17.45769500732422,302.26197300426594
2023-04-27,14.324318885803223,53.155128479003906,17.733728408813477,10.389397621154785,37.07603073120117,50.381072998046875,11.832324028015137,17.478151321411133,302.41548581511535
2023-04-28,14.652077674865723,53.629188537597656,17.823116302490234,10.457356452941895,37.783546447753906,50.70447540283203,11.832324028015137,17.535430908203125,302.56907659205115
2023-05-02,14.05858039855957,51.51068878173828,17.133407592773438,10.30634880065918,37.507896423339844,48.97382736206055,11.915885925292969,17.118112564086914,302.7227453746707
2023-05-03,14.00912094116211,51.110694885253906,17.105897903442383,10.396276473999023,36.662540435791016,49.515743255615234,12.183281898498535,17.064926147460938,302.87649220259163
2023-05-04,14.231684684753418,49.5255241394043,17.243513107299805,10.638229370117188,36.11122131347656,50.34611129760742,12.22506332397461,17.257217407226562,303.0303171154515
2023-05-05,14.837549209594727,51.140323638916016,17.8834285736084,11.167491912841797,36.037715911865234,51.00165939331055,12.108077049255371,17.694990158081055,303.1842201529081
2023-05-08,15.152847290039062,51.82920837402344,18.13115119934082,11.583345413208008,36.01933670043945,50.853065490722656,12.124789237976074,17.62543296813965,303.3382013546394
2023-05-09,15.202305793762207,52.36254119873047,18.241241455078125,11.469929695129395,36.625789642333984,51.50861740112305,12.116433143615723,17.572246551513672,303.49226076034336
2023-05-10,15.165213584899902,51.377357482910156,18.509592056274414,11.4926176071167,36.15716552734375,52.487571716308594,12.03287124633789,17.801368713378906,303.64639840973837
2023-05-11,15.721624374389648,50.37736892700195,18.688499450683594,11.64383316040039,36.129600524902344,54.05214309692383,12.116433143615723,18.165491104125977,303.8006143425627
2023-05-12,16.22857093811035,50.42921447753906,18.516475677490234,11.696762084960938,35.752872467041016,53.78118896484375,12.074651718139648,18.095935821533203,303.954908598575
2023-05-15,15.863816261291504,51.15513610839844,18.58527946472168,11.87822151184082,36.42363739013672,53.54518508911133,12.216706275939941,18.18185806274414,304.10928121755404
2023-05-16,16.259479522705078,50.103294372558594,18.523353576660156,11.885784149169922,36.47876739501953,53.431556701660156,12.199994087219238,17.658164978027344,304.26373223929886
2023-05-17,15.863816261291504,51.762542724609375,18.70914077758789,11.832855224609375,36.25825119018555,54.4105110168457,12.166569709777832,17.68680763244629,304.41826170362856
2023-05-18,15.956550598144531,51.83661651611328,18.64032554626465,11.870662689208984,36.11122131347656,55.01361083984375,12.158212661743164,17.67453384399414,304.5728696503826
2023-05-19,15.931819915771484,51.26625061035156,18.488948822021484,12.157976150512695,36.873878479003906,55.337013244628906,12.183281898498535,18.018207550048828,304.7275561194206
2023-05-22,15.839085578918457,50.44403076171875,18.138023376464844,12.037003517150879,37.08522033691406,55.337013244628906,12.216706275939941,17.780912399291992,304.88232115062254
2023-05-23,16.22857093811035,49.30329513549805,18.282533645629883,12.135294914245605,36.95657730102539,55.06605529785156,12.191638946533203,18.198225021362305,305.03716478388856
2023-05-24,16.47586441040039,48.184791564941406,18.17931365966797,11.764811515808105,36.58903503417969,54.78635787963867,12.250130653381348,18.25141143798828,305.19208705913894
2023-05-25,16.352218627929688,48.036643981933594,18.750425338745117,12.188216209411621,35.87232208251953,55.8876838684082,12.316981315612793,18.27186393737793,305.34708801631456
2023-05-26,16.5685977935791,49.132930755615234,18.60592269897461,12.188216209411621,36.304176330566406,56.1498908996582,12.333691596984863,18.165491104125977,305.50216769537633
2023-05-29,16.500595092773438,48.762569427490234,18.523353576660156,12.20334243774414,35.72530746459961,56.14116287231445,12.333691596984863,18.132762908935547,305.65732613630547
2023-05-30,16.31512451171875,47.61442565917969,18.26188087463379,11.870662689208984,35.22911834716797,55.249610900878906,12.099720001220703,18.288230895996094,305.81256337910355
2023-05-31,16.148202896118164,47.26628494262695,18.117389678955078,11.727004051208496,34.558353424072266,54.226959228515625,12.041227340698242,18.25550079345703,305.96787946379254
2023-06-01,16.667518615722656,48.266273498535156,18.384300231933594,11.931148529052734,34.17243194580078,57.27743148803711,11.899171829223633,18.30459976196289,306.12327443041465
2023-06-02,16.80352783203125,50.32551956176758,18.652828216552734,11.945486068725586,34.61348342895508,57.81937026977539,12.0830078125,18.628293991088867,306.27874831903233
2023-06-05,16.98281478881836,49.910701751708984,18.69414520263672,12.361834526062012,34.57673263549805,58.11654281616211,12.041227340698242,18.744876861572266,306.43430116972866
2023-06-06,17.341388702392578,50.07365798950195,18.82497215270996,12.558660507202148,35.1004753112793,59.26156997680664,12.383830070495605,18.961389541625977,306.5899330226067
2023-06-07,17.84833526611328,50.86624526977539,18.880056381225586,12.551087379455566,35.05453109741211,59.043052673339844,12.40889835357666,18.95305824279785,306.74564391779023
2023-06-09,18.72004508972168,50.63662338256836,19.141708374023438,12.76304817199707,34.73292922973633,59.59371566772461,12.651227951049805,19.877397537231445,306.9014338954232
2023-06-12,19.047704696655273,49.718116760253906,18.935131072998047,12.657071113586426,34.68698501586914,58.76335525512695,12.667938232421875,20.597715377807617,307.05730299567006
2023-06-13,19.010540008544922,50.2440299987793,19.148590087890625,12.672209739685059,34.31945037841797,57.530921936035156,12.759857177734375,20.383325576782227,307.2132512587155
2023-06-14,19.827346801757812,51.12550735473633,19.41023826599121,12.755478858947754,34.79725646972656,58.63224411010742,12.8099946975708,20.48394775390625,307.36927872476485
2023-06-15,19.359655380249023,51.52550506591797,19.66500473022461,12.793330192565918,34.76968765258789,58.24766159057617,12.69300651550293,20.903181076049805,307.5253854340436
2023-06-16,19.524333953857422,51.60698318481445,19.726966857910156,12.831181526184082,34.77888107299805,56.88410949707031,12.592733383178711,20.748062133789062,307.68157142679786
2023-06-19,20.03813362121582,51.406982421875,19.99550437927246,13.058282852172852,34.61348342895508,59.10422897338867,12.626157760620117,21.133760452270508,307.8378367432941
2023-06-20,20.136943817138672,50.08106994628906,19.98598861694336,13.088561058044434,33.951900482177734,58.623497009277344,12.651227951049805,21.12957191467285,307.99418142381927
2023-06-21,20.980100631713867,49.577369689941406,20.180559158325195,13.058282852172852,33.49247741699219,58.894466400146484,12.768214225769043,21.796157836914062,308.1506055086808
2023-06-22,20.716611862182617,49.31070327758789,19.98598861694336,12.71762752532959,33.446529388427734,59.305274963378906,12.993828773498535,21.38111114501953,308.3071090382066
2023-06-23,19.86686897277832,48.814414978027344,19.92344093322754,12.558660507202148,33.63029479980469,58.999351501464844,12.943693161010742,21.38949966430664,308.46369205274493
2023-06-26,20.31479835510254,48.91811752319336,19.895647048950195,12.498102188110352,33.49988555908203,58.999351501464844,12.818350791931152,21.43980598449707,308.6203545926647
2023-06-27,20.156702041625977,49.50330352783203,19.67327117919922,12.541428565979004,33.591922760009766,58.18647003173828,12.851775169372559,21.045724868774414,308.77709669835525
2023-06-28,20.347732543945312,47.94034957885742,19.56209373474121,12.334579467773438,33.665550231933594,57.99416732788086,12.7180757522583,20.789987564086914,308.9339184102264
2023-06-29,20.439952850341797,48.52553176879883,19.79836082458496,12.38820743560791,33.90482711791992,59.69859313964844,12.7180757522583,20.982837677001953,309.0908197687086
2023-06-30,19.451875686645508,47.56998062133789,19.749710083007812,12.60272216796875,34.74232864379883,59.873409271240234,12.876842498779297,20.71033477783203,309.24780081425274
2023-07-03,19.814170837402344,49.05886459350586,20.13747787475586,12.76360034942627,34.687103271484375,60.733001708984375,12.876842498779297,21.125377655029297,309.4048615873303
2023-07-04,19.860279083251953,48.814414978027344,20.012311935424805,12.6860933303833,34.22694396972656,60.57485580444336,12.651227951049805,20.991220474243164,309.5620021284333
2023-07-05,19.833934783935547,48.38479232788086,20.1861572265625,12.709105491638184,34.512245178222656,61.39189910888672,12.70971965789795,20.852872848510742,309.71922247807424
2023-07-06,19.53092384338379,48.036643981933594,19.88715362548828,12.402304649353027,33.95085144042969,60.83843994140625,12.39218521118164,20.546829223632812,309.8765226767864
2023-07-07,19.43211555480957,48.488487243652344,20.262645721435547,12.486673355102539,34.05207824707031,61.620323181152344,12.40889835357666,20.94510841369629,310.0339027651235
2023-07-10,19.465051651000977,47.74775314331055,20.130517959594727,12.494348526000977,33.39864730834961,61.26012420654297,12.542596817016602,20.55940818786621,310.1913627836598
2023-07-11,19.201562881469727,49.318115234375,19.775890350341797,12.502016067504883,33.08573913574219,61.03170394897461,12.22506332397461,20.26594352722168,310.3489027729904
2023-07-12,19.214738845825195,49.666263580322266,19.657684326171875,12.386967658996582,33.186973571777344,61.67304229736328,12.275199890136719,19.93893814086914,310.5065227737308
2023-07-13,19.517749786376953,50.82181167602539,19.873239517211914,12.693760871887207,33.186973571777344,61.602745056152344,12.333691596984863,20.127588272094727,310.6642228265171
2023-07-14,19.135692596435547,50.82181167602539,19.66463851928711,12.601723670959473,33.13175582885742,60.161956787109375,12.316981315612793,19.993436813354492,310.82200297200626
2023-07-17,19.096168518066406,50.25885009765625,20.047080993652344,12.732110023498535,32.48752212524414,60.95262908935547,12.383830070495605,20.169519424438477,310.9798632508757
2023-07-18,18.99077796936035,49.94032669067383,19.657684326171875,12.709105491638184,33.076534271240234,60.82964324951172,12.2584867477417,20.236595153808594,311.1378037038236
2023-07-19,19.16863250732422,49.8069953918457,19.449068069458008,12.6630859375,34.88957977294922,61.02291488647461,12.22506332397461,19.88443374633789,311.29582437156864
2023-07-20,19.188390731811523,49.91810989379883,19.81066131591797,12.670751571655273,35.11965560913086,61.47976303100586,12.467391014099121,20.10243797302246,311.4539252948505
2023-07-21,19.55068588256836,50.22181701660156,20.16529083251953,13.084927558898926,35.79149627685547,61.787235260009766,12.78492546081543,20.341402053833008,311.61210651442923
2023-07-24,19.959087371826172,51.74032211303711,19.845430374145508,12.732110023498535,38.37364196777344,61.10198974609375,12.634513854980469,19.943126678466797,311.7703680710858
2023-07-25,20.420190811157227,53.34030532836914,19.88715362548828,12.6860933303833,37.41291427612305,59.880828857421875,12.559308052062988,19.83832359313965,311.9287100056217
2023-07-26,20.420190811157227,53.155128479003906,19.998409271240234,12.816482543945312,37.39443588256836,59.78418731689453,12.517526626586914,20.006013870239258,312.0871323588594
2023-07-27,19.359655380249023,52.162532806396484,19.55337905883789,12.525022506713867,37.27433776855469,58.1149787902832,12.283555030822754,19.59516143798828,312.24563517164177
2023-07-28,19.603382110595703,50.09588623046875,19.845430374145508,12.6630859375,37.24663162231445,58.6333122253418,12.500816345214844,19.821548461914062,312.40421848483277
2023-07-31,20.492647171020508,51.22921371459961,19.914968490600586,12.778130531311035,36.87712097167969,59.05501174926758,12.417254447937012,20.20305633544922,312.56288233931684
2023-08-01,20.156702041625977,50.518104553222656,19.975942611694336,12.747454643249512,36.821693420410156,59.300994873046875,12.517526626586914,19.85508918762207,312.7216267759993
2023-08-02,20.110593795776367,49.69588088989258,19.913326263427734,12.800393104553223,36.97873306274414,59.432769775390625,12.576022148132324,19.943126678466797,312.8804518358063
2023-08-03,20.367494583129883,50.00700759887695,19.760255813598633,12.708244323730469,37.34825134277344,58.615745544433594,12.22506332397461,19.976669311523438,313.033879022973
2023-08-04,19.761474609375,50.044029235839844,19.39844512939453,11.8635892868042,37.73624038696289,58.87929916381836,12.291912078857422,19.871858596801758,313.18738144622955
2023-08-07,19.886629104614258,50.29588317871094,19.245370864868164,11.779125213623047,37.81012725830078,58.32582092285156,12.266843795776367,19.83832359313965,313.34095914246933
2023-08-08,19.90639305114746,49.96996307373047,19.203628540039062,11.832876205444336,37.56071472167969,58.308250427246094,12.116433143615723,19.699974060058594,313.49461214860406
2023-08-09,20.064483642578125,49.51810836791992,19.134048461914062,11.771445274353027,37.67156982421875,58.17647171020508,12.016159057617188,19.59096908569336,313.6483405015634
2023-08-10,20.176464080810547,48.93292999267578,19.196664810180664,11.871268272399902,37.172725677490234,58.46639633178711,12.00780200958252,19.691585540771484,313.80214423829517
2023-08-11,20.130353927612305,48.52553176879883,19.231464385986328,11.802162170410156,36.76626205444336,58.51910400390625,11.999445915222168,19.905397415161133,313.9560233957653
2023-08-14,20.18305206298828,47.234764099121094,18.95314598083496,11.740731239318848,36.31361770629883,56.463340759277344,11.974376678466797,19.708354949951172,314.10997801095795
2023-08-15,20.327970504760742,46.7692756652832,18.84877586364746,11.771445274353027,36.35057067871094,57.095882415771484,11.865747451782227,19.60354995727539,314.2640081208752
2023-08-16,20.77589988708496,46.58613204956055,18.834856033325195,11.710016250610352,34.743202209472656,56.30519485473633,11.84903621673584,19.771242141723633,314.4181137625374
2023-08-17,20.710023880004883,47.24238586425781,18.612213134765625,11.587156295776367,34.09656524658203,55.12796401977539,11.882460594177246,19.955707550048828,314.5722949729832
2023-08-18,20.762725830078125,46.71586227416992,18.758325576782227,11.663945198059082,33.49610900878906,55.32123947143555,11.999445915222168,20.03536033630371,314.7265517892691
2023-08-21,20.6178035736084,46.77690505981445,18.68178939819336,11.579480171203613,33.29287338256836,54.9083366394043,11.957667350769043,19.96409034729004,314.88088424847
2023-08-22,20.93189239501953,47.75365447998047,18.974023818969727,11.656267166137695,33.690093994140625,56.84110641479492,12.049583435058594,20.46132469177246,315.03529238767896
2023-08-23,22.046524047851562,48.10466766357422,19.210582733154297,11.817521095275879,33.6716194152832,58.334617614746094,12.074651718139648,20.550899505615234,315.18977624400713
2023-08-24,22.012331008911133,47.463680267333984,18.987937927246094,11.533409118652344,33.23744201660156,57.57027816772461,11.857392311096191,20.282175064086914,315.34433585458396
2023-08-25,21.861888885498047,47.364479064941406,18.68875503540039,11.3875093460083,33.588478088378906,55.356380462646484,11.690268516540527,20.017719268798828,315.49897125655696
2023-08-28,22.108070373535156,48.04362487792969,19.32191276550293,11.756089210510254,33.82866668701172,55.224609375,11.874104499816895,20.593547821044922,315.6536824870921
2023-08-29,22.155935287475586,49.57741165161133,19.6280574798584,11.894307136535645,33.70856475830078,55.90986251831055,11.915885925292969,20.708721160888672,315.8084695833733
2023-08-30,22.306373596191406,49.585052490234375,19.252336502075195,11.640908241271973,33.53306198120117,55.7605094909668,11.84903621673584,20.410139083862305,315.9633325826029
2023-08-31,21.84137535095215,49.661354064941406,19.085346221923828,11.479655265808105,33.14506149291992,55.56723403930664,11.564926147460938,20.090229034423828,316.11827152200146
2023-09-01,22.313217163085938,52.56869125366211,19.250804901123047,11.510371208190918,33.20973205566406,55.988922119140625,11.589994430541992,20.226726531982422,316.27328643880776
2023-09-04,22.08071517944336,52.957862854003906,19.076740264892578,11.455739974975586,33.376014709472656,55.65508270263672,11.58163833618164,20.16274642944336,316.4283773702788
2023-09-05,22.819244384765625,52.72893524169922,18.791290283203125,11.209707260131836,33.17278289794922,54.65355682373047,11.70698070526123,20.090229034423828,316.5835443536899
2023-09-06,22.921817779541016,51.881919860839844,18.610275268554688,11.055937767028809,32.8402099609375,53.23033142089844,11.681912422180176,19.953739166259766,316.7387874263346
2023-09-08,22.839759826660156,50.905174255371094,18.638120651245117,11.055937767028809,32.70165252685547,53.01947784423828,11.4479398727417,19.89402198791504,316.8941066255249
2023-09-11,22.819244384765625,51.63773727416992,19.111555099487305,11.263525009155273,32.59080505371094,53.80137634277344,11.589994430541992,20.20966339111328,317.04950198859086
2023-09-12,22.92865753173828,51.59959030151367,19.222959518432617,11.401920318603516,32.9326057434082,54.618412017822266,11.45629596710205,20.318859100341797,317.2049735528811
2023-09-13,22.586742401123047,51.401180267333984,19.3204288482666,11.448049545288086,34.11503982543945,55.286094665527344,11.39780330657959,20.301679611206055,317.3605213557622
2023-09-14,23.161157608032227,53.507286071777344,19.24384307861328,11.494181632995605,33.329830169677734,54.31092834472656,11.30588436126709,20.35752296447754,317.51614543461943
2023-09-15,23.17483139038086,53.064697265625,19.202068328857422,11.471115112304688,33.34828567504883,52.97555160522461,11.213967323303223,20.426252365112305,317.6718458268562
2023-09-18,23.338951110839844,52.43897247314453,19.15333366394043,11.471115112304688,33.06193542480469,52.676856994628906,11.188899040222168,20.340343475341797,317.8276225698944
2023-09-19,23.393657684326172,52.538169860839844,19.096590042114258,11.340410232543945,33.23744201660156,52.624141693115234,11.22232437133789,20.310270309448242,317.98347570117403
2023-09-20,23.448366165161133,52.889183044433594,19.420019149780273,11.386543273925781,33.06193542480469,52.49235916137695,11.25574779510498,20.490692138671875,318.1394052581536
2023-09-21,23.085935592651367,51.508018493652344,18.977060317993164,10.963679313659668,32.31367111206055,51.40298843383789,11.063556671142578,20.0224552154541,318.28981838756556
2023-09-22,23.270566940307617,51.88955307006836,18.927841186523438,10.879103660583496,31.953392028808594,51.08670425415039,10.963282585144043,20.056819915771484,318.440302630801
2023-09-25,23.421009063720703,50.82123947143555,18.984092712402344,10.84835147857666,33.433834075927734,50.8407096862793,11.046844482421875,19.940834045410156,318.5908580214818
2023-09-26,22.880788803100586,50.02763748168945,18.70284080505371,10.733026504516602,33.38756561279297,50.375099182128906,10.896432876586914,19.65730857849121,318.74148459324573
2023-09-27,23.60564613342285,50.13446044921875,18.667686462402344,10.702269554138184,33.33204650878906,49.71619415283203,10.837939262390137,19.829147338867188,318.89218237974654
2023-09-28,23.557775497436523,50.89754867553711,19.159879684448242,10.955988883972168,33.67443084716797,50.60622787475586,10.846295356750488,20.46491241455078,319.0429514146538
2023-09-29,23.68770408630371,51.569061279296875,19.131746292114258,10.99443244934082,33.563392639160156,51.88201141357422,10.954927444458008,20.267314910888672,319.1937917316531
2023-10-02,23.332115173339844,51.118839263916016,18.95419692993164,10.840665817260742,33.45234298706055,50.056922912597656,10.938214302062988,20.21146583557129,319.3447033644459
2023-10-03,23.229543685913086,50.80597686767578,18.714981079101562,10.708969116210938,32.545467376708984,48.81657791137695,10.904789924621582,19.953723907470703,319.4956863467495
2023-10-04,22.306373596191406,50.26418685913086,19.1441650390625,11.070809364318848,32.536224365234375,49.20640182495117,11.038488388061523,20.10407257080078,319.6467407122974
2023-10-05,22.381595611572266,50.28708267211914,19.446701049804688,11.117005348205566,32.369659423828125,49.17096710205078,10.771090507507324,20.164213180541992,319.7978664948387
2023-10-06,22.914979934692383,51.01964569091797,19.6296329498291,11.140100479125977,32.20308303833008,48.338157653808594,11.021775245666504,20.98470115661621,319.94906372813875
2023-10-09,23.899688720703125,50.65335464477539,19.460769653320312,11.040018081665039,32.24935531616211,48.46219253540039,11.005064010620117,20.87301254272461,320.1003324459788
2023-10-10,24.077484130859375,50.958595275878906,19.439664840698242,11.163198471069336,32.665775299072266,49.67595672607422,11.071911811828613,20.83864402770996,320.25167268215586
2023-10-11,24.015941619873047,51.401180267333984,19.6859130859375,11.324870109558105,32.545467376708984,49.25069808959961,11.10533618927002,21.036251068115234,320.40308447048324
2023-10-13,24.809175491333008,50.81360626220703,19.48188018798828,11.155496597290039,31.96248435974121,47.65596389770508,10.846295356750488,20.971817016601562,320.55456784479
2023-10-16,25.082706451416016,51.355403900146484,19.510026931762695,11.270978927612305,32.06428527832031,47.266136169433594,10.87136459350586,21.3970947265625,320.70612283892126
2023-10-17,25.759695053100586,51.77509307861328,19.221553802490234,11.155496597290039,31.721891403198242,46.94719696044922,10.695886611938477,21.203786849975586,320.85774948673827
2023-10-18,26.3409423828125,49.875022888183594,18.82052230834961,11.055413246154785,31.73114585876465,45.24615478515625,10.470269203186035,21.100685119628906,321.0094478221181
2023-10-19,26.217857360839844,49.157718658447266,19.03863525390625,11.109307289123535,31.407258987426758,45.24615478515625,10.461913108825684,21.2639217376709,321.16121787895383
2023-10-20,25.882783889770508,47.829959869384766,18.9682674407959,10.90143871307373,31.28696060180664,45.18412399291992,10.436843872070312,21.1951904296875,321.31305969115476
2023-10-23,24.1732234954834,47.7383918762207,18.989377975463867,10.916839599609375,31.3702449798584,45.822025299072266,10.428488731384277,21.165122985839844,321.46497329264616
2023-10-24,24.53564453125,48.8296012878418,18.989377975463867,10.916839599609375,32.39741516113281,46.610530853271484,10.461913108825684,21.066322326660156,321.61695871736913
2023-10-25,24.665571212768555,48.783809661865234,19.024560928344727,10.886040687561035,29.121580123901367,45.503074645996094,10.395063400268555,21.07061767578125,321.76901599928107
2023-10-26,24.41255760192871,49.82923126220703,19.49595069885254,11.163198471069336,30.222782135009766,46.282718658447266,10.55383014678955,21.508777618408203,321.92114517235535
2023-10-27,24.234764099121094,51.56142807006836,19.207483291625977,11.04771614074707,29.269643783569336,44.68798828125,10.269721031188965,20.96322250366211,322.07334627058134
2023-10-30,23.988588333129883,52.02690887451172,19.052696228027344,10.924537658691406,29.889644622802734,44.57281494140625,10.328213691711426,20.81716537475586,322.2256193279645
2023-10-31,23.75609016418457,52.65263748168945,18.869775772094727,10.770559310913086,30.546661376953125,45.06895446777344,10.746021270751953,20.76991081237793,322.3779643785266
2023-11-01,24.015941619873047,53.65990447998047,19.135652542114258,10.870644569396973,30.611440658569336,45.99921417236328,10.854652404785156,20.79139518737793,322.53038145630507
2023-11-03,24.303144454956055,54.331417083740234,19.663671493530273,11.38634204864502,31.027854919433594,48.55964660644531,11.10533618927002,21.52166748046875,322.67717470881723
2023-11-06,24.282630920410156,54.56034469604492,19.84672737121582,11.378628730773926,30.731735229492188,47.85087585449219,11.28917407989502,21.672019958496094,322.8240347713425
2023-11-07,23.87917137145996,53.47676086425781,20.40291404724121,11.67928409576416,30.333831787109375,49.029205322265625,11.339308738708496,21.9168758392334,322.97096167428793
2023-11-08,23.366304397583008,53.514915466308594,20.49443817138672,11.740957260131836,30.02845573425293,49.17096710205078,11.314240455627441,22.19610023498535,323.1179554480748
2023-11-09,23.851823806762695,53.77436447143555,20.585962295532227,11.76408576965332,29.991436004638672,48.9494743347168,11.205611228942871,21.26821517944336,323.26501612313785
2023-11-10,23.742408752441406,54.5984992980957,20.832374572753906,11.594484329223633,30.694721221923828,50.216400146484375,11.155474662780762,21.581809997558594,323.41214372992596
2023-11-13,24.40572166442871,54.48402786254883,20.691564559936523,11.363211631774902,30.278303146362305,48.9937744140625,11.22232437133789,21.50019073486328,323.55933829890176
2023-11-14,24.740793228149414,56.170440673828125,21.0013484954834,11.602194786071777,30.963075637817383,52.27183532714844,11.4479398727417,21.603288650512695,323.70659986054176
2023-11-16,24.30998420715332,56.54435348510742,21.339275360107422,12.003067970275879,30.981590270996094,53.955169677734375,11.422871589660645,21.59899139404297,323.85392844533624
2023-11-17,25.103219985961914,56.65117645263672,21.437849044799805,11.895139694213867,30.778005599975586,53.86656951904297,11.364378929138184,21.762229919433594,324.00132408378954
2023-11-20,25.123741149902344,58.03999328613281,21.649057388305664,11.925973892211914,30.981590270996094,53.937442779541016,11.364378929138184,21.878215789794922,324.1487868064198
2023-11-21,24.86388397216797,59.444061279296875,21.613849639892578,11.879721641540527,31.148162841796875,53.1932373046875,11.23067855834961,22.03286361694336,324.296316643759
2023-11-22,24.985578536987305,58.878990173339844,21.74761962890625,12.126411437988281,31.555316925048828,53.33498764038086,11.339308738708496,21.843847274780273,324.44391362635304
2023-11-23,24.992677688598633,58.509281158447266,21.719459533691406,12.450197219848633,31.518310546875,53.79568862915039,11.322598457336426,21.9168758392334,324.5915777847618
2023-11-24,25.063743591308594,58.01371383666992,21.599775314331055,12.457903861999512,31.20368194580078,52.98060607910156,11.188899040222168,21.891101837158203,324.73930914955895
2023-11-27,24.921621322631836,57.667598724365234,21.54344940185547,12.38081169128418,31.59233856201172,52.27183532714844,11.347665786743164,22.294904708862305,324.88710775133217
2023-11-28,25.298250198364258,57.79346466064453,21.754657745361328,12.496450424194336,31.80516815185547,52.32499313354492,11.406158447265625,22.617088317871094,325.03497362068305
2023-11-29,25.03531837463379,57.77772521972656,21.902503967285156,12.434775352478027,31.583080291748047,52.475608825683594,11.113693237304688,22.65144920349121,325.18290678822706
2023-11-30,25.51854133605957,58.092369079589844,22.24044418334961,12.542702674865723,31.63861083984375,53.1932373046875,11.439582824707031,23.3129940032959,325.33090728459354
2023-12-01,25.34799575805664,59.1700553894043,22.18947982788086,12.581250190734863,32.18457794189453,53.813419342041016,11.765473365783691,23.360248565673828,325.4789751404259
2023-12-04,24.807920455932617,57.84064483642578,22.2176570892334,12.487817764282227,32.166072845458984,53.733665466308594,11.748762130737305,23.27003288269043,325.6271103863816
2023-12-05,24.6942195892334,57.30574035644531,22.400806427001953,12.603589057922363,32.665775299072266,53.86656951904297,11.899171829223633,23.27003288269043,325.77531305313175
2023-12-06,23.80593490600586,56.92817306518555,22.203561782836914,12.472380638122559,32.749053955078125,54.105777740478516,11.690268516540527,22.771728515625,325.9235831713616
2023-12-07,23.749086380004883,57.10908508300781,22.45010757446289,12.503254890441895,32.72129821777344,54.47788619995117,11.765473365783691,23.14116096496582,326.0719207717704
2023-12-08,24.509458541870117,57.266422271728516,22.734102249145508,12.703924179077148,32.06428527832031,54.11463928222656,11.957667350769043,23.390317916870117,326.22032588507125
2023-12-11,24.417078018188477,57.3136100769043,22.577903747558594,12.603589057922363,32.267860412597656,54.158935546875,11.966021537780762,23.38602066040039,326.36879854199134
2023-12-12,24.218103408813477,57.41586685180664,22.464303970336914,12.54184341430664,32.41592025756836,53.618492126464844,11.890815734863281,22.695348739624023,326.5173387732717
2023-12-13,24.566308975219727,57.423744201660156,23.145898818969727,13.089826583862305,33.36906051635742,55.744815826416016,12.283555030822754,22.902847290039062,326.6659466096676
2023-12-14,25.099275588989258,57.73838806152344,23.33759880065918,13.313648223876953,33.59115219116211,57.86226272583008,12.116433143615723,23.054153442382812,326.80882702805525
2023-12-15,25.1561279296875,58.10024642944336,23.238203048706055,13.444856643676758,33.34129333496094,56.737091064453125,12.091363906860352,23.60748863220215,326.95176994090906
2023-12-18,25.468799591064453,58.37555694580078,23.3518009185791,13.545187950134277,33.417274475097656,57.02945327758789,12.158212661743164,23.62477684020996,327.09477537556353
2023-12-19,25.760156631469727,58.78460693359375,23.366003036499023,13.545187950134277,33.769622802734375,57.01174545288086,12.283555030822754,23.71123695373535,327.2378433593651
2023-12-20,25.85254669189453,58.5958137512207,23.124601364135742,13.321367263793945,33.52853775024414,56.001739501953125,12.081493377685547,23.434574127197266,327.38097391967204
2023-12-21,25.859647750854492,60.54665756225586,23.280799865722656,13.329081535339355,33.74180221557617,57.17121124267578,12.046320915222168,23.46915054321289,327.5241670838548
2023-12-22,26.10836410522461,60.09040451049805,23.64999771118164,13.528234481811523,33.85307693481445,57.162353515625,12.05511474609375,23.53399658203125,327.66742287929566
2023-12-26,26.52763557434082,60.30279541015625,23.891401290893555,13.568424224853516,34.047794342041016,56.878841400146484,12.10787296295166,23.750141143798828,327.8107413333888
2023-12-27,26.5489501953125,60.88490295410156,24.05470085144043,13.648805618286133,34.159053802490234,56.7445182800293,12.169424057006836,23.715559005737305,327.9541224735407
2023-12-28,26.463674545288086,60.72757339477539,24.118602752685547,13.737223625183105,34.22396469116211,56.7445182800293,12.072700500488281,23.944673538208008,328.09756632716943
2024-01-02,26.847415924072266,60.60958480834961,23.81146240234375,13.463926315307617,33.90870666503906,54.656742095947266,12.05511474609375,23.672330856323242,328.2410729217053
2024-01-03,27.685949325561523,60.294921875,23.54863739013672,13.479171752929688,34.1683349609375,54.33555221557617,11.958393096923828,23.693944931030273,328.38464228459054
2024-01-04,27.451440811157227,59.48470687866211,23.392353057861328,13.294083595275879,33.7139892578125,53.20244598388672,12.002357482910156,23.443212509155273,328.52827444327943
2024-01-05,27.515403747558594,58.721675872802734,23.9393310546875,13.583785057067871,33.352378845214844,53.978668212890625,11.958393096923828,23.724205017089844,328.6719694252382
2024-01-08,27.309316635131836,58.422760009765625,23.68360137939453,13.479171752929688,33.435821533203125,56.0307502746582,12.05511474609375,23.927383422851562,328.8157272579451
2024-01-09,27.074813842773438,57.683326721191406,23.669404983520508,13.117045402526855,32.61058044433594,55.50434494018555,11.975976943969727,23.56858253479004,328.95954796889055
2024-01-10,26.82609748840332,56.81803894042969,23.64809226989746,12.891722679138184,32.74967575073242,56.209190368652344,12.099080085754395,23.529674530029297,329.1034315855767
2024-01-11,27.053495407104492,57.11696243286133,23.69070816040039,12.827340126037598,32.28606033325195,54.433692932128906,11.923221588134766,23.689624786376953,329.2473781355179
2024-01-12,27.124553680419922,56.39326477050781,23.71912384033203,12.722728729248047,32.14697265625,54.42477035522461,11.949599266052246,23.827951431274414,329.3913876462406
2024-01-15,27.415908813476562,56.283138275146484,23.761743545532227,12.771015167236328,31.82244110107422,54.58537292480469,11.949599266052246,24.294832229614258,329.5354601452832
2024-01-16,27.074813842773438,55.551570892333984,23.427871704101562,12.658350944519043,31.16411590576172,53.782379150390625,11.738570213317871,24.156494140625,329.6795956601962
2024-01-17,26.918474197387695,54.55255126953125,23.44207763671875,12.682493209838867,30.969398498535156,54.371238708496094,11.808913230895996,24.204050064086914,329.82379421854205
2024-01-18,26.8118839263916,54.27723693847656,23.342632293701172,12.610068321228027,30.72831153869629,52.9615478515625,11.729777336120605,23.923057556152344,329.9680558478953
2024-01-19,26.669754028320312,53.569271087646484,23.39946746826172,12.58592700958252,31.043575286865234,53.61286163330078,11.738570213317871,24.17378807067871,330.1123805758427
2024-01-22,26.790565490722656,53.33328628540039,23.015859603881836,12.44107437133789,30.950851440429688,52.38161087036133,11.74736213684082,24.013839721679688,330.2567684299828
2024-01-23,27.124553680419922,54.43455505371094,23.12241554260254,12.376696586608887,31.312463760375977,52.83663558959961,11.75615406036377,24.441810607910156,330.4012194379264
2024-01-24,26.918474197387695,54.98520278930664,23.015859603881836,12.328411102294922,31.034305572509766,52.31023406982422,11.677018165588379,24.489364624023438,330.5457336272964
2024-01-25,27.91335105895996,53.6322021484375,22.966129302978516,12.360602378845215,30.83030891418457,52.069339752197266,11.60667610168457,24.4591064453125,330.6903110257276
2024-01-26,28.396575927734375,54.67054748535156,23.307113647460938,12.489358901977539,30.756132125854492,50.1778564453125,11.60667610168457,24.627695083618164,330.8349516608672
2024-01-29,28.83005714416504,54.41096115112305,23.18634796142578,12.376696586608887,30.83030891418457,49.47300720214844,11.650639533996582,24.43316650390625,330.97965556037417
2024-01-30,28.65239906311035,54.10417556762695,23.037168502807617,12.288176536560059,30.589231491088867,48.616485595703125,11.465987205505371,24.30780029296875,331.1244227519198
2024-01-31,28.96507453918457,53.301822662353516,23.285804748535156,12.35255241394043,29.98653221130371,48.28636932373047,11.50115966796875,24.402904510498047,331.26925326318724
2024-02-01,29.540681838989258,53.057960510253906,23.234375,12.328411102294922,30.255428314208984,48.60756301879883,11.492366790771484,24.960561752319336,331.4082439037789
2024-02-02,29.156946182250977,51.980289459228516,23.269916534423828,12.343674659729004,30.218341827392578,47.78673553466797,11.492366790771484,24.95191764831543,331.5472928606737
2024-02-05,29.28485679626465,51.53190994262695,23.71057891845703,12.593449592590332,30.839582443237305,47.94733810424805,11.509953498840332,25.219940185546875,331.6864001583392
2024-02-06,29.554899215698242,52.444393157958984,24.726951599121094,13.375,30.821044921875,47.01051712036133,11.63305377960205,25.764629364013672,331.8255658212537
2024-02-07,29.988380432128906,52.54664993286133,24.549264907836914,11.247888565063477,31.18265724182129,47.75104522705078,11.430816650390625,25.69545555114746,331.9647898739053
2024-02-08,29.746767044067383,52.08254623413086,24.065954208374023,10.925601959228516,31.340282440185547,46.974830627441406,11.38685131072998,25.306396484375,332.10407234079275
2024-02-09,29.348817825317383,51.85441970825195,24.3715763092041,10.845027923583984,30.941587448120117,46.84099197387695,11.38685131072998,24.887069702148438,332.2434132464248
2024-02-14,29.128520965576172,51.69709777832031,24.3715763092041,10.772514343261719,31.089933395385742,46.3948860168457,11.360472679138184,25.22425651550293,332.3828126153206
2024-02-15,30.05943489074707,51.53190994262695,24.57769203186035,10.8208589553833,30.79322052001953,46.5108757019043,11.298922538757324,25.22858238220215,332.5222704720096
2024-02-16,30.336585998535156,53.49060821533203,24.549264907836914,10.86114501953125,30.969398498535156,46.269981384277344,11.219786643981934,25.016759872436523,332.6617868410316
2024-02-19,30.48581886291504,53.08942794799805,24.819345474243164,10.998115539550781,31.0528507232666,46.89452362060547,11.263751029968262,25.470664978027344,332.8013617469365
2024-02-20,30.166034698486328,51.92522430419922,25.35951042175293,11.255949974060059,31.776079177856445,48.21500015258789,11.298922538757324,25.63493537902832,332.9409952142846
2024-02-21,30.208669662475586,52.31853103637695,25.217363357543945,11.215662956237793,33.96434020996094,48.13469696044922,11.342887878417969,25.69545555114746,333.0806872676467
2024-02-22,29.98126220703125,52.87703323364258,25.074323654174805,11.280120849609375,32.88874816894531,47.742122650146484,11.395644187927246,25.116188049316406,333.2204379316036
2024-02-23,29.775190353393555,53.002899169921875,25.147727966308594,11.135090827941895,33.36164093017578,47.45661926269531,11.33409309387207,24.8049373626709,333.36024723074655
2024-02-26,30.336585998535156,51.72069549560547,25.221126556396484,11.118977546691895,34.19184494018555,46.47519302368164,11.465987205505371,25.042699813842773,333.50011518967716
2024-02-27,30.2939453125,53.081565856933594,25.5294189453125,11.296236038208008,34.556480407714844,48.62541198730469,11.703397750854492,25.34530258178711,333.64004183300733
2024-02-28,28.730567932128906,52.49945831298828,25.544103622436523,11.247888565063477,34.509727478027344,48.05440139770508,11.826498985290527,25.397178649902344,333.7800271853592
2024-02-29,28.52448081970215,52.69611358642578,24.912832260131836,11.078693389892578,34.304039001464844,47.28709030151367,11.06151294708252,25.01243782043457,333.9200712713653
2024-03-01,28.552913665771484,52.60958480834961,25.02127456665039,11.118977546691895,34.865020751953125,46.84099197387695,10.938411712646484,25.038375854492188,334.06017411566864
2024-03-04,28.481853485107422,52.49159622192383,24.830326080322266,11.01323413848877,34.724761962890625,45.65435028076172,10.973583221435547,24.934627532958984,334.2003357429224
2024-03-05,28.396575927734375,51.799354553222656,24.80829620361328,11.069713592529297,34.995914459228516,45.34208297729492,11.210992813110352,25.107540130615234,334.34055617779006
2024-03-06,29.021928787231445,52.50732421875,25.080026626586914,11.150396347045898,34.71541976928711,45.797115325927734,11.158235549926758,25.47931480407715,334.4808354449456
2024-03-07,28.702144622802734,52.32639694213867,24.815635681152344,11.101988792419434,34.50038528442383,47.43877410888672,11.123064041137695,25.23723030090332,334.6211735690733
2024-03-08,26.07993507385254,51.92522430419922,25.043304443359375,11.166528701782227,34.51908493041992,47.420928955078125,11.290130615234375,24.99082374572754,334.7615705748677
2024-03-11,25.333786010742188,50.31263732910156,25.16815757751465,11.231080055236816,34.74347686767578,46.66255187988281,11.254958152770996,24.740093231201172,334.90202648703377
2024-03-12,26.16521453857422,49.99915313720703,25.270973205566406,11.368240356445312,35.164207458496094,47.822418212890625,11.290130615234375,25.079729080200195,335.04254133028695
2024-03-13,25.85254669189453,50.31966018676758,25.520671844482422,11.489266395568848,35.547550201416016,48.62541198730469,11.210992813110352,24.801063537597656,335.1831151293529
2024-03-14,25.73884391784668,49.67864990234375,25.505983352661133,11.56187915802002,35.3325080871582,48.10792541503906,11.254958152770996,24.69221305847168,335.32374790896773
2024-03-15,25.80990219116211,49.111595153808594,25.36644172668457,11.384373664855957,35.52885437011719,47.10865783691406,11.105478286743164,24.94474983215332,335.4644396938779
2024-03-18,25.824111938476562,50.048458099365234,25.469257354736328,11.456990242004395,35.52885437011719,46.86775588989258,11.105478286743164,24.39613151550293,335.6051905088403
2024-03-19,25.632244110107422,50.45936965942383,25.505983352661133,11.392444610595703,36.23942947387695,47.51015090942383,11.026341438293457,24.309051513671875,335.74600037862206
2024-03-20,26.07993507385254,50.79631042480469,25.557392120361328,11.537676811218262,36.304874420166016,48.80385208129883,11.026341438293457,24.57029914855957,335.88686932800096
2024-03-21,25.36931037902832,50.673038482666016,25.29300308227539,11.408583641052246,36.8658561706543,48.02763366699219,11.087891578674316,24.226320266723633,336.0217883656726
2024-03-22,25.618032455444336,50.08955383300781,24.939319610595703,11.263351440429688,37.15570068359375,47.153263092041016,10.912034034729004,24.126174926757812,336.1567615976233
2024-03-25,26.008874893188477,49.98271942138672,24.939319610595703,11.247213363647461,36.554351806640625,46.84099197387695,10.75376033782959,24.221967697143555,336.29178904562184
2024-03-26,25.767261505126953,49.349918365478516,25.434856414794922,11.408583641052246,36.31090545654297,48.116859436035156,10.912034034729004,24.35259246826172,336.42687073144566
2024-03-27,25.973344802856445,49.801918029785156,25.575382232666016,11.58608627319336,36.095550537109375,48.10792541503906,10.94720458984375,24.37000846862793,336.5620066768811
2024-03-28,26.5489501953125,49.99094009399414,25.6197566986084,11.505401611328125,35.7678337097168,48.7860107421875,10.982376098632812,24.653026580810547,336.697196903723
2024-04-01,26.75503921508789,50.311439514160156,24.744844436645508,11.400513648986816,35.57120895385742,46.974830627441406,10.841690063476562,24.417905807495117,336.83244143377533
2024-04-02,27.4443416595459,50.90314865112305,24.77444839477539,11.464292526245117,35.739742279052734,47.130069732666016,10.788931846618652,24.457088470458984,336.9677402888504
2024-04-03,27.30221176147461,50.17173385620117,24.589454650878906,11.690509796142578,35.477569580078125,46.59980773925781,10.94720458984375,24.55288314819336,337.10309349076965
2024-04-04,26.989540100097656,49.61289978027344,24.26386070251465,11.763219833374023,35.67420196533203,48.001853942871094,10.964792251586914,24.718339920043945,337.23850106136297
2024-04-05,27.074813842773438,49.07050323486328,24.219457626342773,11.730901718139648,35.57120895385742,47.795143127441406,10.75376033782959,24.822834014892578,337.3739630224693
2024-04-08,27.451440811157227,51.74961853027344,24.582054138183594,11.811694145202637,35.7678337097168,48.44224166870117,10.701003074645996,25.210355758666992,337.5094793959362
2024-04-09,27.522510528564453,51.404449462890625,24.841039657592773,11.884407997131348,36.329627990722656,49.718448638916016,10.86806869506836,25.423707962036133,337.6450502036199
2024-04-10,28.133647918701172,50.62373352050781,24.31566047668457,11.633953094482422,35.955101013183594,48.163631439208984,10.639452934265137,25.079729080200195,337.78067546738566
2024-04-11,27.927562713623047,50.83740234375,24.271263122558594,11.625875473022461,35.8052864074707,47.885013580322266,10.727381706237793,25.140689849853516,337.9163552091074
2024-04-12,27.67173957824707,50.64838409423828,24.01966667175293,11.480447769165039,35.56184768676758,46.59980773925781,10.657037734985352,24.814130783081055,338.0520894506678
2024-04-15,27.93467140197754,50.944244384765625,23.61267852783203,11.310790061950684,35.24348831176758,45.45840835571289,10.613073348999023,24.583358764648438,338.1878782139583
2024-04-16,28.062583923339844,50.49223709106445,23.435083389282227,11.229992866516113,36.30154800415039,45.00004959106445,10.498764038085938,24.304697036743164,338.3237215208793
2024-04-17,28.268661499023438,51.04286193847656,23.44988441467285,11.173440933227539,35.78656768798828,44.9371337890625,10.472386360168457,24.356945037841797,338.4596193933398
2024-04-18,28.31840705871582,51.23187255859375,23.47948455810547,11.124968528747559,36.142364501953125,45.7549934387207,10.516350746154785,24.32211685180664,338.5955718532577
2024-04-19,28.8016357421875,52.07012176513672,23.34629249572754,11.019939422607422,36.095550537109375,45.1797981262207,10.507558822631836,24.13053321838379,338.7315789225597
2024-04-22,29.49094581604004,52.045467376708984,23.331491470336914,10.971465110778809,35.833370208740234,44.52372360229492,10.507558822631836,23.85186767578125,338.8676406231813
2024-04-23,29.43408203125,51.59347152709961,23.679277420043945,11.044179916381836,35.57120895385742,45.15283966064453,10.428421020507812,24.034744262695312,339.0037569770668
2024-04-24,29.299070358276367,52.23448944091797,23.5756778717041,11.044179916381836,35.79591751098633,44.50574493408203,10.586695671081543,23.947662353515625,339.1399280061693
2024-04-25,30.002588272094727,51.13325881958008,23.442481994628906,11.036097526550293,36.20790100097656,43.80472183227539,10.569108963012695,23.84316062927246,339.27615373245084
2024-04-26,30.426313400268555,51.13325881958008,23.834672927856445,11.213836669921875,36.72289276123047,45.38650894165039,10.56031608581543,23.84316062927246,339.41243417788206
2024-04-29,30.791574478149414,52.51390838623047,23.649675369262695,11.359262466430664,36.853981018066406,45.43144989013672,10.639452934265137,23.99119758605957,339.5487693644426
2024-04-30,30.696603775024414,52.01259994506836,23.2056941986084,11.310790061950684,37.03187561035156,44.06536102294922,10.683416366577148,23.877992630004883,339.6851593141209
2024-05-02,30.813488006591797,52.530338287353516,23.544530868530273,11.181522369384766,36.37644958496094,43.59800720214844,10.841690063476562,24.13053321838379,339.82160404891414
2024-05-03,30.421510696411133,52.58787155151367,23.84068489074707,11.148303985595703,36.30154800415039,44.829288482666016,10.876860618591309,24.574649810791016,339.9581035908285
2024-05-06,30.627422332763672,52.744014739990234,23.988767623901367,11.140214920043945,36.17045974731445,43.93054962158203,10.94720458984375,24.713985443115234,340.09465796187885
2024-05-07,31.001113891601562,53.0727424621582,24.48483657836914,11.140214920043945,36.42326736450195,44.604610443115234,11.07909870147705,24.635610580444336,340.231267184089
2024-05-08,31.47394561767578,52.58787155151367,24.64031410217285,11.16448974609375,36.60116195678711,45.098915100097656,10.701003074645996,24.713985443115234,340.3679312794915
2024-05-09,31.77899742126465,53.01520919799805,23.899921417236328,10.881328582763672,36.42326736450195,44.53269958496094,10.595487594604492,23.6341609954834,340.5015937661049
2024-05-10,31.71036720275879,52.834407806396484,24.173864364624023,10.816607475280762,36.488807678222656,42.24091339111328,10.586695671081543,24.052162170410156,340.6353087419768
2024-05-13,31.740867614746094,53.14670181274414,24.470029830932617,10.86514949798584,36.5918083190918,41.611793518066406,10.604280471801758,24.235027313232422,340.7690762277197
2024-05-14,31.16889190673828,53.11382293701172,24.7365665435791,10.857059478759766,37.08806610107422,42.24091339111328,10.69221019744873,24.39177894592285,340.90289624395433
2024-05-15,29.28518295288086,52.95768356323242,24.669931411743164,10.751885414123535,37.09741973876953,43.031803131103516,10.824104309082031,24.078283309936523,341.0367688113093
2024-05-16,28.4310359954834,53.34394073486328,24.59589195251465,10.808515548706055,37.078697204589844,43.70586013793945,10.88565444946289,24.104406356811523,341.1706939504215
2024-05-17,27.981077194213867,54.38764190673828,24.603300094604492,10.86514949798584,37.11614990234375,43.49915313720703,10.88565444946289,24.113115310668945,341.3046716819358
2024-05-20,28.026838302612305,54.36299133300781,24.529254913330078,10.784244537353516,37.31277847290039,43.067752838134766,10.639452934265137,24.313404083251953,341.43870202650527
2024-05-21,27.973453521728516,54.20684051513672,24.40338897705078,10.840879440307617,37.22850799560547,41.899391174316406,10.569108963012695,24.295988082885742,341.57278500479106
2024-05-22,28.354772567749023,53.77949523925781,24.025785446166992,10.598170280456543,36.77906799316406,41.16242218017578,10.52514362335205,23.947662353515625,341.7069206374624
2024-05-23,28.072595596313477,53.4589958190918,23.811071395874023,10.420187950134277,36.54499053955078,41.072547912597656,10.516350746154785,23.46000099182129,341.8411089451967
2024-05-24,27.920066833496094,53.483646392822266,23.581552505493164,10.492999076843262,35.89892578125,40.80292510986328,10.437213897705078,23.581912994384766,341.9753499486795
2024-05-27,28.225116729736328,53.66444396972656,23.500106811523438,10.460638046264648,35.90827941894531,40.389495849609375,10.3844575881958,23.86928367614746,342.1096436686043
2024-05-28,28.82760238647461,52.50568771362305,23.37424087524414,10.452549934387207,35.79591751098633,40.0479736328125,10.19101333618164,23.790912628173828,342.2439901256729
2024-05-29,28.789472579956055,51.97150802612305,23.211353302001953,10.34737491607666,35.3277587890625,39.544681549072266,10.129463195800781,23.790912628173828,342.3783893405952
2024-05-31,29.58261489868164,51.938636779785156,22.97442626953125,10.250293731689453,35.15921401977539,38.40327835083008,10.164633750915527,23.61674690246582,342.5128413340892
2024-06-03,29.422456741333008,50.84562301635742,23.298648834228516,10.315013885498047,34.96259689331055,38.331382751464844,10.155840873718262,23.64286994934082,342.6473461268811
2024-06-04,29.094528198242188,50.327880859375,23.38013458251953,10.411384582519531,35.393306732177734,38.50214385986328,10.27894115447998,23.712535858154297,342.78190373970506
2024-06-05,29.132654190063477,49.61289978027344,23.335689544677734,10.354669570922852,35.14986801147461,38.66391372680664,10.173426628112793,23.764785766601562,342.9165141933036
2024-06-06,29.269927978515625,50.30322265625,23.63201141357422,10.5734281539917,35.40266418457031,39.275062561035156,10.393250465393066,24.078283309936523,343.05117750842726
2024-06-07,28.171733856201172,49.645774841308594,23.298648834228516,10.492405891418457,35.440120697021484,38.4212532043457,10.164633750915527,23.668994903564453,343.1858937058348
2024-06-10,28.59880828857422,50.18817138671875,23.11344337463379,10.419486045837402,35.40266418457031,37.621368408203125,10.076704025268555,23.695117950439453,343.32066280629306
2024-06-11,28.72083282470703,50.11420440673828,23.37272834777832,10.47619915008545,35.393306732177734,37.34276580810547,10.023946762084961,23.95636749267578,343.45548483057706
2024-06-12,28.095884323120117,49.42388153076172,23.335689544677734,10.281747817993164,35.64611053466797,36.866432189941406,9.909639358520508,23.502910614013672,343.59035979947004
2024-06-13,27.81351661682129,49.99094009399414,23.091218948364258,10.289852142333984,35.97382354736328,36.11148452758789,9.75136661529541,23.662311553955078,343.72528773376325
2024-06-14,27.20171356201172,49.818355560302734,23.06899070739746,10.395179748535156,36.30154800415039,36.32718276977539,9.883259773254395,23.603628158569336,343.86026865425623
2024-06-17,27.303678512573242,49.62112045288086,23.63201141357422,10.508614540100098,36.30154800415039,35.410465240478516,9.883259773254395,23.603628158569336,343.99530258175673
2024-06-18,28.158634185791016,49.85123062133789,23.617202758789062,10.345142364501953,36.385807037353516,35.18578338623047,9.892053604125977,23.27344512939453,344.13038953708053
2024-06-19,28.182167053222656,50.00736999511719,23.802404403686523,10.39527702331543,37.275325775146484,35.88302230834961,9.848087310791016,23.442996978759766,344.2655295410517
2024-06-20,28.629253387451172,50.45936965942383,23.639421463012695,10.370209693908691,38.18356704711914,35.5422248840332,9.918431282043457,23.55008316040039,344.40072261450246
2024-06-21,28.77828025817871,49.99094009399414,23.8044376373291,10.361849784851074,38.4644660949707,37.398704528808594,9.918431282043457,23.74640655517578,344.5359687782732
2024-06-24,29.068498611450195,50.048458099365234,24.147920608520508,10.39527702331543,38.26784133911133,37.829200744628906,9.95360279083252,23.924888610839844,344.6712680532123
2024-06-25,29.044967651367188,49.8430061340332,24.222591400146484,10.311715126037598,38.92325973510742,37.87403106689453,10.00636100769043,23.996278762817383,344.80662046017676
2024-06-26,29.092031478881836,50.45936965942383,24.17778205871582,10.336785316467285,39.27906799316406,38.02650451660156,10.067911148071289,23.835649490356445,344.94202602003145
2024-06-27,29.57833480834961,50.59086608886719,24.222591400146484,10.378564834594727,39.04499435424805,38.876808166503906,10.076704025268555,23.826725006103516,345.07748475364946
2024-06-28,29.845016479492188,51.13325881958008,24.20018768310547,10.345142364501953,39.5037956237793,38.105628967285156,10.032739639282227,23.835649490356445,345.21299668191216
2024-07-01,30.29994773864746,51.889320373535156,24.08636474609375,10.253220558166504,39.356353759765625,37.89695358276367,10.067911148071289,23.5233097076416,345.34856182570917
2024-07-02,30.20581817626953,51.71674728393555,24.400144577026367,10.235597610473633,39.41261291503906,37.83345031738281,10.076704025268555,23.603628158569336,345.48418020593806
2024-07-03,29.6802978515625,52.744014739990234,24.54956817626953,10.269074440002441,39.48762893676758,38.24171447753906,10.00636100769043,23.835649490356445,345.61985184350493
2024-07-04,29.27243423461914,52.48103332519531,24.5869197845459,10.310919761657715,39.281333923339844,39.55726623535156,10.067911148071289,23.960580825805664,345.75557675932384
2024-07-05,29.429304122924805,52.26736068725586,24.601865768432617,10.42809009552002,39.562644958496094,39.684288024902344,9.95360279083252,23.853492736816406,345.8913549743172
2024-07-08,30.15091896057129,51.8564453125,24.557037353515625,10.42809009552002,41.70066452026367,39.59355545043945,9.892053604125977,23.460847854614258,346.02718650941557
2024-07-09,30.143075942993164,51.79071044921875,24.728866577148438,10.42809009552002,41.77568435668945,40.30123519897461,9.892053604125977,23.38053321838379,346.1630713855578
2024-07-10,29.860706329345703,51.0921630859375,24.990352630615234,10.603842735290527,41.306819915771484,41.05427932739258,10.023946762084961,23.74640655517578,346.2990096236909
2024-07-11,30.06464195251465,50.96067428588867,25.139774322509766,10.603842735290527,42.16014862060547,42.27909851074219,10.138254165649414,23.630401611328125,346.4350012447701
2024-07-12,29.9234561920166,51.708526611328125,24.99782371520996,10.578734397888184,43.02286148071289,42.36982345581055,10.234976768493652,23.942733764648438,346.57104626975894
2024-07-15,30.197980880737305,51.76605224609375,25.09494400024414,10.553628921508789,43.613624572753906,42.133934020996094,10.234976768493652,24.049821853637695,346.70714471962907
2024-07-16,30.119543075561523,51.22365951538086,25.244361877441406,10.587103843688965,43.77304458618164,41.60771942138672,10.287734985351562,24.13013458251953,346.84329661536043
2024-07-17,30.276416778564453,50.74700164794922,25.52079200744629,10.712642669677734,44.119998931884766,40.945404052734375,10.393250465393066,24.371078491210938,346.97950197794125
2024-07-18,30.221508026123047,50.27035140991211,25.40125846862793,10.5117826461792,44.448204040527344,39.439327239990234,10.261356353759766,24.263994216918945,347.1157608283679
2024-07-19,30.347007751464844,50.2292594909668,25.59549331665039,10.453197479248047,44.34505844116211,39.3848876953125,10.314114570617676,24.192607879638672,347.25207318764524
2024-07-22,29.7430477142334,50.17173385620117,25.580562591552734,10.570367813110352,44.23252868652344,38.9675407409668,10.3844575881958,24.219375610351562,347.38843907678597
2024-07-23,29.358713150024414,49.49784851074219,25.543203353881836,10.495043754577637,44.119998931884766,39.357669830322266,10.358077049255371,24.07659149169922,347.52485851681143
2024-07-24,29.59402084350586,49.801918029785156,25.50584602355957,10.503413200378418,43.74490737915039,39.28508377075195,10.36687183380127,23.97843360900879,347.66133152875096
2024-07-25,29.55480194091797,49.777259826660156,25.39378547668457,10.336027145385742,43.0885009765625,39.067344665527344,10.419628143310547,23.996278762817383,347.79785813364225
2024-07-26,29.523426055908203,50.51689910888672,25.580562591552734,10.419722557067871,43.99809265136719,39.856666564941406,10.44600772857666,24.201528549194336,347.9344383525313
2024-07-29,28.92731285095215,50.607295989990234,25.767332077026367,10.461565017700195,43.58549499511719,38.64999008178711,10.393250465393066,24.237218856811523,348.0710722064723
2024-07-30,28.74691390991211,49.489627838134766,25.670211791992188,10.377870559692383,43.00409698486328,38.14191818237305,10.234976768493652,24.049821853637695,348.2077597165278
2024-07-31,29.343021392822266,50.64838409423828,25.311603546142578,10.40298080444336,47.50518798828125,39.76594543457031,10.182219505310059,23.6928653717041,348.34450090376845
2024-08-01,28.89594078063965,49.5142822265625,24.943578720092773,10.536890983581543,49.549434661865234,39.70243835449219,10.322906494140625,23.532238006591797,348.48129578927336
2024-08-02,28.025293350219727,48.82395935058594,24.629634857177734,10.603055000305176,46.717498779296875,40.9000358581543,10.437213897705078,23.34483528137207,348.6181443941298
2024-08-05,28.00176429748535,48.57164764404297,24.629634857177734,11.407716751098633,45.99042510986328,39.86574172973633,10.419628143310547,23.38053321838379,348.75504673943334
2024-08-06,28.488069534301758,48.81867599487305,25.17530059814453,11.784903526306152,46.09395980834961,40.41011428833008,10.56031608581543,23.782106399536133,348.8920028462878
2024-08-07,28.448854446411133,48.7249755859375,25.242572784423828,11.810044288635254,45.48213195800781,44.04828643798828,10.999961853027344,23.46976661682129,349.02901273580557
2024-08-08,28.90378189086914,48.42683410644531,25.152875900268555,11.9441556930542,46.771663665771484,43.975704193115234,10.86806869506836,23.371610641479492,349.16607642910685
2024-08-09,28.637094497680664,48.60572052001953,25.833087921142578,12.23752212524414,46.78108215332031,44.320472717285156,10.94720458984375,23.6928653717041,349.30319394732055
2024-08-12,29.288114547729492,48.35868835449219,25.870454788208008,12.32133960723877,47.609397888183594,44.656166076660156,10.894447326660156,24.201528549194336,349.4403653115836
2024-08-13,29.107715606689453,48.145729064941406,26.602994918823242,12.472211837768555,48.12709426879883,43.6400146484375,11.052720069885254,24.51386070251465,349.5775905430415
2024-08-14,29.617555618286133,47.70277786254883,27.260784149169922,12.581177711486816,48.51301956176758,36.291072845458984,11.043928146362305,24.924358367919922,349.71486966284766
2024-08-15,30.072481155395508,47.8986930847168,27.69432830810547,12.706905364990234,49.60489273071289,35.56525421142578,11.457194328308105,25.120683670043945,349.85220269216427
2024-08-16,30.197980880737305,47.77091979980469,27.462604522705078,12.547650337219238,50.12258529663086,38.64999008178711,11.43960952758789,25.3170108795166,349.98958965216144
2024-08-19,30.15091896057129,48.53757095336914,27.627052307128906,13.109234809875488,48.74834060668945,40.14699935913086,11.43960952758789,25.995223999023438,350.1270305640178
2024-08-20,30.033266067504883,48.7249755859375,27.828872680664062,13.159527778625488,49.990814208984375,38.985687255859375,11.378057479858398,26.111236572265625,350.26452544892027
2024-08-21,29.852861404418945,49.66199493408203,27.71675682067871,13.100852966308594,50.29201126098633,39.64799499511719,11.378057479858398,25.995223999023438,350.402074328064
2024-08-22,29.944175720214844,49.730140686035156,27.462604522705078,13.008654594421387,51.01679611206055,38.05118942260742,11.430816650390625,25.4097900390625,350.5396772226526
2024-08-23,29.758634567260742,48.89534378051758,27.25330924987793,13.125998497009277,50.64970016479492,38.377811431884766,11.50115966796875,25.600296020507812,350.6773341538979
2024-08-26,31.920557022094727,49.44903564453125,27.313100814819336,13.084089279174805,50.90384292602539,38.35966110229492,11.50115966796875,25.700084686279297,350.81504514302014
2024-08-27,31.49302101135254,50.93975067138672,27.343008041381836,12.924833297729492,50.82854080200195,38.92217254638672,11.457194328308105,25.4097900390625,350.95281021124777
2024-08-28,31.94475746154785,50.573455810546875,27.933521270751953,13.134379386901855,50.82854080200195,38.55926513671875,11.38685131072998,25.56400489807129,351.0906293798177
2024-08-29,31.72695541381836,50.51382827758789,27.627052307128906,13.100852966308594,50.39554977416992,37.87881088256836,11.307714462280273,25.672863006591797,351.2285026699751
2024-08-30,31.75922203063965,50.75234603881836,27.432701110839844,13.109234809875488,50.9697265625,37.53404235839844,11.307714462280273,25.50957679748535,351.3664301029736
2024-09-02,31.46074867248535,50.036800384521484,27.214069366455078,13.075706481933594,49.27544021606445,37.425167083740234,11.316508293151855,25.78172492980957,351.50441170007497
2024-09-03,31.081605911254883,48.17128372192383,27.65530014038086,13.217483520507812,49.699012756347656,36.926170349121094,11.254958152770996,26.01759147644043,351.6424474825496
2024-09-04,31.089675903320312,48.54609298706055,27.8497314453125,13.318187713623047,50.25436782836914,38.0421142578125,11.42202377319336,26.298812866210938,351.7805374716759
2024-09-05,30.896066665649414,48.89534378051758,28.02923011779785,13.435676574707031,50.819129943847656,38.55018997192383,11.404437065124512,26.53467559814453,351.918681688741
2024-09-06,30.291053771972656,48.28202438354492,27.632863998413086,13.175521850585938,49.774322509765625,38.12377166748047,11.42202377319336,26.09923553466797,352.0568801550402
2024-09-09,30.621795654296875,48.28202438354492,27.9020938873291,13.217483520507812,49.369571685791016,37.697349548339844,11.527539253234863,26.42581558227539,352.195132891877
2024-09-10,30.11358070373535,47.70277786254883,27.9020938873291,13.259444236755371,49.78373336791992,38.105628967285156,11.641846656799316,26.035736083984375,352.33343992056365
2024-09-11,30.08131217956543,49.057193756103516,27.954448699951172,13.108388900756836,50.35790252685547,38.4322509765625,11.465987205505371,26.044803619384766,352.4718012624204
2024-09-12,29.742507934570312,49.500144958496094,27.6478271484375,13.049644470214844,50.17906188964844,38.33244323730469,11.351680755615234,25.77690315246582,352.6102169387761
2024-09-13,29.60537338256836,49.832359313964844,27.677736282348633,13.049644470214844,50.470855712890625,40.10163497924805,11.193406105041504,25.95039176940918,352.7486869709679
2024-09-16,30.016780853271484,49.832359313964844,27.670255661010742,12.94893741607666,49.88726806640625,39.729652404785156,11.307714462280273,26.08735466003418,352.88721138034134
2024-09-17,29.8796443939209,49.593849182128906,27.60295295715332,12.86501693725586,50.188472747802734,40.18329620361328,11.395644187927246,25.922998428344727,353.0257901882504
2024-09-18,29.161693572998047,49.01460266113281,27.44590187072754,12.78948974609375,50.452030181884766,40.664146423339844,11.413229942321777,25.795164108276367,353.16442341605733
2024-09-19,29.25849723815918,49.60236358642578,27.371124267578125,12.613255500793457,50.13199996948242,40.201438903808594,11.38685131072998,25.484708786010742,353.30628250165506
2024-09-20,29.250429153442383,48.85274887084961,27.07198715209961,12.378280639648438,49.43545913696289,39.012901306152344,11.219786643981934,25.11033821105957,353.4481985692104
2024-09-23,29.54890251159668,49.00608444213867,26.913753509521484,12.059381484985352,51.12974548339844,38.74979019165039,11.210992813110352,25.019025802612305,353.5901716416116
2024-09-24,29.669906616210938,51.39973831176758,26.90621566772461,12.042596817016602,52.136905670166016,39.08549499511719,11.219786643981934,25.000762939453125,353.7322017417566
2024-09-25,29.887712478637695,51.629737854003906,27.24527359008789,12.118124008178711,52.409873962402344,37.99675369262695,11.149444580078125,24.927715301513672,353.8742888925522
2024-09-26,29.242359161376953,54.73041534423828,27.59187126159668,12.428631782531738,52.758140563964844,38.28944396972656,11.290130615234375,25.09207534790039,354.0164331169146
2024-09-27,29.129425048828125,54.48338317871094,27.697357177734375,12.537727355957031,52.73931121826172,37.89555358886719,11.360472679138184,24.88205909729004,354.15863443776897
2024-09-30,29.04875373840332,54.10005569458008,27.207603454589844,12.336319923400879,51.25973129272461,37.55663299560547,11.50115966796875,24.818145751953125,354.3008928780499
2024-10-01,29.823177337646484,54.3641242980957,26.761072158813477,12.495542526245117,52.66398239135742,37.64823532104492,11.958393096923828,24.726837158203125,354.44320846070116
2024-10-02,30.234586715698242,54.662269592285156,26.92691421508789,12.946051597595215,52.16448211669922,38.28028869628906,12.063908576965332,24.79075050354004,354.58558120867565
2024-10-03,30.60565757751465,53.6145133972168,26.263540267944336,12.80977725982666,51.4576416015625,37.0986213684082,11.782532691955566,24.562477111816406,354.7280111449355
2024-10-04,30.524991989135742,53.222660064697266,26.316303253173828,12.826807975769043,51.36339569091797,38.381046295166016,11.677018165588379,24.525951385498047,354.8704982924522
2024-10-07,30.952531814575195,53.69117736816406,26.489686965942383,12.946051597595215,50.32670593261719,37.94135665893555,11.580296516418457,24.644655227661133,355.0130426742063
2024-10-08,30.331384658813477,52.064170837402344,26.648000717163086,12.963083267211914,51.18433380126953,39.26042556762695,11.50115966796875,24.635522842407227,355.1556443131877
2024-10-09,30.02484893798828,51.927879333496094,26.158002853393555,12.70757007598877,50.892173767089844,37.99631881713867,11.50115966796875,24.133317947387695,355.29830323239537
2024-10-10,30.371726989746094,52.17490768432617,26.301233291625977,12.775707244873047,51.06181716918945,37.66655731201172,11.527539253234863,23.923301696777344,355.4410194548378
2024-10-11,30.347517013549805,52.924530029296875,26.105236053466797,12.605363845825195,51.05239486694336,38.087921142578125,11.325301170349121,24.042007446289062,355.5837930035324
2024-10-14,30.42012596130371,52.75415802001953,26.27107810974121,12.792742729187012,51.87232208251953,38.894012451171875,11.360472679138184,24.215492248535156,355.726623901506
2024-10-15,30.170053482055664,52.10676193237305,26.57261085510254,12.903463363647461,53.27656173706055,39.04056930541992,11.325301170349121,24.169841766357422,355.8695121717947
2024-10-16,30.016780853271484,53.10341262817383,26.414304733276367,12.860879898071289,53.89858627319336,39.52606964111328,11.378057479858398,24.434640884399414,356.0124578374439
2024-10-17,29.79090690612793,51.75750732421875,26.46707534790039,12.946051597595215,52.98440933227539,39.068058013916016,11.307714462280273,24.398115158081055,356.15546092150805
2024-10-18,29.710237503051758,51.5786247253418,26.595230102539062,13.048257827758789,52.04195785522461,38.7016487121582,11.325301170349121,24.3707275390625,356.298521447051
2024-10-21,29.242359161376953,51.39122009277344,26.459537506103516,13.01418685913086,51.87232208251953,38.948978424072266,11.281336784362793,24.306806564331055,356.4416394371458
2024-10-22,29.129425048828125,51.45936965942383,26.504770278930664,12.9290132522583,52.72994613647461,38.97645568847656,11.272542953491211,24.014612197875977,356.5848149148749
2024-10-23,28.766416549682617,50.55641555786133,26.67061424255371,12.877913475036621,52.96556091308594,38.81156921386719,11.210992813110352,24.042007446289062,356.7280479033299
2024-10-24,28.960020065307617,50.85456466674805,26.911840438842773,12.903463363647461,53.03152847290039,39.84667205810547,11.281336784362793,24.06939697265625,356.87133842561167
2024-10-25,29.161693572998047,52.58379364013672,26.610305786132812,12.716087341308594,52.27756881713867,38.59172821044922,11.210992813110352,24.078533172607422,357.0146865048305
2024-10-28,29.11329460144043,53.56340026855469,26.934450149536133,12.946051597595215,53.0221061706543,38.820735931396484,11.33409309387207,24.03287696838379,357.1580921641057
2024-10-29,29.04875373840332,53.375999450683594,26.648000717163086,12.758671760559082,53.6629753112793,38.610050201416016,11.413229942321777,23.895910263061523,357.30155542656615
2024-10-30,28.919681549072266,53.21414566040039,26.57261085510254,12.801258087158203,50.892173767089844,39.04973602294922,11.369266510009766,24.078533172607422,357.44507631534987
2024-10-31,28.968090057373047,52.86489486694336,26.399234771728516,12.239128112792969,50.99584197998047,38.490966796875,11.114270210266113,24.042007446289062,357.5886548536042
2024-11-01,28.57280921936035,52.83933639526367,26.2541561126709,12.017682075500488,51.55188751220703,37.336788177490234,11.026341438293457,23.822860717773438,357.73229106448576
2024-11-04,28.63734245300293,53.3845100402832,26.608642578125,12.033838272094727,52.95612716674805,38.83905792236328,11.14064884185791,23.959827423095703,357.8759849711605
2024-11-05,28.548614501953125,52.91600799560547,27.40810775756836,11.88032341003418,52.7864875793457,38.77493667602539,11.149444580078125,23.96895980834961,358.01973659680374
2024-11-06,28.556676864624023,52.31972122192383,27.27988624572754,11.777979850769043,52.86188888549805,39.068058013916016,10.991169929504395,24.014612197875977,358.16354596459996
2024-11-07,28.64541244506836,54.14265060424805,26.880155563354492,11.650049209594727,52.560306549072266,38.51844787597656,11.035134315490723,23.914173126220703,358.3138206435803
2024-11-08,29.185895919799805,51.64677047729492,26.457794189453125,11.522122383117676,51.91944122314453,37.465030670166016,10.841690063476562,23.73154640197754,358.4641583733077
2024-11-11,29.242359161376953,49.960140228271484,26.48797035217285,11.479480743408203,52.29642868041992,38.99477767944336,10.999961853027344,23.749813079833984,358.6145591802365
2024-11-12,29.79090690612793,48.82719802856445,26.17119598388672,11.419780731201172,52.23045349121094,41.642059326171875,11.06151294708252,23.69502830505371,358.76502309083173
2024-11-13,29.750574111938477,48.69090270996094,26.03544044494629,11.496535301208496,51.55188751220703,41.38557815551758,11.193406105041504,23.69502830505371,358.91555013156994
2024-11-14,30.0651798248291,48.41831970214844,25.96001625061035,11.539175987243652,51.22202682495117,40.97336959838867,11.114270210266113,23.16543197631836,359.0661403289387
2024-11-18,30.815399169921875,49.02312088012695,25.869508743286133,11.70122241973877,50.892173767089844,39.70927047729492,10.920825958251953,23.47588348388672,359.2167937094365
2024-11-19,30.49272346496582,49.13385772705078,26.10331153869629,11.786506652832031,51.01469421386719,40.203914642333984,10.929618835449219,23.603715896606445,359.3675102995732
2024-11-21,30.58146095275879,49.08274459838867,25.650789260864258,11.743867874145508,50.63771057128906,39.8833122253418,10.894447326660156,23.064987182617188,359.5182901258696
2024-11-22,31.7995548248291,49.55977249145508,25.726213455200195,11.769451141357422,50.9015998840332,40.48788070678711,11.149444580078125,23.375442504882812,359.66913321485777
2024-11-25,31.6059513092041,49.55125427246094,25.71866798400879,11.598878860473633,49.14864730834961,39.874149322509766,11.026341438293457,23.51240348815918,359.8200395930807
2024-11-26,31.56562042236328,48.9208984375,26.208908081054688,11.67563533782959,49.74238586425781,40.37796401977539,11.087891578674316,23.887710571289062,359.9710092870928
2024-11-27,31.452680587768555,49.517181396484375,25.567825317382812,11.360078811645508,49.11094284057617,38.0604362487793,11.035134315490723,23.46895408630371,360.12204232345937
2024-11-28,31.1300048828125,49.00608444213867,24.647680282592773,10.882478713989258,49.86490249633789,35.7245979309082,10.903239250183105,22.780332565307617,360.27313872875703
2024-11-29,31.380077362060547,50.07087707519531,24.58734893798828,10.77160358428955,50.83562469482422,34.423858642578125,11.193406105041504,23.050195693969727,360.4242985295735
2024-12-02,31.58175277709961,50.190128326416016,24.238445281982422,10.541335105895996,50.75080490112305,33.54448318481445,11.650639533996582,22.864084243774414,360.57552175250754
2024-12-03,31.864086151123047,49.80681228637695,24.510114669799805,10.50626277923584,51.4576416015625,34.00248718261719,12.178216934204102,23.143253326416016,360.7268084241693
2024-12-04,31.662416458129883,48.835716247558594,24.66103172302246,10.625848770141602,51.834625244140625,33.214717864990234,12.248559951782227,23.422426223754883,360.8781585711798
2024-12-05,31.977027893066406,49.23607635498047,25.189271926879883,10.7710542678833,51.76865005493164,33.8925666809082,12.679413795471191,23.710901260375977,361.02957222017153
2024-12-06,31.48494529724121,48.39276123046875,24.676124572753906,10.523348808288574,52.400089263916016,31.895654678344727,12.503555297851562,23.01297378540039,361.18104939778794
2024-12-09,32.299705505371094,50.96530532836914,24.796865463256836,10.455012321472168,52.54146194458008,30.640714645385742,12.49476146697998,22.95713996887207,361.3325901306838
2024-12-10,32.42070007324219,50.9141960144043,25.13249397277832,10.660013198852539,53.606422424316406,31.538408279418945,12.547520637512207,23.106029510498047,361.48419444552496
2024-12-11,32.74337387084961,50.12198257446289,25.37627601623535,10.847929954528809,55.1803092956543,32.45442581176758,12.13425064086914,23.599233627319336,361.6358623689885
2024-12-12,32.15771484375,48.73874282836914,24.74397087097168,10.47209644317627,54.473472595214844,30.915517807006836,11.518745422363281,23.286705017089844,361.8004536990285
2024-12-13,31.95641326904297,48.00822448730469,24.424001693725586,10.335433006286621,54.34153366088867,29.523178100585938,11.50115966796875,22.968097686767578,361.9651199395205
2024-12-16,31.82221031188965,47.98244094848633,24.15736198425293,10.164596557617188,53.823184967041016,28.13083267211914,11.290130615234375,22.640113830566406,362.12986112455854
2024-12-17,32.12416458129883,48.22308349609375,24.28687286376953,10.241470336914062,54.567726135253906,28.56136131286621,11.518745422363281,22.883756637573242,362.29467728825216
2024-12-18,31.29380226135254,47.105812072753906,23.59361457824707,9.814385414123535,53.76664352416992,27.776865005493164,11.219786643981934,22.24653434753418,362.4595684647264
2024-12-19,31.167987823486328,46.211997985839844,23.723129272460938,9.822929382324219,53.21059799194336,30.20838165283203,11.237371444702148,22.38709831237793,362.6245346881217
2024-12-20,30.907976150512695,46.9425163269043,23.99738121032715,10.045012474060059,52.343544006347656,31.25709342956543,11.346475601196289,22.56514549255371,362.78957599259434
2024-12-23,30.916362762451172,47.14018630981445,23.532669067382812,9.865635871887207,51.19188690185547,30.5146427154541,11.337198257446289,22.415210723876953,362.9546924123158
2024-12-26,31.148775100708008,47.2776985168457,23.68503189086914,9.942512512207031,51.588279724121094,30.189821243286133,11.262978553771973,22.677595138549805,363.11988398147344
2024-12-27,31.05298614501953,47.045658111572266,23.448869705200195,9.865635871887207,50.66335678100586,30.161983489990234,11.19803524017334,22.593257904052734,363.2851507342699
2024-12-30,31.51451301574707,46.88235855102539,23.410778045654297,9.874177932739258,49.80449295043945,29.883560180664062,10.891875267028809,22.64948272705078,363.4504927049236
2025-01-02,32.01958084106445,46.62452697753906,23.302268981933594,9.991151809692383,49.75730514526367,29.883560180664062,10.76198959350586,22.415210723876953,363.6159099276683
2025-01-03,31.679964065551758,45.756492614746094,22.730575561523438,9.832208633422852,49.51190948486328,29.95780372619629,10.511493682861328,22.24653434753418,363.7814024367537
2025-01-06,31.53192710876465,45.17207717895508,23.75200653076172,10.025341987609863,49.5213508605957,29.976367950439453,10.474384307861328,22.452693939208984,363.94697026644474
2025-01-07,32.202449798583984,44.733760833740234,24.011171340942383,10.165799140930176,50.51234436035156,29.697948455810547,10.70632266998291,22.72445297241211,364.11261345102207
2025-01-08,31.94120979309082,44.304039001464844,23.622421264648438,10.007781028747559,50.219757080078125,28.52859115600586,10.594992637634277,22.640113830566406,364.278332024782
2025-01-09,32.08053970336914,44.02901840209961,23.683399200439453,9.937555313110352,51.239078521728516,28.101686477661133,10.576436996459961,22.743196487426758,364.4441260220364
2025-01-10,32.1676139831543,44.278263092041016,23.355628967285156,9.81464958190918,50.351898193359375,26.793119430541992,10.353775978088379,22.68696403503418,364.6099954771128
2025-01-13,32.28082275390625,44.2696647644043,23.523324966430664,9.849766731262207,50.25751876831055,26.69103240966797,10.427995681762695,22.68696403503418,364.7759404243543
2025-01-14,32.06312561035156,44.56187057495117,23.538570404052734,10.034119606018066,49.95549774169922,27.117938995361328,10.400163650512695,23.099285125732422,364.94196089811965
2025-01-15,32.47239685058594,45.20645523071289,24.559995651245117,10.385271072387695,51.11637496948242,28.742048263549805,10.567160606384277,23.68028450012207,365.1080569327832
2025-01-16,32.26340866088867,45.2666130065918,24.483774185180664,10.297481536865234,50.65391159057617,28.064559936523438,10.27955436706543,23.78335952758789,365.274228562735
2025-01-17,32.39402770996094,46.83079147338867,24.65909194946289,10.174579620361328,51.12581253051758,28.250173568725586,10.28883171081543,23.755250930786133,365.4404758223808
2025-01-20,32.47239685058594,46.658905029296875,24.89539337158203,10.20969295501709,52.03186798095703,28.380102157592773,10.25172233581543,23.830217361450195,365.6067987461418
2025-01-21,32.481109619140625,46.426856994628906,24.948753356933594,10.218474388122559,52.50376510620117,28.361541748046875,10.437273979187012,24.045745849609375,365.7731973684551
2025-01-22,32.298240661621094,45.25801467895508,24.85728645324707,10.078011512756348,53.26824951171875,28.33370018005371,10.22389030456543,24.486181259155273,365.9396717237734
2025-01-23,32.07182693481445,44.9658088684082,24.803922653198242,9.999001502990723,54.03273391723633,27.869667053222656,10.25172233581543,25.0390625,366.106221846565
2025-01-24,31.9063720703125,45.576011657714844,24.742937088012695,9.919992446899414,54.617881774902344,28.138805389404297,10.084724426269531,24.945358276367188,366.27284777131405
2025-01-27,32.37661361694336,46.37528610229492,25.33750343322754,10.165799140930176,50.31414794921875,29.42881202697754,10.316664695739746,25.96678352355957,366.43954953252023
2025-01-28,32.33307647705078,45.249427795410156,25.383230209350586,10.20969295501709,51.05030822753906,29.113271713256836,10.307387351989746,25.798107147216797,366.60632716469894
2025-01-29,32.132789611816406,45.37834167480469,25.3222599029541,10.104348182678223,51.3712043762207,28.008878707885742,10.177501678466797,25.713768005371094,366.7731807023814
2025-01-30,32.559478759765625,47.29488754272461,25.939687728881836,10.6574125289917,53.051177978515625,29.38240623474121,10.307387351989746,25.901187896728516,366.9530352670024
2025-01-31,32.82072448730469,46.55577087402344,25.77199363708496,10.613516807556152,51.94692611694336,28.649240493774414,10.29810905456543,25.93867301940918,367.1329780269063
2025-02-03,32.655269622802734,46.590152740478516,25.53377914428711,10.59595775604248,50.870994567871094,29.215356826782227,10.233166694641113,25.873075485229492,367.3130090253414
2025-02-04,32.33307647705078,46.426856994628906,25.625295639038086,10.577441215515137,51.02199935913086,29.38240623474121,10.112558364868164,26.023012161254883,367.4931283055772
2025-02-05,32.09795379638672,46.67609405517578,26.014245986938477,10.82363510131836,51.40895462036133,29.31744384765625,10.038337707519531,26.079233169555664,367.6733359109044
2025-02-06,32.03699493408203,47.38083267211914,26.060009002685547,10.97311019897461,51.4655876159668,29.595863342285156,10.075448036193848,26.37910270690918,367.8536318846351
2025-02-07,31.854127883911133,47.12300109863281,25.869342803955078,10.542269706726074,50.90873718261719,27.786144256591797,10.066170692443848,26.032381057739258,368.03401627010237
2025-02-10,32.07182693481445,47.612884521484375,26.15152931213379,10.55106258392334,51.16356658935547,28.055278778076172,10.177501678466797,26.06986427307129,368.2144891106608
2025-02-11,32.07182693481445,47.4066162109375,26.426076889038086,10.797256469726562,50.12538528442383,28.7977294921875,10.168224334716797,26.294767379760742,368.39505044968604
2025-02-12,31.592885971069336,47.088626861572266,25.693933486938477,10.3048734664917,49.738426208496094,28.47290802001953,10.13111400604248,25.863704681396484,368.57570033057505
2025-02-13,31.627717971801758,47.148780822753906,25.83121109008789,10.445554733276367,49.5213508605957,27.60053062438965,10.18677806854248,25.72314453125,368.7564387967462
2025-02-14,32.603023529052734,47.84492874145508,26.517601013183594,10.718124389648438,50.776607513427734,29.33600616455078,10.325942993164062,26.941360473632812,368.93726589163896
2025-02-17,32.803306579589844,47.587093353271484,26.57099151611328,10.735709190368652,49.502471923828125,30.134140014648438,10.29810905456543,27.325565338134766,369.11818165871426
2025-02-18,33.40416717529297,47.90509033203125,26.52654266357422,10.726917266845703,49.917747497558594,29.697948455810547,10.28883171081543,27.597322463989258,369.2991861414543
2025-02-19,33.47383117675781,47.862117767333984,26.278852462768555,10.533478736877441,49.27595901489258,28.259456634521484,10.177501678466797,27.0444393157959,369.48027938336253
2025-02-20,33.52607727050781,49.62397003173828,26.206945419311523,10.507102966308594,49.17213821411133,28.166650772094727,10.24244499206543,26.238540649414062,369.6614614279638
2025-02-21,33.43029022216797,49.98493194580078,26.12704086303711,10.410386085510254,49.97438049316406,27.13650131225586,10.316664695739746,26.219799041748047,369.8427323188042
2025-02-24,33.19516372680664,49.52942657470703,25.98322868347168,10.22574234008789,48.65304946899414,25.86505889892578,10.233166694641113,26.06049156188965,370.0240920994514
2025-02-25,33.04713439941406,49.04814147949219,26.246889114379883,10.34883975982666,49.455284118652344,26.301246643066406,10.28883171081543,26.454071044921875,370.2055408134943
2025-02-26,33.04713439941406,48.74734115600586,26.1829776763916,10.146608352661133,45.16097640991211,25.651601791381836,10.854764938354492,26.30413818359375,370.387078504543
2025-02-27,31.880252838134766,48.38637161254883,26.159000396728516,10.085062026977539,46.15196990966797,25.614482879638672,11.429974555969238,26.20105743408203,370.5687052162293
2025-02-28,31.288103103637695,47.39802169799805,25.51980972290039,9.882829666137695,45.698951721191406,26.078508377075195,11.337198257446289,25.59194564819336,370.7504209922063
2025-03-05,30.147340774536133,47.77617263793945,25.901662826538086,10.085062026977539,45.255088806152344,26.078508377075195,11.856741905212402,26.023012161254883,370.9322258761482
2025-03-06,29.833852767944336,48.30043411254883,25.94962501525879,10.172542572021484,44.903690338134766,26.282684326171875,11.921686172485352,25.98552703857422,371.1141199117511
2025-03-07,30.15605354309082,49.00517272949219,26.06155014038086,10.295848846435547,45.483028411865234,27.67477798461914,12.15362548828125,26.294767379760742,371.2961031427323
2025-03-10,30.147340774536133,48.212066650390625,26.293386459350586,10.146121978759766,45.28358459472656,27.609813690185547,12.17218017578125,26.21042823791504,371.47817561283046
2025-03-11,29.69452667236328,48.61391067504883,26.06155014038086,10.084468841552734,44.25785827636719,27.860389709472656,11.930963516235352,25.976152420043945,371.66033736580573
2025-03-12,29.69452667236328,48.00667953491211,26.141490936279297,10.084468841552734,44.82770538330078,28.166650772094727,12.0886812210083,25.947778701782227,371.8425884454398
2025-03-13,29.990596771240234,48.66748809814453,26.5651912689209,10.26061725616455,44.39082717895508,29.011184692382812,12.367010116577148,26.369853973388672,372.0249288955358
2025-03-14,30.913650512695312,50.265926361083984,27.428579330444336,10.683372497558594,44.39082717895508,30.486799240112305,12.65461540222168,26.743959426879883,372.20735875991835
2025-03-17,31.488388061523438,50.98923873901367,28.251995086669922,10.841904640197754,45.255088806152344,30.969388961791992,12.70855712890625,27.300329208374023,372.3898780824335
2025-03-18,31.51451301574707,51.36429214477539,28.403888702392578,10.833098411560059,45.255088806152344,30.52392578125,12.689826965332031,27.33869743347168,372.5724869069488
2025-03-19,31.488388061523438,51.274993896484375,28.474239349365234,10.92997932434082,45.720458984375,31.182846069335938,12.811575889587402,27.233182907104492,372.75518527735335
2025-03-20,31.558055877685547,51.1142578125,28.21042823791504,10.877135276794434,45.492523193359375,30.755937576293945,12.736653327941895,27.09888458251953,372.9509973037314
2025-03-21,32.04570388793945,51.301780700683594,28.271984100341797,11.026862144470215,45.445030212402344,31.052919387817383,12.85840129852295,27.21399688720703,373.146912192125
2025-03-24,32.002166748046875,51.03388977050781,28.298364639282227,11.141357421875,45.055660247802734,30.19910430908203,12.680460929870605,27.204402923583984,373.34292999656867
2025-03-25,32.25469970703125,51.20355224609375,28.527000427246094,11.326312065124512,44.713172912597656,30.84874725341797,12.736653327941895,27.309919357299805,373.5390507711252
2025-03-26,32.559478759765625,51.51609802246094,28.21921730041504,11.511270523071289,44.47533416748047,32.31507873535156,12.530619621276855,27.636064529418945,373.73527456988575
2025-03-27,32.803306579589844,51.9268684387207,28.254392623901367,11.467230796813965,44.13285446166992,32.678436279296875,12.605541229248047,27.52095603942871,373.93160144697003
2025-03-28,32.59431457519531,51.40000915527344,27.86746597290039,11.308699607849121,43.61912536621094,32.424522399902344,12.577445030212402,27.472993850708008,374.1280314565261
2025-03-31,32.359195709228516,50.63204574584961,27.62124252319336,11.158974647521973,43.07686233520508,31.587581634521484,12.643001556396484,27.041330337524414,374.32456465273054
2025-04-01,32.481109619140625,51.06960678100586,27.627971649169922,11.174606323242188,43.143455505371094,33.007568359375,12.746018409729004,27.175626754760742,374.52120108978824
2025-04-02,32.39402770996094,50.837432861328125,27.63677215576172,11.200601577758789,42.71535110473633,34.277095794677734,12.802209854125977,27.19481086730957,374.7179408219327
2025-04-03,31.349056243896484,48.99789047241211,28.129499435424805,11.416170120239258,42.116004943847656,35.019996643066406,12.970784187316895,27.348291397094727,374.9147839034259
2025-04-04,30.086389541625977,47.042259216308594,27.39920997619629,11.290420532226562,41.5927734375,33.947959899902344,12.83967113494873,26.839887619018555,375.1117303885582
2025-04-07,28.89338493347168,46.47968292236328,27.45199966430664,11.101797103881836,41.85913848876953,33.67524719238281,12.343316078186035,26.55211067199707,375.3087803316487
2025-04-08,27.86583137512207,43.934688568115234,27.460800170898438,10.796411514282227,41.85913848876953,33.571800231933594,12.399506568908691,26.504148483276367,375.5059337870447
2025-04-09,28.997879028320312,46.30108642578125,27.962326049804688,11.200601577758789,43.20053482055664,34.766090393066406,12.802209854125977,26.619260787963867,375.70319080912236
2025-04-10,27.195310592651367,47.131561279296875,27.847942352294922,11.182634353637695,42.7248649597168,35.17045593261719,12.736653327941895,26.437002182006836,375.9005514522863
2025-04-11,27.73520851135254,47.917381286621094,27.98872947692871,11.335331916809082,42.92464828491211,36.27070617675781,12.624271392822266,26.667221069335938,376.0980157709697
2025-04-14,27.630714416503906,48.5424690246582,28.446256637573242,11.434134483337402,43.5905876159668,36.91957473754883,12.811575889587402,26.926219940185547,376.2955838196344
2025-04-15,26.995023727416992,48.05133056640625,28.8070011138916,11.44311809539795,43.5905876159668,37.051231384277344,12.79284381866455,26.638444900512695,376.49325565277064
2025-04-16,26.995023727416992,46.93510818481445,28.763011932373047,11.425149917602539,43.609615325927734,36.43997573852539,13.008243560791016,26.523334503173828,376.6910313248976
2025-04-17,27.528759002685547,47.22085952758789,28.815805435180664,11.479043960571289,43.714263916015625,37.850563049316406,13.111261367797852,26.312299728393555,376.8889108905629
2025-04-22,27.591224670410156,48.06026077270508,29.3789119720459,11.434134483337402,43.99015426635742,36.81613540649414,13.12999153137207,26.64803695678711,377.08689440434284
2025-04-23,27.27890396118164,48.63176727294922,29.994834899902344,11.811379432678223,44.01869201660156,37.954002380371094,13.158086776733398,26.897441864013672,377.2849819208424
2025-04-24,27.153974533081055,49.390804290771484,30.57554817199707,12.000004768371582,46.22581100463867,39.12008285522461,13.251737594604492,26.57129669189453,377.4831734946952
2025-04-25,27.234285354614258,48.08705139160156,30.461166381835938,12.017964363098145,47.46255874633789,40.25794982910156,13.195548057556152,26.86866569519043,377.68146918056374
2025-04-28,27.12720489501953,48.256717681884766,30.786714553833008,11.991019248962402,47.87163162231445,40.49304962158203,13.392216682434082,27.19481086730957,377.879869033139
2025-04-29,27.26997947692871,48.07811737060547,31.0330753326416,12.125748634338379,48.014347076416016,40.60588836669922,13.588886260986328,27.33869743347168,378.0783731071408
2025-04-30,26.76134490966797,47.202999114990234,31.30584144592285,12.332338333129883,42.46800231933594,40.39900588989258,13.645075798034668,27.751176834106445,378.2769814573177
2025-05-02,27.493064880371094,47.149417877197266,31.224544525146484,12.071857452392578,42.258705139160156,40.53065872192383,13.22364330291748,27.72239875793457,378.47569413844707
2025-05-05,26.466873168945312,47.29229736328125,30.669946670532227,11.962970733642578,40.460662841796875,40.49304962158203,13.167452812194824,27.93343734741211,378.6745112053349
2025-05-06,26.90411949157715,47.3280143737793,30.51149559020996,11.909001350402832,40.8602294921875,39.49623489379883,13.307929039001465,27.72239875793457,378.87343271281617
2025-05-07,27.029048919677734,47.23871994018555,30.84601402282715,11.729107856750488,39.90888595581055,39.580867767333984,13.364121437072754,28.115692138671875,379.0724587157545
2025-05-08,27.40382957458496,47.09584426879883,31.092496871948242,13.564029693603516,40.15623474121094,41.2829704284668,13.457772254943848,28.211618423461914,379.2781661762012
2025-05-09,27.582300186157227,47.28336715698242,32.77389144897461,13.600007057189941,39.75667190551758,38.55584716796875,13.373486518859863,28.326730728149414,379.4839852658584
2025-05-12,28.242631912231445,48.471031188964844,32.11366271972656,13.40212345123291,40.593849182128906,39.02604293823242,13.382851600646973,27.88547134399414,379.68991604530277
2025-05-13,28.670957565307617,49.265785217285156,32.50978469848633,13.689953804016113,41.85913848876953,39.25173568725586,13.345390319824219,28.451431274414062,379.8959585751439
2025-05-14,28.474639892578125,49.024681091308594,32.7298698425293,13.671967506408691,41.92573165893555,37.342750549316406,13.32666015625,28.547359466552734,380.1021129160243
2025-05-15,28.438949584960938,49.51581954956055,33.17002487182617,13.80688762664795,42.020870208740234,38.32075119018555,13.495233535766602,28.2020263671875,380.3083791286193
2025-05-16,28.572799682617188,49.55154037475586,33.36369323730469,13.851859092712402,42.81048583984375,39.34577178955078,13.597284317016602,24.624011993408203,380.51475727363726
2025-05-19,28.537107467651367,49.4175910949707,33.759822845458984,13.977785110473633,42.38237762451172,39.59027099609375,13.531140327453613,24.01968765258789,380.7212474118193
2025-05-20,28.653112411499023,49.42652130126953,33.715816497802734,14.112707138061523,42.36335372924805,39.21411895751953,13.502792358398438,24.460941314697266,380.9278496039398
2025-05-21,28.331865310668945,48.79250717163086,33.037986755371094,13.860852241516113,41.335899353027344,37.954002380371094,13.379953384399414,24.23072052001953,381.1345639108059
2025-05-22,27.95708465576172,48.42638397216797,32.80909729003906,13.896833419799805,41.54519271850586,38.1420783996582,13.323260307312012,24.02927589416504,381.3413903932577
2025-05-23,28.019548416137695,48.506752014160156,33.205238342285156,14.067733764648438,41.56422424316406,38.170291900634766,13.455546379089355,23.42494773864746,381.5483291121685
2025-05-26,27.930315017700195,48.22992706298828,33.27566909790039,14.139692306518555,41.60227966308594,38.4147834777832,13.474445343017578,23.664762496948242,381.7553801284446
2025-05-27,28.13555145263672,48.07811737060547,33.539764404296875,14.427521705627441,42.42042922973633,40.10749053955078,13.417750358581543,23.568836212158203,381.9625435030251
2025-05-28,28.04631996154785,47.69413757324219,33.26686096191406,14.52646255493164,42.48702621459961,40.737545013427734,13.323260307312012,23.09880256652832,382.16981929688245
2025-05-29,27.876773834228516,47.7298583984375,33.002769470214844,14.4635009765625,41.87816619873047,40.85039138793945,13.285463333129883,22.734289169311523,382.3772075710221
2025-05-30,27.573375701904297,46.524330139160156,32.94995880126953,14.571436882019043,40.289424896240234,40.39900588989258,13.257115364074707,22.465696334838867,382.58470838648265
2025-06-02,27.733999252319336,46.93510818481445,32.718894958496094,14.607414245605469,39.813751220703125,40.72814178466797,13.143726348876953,22.331401824951172,382.79232180433564
2025-06-03,27.742422103881836,46.90830993652344,32.61320877075195,14.858610153198242,39.67104721069336,40.549468994140625,13.2382173538208,22.453245162963867,383.000047885686
2025-06-04,26.979461669921875,47.12263107299805,32.533935546875,14.81358528137207,41.06000900268555,41.09489059448242,13.304361343383789,21.837684631347656,383.20788669167166
2025-06-05,26.9886531829834,47.24764633178711,32.137611389160156,14.381333351135254,40.470176696777344,41.565086364746094,13.105929374694824,21.730205535888672,383.41583828346376
2025-06-06,27.273616790771484,47.31015396118164,32.21687698364258,14.37232780456543,40.49871826171875,41.18893051147461,13.304361343383789,21.21235466003418,383.6239027222667
2025-06-09,26.814001083374023,47.586978912353516,32.049537658691406,14.264263153076172,40.755584716796875,41.057273864746094,13.190971374511719,21.23189926147461,383.83208006931795
2025-06-10,27.622922897338867,47.9084587097168,31.99984359741211,14.255260467529297,40.24185562133789,41.36760711669922,13.039785385131836,21.046255111694336,384.04037038588837
2025-06-11,28.542156219482422,47.48875045776367,32.29317855834961,14.696515083312988,40.23234176635742,41.37700653076172,13.143726348876953,20.909461975097656,384.248773733282
2025-06-12,29.185619354248047,47.176212310791016,32.54207229614258,14.840599060058594,40.203800201416016,41.80958557128906,13.039785385131836,20.929006576538086,384.4572901728361
2025-06-13,29.902618408203125,46.55112075805664,32.15095901489258,14.669500350952148,40.327476501464844,41.395816802978516,12.88860034942627,21.09510612487793,384.66591976592133
2025-06-16,29.608463287353516,48.06919479370117,32.73762130737305,14.984681129455566,40.470176696777344,42.30799102783203,12.926396369934082,21.47616958618164,384.8746625739415
2025-06-17,30.27950096130371,45.90817642211914,32.933189392089844,15.209810256958008,39.39516067504883,41.94123840332031,12.727965354919434,21.398000717163086,385.0835186583339
2025-06-18,30.25192642211914,45.75636672973633,32.73762130737305,15.092744827270508,39.823265075683594,42.20454788208008,12.74686336517334,21.310062408447266,385.29248808056906
2025-06-20,30.16919708251953,44.577632904052734,32.56873321533203,14.966670989990234,39.61397171020508,40.681121826171875,12.784659385681152,20.860610961914062,385.50490368217277
2025-06-23,29.415428161621094,45.14020919799805,32.49762725830078,14.849605560302734,39.66551208496094,39.88179397583008,12.813006401062012,20.606569290161133,385.7174363906218
2025-06-24,28.83631134033203,45.131282806396484,33.1109619140625,14.894632339477539,39.5129508972168,40.91621780395508,12.765761375427246,20.948549270629883,385.9300862704784
2025-06-25,28.689231872558594,45.077701568603516,32.51540756225586,14.768558502197266,39.87528610229492,40.57768249511719,12.425592422485352,20.77267074584961,386.1428533863402
2025-06-26,28.91904067993164,46.435035705566406,32.2754020690918,14.90363597869873,41.06715393066406,37.6248664855957,12.586228370666504,21.10487937927246,386.3557378028406
2025-06-27,28.689231872558594,47.21192932128906,32.23984909057617,14.92164421081543,40.380638122558594,38.13267517089844,12.425592422485352,21.23189926147461,386.56873958464877
2025-06-30,28.845502853393555,47.01547622680664,32.84428787231445,15.155781745910645,40.7906379699707,38.586143493652344,12.586228370666504,21.583646774291992,386.7818587964692
2025-07-01,28.946617126464844,47.64949035644531,32.993385314941406,15.29020881652832,40.52366256713867,38.69089126586914,12.642922401428223,21.407772064208984,386.9950955030423
2025-07-02,29.46138572692871,49.38187026977539,32.726593017578125,15.013925552368164,40.45691680908203,36.46257019042969,12.898048400878906,21.48594093322754,387.2084497691441
2025-07-03,29.562503814697266,49.14970016479492,33.535865783691406,15.371834754943848,40.72389221191406,37.37675094604492,12.73741340637207,21.788833618164062,387.42192165958636
2025-07-04,29.525732040405273,49.29257583618164,33.55364227294922,15.298419952392578,41.000404357910156,37.31009292602539,12.775211334228516,21.91585350036621,387.6355112392165
2025-07-07,29.4705810546875,48.56925964355469,33.10898971557617,15.151583671569824,40.361572265625,36.843475341796875,12.661820411682129,21.554332733154297,387.84921857291783
2025-07-08,29.893428802490234,48.73892593383789,33.02896499633789,15.188291549682617,38.72154998779297,36.45304489135742,12.642922401428223,21.495708465576172,388.0630437256093
2025-07-09,29.70958137512207,48.256717681884766,32.34418869018555,15.013925552368164,38.24480438232422,35.54838943481445,12.57677936553955,20.958316802978516,388.2769867622457
2025-07-10,29.636043548583984,49.364013671875,31.34815788269043,14.812026023864746,38.04457092285156,36.42448043823242,12.501185417175293,20.72381591796875,388.4910477478176
2025-07-11,29.994544982910156,50.0069580078125,31.09025764465332,14.729429244995117,37.90153884887695,34.910362243652344,12.595677375793457,20.655420303344727,388.7052267473515
2025-07-14,29.599273681640625,49.43545150756836,31.036907196044922,14.784494400024414,37.6917724609375,34.71990966796875,12.557880401611328,20.205968856811523,388.91952382590966
2025-07-15,29.36946678161621,48.140628814697266,31.14361572265625,14.775318145751953,37.82525634765625,35.148433685302734,12.538983345031738,20.420923233032227,389.13393904859015
2025-07-16,29.22239112854004,48.578189849853516,31.294801712036133,14.738608360290527,39.20783233642578,35.234134674072266,12.926396369934082,20.40138053894043,389.34847248052705
2025-07-17,28.928232192993164,48.4888916015625,31.76613426208496,14.711076736450195,40.132728576660156,35.57695770263672,12.718515396118164,20.264591217041016,389.5631241868903
2025-07-18,28.487003326416016,48.721065521240234,31.18808364868164,14.380697250366211,40.39970397949219,34.091407775878906,12.586228370666504,19.79559326171875,389.77789423288584
2025-07-21,28.542156219482422,50.051605224609375,31.552698135375977,14.389875411987305,40.018306732177734,34.110450744628906,12.680719375610352,19.404766082763672,389.99278268375537
2025-07-22,28.81792640686035,51.346431732177734,31.125837326049805,14.343984603881836,39.39853286743164,34.091407775878906,12.661820411682129,19.4340763092041,390.20778960477685
2025-07-23,29.406234741210938,51.274993896484375,31.47266960144043,14.573418617248535,36.242454528808594,34.50088119506836,12.841354370117188,19.746740341186523,390.4229150612639
2025-07-24,29.360273361206055,50.48023986816406,31.179189682006836,14.389875411987305,34.545230865478516,34.2532958984375,12.756312370300293,19.609947204589844,390.6381591185663
2025-07-25,29.39703941345215,49.73906707763672,31.31258773803711,14.27974796295166,34.48802185058594,34.453269958496094,12.727965354919434,19.776052474975586,390.85352184207005
2025-07-28,29.433813095092773,49.25685501098633,30.654502868652344,14.169622421264648,35.18877410888672,33.49147415161133,12.340551376342773,19.482929229736328,391.0690032971968
2025-07-29,29.819889068603516,48.953243255615234,30.83236312866211,14.14208698272705,35.045074462890625,33.77715301513672,12.463388442993164,19.492700576782227,391.2846035494046
2025-07-30,30.12323760986328,48.07811737060547,31.18808364868164,14.371519088745117,35.30373764038086,33.89142990112305,12.425592422485352,19.443845748901367,391.5003226641875
2025-07-31,30.003734588623047,47.73878479003906,31.268131256103516,14.252217292785645,35.552833557128906,32.97725296020508,11.773603439331055,19.24843406677246,391.71616070707546
2025-08-01,29.608463287353516,47.99774932861328,31.079185485839844,14.27974796295166,35.619895935058594,32.729652404785156,11.612968444824219,17.92937660217285,391.93211774363493
2025-08-04,29.562503814697266,48.38173294067383,31.40839195251465,14.389036178588867,35.5145149230957,32.72013473510742,11.726357460021973,18.290895462036133,392.1481938394682
2025-08-05,29.700389862060547,48.3192253112793,31.75540542602539,14.416600227355957,35.571990966796875,32.93915939331055,11.67911148071289,18.193185806274414,392.36438906021385
2025-08-06,29.737157821655273,48.01560974121094,32.15578842163086,14.398225784301758,36.558773040771484,33.71050262451172,11.792501449584961,18.2713565826416,392.58070347154666
2025-08-07,29.902618408203125,48.36387252807617,32.72523498535156,14.50848388671875,37.363525390625,33.94856643676758,11.849197387695312,18.47654151916504,392.7971371391776
2025-08-08,28.064157485961914,49.46223831176758,32.94767379760742,14.664689064025879,36.50129318237305,33.71050262451172,11.68856143951416,18.496082305908203,393.0136901288538
2025-08-11,28.23880958557129,49.40866470336914,33.15231704711914,14.60955810546875,35.6582145690918,32.92963409423828,11.631867408752441,18.662185668945312,393.23036250635874
2025-08-12,28.312347412109375,49.92658996582031,33.83742904663086,14.949527740478516,35.07381057739258,32.77726745605469,11.556273460388184,18.79897689819336,393.4471543375122
2025-08-13,28.10092544555664,49.996273040771484,33.517112731933594,14.820891380310059,35.08339309692383,33.13913345336914,11.452333450317383,18.838056564331055,393.66406568817
2025-08-14,27.742422103881836,49.37697982788086,33.472625732421875,14.710631370544434,34.9588508605957,32.75822448730469,11.357842445373535,19.394990921020508,393.8810966242246
2025-08-15,27.733230590820312,49.284549713134766,33.356964111328125,14.729007720947266,34.460670471191406,32.58681869506836,11.376740455627441,20.17665672302246,394.09824721160453
2025-08-18,27.907886505126953,49.17362976074219,33.59719467163086,15.023035049438477,34.882205963134766,33.21531677246094,11.4050874710083,20.587026596069336,394.3155175162748
2025-08-19,27.613733291625977,49.21060562133789,32.6209831237793,14.50848388671875,34.10619354248047,32.186859130859375,11.4050874710083,19.346139907836914,394.5329076042367
2025-08-20,27.779193878173828,48.988765716552734,32.63895797729492,14.554426193237305,34.55647277832031,31.653587341308594,11.433435440063477,19.404766082763672,394.75041754152807
2025-08-21,27.843542098999023,49.40471267700195,32.674896240234375,14.50848388671875,34.4031867980957,31.13935661315918,11.395639419555664,19.23866081237793,394.9680473942229
2025-08-22,28.644420623779297,50.64329528808594,33.591270446777344,14.986283302307129,35.92646789550781,32.96772384643555,11.537375450134277,20.030092239379883,395.18579722843185
2025-08-25,28.813636779785156,50.76345443725586,33.420562744140625,15.023035049438477,36.14681625366211,32.96772384643555,11.452333450317383,19.590408325195312,395.40366711030185
2025-08-26,28.6068172454834,51.216373443603516,33.19596481323242,14.986283302307129,36.012691497802734,32.77726745605469,11.509028434753418,19.912841796875,395.62165710601647
2025-08-27,28.823036193847656,51.18864059448242,33.75297164916992,15.09654426574707,36.156394958496094,33.32958984375,11.480680465698242,20.157114028930664,395.8397672817956
2025-08-28,29.076860427856445,51.20712661743164,34.45372772216797,15.427326202392578,36.23303985595703,33.98665237426758,11.575172424316406,20.56748390197754,396.0579977038958
2025-08-29,29.236675262451172,51.355018615722656,34.579505920410156,15.464080810546875,36.07975387573242,34.12950134277344,11.669663429260254,20.89969253540039,396.27634843860994
2025-09-01,29.302480697631836,51.391990661621094,34.85602569580078,15.363005638122559,36.22346115112305,34.3294792175293,11.622418403625488,20.606569290161133,396.4948195522677
2025-09-02,29.45289421081543,51.19788360595703,34.26280975341797,15.187255859375,36.098915100097656,34.281864166259766,11.490129470825195,19.95192527770996,396.7134111112351
2025-09-03,29.19906997680664,51.391990661621094,33.96620178222656,15.178055763244629,36.261775970458984,34.62467956542969,11.244452476501465,19.815135955810547,396.93212318191485
2025-09-04,29.19906997680664,51.4936637878418,34.101016998291016,15.481620788574219,35.68695831298828,35.234134674072266,11.490129470825195,19.95192527770996,397.1509558307463
2025-09-05,28.757230758666992,51.96506881713867,34.478519439697266,15.858766555786133,36.261775970458984,36.28163528442383,11.575172424316406,20.665191650390625,397.3699091242053
2025-09-08,28.870040893554688,52.0944709777832,34.31673812866211,15.775979042053223,35.86898422241211,35.624568939208984,11.471232414245605,20.469778060913086,397.5889831288046
2025-09-09,29.09566307067871,51.93733596801758,34.02012634277344,15.628798484802246,35.42828369140625,35.48172378540039,11.650765419006348,20.909461975097656,397.8081779110934
2025-09-10,29.62211036682129,52.297821044921875,34.047088623046875,15.518417358398438,35.7156982421875,35.55791091918945,11.67911148071289,21.5445613861084,398.02749353765756
2025-09-11,29.509300231933594,52.70452117919922,34.110008239746094,15.665595054626465,35.284584045410156,36.843475341796875,11.830299377441406,21.71066665649414,398.24693007511985
2025-09-12,29.3118839263916,52.68603515625,33.59769058227539,15.481620788574219,35.3995475769043,36.06261444091797,11.886992454528809,21.798603057861328,398.46648759013965
2025-09-15,29.56570816040039,53.148189544677734,34.15495300292969,15.665595054626465,34.978004455566406,36.46257019042969,11.93423843383789,21.368690490722656,398.686166149413
2025-09-16,29.640913009643555,53.33305358886719,34.065067291259766,15.628798484802246,35.22710037231445,37.233909606933594,12.009832382202148,21.437084197998047,398.9059658196728
2025-09-17,29.819528579711914,53.42548751831055,34.55043029785156,16.171527862548828,35.169612884521484,38.18618392944336,12.085424423217773,21.368690490722656,399.1258866676889
2025-09-18,29.52810287475586,53.32381057739258,34.595367431640625,16.005952835083008,35.18877410888672,37.995731353759766,11.830299377441406,21.593420028686523,399.34592876026767
2025-09-19,29.19906997680664,53.53640365600586,35.053768157958984,16.291112899780273,34.8247184753418,37.75766372680664,11.85864543914795,21.124420166015625,399.56609216425255
2025-09-22,29.49049949645996,53.6103515625,34.55043029785156,16.31871223449707,35.552833557128906,37.262481689453125,11.67911148071289,21.016942977905273,399.78637694652366
2025-09-23,29.98874282836914,53.30532455444336,35.09870910644531,16.41990089416504,35.160037994384766,38.652801513671875,11.773603439331055,21.622726440429688,400.00678317399803
2025-09-24,30.665605545043945,53.50867462158203,34.86501693725586,16.291112899780273,35.342063903808594,38.614707946777344,11.698010444641113,21.60318946838379,400.2273109136297
2025-09-25,30.421184539794922,53.8044548034668,34.58637237548828,16.162328720092773,34.8247184753418,38.32902908325195,11.773603439331055,21.290525436401367,400.4479602324095
2025-09-26,30.317773818969727,52.769222259521484,34.75715255737305,16.245121002197266,34.79597854614258,38.66217803955078,11.773603439331055,21.60318946838379,400.6687311973653
2025-09-29,29.904136657714844,52.94483947753906,34.954898834228516,16.410696029663086,34.949954986572266,38.64288330078125,11.726357460021973,21.612958908081055,400.8896238755617
2025-09-30,29.575105667114258,53.222137451171875,35.11668395996094,16.547882080078125,35.16136932373047,38.05445861816406,11.423986434936523,21.583646774291992,401.1106383341006
2025-10-01,29.49989891052246,53.896888732910156,34.485111236572266,16.267244338989258,34.392608642578125,38.565711975097656,11.32949447631836,21.42731285095215,401.33177464012056
2025-10-02,29.217872619628906,54.25736999511719,34.10743713378906,16.004051208496094,34.71933364868164,37.40816116333008,11.27280044555664,21.261211395263672,401.5530328607975
2025-10-03,29.14266586303711,54.155696868896484,34.359222412109375,16.013416290283203,34.978790283203125,37.62037658691406,11.216105461120605,21.085336685180664,401.77441306334396
2025-10-06,28.87944221496582,55.080013275146484,33.96356964111328,15.919769287109375,34.28689956665039,36.86797332763672,11.1972074508667,20.919235229492188,401.99591531501
2025-10-07,28.982851028442383,54.303585052490234,33.424034118652344,15.657562255859375,34.3349494934082,35.50785446166992,11.064919471740723,20.72381591796875,402.2175396830823
2025-10-08,28.813636779785156,54.71953201293945,33.48697280883789,15.910404205322266,34.11392593383789,35.46926498413086,11.225554466247559,20.635881423950195,402.439286234885
2025-10-09,28.39999771118164,54.63634490966797,33.43303298950195,15.994686126708984,35.74755096435547,35.41138458251953,11.074369430541992,20.70427703857422,402.6611550377792
2025-10-10,28.146175384521484,54.41450500488281,33.39706039428711,15.779305458068848,35.257469177246094,34.5335807800293,11.159411430358887,20.137571334838867,402.8831461591631
2025-10-13,28.418800354003906,55.227901458740234,33.53194808959961,15.84485149383545,36.36256790161133,34.861549377441406,11.206656455993652,20.40138053894043,403.1052596664721
2025-10-14,28.22138214111328,55.227901458740234,33.675811767578125,16.069602966308594,35.872474670410156,34.601104736328125,11.386189460754395,20.225507736206055,403.32749562717885
2025-10-15,27.967557907104492,56.2538948059082,33.675811767578125,16.256893157958984,35.958961486816406,35.48855972290039,11.32949447631836,19.854219436645508,403.5498541087931
2025-10-16,27.68553352355957,55.73627853393555,33.594886779785156,16.444181442260742,36.92953109741211,34.822967529296875,11.480680465698242,19.903074264526367,403.7723351788619
2025-10-17,27.94875717163086,55.57914352416992,33.711788177490234,16.556560516357422,38.582374572753906,35.30527877807617,11.68856143951416,20.420923233032227,403.9949389049694
2025-10-20,27.967557907104492,56.290870666503906,34.31425857543945,16.86559295654297,37.996192932128906,35.662193298339844,11.67911148071289,20.293903350830078,404.2176653547371
2025-10-21,27.741939544677734,56.19843292236328,33.99053955078125,16.64084243774414,38.12111282348633,36.028743743896484,11.54682445526123,20.069177627563477,404.44051459582386
2025-10-22,28.061569213867188,57.19669723510742,34.26930618286133,16.65957260131836,38.45744705200195,36.453182220458984,11.4050874710083,20.21573829650879,404.6634866959257
2025-10-23,28.381196975708008,57.085777282714844,34.24232864379883,16.837495803833008,39.82200622558594,36.84867858886719,11.452333450317383,20.17665672302246,404.8865817227761
2025-10-24,28.052167892456055,57.058048248291016,34.197364807128906,16.931140899658203,39.754737854003906,37.37922286987305,11.44288444519043,20.04963493347168,405.1097997441457
2025-10-27,28.20258140563965,56.99334716796875,34.485111236572266,17.07161521911621,40.043025970458984,37.92905807495117,11.480680465698242,20.3720703125,405.3331408278427
2025-10-28,28.193180084228516,57.49247741699219,34.60200500488281,17.080978393554688,40.66764831542969,37.78436279296875,11.367291450500488,20.47954750061035,405.55660504171254
2025-10-29,28.22138214111328,58.536956787109375,35.375343322753906,17.633485794067383,40.40818786621094,38.36314010620117,11.367291450500488,20.733591079711914,405.7801924536381
2025-10-30,28.099170684814453,58.980628967285156,35.330379486083984,16.949871063232422,39.83161544799805,37.851890563964844,11.896442413330078,21.134191513061523,406.0039031315398
2025-10-31,27.967557907104492,60.32088851928711,35.46526336669922,17.006059646606445,40.456233978271484,38.0448112487793,12.009832382202148,21.398000717163086,406.2277371433753
2025-11-03,28.296588897705078,60.404075622558594,36.05690383911133,17.19335174560547,41.12890625,38.24738693237305,12.198814392089844,21.573877334594727,406.45169455713983
2025-11-04,28.43760108947754,59.72932815551758,35.94894790649414,17.24860191345215,41.08085632324219,39.45316696166992,12.435041427612305,21.759521484375,406.6757754408662
2025-11-05,29.00165367126465,60.75532150268555,36.10188674926758,17.614200592041016,41.81118392944336,40.099464416503906,12.453940391540527,22.09172821044922,406.8999798626245
2025-11-06,29.152067184448242,60.542720794677734,36.10188674926758,17.539207458496094,42.1955680847168,39.6943244934082,12.35944938659668,22.33599853515625,407.12430789052263
2025-11-07,30.251968383789062,59.87721252441406,36.13786697387695,17.55795669555664,43.24300765991211,39.44352340698242,12.397245407104492,22.36530876159668,407.3487595927058
2025-11-10,30.421184539794922,60.2746696472168,36.38076400756836,17.886049270629883,43.59856414794922,40.5817756652832,12.453940391540527,22.257831573486328,407.5733350373569
2025-11-11,31.210857391357422,60.11753845214844,37.08247375488281,18.270397186279297,44.2327880859375,41.720035552978516,12.841354370117188,22.9320125579834,407.79803429269634
2025-11-12,30.411781311035156,60.78304672241211,36.23683166503906,18.22352409362793,43.13730239868164,41.53675842285156,12.869701385498047,22.277372360229492,408.0228574269823
2025-11-13,30.543397903442383,60.69985580444336,36.38076400756836,18.261024475097656,43.070037841796875,40.55284118652344,12.879150390625,21.9842472076416,408.2478045085104
2025-11-14,30.740814208984375,60.33012771606445,36.52470779418945,18.25164794921875,42.704872131347656,42.49173355102539,12.935845375061035,21.92562484741211,408.472875605614
2025-11-17,30.91002655029297,60.28391647338867,36.25482177734375,18.111032485961914,42.25322341918945,41.64286422729492,13.001989364624023,21.9842472076416,408.6980707866641
2025-11-18,31.013437271118164,60.09904861450195,36.07489776611328,17.895429611206055,41.74391555786133,41.4788818359375,12.9830904006958,21.378461837768555,408.92339012006954
2025-11-19,30.853622436523438,60.03434753417969,35.84999465942383,17.717313766479492,41.94572067260742,41.23772430419922,12.671269416809082,21.085336685180664,409.1488336742767
2025-11-21,30.618602752685547,60.228458404541016,35.95794677734375,17.614200592041016,41.532508850097656,40.55284118652344,12.869701385498047,21.495708465576172,409.37440151776974
2025-11-24,30.59039878845215,60.16374969482422,35.823001861572266,17.62357521057129,41.50367736816406,41.4499397277832,13.011438369750977,21.339378356933594,409.60009371907057
2025-11-25,30.345975875854492,60.635154724121094,35.903968811035156,17.764190673828125,41.28265380859375,41.9708366394043,12.9830904006958,21.46639633178711,409.8259103467388
2025-11-26,30.29897117614746,61.540985107421875,36.74960708618164,18.298521041870117,42.666439056396484,43.17661666870117,12.916947364807129,21.71066665649414,410.0518514693721
2025-11-27,30.45878791809082,61.309906005859375,36.623661041259766,18.261024475097656,42.330101013183594,43.11874008178711,12.964193344116211,21.652040481567383,410.2779171556056
2025-11-28,29.885337829589844,62.29892349243164,37.4603157043457,18.420385360717773,42.52228927612305,43.649288177490234,13.096480369567871,21.95493507385254,410.5041074741127
2025-12-01,29.941740036010742,62.77956771850586,37.17020034790039,18.139156341552734,43.41598129272461,43.79397964477539,13.2382173538208,21.7497501373291,410.7304224936043
2025-12-02,30.1485595703125,63.29719161987305,37.99819564819336,18.33521842956543,43.82918930053711,45.867923736572266,13.228768348693848,22.114328384399414,410.9568622828293
2025-12-03,30.37417984008789,65.33992767333984,37.99819564819336,17.82851219177246,43.29105758666992,45.549598693847656,13.370504379272461,21.9825439453125,411.1834269105745
2025-12-04,30.571598052978516,66.47683715820312,38.934200286865234,18.081865310668945,44.16761016845703,47.845401763916016,13.18152141571045,22.36562156677246,411.4101164456645
2025-12-05,29.49049949645996,64.90550231933594,37.134193420410156,17.00277328491211,45.33246612548828,44.30522918701172,12.860252380371094,20.784212112426758,411.6369309569622
2025-12-08,29.763124465942383,64.46182250976562,37.31419372558594,17.124755859375,46.37113571166992,44.392051696777344,12.869701385498047,21.216398239135742,411.8638705133681
2025-12-09,29.951141357421875,64.49879455566406,37.23320007324219,16.899553298950195,46.26435852050781,43.40813064575195,12.88860034942627,21.10835075378418,412.0909351838209
2025-12-10,30.026348114013672,65.68191528320312,37.526222229003906,17.1998233795166,47.05064010620117,44.36310577392578,12.85080337524414,21.216398239135742,412.3181250372971
2025-12-11,29.52810287475586,66.55078125,37.4976806640625,17.396875381469727,47.128292083740234,45.09622573852539,13.020886421203613,21.186931610107422,412.5454401428114
2025-12-12,29.697317123413086,66.73731231689453,37.83069610595703,17.509471893310547,48.06989288330078,45.8100471496582,13.26656436920166,21.31462287902832,412.7728805694166
2025-12-15,29.80072593688965,67.1458511352539,38.40158462524414,17.753442764282227,48.2252082824707,46.07049560546875,13.493343353271484,21.619115829467773,413.00044638620335
2025-12-16,28.898242950439453,67.39875793457031,37.41204833984375,17.2655029296875,48.47758865356445,43.69751739501953,13.379953384399414,21.324443817138672,413.2281376623006
2025-12-17,29.217872619628906,68.25473022460938,37.07902908325195,17.124755859375,48.3416862487793,42.067298889160156,13.247666358947754,21.167285919189453,413.4559544668752
2025-12-18,29.04865837097168,68.42981719970703,37.26932907104492,17.1998233795166,48.535831451416016,42.28740310668945,13.153175354003906,21.206575393676758,413.68389686913235
2025-12-19,29.152067184448242,68.91617584228516,37.611854553222656,17.359338760375977,48.264034271240234,42.7364387512207,13.243124961853027,21.059240341186523,413.91196493831535
2025-12-22,29.236675262451172,70.92967224121094,37.68797302246094,17.115371704101562,47.44621276855469,42.39478302001953,13.083568572998047,20.921724319458008,414.14015874370557
2025-12-23,29.393901824951172,70.91022491455078,38.30644226074219,17.27488899230957,48.06343078613281,43.82974624633789,13.432597160339355,21.36373519897461,414.36847835462254
2025-12-26,29.49087905883789,71.12422180175781,38.31880569458008,17.2655029296875,48.53132247924805,43.81998062133789,13.681903839111328,21.461957931518555,414.5969238404243
2025-12-29,29.80120849609375,70.1515121459961,38.20120620727539,17.349958419799805,48.49150085449219,43.9078369140625,13.831486701965332,21.334266662597656,414.82549527050685
2025-12-30,29.888486862182617,69.99588012695312,38.44620895385742,17.432031631469727,48.292396545410156,42.53144836425781,13.821514129638672,21.53071403503418,415.05419271430446
2026-01-02,29.781810760498047,70.40441131591797,38.385597229003906,17.460783004760742,48.033565521240234,42.404544830322266,13.612096786499023,21.29497718811035,415.28301624128983
2026-01-05,29.287227630615234,71.12422180175781,38.9444694519043,18.19845199584961,47.86432647705078,42.69739532470703,13.671931266784668,21.491424560546875,415.5119659209738
2026-01-06,28.744152069091797,73.79915618896484,39.179779052734375,18.303974151611328,47.953922271728516,43.26356887817383,13.661958694458008,21.727163314819336,415.74104182290574
2026-01-07,28.928409576416016,74.23686981201172,38.55228042602539,18.07373809814453,47.48603057861328,42.912147521972656,13.661958694458008,21.31462287902832,415.9702440166732
2026-01-08,29.287227630615234,73.51707458496094,39.150367736816406,17.766752243041992,45.50495910644531,42.53144836425781,13.60212516784668,21.432491302490234,416.199572571902
2026-01-09,29.384204864501953,72.68054962158203,39.071929931640625,17.78594207763672,45.89320755004883,42.18002700805664,13.86140251159668,21.47178077697754,416.4290275582567
2026-01-12,29.442392349243164,72.69999694824219,38.71895980834961,17.65163230895996,46.5402946472168,41.877418518066406,13.86140251159668,21.481605529785156,416.65860904543985
2026-01-13,30.198816299438477,73.29335021972656,38.405208587646484,17.450176239013672,46.19186782836914,40.87196731567383,13.87137508392334,20.823503494262695,416.8883171031927
2026-01-14,31.02312660217285,76.76590728759766,38.826812744140625,17.766752243041992,46.79912567138672,40.920772552490234,14.16057014465332,21.118173599243164,417.11815180129497
2026-01-15,30.829172134399414,76.69781494140625,39.16017150878906,18.13129425048828,46.23168182373047,40.979347229003906,14.001014709472656,21.07888412475586,417.34811320956453
2026-01-16,31.07161521911621,76.72699737548828,38.83662414550781,18.140892028808594,46.112220764160156,39.7298583984375,14.060848236083984,20.990482330322266,417.57820139785815
2026-01-19,31.197683334350586,76.42546081542969,38.77778625488281,18.13129425048828,46.01266860961914,39.83723449707031,14.050875663757324,20.931547164916992,417.80841643607084
2026-01-20,31.31406021118164,77.89424896240234,39.14056396484375,18.39031410217285,46.22172927856445,39.75914001464844,14.030930519104004,21.1574649810791,418.03875839413627
2026-01-21,32.41960144042969,80.2481918334961,40.85639190673828,18.95631980895996,47.37652587890625,41.604087829589844,14.270265579223633,22.00218963623047,418.2692273420265
2026-01-22,32.56507110595703,80.71509552001953,42.238861083984375,19.474353790283203,49.00917053222656,42.83405685424805,14.549487113952637,23.03354263305664,418.4998233497525
2026-01-23,33.9809455871582,82.69940948486328,42.71929931640625,19.944429397583008,49.646297454833984,43.683319091796875,14.858626365661621,23.848804473876953,418.7305464873634
2026-01-26,34.2912712097168,80.8026351928711,43.28797149658203,20.030765533447266,51.37849044799805,44.60091018676758,15.008210182189941,23.966672897338867,418.96139682494737
2026-01-27,35.03799819946289,82.58268737792969,44.43512725830078,20.558393478393555,52.46360397338867,46.56300354003906,14.828709602355957,24.251522064208984,419.192374432631
2026-01-28,36.21142578125,84.59618377685547,45.43521499633789,20.83660125732422,51.33867263793945,47.8124885559082,14.908487319946289,24.948911666870117,419.4234793805795
2026-01-29,36.560543060302734,85.02417755126953,45.24892807006836,20.567989349365234,51.836429595947266,46.98275375366211,14.719015121459961,25.047136306762695,419.65471173899687
2026-01-30,36.61872863769531,82.01851654052734,44.61161422729492,20.44327735900879,51.48800277709961,47.23655319213867,14.808765411376953,24.772109985351562,419.8860715781257
2026-02-02,36.11444854736328,82.50486755371094,45.00217056274414,20.70229721069336,51.71696853637695,48.388427734375,15.018182754516602,24.85068702697754,420.11755896824747
2026-02-03,36.444175720214844,86.56105041503906,45.257205963134766,20.81650161743164,53.757774353027344,49.442684173583984,15.33729362487793,25.233762741088867,420.34917397968223
2026-02-04,36.385986328125,86.98904418945312,43.76628875732422,20.144380569458008,51.16943359375,48.86674880981445,15.257515907287598,24.654239654541016,420.58091668278905
2026-02-05,35.8817024230957,84.09037780761719,44.64906692504883,20.30760955810547,51.97580337524414,48.87650680541992,15.437015533447266,24.005962371826172,420.8127871479655
2026-02-06,35.54228210449219,83.29275512695312,45.855533599853516,19.78911590576172,51.61741256713867,49.78434371948242,15.377182960510254,23.89791488647461,421.0447854456481
2026-02-09,36.1920280456543,84.9269027709961,47.38568878173828,20.07716941833496,53.50889205932617,49.37435531616211,15.34726619720459,24.379213333129883,421.27691164631216
2026-02-10,36.22111892700195,84.67400360107422,47.49357986450195,20.086769104003906,52.16495132446289,49.2864990234375,15.61651611328125,24.359567642211914,421.50916582047194
2026-02-11,36.92906188964844,87.63101959228516,48.4254035949707,20.68207550048828,53.349613189697266,49.872196197509766,15.726211547851562,24.467613220214844,421.7415480386805
2026-02-12,35.98837661743164,86.79450225830078,47.3170280456543,20.384422302246094,53.787635803222656,50.37003707885742,16.47412872314453,25.567724227905273,421.97405837152974
2026-02-13,35.7750244140625,84.65454864501953,46.856021881103516,20.13477897644043,53.55867004394531,50.21385192871094,16.30459976196289,24.978378295898438,422.20669688965063
2026-02-18,36.065956115722656,81.62943267822266,47.071807861328125,20.07716941833496,53.150508880615234,50.077186584472656,16.0852108001709,25.361454010009766,422.4394636637129
2026-02-19,36.66722106933594,81.18199157714844,47.62109375,20.480438232421875,51.13957214355469,51.18025588989258,16.12510108947754,25.990087509155273,422.6723587644254
2026-02-20,36.822383880615234,84.4405517578125,48.288082122802734,20.893314361572266,51.75679016113281,51.57072067260742,15.985489845275879,26.51067543029785,422.90538226253585
2026-02-23,37.423648834228516,85.00472259521484,46.54213333129883,20.384422302246094,51.736881256103516,50.077186584472656,16.145044326782227,26.353515625,423.138534228831
2026-02-24,38.3740234375,85.33544158935547,47.24836349487305,20.547653198242188,51.17938995361328,50.8093147277832,16.53396224975586,26.85912322998047,423.3718147341367
2026-02-25,38.3740234375,87.5143051147461,46.875633239746094,20.326812744140625,50.05445861816406,49.579345703125,16.334516525268555,27.314697265625,423.6052238493178
2026-02-26,38.412818908691406,86.7750473022461,46.75792694091797,20.144380569458008,49.15849685668945,49.24745178222656,16.36443328857422,27.01758575439453,423.83876164527817
2026-02-27,38.14128112792969,86.05524444580078,45.88496017456055,20.30760955810547,49.4770622253418,49.5500602722168,16.224822998046875,26.690759658813477,424.07242819296084
2026-03-02,39.886878967285156,85.75370788574219,45.058929443359375,20.384422302246094,48.47159194946289,50.49694061279297,15.865821838378906,26.690759658813477,424.306223563348
2026-03-03,39.71231460571289,82.17415618896484,43.54780578613281,19.412769317626953,47.187381744384766,47.734397888183594,15.526765823364258,25.588708877563477,424.54014782746077
2026-03-04,39.275917053222656,81.79479217529297,44.16598892211914,19.691465377807617,47.127647399902344,49.15959548950195,15.556683540344238,25.75751304626465,424.7742010563596
2026-03-05,39.460174560546875,79.07122039794922,42.694114685058594,19.057186126708984,46.50047302246094,45.782073974609375,15.247543334960938,24.824125289916992,425.00838332114404
2026-03-06,40.885746002197266,76.7075424194336,42.12499237060547,18.788101196289062,46.4108772277832,44.73757553100586,15.18770980834961,24.575883865356445,425.24269469295285
2026-03-09,41.85552215576172,77.09662628173828,42.35068893432617,18.788101196289062,46.37105941772461,44.659481048583984,15.367210388183594,24.52623748779297,425.4771352429641
2026-03-10,41.63247299194336,78.36114501953125,42.97867965698242,19.249393463134766,46.97832107543945,46.11396789550781,15.407098770141602,24.9631404876709,425.71170504239495
2026-03-11,43.445953369140625,77.67052459716797,43.066993713378906,19.16290283203125,46.66971206665039,45.73326110839844,15.387155532836914,25.161733627319336,425.94640416250195
2026-03-12,43.63990783691406,77.0771713256836,41.889488220214844,18.634334564208984,45.614463806152344,44.09330368041992,14.908487319946289,24.059541702270508,426.1812326745808
2026-03-13,43.319881439208984,76.16283416748047,41.60493850708008,18.249921798706055,46.002716064453125,42.58025360107422,14.958349227905273,23.58292007446289,426.4161906499667
2026-03-16,44.473915100097656,76.6880874633789,42.19367980957031,18.25953483581543,45.7637939453125,43.72236633300781,15.05807113647461,23.73186492919922,426.65127816003394
2026-03-17,44.97819900512695,76.80481719970703,41.909122467041016,18.115381240844727,45.99276351928711,43.556419372558594,14.978293418884277,23.503482818603516,426.8864952761964
2026-03-18,45.57946014404297,75.02476501464844,41.487186431884766,17.903953552246094,45.95294189453125,43.05857849121094,14.699070930480957,23.245311737060547,427.12184206990713
2026-03-19,45.36610794067383,74.53840637207031,41.78155517578125,17.913564682006836,46.381011962890625,43.361183166503906,14.728987693786621,23.344608306884766,427.3536240087248
2026-03-20,44.28965759277344,73.4878921508789,41.10768508911133,17.615646362304688,45.75383758544922,42.18002700805664,14.429821014404297,23.10629653930664,427.5855317263294
2026-03-23,44.63877868652344,75.37493896484375,42.32459259033203,18.25953483581543,47.140743255615234,45.918731689453125,14.619293212890625,23.791440963745117,427.817565290976
2026-03-24,45.84130096435547,75.9682846069336,42.08715057373047,18.201873779296875,47.34028244018555,45.33303451538086,14.659181594848633,23.483623504638672,428.0497247709568
2026-03-25,46.06434631347656,77.37871551513672,42.64118194580078,18.528621673583984,48.0685920715332,46.455623626708984,14.968321800231934,23.69214630126953,428.282010234601
2026-03-26,46.56863021850586,76.75618743896484,41.493534088134766,18.086551666259766,47.410118103027344,45.157325744628906,14.78882122039795,22.89777374267578,428.5144217502749
2026-03-27,47.91661834716797,76.8437271118164,41.00874710083008,17.79823875427246,47.30037307739258,44.073787689208984,14.719015121459961,22.500587463378906,428.74695938638195
2026-03-30,48.168758392333984,77.330078125,41.15715408325195,17.750186920166016,48.936580657958984,44.46103286743164,14.798792839050293,22.242416381835938,428.97962321136254
2026-03-31,47.19898223876953,80.22874450683594,43.01714324951172,18.422910690307617,50.89204788208008,46.396697998046875,15.20765495300293,22.83819580078125,429.21241329369445
2026-04-01,45.93827438354492,80.73454284667969,43.38155746459961,18.672775268554688,50.89204788208008,47.15713882446289,15.31734848022461,23.463762283325195,429.4453297018924
2026-04-02,46.6947021484375,81.26953887939453,42.85697555541992,18.39278793334961,50.193668365478516,47.078128814697266,15.237570762634277,23.225452423095703,429.6783725045084
2026-04-06,47.46082305908203,80.82208251953125,43.045040130615234,18.59480094909668,50.50294876098633,46.554710388183594,15.407098770141602,23.26517105102539,429.9115417701317
2026-04-07,47.043819427490234,81.40571594238281,43.015342712402344,18.767553329467773,50.53288269042969,46.56459045410156,15.437015533447266,23.275100708007812,430.14483756738866
2026-04-08,45.20124816894531,83.25384521484375,44.51979064941406,19.7054443359375,52.647979736328125,48.74715042114258,15.815960884094238,24.317712783813477,430.37825996494297
2026-04-09,46.4522590637207,82.37841796875,45.28190994262695,19.82267951965332,52.378604888916016,49.41870880126953,16.015405654907227,24.54609489440918,430.6118090314955
2026-04-10,47.54810333251953,83.25384521484375,45.5986442565918,19.969226837158203,52.75772476196289,48.39161682128906,16.075239181518555,24.5560245513916,430.84548483578453
2026-04-13,48.27543258666992,84.97554016113281,45.3610954284668,20.115768432617188,51.91967010498047,48.2039794921875,15.885766983032227,24.575883865356445,431.07928744658557
2026-04-14,46.432861328125,85.88988494873047,46.05392837524414,20.301395416259766,51.779991149902344,50.356910705566406,15.845877647399902,25.201452255249023,431.3132169327114
2026-04-15,45.472782135009766,86.02606201171875,46.5587158203125,20.320932388305664,49.84447479248047,51.29511260986328,15.786044120788574,24.22834587097168,431.5472733630121
2026-04-16,47.11170959472656,85.05335998535156,46.49932861328125,20.369781494140625,48.2880859375,50.14951705932617,15.387155532836914,24.10919189453125,431.7814568063753
2026-04-17,44.823036193847656,87.30030822753906,46.321170806884766,20.770339965820312,48.537506103515625,50.50504684448242,15.287432670593262,24.22834587097168,432.0157673317258
2026-04-20,45.598854064941406,86.30815124511719,45.89556884765625,20.545637130737305,48.36790084838867,51.334617614746094,15.267488479614258,24.10919189453125,432.250205008026
2026-04-22,46.22920608520508,84.83936309814453,44.56927490234375,19.939916610717773,47.08087921142578,49.87299346923828,14.958349227905273,23.235382080078125,432.4847699042757
2026-04-23,46.97968673706055,83.62348175048828,43.72797393798828,19.51004981994629,48.16836166381836,48.77677536010742,14.699070930480957,22.83819580078125,432.719462089512
2026-04-24,46.37977981567383,83.52621459960938,43.91603088378906,19.461200714111328,47.68947219848633,48.67802047729492,14.459736824035645,22.540307998657227,432.9542816328095
2026-04-27,46.5863037109375,83.16630554199219,43.53992462158203,19.275577545166016,48.07856750488281,47.720062255859375,14.499626159667969,22.351642608642578,433.18922860328036
2026-04-28,46.73382568359375,82.08660888671875,43.6487922668457,19.119260787963867,47.1806526184082,46.72260284423828,14.539515495300293,22.381433486938477,433.42430307007425
2026-04-29,48.150001525878906,77.27171325683594,42.43137741088867,18.669857025146484,43.99802780151367,44.63880157470703,14.29020881652832,21.557270050048828,433.65950510237826
2026-04-30,48.26801681518555,78.96421813964844,42.74810028076172,18.87502098083496,44.75627136230469,45.33998489379883,14.469709396362305,22.053752899169922,433.89107927810295
2026-05-04,48.52371597290039,76.51300811767578,41.983863830566406,18.474462509155273,44.25742721557617,44.421531677246094,14.399903297424316,21.755863189697266,434.1227771144375
2026-05-05,47.85496520996094,76.25037384033203,42.04327392578125,18.766815185546875,43.43932342529297,45.330108642578125,16.60376739501953,21.76579475402832,434.3545986774166
2026-05-06,46.48796081542969,79.01286315917969,41.36994552612305,18.845048904418945,44.836082458496094,47.058380126953125,16.902935028076172,21.914737701416016,434.5865440331104
2026-05-07,45.4553337097168,77.884521484375,40.38966369628906,18.111589431762695,44.207542419433594,45.77452087402344,16.36443328857422,21.537412643432617,434.81861324762406
2026-05-08,44.9144287109375,78.59459686279297,40.85504913330078,18.18004608154297,45.41474533081055,49.26069259643555,16.274682998657227,21.646636962890625,435.05080638709836
2026-05-11,45.66185760498047,81.17225646972656,39.93417739868164,17.691070556640625,44.05788803100586,46.43620300292969,16.204877853393555,21.38846778869629,435.2831235177091
2026-05-12,44.92426681518555,80.97772216796875,39.478694915771484,17.56393814086914,43.289669036865234,45.50787353515625,16.0852108001709,21.170015335083008,435.51556470566754
2026-05-13,43.8326301574707,81.99906158447266,39.241050720214844,17.260774612426758,43.20985412597656,42.59450149536133,15.865821838378906,20.613954544067383,435.74813001722043
2026-05-14,44.255516052246094,80.60809326171875,40.00349426269531,17.446584701538086,43.6189079284668,43.39444351196289,15.726211547851562,20.613954544067383,435.98081951864964
2026-05-15,44.71773910522461,81.22090148925781,39.31036376953125,17.29989242553711,43.030269622802734,42.44636154174805,15.646432876586914,20.55437660217285,436.2136332762726
2026-05-18,45.67169189453125,79.59648132324219,39.231143951416016,17.270553588867188,42.242095947265625,42.43648910522461,15.76609992980957,20.27634620666504,436.4465713564422
2026-05-19,45.327484130859375,78.80858612060547,38.39938735961914,17.006507873535156,41.72330093383789,41.567413330078125,15.76609992980957,20.087682723999023,436.67963382554655
2026-05-20,43.86213302612305,79.7618408203125,39.2806510925293,17.466142654418945,42.481544494628906,43.91786575317383,16.17496109008789,20.55437660217285,436.91282075000936
2026-05-21,44.20634460449219,80.37464141845703,39.72623825073242,17.505260467529297,42.37179946899414,43.493202209472656,16.354461669921875,20.673532485961914,437.1461321962899
2026-05-22,43.744117736816406,80.83181762695312,39.04301452636719,17.2314395904541,42.631195068359375,42.811767578125,16.055294036865234,20.792688369750977,437.37956823088274
2026-05-25,42.68198776245117,81.30844116210938,39.924278259277344,17.671510696411133,43.20985412597656,44.342525482177734,16.354461669921875,21.497692108154297,437.61312892031805
2026-05-26,42.72132110595703,80.8026351928711,39.666831970214844,17.446584701538086,43.33955383300781,43.15742492675781,16.543933868408203,20.96149253845215,437.84681433116145
2026-05-27,42.11157989501953,81.17225646972656,39.924278259277344,17.603055953979492,43.34953308105469,42.28834915161133,16.563879013061523,20.92177391052246,438.08062453001435
2026-05-28,41.80670928955078,81.66834259033203,39.60741424560547,17.505260467529297,43.6189079284668,42.28834915161133,16.244768142700195,20.465009689331055,438.3145595835134
2026-05-29,41.30514907836914,80.55945587158203,39.64702606201172,17.309673309326172,43.99802780151367,41.49828338623047,16.274682998657227,20.157190322875977,438.548619558331
2026-06-01,41.66902542114258,79.47002410888672,38.99140548706055,17.11408233642578,42.900569915771484,40.826725006103516,16.38437843322754,19.938737869262695,438.78280452117514
2026-06-02,41.56999969482422,82.6799545288086,39.18953323364258,17.37738037109375,41.90288162231445,41.31064224243164,16.40432357788086,19.889999389648438,439.0171145387895
2026-06-03,41.25,79.55757141113281,38.357398986816406,17.00535774230957,41.68339157104492,39.937896728515625,16.02537727355957,19.530000686645508,439.2515496779533
2026-06-05,40.88999938964844,76.55191040039062,38.466365814208984,17.103256225585938,42.361820220947266,40.07616424560547,16.12510108947754,19.170000076293945,439.4861100054813
2026-06-08,41.220001220703125,75.9391098022461,38.159271240234375,16.838926315307617,43.898258209228516,39.67124938964844,16.035350799560547,19.100000381469727,439.72079558822423
2026-06-09,41.16999816894531,76.35736846923828,38.852718353271484,17.064096450805664,43.22980880737305,40.34280776977539,16.164987564086914,19.110000610351562,439.95560649306833
2026-06-10,41.650001525878906,75.5792007446289,38.99140548706055,16.89766502380371,42.2919807434082,38.6342887878418,16.23479461669922,19.0,440.1905427869357
2026-06-11,41.7599983215332,76.64918518066406,40.1207275390625,17.308847427368164,42.252071380615234,40.29343032836914,16.593793869018555,19.40999984741211,440.42560453678396
2026-06-12,41.18000030517578,77.00907897949219,40.21978759765625,17.426326751708984,42.511474609375,40.194671630859375,16.563879013061523,19.459999084472656,440.6607918096066
2026-06-15,39.060001373291016,78.94477081298828,40.02166748046875,17.27947998046875,42.68107986450195,40.145294189453125,16.523988723754883,19.389999389648438,440.896104672433
2026-06-16,38.540000915527344,79.21712493896484,40.071197509765625,17.289268493652344,42.73096466064453,40.45144271850586,16.394350051879883,19.399999618530273,441.13154319232814
2026-06-17,38.56999969482422,77.60243225097656,40.41791915893555,17.181577682495117,43.6987190246582,40.036659240722656,16.145044326782227,19.40999984741211,441.3671074363928
2026-06-18,38.849998474121094,77.75807189941406,40.11082458496094,17.103256225585938,45.70407485961914,39.59224319458008,16.17496109008789,19.530000686645508,441.5989619916003
2026-06-19,38.79999923706055,78.54595947265625,39.852813720703125,17.103256225585938,45.05557632446289,39.62187194824219,16.00543212890625,19.420000076293945,441.83093834232403
2026-06-22,39.16999816894531,78.70159149169922,40.9223518371582,17.308847427368164,45.25,40.31317901611328,16.12510108947754,19.579999923706055,442.06303655254465
2026-06-23,39.33000183105469,77.21334838867188,41.03230285644531,17.465492248535156,45.709999084472656,41.261260986328125,16.3700008392334,19.860000610351562,442.29525668627605
2026-06-24,38.290000915527344,75.60839080810547,40.95233917236328,17.27947998046875,46.61000061035156,41.24150848388672,16.3799991607666,19.729999542236328,442.52759880756594
2026-06-25,38.45000076293945,76.51300811767578,41.68202590942383,17.25010871887207,46.5,41.82418441772461,16.389999389648438,20.049999237060547,442.76006298049555
2026-06-26,38.060001373291016,76.01692199707031,42.22179412841797,17.543811798095703,46.900001525878906,42.56487274169922,16.729999542236328,20.34000015258789,442.9926492691799
2026-06-29,38.13999938964844,75.99746704101562,42.391719818115234,17.788562774658203,46.790000915527344,42.25,16.59000015258789,20.260000228881836,443.22535773776747
2026-06-30,37.79999923706055,75.75428771972656,42.16181945800781,17.72003173828125,46.90999984741211,41.540000915527344,16.290000915527344,19.90999984741211,443.45818845044073
